Timestamp_1 [h],BATT_008_CC1 [V],Timestamp_2 [h],BATT_008_CC2 [V],Timestamp_3 [h],BATT_008_CC3 [V]
0,2.84,0,3.084,0,2.942
0.000206341111111111,2.84,0.000276303611111111,3.084,0.000234904166666667,2.942
0.000483685,2.85,0.000554040833333333,3.084,0.000512919166666667,2.942
0.000761843333333333,2.952,0.000832027777777778,3.084,0.000790511388888889,3.044
0.00103948833333333,2.962,0.00110994361111111,3.084,0.00106857055555556,3.064
0.00131782888888889,2.972,0.00138741694444444,3.084,0.00134685416666667,3.074
0.00159566055555556,2.983,0.00166561305555556,3.084,0.00162484777777778,3.084
0.00187374111111111,2.993,0.00194373555555556,3.084,0.00190279055555556,3.084
0.00215134194444444,3.003,0.00222137416666667,3.084,0.00218082388888889,3.095
0.00242929583333333,3.003,0.00249880527777778,3.084,0.00245849555555556,3.095
0.00270708416666667,3.013,0.00277690611111111,3.084,0.00273630583333333,3.105
0.00298470638888889,3.013,0.00305511611111111,3.095,0.00301455027777778,3.105
0.00326279944444444,3.023,0.00333276972222222,3.084,0.00329211166666667,3.105
0.00354052333333333,3.023,0.00361086194444444,3.084,0.00357020138888889,3.115
0.00381806944444444,3.033,0.0038887025,3.084,0.00384798027777778,3.115
0.00409617916666667,3.033,0.00416628833333333,3.084,0.00412573777777778,3.125
0.00437392972222222,3.044,0.00444382083333333,3.084,0.00440325472222222,3.125
0.00465198,3.044,0.00472232333333333,3.084,0.00468103083333333,3.125
0.0049298375,3.054,0.00500003777777778,3.084,0.00495922388888889,3.125
0.00520774083333333,3.054,0.00527783555555556,3.084,0.00523723611111111,3.135
0.00548528583333333,3.054,0.00555575222222222,3.095,0.00551509555555556,3.135
0.00576348388888889,3.054,0.00583343611111111,3.095,0.00579291916666667,3.135
0.00604119611111111,3.064,0.006111575,3.084,0.00607042638888889,3.146
0.006319405,3.064,0.00638965972222222,3.084,0.00634869638888889,3.146
0.006597465,3.074,0.00666748277777778,3.084,0.00662626277777778,3.146
0.00687547944444445,3.074,0.00694528583333333,3.084,0.00690429027777778,3.156
0.00715355444444444,3.074,0.00722297055555556,3.084,0.007182095,3.156
0.00743180583333333,3.084,0.007501165,3.084,0.00745985694444444,3.156
0.00770946388888889,3.084,0.0077792775,3.084,0.00773777472222222,3.156
0.00798780805555556,3.084,0.0080568975,3.084,0.0080155725,3.156
0.00826573388888889,3.084,0.00833495277777778,3.084,0.0082932475,3.156
0.00854360611111111,3.095,0.00861285722222222,3.095,0.00857098916666667,3.166
0.0088213675,3.095,0.00889091611111111,3.084,0.0088485125,3.166
0.00909918027777778,3.095,0.00916925861111111,3.084,0.00912677222222222,3.166
0.00937707444444445,3.095,0.00944761277777778,3.084,0.00940452138888889,3.166
0.00965451222222222,3.105,0.00972524972222222,3.084,0.009682435,3.176
0.00993290861111111,3.105,0.0100030577777778,3.084,0.00996024361111111,3.176
0.0102104694444444,3.105,0.0102808113888889,3.095,0.0102383044444444,3.176
0.0104882125,3.115,0.0105586030555556,3.084,0.0105159683333333,3.176
0.0107663497222222,3.115,0.0108364808333333,3.095,0.0107940758333333,3.186
0.0110441091666667,3.115,0.0111140605555556,3.084,0.0110719719444444,3.176
0.0113221755555556,3.115,0.0113923633333333,3.084,0.0113500719444444,3.186
0.0115998041666667,3.125,0.0116700488888889,3.176,0.0116278063888889,3.186
0.0118775619444444,3.125,0.0119478125,3.197,0.01190541,3.186
0.0121556655555556,3.125,0.0122253680555556,3.207,0.0121837336111111,3.186
0.0124337291666667,3.125,0.0125029697222222,3.207,0.0124614844444444,3.197
0.0127117480555556,3.135,0.0127808436111111,3.217,0.0127393358333333,3.197
0.0129891744444444,3.135,0.0130591133333333,3.217,0.0130168941666667,3.197
0.0132674055555556,3.135,0.0133370586111111,3.217,0.0132953241666667,3.197
0.0135451583333333,3.135,0.0136148308333333,3.217,0.0135731911111111,3.197
0.0138232902777778,3.135,0.0138924122222222,3.227,0.0138507191666667,3.207
0.0141008813888889,3.146,0.0141705375,3.227,0.0141288547222222,3.207
0.0143790263888889,3.146,0.0144482597222222,3.227,0.0144067775,3.207
0.0146567405555556,3.156,0.0147259275,3.237,0.0146844958333333,3.207
0.0149349427777778,3.156,0.0150039147222222,3.237,0.0149622930555556,3.217
0.0152124780555556,3.156,0.0152816005555556,3.237,0.0152402438888889,3.217
0.0154910183333333,3.156,0.0155593669444444,3.237,0.0155176694444444,3.217
0.0157687244444444,3.156,0.0158375819444444,3.247,0.0157958238888889,3.217
0.0160467416666667,3.156,0.0161152863888889,3.247,0.0160735583333333,3.217
0.0163243061111111,3.156,0.0163930030555556,3.247,0.0163513316666667,3.217
0.0166021297222222,3.166,0.0166711338888889,3.247,0.0166293288888889,3.217
0.0168804725,3.166,0.0169490933333333,3.247,0.0169071375,3.217
0.0171579152777778,3.166,0.0172267816666667,3.258,0.0171845866666667,3.217
0.0174361158333333,3.166,0.0175046672222222,3.258,0.01746307,3.227
0.0177137891666667,3.166,0.0177826036111111,3.258,0.0177407427777778,3.227
0.0179915361111111,3.176,0.0180605666666667,3.258,0.0180184491666667,3.227
0.0182694983333333,3.176,0.0183384247222222,3.258,0.0182960838888889,3.227
0.0185474458333333,3.176,0.0186164938888889,3.258,0.0185740286111111,3.227
0.0188253633333333,3.176,0.0188938580555556,3.258,0.0188517936111111,3.237
0.0191036233333333,3.176,0.0191722880555556,3.268,0.0191296461111111,3.237
0.0193814072222222,3.186,0.01945018,3.268,0.0194078780555556,3.237
0.0196591919444444,3.186,0.0197277088888889,3.268,0.0196858327777778,3.237
0.01993727,3.186,0.0200061791666667,3.268,0.0199639452777778,3.237
0.0202154883333333,3.186,0.0202840688888889,3.268,0.02024178,3.247
0.0204934555555556,3.186,0.0205620341666667,3.278,0.0205196744444444,3.237
0.0207712522222222,3.186,0.0208396533333333,3.268,0.0207977961111111,3.247
0.0210491722222222,3.197,0.0211178894444444,3.278,0.0210754280555556,3.247
0.0213269780555556,3.197,0.0213955163888889,3.278,0.021353435,3.247
0.0216048522222222,3.197,0.0216733466666667,3.278,0.0216310211111111,3.247
0.0218826130555556,3.197,0.0219508136111111,3.288,0.0219089552777778,3.247
0.0221606291666667,3.197,0.0222286283333333,3.278,0.0221868569444444,3.247
0.0224382111111111,3.207,0.0225067811111111,3.288,0.0224651066666667,3.247
0.0227161263888889,3.207,0.0227843777777778,3.288,0.0227427941666667,3.258
0.0229940294444444,3.207,0.02306234,3.288,0.0230205391666667,3.258
0.0232717708333333,3.207,0.0233402444444444,3.288,0.02329839,3.258
0.0235494330555556,3.207,0.0236181683333333,3.288,0.0235757494444444,3.258
0.0238271794444444,3.217,0.0238958622222222,3.288,0.0238538702777778,3.258
0.024105025,3.217,0.0241739280555556,3.288,0.0241313458333333,3.258
0.0243831361111111,3.217,0.0244516516666667,3.288,0.0244091894444444,3.258
0.0246608447222222,3.217,0.0247297872222222,3.288,0.0246875772222222,3.268
0.0249385669444444,3.217,0.0250074597222222,3.288,0.0249651555555556,3.268
0.0252168652777778,3.217,0.0252852775,3.288,0.0252431716666667,3.258
0.0254946744444444,3.217,0.0255629430555556,3.298,0.0255207333333333,3.268
0.0257721166666667,3.217,0.0258410130555556,3.288,0.0257991244444444,3.268
0.0260505780555556,3.217,0.0261189333333333,3.298,0.0260768975,3.268
0.0263284691666667,3.227,0.0263966491666667,3.298,0.0263549244444444,3.268
0.0266065094444444,3.227,0.0266743258333333,3.298,0.0266327805555556,3.268
0.0268843094444444,3.227,0.0269518636111111,3.298,0.0269106141666667,3.268
0.0271620116666667,3.227,0.0272298961111111,3.298,0.0271884505555556,3.268
0.0274397316666667,3.237,0.0275075083333333,3.298,0.0274663441666667,3.278
0.0277173652777778,3.237,0.0277854141666667,3.298,0.0277445072222222,3.278
0.0279958044444444,3.237,0.0280632188888889,3.298,0.0280222258333333,3.268
0.0282740416666667,3.237,0.0283412894444444,3.298,0.0282999538888889,3.278
0.0285515641666667,3.237,0.0286192625,3.298,0.0285773933333333,3.278
0.0288294647222222,3.237,0.0288968922222222,3.298,0.0288553444444444,3.278
0.0291074405555556,3.237,0.02917523,3.298,0.0291332569444444,3.278
0.0293851538888889,3.247,0.0294528802777778,3.298,0.0294114475,3.288
0.0296632958333333,3.237,0.0297305852777778,3.298,0.0296891236111111,3.288
0.0299411597222222,3.247,0.0300084144444444,3.298,0.0299668761111111,3.288
0.0302190891666667,3.247,0.0302863527777778,3.309,0.0302446569444444,3.288
0.0304971808333333,3.247,0.0305643933333333,3.309,0.0305227563888889,3.288
0.0307749677777778,3.247,0.0308425197222222,3.309,0.0308009094444444,3.288
0.0310530977777778,3.247,0.0311202033333333,3.309,0.0310785388888889,3.288
0.0313312755555556,3.247,0.0313981858333333,3.309,0.0313565333333333,3.288
0.0316086252777778,3.258,0.0316762633333333,3.309,0.0316344216666667,3.288
0.0318867641666667,3.258,0.0319541211111111,3.309,0.0319123019444444,3.288
0.0321645127777778,3.258,0.0322319758333333,3.309,0.032190175,3.288
0.0324424183333333,3.258,0.0325097869444444,3.319,0.0324682405555556,3.298
0.03272023,3.258,0.0327874536111111,3.309,0.0327456822222222,3.288
0.0329982225,3.258,0.0330651555555556,3.309,0.0330238436111111,3.298
0.0332757586111111,3.258,0.0333428386111111,3.319,0.0333017591666667,3.298
0.0335537966666667,3.258,0.0336209172222222,3.319,0.0335792552777778,3.298
0.0338318586111111,3.258,0.0338989761111111,3.319,0.0338571805555556,3.298
0.0341094172222222,3.258,0.0341765980555556,3.319,0.0341349358333333,3.298
0.0343877108333333,3.268,0.0344543227777778,3.319,0.0344125097222222,3.298
0.0346651936111111,3.258,0.0347324991666667,3.319,0.0346905983333333,3.298
0.0349433188888889,3.268,0.0350103772222222,3.319,0.0349679727777778,3.298
0.0352212222222222,3.268,0.0352879602777778,3.319,0.0352458636111111,3.298
0.0354993294444444,3.268,0.0355658266666667,3.319,0.0355238411111111,3.298
0.0357769955555556,3.268,0.0358436919444445,3.319,0.0358019002777778,3.298
0.0360548483333333,3.268,0.0361216833333333,3.319,0.0360799255555556,3.298
0.0363326647222222,3.268,0.0363991130555556,3.319,0.0363579019444445,3.298
0.0366106747222222,3.268,0.0366772886111111,3.319,0.0366355355555555,3.309
0.0368883322222222,3.268,0.0369546822222222,3.319,0.0369139255555556,3.298
0.0371663347222222,3.278,0.0372327591666667,3.319,0.0371916747222222,3.309
0.0374441311111111,3.278,0.0375102138888889,3.329,0.0374695158333333,3.309
0.0377221838888889,3.278,0.0377883141666667,3.329,0.0377478591666667,3.309
0.0380004825,3.278,0.0380658091666667,3.319,0.0380254286111111,3.309
0.0382782172222222,3.278,0.0383436716666667,3.329,0.0383033097222222,3.309
0.0385558330555556,3.278,0.0386217866666667,3.329,0.0385808111111111,3.309
0.0388337230555556,3.278,0.0388994,3.329,0.0388592888888889,3.309
0.0391115047222222,3.278,0.0391773208333333,3.329,0.0391372347222222,3.309
0.0393889444444444,3.278,0.0394550180555556,3.329,0.0394149175,3.309
0.0396671391666667,3.288,0.0397331827777778,3.329,0.0396927475,3.309
0.0399447669444444,3.288,0.0400106136111111,3.329,0.0399703152777778,3.309
0.0402224633333333,3.288,0.0402886244444444,3.329,0.0402484669444444,3.319
0.0405004125,3.288,0.0405667288888889,3.329,0.0405263302777778,3.309
0.0407782241666667,3.288,0.0408445786111111,3.329,0.0408042272222222,3.319
0.0410560688888889,3.288,0.0411223005555556,3.329,0.0410820897222222,3.319
0.0413339269444444,3.288,0.0414001961111111,3.329,0.0413599602777778,3.319
0.041611845,3.288,0.0416784719444444,3.329,0.0416377577777778,3.319
0.0418896391666667,3.288,0.0419562813888889,3.329,0.0419157002777778,3.319
0.0421674211111111,3.288,0.0422341105555556,3.329,0.0421936641666667,3.319
0.0424452141666667,3.288,0.0425123736111111,3.329,0.04247154,3.319
0.0427230372222222,3.288,0.0427899963888889,3.329,0.0427494627777778,3.319
0.0430008783333333,3.288,0.0430680105555556,3.329,0.0430271186111111,3.319
0.0432788352777778,3.288,0.0433457983333333,3.329,0.0433050186111111,3.319
0.0435565811111111,3.288,0.0436235008333333,3.329,0.0435828216666667,3.319
0.0438349202777778,3.298,0.0439014544444444,3.339,0.043860305,3.319
0.0441127013888889,3.298,0.0441791316666667,3.329,0.0441383477777778,3.319
0.044390595,3.298,0.044457055,3.339,0.0444164538888889,3.329
0.0446684788888889,3.298,0.0447351319444444,3.339,0.0446938952777778,3.319
0.0449466330555556,3.298,0.0450126816666667,3.339,0.0449719061111111,3.319
0.0452245536111111,3.298,0.0452907547222222,3.339,0.0452497869444444,3.329
0.0455023405555556,3.298,0.0455690777777778,3.339,0.0455274752777778,3.319
0.0457798658333333,3.298,0.0458470261111111,3.339,0.0458052702777778,3.329
0.0460577483333333,3.298,0.0461243594444444,3.339,0.0460830186111111,3.329
0.0463353047222222,3.298,0.0464026130555556,3.339,0.0463606636111111,3.329
0.0466130677777778,3.298,0.0466805475,3.339,0.0466386369444444,3.329
0.0468912894444444,3.298,0.0469582933333333,3.339,0.0469163563888889,3.329
0.0471690830555556,3.298,0.0472360794444444,3.339,0.0471944375,3.329
0.0474470227777778,3.298,0.0475140872222222,3.339,0.0474723455555556,3.329
0.0477245908333333,3.298,0.0477922780555556,3.339,0.0477502683333333,3.329
0.0480027938888889,3.309,0.0480698286111111,3.339,0.0480281866666667,3.329
0.0482806188888889,3.309,0.0483480680555556,3.339,0.0483059713888889,3.329
0.0485589238888889,3.309,0.0486257961111111,3.339,0.0485840925,3.329
0.0488365052777778,3.298,0.0489037136111111,3.339,0.04886218,3.329
0.0491141391666667,3.309,0.0491813572222222,3.339,0.0491398841666667,3.329
0.0493923788888889,3.309,0.0494588055555556,3.339,0.0494181291666667,3.329
0.0496704738888889,3.309,0.0497371311111111,3.339,0.0496959547222222,3.329
0.0499482930555556,3.309,0.0500146002777778,3.339,0.049973825,3.329
0.0502261447222222,3.309,0.0502931105555556,3.339,0.0502515455555556,3.329
0.0505040111111111,3.309,0.0505712008333333,3.339,0.0505296963888889,3.329
0.0507818097222222,3.309,0.0508485208333333,3.339,0.0508071191666667,3.329
0.0510599433333333,3.309,0.0511265894444444,3.339,0.0510854655555556,3.339
0.0513379672222222,3.319,0.0514046811111111,3.339,0.0513631861111111,3.339
0.0516156830555556,3.309,0.0516821638888889,3.339,0.0516411941666667,3.339
0.0518935458333333,3.319,0.0519601847222222,3.339,0.0519192525,3.329
0.0521712938888889,3.319,0.0522380972222222,3.339,0.0521972147222222,3.339
0.0524491127777778,3.319,0.0525159605555556,3.339,0.0524748280555556,3.339
0.0527269902777778,3.319,0.0527937122222222,3.339,0.0527525344444444,3.339
0.0530051113888889,3.319,0.0530715458333333,3.339,0.0530305625,3.339
0.0532831363888889,3.319,0.0533491175,3.339,0.0533083847222222,3.339
0.0535607619444444,3.319,0.0536273111111111,3.339,0.0535861516666667,3.339
0.0538387230555556,3.319,0.0539048916666667,3.339,0.0538636497222222,3.339
0.0541167908333333,3.319,0.0541832683333333,3.339,0.0541418283333333,3.339
0.0543943919444444,3.319,0.0544607247222222,3.339,0.0544197172222222,3.339
0.0546724658333333,3.319,0.0547390027777778,3.339,0.0546973680555556,3.339
0.0549501830555556,3.319,0.0550168883333333,3.339,0.0549752680555556,3.339
0.0552280197222222,3.319,0.0552946775,3.339,0.0552530072222222,3.339
0.0555064472222222,3.319,0.0555726163888889,3.339,0.0555309319444444,3.339
0.0557841680555556,3.319,0.0558499683333333,3.339,0.0558082066666667,3.339
0.0560620269444444,3.319,0.0561282575,3.339,0.0560866983333333,3.339
0.0563396711111111,3.319,0.0564059636111111,3.339,0.056364345,3.339
0.0566176786111111,3.319,0.0566839205555556,3.339,0.056642165,3.339
0.0568955891666667,3.329,0.0569618461111111,3.339,0.0569200536111111,3.339
0.0571737383333333,3.329,0.0572395236111111,3.339,0.0571973486111111,3.339
0.0574517844444444,3.329,0.0575175477777778,3.339,0.0574755216666667,3.339
0.0577296436111111,3.329,0.0577956383333333,3.339,0.0577532916666667,3.339
0.058007335,3.319,0.0580733727777778,3.339,0.0580311594444444,3.339
0.0582853591666667,3.329,0.0583513166666667,3.339,0.0583087736111111,3.339
0.0585632880555556,3.329,0.0586298402777778,3.339,0.0585866080555556,3.339
0.0588410908333333,3.329,0.0589073983333333,3.339,0.0588642316666667,3.339
0.0591190336111111,3.329,0.0591850780555556,3.339,0.0591418716666667,3.339
0.0593967305555556,3.329,0.0594627813888889,3.339,0.0594199508333333,3.339
0.0596749166666667,3.329,0.0597405169444444,3.339,0.05969758,3.339
0.0599527833333333,3.329,0.0600186425,3.339,0.0599752680555556,3.339
0.0602305202777778,3.329,0.0602966266666667,3.339,0.0602532491666667,3.339
0.0605080566666667,3.329,0.0605745841666667,3.339,0.0605312566666667,3.339
0.0607860455555556,3.329,0.0608523447222222,3.339,0.0608090069444444,3.339
0.0610638727777778,3.329,0.0611305838888889,3.339,0.0610870036111111,3.339
0.0613421636111111,3.329,0.0614084836111111,3.339,0.0613651747222222,3.339
0.0616201730555556,3.329,0.0616860958333333,3.339,0.0616431394444444,3.339
0.0618974819444445,3.329,0.0619643169444444,3.339,0.0619204422222222,3.339
0.0621756930555556,3.329,0.0622416291666667,3.339,0.06219852,3.339
0.0624533602777778,3.329,0.0625194877777778,3.339,0.0624764361111111,3.339
0.0627312941666667,3.329,0.0627978666666667,3.339,0.0627542772222222,3.339
0.0630091102777778,3.329,0.0630758111111111,3.339,0.0630321183333333,3.339
0.0632869602777778,3.329,0.0633539094444444,3.339,0.0633101963888889,3.339
0.0635648694444444,3.329,0.0636318741666667,3.339,0.0635878569444444,3.339
0.0638423552777778,3.329,0.0639099675,3.339,0.0638657369444444,3.349
0.0641203713888889,3.329,0.0641878597222222,3.339,0.0641440025,3.339
0.0643982919444444,3.329,0.0644651780555556,3.339,0.0644215125,3.339
0.0646762427777778,3.339,0.0647434416666667,3.349,0.0646993363888889,3.349
0.0649540588888889,3.339,0.0650211716666667,3.339,0.0649770927777778,3.339
0.0652316152777778,3.329,0.0652988827777778,3.339,0.0652551061111111,3.339
0.0655092844444444,3.339,0.0655771652777778,3.339,0.0655330077777778,3.349
0.0657870458333333,3.339,0.0658548819444444,3.339,0.0658107027777778,3.349
0.0660650583333333,3.329,0.0661327533333333,3.339,0.0660887869444444,3.349
0.0663428738888889,3.339,0.0664104708333333,3.339,0.0663667372222222,3.339
0.0666207827777778,3.329,0.0666883122222222,3.339,0.0666443419444444,3.349
0.0668985875,3.339,0.0669661458333333,3.339,0.0669220916666667,3.349
0.0671768566666667,3.339,0.0672437691666667,3.339,0.0671997516666667,3.349
0.0674542377777778,3.339,0.0675215791666667,3.339,0.06747754,3.339
0.0677322652777778,3.339,0.0677992369444445,3.339,0.0677555152777778,3.339
0.0680104302777778,3.339,0.0680774147222222,3.339,0.0680330138888889,3.349
0.06828813,3.339,0.0683552830555555,3.349,0.0683111972222222,3.349
0.0685660375,3.339,0.0686329572222222,3.339,0.0685892127777778,3.339
0.0688440966666667,3.339,0.0689107941666667,3.349,0.0688667352777778,3.339
0.0691220475,3.329,0.0691885147222222,3.349,0.0691445083333333,3.339
0.0693996686111111,3.339,0.0694664288888889,3.339,0.069422705,3.339
0.0696774861111111,3.339,0.0697438575,3.339,0.0697006772222222,3.349
0.0699554513888889,3.339,0.070022015,3.349,0.069978795,3.349
0.0702330844444444,3.339,0.0702998344444444,3.349,0.0702562811111111,3.349
0.0705113544444445,3.339,0.0705771755555556,3.339,0.0705345175,3.349
0.0707893288888889,3.339,0.0708553394444444,3.349,0.0708126008333333,3.349
0.0710669936111111,3.339,0.0711329972222222,3.349,0.0710898569444444,3.349
0.0713449455555556,3.339,0.0714108461111111,3.339,0.0713682325,3.349
0.0716229722222222,3.339,0.0716882680555556,3.349,0.0716462525,3.349
0.0719007105555556,3.339,0.0719662886111111,3.349,0.0719243680555556,3.339
0.0721783594444444,3.339,0.0722442202777778,3.349,0.0722022769444444,3.349
0.0724561916666667,3.339,0.0725220708333333,3.339,0.0724799969444445,3.349
0.0727339238888889,3.339,0.0727995197222222,3.349,0.0727579705555556,3.349
0.0730116347222222,3.339,0.0730776230555556,3.349,0.0730361044444444,3.349
0.0732897733333333,3.339,0.0733552391666667,3.339,0.0733135963888889,3.349
0.0735675636111111,3.339,0.0736329863888889,3.349,0.0735913969444444,3.349
0.0738453436111111,3.339,0.0739109247222222,3.339,0.0738691280555556,3.349
0.0741233544444444,3.339,0.0741886202777778,3.339,0.0741467952777778,3.349
0.0744012191666667,3.339,0.0744665452777778,3.339,0.0744251408333333,3.349
0.0746787047222222,3.339,0.0747444986111111,3.349,0.0747031788888889,3.349
0.0749566916666667,3.339,0.0750226222222222,3.349,0.0749809525,3.349
0.0752346113888889,3.339,0.0752999488888889,3.349,0.0752590013888889,3.349
0.075512525,3.339,0.0755783444444444,3.349,0.0755368494444444,3.349
0.075790355,3.339,0.0758558125,3.349,0.0758143369444444,3.349
0.07606779,3.339,0.0761342736111111,3.349,0.0760923027777778,3.349
0.0763460788888889,3.339,0.0764118752777778,3.349,0.0763706558333333,3.349
0.0766241161111111,3.339,0.0766899047222222,3.349,0.0766484713888889,3.349
0.0769022313888889,3.339,0.0769675608333333,3.349,0.0769264088888889,3.349
0.0771798322222222,3.339,0.0772454633333333,3.349,0.0772040013888889,3.349
0.0774577433333333,3.339,0.0775236611111111,3.349,0.0774819827777778,3.349
0.0777353566666667,3.339,0.0778016091666667,3.349,0.0777596911111111,3.349
0.0780134058333333,3.339,0.0780793794444444,3.339,0.0780376583333333,3.349
0.0782909975,3.339,0.0783571002777778,3.349,0.0783156197222222,3.349
0.0785688580555556,3.339,0.0786348569444444,3.339,0.0785937247222222,3.349
0.0788464286111111,3.339,0.0789128291666667,3.339,0.0788717127777778,3.349
0.0791244169444444,3.339,0.0791904608333333,3.349,0.0791499491666667,3.349
0.0794027361111111,3.339,0.0794686116666667,3.349,0.0794278694444445,3.349
0.079680275,3.339,0.0797462902777778,3.349,0.0797054283333333,3.349
0.0799581727777778,3.339,0.0800243736111111,3.349,0.0799834991666667,3.349
0.0802359019444444,3.339,0.0803025208333333,3.349,0.0802616836111111,3.349
0.0805136205555556,3.339,0.0805801261111111,3.349,0.0805397536111111,3.349
0.0807915452777778,3.339,0.0808579094444444,3.349,0.0808175938888889,3.349
0.0810688955555556,3.339,0.0811356269444444,3.339,0.0810955361111111,3.349
0.0813469408333333,3.339,0.0814135605555556,3.349,0.0813733436111111,3.349
0.0816251025,3.339,0.0816914286111111,3.349,0.0816510894444444,3.349
0.0819024927777778,3.339,0.0819690283333333,3.349,0.0819289313888889,3.349
0.0821808997222222,3.339,0.0822469327777778,3.349,0.08220653,3.349
0.0824590775,3.339,0.0825246613888889,3.349,0.0824846375,3.349
0.0827364894444444,3.339,0.0828025288888889,3.349,0.0827621161111111,3.349
0.0830145913888889,3.339,0.0830805902777778,3.349,0.0830403327777778,3.349
0.0832926230555556,3.339,0.0833583711111111,3.349,0.0833180416666667,3.349
0.0835707758333333,3.339,0.0836358622222222,3.349,0.0835956908333333,3.349
0.0838487875,3.339,0.0839139680555556,3.349,0.0838733513888889,3.349
0.0841261636111111,3.339,0.0841920080555556,3.349,0.0841512833333333,3.349
0.0844039019444444,3.339,0.0844697466666667,3.349,0.0844291888888889,3.349
0.0846817052777778,3.339,0.0847477925,3.349,0.0847072394444444,3.349
0.0849599105555556,3.339,0.0850253347222222,3.349,0.0849848,3.349
0.0852374730555556,3.339,0.0853032463888889,3.349,0.0852629241666667,3.349
0.0855155888888889,3.339,0.0855810641666667,3.349,0.0855408680555556,3.349
0.0857934297222222,3.339,0.0858588955555556,3.349,0.0858189941666667,3.349
0.0860710708333333,3.339,0.0861369047222222,3.349,0.0860971658333333,3.349
0.0863486805555556,3.339,0.0864147180555556,3.349,0.0863751005555556,3.349
0.0866267927777778,3.339,0.0866926219444444,3.349,0.0866529419444444,3.349
0.086904755,3.339,0.0869703627777778,3.349,0.0869308505555555,3.349
0.0871827011111111,3.339,0.0872481008333333,3.349,0.0872084261111111,3.349
0.0874608652777778,3.339,0.0875257508333333,3.349,0.0874865344444444,3.349
0.0877387266666667,3.339,0.0878038013888889,3.349,0.0877644908333333,3.349
0.0880165247222222,3.339,0.0880816155555556,3.349,0.0880425775,3.349
0.0882944455555556,3.339,0.0883596338888889,3.349,0.0883204913888889,3.349
0.0885723913888889,3.339,0.0886375441666667,3.349,0.0885984388888889,3.349
0.0888499616666667,3.339,0.0889152386111111,3.349,0.0888765486111111,3.349
0.0891274894444444,3.339,0.0891931694444444,3.349,0.0891547477777778,3.349
0.0894053322222222,3.339,0.089470755,3.349,0.0894328005555556,3.349
0.0896833286111111,3.339,0.0897482172222222,3.349,0.0897106091666667,3.349
0.0899613688888889,3.339,0.0900262397222222,3.349,0.0899883972222222,3.349
0.0902393225,3.339,0.0903042619444444,3.349,0.0902664122222222,3.349
0.0905170325,3.339,0.0905816561111111,3.349,0.0905439594444444,3.349
0.0907949438888889,3.339,0.0908596586111111,3.349,0.0908222255555556,3.349
0.0910727738888889,3.339,0.0911375005555556,3.349,0.0911003725,3.36
0.09135099,3.339,0.0914159333333333,3.349,0.0913776994444444,3.349
0.0916291638888889,3.339,0.0916935625,3.349,0.0916561075,3.349
0.0919070077777778,3.339,0.0919713141666667,3.349,0.0919339636111111,3.349
0.0921847905555556,3.339,0.0922493722222222,3.349,0.09221159,3.349
0.0924628227777778,3.339,0.0925269555555556,3.349,0.09248902,3.349
0.09274097,3.339,0.0928046608333333,3.349,0.0927671680555556,3.349
0.0930187163888889,3.339,0.0930826877777778,3.349,0.0930447336111111,3.349
0.0932960997222222,3.349,0.0933605152777778,3.349,0.0933227277777778,3.349
0.0935741541666667,3.339,0.0936382536111111,3.349,0.0936004105555556,3.349
0.0938518086111111,3.339,0.093916465,3.349,0.0938783594444444,3.349
0.0941295697222222,3.339,0.0941937675,3.349,0.094156435,3.349
0.0944079158333333,3.339,0.0944717669444445,3.349,0.0944342486111111,3.349
0.0946857772222222,3.339,0.094749685,3.349,0.094711805,3.349
0.0949635130555556,3.339,0.0950273133333333,3.349,0.0949899436111111,3.349
0.0952411569444444,3.349,0.0953053402777778,3.349,0.0952676977777778,3.349
0.0955192063888889,3.339,0.0955830822222222,3.349,0.0955455858333333,3.349
0.0957970211111111,3.339,0.0958609730555556,3.349,0.0958232983333333,3.349
0.0960749858333333,3.339,0.0961387011111111,3.349,0.0961010847222222,3.36
0.096352855,3.339,0.0964170441666667,3.349,0.0963786755555556,3.36
0.0966305461111111,3.339,0.0966946016666667,3.349,0.0966563888888889,3.349
0.0969090461111111,3.339,0.0969731,3.349,0.0969345197222222,3.349
0.0971868419444444,3.349,0.0972507325,3.349,0.0972118622222222,3.36
0.0974648230555556,3.339,0.0975283491666667,3.349,0.0974903252777778,3.349
0.0977426236111111,3.339,0.0978064558333333,3.349,0.0977677219444444,3.36
0.0980204913888889,3.339,0.0980839191666667,3.349,0.0980456822222222,3.349
0.0982983705555556,3.339,0.0983618741666667,3.349,0.0983237375,3.349
0.09857608,3.339,0.0986393375,3.349,0.0986015183333333,3.349
0.0988536525,3.339,0.0989174708333333,3.349,0.0988793038888889,3.349
0.0991318516666667,3.339,0.0991951458333333,3.349,0.0991570747222222,3.36
0.0994096566666667,3.339,0.0994729683333333,3.349,0.0994352236111111,3.349
0.0996872247222222,3.339,0.0997507766666667,3.349,0.0997131927777778,3.349
0.0999651361111111,3.339,0.100028744722222,3.349,0.0999907,3.349
0.100243006388889,3.339,0.100306559166667,3.349,0.100268800277778,3.349
0.100520557222222,3.349,0.100584411944444,3.349,0.100546440277778,3.36
0.100798544444444,3.349,0.100862639166667,3.349,0.100824549722222,3.349
0.101076755277778,3.349,0.101140691388889,3.349,0.101102346666667,3.349
0.101354856944444,3.339,0.101418304722222,3.349,0.101380236111111,3.349
0.101632771666667,3.349,0.101695829444444,3.349,0.101658133055556,3.349
0.101910930277778,3.349,0.101973956666667,3.349,0.101935597222222,3.349
0.102188689444444,3.349,0.102251880277778,3.349,0.102213500555556,3.36
0.102466395555556,3.349,0.102529645555556,3.349,0.102491403611111,3.349
0.102744929166667,3.349,0.102807889722222,3.349,0.102769019166667,3.36
0.103022971944444,3.339,0.103086049444444,3.349,0.103046933888889,3.36
0.103300600277778,3.349,0.103363596944444,3.349,0.103325080277778,3.349
0.103578378611111,3.349,0.103641718333333,3.349,0.103602705833333,3.349
0.103856198611111,3.339,0.103919792777778,3.349,0.1038807275,3.349
0.104133790833333,3.339,0.104197520555556,3.349,0.104158919722222,3.36
0.104411589444444,3.349,0.104475456111111,3.349,0.104436743888889,3.36
0.104689195833333,3.349,0.104752941388889,3.349,0.104714033055556,3.36
0.104967057222222,3.339,0.105031213888889,3.349,0.104992015833333,3.36
0.105245406944444,3.349,0.105309149166667,3.349,0.105269623611111,3.36
0.105523160833333,3.349,0.105586896666667,3.349,0.105547849166667,3.36
0.105800853333333,3.339,0.1058651125,3.349,0.105825750833333,3.36
0.106078401111111,3.349,0.106143061111111,3.349,0.106103674166667,3.36
0.106356391111111,3.349,0.106420835,3.349,0.106381718611111,3.36
0.106634143333333,3.349,0.106698571944444,3.349,0.106659073333333,3.36
0.106911835277778,3.349,0.106976273611111,3.349,0.106937306666667,3.349
0.10718983,3.349,0.107254061944444,3.349,0.107214779722222,3.36
0.10746746,3.349,0.107531867222222,3.349,0.107492399444444,3.36
0.107745303611111,3.349,0.107809603055556,3.36,0.107770411111111,3.349
0.108023136666667,3.349,0.108087746388889,3.349,0.108048112777778,3.36
0.108301189444444,3.349,0.108366195277778,3.349,0.108326069444444,3.36
0.108579039444444,3.349,0.108643643611111,3.349,0.108603896111111,3.349
0.108856771944444,3.339,0.108921578611111,3.36,0.108881643333333,3.36
0.109134845,3.349,0.109199713333333,3.36,0.109159449444444,3.349
0.109412404166667,3.349,0.109477486666667,3.349,0.109437830833333,3.36
0.109690424722222,3.349,0.109755554444444,3.349,0.109715695555556,3.36
0.1099682,3.349,0.110033244444444,3.349,0.1099934775,3.36
0.110246017222222,3.349,0.110311197777778,3.349,0.110271320555556,3.36
0.110523773055556,3.349,0.110588641666667,3.349,0.110549433888889,3.36
0.110801404722222,3.349,0.110866841944444,3.36,0.110827279166667,3.36
0.111079360555556,3.349,0.111144933333333,3.36,0.111105094722222,3.36
0.111357003888889,3.349,0.111423102222222,3.349,0.111383380555556,3.36
0.1116345425,3.349,0.111700882777778,3.349,0.111661362222222,3.36
0.111912605277778,3.339,0.111978923611111,3.36,0.111939035555556,3.36
0.112190320277778,3.349,0.112256898333333,3.349,0.112217167222222,3.36
0.112468045555556,3.349,0.112534860555556,3.36,0.112495050833333,3.36
0.11274617,3.349,0.112812577222222,3.36,0.112772850277778,3.36
0.113023786666667,3.349,0.113090626111111,3.36,0.113050713333333,3.36
0.113301675555556,3.349,0.1133686725,3.36,0.113328769722222,3.36
0.113579650555556,3.349,0.113646107222222,3.36,0.113606704166667,3.36
0.113857609166667,3.349,0.113924254444444,3.36,0.113884695277778,3.36
0.1141351425,3.349,0.114202075,3.349,0.114162815833333,3.36
0.114412953611111,3.349,0.114480076111111,3.349,0.114440593333333,3.36
0.114690815833333,3.349,0.11475768,3.349,0.1147180575,3.36
0.114968509722222,3.349,0.115035595277778,3.36,0.114996449166667,3.36
0.115246607222222,3.349,0.115313348888889,3.349,0.115274347777778,3.36
0.115524529722222,3.349,0.115591095833333,3.36,0.115552487222222,3.36
0.115802444166667,3.349,0.1158691675,3.349,0.115830372777778,3.36
0.116080688611111,3.349,0.116147285,3.349,0.1161081775,3.36
0.116358124166667,3.349,0.116424823611111,3.36,0.116386198611111,3.36
0.116636375,3.349,0.116702931666667,3.349,0.116663905,3.36
0.116913951111111,3.349,0.116980566944444,3.349,0.116942044166667,3.36
0.117191740277778,3.349,0.117257988333333,3.36,0.117220114166667,3.36
0.117469773611111,3.349,0.117536235833333,3.36,0.117498085833333,3.36
0.117747266388889,3.349,0.117813966944444,3.36,0.117775655,3.36
0.118025429444444,3.349,0.118091371666667,3.36,0.118053658055556,3.36
0.118303281944444,3.349,0.118369330833333,3.36,0.118331731944444,3.36
0.118581230555556,3.349,0.1186473625,3.36,0.118609256388889,3.36
0.118859322777778,3.349,0.118925381388889,3.36,0.118887092777778,3.36
0.119137099722222,3.349,0.119203271666667,3.36,0.119165260277778,3.36
0.119414633611111,3.349,0.119481328055556,3.36,0.119443431388889,3.36
0.1196925575,3.349,0.119759176944444,3.36,0.119721029722222,3.36
0.119970227222222,3.349,0.120037061111111,3.36,0.1199991675,3.36
0.120248073055556,3.349,0.120314921111111,3.36,0.120276880277778,3.36
0.120526221666667,3.349,0.120592786944444,3.349,0.120554595833333,3.36
0.120804158055556,3.349,0.120870743055556,3.36,0.120832671666667,3.36
0.121081767222222,3.349,0.121148722777778,3.36,0.121110948055556,3.36
0.121359912777778,3.349,0.1214267075,3.36,0.121388598888889,3.36
0.121637715555556,3.349,0.121704300277778,3.36,0.121666250277778,3.36
0.121915512222222,3.349,0.121982389444444,3.36,0.121944212777778,3.36
0.122193489444444,3.349,0.122260635277778,3.36,0.1222221875,3.36
0.122471152222222,3.349,0.122537979444444,3.36,0.122499941111111,3.36
0.12274904,3.349,0.122816191388889,3.36,0.122777611388889,3.36
0.123027185555556,3.349,0.123093784166667,3.36,0.123055501388889,3.36
0.123305112222222,3.349,0.123372008055556,3.36,0.1233331175,3.36
0.123582811944444,3.349,0.12364966,3.36,0.123611110833333,3.36
0.123860985277778,3.349,0.123927313888889,3.36,0.123888660277778,3.36
0.1241389225,3.349,0.124205118055556,3.36,0.124166468333333,3.36
0.1244170475,3.349,0.124482948055556,3.36,0.124444796944444,3.36
0.124694511666667,3.349,0.124761200555556,3.36,0.124722458611111,3.36
0.124972933611111,3.349,0.125038951388889,3.36,0.125000297222222,3.36
0.1252504625,3.349,0.125316601666667,3.36,0.125277941944444,3.36
0.125528318611111,3.349,0.125595032777778,3.36,0.125555677222222,3.36
0.125806109722222,3.349,0.125872788055556,3.36,0.125834025277778,3.36
0.126083737777778,3.349,0.126150720833333,3.36,0.126111996111111,3.36
0.126361678611111,3.349,0.12642821,3.36,0.126389755277778,3.36
0.126639823888889,3.349,0.126706465555556,3.36,0.126667891666667,3.36
0.126917319166667,3.349,0.126984533611111,3.36,0.126945743611111,3.36
0.127195503333333,3.349,0.1272622325,3.36,0.127223314166667,3.36
0.127473341944444,3.349,0.127539883333333,3.36,0.127501251666667,3.36
0.127751113888889,3.349,0.127817873611111,3.36,0.127779251111111,3.36
0.128029203055556,3.349,0.128095480555556,3.36,0.128056935,3.36
0.128306860277778,3.349,0.128373380833333,3.36,0.128334687222222,3.36
0.128584550833333,3.349,0.128651038611111,3.36,0.128612380555556,3.36
0.128862740277778,3.349,0.128928947777778,3.36,0.1288903275,3.36
0.129140439444444,3.349,0.129207086111111,3.36,0.129168225,3.36
0.129418655555556,3.349,0.129484630833333,3.36,0.129446349722222,3.36
0.129696610555556,3.349,0.129763104444444,3.36,0.129724150555556,3.37
0.129974678888889,3.349,0.130040982777778,3.36,0.130002233055556,3.36
0.130252225277778,3.349,0.130318439166667,3.36,0.130279865833333,3.36
0.13053041,3.349,0.130596305277778,3.36,0.130557718055556,3.37
0.130808563333333,3.349,0.130874250277778,3.36,0.130835473333333,3.36
0.131086154722222,3.349,0.131151895833333,3.36,0.131113039166667,3.37
0.131364299722222,3.349,0.131429777777778,3.36,0.131391156944444,3.37
0.131642444444444,3.349,0.131707735555556,3.36,0.131668977777778,3.36
0.131920026944444,3.349,0.131985658333333,3.36,0.131946271944444,3.36
0.132198182222222,3.349,0.132263470555556,3.36,0.132224455,3.36
0.132475840555556,3.349,0.132541203888889,3.36,0.132502317777778,3.36
0.132754102777778,3.349,0.132818902222222,3.37,0.132779959722222,3.36
0.133032306111111,3.36,0.133096556388889,3.36,0.13305786,3.36
0.1333103625,3.349,0.133374851944444,3.36,0.133335669166667,3.37
0.133588255,3.349,0.133652565277778,3.36,0.133613750555556,3.37
0.133865985,3.349,0.133930449166667,3.36,0.133891715277778,3.36
0.134143334444444,3.36,0.1342083625,3.36,0.134169553611111,3.36
0.134421240555556,3.349,0.134486846944444,3.36,0.134447138055556,3.36
0.134699255555556,3.349,0.134764985,3.36,0.134725337222222,3.37
0.134977119722222,3.349,0.135042923055556,3.36,0.135003123611111,3.36
0.135254776111111,3.349,0.135320966944444,3.36,0.135280740277778,3.36
0.135532321111111,3.36,0.135598404444444,3.36,0.135558661111111,3.37
0.135810206111111,3.349,0.135876544722222,3.36,0.1358365975,3.36
0.136088247222222,3.349,0.136154095833333,3.36,0.136114618055556,3.36
0.136365890555556,3.36,0.136432060833333,3.36,0.136392554444444,3.37
0.136643743055556,3.349,0.136709780555556,3.36,0.136669919444444,3.37
0.1369212425,3.349,0.136987158611111,3.36,0.136947799444444,3.37
0.137199185555556,3.36,0.137264964722222,3.36,0.137225692777778,3.36
0.137477315833333,3.36,0.137542676388889,3.36,0.137503471666667,3.37
0.137755448333333,3.349,0.137820751111111,3.37,0.137781588611111,3.37
0.138033016944444,3.349,0.138098668055556,3.36,0.138059364722222,3.37
0.138310886944444,3.349,0.138376711388889,3.36,0.138337605833333,3.37
0.138588557222222,3.349,0.138654202777778,3.36,0.138615375833333,3.37
0.138866450555556,3.349,0.138932178611111,3.37,0.138893241388889,3.37
0.1391440875,3.349,0.139209953055556,3.36,0.1391711075,3.37
0.139422151666667,3.349,0.139488320555556,3.37,0.139449139444444,3.37
0.1396997625,3.349,0.139765860833333,3.36,0.139726767222222,3.37
0.139977766944444,3.36,0.140043762222222,3.37,0.140004624444444,3.37
0.140255528333333,3.349,0.140321706388889,3.37,0.140282097222222,3.37
0.140533118611111,3.36,0.140599562222222,3.36,0.140560291388889,3.37
0.140811128888889,3.36,0.140877198333333,3.36,0.140838219722222,3.37
0.141088851944444,3.349,0.141155363055556,3.36,0.141116197222222,3.37
0.141366639444444,3.349,0.141432763888889,3.37,0.141394098888889,3.37
0.141644832777778,3.349,0.141710544166667,3.36,0.141671910277778,3.37
0.141922672222222,3.36,0.141988630555556,3.36,0.141949590833333,3.37
0.142199984166667,3.349,0.142266821944444,3.36,0.142227429166667,3.36
0.142478215833333,3.36,0.142544589166667,3.37,0.142505098055556,3.37
0.1427560425,3.36,0.142822449722222,3.36,0.142782940833333,3.37
0.143033316111111,3.36,0.143100321944444,3.37,0.143061041666667,3.37
0.143311395,3.36,0.143378416111111,3.36,0.143339213333333,3.36
0.143589201944444,3.36,0.143656301666667,3.37,0.1436171425,3.37
0.143866794166667,3.36,0.143934406944444,3.37,0.143895147222222,3.37
0.144144723333333,3.36,0.144212349444444,3.37,0.144172989166667,3.37
0.144422343055556,3.36,0.1444900125,3.37,0.144450750277778,3.37
0.144699987222222,3.36,0.144767962777778,3.37,0.144728506388889,3.37
0.144978176944444,3.36,0.145045726388889,3.36,0.145006688611111,3.37
0.145255798333333,3.36,0.145324115,3.36,0.145284281944444,3.37
0.145533826111111,3.36,0.145602241388889,3.37,0.145561998611111,3.37
0.145811505277778,3.36,0.145879876388889,3.37,0.145839874166667,3.37
0.1460891375,3.36,0.146157736111111,3.36,0.146118121388889,3.37
0.146367188333333,3.36,0.146435348333333,3.36,0.146395687777778,3.37
0.146645248333333,3.36,0.146713433333333,3.37,0.146673580833333,3.37
0.146923363888889,3.36,0.146991575833333,3.37,0.146951424166667,3.37
0.147201551666667,3.36,0.147269379444444,3.37,0.147229181388889,3.37
0.147479071111111,3.36,0.147547268333333,3.37,0.1475068075,3.37
0.147756766111111,3.36,0.147825036944444,3.37,0.147785098333333,3.37
0.148034681111111,3.349,0.148102764444444,3.37,0.1480631725,3.37
0.148312381111111,3.36,0.148380506666667,3.37,0.148341330555556,3.37
0.148590488333333,3.36,0.148658283888889,3.37,0.148619208333333,3.37
0.148868200277778,3.36,0.148936081666667,3.37,0.148897107777778,3.37
0.149146091388889,3.36,0.149213671388889,3.37,0.149175214166667,3.37
0.149424065555556,3.36,0.149491683611111,3.37,0.149453081388889,3.37
0.149701949166667,3.36,0.149769862222222,3.36,0.149731157222222,3.37
0.149979670833333,3.36,0.150047509166667,3.37,0.150008924166667,3.37
0.150257475,3.36,0.150325137222222,3.37,0.150286659444444,3.37
0.150535267222222,3.36,0.150603031111111,3.37,0.150564281388889,3.37
0.150813480555556,3.36,0.150880969722222,3.37,0.150842203055556,3.37
0.151091190833333,3.36,0.151159170555556,3.37,0.151119931111111,3.37
0.1513690275,3.36,0.151437132222222,3.37,0.151397564444444,3.37
0.15164696,3.36,0.151714874722222,3.37,0.1516756525,3.37
0.151925019444444,3.349,0.151992989166667,3.37,0.151953598055556,3.37
0.1522031625,3.36,0.15227047,3.37,0.152231406944444,3.37
0.152481103055556,3.36,0.152548723055556,3.37,0.152509269444444,3.37
0.152759060555556,3.36,0.152826305833333,3.37,0.152787083055556,3.37
0.153036882777778,3.36,0.153104188888889,3.37,0.153064932777778,3.37
0.153314986388889,3.36,0.153382065833333,3.37,0.153342525833333,3.37
0.153592750833333,3.36,0.153660001111111,3.37,0.153620610833333,3.37
0.153870692777778,3.36,0.153937702777778,3.37,0.153898477777778,3.37
0.154148510833333,3.36,0.154215935,3.37,0.154176403333333,3.37
0.154425986111111,3.36,0.154493907222222,3.37,0.154454033611111,3.37
0.154704021666667,3.36,0.154771902222222,3.37,0.154732086944444,3.37
0.154981911944444,3.36,0.155050037222222,3.37,0.1550100175,3.37
0.155259490277778,3.36,0.155327865,3.37,0.155287879444444,3.37
0.155537721111111,3.36,0.1556059575,3.37,0.155565764444444,3.37
0.155815637777778,3.36,0.155883466111111,3.37,0.155843210555556,3.37
0.156093367222222,3.36,0.15616185,3.37,0.156121290555556,3.37
0.156371206388889,3.36,0.156439988055556,3.37,0.156399743888889,3.37
0.156649055,3.36,0.156718139444444,3.37,0.156677414444444,3.37
0.156926833333333,3.36,0.156995915555556,3.37,0.156955301388889,3.37
0.157204423055556,3.36,0.157273629444444,3.37,0.157233137222222,3.37
0.157482485277778,3.36,0.157551071666667,3.37,0.157510458333333,3.37
0.157760375277778,3.36,0.157829173888889,3.37,0.157788511388889,3.37
0.158038049722222,3.36,0.158106965277778,3.37,0.158066405,3.37
0.158316226666667,3.36,0.1583850675,3.37,0.158344102777778,3.37
0.158593938333333,3.36,0.158662767222222,3.37,0.158621793888889,3.37
0.1588719225,3.36,0.15894037,3.37,0.1588996275,3.37
0.159149438888889,3.36,0.159218468333333,3.37,0.159177816388889,3.37
0.159427742777778,3.36,0.159496276944444,3.37,0.159455658611111,3.37
0.159705527222222,3.36,0.159774356388889,3.37,0.159733715,3.37
0.159983533888889,3.36,0.160052131944444,3.37,0.160011682777778,3.37
0.160261410833333,3.36,0.160329955277778,3.37,0.160289728333333,3.37
0.160539175833333,3.36,0.160608045,3.37,0.160567513055556,3.37
0.1608172425,3.36,0.160886223888889,3.37,0.160845359444444,3.37
0.16109516,3.36,0.161163836666667,3.37,0.161123328611111,3.37
0.1613731775,3.36,0.161441998888889,3.37,0.161401005277778,3.37
0.161650813055556,3.36,0.161719532777778,3.37,0.161678536388889,3.37
0.161928705,3.36,0.1619978825,3.37,0.161956356944444,3.37
0.162206180833333,3.36,0.162275391944444,3.37,0.162234461666667,3.37
0.162484441111111,3.36,0.162553595555556,3.37,0.162512829444444,3.37
0.162762298055556,3.37,0.162831214722222,3.37,0.162790713888889,3.37
0.163039948888889,3.36,0.163109287222222,3.37,0.163068924444444,3.37
0.163317957222222,3.36,0.1633873225,3.37,0.163346938611111,3.38
0.1635956525,3.36,0.163665247222222,3.37,0.163624608333333,3.37
0.163873841111111,3.36,0.163942953055556,3.37,0.163902131111111,3.38
0.164151405833333,3.36,0.164220891111111,3.37,0.164180605555556,3.38
0.164429531111111,3.37,0.164498512222222,3.37,0.164458443055556,3.37
0.164707472222222,3.36,0.164776591388889,3.37,0.164736288888889,3.37
0.164985309166667,3.36,0.165054581666667,3.37,0.165014210277778,3.37
0.165263055277778,3.36,0.165332591666667,3.37,0.1652915225,3.38
0.165541178611111,3.37,0.165610295,3.37,0.165569795277778,3.37
0.165819016388889,3.36,0.165887924166667,3.37,0.165847488055556,3.37
0.166096840833333,3.36,0.166165716666667,3.37,0.166125461111111,3.37
0.166374499444444,3.36,0.166443660277778,3.37,0.166403281388889,3.37
0.166652852222222,3.36,0.166721603055556,3.37,0.16668108,3.37
0.166930548055556,3.36,0.166999049722222,3.37,0.166958879722222,3.37
0.167208511111111,3.36,0.167277435833333,3.37,0.167236930277778,3.38
0.167486381944444,3.37,0.167555387777778,3.37,0.167514595277778,3.38
0.167764155,3.36,0.167832813333333,3.37,0.167792466666667,3.37
0.168042345277778,3.37,0.168110738888889,3.38,0.168070126111111,3.38
0.16832033,3.36,0.168388696111111,3.37,0.168347979166667,3.37
0.168598033888889,3.36,0.168666291388889,3.37,0.168625851666667,3.37
0.168876288055556,3.36,0.168944328333333,3.37,0.168903439444444,3.38
0.169153697777778,3.36,0.169222033888889,3.37,0.169181756944444,3.37
0.169431404444444,3.36,0.169499911388889,3.37,0.169459204722222,3.38
0.169709133611111,3.36,0.169777845,3.37,0.169737385277778,3.37
0.169987391388889,3.36,0.170055807222222,3.37,0.170015418888889,3.37
0.170265341111111,3.37,0.170334029722222,3.37,0.170293250555556,3.38
0.17054326,3.36,0.170611705833333,3.37,0.170571365833333,3.38
0.170821303888889,3.37,0.170889527222222,3.37,0.170849163888889,3.38
0.171098975,3.37,0.171167139722222,3.37,0.171127227222222,3.38
0.171376973611111,3.37,0.171445179166667,3.37,0.171404890555556,3.38
0.171654911944444,3.37,0.171723434166667,3.37,0.171682875277778,3.38
0.171932729722222,3.37,0.172001043611111,3.38,0.171960718333333,3.38
0.172210546944444,3.36,0.172278944444444,3.37,0.172238536388889,3.37
0.172488416388889,3.37,0.172556700833333,3.37,0.172516325277778,3.37
0.172766536111111,3.37,0.172834551944444,3.37,0.172794029722222,3.37
0.173044530555556,3.37,0.173112425,3.37,0.173072231944444,3.38
0.173322625,3.37,0.173390310555556,3.38,0.173349750833333,3.38
0.173600425277778,3.36,0.173667905,3.38,0.173628086944444,3.38
0.173878076111111,3.37,0.173946148611111,3.38,0.173905755555556,3.38
0.174155848611111,3.37,0.174223530833333,3.38,0.1741839175,3.37
0.174433556111111,3.36,0.174501552777778,3.37,0.174461555,3.38
0.174711595,3.37,0.174779539444444,3.37,0.174739062222222,3.38
0.174989314722222,3.37,0.175057431944444,3.38,0.175017498333333,3.37
0.175267644444444,3.37,0.175335321944444,3.38,0.175295179166667,3.38
0.175545149722222,3.37,0.175613334722222,3.37,0.1755730275,3.38
0.175823674166667,3.37,0.175891278333333,3.38,0.175850952777778,3.38
0.176101300277778,3.37,0.176169201666667,3.37,0.176128668333333,3.37
0.176379050277778,3.37,0.176447070277778,3.38,0.176406951944444,3.38
0.1766568825,3.37,0.176725023333333,3.37,0.176684738888889,3.38
0.176934703888889,3.37,0.177002749166667,3.38,0.176962821388889,3.38
0.177212681666667,3.37,0.177280284722222,3.37,0.177240430277778,3.38
0.1774904125,3.37,0.177558321944444,3.37,0.177518592222222,3.38
0.177768141666667,3.37,0.177835985555556,3.38,0.177796822222222,3.38
0.178045800555556,3.37,0.178113888611111,3.37,0.178074249722222,3.38
0.178323380277778,3.37,0.178391656111111,3.38,0.178351901666667,3.38
0.17860156,3.37,0.178669156111111,3.37,0.178630196944444,3.38
0.178879203333333,3.37,0.178947118611111,3.37,0.178908056111111,3.38
0.1791572075,3.37,0.179224917222222,3.38,0.179185951111111,3.38
0.179435157777778,3.37,0.179502936388889,3.38,0.179463830833333,3.38
0.179713056111111,3.37,0.179780762222222,3.38,0.179741626111111,3.38
0.179991027222222,3.37,0.180058673055556,3.38,0.180019561388889,3.38
0.180269449166667,3.37,0.180336140555556,3.38,0.180297758611111,3.38
0.180547127222222,3.37,0.180614376388889,3.38,0.180575690277778,3.38
0.180825225,3.37,0.18089229,3.37,0.180853516111111,3.38
0.181102475277778,3.37,0.181170688055556,3.38,0.181131485277778,3.38
0.181380515277778,3.37,0.181448794722222,3.38,0.181409188888889,3.38
0.181658361944444,3.37,0.18172676,3.38,0.181687085,3.38
0.181936470277778,3.37,0.1820048725,3.38,0.181964607777778,3.38
0.182214275277778,3.37,0.182282880277778,3.38,0.182242924722222,3.38
0.182492432777778,3.37,0.182560445,3.38,0.182520875833333,3.38
0.182769716666667,3.37,0.182838761944444,3.38,0.182798675555556,3.38
0.183047844166667,3.37,0.183116141388889,3.38,0.183076435555556,3.38
0.183325635,3.37,0.183394108333333,3.38,0.183354518055556,3.38
0.183603786388889,3.37,0.183671885,3.38,0.1836318325,3.38
0.183881878333333,3.37,0.183950046111111,3.38,0.183909593888889,3.38
0.184159463611111,3.37,0.184227956666667,3.37,0.184187615833333,3.38
0.184437309444444,3.37,0.184505615277778,3.38,0.184465510277778,3.38
0.1847151675,3.37,0.184783169444444,3.38,0.184743230277778,3.38
0.184993270555556,3.37,0.185061093888889,3.38,0.185021208333333,3.38
0.185271151944444,3.37,0.185338766388889,3.38,0.185299088055556,3.38
0.185549175277778,3.37,0.185616649444444,3.38,0.185577195277778,3.38
0.18582691,3.37,0.185894063611111,3.38,0.185855032777778,3.38
0.186104501666667,3.37,0.186172422777778,3.38,0.186132623888889,3.38
0.186382458333333,3.37,0.186450159166667,3.38,0.186410574166667,3.38
0.186660625277778,3.37,0.186727696111111,3.38,0.186688273333333,3.38
0.186938049444444,3.37,0.187005916111111,3.38,0.186965837222222,3.38
0.187216383333333,3.37,0.187284239166667,3.38,0.1872436275,3.38
0.187494664722222,3.37,0.187561825,3.38,0.187521677777778,3.38
0.187772484166667,3.37,0.187839792222222,3.38,0.187799291388889,3.38
0.188050214166667,3.37,0.188117405833333,3.38,0.188076810833333,3.38
0.188328110555556,3.37,0.188395384722222,3.38,0.1883549525,3.38
0.188606082777778,3.37,0.188673133611111,3.38,0.188632982777778,3.38
0.188883966388889,3.37,0.188950518611111,3.38,0.188911073333333,3.38
0.18916181,3.37,0.189228614444444,3.38,0.189188859722222,3.38
0.189439507222222,3.37,0.189506622777778,3.38,0.189466806111111,3.38
0.189717103055556,3.37,0.18978441,3.38,0.189744961666667,3.38
0.189995108333333,3.37,0.190062464444444,3.38,0.190023103055556,3.38
0.190272513888889,3.37,0.190340618611111,3.38,0.190300777777778,3.38
0.190550788888889,3.37,0.190618249444444,3.38,0.190578675833333,3.38
0.190828846388889,3.37,0.190896180555556,3.38,0.190856301388889,3.38
0.191106680277778,3.37,0.191174265555556,3.38,0.191134163611111,3.38
0.191384733611111,3.37,0.191452374166667,3.38,0.191411866666667,3.38
0.191662546666667,3.37,0.19172996,3.38,0.1916900125,3.38
0.191940429722222,3.37,0.192008035277778,3.38,0.191967688333333,3.38
0.192218026944444,3.37,0.192286065833333,3.38,0.192245400555556,3.38
0.192496135,3.37,0.192564233611111,3.38,0.192523711111111,3.38
0.192773994722222,3.37,0.192841585,3.38,0.192801589444444,3.38
0.193051685555556,3.37,0.193120120277778,3.38,0.193079506111111,3.38
0.193329518055556,3.37,0.193398026666667,3.38,0.193357608611111,3.38
0.193607730833333,3.37,0.193675900833333,3.38,0.193635149722222,3.38
0.193885300833333,3.38,0.193954031388889,3.38,0.193913422777778,3.38
0.194163295833333,3.37,0.194231951388889,3.38,0.194190923055556,3.38
0.194441158611111,3.37,0.194509399722222,3.38,0.194468743611111,3.38
0.194719061944444,3.37,0.194787488055556,3.38,0.194746833888889,3.38
0.194996624166667,3.37,0.195065311666667,3.38,0.195025030555556,3.38
0.19527459,3.37,0.195343200555556,3.38,0.195303178055556,3.38
0.195552168888889,3.37,0.195620945277778,3.38,0.195580928888889,3.38
0.195830093333333,3.37,0.195898706388889,3.38,0.195858828611111,3.38
0.196107876111111,3.37,0.196176462222222,3.38,0.196136813611111,3.38
0.196385605833333,3.37,0.196454645277778,3.38,0.196414808333333,3.38
0.1966638225,3.37,0.196732281666667,3.38,0.196692974722222,3.38
0.196941410277778,3.37,0.197010216944444,3.38,0.196970966388889,3.38
0.197219152777778,3.37,0.197288169722222,3.38,0.197248721388889,3.38
0.197497024444444,3.37,0.197565622777778,3.38,0.197526719166667,3.38
0.197774411388889,3.37,0.197843547777778,3.38,0.197804313055556,3.38
0.198052548333333,3.38,0.19812158,3.38,0.198082623611111,3.38
0.198330668611111,3.37,0.198399588333333,3.38,0.19836051,3.38
0.198608402222222,3.37,0.198677324722222,3.38,0.198638211666667,3.38
0.198886120833333,3.37,0.198955039166667,3.38,0.198916168611111,3.38
0.199163881388889,3.37,0.199232723611111,3.38,0.199193724166667,3.38
0.199442103333333,3.37,0.199510898888889,3.38,0.199471620833333,3.38
0.199720230555556,3.37,0.199788689722222,3.38,0.199749410555556,3.38
0.199997906111111,3.37,0.200066665833333,3.38,0.200027160277778,3.38
0.2002757525,3.37,0.200344151666667,3.38,0.200304579166667,3.38
0.200553503333333,3.38,0.200622538333333,3.38,0.200582806111111,3.38
0.200831244166667,3.37,0.200900565833333,3.38,0.200860573611111,3.38
0.201108951944444,3.37,0.201178481666667,3.38,0.201138525277778,3.38
0.201387155,3.37,0.201456185833333,3.38,0.201416721666667,3.38
0.201665258611111,3.38,0.20173398,3.38,0.201694295,3.38
0.201943038055556,3.37,0.202011590833333,3.38,0.2019723675,3.38
0.202221312777778,3.37,0.202289691388889,3.38,0.202250173888889,3.38
0.2024991775,3.37,0.202567643333333,3.38,0.202527932222222,3.38
0.202776921111111,3.38,0.202845745555556,3.38,0.202805625,3.38
0.2030548,3.37,0.203123543055556,3.38,0.203084133055556,3.38
0.203332503333333,3.37,0.203401177222222,3.38,0.203361548055556,3.38
0.203610225555556,3.38,0.203678802777778,3.38,0.203639586944444,3.38
0.203888138333333,3.38,0.203956826111111,3.38,0.203917286111111,3.38
0.204165528611111,3.37,0.204234732777778,3.38,0.204195085555556,3.38
0.204443488888889,3.37,0.2045125725,3.38,0.204473104722222,3.38
0.204721624166667,3.38,0.204790312777778,3.38,0.204750761388889,3.38
0.204999368888889,3.38,0.205067706388889,3.38,0.205028825,3.38
0.205277251944444,3.37,0.205345784166667,3.38,0.205306326111111,3.38
0.2055553175,3.38,0.205623642222222,3.38,0.205584439722222,3.38
0.205833265833333,3.37,0.205901583055556,3.38,0.205862685555556,3.38
0.206110940833333,3.38,0.206179515277778,3.38,0.206140434444444,3.38
0.20638836,3.38,0.206457130277778,3.38,0.206418029444444,3.38
0.206666663888889,3.37,0.206735271944444,3.38,0.206695980277778,3.38
0.206944723333333,3.38,0.207013116111111,3.38,0.206974194722222,3.38
0.207222505277778,3.37,0.207290799166667,3.38,0.2072516,3.38
0.207500279444444,3.38,0.207568590833333,3.38,0.207529678333333,3.38
0.207777815555556,3.38,0.20784685,3.38,0.207807371944444,3.38
0.208055918611111,3.38,0.208124785833333,3.38,0.208085585555556,3.38
0.208333650833333,3.37,0.208402648888889,3.38,0.208363333333333,3.38
0.208611704722222,3.38,0.208680592777778,3.38,0.208640946388889,3.38
0.208889495555556,3.38,0.208958089722222,3.38,0.208919029444444,3.38
0.2091676175,3.38,0.209236035277778,3.38,0.209196518333333,3.38
0.209445230833333,3.38,0.209514054444444,3.38,0.209474705277778,3.38
0.209723198888889,3.38,0.209792278888889,3.38,0.209752513055556,3.38
0.210001341388889,3.38,0.210069891388889,3.38,0.210030476666667,3.39
0.210279031944444,3.38,0.210348096944444,3.38,0.210308456111111,3.38
0.2105569025,3.38,0.210625758333333,3.38,0.210586503611111,3.38
0.210834656666667,3.38,0.210903588611111,3.38,0.210864016111111,3.38
0.211112390833333,3.38,0.211181756111111,3.38,0.2111422575,3.38
0.211389973055556,3.38,0.211459365833333,3.38,0.2114206575,3.38
0.211668395555556,3.37,0.211737276388889,3.38,0.211698314166667,3.38
0.211946182777778,3.38,0.212015146666667,3.38,0.211976219444444,3.38
0.2122240425,3.38,0.212292726666667,3.38,0.212254293333333,3.38
0.2125018925,3.38,0.212570813888889,3.38,0.212532284722222,3.39
0.212779768333333,3.37,0.212848530555556,3.38,0.212809573333333,3.38
0.213057556944444,3.38,0.213126736388889,3.38,0.213087769722222,3.38
0.213335458888889,3.38,0.213404504722222,3.38,0.213366147222222,3.38
0.213612825555556,3.38,0.213682285833333,3.38,0.213643803055556,3.38
0.213890947777778,3.38,0.213960089166667,3.38,0.213922050277778,3.39
0.214168599444444,3.38,0.214237940277778,3.38,0.214199640833333,3.38
0.214446361944444,3.38,0.214515824722222,3.38,0.214477426388889,3.38
0.214724578333333,3.38,0.214793570833333,3.38,0.21475572,3.39
0.2150023975,3.38,0.215071344166667,3.38,0.215033505555556,3.38
0.2152803525,3.38,0.2153497525,3.38,0.215311276388889,3.38
0.215558132222222,3.38,0.215627429444444,3.38,0.215588795833333,3.38
0.215835821111111,3.38,0.215905041944444,3.38,0.215866596388889,3.38
0.216113480833333,3.38,0.216183013888889,3.38,0.216144509444444,3.38
0.216391253888889,3.38,0.216460735833333,3.38,0.216422354722222,3.39
0.216669429444444,3.38,0.216739249722222,3.38,0.216700023611111,3.38
0.216947020555556,3.38,0.217016987222222,3.38,0.216978021666667,3.38
0.217225206111111,3.38,0.217294736666667,3.38,0.217255945277778,3.39
0.217502975277778,3.38,0.217572673333333,3.38,0.2175338425,3.38
0.217780565555556,3.38,0.217850953611111,3.38,0.217811573333333,3.39
0.2180583275,3.38,0.218128373888889,3.38,0.218089178055556,3.38
0.218336556111111,3.38,0.218406108055556,3.38,0.218367089722222,3.39
0.218614229722222,3.38,0.218684246388889,3.38,0.218645082222222,3.38
0.218891955833333,3.38,0.218961986111111,3.38,0.218923163888889,3.38
0.219170088611111,3.38,0.219239339722222,3.38,0.219201136111111,3.38
0.219447850833333,3.38,0.219517521666667,3.38,0.219478764722222,3.39
0.219725527777778,3.38,0.219795680833333,3.38,0.219756655833333,3.39
0.220003671944444,3.38,0.220073506944444,3.38,0.220034545833333,3.38
0.220281489722222,3.38,0.220351541944444,3.38,0.220312083333333,3.39
0.220559531111111,3.38,0.220629194444444,3.39,0.220590284166667,3.39
0.220837432777778,3.38,0.220906851111111,3.38,0.220867636944444,3.39
0.221115012777778,3.38,0.221184704722222,3.39,0.221145801388889,3.39
0.221393094166667,3.38,0.2214626575,3.38,0.221423877222222,3.39
0.221671272777778,3.38,0.221740627222222,3.38,0.221701782777778,3.38
0.221948973611111,3.38,0.222018365,3.38,0.221979566111111,3.38
0.222227223333333,3.38,0.222296024444444,3.38,0.222257320555556,3.38
0.222505167777778,3.38,0.222573974166667,3.38,0.222535093611111,3.39
0.222782766944444,3.38,0.222851641666667,3.38,0.222813260833333,3.39
0.223061026944444,3.38,0.223129645,3.39,0.223091291666667,3.39
0.223338529444444,3.38,0.223407580833333,3.38,0.223369368055556,3.39
0.223616126388889,3.38,0.223685346666667,3.38,0.223647208333333,3.39
0.223894346666667,3.38,0.223963453333333,3.38,0.2239251425,3.38
0.224171980833333,3.38,0.224241495833333,3.38,0.224203308333333,3.38
0.224450205833333,3.38,0.224519458055556,3.38,0.224481110555556,3.39
0.224727935555556,3.38,0.224797549166667,3.38,0.224759341111111,3.39
0.225006019722222,3.38,0.225075443611111,3.38,0.225036933888889,3.39
0.225283661388889,3.38,0.2253533525,3.38,0.225314867777778,3.39
0.225561372222222,3.38,0.225630766944444,3.39,0.225592431111111,3.38
0.225839463055556,3.38,0.225909266944444,3.38,0.225870081666667,3.39
0.226117801111111,3.38,0.226186961388889,3.38,0.2261483,3.39
0.226395465,3.38,0.226464825277778,3.38,0.226426449444444,3.39
0.226673643611111,3.38,0.226742519722222,3.38,0.226703940277778,3.39
0.2269518325,3.38,0.227020231388889,3.39,0.226981797222222,3.38
0.227229384444444,3.38,0.227298021111111,3.39,0.227259775555556,3.39
0.227507241388889,3.38,0.227575816666667,3.38,0.227537581388889,3.39
0.2277851975,3.38,0.227853793888889,3.38,0.227815441944444,3.38
0.228062790555556,3.38,0.228131648055556,3.39,0.228093376111111,3.39
0.228340854444444,3.38,0.228409386944444,3.38,0.228371275555556,3.39
0.228618630277778,3.38,0.228687463611111,3.39,0.22864908,3.39
0.228896814444444,3.38,0.228964968888889,3.38,0.228927063611111,3.39
0.229174576111111,3.38,0.229243204722222,3.39,0.229205243055556,3.39
0.229452208333333,3.38,0.229521088888889,3.39,0.229482989166667,3.39
0.229730141666667,3.38,0.229798936666667,3.39,0.229760808611111,3.39
0.230008016388889,3.38,0.230076839444444,3.38,0.230038626111111,3.39
0.230285574722222,3.38,0.230355200555556,3.39,0.230316250555556,3.39
0.230563812777778,3.38,0.230633089166667,3.38,0.230594577777778,3.39
0.230841848055556,3.38,0.230911144166667,3.39,0.230872485833333,3.39
0.231119218611111,3.38,0.231188806666667,3.39,0.231150187777778,3.39
0.231397201388889,3.38,0.231466739722222,3.39,0.231427898611111,3.39
0.231675231944444,3.38,0.231744371388889,3.39,0.231705896666667,3.39
0.231952753888889,3.38,0.232022357777778,3.39,0.2319834775,3.39
0.232231070833333,3.38,0.232300152777778,3.39,0.232261206944444,3.39
0.232509198611111,3.38,0.232578373888889,3.39,0.232539073888889,3.39
0.232787270277778,3.38,0.232855940277778,3.39,0.23281702,3.39
0.233064845833333,3.38,0.233133801944444,3.39,0.233094618888889,3.39
0.233342755,3.38,0.233411771666667,3.38,0.233372356944444,3.39
0.233620570833333,3.38,0.233689541944444,3.39,0.233650095833333,3.39
0.233898365,3.38,0.233967206666667,3.38,0.2339283425,3.39
0.234176488888889,3.38,0.23424497,3.38,0.234206393055556,3.39
0.2344546375,3.38,0.23452264,3.39,0.2344840075,3.39
0.234732643055556,3.38,0.234800682222222,3.38,0.234761855277778,3.39
0.235010385833333,3.38,0.235078292777778,3.38,0.235039810833333,3.39
0.235287896666667,3.38,0.235356366111111,3.39,0.235317793055556,3.39
0.235565691666667,3.38,0.235634468055556,3.39,0.235595346666667,3.39
0.235843670277778,3.38,0.2359119475,3.39,0.235873240277778,3.39
0.236121735833333,3.38,0.236190164166667,3.39,0.236151236944444,3.39
0.236399408888889,3.38,0.236468180555556,3.39,0.2364291775,3.39
0.236677713888889,3.38,0.236745548611111,3.39,0.236707045277778,3.39
0.236955381666667,3.38,0.237023997777778,3.39,0.236984865,3.39
0.237233238888889,3.38,0.237301550277778,3.39,0.23726244,3.39
0.237511082777778,3.38,0.237579589444444,3.39,0.237540649444444,3.39
0.2377889075,3.38,0.237857422222222,3.39,0.237818249444444,3.39
0.238067075277778,3.38,0.238135438888889,3.39,0.238096236388889,3.39
0.238344753611111,3.38,0.238413301388889,3.39,0.238373954166667,3.39
0.238622409722222,3.38,0.238691422777778,3.38,0.238651884166667,3.39
0.238900390833333,3.38,0.238969193888889,3.39,0.238929295,3.39
0.239178286666667,3.38,0.239247056388889,3.39,0.2392077825,3.39
0.239456347222222,3.38,0.239525133333333,3.39,0.239485649166667,3.39
0.239734106388889,3.38,0.239802425,3.39,0.239763751666667,3.39
0.240011957222222,3.38,0.240080833888889,3.39,0.240041668888889,3.39
0.240290070555556,3.38,0.240358407222222,3.39,0.240319476388889,3.39
0.240567926111111,3.38,0.240636348888889,3.39,0.240597194722222,3.39
0.240845681944444,3.38,0.240914145833333,3.39,0.240874816388889,3.39
0.241123415555556,3.38,0.241192006944444,3.39,0.241152722777778,3.39
0.241400915,3.38,0.241469868888889,3.39,0.2414305075,3.39
0.241679093333333,3.38,0.241747737777778,3.39,0.241707931388889,3.39
0.241956630555556,3.38,0.24202605,3.39,0.241986022777778,3.39
0.242234832222222,3.38,0.242304258055556,3.39,0.242263753888889,3.39
0.242512372777778,3.38,0.242581890555556,3.39,0.242541810833333,3.39
0.242790047222222,3.38,0.242859906388889,3.39,0.242820059722222,3.39
0.243068145277778,3.38,0.243137666111111,3.39,0.243097644166667,3.39
0.243345984166667,3.38,0.243415526944444,3.39,0.243375453611111,3.39
0.243623683611111,3.38,0.243693658611111,3.39,0.243653334722222,3.39
0.243901546111111,3.38,0.243971262777778,3.39,0.243931154722222,3.39
0.244179221944444,3.38,0.244249285555556,3.39,0.244209278888889,3.4
0.244457105833333,3.38,0.244527563055556,3.39,0.244487154166667,3.39
0.244734841666667,3.38,0.244805156388889,3.39,0.244765012222222,3.39
0.245012967222222,3.38,0.245083285,3.39,0.245042917777778,3.39
0.245290830277778,3.38,0.245361538055556,3.39,0.245320670555556,3.39
0.2455689525,3.38,0.245638976666667,3.39,0.245598779444444,3.39
0.245846816944444,3.38,0.245917262777778,3.39,0.2458770025,3.39
0.246124692777778,3.38,0.246195024166667,3.39,0.246154650555556,3.4
0.246402885555556,3.38,0.2464731475,3.39,0.246432714166667,3.39
0.24668068,3.38,0.246750998055556,3.39,0.246710359166667,3.39
0.246958498333333,3.38,0.24702932,3.39,0.246988151111111,3.39
0.2472363475,3.38,0.247307295833333,3.39,0.2472662675,3.4
0.247514269722222,3.38,0.247584927222222,3.39,0.2475442,3.39
0.247791965277778,3.38,0.2478628625,3.39,0.247822174444444,3.39
0.248069774444444,3.38,0.248140325555556,3.39,0.248100271944444,3.39
0.248347436111111,3.38,0.248418506111111,3.39,0.248377972222222,3.39
0.248625289444444,3.38,0.248696689722222,3.39,0.248655852222222,3.4
0.248903156944444,3.38,0.248974425277778,3.39,0.248933951111111,3.39
0.249181005833333,3.38,0.249252203888889,3.39,0.24921199,3.39
0.249459024166667,3.38,0.249529968888889,3.39,0.249489310277778,3.39
0.249736581111111,3.38,0.249807928333333,3.39,0.249767794722222,3.39
0.250014498888889,3.38,0.250085745833333,3.39,0.250045878888889,3.39
0.250292431388889,3.38,0.250363568888889,3.39,0.250323930833333,3.39
0.2505700825,3.38,0.250641263888889,3.39,0.250602015555556,3.39
0.250848117222222,3.38,0.250919266944444,3.39,0.250880140555556,3.39
0.251125843055556,3.38,0.251196993611111,3.39,0.251158185,3.39
0.251404171111111,3.38,0.251475091111111,3.39,0.251436039444444,3.39
0.251682328055556,3.38,0.251753189166667,3.39,0.251713789166667,3.39
0.25196013,3.38,0.252031466944444,3.39,0.251991964444444,3.39
0.252237845,3.38,0.2523091325,3.39,0.252269783055556,3.39
0.252515574166667,3.38,0.252586610833333,3.39,0.252547636111111,3.39
0.252793480277778,3.38,0.252864495833333,3.39,0.2528256,3.39
0.253071535277778,3.39,0.253142493888889,3.39,0.253103534444444,3.39
0.253349191111111,3.38,0.2534201875,3.39,0.253381270833333,3.39
0.25362691,3.38,0.253697848055556,3.39,0.253659275,3.39
0.253905154166667,3.38,0.253975888611111,3.39,0.253937243055556,3.4
0.254182578611111,3.38,0.254253745833333,3.39,0.254214629444444,3.4
0.254460479444444,3.39,0.254531546388889,3.39,0.254492683888889,3.39
0.2547385025,3.39,0.254809733611111,3.39,0.254771083055556,3.39
0.255016380277778,3.38,0.255087401666667,3.4,0.25504859,3.39
0.255293877222222,3.39,0.255365638611111,3.4,0.255326550555556,3.4
0.255571879722222,3.38,0.2556433525,3.39,0.2556047025,3.4
0.255849804166667,3.38,0.255921514722222,3.39,0.25588216,3.39
0.256127741944444,3.39,0.256199304444444,3.4,0.256160278611111,3.4
0.2564053325,3.39,0.256476885277778,3.39,0.2564381725,3.39
0.256683310833333,3.38,0.256754996111111,3.39,0.256716331944444,3.4
0.256961098888889,3.38,0.257033086666667,3.39,0.256994214166667,3.4
0.257238901388889,3.38,0.257310828333333,3.39,0.257272149722222,3.39
0.257516416944444,3.38,0.257588738888889,3.39,0.257549917777778,3.4
0.257794475277778,3.39,0.257866701111111,3.39,0.257827446388889,3.39
0.258071978611111,3.38,0.258144512777778,3.39,0.258105740277778,3.39
0.258349948055556,3.39,0.2584223225,3.39,0.258383517777778,3.39
0.2586278875,3.38,0.258700019444444,3.39,0.258661195277778,3.4
0.258905967222222,3.38,0.258977958055556,3.39,0.258939366388889,3.39
0.259183717777778,3.38,0.259255708611111,3.39,0.259217011944444,3.39
0.259461574444444,3.39,0.259533722222222,3.39,0.259494945277778,3.4
0.259739291944444,3.39,0.259811450555556,3.39,0.259773095,3.39
0.260017173888889,3.38,0.260089040555556,3.39,0.260050937777778,3.4
0.260295029166667,3.39,0.260367071666667,3.4,0.260328465,3.4
0.260573153333333,3.39,0.2606451375,3.4,0.260606509722222,3.4
0.260850649722222,3.38,0.260923344444444,3.39,0.260884539444444,3.4
0.2611285575,3.38,0.261201185277778,3.4,0.261162190833333,3.4
0.261406770833333,3.39,0.261478798333333,3.39,0.261439731944444,3.39
0.261684795555556,3.39,0.261756605,3.39,0.261718075277778,3.4
0.261962694722222,3.39,0.26203464,3.4,0.261995574166667,3.4
0.262240671944444,3.39,0.262312416944444,3.39,0.262273480555556,3.4
0.262518686111111,3.38,0.262590178055556,3.39,0.262551496666667,3.4
0.262796554166667,3.38,0.262867943333333,3.39,0.262829380555556,3.4
0.263074153333333,3.38,0.263145903611111,3.39,0.263107220833333,3.4
0.263351687777778,3.39,0.263423923055556,3.39,0.2633850975,3.4
0.263630048611111,3.39,0.263701920277778,3.39,0.263662708333333,3.4
0.263907879722222,3.39,0.263979348611111,3.4,0.263940641666667,3.4
0.264185369166667,3.39,0.264257653333333,3.39,0.264218202777778,3.4
0.264463303888889,3.39,0.264535403333333,3.39,0.264496336944444,3.4
0.264741195277778,3.38,0.264813360833333,3.39,0.26477403,3.4
0.265018949722222,3.39,0.265090770277778,3.4,0.265051997777778,3.4
0.265297144166667,3.39,0.265369262222222,3.39,0.265329854166667,3.39
0.265574965555556,3.39,0.265647311666667,3.39,0.265607515555556,3.4
0.265852808611111,3.39,0.265925049166667,3.39,0.265885449444444,3.4
0.266130548055556,3.39,0.266203226388889,3.4,0.266163416111111,3.4
0.266408668055556,3.39,0.266480805,3.4,0.266441329722222,3.4
0.266686288333333,3.39,0.266759041944444,3.4,0.266719142222222,3.4
0.266963870555556,3.39,0.267037017777778,3.39,0.266997345277778,3.4
0.267242080555556,3.39,0.267314611944444,3.39,0.267275105,3.4
0.267519881944444,3.39,0.267592515555556,3.39,0.267552798611111,3.4
0.267797500277778,3.39,0.267870578611111,3.39,0.267830493055556,3.4
0.268075784444444,3.38,0.268148409722222,3.39,0.268108449166667,3.4
0.268353575833333,3.39,0.268426721388889,3.39,0.268386502222222,3.4
0.26863168,3.39,0.268704191111111,3.4,0.268664181388889,3.4
0.268909569722222,3.39,0.268982465555556,3.39,0.268941999166667,3.4
0.269187221388889,3.39,0.269260705833333,3.4,0.269219863055556,3.4
0.269465409722222,3.39,0.26953837,3.4,0.2694978025,3.4
0.269743150277778,3.39,0.269816285,3.39,0.269775614166667,3.4
0.270020767777778,3.39,0.270094558888889,3.39,0.270053220555556,3.4
0.270298443055556,3.39,0.270372560277778,3.4,0.270331095555556,3.4
0.270576486111111,3.39,0.270650687777778,3.39,0.270609040277778,3.4
0.270854198611111,3.39,0.2709284925,3.39,0.270886862777778,3.4
0.271132071944444,3.39,0.271206582777778,3.4,0.271164955555556,3.4
0.271409828055556,3.39,0.271484362222222,3.4,0.271442595,3.4
0.271688026944444,3.39,0.271762664166667,3.39,0.271720394444444,3.4
0.271965552777778,3.39,0.272040463888889,3.39,0.271998388333333,3.4
0.272243917777778,3.39,0.272318271666667,3.4,0.272275953333333,3.4
0.272521834722222,3.39,0.272596009722222,3.4,0.272554003055556,3.4
0.272799456388889,3.39,0.272873921388889,3.4,0.272831930277778,3.4
0.273077210555556,3.39,0.273151605833333,3.39,0.2731095375,3.4
0.273355478333333,3.39,0.2734293225,3.4,0.273387461388889,3.4
0.273633305,3.39,0.273707470555556,3.4,0.273665596111111,3.4
0.273911060277778,3.39,0.273985423333333,3.4,0.273943169444444,3.4
0.274188900833333,3.39,0.274263385833333,3.39,0.274221022777778,3.4
0.274467118611111,3.39,0.274541321111111,3.4,0.274499019166667,3.4
0.274745041944444,3.39,0.274818932222222,3.4,0.274776925277778,3.4
0.275022985555556,3.39,0.275097134722222,3.39,0.275054401944444,3.4
0.275300381944444,3.39,0.275375050833333,3.39,0.275332368333333,3.4
0.275578692777778,3.39,0.275653051666667,3.4,0.2756104375,3.4
0.275856387222222,3.39,0.2759310725,3.4,0.275888536944444,3.4
0.276134053888889,3.39,0.2762089425,3.4,0.276166353888889,3.4
0.276411819444444,3.39,0.276486555,3.4,0.276444076111111,3.4
0.276689701111111,3.39,0.2767647275,3.4,0.276721611944444,3.4
0.276967859722222,3.39,0.277042875277778,3.39,0.276999835555556,3.4
0.277245730833333,3.39,0.277320418333333,3.39,0.277277551388889,3.4
0.277523301111111,3.39,0.277598337777778,3.4,0.277555169444444,3.4
0.277801585277778,3.39,0.277876000833333,3.4,0.277833039722222,3.4
0.27807907,3.39,0.278153933055556,3.4,0.278110880555556,3.4
0.278356955,3.39,0.278431795277778,3.4,0.278388923888889,3.4
0.278634568055556,3.39,0.278709511388889,3.4,0.278666593888889,3.4
0.278912910277778,3.39,0.278987279722222,3.4,0.278944308611111,3.4
0.279190717777778,3.39,0.279265445,3.4,0.279222555833333,3.4
0.279468453888889,3.39,0.279543213055556,3.4,0.279500248333333,3.4
0.279746561111111,3.4,0.279821088333333,3.4,0.279778154444444,3.4
0.280024139722222,3.39,0.280099291666667,3.4,0.280056034444444,3.4
0.280301913611111,3.39,0.280377173333333,3.4,0.280333979444444,3.4
0.280580059444444,3.39,0.280655016111111,3.4,0.280611433611111,3.4
0.280857849444444,3.39,0.280932925,3.39,0.280889328888889,3.4
0.281135542222222,3.39,0.281210438333333,3.4,0.281167158055556,3.4
0.2814133525,3.39,0.281488650277778,3.4,0.281445338055556,3.4
0.281691776111111,3.39,0.281766145,3.4,0.281723129444444,3.4
0.281969616388889,3.39,0.282044070277778,3.4,0.282001110833333,3.4
0.282247114444444,3.39,0.282322106666667,3.4,0.282278849166667,3.4
0.282525040277778,3.39,0.282600160833333,3.4,0.282556555555556,3.4
0.282802790833333,3.39,0.282878279166667,3.4,0.282834561666667,3.4
0.283080483333333,3.39,0.283156351388889,3.4,0.283111877222222,3.4
0.283358591944444,3.39,0.283434200833333,3.4,0.283390046944444,3.4
0.283636391944444,3.4,0.283711866388889,3.4,0.283667858888889,3.4
0.283914253611111,3.39,0.283989500555556,3.4,0.283945722222222,3.4
0.284192114166667,3.39,0.284267586111111,3.4,0.284223868333333,3.4
0.284469698611111,3.38,0.2845453975,3.4,0.284501967777778,3.4
0.284747806944444,3.39,0.284823340555556,3.4,0.284779841666667,3.4
0.285026027777778,3.39,0.285101069444444,3.4,0.285057740833333,3.4
0.285304323055556,3.39,0.2853788025,3.4,0.285335331111111,3.4
0.285581872777778,3.39,0.285656893611111,3.4,0.285613220555556,3.4
0.285859604722222,3.39,0.285934631666667,3.4,0.285891170833333,3.4
0.286137505277778,3.39,0.286212577222222,3.4,0.286168761944444,3.4
0.2864155275,3.4,0.286490184444444,3.4,0.286447092777778,3.4
0.286693599444444,3.39,0.286768247222222,3.4,0.286724982222222,3.4
0.286971415277778,3.39,0.2870460975,3.4,0.287002835277778,3.4
0.287249192222222,3.39,0.287323830833333,3.4,0.287281202777778,3.4
0.287526897222222,3.39,0.287601925277778,3.4,0.287558973055556,3.4
0.287804836388889,3.39,0.287879817222222,3.4,0.287836823611111,3.4
0.288082585277778,3.39,0.288157416111111,3.4,0.288114426666667,3.4
0.288360413611111,3.39,0.288435215833333,3.4,0.288392330277778,3.4
0.288638263055556,3.39,0.288713218055556,3.4,0.288669883611111,3.4
0.288916144166667,3.39,0.288990823055556,3.4,0.288947945,3.4
0.289194007222222,3.39,0.289268615,3.4,0.289225807777778,3.4
0.289471773888889,3.39,0.289546710555556,3.4,0.289503467777778,3.4
0.289749565277778,3.39,0.289824421666667,3.4,0.289781705833333,3.4
0.290027468055556,3.39,0.290102149444444,3.4,0.290059503055556,3.4
0.2903055,3.39,0.290380048055556,3.4,0.290337518333333,3.4
0.290583651388889,3.39,0.290657835,3.4,0.290614874444444,3.4
0.290861369722222,3.4,0.290935835277778,3.4,0.290893108611111,3.4
0.291139256944444,3.4,0.291213296944444,3.4,0.291170423055556,3.4
0.291416897222222,3.39,0.291491297777778,3.39,0.291448749444444,3.4
0.291694744166667,3.39,0.291769340277778,3.4,0.291726635555556,3.4
0.291972854166667,3.39,0.292047398333333,3.4,0.292004375,3.4
0.292250636944444,3.39,0.292325425277778,3.4,0.292282120277778,3.4
0.292528514166667,3.39,0.292602704722222,3.4,0.292559759444444,3.4
0.292806071944444,3.4,0.292881175833333,3.4,0.292837677777778,3.4
0.293084360833333,3.39,0.293158608055556,3.4,0.293115476388889,3.4
0.293362719444444,3.39,0.293436596388889,3.4,0.293393463888889,3.4
0.293640486111111,3.39,0.29371453,3.4,0.29367168,3.4
0.293918346388889,3.39,0.293992881111111,3.4,0.293949491388889,3.4
0.294196371666667,3.39,0.294270214444444,3.4,0.294227086944444,3.4
0.294474120555556,3.39,0.294548403055556,3.4,0.294505449722222,3.4
0.294752108888889,3.39,0.294826035555556,3.4,0.294783084722222,3.4
0.295029755555556,3.39,0.295103863611111,3.4,0.295061179444444,3.4
0.295307791944444,3.39,0.295382096388889,3.4,0.295339057222222,3.4
0.295585649722222,3.4,0.295660132777778,3.4,0.295616808888889,3.4
0.295864160833333,3.39,0.295938080555556,3.4,0.295894939166667,3.4
0.296141748333333,3.39,0.296216143055556,3.4,0.296172804166667,3.4
0.296419744166667,3.39,0.2964940075,3.4,0.296450489722222,3.4
0.296697503333333,3.39,0.296771576944444,3.4,0.296728501111111,3.4
0.296975409722222,3.39,0.297049358055556,3.4,0.297006548333333,3.4
0.297253429166667,3.4,0.297327139166667,3.4,0.297284343333333,3.4
0.297531175833333,3.4,0.297604696666667,3.4,0.297562226944444,3.4
0.29780862,3.39,0.297882875833333,3.4,0.297840148611111,3.4
0.298086379722222,3.39,0.298160894166667,3.4,0.298117933888889,3.4
0.298364581944444,3.39,0.298438557222222,3.4,0.298395765555556,3.4
0.298642215,3.4,0.298716414444444,3.4,0.298673439166667,3.4
0.298920509166667,3.39,0.298994523888889,3.4,0.298951026111111,3.4
0.299198168611111,3.4,0.299272354722222,3.4,0.299229548333333,3.4
0.299475871388889,3.4,0.2995502375,3.4,0.299507271666667,3.4
0.299753615277778,3.4,0.299828291666667,3.4,0.299784869722222,3.4
0.300032128888889,3.4,0.300106125833333,3.4,0.300062830555556,3.4
0.30030998,3.39,0.300383781666667,3.4,0.300340321111111,3.4
0.300587957777778,3.4,0.300661576111111,3.4,0.300618279166667,3.4
0.300866111388889,3.4,0.300939446388889,3.4,0.300896313611111,3.4
0.301144159166667,3.39,0.301217196388889,3.4,0.301174296666667,3.4
0.30142187,3.4,0.301495342777778,3.4,0.301451883055556,3.4
0.301699833611111,3.39,0.301773138888889,3.4,0.301729412777778,3.4
0.301977589166667,3.39,0.302050926944444,3.4,0.302007557222222,3.4
0.302255462777778,3.4,0.302328566944444,3.4,0.302285148611111,3.4
0.302533300833333,3.39,0.3026067125,3.4,0.302562906666667,3.4
0.302811323611111,3.4,0.302884380555556,3.4,0.302840904166667,3.4
0.3030888225,3.4,0.303162123611111,3.4,0.303118944722222,3.4
0.303366394722222,3.39,0.303440146111111,3.4,0.303396941944444,3.4
0.303644576111111,3.39,0.303717665833333,3.4,0.303674762777778,3.4
0.303921950555556,3.4,0.303995899444444,3.4,0.303952485,3.4
0.304199925,3.4,0.3042735125,3.4,0.304230345833333,3.4
0.304477500555556,3.39,0.304551542222222,3.4,0.304508268333333,3.4
0.304755308888889,3.4,0.304829775277778,3.4,0.304785985,3.4
0.305033800833333,3.4,0.305107563611111,3.4,0.305064190555556,3.4
0.305311821111111,3.4,0.305385181944444,3.4,0.305342302222222,3.4
0.305589441666667,3.4,0.305663034444444,3.4,0.305620349444444,3.4
0.305867521111111,3.39,0.305940713333333,3.4,0.305898241666667,3.4
0.306145471388889,3.39,0.306218497222222,3.4,0.306176171666667,3.411
0.306423189444444,3.39,0.306496801388889,3.4,0.306454039166667,3.4
0.306700918333333,3.4,0.306774544722222,3.4,0.306732178333333,3.4
0.306978835833333,3.4,0.307052265277778,3.4,0.307009708611111,3.4
0.307256600555556,3.39,0.307329748611111,3.4,0.307287635277778,3.4
0.307534811666667,3.4,0.307607793888889,3.4,0.307565810833333,3.4
0.307812588333333,3.4,0.307885436388889,3.4,0.307843573888889,3.4
0.308090517222222,3.4,0.308163278055556,3.4,0.308121560277778,3.4
0.308368164444444,3.39,0.308441268611111,3.4,0.30839934,3.4
0.308646053333333,3.39,0.308718998333333,3.4,0.308677075277778,3.4
0.30892404,3.4,0.308996805833333,3.4,0.308954958888889,3.411
0.309201850555556,3.4,0.309274901944444,3.4,0.309233129166667,3.4
0.309479620277778,3.4,0.309552808333333,3.4,0.3095104,3.4
0.309757308055556,3.4,0.309830566111111,3.4,0.309788192777778,3.4
0.310035175,3.4,0.310108391666667,3.4,0.310066529444444,3.4
0.3103129,3.4,0.3103857225,3.4,0.310344756111111,3.4
0.310590670555556,3.4,0.310663724722222,3.4,0.310622878888889,3.4
0.310868665555556,3.4,0.310941725,3.4,0.310900363055556,3.4
0.311146675,3.4,0.311219603888889,3.4,0.311178345833333,3.4
0.3114245425,3.4,0.311497539166667,3.4,0.311456245,3.4
0.311703015833333,3.4,0.311775694722222,3.4,0.311734129722222,3.4
0.311980278888889,3.4,0.312053340833333,3.4,0.312012068611111,3.4
0.3122583425,3.4,0.312331110833333,3.4,0.312289835555556,3.4
0.312536097777778,3.4,0.312608547777778,3.4,0.312567975833333,3.4
0.312813987222222,3.4,0.312886679444444,3.4,0.312845534166667,3.4
0.313091959444444,3.4,0.313164345555556,3.4,0.313123497777778,3.411
0.313369624166667,3.4,0.313442456666667,3.4,0.313401242222222,3.4
0.313647580833333,3.4,0.313720329166667,3.4,0.313679168611111,3.4
0.313925705277778,3.4,0.313997962777778,3.4,0.313957240833333,3.4
0.314203497222222,3.4,0.314275738888889,3.4,0.314234848333333,3.4
0.31448117,3.39,0.314553831111111,3.4,0.314513118055556,3.411
0.314759277222222,3.4,0.314831815,3.4,0.314790974722222,3.4
0.315036909166667,3.4,0.315109282777778,3.4,0.315069377777778,3.4
0.315314965,3.4,0.315387496111111,3.4,0.3153468225,3.4
0.315592418055556,3.4,0.315665360833333,3.4,0.315625071666667,3.4
0.315870683333333,3.4,0.3159432125,3.4,0.315902959444444,3.4
0.316148478611111,3.4,0.316221143888889,3.4,0.316180906111111,3.4
0.316426285555556,3.4,0.316499056111111,3.4,0.316458435833333,3.4
0.316704357777778,3.4,0.316776919444444,3.4,0.3167362775,3.4
0.316981899166667,3.4,0.317054767222222,3.4,0.317014064166667,3.4
0.317260268611111,3.4,0.317332464722222,3.4,0.317292006388889,3.4
0.317537712777778,3.4,0.317610192777778,3.4,0.317569809444444,3.4
0.317815789722222,3.4,0.31788861,3.4,0.317847086388889,3.411
0.318093426388889,3.4,0.318166424722222,3.4,0.318125451111111,3.4
0.318371187222222,3.4,0.318443927222222,3.4,0.318403411666667,3.4
0.318649309166667,3.4,0.318721565833333,3.4,0.318681304722222,3.411
0.318926884166667,3.4,0.319000128611111,3.4,0.318959136944444,3.4
0.3192048825,3.4,0.319277475833333,3.4,0.319237002222222,3.4
0.319482645277778,3.4,0.31955545,3.4,0.319514949166667,3.4
0.319760343611111,3.4,0.319833353888889,3.4,0.319792701111111,3.4
0.320037918611111,3.4,0.320111141666667,3.4,0.320070702777778,3.4
0.320315739722222,3.4,0.320388635555556,3.4,0.320348946666667,3.4
0.320593340277778,3.4,0.320666986111111,3.4,0.320627168888889,3.411
0.320871483055556,3.4,0.320944326666667,3.4,0.320905175555556,3.4
0.321149340555556,3.4,0.321222540277778,3.4,0.321183085,3.411
0.321426656111111,3.4,0.321500616388889,3.4,0.321461304166667,3.4
0.321704779166667,3.4,0.321778395833333,3.4,0.321739180833333,3.411
0.321982730833333,3.4,0.32205614,3.4,0.322016517777778,3.4
0.322260543611111,3.4,0.322333716111111,3.4,0.322294815833333,3.411
0.322538567777778,3.4,0.322611619444444,3.4,0.322572668611111,3.4
0.322816459444444,3.4,0.32288942,3.4,0.3228505125,3.4
0.323094073611111,3.4,0.323167220833333,3.4,0.323128581944444,3.411
0.323372030555556,3.4,0.323445337222222,3.4,0.323406435277778,3.4
0.323649855555556,3.4,0.323722963611111,3.4,0.323683735833333,3.411
0.323927762222222,3.4,0.324000961666667,3.4,0.323962019722222,3.411
0.324205492777778,3.4,0.324278684444444,3.4,0.324239508888889,3.4
0.324483305555556,3.4,0.324556821388889,3.4,0.324517731111111,3.4
0.324761594444444,3.4,0.324834971666667,3.4,0.324795299444444,3.4
0.3250395,3.4,0.325112604444444,3.4,0.3250733875,3.411
0.325316992777778,3.4,0.325390707777778,3.4,0.325351610555556,3.411
0.325595069722222,3.4,0.325668853611111,3.4,0.325629359722222,3.411
0.325872991666667,3.4,0.325946723055556,3.4,0.325907334722222,3.4
0.326151149444444,3.4,0.326224315,3.4,0.326184859166667,3.4
0.326428969722222,3.4,0.326502101388889,3.4,0.326462901666667,3.4
0.326706645277778,3.4,0.326780371666667,3.4,0.326740621666667,3.4
0.326984882777778,3.4,0.327057986666667,3.4,0.327018502777778,3.411
0.3272626775,3.4,0.327335723055556,3.4,0.327296498611111,3.4
0.327540365833333,3.4,0.327614003888889,3.4,0.327573924166667,3.4
0.327818033333333,3.4,0.327892266944444,3.4,0.327851962777778,3.411
0.328096235277778,3.4,0.328170051666667,3.4,0.328129827777778,3.411
0.328374115,3.4,0.328447759444444,3.4,0.328407121666667,3.4
0.328651949166667,3.4,0.328726096944444,3.4,0.328685391111111,3.411
0.328929865833333,3.4,0.329004080833333,3.4,0.32896338,3.4
0.329207875555556,3.4,0.329281948611111,3.4,0.329241110833333,3.4
0.329485288611111,3.4,0.329559671944444,3.4,0.329518837777778,3.411
0.329763303888889,3.4,0.329837557222222,3.4,0.329796670555556,3.411
0.3300410325,3.4,0.330115294444444,3.4,0.330074182222222,3.411
0.330319021666667,3.4,0.330392929722222,3.4,0.330351910555556,3.411
0.330596791111111,3.4,0.330670724166667,3.4,0.330629750277778,3.4
0.330874738611111,3.4,0.330948495277778,3.4,0.330907814444444,3.411
0.331152485,3.4,0.331226795555556,3.4,0.331185153611111,3.4
0.331430295277778,3.4,0.331504661666667,3.4,0.331463028611111,3.411
0.331707982222222,3.4,0.331782224444444,3.4,0.3317408075,3.4
0.331985960555556,3.4,0.332060519166667,3.4,0.332019255833333,3.4
0.332263805555556,3.4,0.332338214444444,3.4,0.332297148333333,3.4
0.332541518333333,3.4,0.332616401944444,3.4,0.332574946666667,3.4
0.332819559166667,3.4,0.332894123333333,3.4,0.332852874444444,3.411
0.333097235277778,3.4,0.333172713611111,3.4,0.333130665833333,3.411
0.3333752875,3.4,0.333450481388889,3.4,0.333408712777778,3.411
0.33365332,3.4,0.333728756388889,3.411,0.333686268333333,3.411
0.333931159444444,3.4,0.33400603,3.4,0.333964141388889,3.411
0.334209058055556,3.4,0.334284250277778,3.4,0.3342420875,3.411
0.334486539722222,3.4,0.334562286388889,3.4,0.334519896944444,3.4
0.334764217222222,3.4,0.334839937222222,3.4,0.334797498611111,3.411
0.335042282777778,3.4,0.335118195,3.4,0.335075626944444,3.411
0.3353201375,3.4,0.335395718333333,3.4,0.335353565277778,3.4
0.335597949444444,3.4,0.335673673611111,3.4,0.335631017222222,3.411
0.335875977777778,3.4,0.335951124166667,3.4,0.335909479722222,3.411
0.336153774166667,3.4,0.336229119444444,3.4,0.336187236944444,3.411
0.336431684444444,3.4,0.33650685,3.4,0.336465056666667,3.4
0.336709830555556,3.4,0.336784854166667,3.4,0.336743171666667,3.411
0.336987721666667,3.4,0.337062458333333,3.4,0.337021213055556,3.411
0.337265911388889,3.4,0.337340341111111,3.4,0.337298803888889,3.411
0.337543680277778,3.4,0.337617938888889,3.4,0.337576615833333,3.4
0.337821741944444,3.4,0.337895806944444,3.4,0.337854768611111,3.411
0.338099988055556,3.4,0.338173913333333,3.4,0.338132860277778,3.411
0.3383779575,3.4,0.338452059166667,3.4,0.338410920555556,3.4
0.33865577,3.4,0.338729493888889,3.4,0.3386889025,3.411
0.338933251944444,3.4,0.339007461111111,3.4,0.338966953888889,3.4
0.339211189166667,3.4,0.339285261388889,3.4,0.339244764166667,3.411
0.339489351111111,3.4,0.339563000555556,3.4,0.339522571388889,3.411
0.339766930833333,3.4,0.339840808611111,3.411,0.339800665277778,3.411
0.340044807222222,3.4,0.340118768611111,3.4,0.340078182222222,3.411
0.340322266111111,3.4,0.340396817777778,3.4,0.3403559675,3.4
0.340600293055556,3.4,0.340674643055556,3.4,0.340633929444444,3.411
0.340878181944444,3.4,0.340952842777778,3.4,0.340911688055556,3.411
0.341155896111111,3.4,0.341231045833333,3.4,0.341189673611111,3.4
0.341433355555556,3.4,0.341508876944444,3.4,0.341467533888889,3.4
0.341711394722222,3.4,0.341786275833333,3.4,0.3417452925,3.411
0.341989193055556,3.4,0.3420648225,3.4,0.342022921388889,3.411
0.342267171111111,3.4,0.342342680833333,3.4,0.342300882222222,3.411
0.342544840277778,3.4,0.342620326666667,3.4,0.342578893333333,3.411
0.342822798888889,3.4,0.342898319166667,3.411,0.342857096111111,3.411
0.343100815833333,3.4,0.343176219166667,3.4,0.343135242777778,3.411
0.343378724722222,3.4,0.343453869166667,3.4,0.343413458888889,3.4
0.343656750833333,3.4,0.343731803888889,3.4,0.343691478055556,3.411
0.343934434444444,3.4,0.344009546666667,3.4,0.343969485,3.411
0.344212382777778,3.4,0.344287840277778,3.4,0.344247189444444,3.411
0.344490393333333,3.4,0.344565183055556,3.4,0.3445248725,3.411
0.344767944722222,3.4,0.344843299444444,3.4,0.344803117222222,3.411
0.345045879722222,3.4,0.345121252222222,3.4,0.345080966111111,3.411
0.345323588333333,3.4,0.34539871,3.4,0.3453589125,3.411
0.345601363888889,3.4,0.345676842222222,3.4,0.345636533055556,3.4
0.345879035277778,3.4,0.345954690833333,3.411,0.345914546666667,3.411
0.346156951388889,3.4,0.346232398611111,3.4,0.346192607222222,3.411
0.346434874166667,3.4,0.346510037222222,3.411,0.346470555277778,3.411
0.346713002222222,3.4,0.346788259166667,3.4,0.346748293055556,3.411
0.346990388333333,3.4,0.347066175833333,3.4,0.347025963055556,3.411
0.347268603055556,3.4,0.347344087222222,3.4,0.347304225,3.411
0.347546539722222,3.4,0.3476222875,3.4,0.347581996666667,3.411
0.347824251388889,3.4,0.347899896388889,3.4,0.347859842777778,3.4
0.3481019625,3.4,0.348177760833333,3.4,0.348137758055556,3.411
0.348379659444444,3.4,0.348455156944444,3.4,0.348415399722222,3.411
0.348657434444444,3.4,0.348733225555556,3.4,0.348693190277778,3.411
0.348935336111111,3.4,0.3490111725,3.4,0.348971096944444,3.411
0.349213125277778,3.4,0.349288962222222,3.4,0.349248795555556,3.411
0.349490925833333,3.4,0.349566299166667,3.411,0.349526253611111,3.411
0.349768690277778,3.4,0.349844775,3.411,0.349804368888889,3.411
0.350046620555556,3.4,0.350122675,3.4,0.350082181388889,3.411
0.350324215,3.4,0.350400535,3.411,0.350359856944444,3.411
0.350602415,3.4,0.350678439166667,3.4,0.35063805,3.411
0.350880363333333,3.4,0.350956499166667,3.4,0.350915736388889,3.411
0.351157931388889,3.4,0.3512340375,3.4,0.351193560277778,3.4
0.35143591,3.4,0.351511871944444,3.4,0.351471569166667,3.411
0.351713716666667,3.4,0.351789543055556,3.4,0.351749655,3.411
0.351991980833333,3.4,0.352067550555556,3.4,0.352027775277778,3.411
0.352269966111111,3.4,0.3523453725,3.4,0.352305124722222,3.411
0.352547891666667,3.4,0.352623437777778,3.4,0.352583259444444,3.411
0.352825771944444,3.4,0.352901139444444,3.4,0.352861485833333,3.411
0.353103746666667,3.4,0.353179293055556,3.4,0.353139244722222,3.411
0.353381358611111,3.4,0.353456954722222,3.4,0.353417305,3.4
0.353659121388889,3.4,0.353734716388889,3.411,0.353694930555556,3.411
0.353937153888889,3.4,0.354012591666667,3.4,0.353972693888889,3.411
0.354214823055556,3.4,0.354290798888889,3.411,0.354250921666667,3.411
0.354492331944444,3.4,0.354568746944444,3.4,0.354528969166667,3.411
0.354770274722222,3.4,0.354846351666667,3.4,0.354806527777778,3.411
0.355048366111111,3.4,0.355124355277778,3.4,0.355084528055556,3.411
0.3553265975,3.4,0.355402512222222,3.4,0.355362237777778,3.411
0.355604222222222,3.4,0.355680584166667,3.4,0.355640290555556,3.411
0.355882244166667,3.4,0.355958741388889,3.4,0.355918006388889,3.411
0.356159776666667,3.4,0.356236069444444,3.4,0.356195735833333,3.411
0.356437668333333,3.4,0.356514124722222,3.411,0.356473695277778,3.411
0.356715333333333,3.4,0.356792098055556,3.4,0.356751578888889,3.411
0.3569934725,3.4,0.357069966388889,3.4,0.3570295725,3.411
0.357271263333333,3.4,0.357347680833333,3.4,0.357307823888889,3.411
0.357548992777778,3.4,0.357625846388889,3.411,0.357585414444444,3.411
0.357826820555556,3.4,0.3579035825,3.411,0.357863450833333,3.411
0.358104473333333,3.4,0.358181471944444,3.411,0.358141269722222,3.411
0.358382576388889,3.4,0.358459394444444,3.4,0.358419378888889,3.411
0.358660291388889,3.4,0.358737125,3.4,0.358696790277778,3.411
0.358938487777778,3.4,0.359015209444444,3.4,0.358974862777778,3.411
0.359216088333333,3.4,0.359293198055556,3.411,0.359252374722222,3.411
0.359493944166667,3.4,0.359571170555556,3.4,0.359530576388889,3.411
0.359771990555556,3.4,0.359848983055556,3.4,0.359808445555556,3.411
0.360049721666667,3.4,0.360126423611111,3.411,0.360086101388889,3.411
0.3603278225,3.4,0.360404611388889,3.4,0.360364061388889,3.411
0.360606008333333,3.4,0.3606824275,3.4,0.360641796111111,3.411
0.360883581111111,3.4,0.360960511111111,3.411,0.360919655,3.411
0.361161469166667,3.4,0.361238661111111,3.4,0.361197791944444,3.411
0.361439185833333,3.4,0.3615162175,3.4,0.361475454444444,3.411
0.361717029722222,3.4,0.361794195,3.4,0.361753266944444,3.411
0.361994728888889,3.4,0.362072137777778,3.4,0.362031058055556,3.411
0.362272751111111,3.4,0.362349833055556,3.4,0.362309012777778,3.411
0.362550997777778,3.4,0.3626276525,3.411,0.362587034166667,3.411
0.362828753333333,3.4,0.362905511111111,3.4,0.362864794166667,3.411
0.363106616111111,3.4,0.363183411666667,3.4,0.363142995833333,3.411
0.363384246944444,3.4,0.363461061944444,3.4,0.363421019166667,3.411
0.363662311111111,3.4,0.363738784166667,3.411,0.363698923611111,3.411
0.363940095,3.4,0.364017086111111,3.4,0.363976631111111,3.411
0.364218215277778,3.4,0.364294689444444,3.4,0.364254344722222,3.411
0.364495870555556,3.4,0.364572470277778,3.411,0.364531825,3.411
0.364773625555556,3.4,0.364850659444444,3.4,0.364809902222222,3.411
0.365051671666667,3.4,0.365128359444444,3.411,0.365087460277778,3.411
0.365329632777778,3.4,0.365406128888889,3.4,0.365365526111111,3.411
0.365607263611111,3.4,0.365683972222222,3.4,0.365643460833333,3.411
0.365885480277778,3.4,0.365961746944444,3.4,0.365921265277778,3.411
0.366163094444444,3.4,0.366239622777778,3.4,0.366199100277778,3.411
0.366441214722222,3.4,0.366517714166667,3.4,0.366476763888889,3.411
0.366718967222222,3.4,0.3667952825,3.411,0.366754661388889,3.411
0.366997110555556,3.4,0.367073339722222,3.411,0.367032574166667,3.411
0.367275057222222,3.4,0.367351066388889,3.4,0.367310423888889,3.411
0.36755347,3.4,0.367629233055556,3.4,0.367588480833333,3.411
0.367831386111111,3.4,0.367907044722222,3.4,0.367866397222222,3.411
0.368109290555556,3.411,0.368184901944444,3.411,0.368144093333333,3.411
0.368387092777778,3.4,0.368462676111111,3.4,0.368421996666667,3.411
0.368664710555556,3.4,0.368740869722222,3.4,0.368699719166667,3.411
0.368942919722222,3.411,0.369018838333333,3.411,0.3689776925,3.411
0.369220305,3.4,0.369296599166667,3.4,0.369255911666667,3.411
0.369498223055556,3.4,0.369574511111111,3.4,0.369533673888889,3.411
0.369775873888889,3.4,0.369851941111111,3.411,0.369811611944444,3.411
0.370053776111111,3.4,0.370130106111111,3.411,0.370089546388889,3.411
0.370331753888889,3.4,0.370407964722222,3.411,0.370367238333333,3.411
0.370609585277778,3.4,0.370685770555556,3.411,0.370645078888889,3.411
0.370887063333333,3.4,0.370963421666667,3.4,0.370922551111111,3.411
0.371164752777778,3.4,0.371241514444444,3.411,0.371201016666667,3.411
0.371442483888889,3.4,0.371519496666667,3.411,0.371478815833333,3.411
0.3717204575,3.4,0.371797266388889,3.411,0.371756680277778,3.411
0.371998394166667,3.4,0.372075005555556,3.4,0.372034139722222,3.411
0.372276208888889,3.4,0.372352828888889,3.411,0.372312258611111,3.411
0.372554050833333,3.4,0.372630608333333,3.4,0.372589842222222,3.411
0.372832049444444,3.4,0.372908331111111,3.4,0.372867569444444,3.411
0.373109536666667,3.4,0.373186134722222,3.411,0.373145401111111,3.411
0.373387625,3.4,0.373464096388889,3.4,0.373423275,3.411
0.373665571944444,3.4,0.373742148055556,3.4,0.373701184722222,3.411
0.373943456388889,3.4,0.374020056666667,3.4,0.373979018333333,3.411
0.374221025833333,3.4,0.374297955277778,3.411,0.374256943333333,3.411
0.374499053888889,3.411,0.374575444444444,3.4,0.374534596388889,3.4
0.374776400833333,3.4,0.374853673055556,3.411,0.374812078888889,3.411
0.375054733055556,3.4,0.375131633888889,3.411,0.375090501388889,3.411
0.375332596666667,3.4,0.375409358888889,3.411,0.375368325,3.411
0.375610172777778,3.4,0.375687166944444,3.4,0.3756463525,3.411
0.375887935833333,3.4,0.375964868055556,3.4,0.375924516944444,3.411
0.376166291666667,3.4,0.376242782777778,3.411,0.376202545833333,3.411
0.376443619166667,3.4,0.376520538055556,3.411,0.376480622777778,3.411
0.376721609444444,3.4,0.376798526111111,3.4,0.376758456944444,3.411
0.376999178333333,3.4,0.377076620833333,3.411,0.377036304722222,3.411
0.377277652777778,3.4,0.377354320277778,3.411,0.377314149722222,3.411
0.377555414444444,3.4,0.377632513333333,3.4,0.37759154,3.411
0.377833431111111,3.4,0.377910206388889,3.411,0.377869797777778,3.411
0.378111196111111,3.4,0.378188081388889,3.411,0.378147923888889,3.411
0.3783891275,3.4,0.378465845833333,3.411,0.378425906388889,3.411
0.3786671925,3.4,0.3787436975,3.411,0.378703781388889,3.411
0.378944752777778,3.411,0.379021381388889,3.4,0.378981798333333,3.411
0.379222901388889,3.4,0.379299351388889,3.411,0.379259885277778,3.411
0.379500771666667,3.4,0.379577288611111,3.4,0.379537726944444,3.411
0.3797785425,3.4,0.379854857777778,3.4,0.379815189166667,3.411
0.380056482777778,3.4,0.380132736111111,3.4,0.380093350277778,3.411
0.380334196944444,3.4,0.380410705277778,3.411,0.380371394166667,3.411
0.380611676666667,3.4,0.380688323611111,3.411,0.380649312222222,3.411
0.380889821944444,3.4,0.380966744166667,3.411,0.380927168333333,3.411
0.381167573611111,3.4,0.381244608888889,3.4,0.381205266944444,3.411
0.3814453525,3.4,0.381522271666667,3.411,0.381483103888889,3.411
0.381723101388889,3.4,0.3818002525,3.411,0.381760576388889,3.411
0.382000997222222,3.4,0.382078298888889,3.411,0.382038330277778,3.411
0.382278788333333,3.411,0.382356449444444,3.411,0.382316474166667,3.411
0.382556815833333,3.4,0.382634077777778,3.411,0.382594670833333,3.411
0.382834467222222,3.4,0.3829118725,3.411,0.382872768888889,3.411
0.3831125525,3.4,0.383189972777778,3.411,0.383150578055556,3.411
0.383390523333333,3.4,0.383468070555556,3.411,0.383428501111111,3.411
0.383668308333333,3.4,0.383745767222222,3.4,0.383706336666667,3.411
0.383946609166667,3.411,0.384024069444444,3.411,0.383984245277778,3.411
0.384224237777778,3.4,0.384302326111111,3.411,0.384261958055556,3.411
0.384502000555556,3.4,0.384580331388889,3.4,0.384539644722222,3.411
0.384779861666667,3.411,0.384858154722222,3.4,0.384817798333333,3.411
0.385057278611111,3.4,0.385136131944444,3.4,0.385095480277778,3.411
0.385334994444444,3.4,0.385414011666667,3.411,0.385373463055556,3.411
0.385613131666667,3.4,0.3856921725,3.411,0.385651316111111,3.411
0.385891091666667,3.411,0.385969864722222,3.411,0.3859290075,3.411
0.386169029722222,3.4,0.386247810277778,3.411,0.386206937222222,3.411
0.38644702,3.4,0.386525490555556,3.411,0.386484883888889,3.411
0.386724707777778,3.4,0.386803745,3.411,0.386762679166667,3.411
0.387002975277778,3.4,0.387081373333333,3.4,0.38704033,3.411
0.387280555277778,3.4,0.387359352777778,3.4,0.387317923611111,3.411
0.387558325,3.4,0.387637326111111,3.4,0.387595959166667,3.411
0.3878358275,3.4,0.387915173333333,3.4,0.387873996111111,3.411
0.388114083888889,3.4,0.388193160555556,3.4,0.388151803888889,3.411
0.3883916525,3.4,0.388471299166667,3.411,0.388429316111111,3.411
0.388669673333333,3.4,0.388749301388889,3.411,0.388707421666667,3.411
0.388947593611111,3.4,0.389027546388889,3.411,0.388985156666667,3.411
0.3892254675,3.4,0.389305255277778,3.411,0.389263253333333,3.411
0.389503773611111,3.4,0.389583105555556,3.411,0.3895414175,3.411
0.389781893888889,3.4,0.389860631944444,3.4,0.389819230555556,3.411
0.390059463333333,3.4,0.390138676111111,3.411,0.390097165,3.411
0.390337284722222,3.4,0.390416419444444,3.411,0.390375362777778,3.411
0.390615554722222,3.4,0.390694218611111,3.411,0.390653057222222,3.411
0.390893823611111,3.4,0.390972256111111,3.4,0.390930911944444,3.411
0.391171624722222,3.4,0.391249669166667,3.411,0.391208737222222,3.411
0.391449115277778,3.4,0.391527703055556,3.411,0.391487030555556,3.411
0.391727031111111,3.411,0.391805536111111,3.411,0.391764589166667,3.411
0.392004493888889,3.4,0.392083601666667,3.4,0.392042527777778,3.411
0.392282440833333,3.4,0.392361327777778,3.411,0.392319979166667,3.411
0.392560465277778,3.4,0.392639289166667,3.411,0.392598036388889,3.411
0.392838555277778,3.4,0.392917143333333,3.411,0.392875774722222,3.411
0.393116641111111,3.4,0.393195056944444,3.4,0.393153667777778,3.411
0.393394427777778,3.411,0.393473338611111,3.4,0.393431529166667,3.411
0.3936722575,3.4,0.393751424444444,3.411,0.393709253611111,3.411
0.393949936388889,3.4,0.394028846666667,3.411,0.393987179166667,3.411
0.394227784722222,3.4,0.394306698611111,3.411,0.394265134166667,3.411
0.394505519444444,3.4,0.394584501666667,3.4,0.394543711388889,3.411
0.394783520277778,3.411,0.3948622025,3.411,0.394821551666667,3.411
0.395061560833333,3.411,0.395139941388889,3.411,0.395099526111111,3.411
0.395339232777778,3.4,0.395418072777778,3.411,0.395377088888889,3.411
0.395616637777778,3.4,0.395696330277778,3.4,0.395655453888889,3.411
0.395894806111111,3.4,0.3959741925,3.411,0.395933030833333,3.411
0.396172491944444,3.411,0.396252316666667,3.411,0.396211146111111,3.411
0.396450450833333,3.4,0.396530173055556,3.411,0.396488819722222,3.411
0.396728313333333,3.4,0.396808103055556,3.411,0.396766815555556,3.411
0.397006305555556,3.4,0.397086028333333,3.411,0.397044460833333,3.411
0.397284138055556,3.4,0.397364008055556,3.411,0.397322586944445,3.411
0.397561919722222,3.411,0.397641556388889,3.411,0.397599908611111,3.411
0.39784007,3.4,0.397919596111111,3.411,0.397877893888889,3.411
0.398117532777778,3.4,0.398197804444444,3.411,0.398155763055556,3.411
0.398395874166667,3.4,0.398475202777778,3.411,0.398433412222222,3.411
0.398673646111111,3.411,0.398753265277778,3.411,0.398711278611111,3.411
0.398951153888889,3.411,0.399030791111111,3.411,0.398988964166667,3.411
0.399229664166667,3.4,0.399308806388889,3.411,0.399266913611111,3.411
0.399507156111111,3.4,0.399587058611111,3.411,0.399545036944444,3.411
0.399785185555556,3.4,0.399865115833333,3.411,0.399822835833333,3.411
0.400062786666667,3.4,0.400142761666667,3.411,0.400100480555556,3.411
0.400340573611111,3.4,0.400420430555556,3.4,0.400378634722222,3.411
0.400618464444444,3.411,0.400698220833333,3.411,0.400656378333333,3.411
0.400896546388889,3.4,0.400975904166667,3.4,0.400934056388889,3.411
0.401174241111111,3.4,0.401253775555556,3.411,0.401211676666667,3.411
0.401452023888889,3.4,0.401531518055556,3.411,0.401489816388889,3.411
0.401729957222222,3.4,0.401809452777778,3.4,0.401767411111111,3.411
0.402007807777778,3.4,0.402087264722222,3.411,0.402045260555556,3.411
0.402285271666667,3.4,0.402365085,3.4,0.40232285,3.411
0.402563883611111,3.4,0.402642939444444,3.411,0.402600983611111,3.411
0.402841984166667,3.4,0.402920815555556,3.4,0.402878741388889,3.411
0.403120088888889,3.4,0.403198891111111,3.411,0.403156771944444,3.411
0.403398253333333,3.4,0.403476832777778,3.411,0.403434681388889,3.411
0.403675829166667,3.4,0.403754758611111,3.411,0.403712144722222,3.411
0.403953663333333,3.411,0.404032600833333,3.411,0.403990124166667,3.411
0.404231397222222,3.4,0.404310179722222,3.411,0.404268135833333,3.411
0.404509485833333,3.4,0.404587928611111,3.411,0.404545958055556,3.411
0.404787015277778,3.4,0.404865796666667,3.411,0.404824148888889,3.411
0.405065084166667,3.4,0.405143563888889,3.411,0.405101806111111,3.411
0.405342886111111,3.4,0.405421436111111,3.411,0.405379849722222,3.411
0.40562059,3.4,0.405699072222222,3.411,0.4056576575,3.411
0.405898355277778,3.411,0.405976830555556,3.411,0.405936171388889,3.411
0.406176105,3.411,0.406254716944444,3.411,0.406213636388889,3.411
0.406453659444444,3.411,0.406532651666667,3.411,0.406491890833333,3.411
0.406731453055556,3.411,0.406810715555556,3.411,0.406769729722222,3.411
0.407009557777778,3.411,0.407088435,3.411,0.407047599166667,3.411
0.407287260555556,3.4,0.407366262777778,3.411,0.407325494722222,3.411
0.407565405555556,3.4,0.407644371944444,3.411,0.407603250555556,3.411
0.407843063055556,3.4,0.407922256944444,3.411,0.407881109444444,3.411
0.408120834444444,3.4,0.408199922222222,3.411,0.408158831666667,3.411
0.408399134166667,3.4,0.408478000555556,3.411,0.408437061666667,3.411
0.408676656111111,3.411,0.408755650833333,3.411,0.408714916666667,3.411
0.408954185555556,3.4,0.409033499444444,3.411,0.408992553611111,3.411
0.409232457777778,3.4,0.4093115,3.411,0.409270408333333,3.411
0.409510159444444,3.4,0.409589447222222,3.411,0.40954828,3.411
0.409788143888889,3.4,0.409867642222222,3.4,0.409826216388889,3.411
0.410065794166667,3.4,0.410145254166667,3.411,0.410104051944444,3.411
0.410343594166667,3.4,0.410423265833333,3.411,0.410381840833333,3.411
0.410621269444444,3.4,0.4107009125,3.411,0.410659745833333,3.411
0.410899383888889,3.411,0.410978770277778,3.411,0.410937894722222,3.411
0.411177179444444,3.411,0.411257027222222,3.411,0.411215971666667,3.411
0.411455215833333,3.4,0.411534698055556,3.411,0.411494032222222,3.411
0.411733070277778,3.4,0.411812807777778,3.411,0.411771947777778,3.411
0.412010858888889,3.411,0.41209046,3.411,0.412049692777778,3.411
0.412288500277778,3.4,0.412368616388889,3.411,0.412327849722222,3.411
0.412566525555556,3.411,0.412646333055556,3.411,0.412605800555556,3.411
0.412844709166667,3.411,0.412924103611111,3.411,0.412883741666667,3.411
0.413122563888889,3.411,0.413201805277778,3.411,0.413161536111111,3.411
0.4134003875,3.4,0.413479815555556,3.411,0.413439596111111,3.411
0.413678576666667,3.411,0.413757796944444,3.411,0.413717398055556,3.411
0.413956525,3.4,0.414035946944444,3.411,0.413995158333333,3.411
0.414234307777778,3.4,0.414313538333333,3.411,0.414273187777778,3.411
0.414512668055556,3.411,0.414591699444444,3.411,0.414550777222222,3.411
0.414790274166667,3.4,0.414869788055556,3.4,0.414828564166667,3.411
0.415068068333333,3.4,0.415147605,3.411,0.4151062825,3.411
0.415345880833333,3.4,0.415425350277778,3.411,0.415384210555556,3.411
0.415623635,3.4,0.415703199444444,3.411,0.415662394166667,3.411
0.415901388333333,3.4,0.4159809075,3.411,0.415940548055556,3.411
0.416179418333333,3.4,0.416258722222222,3.411,0.416217911944444,3.411
0.416457264444444,3.4,0.416536767222222,3.411,0.416495975555556,3.411
0.4167352475,3.411,0.416814774444444,3.411,0.416773815,3.411
0.417013236388889,3.411,0.417092578055556,3.411,0.417051606388889,3.411
0.417291049444444,3.411,0.417370373888889,3.411,0.417329661666667,3.411
0.417568989444444,3.4,0.417647864166667,3.411,0.417607584444444,3.411
0.417846773333333,3.4,0.417925659166667,3.411,0.417885486111111,3.411
0.418124366388889,3.4,0.418203973333333,3.411,0.4181633175,3.411
0.418402223611111,3.411,0.418481728055556,3.411,0.418441188888889,3.411
0.418680399722222,3.4,0.418759123333333,3.411,0.418718862777778,3.411
0.418958145555556,3.4,0.419036838611111,3.411,0.418996521111111,3.411
0.419236083888889,3.4,0.419315360555556,3.411,0.419274344166667,3.411
0.419513878333333,3.411,0.419593025277778,3.411,0.419552478333333,3.411
0.419792165,3.411,0.419870764444444,3.4,0.419829935555556,3.411
0.420069850277778,3.411,0.420149013055556,3.411,0.4201079425,3.411
0.420347475833333,3.4,0.420426888888889,3.411,0.420385660555556,3.411
0.420625278611111,3.411,0.420705118888889,3.411,0.420663588055556,3.411
0.420902895,3.4,0.420982888611111,3.4,0.420941489444444,3.411
0.421181040833333,3.4,0.421260790555556,3.411,0.421219061666667,3.411
0.421458491666667,3.411,0.421538516111111,3.411,0.421496875555556,3.411
0.421736356666667,3.411,0.421816289444444,3.411,0.421774923611111,3.411
0.422014291388889,3.411,0.422094155833333,3.411,0.422052635277778,3.411
0.422292047222222,3.411,0.422372209722222,3.411,0.422330449166667,3.411
0.422569954722222,3.411,0.4226499675,3.411,0.422608578055556,3.411
0.422847586944444,3.4,0.422927760555556,3.411,0.422886416666667,3.411
0.423125629444444,3.4,0.4232052575,3.411,0.423164238055556,3.411
0.423403307222222,3.411,0.423482963888889,3.411,0.423442126666667,3.411
0.423681464444444,3.411,0.423761126388889,3.411,0.423720030555556,3.411
0.423959166388889,3.411,0.424038708611111,3.411,0.423997488333333,3.411
0.424237494166667,3.411,0.424316623055556,3.411,0.424275189444444,3.411
0.424514969722222,3.411,0.424594603611111,3.411,0.424553178611111,3.411
0.424792550833333,3.411,0.424872423611111,3.411,0.424830680555556,3.411
0.425070830277778,3.411,0.425150460833333,3.411,0.425108886111111,3.411
0.425348338611111,3.411,0.425428539444444,3.411,0.42538666,3.411
0.425626896666667,3.411,0.425706524722222,3.411,0.425664382777778,3.411
0.425904270277778,3.411,0.425984495,3.411,0.425941918333333,3.411
0.426181933333333,3.411,0.426262134722222,3.411,0.426219860555556,3.411
0.426460014722222,3.411,0.426540298333333,3.411,0.426497372777778,3.411
0.426737845833333,3.411,0.426818081666667,3.411,0.426775388333333,3.411
0.427015791666667,3.411,0.427095747222222,3.411,0.427053291666667,3.411
0.427293308611111,3.411,0.4273739975,3.411,0.42733144,3.411
0.427571508888889,3.411,0.427651708333333,3.411,0.427609559166667,3.411
0.427849129722222,3.4,0.427929471111111,3.411,0.427887273888889,3.411
0.428127051944444,3.4,0.428207270833333,3.411,0.428165266388889,3.411
0.428404594166667,3.4,0.428484885555556,3.411,0.428442982777778,3.411
0.428682515833333,3.411,0.428762673333333,3.411,0.428720484444444,3.411
0.428960338888889,3.411,0.429041071944444,3.411,0.428998234444444,3.411
0.429238187777778,3.4,0.429318551111111,3.411,0.429276411388889,3.411
0.429515755833333,3.4,0.429596620833333,3.411,0.429554763888889,3.411
0.429794023333333,3.4,0.429874485277778,3.411,0.429832565277778,3.411
0.430071644722222,3.411,0.430152245,3.411,0.430110635,3.411
0.430349214444444,3.411,0.430430416666667,3.411,0.430388385833333,3.411
0.430627487777778,3.411,0.430707872777778,3.411,0.430666354444444,3.411
0.430905004166667,3.4,0.430985745555556,3.411,0.4309440675,3.411
0.431183033611111,3.411,0.431263515,3.411,0.431221796944444,3.411
0.431461080555556,3.411,0.431541593055556,3.411,0.431499601388889,3.411
0.431738799166667,3.411,0.431819419722222,3.411,0.431777474722222,3.411
0.432017136666667,3.411,0.432097111666667,3.411,0.432055575277778,3.411
0.432295021388889,3.4,0.432374946388889,3.411,0.432333522222222,3.411
0.432572863333333,3.4,0.432653320555556,3.411,0.432610988055556,3.411
0.432850901944444,3.411,0.432931556111111,3.411,0.432889121111111,3.411
0.433128679722222,3.411,0.433209239444444,3.411,0.433167161944444,3.411
0.433406473611111,3.411,0.433487559722222,3.411,0.433444723888889,3.411
0.433684238888889,3.4,0.4337651625,3.411,0.433722681944444,3.411
0.433961910555556,3.4,0.434043206111111,3.411,0.434000651666667,3.411
0.434239850833333,3.411,0.434321006666667,3.411,0.434278189166667,3.411
0.434517856666667,3.4,0.434599445833333,3.411,0.434555964166667,3.411
0.434795732222222,3.411,0.434877258333333,3.411,0.434834028888889,3.411
0.435073409166667,3.411,0.435154985,3.411,0.435112533611111,3.411
0.435351629722222,3.411,0.435432733333333,3.411,0.435390598333333,3.411
0.435629588055556,3.411,0.435710473333333,3.411,0.435668241944444,3.411
0.435907269722222,3.4,0.435988385277778,3.411,0.435946188333333,3.411
0.436185269166667,3.411,0.436266049722222,3.411,0.436223795277778,3.411
0.436463244444444,3.411,0.436543995833333,3.411,0.436501878333333,3.411
0.436740990277778,3.4,0.436821723611111,3.411,0.436779986666667,3.411
0.437018538611111,3.411,0.437099474444444,3.411,0.437057626944444,3.411
0.437296546666667,3.4,0.437377386666667,3.411,0.437335410277778,3.411
0.437574016944444,3.411,0.4376551725,3.411,0.437613681944444,3.411
0.437851984722222,3.411,0.4379331925,3.411,0.437891490555556,3.411
0.438129943611111,3.411,0.438211111944444,3.411,0.438169491111111,3.411
0.438407575277778,3.411,0.438488639166667,3.411,0.4384472225,3.411
0.438685458611111,3.411,0.438766749166667,3.411,0.438724913611111,3.411
0.438963266666667,3.411,0.439044557222222,3.411,0.439002726666667,3.411
0.439241400277778,3.411,0.439322056388889,3.411,0.439281000277778,3.411
0.439518999166667,3.411,0.439600118055556,3.411,0.439558840555556,3.411
0.439797369722222,3.411,0.439878028611111,3.411,0.439837049722222,3.411
0.440075355277778,3.411,0.440156119166667,3.411,0.440114650833333,3.411
0.440353432777778,3.4,0.4404339425,3.411,0.440392491944444,3.411
0.440631482777778,3.411,0.440712042777778,3.411,0.440670625277778,3.411
0.440909314166667,3.411,0.440989511944444,3.411,0.4409487625,3.411
0.441187454444444,3.411,0.441267529722222,3.411,0.441226826111111,3.411
0.441465373888889,3.411,0.441545638333333,3.411,0.441505194166667,3.411
0.441743473611111,3.411,0.441823293055556,3.411,0.441782752777778,3.411
0.442021376666667,3.411,0.442100968611111,3.411,0.44206077,3.411
0.442299235,3.411,0.442378709722222,3.411,0.4423387575,3.411
0.442576700833333,3.411,0.442656708055556,3.411,0.442616290277778,3.411
0.442854839166667,3.411,0.442934372777778,3.411,0.442894451666667,3.411
0.443132796111111,3.411,0.443212244444444,3.411,0.443172275833333,3.411
0.443410609722222,3.411,0.443490409722222,3.411,0.443450338888889,3.411
0.443688595,3.411,0.443768413611111,3.411,0.443727906111111,3.411
0.443966305833333,3.411,0.444046232777778,3.411,0.4440055775,3.411
0.444244114166667,3.411,0.444324111388889,3.411,0.444283183611111,3.411
0.444521930555556,3.411,0.444602339722222,3.411,0.4445616125,3.411
0.444799986944444,3.411,0.444880006666667,3.411,0.444839103888889,3.411
0.4450778975,3.411,0.445157581388889,3.411,0.445117099722222,3.411
0.445355621944444,3.411,0.445435556111111,3.411,0.445395033611111,3.411
0.445633235277778,3.4,0.445713258333333,3.411,0.445672497777778,3.411
0.445911236944444,3.411,0.445990764166667,3.411,0.445950497777778,3.411
0.446189154444444,3.4,0.446268516944444,3.411,0.446228598333333,3.411
0.446467308055556,3.411,0.446546603611111,3.411,0.4465060725,3.411
0.446745163888889,3.411,0.446825026666667,3.411,0.446784163055556,3.411
0.447022961111111,3.4,0.44710238,3.411,0.447062091388889,3.411
0.447300893888889,3.411,0.447380658611111,3.411,0.447339950277778,3.411
0.447578761388889,3.411,0.447658340833333,3.411,0.447617834444444,3.411
0.447856875555556,3.411,0.447936148055556,3.411,0.447895152222222,3.411
0.448134561388889,3.411,0.448214031944444,3.411,0.448173294722222,3.411
0.448412488333333,3.411,0.448491559166667,3.411,0.44845115,3.411
0.448690515,3.411,0.448769771388889,3.411,0.448729067222222,3.411
0.448968303888889,3.411,0.449047746944444,3.411,0.449006862222222,3.411
0.449246539444444,3.4,0.449325618888889,3.411,0.449284572222222,3.411
0.449524148611111,3.411,0.449603546388889,3.411,0.449562416388889,3.411
0.449801818055556,3.4,0.44988104,3.411,0.449840490555556,3.411
0.4500798375,3.411,0.450159173055556,3.411,0.450118549722222,3.411
0.450357655555556,3.4,0.450437151666667,3.411,0.450396192222222,3.411
0.450635295277778,3.411,0.450715098611111,3.411,0.450674277222222,3.411
0.450913143333333,3.411,0.450992628055556,3.411,0.450951879166667,3.411
0.451191146388889,3.411,0.451270464444444,3.411,0.451229523333333,3.411
0.451469001111111,3.411,0.451548259166667,3.411,0.451507434722222,3.411
0.451747021111111,3.411,0.451826242777778,3.411,0.4517852325,3.411
0.452024946111111,3.411,0.452103769722222,3.411,0.452063057222222,3.411
0.452303007222222,3.411,0.452382256666667,3.411,0.452340438333333,3.411
0.4525809175,3.411,0.452660206111111,3.411,0.452618836944444,3.411
0.452858810555556,3.411,0.452937703611111,3.411,0.452896780833333,3.411
0.453136345833333,3.411,0.453215935,3.411,0.453174719444444,3.411
0.453414114166667,3.411,0.453494018055556,3.411,0.453452886111111,3.411
0.453691915277778,3.4,0.453771781388889,3.411,0.453730543055556,3.411
0.453969868611111,3.411,0.454049686111111,3.411,0.454008252222222,3.411
0.4542476475,3.411,0.454327753333333,3.411,0.454286137222222,3.411
0.454525614444444,3.411,0.454605441388889,3.411,0.454564047222222,3.411
0.454803067222222,3.411,0.454883239722222,3.411,0.4548420175,3.411
0.455081341944444,3.411,0.455161581666667,3.411,0.455119479722222,3.411
0.455359219444444,3.411,0.455439091666667,3.411,0.455397323611111,3.411
0.455636925555556,3.411,0.455717060833333,3.411,0.455675156944444,3.411
0.455914775555556,3.411,0.455994811666667,3.411,0.455953269444444,3.411
0.456192513055556,3.411,0.4562727925,3.411,0.456231035,3.411
0.456470425555556,3.411,0.456550779166667,3.411,0.456508926666667,3.411
0.456748083333333,3.411,0.456828245,3.411,0.456787305555556,3.411
0.457025865555556,3.411,0.457106411111111,3.411,0.457065416944444,3.411
0.457303596111111,3.411,0.457384314166667,3.411,0.457343251666667,3.411
0.457581400833333,3.411,0.457662217777778,3.411,0.457621253055556,3.411
0.457858972222222,3.411,0.457940113888889,3.411,0.457899156944444,3.411
0.458136845555556,3.411,0.458217804444444,3.411,0.4581775225,3.411
0.458414718611111,3.411,0.458495643888889,3.411,0.458455106111111,3.411
0.458692467777778,3.411,0.458773245277778,3.411,0.458733133611111,3.411
0.458970413888889,3.411,0.4590514725,3.411,0.459011004444444,3.421
0.459248225277778,3.411,0.459329075555556,3.411,0.459288991944444,3.411
0.45952595,3.411,0.459606839166667,3.411,0.459566882777778,3.411
0.459803690555556,3.411,0.459884808333333,3.411,0.459844654444444,3.411
0.460081856388889,3.411,0.460162736666667,3.411,0.460122490833333,3.411
0.460359645833333,3.411,0.460440913888889,3.411,0.460400505277778,3.411
0.460637415,3.411,0.460718713611111,3.411,0.460678268055556,3.411
0.460915404166667,3.411,0.460996274444444,3.411,0.460956195277778,3.411
0.461193224166667,3.411,0.461274264444444,3.411,0.461233918333333,3.411
0.461470988055556,3.411,0.461552195833333,3.411,0.461511532777778,3.411
0.461748924444444,3.411,0.46183008,3.411,0.461789286944444,3.411
0.462026781944444,3.411,0.462107386944444,3.411,0.46206714,3.411
0.462304836666667,3.411,0.462385489166667,3.411,0.462345002222222,3.411
0.462582486666667,3.411,0.462663308333333,3.411,0.462622881944444,3.411
0.462860160555556,3.411,0.462941024444444,3.411,0.462900476388889,3.411
0.463138207777778,3.411,0.463219159444444,3.411,0.463177951666667,3.411
0.463415980833333,3.411,0.463497017222222,3.411,0.463455705555556,3.411
0.46369384,3.411,0.463775432777778,3.411,0.463733699166667,3.411
0.4639714975,3.411,0.464053315,3.411,0.464011783888889,3.421
0.464249628888889,3.411,0.4643315575,3.411,0.464289793611111,3.411
0.464527373055556,3.411,0.464609328611111,3.411,0.464567400277778,3.421
0.464805409166667,3.411,0.464887043611111,3.411,0.464845333055556,3.411
0.465083146111111,3.411,0.465165080555556,3.411,0.465123442222222,3.411
0.465360827777778,3.411,0.465442988611111,3.411,0.465401396111111,3.411
0.465638766944444,3.411,0.465720613611111,3.411,0.465679046666667,3.411
0.4659161425,3.411,0.465998701388889,3.411,0.465956871388889,3.411
0.466194013888889,3.411,0.466276270277778,3.411,0.466234751944444,3.411
0.466471751111111,3.411,0.466554045555556,3.411,0.466512479166667,3.411
0.4667498525,3.411,0.466831991111111,3.411,0.466790105833333,3.411
0.467027648333333,3.411,0.4671096075,3.411,0.467068078055556,3.411
0.467305445277778,3.411,0.467387166388889,3.411,0.467345653333333,3.411
0.467583583888889,3.411,0.467665264722222,3.411,0.467623198888889,3.411
0.467861588611111,3.411,0.467942721666667,3.411,0.467901457222222,3.411
0.468139441666667,3.411,0.468220933611111,3.411,0.468179063611111,3.411
0.468417288611111,3.411,0.46849902,3.411,0.468457161111111,3.411
0.468694961666667,3.411,0.468776552222222,3.411,0.468734889444444,3.411
0.468972839722222,3.411,0.469054528888889,3.411,0.469012801388889,3.411
0.469250739166667,3.411,0.4693323825,3.411,0.469290516388889,3.411
0.469528761388889,3.411,0.469610386666667,3.411,0.469568631666667,3.411
0.469806085833333,3.411,0.469887848055556,3.411,0.469846513888889,3.411
0.470084265,3.411,0.470165444722222,3.411,0.470124128888889,3.411
0.470362208888889,3.411,0.470443578611111,3.411,0.470402224444444,3.411
0.4706397875,3.411,0.470721106388889,3.411,0.470679999444444,3.411
0.470917717222222,3.411,0.470999100277778,3.411,0.470958235555556,3.411
0.471195307777778,3.411,0.471276653333333,3.411,0.471236171666667,3.411
0.471473445,3.411,0.471554840833333,3.411,0.471514231944444,3.411
0.471751135,3.411,0.471832711388889,3.411,0.471791613055556,3.411
0.472028668055556,3.411,0.472110429166667,3.411,0.472069529444444,3.411
0.472306928333333,3.411,0.4723883375,3.411,0.472347863333333,3.411
0.472584539722222,3.411,0.472666090555556,3.411,0.47262566,3.411
0.472862601666667,3.411,0.472943779166667,3.411,0.472903625277778,3.411
0.473140763333333,3.411,0.473221687777778,3.411,0.4731812325,3.411
0.4734184175,3.4,0.473499455555556,3.411,0.473459326111111,3.411
0.473696196388889,3.411,0.47377742,3.411,0.473736815,3.411
0.473974079444444,3.411,0.474055347222222,3.411,0.474015055277778,3.411
0.474251773611111,3.411,0.474333178888889,3.411,0.474292362222222,3.411
0.474529621944444,3.411,0.474610946666667,3.411,0.474570527222222,3.411
0.474807492777778,3.411,0.474888850833333,3.411,0.474848357777778,3.411
0.475085497222222,3.411,0.475166777222222,3.411,0.475125978611111,3.411
0.475363258611111,3.411,0.475444731666667,3.411,0.475404295833333,3.411
0.475641165277778,3.411,0.475722743055556,3.411,0.475682445,3.411
0.475918888611111,3.411,0.476000219166667,3.411,0.47596027,3.411
0.476196752777778,3.411,0.476278470555556,3.411,0.476238198055556,3.421
0.476474616388889,3.411,0.476556293055556,3.411,0.476516344722222,3.411
0.476752477222222,3.411,0.4768338525,3.411,0.476794215555556,3.411
0.477030321944444,3.411,0.477111746666667,3.411,0.47707174,3.411
0.477307962777778,3.411,0.477390076944444,3.411,0.477349554722222,3.411
0.477585871388889,3.411,0.477667685277778,3.411,0.477627490277778,3.411
0.477863680833333,3.411,0.477945524444444,3.411,0.477905395,3.411
0.4781413975,3.411,0.478223289166667,3.411,0.478183168055556,3.411
0.478419329444444,3.411,0.4785013825,3.411,0.478461139444444,3.411
0.478697141944444,3.4,0.478779150555556,3.411,0.478738491666667,3.411
0.478974960555556,3.411,0.479056859166667,3.411,0.4790168425,3.411
0.479253316111111,3.411,0.4793347225,3.411,0.479294471666667,3.411
0.479531240833333,3.411,0.4796127875,3.411,0.479572681666667,3.421
0.479808999166667,3.411,0.479890701944444,3.411,0.479850723611111,3.411
0.480086611944444,3.411,0.480168643055556,3.411,0.480128544444444,3.411
0.480364453333333,3.411,0.480446348333333,3.411,0.480406504722222,3.411
0.480642180277778,3.411,0.480724114444444,3.411,0.480684270277778,3.411
0.480920405833333,3.411,0.481001855277778,3.411,0.480962090555556,3.411
0.481198478333333,3.411,0.481279711666667,3.411,0.481239764444444,3.411
0.481476610555556,3.411,0.481557400277778,3.411,0.4815178125,3.411
0.481754069166667,3.4,0.481835500277778,3.411,0.481795646111111,3.411
0.482032156388889,3.411,0.482113669444444,3.411,0.4820732375,3.411
0.482310033055556,3.411,0.482391273611111,3.411,0.482351395555556,3.421
0.482587971944444,3.411,0.482669105,3.411,0.482629279166667,3.411
0.482865348055556,3.4,0.482946578333333,3.411,0.482907300277778,3.411
0.48314337,3.411,0.483224746388889,3.411,0.483184855833333,3.411
0.483421328888889,3.411,0.483502589722222,3.411,0.483462715833333,3.411
0.483699417222222,3.411,0.48378051,3.411,0.483740802222222,3.411
0.483977336666667,3.411,0.484058474722222,3.411,0.484018692222222,3.421
0.484255459722222,3.411,0.484336169166667,3.411,0.484296246944444,3.411
0.484532876944444,3.411,0.484613944444444,3.411,0.484574297222222,3.421
0.4848108225,3.411,0.484891583888889,3.411,0.484852115833333,3.411
0.485088615277778,3.411,0.485169489444444,3.411,0.485129973611111,3.411
0.4853664925,3.411,0.4854473275,3.411,0.485407889444444,3.411
0.485644391388889,3.411,0.485725073055556,3.411,0.485685802222222,3.411
0.485922436944444,3.411,0.486002705833333,3.411,0.485963979722222,3.411
0.486199987777778,3.411,0.486280685555556,3.411,0.486241641666667,3.411
0.486478336666667,3.411,0.486558762777778,3.411,0.486519436111111,3.411
0.486756337222222,3.411,0.486836461666667,3.411,0.486797319166667,3.411
0.487034286111111,3.411,0.487114258888889,3.411,0.487075045833333,3.411
0.487312095277778,3.411,0.4873923125,3.411,0.487352805833333,3.411
0.487589909444444,3.411,0.487670121666667,3.411,0.487630747222222,3.411
0.487867678888889,3.411,0.487948286388889,3.411,0.487908225,3.411
0.4881454475,3.411,0.488226215,3.411,0.488186750833333,3.411
0.488423119166667,3.411,0.488503713055556,3.411,0.488464466111111,3.411
0.488700918611111,3.411,0.488781669722222,3.411,0.488742010555556,3.411
0.488978705555556,3.411,0.489059591944444,3.411,0.489020339166667,3.411
0.489256523055556,3.411,0.489337487222222,3.411,0.489297773055556,3.411
0.489534497222222,3.411,0.489615455833333,3.411,0.4895760075,3.411
0.489811939444444,3.411,0.48989341,3.411,0.489853861111111,3.411
0.490090253055556,3.411,0.490171011944444,3.411,0.490131691666667,3.411
0.490367906944444,3.411,0.490449175833333,3.411,0.490409549722222,3.411
0.490646209444444,3.411,0.490726898888889,3.411,0.490687816666667,3.411
0.490924174444444,3.411,0.491004328333333,3.411,0.490965235555556,3.411
0.491201945555556,3.411,0.491282571666667,3.411,0.491243337777778,3.411
0.491479846388889,3.411,0.491559919444444,3.411,0.491521251666667,3.411
0.491757376111111,3.411,0.491838472777778,3.411,0.491799389166667,3.411
0.492035490555556,3.411,0.492116140555556,3.411,0.492077123888889,3.411
0.492313533888889,3.411,0.492393898611111,3.411,0.492355362222222,3.411
0.492591541111111,3.411,0.492671276666667,3.411,0.492633174722222,3.421
0.492869168333333,3.411,0.492949576111111,3.411,0.492911035,3.411
0.493147347777778,3.411,0.493227526388889,3.411,0.493189181388889,3.411
0.493424798888889,3.411,0.493505249166667,3.411,0.493466864444444,3.411
0.493702773055556,3.411,0.493783151666667,3.411,0.493744893055556,3.411
0.493981066944444,3.411,0.494060730833333,3.411,0.494022599722222,3.411
0.494258651944444,3.411,0.494338426666667,3.411,0.494300628888889,3.421
0.494536648055556,3.411,0.494616870277778,3.411,0.494578184722222,3.411
0.494814429444444,3.411,0.494894631944444,3.411,0.494855944722222,3.411
0.495092453055556,3.411,0.495172799166667,3.411,0.495133716944444,3.411
0.495370424722222,3.411,0.495450671666667,3.411,0.495411355,3.411
0.495648508055556,3.411,0.495728501666667,3.411,0.495689484722222,3.411
0.495926293333333,3.411,0.496006546944444,3.411,0.495967040833333,3.411
0.496204095833333,3.411,0.496284515,3.411,0.496245135277778,3.421
0.496481950277778,3.411,0.496562117777778,3.411,0.496523069166667,3.411
0.496759718611111,3.411,0.496839769444444,3.411,0.496800991944444,3.421
0.497037951666667,3.411,0.497117525,3.411,0.497079000277778,3.411
0.497315631944444,3.411,0.49739524,3.411,0.497356718333333,3.411
0.497593377222222,3.411,0.497673453055556,3.411,0.497634373888889,3.411
0.497871254166667,3.411,0.497951347222222,3.411,0.497912404166667,3.421
0.498148858611111,3.411,0.498229119722222,3.411,0.498190055555556,3.411
0.498427431666667,3.411,0.498507108333333,3.411,0.4984679475,3.411
0.498705733055556,3.411,0.498785016944444,3.411,0.498746093055556,3.421
0.498983549722222,3.411,0.499062586111111,3.411,0.499023530833333,3.411
0.499261130555556,3.411,0.499340635277778,3.411,0.499301581944444,3.411
0.499539269444444,3.411,0.499618745555556,3.411,0.499579338611111,3.411
0.499817135277778,3.411,0.4998963375,3.411,0.499857261388889,3.411
0.500095004722222,3.411,0.500174272777778,3.411,0.500135303333333,3.421
0.500372901944444,3.411,0.500452368333333,3.411,0.500412921388889,3.411
0.500650758333333,3.411,0.500729937222222,3.411,0.500690623055556,3.421
0.500928553888889,3.411,0.501007673333333,3.411,0.500968273611111,3.411
0.501206623888889,3.411,0.5012852675,3.411,0.501246253611111,3.421
0.501484475,3.411,0.501563433888889,3.411,0.501524284722222,3.411
0.501762548333333,3.411,0.501841454722222,3.411,0.501802022777778,3.421
0.502040430833333,3.411,0.502118775833333,3.411,0.5020799225,3.421
0.502317843333333,3.411,0.502396989444444,3.411,0.502357748611111,3.411
0.5025959075,3.411,0.5026750825,3.411,0.502635669444444,3.421
0.502873405833333,3.411,0.502953122777778,3.411,0.5029131925,3.421
0.503151593333333,3.411,0.503231216388889,3.411,0.503191210555556,3.411
0.503429805277778,3.411,0.503508831944444,3.411,0.503468821944444,3.421
0.503707482777778,3.411,0.503786806944444,3.411,0.503746694722222,3.411
0.503985475,3.411,0.504064506666667,3.411,0.504024393888889,3.411
0.504263253611111,3.411,0.504342316944444,3.411,0.504301835,3.411
0.504540601944444,3.411,0.504620004444444,3.411,0.504579786666667,3.411
0.504818591388889,3.411,0.504898260833333,3.411,0.504858036388889,3.421
0.505096458333333,3.411,0.505175967222222,3.411,0.505135768333333,3.421
0.505374258888889,3.411,0.505453941666667,3.411,0.505413478888889,3.411
0.505651981944444,3.411,0.505731971111111,3.411,0.505691618333333,3.411
0.505930183333333,3.411,0.506009823611111,3.411,0.505969278055556,3.411
0.506208028333333,3.411,0.506287669722222,3.411,0.506247307777778,3.411
0.506485776666667,3.411,0.506565929444444,3.411,0.506524820277778,3.421
0.506763338333333,3.411,0.506843632777778,3.411,0.506802600555556,3.411
0.507041087222222,3.411,0.507121771944444,3.411,0.507080724444444,3.421
0.507319284166667,3.411,0.507399778333333,3.411,0.507358471666667,3.411
0.507597707222222,3.411,0.507677098888889,3.411,0.507636378055556,3.411
0.507875683888889,3.411,0.507955303888889,3.411,0.507914065277778,3.411
0.508153323333333,3.411,0.5082329175,3.411,0.508192143055556,3.421
0.508431077777778,3.411,0.50851085,3.411,0.508469625833333,3.411
0.508709091111111,3.411,0.508788788055556,3.411,0.508747525555556,3.411
0.508986846111111,3.411,0.509066548888889,3.411,0.50902566,3.411
0.509264513888889,3.411,0.509344616388889,3.411,0.509303596666667,3.411
0.509542581111111,3.411,0.509622326388889,3.411,0.509581740833333,3.411
0.509820235277778,3.411,0.509900029722222,3.411,0.509859425277778,3.421
0.510098114444444,3.411,0.510177620277778,3.411,0.510137002222222,3.411
0.510375544722222,3.411,0.510455513333333,3.411,0.510415214166667,3.421
0.510653630277778,3.411,0.510733343888889,3.411,0.510693091944444,3.411
0.510931518333333,3.411,0.511011264722222,3.411,0.510971029166667,3.411
0.511209401111111,3.411,0.511289079444444,3.411,0.511248509166667,3.411
0.511486659722222,3.411,0.511566559722222,3.411,0.511526985555556,3.421
0.51176465,3.411,0.511845043888889,3.411,0.511804737222222,3.411
0.512042596111111,3.411,0.512122681666667,3.411,0.512082638611111,3.411
0.512320372777778,3.411,0.5124005275,3.411,0.512360461944445,3.421
0.51259815,3.411,0.512678470555555,3.411,0.512638318055556,3.411
0.512875932222222,3.411,0.512956248055556,3.411,0.512916165,3.421
0.513153925,3.411,0.513234115555556,3.411,0.513193870277778,3.411
0.513432092777778,3.411,0.513512083055556,3.411,0.513471686666667,3.411
0.513709837222222,3.411,0.513789700555556,3.411,0.513749530833333,3.411
0.513987441388889,3.411,0.514067909722222,3.411,0.514027398333333,3.421
0.514265219166667,3.411,0.514345493055556,3.411,0.514305137777778,3.411
0.514543161388889,3.411,0.514623547222222,3.411,0.514582630277778,3.411
0.514820850555556,3.411,0.514901457777778,3.411,0.514860825833333,3.421
0.515098762777778,3.411,0.515179434722222,3.411,0.515138950555555,3.421
0.515376499722222,3.411,0.515457153611111,3.411,0.515416689722222,3.421
0.515654572777778,3.411,0.515735356944445,3.411,0.515694346666667,3.411
0.515932526944444,3.411,0.516012847777778,3.411,0.515972652222222,3.421
0.5162103075,3.411,0.516290854444444,3.411,0.516250079444444,3.421
0.516488028333333,3.411,0.516568826111111,3.411,0.516528043888889,3.411
0.516766239166667,3.411,0.516847036388889,3.411,0.516805977222222,3.421
0.517043897777778,3.411,0.517124931388889,3.411,0.517084002777778,3.421
0.517322036944444,3.411,0.517402845555555,3.411,0.517361809166667,3.421
0.517600089166667,3.411,0.517680759722222,3.411,0.517639395277778,3.421
0.517877616388889,3.411,0.517958429722222,3.411,0.517917244166667,3.411
0.518156032222222,3.411,0.518236296666667,3.411,0.518195149444444,3.411
0.518433923888889,3.411,0.518514448611111,3.411,0.518473171111111,3.421
0.518711616666667,3.411,0.518792133055556,3.411,0.518751181388889,3.411
0.518989893611111,3.411,0.519069836388889,3.411,0.519028898888889,3.411
0.519267405555556,3.411,0.519347780277778,3.411,0.519306760555556,3.421
0.519545465277778,3.411,0.519625789444444,3.411,0.519584560833333,3.421
0.519823063888889,3.411,0.51990387,3.411,0.519862610555556,3.421
0.520101395277778,3.411,0.520181566666667,3.411,0.520140144722222,3.411
0.520379388611111,3.411,0.520459449722222,3.411,0.520418173611111,3.411
0.520657190555556,3.411,0.520737268333333,3.411,0.5206958625,3.411
0.520935116388889,3.411,0.521014975555556,3.411,0.5209740075,3.411
0.521212679722222,3.411,0.521293180555556,3.411,0.521251931666667,3.411
0.521490528611111,3.411,0.521570715,3.411,0.521529300833333,3.421
0.521768062777778,3.411,0.521848891944445,3.411,0.521807153333333,3.421
0.522046250555556,3.411,0.522126425555556,3.411,0.522085533055555,3.411
0.522324298888889,3.411,0.522404243888889,3.411,0.522363219166667,3.411
0.5226016825,3.411,0.522682318888889,3.411,0.522641442222222,3.421
0.522879646111111,3.411,0.522959988611111,3.411,0.522919152777778,3.411
0.523158083333333,3.411,0.523237907777778,3.411,0.523196783055556,3.421
0.523436234444444,3.411,0.523515690833333,3.411,0.523474935277778,3.411
0.523713898055556,3.411,0.523793374166667,3.411,0.523752467777778,3.421
0.523991893888889,3.411,0.524071068611111,3.411,0.524030439722222,3.411
0.524269474166667,3.411,0.524349139444444,3.411,0.524308534722222,3.411
0.5245472975,3.411,0.524626948888889,3.411,0.524586387222222,3.421
0.524825035,3.411,0.524905157222222,3.411,0.524864312777778,3.421
0.525103215,3.411,0.525182929166667,3.411,0.525141876666667,3.411
0.525380831388889,3.411,0.525460612777778,3.411,0.525419579166667,3.421
0.525658766111111,3.411,0.525738413055556,3.411,0.525697578611111,3.421
0.525936571111111,3.411,0.526016323055556,3.411,0.525975345277778,3.411
0.526213891111111,3.411,0.526294075555556,3.411,0.526252904166667,3.421
0.526492316388889,3.411,0.526571549444445,3.411,0.526530763055556,3.421
0.526769966388889,3.411,0.526849993333333,3.411,0.526808714444444,3.411
0.527047741944444,3.411,0.527127408055556,3.411,0.527086246666667,3.411
0.527325622777778,3.411,0.527405541666667,3.411,0.527364306111111,3.421
0.527603709722222,3.411,0.527683665277778,3.411,0.527642333611111,3.421
0.527881783055556,3.411,0.527961060555556,3.411,0.527920093333333,3.411
0.528159544166667,3.411,0.528239577222222,3.411,0.528197803888889,3.411
0.528437480555556,3.411,0.528517296944444,3.411,0.528475269444444,3.411
0.528715486666667,3.411,0.528795394166667,3.411,0.528753429166667,3.411
0.528993538055556,3.411,0.529073073333333,3.411,0.529031493611111,3.421
0.529271603055556,3.411,0.529351200277778,3.411,0.5293093125,3.421
0.5295493525,3.411,0.529629298055556,3.411,0.529586956388889,3.411
0.529827545,3.411,0.5299071425,3.411,0.529864898333333,3.421
0.530105476111111,3.411,0.530184772222222,3.411,0.530142825555556,3.421
0.530383256388889,3.411,0.530462935833333,3.411,0.530421198611111,3.411
0.530661310277778,3.411,0.530740825833333,3.411,0.530698791944444,3.421
0.530939126944444,3.411,0.531018635277778,3.411,0.530976364722222,3.411
0.531217097222222,3.411,0.531296236666667,3.411,0.531254385,3.411
0.531494889444444,3.411,0.531574147222222,3.411,0.531532238055556,3.411
0.531772738333333,3.411,0.531851941666667,3.411,0.531810654722222,3.411
0.532050913055556,3.411,0.532129505,3.411,0.53208826,3.411
0.532329018333333,3.411,0.532407606111111,3.411,0.532366240277778,3.411
0.532606637777778,3.411,0.532685486666667,3.411,0.532644285277778,3.421
0.532884583333333,3.411,0.5329637575,3.411,0.5329220175,3.421
0.533162454722222,3.411,0.533241067777778,3.411,0.533199919722222,3.421
0.533440362222222,3.411,0.533519309444444,3.411,0.533477691388889,3.411
0.533718595833333,3.411,0.533797209722222,3.411,0.533755597222222,3.411
0.533996606111111,3.411,0.534075116666667,3.411,0.534033628055556,3.411
0.534274586388889,3.411,0.534353436944444,3.411,0.5343116175,3.421
0.534552421944444,3.411,0.534631144444444,3.411,0.534589738611111,3.421
0.534830303333333,3.411,0.534908883611111,3.411,0.534867171944444,3.421
0.535108277222222,3.411,0.535186506388889,3.411,0.535145108055556,3.421
0.535386141666667,3.411,0.535464391388889,3.411,0.535423099166667,3.421
0.5356638275,3.411,0.535742091666667,3.411,0.535701046388889,3.421
0.535941603611111,3.411,0.5360196325,3.411,0.535978733611111,3.421
0.536219682222222,3.411,0.536297853055556,3.411,0.536256616111111,3.421
0.536497525,3.411,0.536575530555556,3.411,0.536534321666667,3.421
0.536775908611111,3.411,0.536853317222222,3.411,0.5368117875,3.421
0.5370535575,3.411,0.537130715833333,3.411,0.537090372777778,3.421
0.537331528888889,3.411,0.537408951388889,3.411,0.537367688611111,3.411
0.537609000833333,3.411,0.537686709166667,3.411,0.537645761666667,3.421
0.537887449444444,3.411,0.537964346111111,3.411,0.537923875,3.421
0.538165031111111,3.411,0.538242066666667,3.411,0.538201566111111,3.411
0.538442711944444,3.411,0.538519936388889,3.411,0.53847925,3.421
0.53872069,3.411,0.5387978725,3.411,0.538757066388889,3.421
0.538998302222222,3.411,0.539075446388889,3.411,0.5390350975,3.421
0.539276240555556,3.411,0.539353698888889,3.411,0.539312994166667,3.411
0.539553793055556,3.411,0.539631325277778,3.411,0.539591127222222,3.421
0.539831853611111,3.411,0.539909078333333,3.411,0.539868820277778,3.421
0.540109730555556,3.411,0.540186874722222,3.411,0.540146353611111,3.421
0.540387442777778,3.411,0.540465055,3.411,0.540424058611111,3.411
0.540665621666667,3.411,0.540742888055556,3.411,0.540702280277778,3.421
0.540943299444444,3.411,0.541020919166667,3.411,0.540980275555556,3.411
0.541221185277778,3.411,0.541298584166667,3.411,0.541258311666667,3.421
0.541499122777778,3.411,0.541576596111111,3.411,0.541535974722222,3.411
0.541777010277778,3.411,0.5418544625,3.411,0.541813734166667,3.421
0.542054683611111,3.411,0.542131939444444,3.411,0.542091745,3.421
0.542332449444444,3.411,0.54240965,3.411,0.542369329166667,3.411
0.542610156666667,3.411,0.542687816388889,3.411,0.542647319166667,3.421
0.542887998333333,3.411,0.542965530555556,3.411,0.5429248875,3.421
0.5431660425,3.411,0.543243526666667,3.411,0.5432028825,3.421
0.543444114444444,3.411,0.543521286944444,3.411,0.543480890833333,3.421
0.543722211666667,3.411,0.543799552222222,3.411,0.543758868055556,3.411
0.544000150277778,3.411,0.544077504166667,3.411,0.544036798611111,3.421
0.544278049444444,3.411,0.544355289166667,3.411,0.544314805555556,3.421
0.544556013055556,3.411,0.544633166666667,3.411,0.544592144444444,3.421
0.544833654166667,3.411,0.544910818333333,3.411,0.544870276111111,3.421
0.545111392777778,3.411,0.545188233611111,3.411,0.545147998611111,3.421
0.545389270555556,3.411,0.545466307222222,3.411,0.545425855277778,3.411
0.545667215,3.411,0.545744355833333,3.411,0.545703696944444,3.421
0.545945101111111,3.411,0.546022185555556,3.411,0.545981417777778,3.411
0.546223003333333,3.411,0.546300105555556,3.411,0.546259244722222,3.421
0.546500925833333,3.411,0.546577666666667,3.411,0.546536526944444,3.421
0.5467787275,3.411,0.546855441388889,3.411,0.546814753333333,3.421
0.547056615555556,3.411,0.547133243888889,3.411,0.547092221111111,3.421
0.547334143055555,3.411,0.547411390277778,3.411,0.547370396666667,3.411
0.547612549722222,3.411,0.547689659166667,3.411,0.547648163055556,3.411
0.547890279444444,3.411,0.547967565555556,3.411,0.547925919444444,3.411
0.548168241666667,3.411,0.548245220277778,3.411,0.548203902222222,3.411
0.548446160555556,3.411,0.548523160277778,3.411,0.548481270555556,3.421
0.54872395,3.411,0.548800765833333,3.411,0.548759455833333,3.411
0.549001766944444,3.411,0.549078580277778,3.411,0.549037293333333,3.421
0.549279740833333,3.411,0.549356476388889,3.411,0.5493152425,3.421
0.549557492777778,3.411,0.549634370277778,3.411,0.549592913055556,3.421
0.549835265,3.411,0.549912558611111,3.411,0.549871081388889,3.421
0.55011289,3.411,0.550190431944445,3.411,0.550149135555556,3.421
0.550390756666667,3.411,0.550468398055555,3.411,0.550426983611111,3.421
0.550668433611111,3.411,0.5507460225,3.411,0.550704934722222,3.421
0.550946506666667,3.411,0.551023978333333,3.411,0.550982817222222,3.411
0.551223882222222,3.411,0.551301816944444,3.411,0.551260372222222,3.411
0.551502126111111,3.411,0.551579539722222,3.411,0.551538380833333,3.421
0.551779796111111,3.411,0.551857358611111,3.411,0.551816456388889,3.421
0.552057465833333,3.411,0.552135230833333,3.411,0.552094541666667,3.421
0.552335436666667,3.411,0.552413022777778,3.411,0.552372516388889,3.411
0.552613151111111,3.411,0.552690957777778,3.411,0.552650294722222,3.421
0.552890660277778,3.411,0.552968555555556,3.411,0.552927941388889,3.421
0.553168352777778,3.411,0.553246475555556,3.411,0.553206000555556,3.421
0.553446298333333,3.411,0.553524029444444,3.411,0.553484001388889,3.411
0.553724035555556,3.411,0.553802088611111,3.411,0.553761981388889,3.421
0.554001635277778,3.411,0.554079649444444,3.411,0.554039733888889,3.421
0.554279922777778,3.411,0.554357849166667,3.411,0.554317588888889,3.421
0.554557549444444,3.411,0.554635409722222,3.411,0.554595503055556,3.421
0.554835444722222,3.411,0.554913030555556,3.411,0.554873310555556,3.421
0.555113533611111,3.411,0.555190983611111,3.411,0.555151213055556,3.411
0.555390868333333,3.411,0.555468808055556,3.411,0.555429091666667,3.421
0.555668730555556,3.411,0.555746840833333,3.411,0.5557069025,3.411
0.555947079166667,3.411,0.556024607222222,3.411,0.555985052222222,3.421
0.556224625555556,3.411,0.556302812222222,3.411,0.556262928055556,3.421
0.556502299444445,3.411,0.556580701666667,3.411,0.5565406775,3.411
0.556780454166667,3.411,0.556858063333333,3.411,0.556818831111111,3.421
0.557057763888889,3.411,0.55713608,3.411,0.557096862777778,3.421
0.557335538055556,3.411,0.557413905,3.411,0.557374570555556,3.421
0.557613792222222,3.411,0.557691986944444,3.411,0.557652464166667,3.421
0.557892006111111,3.411,0.557969323611111,3.411,0.557929868333333,3.421
0.558169934444444,3.411,0.558247387222222,3.411,0.558208072222222,3.421
0.558447850833333,3.411,0.558525136388889,3.411,0.5584858975,3.411
0.558726266111111,3.411,0.558803271388889,3.421,0.558764068055556,3.421
0.559003679166667,3.411,0.559080720555556,3.411,0.559041810277778,3.421
0.559281551666667,3.411,0.559359066944444,3.411,0.559320009166667,3.421
0.559559516666667,3.411,0.559636604166667,3.411,0.559597660833333,3.421
0.559837601111111,3.411,0.559914773055556,3.411,0.559875417777778,3.421
0.560115391388889,3.411,0.560193074444444,3.411,0.560153193611111,3.411
0.560393201111111,3.411,0.560470923888889,3.411,0.560431235277778,3.421
0.560670913055556,3.411,0.560748473055556,3.411,0.560708990555556,3.421
0.560949035,3.411,0.561026133333333,3.411,0.560986942777778,3.421
0.561226778333333,3.411,0.561304096944444,3.411,0.561264491944444,3.421
0.561504656944444,3.411,0.561582085277778,3.411,0.561542355555556,3.421
0.561782574444444,3.411,0.561859976111111,3.421,0.561820236111111,3.421
0.562060644166667,3.411,0.562138147777778,3.411,0.5620978525,3.421
0.562338480555556,3.411,0.56241616,3.411,0.562375706111111,3.421
0.562616496388889,3.411,0.562693918333333,3.421,0.562653549444444,3.421
0.562894695555556,3.411,0.562971763611111,3.411,0.562931063333333,3.421
0.563172704444444,3.411,0.563249738611111,3.421,0.563209227222222,3.421
0.563450404166667,3.411,0.563527556944444,3.421,0.563486721111111,3.421
0.563728462777778,3.411,0.563805211666667,3.411,0.563764785555556,3.421
0.564006451388889,3.411,0.564083082777778,3.411,0.564042470833333,3.421
0.564284333611111,3.411,0.5643609775,3.411,0.564320393333333,3.421
0.564562031944444,3.411,0.5646386025,3.411,0.564598171111111,3.421
0.564840005,3.411,0.564916816111111,3.411,0.564875690833333,3.421
0.565117745833333,3.411,0.565194700833333,3.411,0.565153967222222,3.421
0.565395510833333,3.411,0.565472519166667,3.411,0.565431699722222,3.411
0.565673401666667,3.411,0.565750148055556,3.411,0.565709310277778,3.421
0.565951352777778,3.411,0.566027981111111,3.411,0.565987850555556,3.421
0.566229541666667,3.411,0.566305821666667,3.411,0.566265186111111,3.421
0.566507266111111,3.411,0.566584004722222,3.411,0.566543575277778,3.421
0.566784807222222,3.411,0.566861758888889,3.411,0.5668212025,3.421
0.567063209722222,3.411,0.567139594722222,3.421,0.567099048611111,3.421
0.567341171666667,3.411,0.567417696111111,3.411,0.5673768025,3.421
0.567619293888889,3.411,0.5676958875,3.411,0.567654587222222,3.421
0.567897163055556,3.411,0.567973638333333,3.411,0.5679323325,3.421
0.568174849166667,3.411,0.568251652777778,3.411,0.568210237777778,3.421
0.568452811111111,3.411,0.568529580555556,3.411,0.568488009166667,3.421
0.568730923888889,3.411,0.568807150833333,3.411,0.568765893888889,3.421
0.569008804722222,3.411,0.569085048333333,3.411,0.569043875833333,3.421
0.569286748888889,3.411,0.569362700277778,3.411,0.569321502222222,3.421
0.569564548055556,3.411,0.569640403055556,3.411,0.569599662222222,3.421
0.569842229444444,3.411,0.569917992222222,3.411,0.569877112222222,3.421
0.570120124722222,3.411,0.570196021111111,3.411,0.570155028055556,3.421
0.570397915,3.411,0.570473872222222,3.411,0.570433384722222,3.421
0.570675573055556,3.411,0.570751856111111,3.411,0.570711423888889,3.421
0.570953722222222,3.411,0.571029819166667,3.411,0.570988938611111,3.411
0.571231445555555,3.411,0.571307404722222,3.411,0.571266778611111,3.421
0.571509177222222,3.411,0.571585115833333,3.411,0.571544927222222,3.421
0.571786925,3.411,0.571862971388889,3.411,0.571822615,3.421
0.5720648275,3.411,0.572141162777778,3.411,0.572100763055556,3.421
0.572342870555556,3.411,0.572418639444444,3.411,0.572378264444445,3.421
0.572620942222222,3.411,0.572696775833333,3.411,0.572656028333333,3.421
0.572898454166667,3.411,0.572974418333333,3.411,0.5729342875,3.421
0.573176748611111,3.411,0.573252271666667,3.421,0.573211963611111,3.421
0.573454618333333,3.411,0.573529933611111,3.411,0.573490484444444,3.421
0.573732267222222,3.411,0.573807799444444,3.411,0.573767941388889,3.421
0.574010142777778,3.411,0.574086008333333,3.421,0.574045986388889,3.421
0.574288253888889,3.411,0.574363553333333,3.411,0.574324148888889,3.421
0.574565596111111,3.411,0.574641691666667,3.411,0.574601916111111,3.421
0.574843561944444,3.411,0.574919168888889,3.411,0.57488006,3.421
0.575121354722222,3.411,0.575196819444444,3.411,0.575157816666667,3.421
0.575399292777778,3.411,0.575475104444444,3.411,0.575435914444445,3.421
0.575677123888889,3.411,0.5757523775,3.411,0.575713705833333,3.421
0.5759551125,3.411,0.576030702222222,3.421,0.575991431666667,3.421
0.576232968333333,3.411,0.576308705277778,3.411,0.576269172777778,3.421
0.576510621111111,3.411,0.576586692777778,3.421,0.576547179444444,3.421
0.576788392777778,3.411,0.576864513888889,3.411,0.576825218333333,3.421
0.577066174722222,3.411,0.577142124166667,3.421,0.577103093055556,3.421
0.577344194444445,3.411,0.577420114722222,3.411,0.577381428333333,3.421
0.577621725,3.411,0.577697585555556,3.411,0.577659090277778,3.421
0.577899849444444,3.411,0.5779754525,3.411,0.577937076388889,3.421
0.578177469722222,3.411,0.578253888055556,3.421,0.578214566111111,3.421
0.578455653333333,3.421,0.578531658333333,3.421,0.5784924025,3.421
0.578733356388889,3.411,0.578809786111111,3.411,0.578770414166667,3.421
0.579011075,3.411,0.579088055277778,3.411,0.579048286944444,3.421
0.579289095555556,3.411,0.579365899166667,3.411,0.579326138055556,3.421
0.579566624444444,3.411,0.579643487222222,3.421,0.579603868888889,3.421
0.57984424,3.411,0.579921541666667,3.411,0.579881964166667,3.421
0.580121975833333,3.411,0.580199106666667,3.411,0.580159344444445,3.421
0.580400070555556,3.411,0.580477175833333,3.421,0.580437542777778,3.411
0.5806779925,3.411,0.580755078333333,3.411,0.580715120277778,3.421
0.580955825555555,3.411,0.581032839166667,3.411,0.580993158055556,3.421
0.581233563333333,3.411,0.581310716666667,3.411,0.581270825833333,3.421
0.581511369722222,3.411,0.581588590833333,3.421,0.581548217222222,3.421
0.581789585,3.411,0.581866860555556,3.411,0.5818263725,3.421
0.582067410277778,3.411,0.582144451388889,3.411,0.582104281111111,3.421
0.582345203055556,3.411,0.582422438611111,3.411,0.582382059166667,3.421
0.582623055277778,3.411,0.582699924166667,3.411,0.582660159166667,3.421
0.58290092,3.411,0.582977848611111,3.411,0.582937965,3.421
0.583179031388889,3.411,0.583255502777778,3.411,0.583215778055556,3.421
0.58345668,3.411,0.583533431666667,3.411,0.583493783888889,3.421
0.583734468611111,3.411,0.583811725,3.411,0.583771317222222,3.421
0.5840123075,3.411,0.584089433888889,3.421,0.584049038333333,3.421
0.584290428888889,3.411,0.584367491666667,3.421,0.584327516944444,3.421
0.584568208611111,3.411,0.584645148888889,3.411,0.584605283888889,3.421
0.584845554722222,3.411,0.584923369444444,3.411,0.5848826875,3.411
0.585123648888889,3.411,0.585201061111111,3.411,0.585160679444444,3.421
0.585401373611111,3.411,0.585478677222222,3.411,0.585438869166667,3.421
0.585679014722222,3.411,0.585756375277778,3.411,0.58571658,3.421
0.585957338888889,3.411,0.586034580277778,3.411,0.585994449166667,3.421
0.586235207222222,3.411,0.586312638333333,3.421,0.586272313611111,3.421
0.586513164722222,3.411,0.586590424166667,3.421,0.586549832777778,3.421
0.586791049166667,3.411,0.586868380833333,3.411,0.586827940555556,3.421
0.587069015833333,3.411,0.587145982777778,3.411,0.58710606,3.421
0.587346883055555,3.411,0.587423738333333,3.421,0.587383977222222,3.421
0.587624659722222,3.411,0.587701482222222,3.411,0.587661743888889,3.421
0.587902448333333,3.411,0.587979170555556,3.421,0.587939134722222,3.421
0.588180685833333,3.411,0.588256853611111,3.411,0.588217539166667,3.421
0.588458566388889,3.411,0.588535008611111,3.421,0.588495370555556,3.421
0.588736490277778,3.411,0.588812857222222,3.411,0.588773096388889,3.421
0.589014317222222,3.411,0.589090606111111,3.411,0.589051101111111,3.421
0.589291733888889,3.411,0.589368075,3.421,0.589328729166667,3.421
0.589569796666667,3.411,0.589645741944444,3.411,0.589606968055556,3.421
0.589847545,3.411,0.589923639166667,3.411,0.589884706666667,3.421
0.590125431111111,3.411,0.590201500277778,3.411,0.590162658888889,3.421
0.590403632222222,3.411,0.590479363055556,3.411,0.590440609722222,3.421
0.590681460833333,3.411,0.590757246111111,3.411,0.590718322777778,3.421
0.5909596375,3.411,0.591035409444444,3.411,0.590996379444444,3.421
0.5912373375,3.411,0.591313288055555,3.411,0.591274093611111,3.421
0.591515001666667,3.411,0.591591058888889,3.411,0.591551930555556,3.421
0.591793066666667,3.411,0.591868928333333,3.411,0.5918293775,3.421
0.5920707375,3.411,0.592146607777778,3.421,0.592107580555556,3.421
0.592348569722222,3.411,0.592424365555556,3.411,0.592385614166667,3.421
0.592626200277778,3.411,0.592702254166667,3.411,0.592663290833333,3.421
0.5929039725,3.411,0.592980103611111,3.421,0.592941300277778,3.421
0.593182078055556,3.411,0.593257677222222,3.411,0.593219050833333,3.421
0.593459536944445,3.411,0.593535715555556,3.411,0.593497080833333,3.421
0.593737584722222,3.411,0.593813743888889,3.421,0.593774961666667,3.421
0.594015125833333,3.411,0.594091256666667,3.411,0.5940529425,3.421
0.594292928611111,3.411,0.594368959444444,3.411,0.594330830277778,3.421
0.594571004166667,3.411,0.5946471125,3.421,0.594608558611111,3.421
0.5948486875,3.411,0.594924869444444,3.411,0.594886165833333,3.421
0.595126141944444,3.411,0.595202829166667,3.421,0.595164041388889,3.421
0.595404436666667,3.411,0.595480219444445,3.411,0.595441948333333,3.421
0.595682488333333,3.411,0.595758387222222,3.421,0.595720041666667,3.421
0.595960344444444,3.411,0.596036016111111,3.421,0.595997629166667,3.421
0.596238215277778,3.411,0.596313840833333,3.421,0.596275728888889,3.421
0.596516196388889,3.411,0.596591575277778,3.421,0.596553928888889,3.421
0.596794045277778,3.411,0.596869114166667,3.411,0.596831443333333,3.421
0.597072162777778,3.411,0.59714724,3.411,0.597109299166667,3.421
0.597349536944444,3.411,0.597424776111111,3.411,0.597387482777778,3.421
0.59762755,3.411,0.597702438611111,3.411,0.597665138888889,3.421
0.597905305,3.411,0.597980586111111,3.411,0.597943180277778,3.421
0.598183284722222,3.411,0.5982582425,3.411,0.598220971944444,3.421
0.598460907777778,3.411,0.598536229722222,3.411,0.598499198611111,3.421
0.598738914722222,3.411,0.598814262222222,3.411,0.5987769225,3.421
0.599017090555556,3.411,0.599092207222222,3.411,0.599055078055556,3.421
0.599294418888889,3.421,0.599369778333333,3.411,0.599332994166667,3.421
0.599572655833333,3.411,0.599648198611111,3.421,0.599610755,3.421
0.599850543055556,3.411,0.599926078888889,3.421,0.599888680277778,3.421
0.600128815277778,3.411,0.600203564166667,3.421,0.600166947777778,3.421
0.600406477222222,3.411,0.600482074444444,3.421,0.600444659444444,3.421
0.6006840825,3.411,0.600759973888889,3.421,0.600722564722222,3.421
0.600962209444444,3.411,0.601037761111111,3.411,0.601000333888889,3.421
0.601240206388889,3.411,0.601315816111111,3.411,0.601277923611111,3.421
0.601517715,3.411,0.601593604166667,3.411,0.601555783055555,3.421
0.601796027222222,3.411,0.601871161944444,3.411,0.601833485555555,3.421
0.602073601944444,3.411,0.6021491775,3.411,0.602111169166667,3.421
0.602351608888889,3.411,0.602426884166667,3.421,0.602389282222222,3.421
0.602629620277778,3.421,0.602704966666667,3.411,0.602667228333333,3.421
0.602907122222222,3.411,0.602982672222222,3.421,0.602944582777778,3.421
0.603185161666667,3.411,0.603260621111111,3.421,0.603222805,3.421
0.603462979444444,3.411,0.6035384,3.411,0.6035002075,3.421
0.603740560833333,3.411,0.603816159444444,3.411,0.603778215277778,3.421
0.604018758888889,3.411,0.604093603333333,3.411,0.604055969166667,3.421
0.6042965475,3.411,0.604371664444444,3.411,0.604333941944444,3.421
0.604574306666667,3.411,0.604649382222222,3.421,0.604612300277778,3.421
0.604852230277778,3.411,0.604927293055556,3.421,0.604890034722222,3.421
0.605130195,3.411,0.605204627777778,3.411,0.605167949166667,3.421
0.605407494166667,3.411,0.605483109166667,3.421,0.605445653611111,3.421
0.605685623333333,3.411,0.605761055277778,3.421,0.6057236,3.421
0.605963508055556,3.411,0.606038934166667,3.421,0.606001703333333,3.421
0.606241083888889,3.411,0.606316805277778,3.421,0.606279263888889,3.421
0.606519016111111,3.411,0.606594777222222,3.421,0.606557219722222,3.421
0.606796852222222,3.411,0.606872818611111,3.411,0.606835516111111,3.421
0.607074688333333,3.411,0.607150601944444,3.411,0.6071132475,3.421
0.607352337222222,3.411,0.607428258333333,3.421,0.607390801666667,3.421
0.607629976666667,3.411,0.607706230277778,3.421,0.607668976944444,3.421
0.607908168055555,3.411,0.607984569722222,3.421,0.6079469275,3.421
0.608186011388889,3.411,0.608262430833333,3.421,0.608224681666667,3.421
0.608463886111111,3.411,0.608540145833333,3.421,0.608502524166667,3.421
0.608741746388889,3.411,0.608817995555556,3.421,0.608780195,3.421
0.609019875,3.411,0.609095934722222,3.411,0.609057984444444,3.421
0.609297672777778,3.411,0.609373834444444,3.421,0.609336110555555,3.421
0.609575319722222,3.411,0.609651801388889,3.421,0.609613945,3.421
0.609853037222222,3.411,0.60992956,3.411,0.609891517777778,3.421
0.610131305,3.411,0.610207395555555,3.411,0.610169303055556,3.421
0.610408925,3.411,0.610485302777778,3.421,0.610447449166667,3.421
0.610686740555556,3.411,0.610763049444444,3.411,0.610725357777778,3.421
0.610964821944444,3.411,0.611040636666667,3.421,0.611003449722222,3.421
0.611242589166667,3.411,0.611318529444444,3.421,0.611281454444444,3.421
0.611520386666667,3.411,0.611596120277778,3.421,0.611559514166667,3.421
0.611798233055555,3.421,0.611873965555556,3.421,0.611837133611111,3.421
0.612075971944445,3.411,0.612151925555556,3.421,0.612115386666667,3.421
0.61235374,3.411,0.612429676388889,3.421,0.612393146944444,3.421
0.612631212777778,3.411,0.612707550555556,3.421,0.612670461666667,3.421
0.612909603611111,3.411,0.612985095,3.421,0.612948178888889,3.421
0.613187388888889,3.411,0.613263181388889,3.421,0.613226218611111,3.421
0.613465008888889,3.411,0.613541040833333,3.411,0.613504044444444,3.421
0.613743001944444,3.411,0.613818873611111,3.411,0.613782268888889,3.421
0.61402081,3.411,0.614096838055556,3.421,0.614060655,3.421
0.614298690555556,3.411,0.614374835555556,3.421,0.614338345,3.421
0.614576334444444,3.411,0.614652668333333,3.411,0.61461615,3.421
0.61485421,3.411,0.614930581111111,3.411,0.614893751944444,3.421
0.615131829444444,3.411,0.615208286666667,3.421,0.615171689166667,3.421
0.6154097875,3.411,0.615486314722222,3.421,0.615449053611111,3.421
0.615688000277778,3.411,0.615764539444445,3.411,0.615727195277778,3.421
0.615965657222222,3.411,0.616042155,3.411,0.6160052875,3.421
0.616243510555556,3.411,0.616319914166667,3.421,0.616283709722222,3.421
0.6165209325,3.421,0.616597729444444,3.411,0.616561752777778,3.421
0.616799060555556,3.411,0.616875643611111,3.421,0.616839351944444,3.421
0.617076892222222,3.411,0.617153511111111,3.411,0.617117603888889,3.421
0.6173548525,3.411,0.6174311375,3.411,0.617395241666667,3.421
0.61763253,3.411,0.617709026388889,3.421,0.617673105555556,3.421
0.61791048,3.421,0.617987083333333,3.421,0.617950702777778,3.421
0.618188624722222,3.411,0.618264335833333,3.421,0.618229005833333,3.421
0.618466608055556,3.411,0.618542617222222,3.411,0.618506655833333,3.421
0.618744213611111,3.411,0.618820948333333,3.411,0.618784370555555,3.421
0.619022352222222,3.411,0.619098731944444,3.421,0.619062488055556,3.421
0.619299951111111,3.411,0.619376375555555,3.411,0.619340448611111,3.421
0.619577821111111,3.411,0.619654075277778,3.421,0.6196184325,3.421
0.619855616944444,3.411,0.619932007222222,3.421,0.619896100555556,3.421
0.620133840555556,3.411,0.620209678888889,3.421,0.620173980277778,3.421
0.620411798055556,3.411,0.620487585277778,3.421,0.620451768333333,3.421
0.620689349166667,3.411,0.620765669444444,3.421,0.620729975,3.421
0.620967324444444,3.411,0.621043634444444,3.421,0.621007866388889,3.421
0.621244846388889,3.421,0.621321048333333,3.421,0.621285398611111,3.421
0.621522581944444,3.411,0.621599255277778,3.421,0.621564031111111,3.421
0.621800540277778,3.411,0.621876840555555,3.421,0.621841587222222,3.421
0.62207848,3.411,0.622154961666667,3.411,0.622119716388889,3.421
0.622356805555556,3.411,0.622432395833333,3.421,0.622397860277778,3.421
0.622634701111111,3.411,0.622710523611111,3.421,0.622675679166667,3.421
0.622912487222222,3.411,0.622988408333333,3.421,0.6229537375,3.421
0.623190358333333,3.411,0.623266265555556,3.411,0.623231685,3.421
0.623467833888889,3.411,0.623544423611111,3.421,0.623509311944444,3.421
0.623746186666667,3.411,0.623822469722222,3.411,0.623787286388889,3.421
0.624023903055556,3.411,0.624100068055556,3.421,0.624065329444444,3.421
0.624301865277778,3.411,0.624378483055556,3.411,0.624342968888889,3.421
0.624579431666667,3.411,0.6246561825,3.421,0.624620811944444,3.421
0.624857310555556,3.411,0.624933849166667,3.421,0.624898593333333,3.421
0.625135272222222,3.411,0.6252115475,3.411,0.625176249722222,3.421
0.625413151944444,3.411,0.6254893825,3.421,0.625454197222222,3.421
0.625690996666667,3.411,0.625767136944444,3.421,0.625731896111111,3.421
0.625968323611111,3.411,0.626045154722222,3.421,0.626009814166667,3.421
0.626246408888889,3.411,0.626323233611111,3.421,0.626287766111111,3.421
0.626524616388889,3.411,0.626601280555556,3.421,0.626565553611111,3.421
0.626802645,3.411,0.626879066111111,3.421,0.626842901388889,3.421
0.627080395833333,3.411,0.627156765555556,3.421,0.627121198055556,3.421
0.627358286666667,3.411,0.627434694166667,3.421,0.627398970833333,3.421
0.627636063333333,3.411,0.6277125025,3.421,0.627677273055556,3.421
0.627913916388889,3.411,0.627990434722222,3.421,0.627954665277778,3.421
0.628191943055556,3.411,0.628268364444444,3.421,0.628232375555556,3.421
0.628469977222222,3.421,0.628545930277778,3.421,0.628510472777778,3.421
0.628747943055556,3.411,0.628823828611111,3.421,0.628788705277778,3.421
0.629025313333333,3.411,0.629102134166667,3.421,0.629066495555556,3.421
0.629303076388889,3.411,0.629380086388889,3.421,0.629344229444444,3.421
0.629581049444444,3.421,0.629657735,3.421,0.629622055833333,3.421
0.629858905277778,3.411,0.629935649722222,3.421,0.629899869166667,3.421
0.6301368325,3.411,0.630213210555556,3.421,0.630177607222222,3.421
0.630414919722222,3.411,0.630491070555556,3.411,0.630455691944445,3.421
0.630692612777778,3.411,0.630769035833333,3.421,0.630733341111111,3.421
0.630970609722222,3.421,0.631046635277778,3.421,0.631011020277778,3.421
0.631248720833333,3.411,0.631324437777778,3.411,0.631288987222222,3.421
0.631526409166667,3.411,0.631602363611111,3.421,0.631567001944444,3.421
0.631804576666667,3.411,0.631880378333333,3.421,0.631844628333333,3.421
0.632081979444444,3.411,0.632158196111111,3.421,0.632122298055556,3.421
0.632360152777778,3.411,0.6324357525,3.421,0.632400270277778,3.421
0.632638132222222,3.421,0.632713489722222,3.421,0.632678051388889,3.421
0.632916249166667,3.411,0.6329917075,3.421,0.632955861111111,3.421
0.63319413,3.411,0.633269288333333,3.421,0.633233591666667,3.421
0.633472065,3.411,0.633547269444444,3.421,0.633511376388889,3.421
0.633750087777778,3.421,0.633824960833333,3.421,0.633789149722222,3.421
0.634027950555556,3.411,0.634102895555556,3.421,0.634067250555555,3.421
0.634305401388889,3.411,0.634381051666667,3.411,0.634345190555556,3.421
0.634583302777778,3.411,0.634658946111111,3.411,0.634623107777778,3.421
0.634861064444444,3.411,0.634937252222222,3.411,0.634900744444444,3.421
0.635138959166667,3.411,0.635214822777778,3.421,0.635178663055556,3.421
0.635416955,3.411,0.635492973611111,3.421,0.635456194722222,3.421
0.635694963333333,3.411,0.635770949722222,3.421,0.635734029722222,3.421
0.63597302,3.411,0.636048791944444,3.421,0.636012087222222,3.421
0.636251065833333,3.421,0.636326735,3.421,0.636289877222222,3.421
0.636529076111111,3.411,0.636604951388889,3.421,0.636567723888889,3.421
0.636806944166667,3.411,0.6368826675,3.421,0.636845411388889,3.421
0.6370850775,3.411,0.637160673055556,3.421,0.637123688055556,3.421
0.637362649722222,3.411,0.637438488611111,3.421,0.637401283055556,3.421
0.637640337777778,3.421,0.637716413055555,3.411,0.637679240555556,3.421
0.637918466944444,3.421,0.63799379,3.421,0.637957022777778,3.421
0.638196348611111,3.421,0.638272018055556,3.421,0.638234552222222,3.421
0.6384745125,3.411,0.638550033611111,3.421,0.638512508333333,3.421
0.638752382222222,3.411,0.638827384166667,3.421,0.638790228333333,3.421
0.639030646944444,3.411,0.63910559,3.421,0.639068108611111,3.421
0.639308420555556,3.421,0.639383679166667,3.421,0.639345633055556,3.421
0.639586263611111,3.411,0.639661309722222,3.421,0.639623491666667,3.421
0.639863995833333,3.411,0.639939204444444,3.421,0.639901688333333,3.421
0.640141646111111,3.411,0.64021707,3.421,0.640179751666667,3.421
0.640419871944444,3.411,0.640494686944444,3.421,0.640457466388889,3.421
0.640697616666667,3.421,0.640772802222222,3.411,0.640735121111111,3.421
0.640975445,3.421,0.641050828888889,3.421,0.641013419722222,3.421
0.641253248055556,3.411,0.641328328333333,3.421,0.641291134166667,3.421
0.641530960277778,3.421,0.641606268055556,3.411,0.641568916944445,3.421
0.641808699444444,3.411,0.641884534166667,3.421,0.641846591388889,3.421
0.6420868975,3.421,0.642162021111111,3.421,0.642124489166667,3.421
0.642364585277778,3.411,0.642439929166667,3.421,0.642402714166667,3.421
0.6426423425,3.421,0.642718163333333,3.411,0.642680410833333,3.421
0.642920288611111,3.421,0.642995439444444,3.421,0.642958628333333,3.421
0.643198268055556,3.411,0.643273735833333,3.411,0.643236242222222,3.421
0.643475994444444,3.411,0.643551855555556,3.421,0.643513976944444,3.421
0.643753407777778,3.411,0.643829528055556,3.421,0.643791571666667,3.421
0.644031483333333,3.421,0.644107626944444,3.421,0.644069629722222,3.421
0.644309039444444,3.421,0.644385350833333,3.421,0.644347803888889,3.421
0.644587128055556,3.421,0.644663383333333,3.421,0.644625711111111,3.421
0.644864870277778,3.411,0.644941169444444,3.421,0.644903559444444,3.421
0.645142555,3.421,0.6452188275,3.421,0.645181294722222,3.421
0.6454206275,3.411,0.645496733611111,3.421,0.645459129166667,3.421
0.645698458055555,3.421,0.645774220833333,3.421,0.645736747777778,3.421
0.645976239444444,3.421,0.6460518825,3.421,0.646014603055556,3.421
0.646254158888889,3.421,0.646330329444444,3.411,0.646292583888889,3.421
0.646532190555556,3.411,0.646608332222222,3.421,0.646570323611111,3.421
0.646809666111111,3.411,0.646886163888889,3.421,0.64684825,3.421
0.647087305555555,3.421,0.647163979722222,3.421,0.6471258475,3.421
0.647365481666667,3.411,0.647441755555556,3.421,0.647403979722222,3.421
0.647642885277778,3.411,0.647719781111111,3.421,0.647681783611111,3.421
0.647920934166667,3.411,0.647997576666667,3.421,0.647959750555556,3.421
0.648198309166667,3.421,0.648275287777778,3.421,0.648237799166667,3.421
0.648476580555556,3.411,0.648552709444444,3.411,0.648515459166667,3.421
0.648754285,3.411,0.648830929166667,3.411,0.648793359722222,3.421
0.649031923611111,3.421,0.649108820555556,3.421,0.649071333333333,3.421
0.649309944722222,3.421,0.649386557222222,3.421,0.649349288055555,3.421
0.649587797222222,3.411,0.649664961388889,3.421,0.649627265277778,3.421
0.649865729444444,3.421,0.649942808888889,3.421,0.649905115555556,3.421
0.650143339444444,3.421,0.650220773055555,3.421,0.650182889722222,3.421
0.65042125,3.411,0.650498488055556,3.421,0.650460791944445,3.421
0.650698998055556,3.411,0.650776466388889,3.411,0.650739028055556,3.421
0.650976646666667,3.421,0.651054375277778,3.421,0.651016536111111,3.421
0.651254487777778,3.411,0.651331608888889,3.421,0.651294749166667,3.421
0.651531954166667,3.421,0.651610056388889,3.421,0.651572433888889,3.421
0.651810408055556,3.411,0.651887658333333,3.421,0.651850410833333,3.421
0.652088263055556,3.421,0.652165565,3.421,0.652128277222222,3.421
0.652366643055555,3.411,0.652443491388889,3.421,0.652406200555556,3.421
0.652644059722222,3.421,0.652721372222222,3.421,0.6526842225,3.421
0.652922152777778,3.411,0.652999093055555,3.421,0.652961520555556,3.421
0.6532001875,3.421,0.653277341111111,3.421,0.653239801666667,3.421
0.653477741388889,3.421,0.653554763055556,3.421,0.653517408333333,3.421
0.653755571944444,3.411,0.6538328375,3.421,0.653795381388889,3.421
0.65403328,3.421,0.654110193611111,3.421,0.654073336388889,3.421
0.654310973055556,3.411,0.654388340833333,3.421,0.654350955833333,3.421
0.6545888725,3.411,0.654666186111111,3.421,0.654628808611111,3.421
0.654867112777778,3.421,0.654943978333333,3.421,0.654907319722222,3.421
0.655145196944444,3.421,0.655221834166667,3.421,0.655185101944444,3.421
0.655422760555555,3.421,0.655499761111111,3.421,0.655462856111111,3.421
0.655700566111111,3.421,0.65577766,3.421,0.655740534444444,3.421
0.655978376111111,3.421,0.656055523055556,3.421,0.656018388888889,3.421
0.656256245555556,3.421,0.656333476944444,3.421,0.6562963875,3.421
0.656534041111111,3.411,0.6566111525,3.421,0.656574067222222,3.421
0.656811833611111,3.421,0.656888946666667,3.421,0.656852067777778,3.421
0.657089512222222,3.411,0.657166685,3.421,0.657130133888889,3.421
0.657367954166667,3.421,0.657444521111111,3.421,0.657408012777778,3.421
0.657645788611111,3.421,0.657722316388889,3.421,0.657685960833333,3.421
0.657923765277778,3.421,0.657999660833333,3.421,0.657964026388889,3.421
0.658201160833333,3.421,0.658278048888889,3.421,0.65824216,3.421
0.658479398333333,3.411,0.658556073888889,3.421,0.658519908333333,3.421
0.658756891666667,3.411,0.658833746666667,3.421,0.658797664722222,3.421
0.659034658055556,3.421,0.65911136,3.421,0.659075710277778,3.421
0.659312465833333,3.411,0.659389255277778,3.421,0.659353653333333,3.421
0.659590299166667,3.421,0.659667501666667,3.421,0.659631450277778,3.421
0.659868315833333,3.421,0.659945391388889,3.421,0.659909218055556,3.421
0.660145920555556,3.411,0.660223285277778,3.421,0.660187488888889,3.421
0.660423590277778,3.411,0.660500770833333,3.421,0.660464868055556,3.421
0.660701831388889,3.421,0.66077932,3.421,0.660742766111111,3.421
0.660979413333333,3.421,0.661056925,3.421,0.661020536944444,3.421
0.661257288888889,3.421,0.661334611944444,3.421,0.661298184722222,3.421
0.661535253055555,3.411,0.661612540277778,3.421,0.661576252777778,3.421
0.661813502777778,3.421,0.661890331388889,3.421,0.661853888055556,3.421
0.662091264444445,3.421,0.662168213888889,3.421,0.66213196,3.421
0.662369163333333,3.421,0.662446060833333,3.421,0.66240963,3.421
0.662647288611111,3.421,0.662724044166667,3.421,0.662687498333333,3.421
0.662924988333333,3.411,0.663001841666667,3.421,0.66296555,3.421
0.663202741944445,3.411,0.663279727222222,3.421,0.663243257222222,3.421
0.663480754722222,3.411,0.663557459166667,3.421,0.663521332777778,3.421
0.663758508888889,3.421,0.663835238611111,3.421,0.663799026111111,3.421
0.664036358611111,3.411,0.664113301388889,3.421,0.664076795555556,3.421
0.664314366666667,3.421,0.664391052222222,3.421,0.664354793888889,3.421
0.664592193888889,3.411,0.664668904722222,3.421,0.664632685833333,3.421
0.664870048888889,3.411,0.664946584444444,3.421,0.664910597777778,3.421
0.665147780555556,3.411,0.665224125833333,3.421,0.6651882125,3.421
0.665425775555556,3.411,0.665502178333333,3.421,0.665465917222222,3.421
0.665703162222222,3.421,0.665780403055556,3.421,0.665743854722222,3.421
0.665980805555556,3.421,0.666058153611111,3.421,0.666021518055556,3.421
0.666259275,3.421,0.666335923333333,3.421,0.666299569444444,3.421
0.666536825,3.421,0.666613486944444,3.421,0.666577576388889,3.421
0.6668147675,3.411,0.6668911775,3.421,0.666855291944444,3.421
0.667092655833333,3.411,0.667169103888889,3.421,0.667133361666667,3.421
0.667370439722222,3.421,0.667446834166667,3.421,0.6674111875,3.421
0.667648001666667,3.411,0.667724369444444,3.421,0.667688874722222,3.421
0.667925998888889,3.411,0.668002574444444,3.421,0.667966908888889,3.421
0.668204025,3.421,0.668280334444444,3.421,0.668244596111111,3.421
0.668481416111111,3.421,0.66855812,3.421,0.668522546111111,3.421
0.6687597875,3.411,0.668835736666667,3.421,0.668800168055556,3.421
0.669037286388889,3.421,0.669113435277778,3.421,0.669078426388889,3.421
0.669315335,3.411,0.669391517222222,3.421,0.6693564125,3.421
0.669593069444444,3.421,0.6696690425,3.421,0.669634052777778,3.421
0.669870841388889,3.421,0.669946864444444,3.421,0.669911988888889,3.421
0.670149055277778,3.411,0.6702245075,3.411,0.670189698611111,3.421
0.670427148611111,3.421,0.670502843055556,3.421,0.670467820277778,3.421
0.670705169722222,3.421,0.670780604722222,3.421,0.670745735277778,3.421
0.670982630555556,3.411,0.671058253055556,3.421,0.671023927222222,3.421
0.6712603775,3.421,0.671335864166667,3.421,0.671301462777778,3.421
0.671538167777778,3.411,0.671613946944445,3.421,0.671579563888889,3.421
0.671815808611111,3.421,0.671891690555556,3.421,0.671857354722222,3.421
0.6720941325,3.411,0.672169429722222,3.421,0.672135138333333,3.421
0.672371639166667,3.421,0.672447228055555,3.421,0.672412997222222,3.421
0.67264951,3.421,0.672725001944444,3.421,0.672691041666667,3.421
0.672927428611111,3.421,0.673003015,3.421,0.672968858055556,3.421
0.673205207222222,3.421,0.6732807825,3.421,0.673246498333333,3.421
0.673483039722222,3.411,0.673558739444444,3.421,0.673524276388889,3.421
0.673760816111111,3.421,0.6738365025,3.421,0.673801845555556,3.421
0.674038623333333,3.421,0.6741141625,3.421,0.674079588333333,3.421
0.674316604444444,3.421,0.674392126388889,3.421,0.674357771111111,3.421
0.674594583888889,3.411,0.674670109166667,3.421,0.6746355775,3.421
0.674872278611111,3.421,0.674947753611111,3.421,0.674913491111111,3.421
0.675150281944444,3.421,0.675225250833333,3.421,0.675191299166667,3.421
0.675428383055556,3.421,0.675503373888889,3.421,0.675469043611111,3.421
0.675706621111111,3.421,0.675781254722222,3.421,0.675746716944444,3.421
0.675984371666667,3.421,0.676059271944444,3.421,0.676024857777778,3.421
0.676262109444445,3.421,0.676337335555556,3.421,0.676302951666667,3.421
0.6765397525,3.421,0.6766146275,3.421,0.676580796944444,3.421
0.676817325,3.421,0.676892685277778,3.421,0.67685875,3.421
0.677095291388889,3.411,0.677170721944444,3.421,0.677136626666667,3.421
0.677373014722222,3.421,0.677448724722222,3.421,0.677414322222222,3.421
0.677650864722222,3.411,0.677725998055556,3.421,0.677692166944444,3.421
0.677928579722222,3.421,0.678004406111111,3.421,0.677969946666667,3.421
0.678206501111111,3.421,0.678281836666667,3.421,0.678247796111111,3.421
0.678484601111111,3.421,0.678560028333333,3.421,0.678525445,3.421
0.678762460277778,3.421,0.678838131944444,3.421,0.678803137777778,3.421
0.679040034166667,3.421,0.679115994166667,3.421,0.679081129722222,3.421
0.679318282222222,3.421,0.6793939825,3.421,0.679358868888889,3.421
0.679596385,3.421,0.6796715475,3.421,0.679636513611111,3.421
0.679874230555556,3.421,0.679949500555556,3.421,0.679914587777778,3.421
0.680151834444444,3.411,0.680227598055556,3.421,0.68019254,3.421
0.680429950555556,3.411,0.680505199166667,3.421,0.680470403055556,3.421
0.6807076425,3.421,0.680783321944444,3.421,0.680748380833333,3.421
0.680985147222222,3.421,0.681060845,3.421,0.681025915277778,3.421
0.681263154722222,3.421,0.681338898611111,3.421,0.681303696944444,3.421
0.681540687777778,3.411,0.681616567777778,3.421,0.681581453611111,3.421
0.681819084166667,3.421,0.681894311944444,3.421,0.681859800277778,3.421
0.682096633888889,3.421,0.682172265,3.421,0.682137253055556,3.421
0.682374326944444,3.421,0.682450111666667,3.421,0.682415475555556,3.421
0.682652225,3.421,0.68272824,3.421,0.682693323611111,3.421
0.682930014722222,3.421,0.683006205277778,3.421,0.682971095555556,3.421
0.683207721944444,3.421,0.683283945277778,3.421,0.683249215833333,3.421
0.683485678888889,3.421,0.683561765277778,3.421,0.683526641388889,3.421
0.683763809166667,3.411,0.683839668333333,3.421,0.683804576388889,3.421
0.684041610833333,3.421,0.684117628333333,3.421,0.684082354722222,3.421
0.684319490555556,3.421,0.684395402777778,3.421,0.684360509166667,3.421
0.684597154444444,3.421,0.684673108333333,3.421,0.684638671944444,3.421
0.684875450555556,3.421,0.684951168333333,3.421,0.684916231666667,3.421
0.685153290833333,3.421,0.685229033611111,3.421,0.685193978055555,3.421
0.685431210833333,3.421,0.685506746666667,3.421,0.685471981388889,3.421
0.685708866388889,3.421,0.685785009444445,3.421,0.685750026111111,3.421
0.685986643333333,3.421,0.686062660555556,3.421,0.686027647222222,3.421
0.686264526388889,3.421,0.686340628888889,3.421,0.686305659444444,3.421
0.686541921666667,3.421,0.686618363055556,3.421,0.686583655555556,3.421
0.686819900555556,3.421,0.6868961375,3.421,0.686861700277778,3.421
0.687097700277778,3.421,0.687173541944444,3.421,0.687139371944445,3.421
0.687376145,3.421,0.687451603888889,3.421,0.687417350277778,3.421
0.687653920833333,3.421,0.687729369166667,3.421,0.687695403611111,3.421
0.687931937777778,3.421,0.688006992777778,3.421,0.687973078611111,3.421
0.688210067222222,3.421,0.688285197777778,3.421,0.688250699166667,3.421
0.688487935,3.421,0.688563143611111,3.421,0.688528581944444,3.421
0.688766056111111,3.421,0.688841305,3.421,0.6888062675,3.421
0.689043683888889,3.421,0.689119169722222,3.421,0.689083961944444,3.421
0.689321337777778,3.421,0.689397304166667,3.421,0.689361569444444,3.421
0.689599059166667,3.421,0.689675007222222,3.421,0.689639514722222,3.421
0.689876660833333,3.421,0.689952698611111,3.421,0.689917548333333,3.421
0.690154566388889,3.421,0.690230648333333,3.421,0.690195620555556,3.421
0.6904323925,3.421,0.690508641666667,3.421,0.690473656944444,3.421
0.690710086944444,3.411,0.690786581111111,3.421,0.690751197777778,3.421
0.690988228055555,3.421,0.691064531666667,3.421,0.691028738055556,3.421
0.691265953333333,3.421,0.691342858888889,3.421,0.691306921388889,3.421
0.691543428055556,3.421,0.691620927222222,3.421,0.691584733055556,3.421
0.691821233611111,3.421,0.691898714166667,3.421,0.691862856388889,3.421
0.692099105,3.421,0.692176509166667,3.421,0.692140664722222,3.421
0.692377041388889,3.421,0.692454858333333,3.421,0.692418031944444,3.421
0.692654701111111,3.421,0.692732474722222,3.421,0.692696175833333,3.421
0.692932502222222,3.421,0.693010245833333,3.421,0.692973529166667,3.421
0.693210346666667,3.421,0.6932883925,3.421,0.693251789166667,3.421
0.6934882775,3.421,0.693566123333333,3.421,0.693529489722222,3.421
0.693766197777778,3.421,0.693844189444444,3.421,0.693807918611111,3.421
0.694044079722222,3.421,0.6941223925,3.421,0.694085433333333,3.421
0.694321964444444,3.421,0.694400206944444,3.421,0.694363263888889,3.421
0.694599911111111,3.421,0.694678008055556,3.421,0.694641455277778,3.421
0.694877534166667,3.421,0.694955917777778,3.421,0.694919543888889,3.421
0.695155208055556,3.421,0.695233639722222,3.421,0.695197384166667,3.421
0.695433093055556,3.421,0.695511246388889,3.421,0.695475384722222,3.421
0.695711023611111,3.411,0.695789159444445,3.421,0.695753035833333,3.421
0.695988941944444,3.421,0.696067247777778,3.421,0.696031227777778,3.421
0.6962668825,3.421,0.696345351944444,3.421,0.696309041388889,3.421
0.696544433611111,3.421,0.696623391944444,3.421,0.696586965,3.421
0.696822440277778,3.421,0.696901092222222,3.421,0.69686509,3.421
0.69710049,3.421,0.697178836666667,3.421,0.697142917777778,3.421
0.697378041666667,3.421,0.697456814722222,3.421,0.697421029444444,3.421
0.697656524166667,3.421,0.697734872222222,3.421,0.697698879444445,3.421
0.697934543888889,3.421,0.698012540555556,3.421,0.697976260277778,3.421
0.698212245555556,3.421,0.698290343888889,3.421,0.69825432,3.421
0.698490054166667,3.411,0.698568421111111,3.421,0.698532251944444,3.421
0.698768315,3.421,0.698846373888889,3.421,0.6988103,3.421
0.699046241666667,3.421,0.699124378611111,3.421,0.699087789722222,3.421
0.699323880833333,3.421,0.699402547222222,3.421,0.699365742777778,3.421
0.699601738888889,3.421,0.699679917222222,3.421,0.699643816388889,3.421
0.699879660833333,3.421,0.69995787,3.421,0.699921716388889,3.421
0.700157186666667,3.421,0.700235881666667,3.421,0.700199488333333,3.421
0.700434898333333,3.421,0.700513635833333,3.421,0.700476817777778,3.421
0.700713035555556,3.421,0.700791293333333,3.421,0.700754888888889,3.421
0.700990910555556,3.421,0.701069068888889,3.421,0.701032926944445,3.421
0.701268780277778,3.421,0.701346935,3.421,0.701311240555556,3.421
0.701546561111111,3.421,0.701624775555556,3.421,0.7015895625,3.421
0.701824426111111,3.421,0.7019026,3.421,0.701867160555556,3.421
0.702101970555556,3.421,0.702180044444444,3.421,0.702145307222222,3.421
0.702379969722222,3.421,0.702458106666667,3.421,0.702423233055556,3.421
0.702657921111111,3.421,0.702735989166667,3.421,0.702701235,3.421
0.702935642222222,3.421,0.703013959722222,3.421,0.702978894166667,3.421
0.703213506111111,3.421,0.703291741666667,3.421,0.703256549166667,3.421
0.703491668611111,3.421,0.703569419444444,3.421,0.703534448055556,3.421
0.703769471111111,3.421,0.703847866666667,3.421,0.703812218333333,3.421
0.704047325833333,3.421,0.704125984444444,3.421,0.704089809166667,3.421
0.704325145833333,3.421,0.704403738055556,3.421,0.704367558611111,3.421
0.704602706666667,3.421,0.704681318055556,3.421,0.704645608333333,3.421
0.704880652777778,3.421,0.704959204722222,3.421,0.704923260833333,3.421
0.705158607222222,3.421,0.705237214722222,3.421,0.705201005833333,3.421
0.705436678611111,3.421,0.705515144444444,3.421,0.705479156666667,3.421
0.7057141925,3.421,0.705793127222222,3.421,0.705757128611111,3.421
0.705992402777778,3.421,0.706070442222222,3.421,0.706035088055556,3.421
0.706270067777778,3.421,0.706348587222222,3.421,0.706312819722222,3.421
0.706547821944444,3.421,0.706626439166667,3.421,0.706590339166667,3.421
0.706825639722222,3.421,0.706904146111111,3.421,0.706868298888889,3.421
0.707103720555556,3.421,0.707182544444445,3.421,0.707145720833333,3.421
0.707381418055556,3.421,0.707460280277778,3.421,0.707424023333333,3.421
0.707659276944445,3.421,0.707737695,3.421,0.707702256111111,3.421
0.707936854444444,3.421,0.708015716944444,3.421,0.70797986,3.421
0.708214540833333,3.421,0.708293681388889,3.421,0.708257943888889,3.421
0.708492704444444,3.421,0.708571101388889,3.421,0.708535946111111,3.421
0.708770755555556,3.421,0.708849353888889,3.421,0.708813549722222,3.421
0.709048325277778,3.421,0.709127283055556,3.421,0.709091304444444,3.421
0.709326743888889,3.421,0.709404906388889,3.421,0.709369238333333,3.421
0.709604631666667,3.421,0.709683059444444,3.421,0.709646817222222,3.431
0.709882383888889,3.421,0.709960865555556,3.421,0.7099250825,3.421
0.710160489722222,3.421,0.710238711388889,3.421,0.710202858055556,3.421
0.710437925,3.421,0.710516701388889,3.421,0.710480615833333,3.421
0.710715691111111,3.421,0.710794070555556,3.421,0.710758270555556,3.421
0.710993429444444,3.421,0.711072280277778,3.421,0.711036114722222,3.421
0.711271161944445,3.421,0.711349965,3.421,0.711314068333333,3.421
0.711549296666667,3.421,0.711628130277778,3.421,0.711591873055556,3.421
0.711827262777778,3.421,0.711906087222222,3.421,0.711869334166667,3.421
0.712105165277778,3.421,0.712183763611111,3.421,0.712147451666667,3.421
0.7123829025,3.421,0.712461993333333,3.421,0.712425147777778,3.421
0.712660980277778,3.421,0.712740124166667,3.421,0.712702853611111,3.421
0.712938451944444,3.421,0.713017687222222,3.421,0.712980906944444,3.421
0.713216613055556,3.421,0.713295729166667,3.421,0.7132590425,3.421
0.713494135555556,3.421,0.713573493888889,3.421,0.713536813055556,3.421
0.713772030555556,3.421,0.713851470555556,3.421,0.713814297222222,3.421
0.714050241666667,3.421,0.714129367777778,3.421,0.714092626666667,3.421
0.71432828,3.421,0.714407274722222,3.421,0.714370585,3.421
0.714606451944444,3.421,0.714685246944444,3.421,0.714648095555556,3.421
0.714884673888889,3.421,0.714963320833333,3.421,0.714925838055556,3.431
0.715162255277778,3.421,0.715241206666667,3.421,0.715203808888889,3.421
0.715440066388889,3.421,0.7155190625,3.421,0.715481700277778,3.421
0.715717815555556,3.421,0.715797031666667,3.421,0.715759360833333,3.421
0.715995978888889,3.421,0.716074840555556,3.421,0.716037519166667,3.421
0.716273840833333,3.421,0.716352250555556,3.421,0.7163154525,3.421
0.716551745277778,3.421,0.716630012777778,3.421,0.716593446944444,3.421
0.716829473611111,3.421,0.716908159444444,3.421,0.716871332222222,3.421
0.717107190555555,3.421,0.717185732222222,3.421,0.717149166944444,3.421
0.717385177222222,3.421,0.717463657777778,3.421,0.71742688,3.421
0.717663134166667,3.421,0.717741400277778,3.421,0.717704696111111,3.421
0.717941046111111,3.421,0.718019074166667,3.421,0.7179821025,3.421
0.718218641111111,3.421,0.718297026111111,3.421,0.718260478055556,3.421
0.718496335277778,3.421,0.718574609444444,3.421,0.718538111388889,3.421
0.718774413888889,3.421,0.718852323333333,3.421,0.718815815,3.421
0.719052127777778,3.421,0.719130421388889,3.421,0.719093890833333,3.421
0.719330023888889,3.421,0.719408739722222,3.421,0.719371650555556,3.421
0.719608081944444,3.421,0.719686538333333,3.421,0.719649310277778,3.421
0.719886100277778,3.421,0.719964718055556,3.421,0.719927266944445,3.421
0.720163934722222,3.421,0.720242368333333,3.421,0.720205196111111,3.421
0.720441839166667,3.421,0.720520470277778,3.421,0.720483065,3.431
0.720719803333333,3.421,0.720798595,3.421,0.7207610125,3.421
0.720997693055556,3.421,0.721076298055556,3.421,0.721038950833333,3.421
0.721275658055555,3.421,0.721354273333333,3.421,0.721316784722222,3.421
0.721553454444444,3.421,0.721631620833333,3.421,0.721594799166667,3.421
0.721831143611111,3.421,0.721909336944444,3.421,0.721872735555556,3.421
0.722109096388889,3.421,0.722187418333333,3.421,0.7221505,3.421
0.722386911944444,3.421,0.722465203611111,3.421,0.72242853,3.421
0.722664902777778,3.421,0.722742967222222,3.421,0.722705996111111,3.421
0.722943267777778,3.421,0.723020794444444,3.421,0.722984184444444,3.421
0.723220801666667,3.421,0.723298971111111,3.421,0.723262044722222,3.421
0.7234987175,3.421,0.723576763888889,3.421,0.723539617777778,3.421
0.723776415277778,3.421,0.723854677222222,3.421,0.723817578055556,3.421
0.724054498333333,3.421,0.724132342222222,3.421,0.724095556944444,3.421
0.724332245555556,3.421,0.7244104675,3.421,0.724373301944444,3.421
0.724610193611111,3.421,0.724688440555555,3.421,0.724651021944445,3.421
0.724887929722222,3.421,0.724966237222222,3.421,0.724928941388889,3.431
0.725165975555556,3.421,0.725243981388889,3.421,0.725206728333333,3.421
0.725443781666667,3.421,0.725522114722222,3.421,0.725485070277778,3.421
0.725721419444444,3.421,0.725799645833333,3.421,0.725762687777778,3.421
0.725999331111111,3.421,0.726077960555556,3.421,0.726040478611111,3.421
0.7262771625,3.421,0.726355998333333,3.421,0.726318228333333,3.421
0.726554568333333,3.421,0.7266337875,3.421,0.726595904722222,3.421
0.726832246944444,3.421,0.7269112925,3.421,0.7268739625,3.421
0.727110398611111,3.421,0.727189386666667,3.421,0.727151994444444,3.421
0.727388101666667,3.421,0.727467417222222,3.421,0.727429640555555,3.421
0.727666278611111,3.421,0.727745321111111,3.421,0.727707575,3.421
0.727944276111111,3.421,0.728023167222222,3.421,0.727985435555556,3.421
0.728222008888889,3.421,0.728301087777778,3.421,0.728263611944444,3.431
0.728500020277778,3.421,0.728578855555556,3.421,0.7285412475,3.421
0.728777968333333,3.421,0.728856558333333,3.421,0.728819133611111,3.421
0.729056058888889,3.421,0.729134624722222,3.421,0.729096943333333,3.421
0.7293339425,3.421,0.7294126225,3.421,0.7293750025,3.421
0.729611666388889,3.421,0.729690411111111,3.421,0.729652669444444,3.421
0.729889492777778,3.421,0.729968121666667,3.421,0.729930821944444,3.421
0.730167621111111,3.421,0.730246124444444,3.421,0.730208635277778,3.421
0.730445333055556,3.421,0.730524215,3.421,0.730486373055556,3.421
0.730723125555556,3.421,0.730802053611111,3.421,0.7307637575,3.421
0.7310013025,3.421,0.731079991388889,3.421,0.731041940833333,3.421
0.731278953888889,3.421,0.731357673888889,3.421,0.731319883055556,3.421
0.731557018333333,3.421,0.731635564722222,3.421,0.731597596944444,3.421
0.731834940555556,3.421,0.731913403888889,3.421,0.731875446666667,3.421
0.732112636111111,3.421,0.732191114722222,3.421,0.732153428333333,3.431
0.732390497777778,3.421,0.732469009722222,3.421,0.732430942222222,3.421
0.732668187777778,3.421,0.732746663888889,3.421,0.732708604166667,3.421
0.732945858888889,3.421,0.733024609722222,3.421,0.732986259722222,3.421
0.733224068611111,3.421,0.733302245833333,3.421,0.733264518055556,3.421
0.733501643888889,3.421,0.733580191666667,3.421,0.733542273611111,3.421
0.733779500555556,3.421,0.733857995277778,3.421,0.733819906666667,3.421
0.734057221666667,3.421,0.734135683055556,3.421,0.734097820555556,3.421
0.734335486111111,3.421,0.7344134375,3.421,0.734375156111111,3.421
0.734613591666667,3.421,0.734691460277778,3.421,0.734652998055556,3.421
0.734891260277778,3.421,0.734969123333333,3.421,0.734931195,3.421
0.735168933888889,3.421,0.735246657222222,3.421,0.735209139722222,3.421
0.735446633055556,3.421,0.735524883888889,3.421,0.735487326388889,3.421
0.735724195833333,3.421,0.7358021075,3.421,0.735765294166667,3.421
0.736002756388889,3.421,0.736079978055556,3.421,0.736042664722222,3.421
0.736280710833333,3.421,0.736357666944444,3.421,0.736320889722222,3.421
0.736558303611111,3.421,0.736635685,3.421,0.736598863055556,3.421
0.736836749722222,3.421,0.7369136725,3.421,0.736876898611111,3.421
0.737115014722222,3.421,0.737191740555555,3.421,0.737154837222222,3.421
0.737392662222222,3.421,0.737469719444444,3.421,0.737432834722222,3.421
0.737670345833333,3.421,0.737748099166667,3.421,0.737710685,3.421
0.737948167222222,3.421,0.738025431666667,3.421,0.737988433888889,3.421
0.738225846388889,3.421,0.738303276388889,3.421,0.738266463055556,3.421
0.738503988611111,3.421,0.738581516944445,3.421,0.738544030555556,3.421
0.738782143888889,3.421,0.738859335555555,3.421,0.738822275,3.421
0.739059726666667,3.421,0.739137450833333,3.421,0.739099853611111,3.431
0.739337585555556,3.421,0.739415205277778,3.421,0.73937773,3.421
0.739615086944444,3.421,0.739693091111111,3.421,0.739655624166667,3.421
0.739893422222222,3.421,0.739970920277778,3.421,0.739933474166667,3.421
0.740171410555556,3.421,0.740248882222222,3.421,0.740211531111111,3.431
0.740449239444445,3.421,0.740526627222222,3.421,0.740489155555556,3.421
0.740727168333333,3.421,0.740804486388889,3.421,0.740767313888889,3.421
0.741005011944444,3.421,0.741082338611111,3.421,0.741044902222222,3.421
0.741282773888889,3.421,0.7413601425,3.421,0.7413226325,3.421
0.741561188333333,3.421,0.741638131388889,3.421,0.741600582222222,3.421
0.741838939722222,3.421,0.741915793888889,3.421,0.741877973888889,3.421
0.742116708888889,3.421,0.742193688055556,3.421,0.742155678611111,3.421
0.742394761666667,3.421,0.742471213611111,3.421,0.742433856388889,3.421
0.742672719722222,3.421,0.742749217777778,3.421,0.742711638611111,3.421
0.742950295833333,3.421,0.743026868611111,3.421,0.742989781388889,3.421
0.743228773611111,3.421,0.743305429444444,3.421,0.743267147777778,3.431
0.743506691111111,3.421,0.743582706666667,3.421,0.743545396388889,3.421
0.743784539722222,3.421,0.743860861666667,3.421,0.743823171666667,3.421
0.744062697222222,3.421,0.744138734166667,3.421,0.744101168333333,3.431
0.744340561666667,3.421,0.7444166325,3.421,0.744378913333333,3.421
0.744618485,3.421,0.744694411111111,3.421,0.744656446666667,3.421
0.744896300833333,3.421,0.744971908333333,3.421,0.744934472777778,3.421
0.745174265833333,3.421,0.74524984,3.421,0.745212316944444,3.421
0.745452459444444,3.421,0.745527599444444,3.421,0.745490286388889,3.421
0.745730208611111,3.421,0.745805565833333,3.421,0.745768010833333,3.421
0.746007939166667,3.421,0.746083725,3.421,0.746045603888889,3.421
0.746285824166667,3.421,0.7463613925,3.421,0.746323449444445,3.421
0.746563832777778,3.421,0.746639346111111,3.421,0.746601268888889,3.421
0.746841657777778,3.421,0.746917125555556,3.421,0.746879084166667,3.421
0.747120180555556,3.421,0.747194938333333,3.421,0.747157303611111,3.421
0.747397485277778,3.421,0.747472865555556,3.421,0.747434995,3.431
0.747675598333333,3.421,0.747751004166667,3.421,0.747712669444444,3.421
0.747953298611111,3.421,0.748029168055556,3.421,0.747990788611111,3.421
0.748230848611111,3.421,0.7483067275,3.421,0.748268539166667,3.431
0.748509070833333,3.421,0.748584786666667,3.421,0.748546640833333,3.421
0.748786756666667,3.421,0.748862375833333,3.421,0.748824448888889,3.431
0.749064673055556,3.421,0.749140384722222,3.421,0.749102271666667,3.431
0.749342179166667,3.421,0.749418466388889,3.421,0.7493802875,3.431
0.749620035,3.421,0.749696266944444,3.421,0.7496581675,3.421
0.749897968888889,3.421,0.749973874722222,3.421,0.749936166111111,3.421
0.750175828333333,3.421,0.750252009444444,3.421,0.750213845277778,3.421
0.750453964444444,3.421,0.750529656944445,3.421,0.750491885555555,3.421
0.750731372777778,3.421,0.7508075425,3.421,0.750770116388889,3.431
0.751009548055556,3.421,0.751085212777778,3.421,0.7510473625,3.421
0.751287239444444,3.421,0.751363340555556,3.421,0.751325621388889,3.431
0.751564814444444,3.421,0.751641107222222,3.421,0.751603825555556,3.431
0.751842916388889,3.421,0.751918965,3.421,0.7518814425,3.431
0.752120441944444,3.421,0.752197445833333,3.421,0.752159180277778,3.431
0.752398737222222,3.421,0.752475630277778,3.421,0.752437198333333,3.431
0.752676570277778,3.421,0.752753464722222,3.421,0.752714773888889,3.421
0.752954103333333,3.421,0.7530315825,3.421,0.752992857777778,3.421
0.753232123888889,3.421,0.753309650555556,3.421,0.753270440555555,3.431
0.753510158055556,3.421,0.753587396666667,3.421,0.753548645277778,3.431
0.753787518888889,3.421,0.75386532,3.421,0.753826105277778,3.421
0.754065838055556,3.421,0.754143117777778,3.421,0.754104081944444,3.421
0.754343627222222,3.421,0.754420886111111,3.421,0.754381993888889,3.421
0.7546215,3.421,0.754698810833333,3.421,0.754659431111111,3.431
0.754899418888889,3.421,0.754976827222222,3.421,0.754937123055556,3.431
0.755177226666667,3.421,0.755254675833333,3.421,0.755215277222222,3.421
0.755455459166667,3.421,0.755532560555556,3.421,0.755493613888889,3.431
0.755733176111111,3.421,0.755810244166667,3.421,0.755771502222222,3.431
0.756010861944444,3.421,0.756088398055555,3.421,0.756049043888889,3.421
0.756288558611111,3.421,0.756365805,3.421,0.756327116111111,3.421
0.756566505,3.421,0.756643910555556,3.421,0.756605170833333,3.421
0.75684438,3.421,0.756921575833333,3.421,0.756883117222222,3.421
0.757122215,3.421,0.757199911944444,3.421,0.757161295833333,3.421
0.757400016111111,3.421,0.757477501388889,3.421,0.757439165,3.421
0.757678088055556,3.421,0.757755604166667,3.421,0.757717071388889,3.421
0.757955796666667,3.421,0.758033446666667,3.421,0.757995088333333,3.431
0.758233381111111,3.421,0.758311713888889,3.421,0.758272541666667,3.431
0.758511385555556,3.421,0.758589601388889,3.421,0.758550448055556,3.431
0.758789299166667,3.421,0.758867144166667,3.421,0.758828645,3.431
0.75906703,3.421,0.759145238611111,3.421,0.759106265833333,3.421
0.759345066944444,3.421,0.759423140833333,3.421,0.759384226944445,3.421
0.759622861944445,3.421,0.7597007625,3.421,0.759662261944444,3.421
0.759900603888889,3.421,0.759978671944444,3.421,0.759939838055556,3.421
0.7601783175,3.421,0.760256401111111,3.421,0.760217888888889,3.431
0.760456073055556,3.421,0.760534067222222,3.421,0.760495721111111,3.431
0.760733935833333,3.421,0.760812088333333,3.421,0.760773196111111,3.421
0.761012045833333,3.421,0.76108989,3.421,0.761051693333333,3.421
0.761289763611111,3.421,0.7613678875,3.421,0.761329260277778,3.431
0.761567498888889,3.421,0.761645623055555,3.421,0.761607508333333,3.431
0.761845493055556,3.421,0.76192349,3.421,0.761885385833333,3.421
0.762123057222222,3.421,0.762201421388889,3.421,0.762163405833333,3.421
0.762400633055556,3.421,0.762479379722222,3.421,0.762441458888889,3.421
0.7626786825,3.421,0.762757364166667,3.421,0.762718787777778,3.421
0.762956427222222,3.421,0.763035263055556,3.421,0.762996987222222,3.421
0.7632342825,3.421,0.763312702777778,3.421,0.763274984444445,3.431
0.763512121666667,3.421,0.763591070555556,3.421,0.763552714722222,3.431
0.763790147222222,3.421,0.763868745833333,3.421,0.763830545,3.421
0.76406833,3.421,0.764146775833333,3.421,0.764108550277778,3.421
0.764346295,3.421,0.764424585833333,3.421,0.764386026111111,3.431
0.764623939722222,3.421,0.764702603888889,3.421,0.764664128611111,3.431
0.764901604166667,3.421,0.764980291388889,3.421,0.764941939444444,3.421
0.765179333888889,3.421,0.765258368333333,3.421,0.765219374722222,3.431
0.765457569444444,3.421,0.765536025277778,3.421,0.765497463888889,3.421
0.765735387222222,3.421,0.765813933055556,3.421,0.765775530277778,3.431
0.766012963611111,3.421,0.766091562777778,3.421,0.766053478888889,3.421
0.766291018333333,3.421,0.766369499166667,3.421,0.766331249444444,3.431
0.766569142777778,3.421,0.766647229444444,3.421,0.766609143888889,3.431
0.766846800833333,3.421,0.766924926111111,3.421,0.766886781388889,3.431
0.767124510555556,3.421,0.767202621944444,3.421,0.767164806944444,3.431
0.767402655,3.421,0.767480711944444,3.421,0.767442295,3.431
0.767680353333333,3.421,0.767758511944444,3.421,0.7677199875,3.421
0.767958147222222,3.421,0.768036262222222,3.421,0.767998040277778,3.421
0.768235970277778,3.421,0.768314229166667,3.421,0.768276101666667,3.421
0.768514032222222,3.421,0.768592327222222,3.421,0.768553894722222,3.431
0.768792236111111,3.421,0.768870235555556,3.421,0.768832283888889,3.431
0.769070086388889,3.421,0.769148055555556,3.421,0.769110101388889,3.431
0.769347979722222,3.421,0.769425481944444,3.421,0.769387710833333,3.431
0.769626254166667,3.421,0.769703648611111,3.421,0.769665696666667,3.431
0.769904016666667,3.421,0.769981829166667,3.421,0.769943487222222,3.431
0.770182034444444,3.421,0.770259455,3.421,0.770221591666667,3.421
0.770459858055556,3.421,0.770537155833333,3.421,0.770499571666667,3.431
0.770737981666667,3.421,0.770815026111111,3.421,0.770777386388889,3.421
0.771015983611111,3.421,0.771092881388889,3.421,0.771055194722222,3.421
0.771293821111111,3.421,0.771371221944445,3.421,0.771333335,3.421
0.771571641666667,3.421,0.771649153611111,3.421,0.771611020833333,3.421
0.771849525277778,3.421,0.771927054166667,3.421,0.771888970277778,3.431
0.772127269722222,3.421,0.772204595555556,3.421,0.772166837222222,3.431
0.772405208611111,3.421,0.77248216,3.421,0.772444705277778,3.431
0.772683349166667,3.421,0.772759956111111,3.421,0.772722387222222,3.431
0.772961328333333,3.421,0.773038257222222,3.421,0.773000046111111,3.421
0.773239408888889,3.421,0.7733160625,3.421,0.773277896111111,3.431
0.773517443888889,3.421,0.773594348888889,3.421,0.773555851111111,3.421
0.773794753611111,3.421,0.773872225,3.421,0.773833483055556,3.421
0.774072995,3.421,0.7741500125,3.421,0.774111153333333,3.431
0.774350576388889,3.421,0.774427811111111,3.421,0.774389218888889,3.421
0.774628318055556,3.421,0.774705577222222,3.421,0.7746671625,3.421
0.7749062275,3.421,0.7749831675,3.421,0.774945077777778,3.421
0.775183806666667,3.421,0.775261195,3.421,0.775222888611111,3.421
0.7754616175,3.421,0.775538936944444,3.421,0.775500645277778,3.431
0.77573965,3.421,0.775816739166667,3.421,0.775778374722222,3.431
0.776017606111111,3.421,0.776094313055556,3.421,0.776056385277778,3.431
0.776295223055556,3.421,0.776372261666667,3.431,0.776334321111111,3.431
0.776573121111111,3.421,0.776650109444444,3.421,0.776611993611111,3.431
0.776850825277778,3.421,0.7769274725,3.421,0.776889576944444,3.421
0.777129053888889,3.421,0.777205617222222,3.421,0.777167774722222,3.421
0.777406666388889,3.421,0.777483462777778,3.421,0.777445359444444,3.431
0.777684790277778,3.421,0.777761031388889,3.421,0.777723630833333,3.421
0.777962479722222,3.421,0.778039050277778,3.421,0.778001646944445,3.421
0.778240529166667,3.421,0.778316938611111,3.421,0.778279083611111,3.431
0.778518548333333,3.421,0.778594676388889,3.421,0.778557327777778,3.431
0.778796488888889,3.421,0.778872495833333,3.421,0.778835516111111,3.431
0.779074862222222,3.421,0.779150194444444,3.421,0.779113273055556,3.431
0.779352605,3.421,0.779427736388889,3.421,0.779391000277778,3.421
0.779630193888889,3.421,0.779705934444444,3.421,0.779669102222222,3.431
0.779907876388889,3.421,0.779983851388889,3.421,0.779947007222222,3.421
0.780185855555556,3.421,0.780261910277778,3.421,0.7802248975,3.431
0.780463722777778,3.421,0.78053984,3.421,0.780502853888889,3.421
0.780741605277778,3.421,0.780818196944444,3.421,0.780780837777778,3.431
0.781019455555556,3.421,0.781095725277778,3.421,0.781058485,3.431
0.781297337777778,3.421,0.781373546666667,3.421,0.781336191944444,3.431
0.781575028333333,3.421,0.7816514675,3.421,0.781614536111111,3.431
0.781852841666667,3.421,0.781929504444444,3.421,0.781892128333333,3.431
0.782130748333333,3.421,0.782207278888889,3.421,0.782170060555556,3.421
0.7824085225,3.421,0.782484857777778,3.421,0.782448103888889,3.431
0.782686088888889,3.421,0.782762746388889,3.431,0.782726239166667,3.421
0.782963880277778,3.421,0.783040845555556,3.421,0.783004085,3.421
0.783241731111111,3.421,0.783318840277778,3.421,0.783281931388889,3.421
0.783519486111111,3.421,0.783596756111111,3.421,0.7835597625,3.431
0.783797615555556,3.421,0.783874583055556,3.421,0.783837395555556,3.421
0.784075583888889,3.421,0.784152901944445,3.421,0.784115516666667,3.431
0.784353322777778,3.421,0.784430279722222,3.421,0.784393584166667,3.421
0.784631129722222,3.421,0.784708688333333,3.421,0.784671594722222,3.431
0.784909263055556,3.421,0.784986828611111,3.421,0.784949108888889,3.431
0.785187092777778,3.421,0.785264935277778,3.421,0.785226886388889,3.421
0.7854649025,3.421,0.785542910833333,3.421,0.785505156944444,3.431
0.785742599722222,3.421,0.785820586388889,3.421,0.785783178611111,3.431
0.786020626944445,3.421,0.786098625833333,3.421,0.786060735,3.431
0.786298457222222,3.421,0.786376224166667,3.421,0.786338862777778,3.431
0.786576530555556,3.421,0.786654143611111,3.421,0.786616461944444,3.431
0.786854156944444,3.421,0.786931850555556,3.421,0.786894299166667,3.431
0.787131906944444,3.421,0.787209877777778,3.421,0.787172189444444,3.421
0.787409881111111,3.421,0.787487574722222,3.421,0.787450064722222,3.431
0.787688107222222,3.421,0.787765429166667,3.421,0.787728116944444,3.431
0.7879661775,3.421,0.788043071944444,3.421,0.788005925,3.431
0.788244086944444,3.421,0.788321024166667,3.421,0.788283537777778,3.431
0.788522119722222,3.421,0.788598918055556,3.421,0.788561373055556,3.431
0.788800037222222,3.421,0.788876422777778,3.421,0.788839809444445,3.431
0.789077466944444,3.421,0.789154588888889,3.421,0.789117696388889,3.431
0.789355444166667,3.421,0.789432436388889,3.421,0.789395506111111,3.421
0.7896334025,3.421,0.789710219722222,3.421,0.789673220833333,3.431
0.789910906111111,3.421,0.789988045833333,3.421,0.789951115,3.431
0.790188913055556,3.421,0.7902661025,3.421,0.790228535277778,3.431
0.790466695,3.421,0.7905437825,3.421,0.7905065475,3.421
0.790744517222222,3.421,0.790821695,3.421,0.790784288888889,3.431
0.791022475833333,3.421,0.791099589722222,3.431,0.791062215,3.431
0.791300738333333,3.421,0.791377257777778,3.421,0.791340283888889,3.431
0.7915783475,3.421,0.791655359166667,3.421,0.791618206388889,3.421
0.791855994166667,3.421,0.791933271666667,3.421,0.791895883055556,3.431
0.792133891111111,3.421,0.792210948611111,3.421,0.792173878333333,3.431
0.792411793333333,3.421,0.792488816388889,3.421,0.792451600555556,3.431
0.792689814444444,3.421,0.792766497222222,3.421,0.792729493055556,3.421
0.792967706111111,3.421,0.793044495277778,3.421,0.793007105833333,3.431
0.7932454025,3.421,0.793322363888889,3.421,0.793285197777778,3.431
0.793523553611111,3.421,0.793600062777778,3.421,0.793562923888889,3.431
0.793801115833333,3.421,0.793877676944444,3.421,0.793841299444444,3.431
0.794079147222222,3.421,0.794155835555556,3.421,0.794118975,3.431
0.794357113888889,3.421,0.794433689444444,3.421,0.794396596944444,3.431
0.794635019166667,3.421,0.794711678055556,3.421,0.794674781944445,3.421
0.794912493888889,3.421,0.794989921944444,3.421,0.794952385277778,3.431
0.795190763333333,3.421,0.795267725833333,3.421,0.795230653611111,3.431
0.795468758055556,3.421,0.795545381666667,3.421,0.795508322777778,3.431
0.795746308888889,3.421,0.795823401388889,3.421,0.795786529722222,3.431
0.796024253055556,3.421,0.796101208333333,3.421,0.796064201666667,3.431
0.796301951388889,3.421,0.796378595555556,3.421,0.796342113055556,3.431
0.796579486944444,3.421,0.796656791388889,3.421,0.796619951944444,3.431
0.7968576975,3.421,0.796934914722222,3.421,0.796897775277778,3.431
0.7971352125,3.421,0.797212660833333,3.421,0.797175625833333,3.431
0.797413086666667,3.421,0.797490275,3.421,0.797453363888889,3.431
0.797691098888889,3.421,0.797768368055556,3.421,0.797731231944444,3.431
0.797969204722222,3.421,0.798045903055556,3.431,0.798009055555556,3.431
0.798247231944444,3.421,0.798323920555555,3.431,0.798287227222222,3.421
0.798524810555556,3.421,0.798601630277778,3.421,0.798565021666667,3.431
0.798802545277778,3.421,0.798879304166667,3.421,0.798842900833333,3.431
0.799080513611111,3.421,0.799157210277778,3.421,0.799120987222222,3.431
0.799358774722222,3.421,0.799435105555556,3.421,0.799399206666667,3.431
0.799636572777778,3.421,0.799713011944444,3.421,0.799676854722222,3.431
0.799914351944444,3.421,0.7999907125,3.421,0.799954656111111,3.431
0.800192317222222,3.421,0.800268410833333,3.421,0.800232407222222,3.431
0.800469893055556,3.421,0.800546624444444,3.431,0.800509865833333,3.431
0.800747982222222,3.421,0.800824550833333,3.421,0.800787890555556,3.431
0.801025686666667,3.421,0.801101883055556,3.421,0.801066156388889,3.431
0.801303309722222,3.421,0.801380171388889,3.421,0.801344193611111,3.431
0.801581273888889,3.421,0.801657898333333,3.421,0.8016219,3.431
0.801859214444444,3.421,0.801935651944444,3.421,0.801899890277778,3.431
0.802137005833333,3.421,0.802213655,3.421,0.802177566388889,3.431
0.802415212777778,3.421,0.802491423611111,3.431,0.802455505833333,3.431
0.802692833888889,3.421,0.802768970277778,3.421,0.802733483611111,3.431
0.802970985833333,3.421,0.803047171388889,3.421,0.803011226944444,3.431
0.8032484125,3.421,0.803324937777778,3.431,0.803288751666667,3.431
0.803526769166667,3.421,0.803602733055556,3.431,0.803567153611111,3.431
0.803804531666667,3.421,0.803880806666667,3.421,0.8038450075,3.431
0.804082404444444,3.421,0.804158689444444,3.421,0.804123101111111,3.431
0.8043599525,3.421,0.8044367175,3.421,0.80440102,3.431
0.804637933055556,3.421,0.804714483888889,3.421,0.804679131944444,3.431
0.804915621944444,3.421,0.804992236666667,3.421,0.8049569175,3.431
0.805193295833333,3.421,0.805270105555556,3.431,0.805234736666667,3.431
0.805471416111111,3.421,0.805547801388889,3.421,0.805512548333333,3.431
0.805749332777778,3.421,0.805825476111111,3.421,0.8057900475,3.431
0.806026929444444,3.421,0.806103545555556,3.421,0.806067928611111,3.431
0.806304581111111,3.421,0.80638135,3.421,0.806345506944444,3.421
0.806582665277778,3.421,0.80665935,3.421,0.806623711944444,3.431
0.806860531111111,3.421,0.806937229444444,3.421,0.806901070277778,3.431
0.807138310555556,3.421,0.807215216388889,3.431,0.807179006111111,3.431
0.807416346666667,3.421,0.807492974166667,3.421,0.8074570575,3.431
0.807694336388889,3.421,0.807771157222222,3.421,0.807734682777778,3.431
0.807972201666667,3.421,0.808048775,3.421,0.808012891388889,3.431
0.808250232222222,3.421,0.808326656944444,3.421,0.808290903055556,3.431
0.808527848611111,3.421,0.808604280277778,3.421,0.808568531388889,3.431
0.808805513888889,3.421,0.808881885,3.431,0.808846739166667,3.431
0.809083563333333,3.421,0.809160039166667,3.421,0.809124831388889,3.431
0.809361151388889,3.421,0.8094376875,3.421,0.809402405833333,3.431
0.809639350833333,3.421,0.809715712777778,3.421,0.809680363888889,3.431
0.809916717222222,3.421,0.8099935925,3.421,0.809958036944444,3.431
0.810194485833333,3.421,0.810271430833333,3.421,0.810236257777778,3.431
0.810472527222222,3.421,0.8105497975,3.421,0.810514179722222,3.431
0.810749980833333,3.421,0.810827528611111,3.421,0.810791566111111,3.431
0.811027991111111,3.421,0.811105036666667,3.421,0.8110696425,3.431
0.811305802777778,3.421,0.811383144722222,3.421,0.811347538333333,3.431
0.811583855,3.421,0.811661123333333,3.421,0.811625628055556,3.431
0.811861715277778,3.421,0.811939057777778,3.431,0.811903415833333,3.431
0.812139545277778,3.421,0.812216843611111,3.421,0.812180821388889,3.421
0.812417294166667,3.421,0.812494656388889,3.421,0.812459155,3.431
0.812695293055556,3.421,0.812772531388889,3.421,0.812737073888889,3.431
0.8129733975,3.421,0.813050691111111,3.421,0.813014846944444,3.431
0.813251291944444,3.421,0.813328256388889,3.421,0.813292823611111,3.431
0.813529636666667,3.421,0.813606121944444,3.421,0.813570748055556,3.431
0.813806968055556,3.421,0.813884015555556,3.431,0.813848404444445,3.431
0.814085085,3.421,0.814161531388889,3.421,0.814126453055556,3.431
0.814362481944444,3.421,0.814439427777778,3.421,0.814404051388889,3.431
0.814640691944444,3.421,0.814717191666667,3.431,0.814681513888889,3.431
0.814918653611111,3.421,0.814994934166667,3.421,0.814959671944445,3.431
0.815196605,3.421,0.815272741944444,3.421,0.815237775,3.431
0.815474565555556,3.421,0.815550885833333,3.421,0.81551536,3.431
0.815751944166667,3.421,0.815829020277778,3.431,0.815793233333333,3.431
0.816030043333333,3.421,0.816106628888889,3.421,0.816071019166667,3.431
0.816307640833333,3.421,0.816384525833333,3.421,0.816348843611111,3.431
0.816585317222222,3.421,0.816662770555556,3.421,0.816626506944444,3.431
0.816863565,3.421,0.816940582777778,3.421,0.816904409722222,3.431
0.817141309166667,3.421,0.817218336111111,3.431,0.817182053611111,3.431
0.817419143333333,3.421,0.817496064722222,3.421,0.817459948055556,3.431
0.81769699,3.421,0.817774008333333,3.421,0.817737773055556,3.431
0.817974954444444,3.421,0.818051767222222,3.421,0.818015892222222,3.431
0.818253048333333,3.421,0.818329184444444,3.421,0.818293744722222,3.431
0.818530587222222,3.421,0.818607332777778,3.421,0.818571680555556,3.431
0.818808552777778,3.421,0.818885421944444,3.421,0.818849298055556,3.431
0.819086428888889,3.421,0.819162957222222,3.431,0.819127409444445,3.431
0.819364100833333,3.421,0.819440819166667,3.431,0.819404922222222,3.431
0.8196417725,3.421,0.819718504166667,3.431,0.819683044722222,3.431
0.819919648888889,3.421,0.819996368611111,3.421,0.819961295,3.431
0.8201974875,3.421,0.820274508888889,3.421,0.820239191388889,3.431
0.8204750375,3.421,0.820552215277778,3.431,0.820516656944444,3.431
0.8207532175,3.421,0.820829685,3.431,0.820794491111111,3.431
0.821031288888889,3.421,0.821108100833333,3.421,0.8210726,3.431
0.821309148333333,3.421,0.821385928333333,3.421,0.821350400555556,3.431
0.821587139166667,3.421,0.821663953611111,3.421,0.82162812,3.431
0.821864739166667,3.421,0.821941692222222,3.421,0.821906370277778,3.431
0.8221428525,3.421,0.822219809166667,3.421,0.822184495555556,3.431
0.822420607222222,3.421,0.822497728055556,3.421,0.822462068055556,3.431
0.822698496388889,3.421,0.822775371388889,3.421,0.822740028055556,3.431
0.822976075555556,3.421,0.82305326,3.431,0.823017718333333,3.431
0.823254011111111,3.421,0.823331114166667,3.421,0.823295580555556,3.431
0.823531371388889,3.421,0.823609043333333,3.431,0.823573195277778,3.431
0.823809696111111,3.421,0.823886893055556,3.431,0.823850961388889,3.431
0.824087733611111,3.421,0.824164633055556,3.431,0.824128740833333,3.431
0.824365648055556,3.421,0.824442816944444,3.431,0.824406994722222,3.431
0.824643059166667,3.421,0.824720246944444,3.421,0.824684560277778,3.431
0.824921121666667,3.421,0.824998141944445,3.431,0.824962529444444,3.431
0.825199273055556,3.421,0.825275723611111,3.431,0.825240601666667,3.431
0.825477193611111,3.421,0.8255540525,3.421,0.8255182475,3.431
0.825755049444444,3.421,0.825831861388889,3.421,0.825795989166667,3.431
0.826032705277778,3.421,0.826109609722222,3.421,0.826073868055556,3.431
0.826310668611111,3.421,0.826387550833333,3.421,0.826351245555556,3.431
0.826588525277778,3.421,0.826665390277778,3.421,0.826629444166667,3.431
0.826866048055556,3.421,0.8269433325,3.431,0.826907135555556,3.431
0.827143851111111,3.421,0.827221239722222,3.421,0.827184662222222,3.431
0.827421409722222,3.421,0.827498970277778,3.431,0.827462698055556,3.431
0.827699510555556,3.421,0.827776983333333,3.421,0.827740262222222,3.431
0.827977099444444,3.421,0.828054930277778,3.431,0.828018470277778,3.431
0.828255123888889,3.421,0.828332672777778,3.431,0.828296284722222,3.431
0.8285332275,3.421,0.828610975277778,3.421,0.828574058888889,3.431
0.828810758333333,3.421,0.828889350277778,3.431,0.828851563055556,3.431
0.829088865555556,3.421,0.829167438611111,3.421,0.829129620277778,3.431
0.8293667875,3.421,0.829445185833333,3.421,0.82940813,3.421
0.829644735,3.421,0.829723134722222,3.421,0.829686189722222,3.431
0.829922704722222,3.421,0.830000797222222,3.421,0.829963839722222,3.431
0.830200658611111,3.421,0.830279064166667,3.431,0.830241876111111,3.431
0.830478341666667,3.421,0.830556960555556,3.431,0.830520013611111,3.431
0.8307560875,3.421,0.830834736111111,3.421,0.830797427222222,3.431
0.831033960833333,3.421,0.831112123611111,3.431,0.831075747777778,3.431
0.831311818888889,3.421,0.831389898055556,3.431,0.8313534475,3.431
0.831589700277778,3.421,0.831668354722222,3.431,0.831631408333333,3.431
0.831867603333333,3.421,0.831946094722222,3.421,0.831908980555556,3.431
0.832145139166667,3.421,0.832224252777778,3.431,0.832186566944444,3.431
0.832423218888889,3.421,0.832501901111111,3.421,0.832464369444444,3.431
0.832701047777778,3.421,0.832780131666667,3.421,0.832742782777778,3.431
0.832978796388889,3.421,0.833058073611111,3.431,0.833020915,3.431
0.833256541944444,3.421,0.833335856666667,3.421,0.833299151666667,3.431
0.8335341175,3.421,0.833613553333333,3.421,0.833576557777778,3.431
0.833812201111111,3.421,0.833891441666667,3.421,0.833854798333333,3.431
0.834089826944444,3.421,0.834169194444444,3.421,0.834132565,3.431
0.834367925,3.421,0.834447397222222,3.421,0.834410774722222,3.431
0.834645539444444,3.421,0.834725601944444,3.431,0.834688578611111,3.431
0.8349236475,3.421,0.835003709444444,3.431,0.834966296666667,3.431
0.835201729444444,3.421,0.835281206388889,3.421,0.835243813055556,3.431
0.835479675833333,3.421,0.835559109444445,3.421,0.835521897222222,3.431
0.835758048055556,3.421,0.835837324722222,3.431,0.835799606111111,3.431
0.836036033333333,3.421,0.836115189722222,3.421,0.836077654722222,3.431
0.836313541388889,3.421,0.836393243888889,3.431,0.836355496388889,3.431
0.836591194166667,3.421,0.836670739444444,3.421,0.836633666111111,3.431
0.836869225,3.421,0.836948635833333,3.431,0.836911625277778,3.431
0.837147460555556,3.421,0.837226321944444,3.431,0.837189790277778,3.431
0.837424890555555,3.421,0.837503948611111,3.431,0.837467626111111,3.431
0.837702698611111,3.421,0.837781551666667,3.431,0.837745638055556,3.431
0.8379806725,3.421,0.838059731388889,3.431,0.838023503888889,3.431
0.838258559444444,3.421,0.838337261666667,3.421,0.838301357222222,3.431
0.838536267222222,3.421,0.838614918611111,3.431,0.838579287777778,3.431
0.8388139425,3.421,0.838892770555556,3.431,0.838856865277778,3.431
0.839091710277778,3.421,0.839171237222222,3.431,0.839134693333333,3.431
0.839369585,3.421,0.839449188888889,3.421,0.839412185833333,3.431
0.839647458611111,3.421,0.839726846388889,3.431,0.839690338333333,3.431
0.839925189444444,3.421,0.840004666944445,3.431,0.839968399166667,3.431
0.840203541944444,3.421,0.840282182777778,3.421,0.840245989444444,3.431
0.840480816666667,3.421,0.840560400277778,3.421,0.840523846111111,3.431
0.840758924166667,3.421,0.840838652777778,3.431,0.840801719722222,3.431
0.841036530833333,3.421,0.841116306111111,3.431,0.841079719166667,3.431
0.841314692777778,3.421,0.841394419444444,3.421,0.841357326666667,3.431
0.841592600277778,3.421,0.841672441666667,3.431,0.841635280555556,3.431
0.841870323611111,3.421,0.841950072777778,3.421,0.841913198333333,3.431
0.842148240555556,3.421,0.842227689166667,3.431,0.842191510555556,3.431
0.842425959722222,3.421,0.842505616111111,3.431,0.842469334166667,3.431
0.842703698611111,3.421,0.842783498611111,3.431,0.842747067222222,3.431
0.8429814775,3.421,0.843061531111111,3.431,0.843025290277778,3.431
0.843259398333333,3.431,0.843338952777778,3.431,0.843303071944444,3.431
0.843537169166667,3.421,0.843616914166667,3.421,0.843580950555556,3.431
0.843815016111111,3.421,0.8438948975,3.421,0.843858991944444,3.431
0.844092769722222,3.421,0.844172965833333,3.421,0.844136741944444,3.431
0.844370639444444,3.421,0.844451001944444,3.421,0.844414502222222,3.431
0.844648224444444,3.421,0.844728806666667,3.421,0.844691900277778,3.431
0.844926168611111,3.421,0.845007070555556,3.431,0.844969785,3.431
0.845204230277778,3.431,0.845284680833333,3.431,0.845247849722222,3.431
0.845482038055556,3.421,0.845562642777778,3.431,0.845525438888889,3.431
0.845759731666667,3.421,0.845839962222222,3.431,0.845803319444445,3.431
0.846037805833333,3.421,0.846118094722222,3.431,0.846081329722222,3.431
0.846315363888889,3.421,0.846396232777778,3.421,0.846359047222222,3.431
0.846593580555556,3.421,0.846673774444444,3.431,0.846637003333333,3.431
0.846871783055556,3.421,0.846951873333333,3.431,0.846914586666667,3.431
0.847149676944444,3.421,0.8472301,3.431,0.847192611111111,3.431
0.847427613611111,3.421,0.847507697777778,3.431,0.847470446666667,3.431
0.847705386666667,3.421,0.847785925833333,3.421,0.847748338333333,3.431
0.847983159722222,3.421,0.848063516944444,3.431,0.848025822777778,3.431
0.848261105277778,3.421,0.848341727777778,3.431,0.848304008333333,3.431
0.848538878888889,3.421,0.848619246388889,3.421,0.848581478611111,3.431
0.848816675,3.431,0.848897036111111,3.431,0.848859484722222,3.431
0.84909456,3.421,0.849174946388889,3.431,0.849137337222222,3.431
0.849372345,3.431,0.849453096666667,3.431,0.849415550555556,3.431
0.849650379444445,3.421,0.849730967222222,3.431,0.849693308055556,3.431
0.849927878055556,3.421,0.850009050833333,3.431,0.849971178888889,3.431
0.850206234444444,3.421,0.850286928055556,3.431,0.850249166666667,3.431
0.850484051666667,3.421,0.850564870833333,3.431,0.850526935,3.431
0.850762171666667,3.421,0.850842823611111,3.421,0.850804775833333,3.431
0.851039679166667,3.421,0.851120302222222,3.431,0.851083139166667,3.431
0.8513174775,3.421,0.851398176111111,3.421,0.851360811944444,3.431
0.851594968888889,3.421,0.851676078611111,3.431,0.851638775833333,3.431
0.851872783333333,3.421,0.851954123888889,3.431,0.851916606666667,3.431
0.852150969722222,3.421,0.852231763055555,3.421,0.852194109444445,3.431
0.852429044166667,3.421,0.852509805833333,3.431,0.852472484444444,3.431
0.85270685,3.421,0.852787747777778,3.431,0.852750116944444,3.431
0.852984695,3.421,0.853065496944444,3.421,0.853028074722222,3.431
0.8532629675,3.421,0.853343715833333,3.431,0.853305697777778,3.431
0.853540504166667,3.421,0.853621565277778,3.431,0.853583568055556,3.431
0.853818790833333,3.421,0.853899467777778,3.421,0.853861295555555,3.431
0.854096155555556,3.421,0.85417733,3.431,0.854139059166667,3.431
0.8543744725,3.421,0.854454941388889,3.431,0.854417218333333,3.431
0.854652169722222,3.421,0.854732886944444,3.431,0.854695253888889,3.431
0.854929953888889,3.421,0.855010763611111,3.431,0.854973170555556,3.431
0.855208094166667,3.431,0.855288731111111,3.421,0.855251051666667,3.431
0.855485916111111,3.421,0.855566393611111,3.431,0.855529005,3.431
0.855763568333333,3.421,0.855844204722222,3.421,0.855806834722222,3.431
0.856041416388889,3.421,0.856122344444444,3.431,0.856084578055556,3.431
0.85631922,3.421,0.85640079,3.431,0.856362606944444,3.431
0.856597192222222,3.421,0.856678680833333,3.431,0.856640735,3.431
0.856875120555556,3.421,0.856956358055555,3.431,0.856918967222222,3.431
0.857152666666667,3.421,0.857234567222222,3.431,0.857196530555556,3.431
0.857430584444445,3.421,0.857512373333333,3.431,0.857474319166667,3.431
0.857708381666667,3.431,0.857790659166667,3.421,0.857752271666667,3.431
0.857986193611111,3.421,0.858068428333333,3.431,0.858030080555556,3.431
0.858263934166667,3.421,0.858345825,3.431,0.858307503611111,3.431
0.858541651111111,3.421,0.858624035,3.431,0.858585121388889,3.431
0.858819411388889,3.431,0.858902138888889,3.431,0.858863236944445,3.431
0.859097187777778,3.421,0.859179665,3.431,0.859141394166667,3.431
0.859375138611111,3.431,0.859457816388889,3.421,0.859419308611111,3.431
0.859652468611111,3.421,0.859735741111111,3.431,0.859696843055555,3.431
0.859930765,3.421,0.860013866944444,3.431,0.859974573333333,3.431
0.8602090625,3.431,0.860291828888889,3.431,0.860252866111111,3.431
0.860486872222222,3.421,0.860569758055556,3.431,0.860530713333333,3.431
0.860764431388889,3.421,0.860847533611111,3.431,0.860808329166667,3.431
0.861041926111111,3.431,0.861124964722222,3.431,0.8610865075,3.431
0.861319985277778,3.431,0.861403085,3.431,0.861364127222222,3.431
0.861598063333333,3.431,0.861680715277778,3.431,0.861641990277778,3.431
0.861875970833333,3.421,0.861958256944444,3.421,0.861919911944444,3.431
0.8621540525,3.421,0.86223632,3.421,0.86219741,3.431
0.862431755,3.431,0.862514578333333,3.431,0.862475561666667,3.431
0.862709642777778,3.421,0.862792323055556,3.431,0.862753267222222,3.431
0.862987481944444,3.421,0.863070009166667,3.431,0.863031042777778,3.431
0.863265565555556,3.431,0.86334781,3.431,0.863309278055555,3.431
0.863543483333333,3.421,0.863625900555556,3.431,0.863586866111111,3.431
0.863821168611111,3.421,0.863903495555556,3.431,0.863864733611111,3.431
0.864099,3.431,0.864181301944444,3.431,0.86414266,3.431
0.864376868611111,3.421,0.864459390833333,3.431,0.864420608611111,3.431
0.8646547975,3.421,0.864736887777778,3.431,0.864698551388889,3.431
0.864932188333333,3.421,0.865015058888889,3.431,0.864976285833333,3.431
0.865210544722222,3.421,0.865292634722222,3.431,0.865254140833333,3.431
0.865488932777778,3.421,0.865570478055556,3.431,0.865531941944444,3.431
0.865766738888889,3.421,0.865848115555556,3.431,0.865810042777778,3.431
0.8660445675,3.421,0.866126153055556,3.431,0.866087495555556,3.431
0.866322209166667,3.421,0.866403880555556,3.431,0.866365626388889,3.431
0.866600233888889,3.421,0.866681434444444,3.431,0.8666439225,3.431
0.8668778075,3.421,0.866959815555556,3.431,0.866921860277778,3.431
0.867156025833333,3.431,0.867237239166667,3.421,0.867199577777778,3.431
0.867433727222222,3.431,0.867515193888889,3.431,0.867477376111111,3.431
0.867711765277778,3.431,0.867793080277778,3.431,0.867755327777778,3.431
0.867989689722222,3.421,0.868070923888889,3.431,0.868033319166667,3.431
0.868267565555556,3.421,0.868348506111111,3.421,0.868311128611111,3.431
0.868545568888889,3.431,0.868626360833333,3.431,0.868589008055556,3.431
0.868823216388889,3.421,0.868904208611111,3.431,0.868866797222222,3.431
0.869100925277778,3.421,0.8691820675,3.431,0.869144856388889,3.431
0.869378686111111,3.421,0.869459781388889,3.431,0.869422630277778,3.431
0.869656454166667,3.421,0.869737556111111,3.431,0.869700370277778,3.431
0.869934170555556,3.421,0.870015615555556,3.431,0.869978664166667,3.431
0.870212113888889,3.431,0.870293475833333,3.431,0.870256434166667,3.431
0.8704898625,3.421,0.870571342777778,3.431,0.870534029444444,3.431
0.870767658055556,3.421,0.870849318333333,3.431,0.870811779444444,3.431
0.871045287777778,3.431,0.87112726,3.431,0.871089985,3.431
0.871323223333333,3.431,0.871405408055556,3.431,0.871367419166667,3.431
0.871601070277778,3.421,0.871682683611111,3.431,0.871645606388889,3.431
0.871879339722222,3.421,0.871960976666667,3.431,0.871924004722222,3.431
0.872156953611111,3.431,0.872238949444444,3.431,0.872201798611111,3.431
0.872434753888889,3.431,0.8725170325,3.431,0.872479739444444,3.431
0.872712763888889,3.431,0.872794458055556,3.431,0.872757215,3.431
0.872990540555556,3.421,0.873072335277778,3.431,0.873035314166667,3.431
0.873268732222222,3.421,0.873350358333333,3.431,0.873313265833333,3.431
0.873546261944445,3.421,0.873628427777778,3.431,0.873591116944444,3.431
0.873824291388889,3.421,0.873905910277778,3.431,0.873869173888889,3.431
0.874102148333333,3.421,0.874184146666667,3.431,0.874147151666667,3.431
0.874379934166667,3.421,0.874461927222222,3.431,0.874424970555556,3.431
0.874657623055556,3.431,0.874739649166667,3.431,0.874702645555556,3.441
0.874935475277778,3.421,0.8750172675,3.431,0.8749808825,3.431
0.875213240555556,3.421,0.875295014444444,3.431,0.875259037222222,3.431
0.875490655,3.431,0.87557298,3.431,0.875536911388889,3.431
0.875768819722222,3.421,0.875850864444444,3.431,0.875814682222222,3.431
0.876046548611111,3.421,0.876128803611111,3.431,0.8760926125,3.431
0.876324226666667,3.421,0.876406368888889,3.431,0.876370176944444,3.431
0.876601971111111,3.431,0.876684370555555,3.431,0.876648202777778,3.431
0.876880169444444,3.421,0.876962086388889,3.431,0.876926136666667,3.431
0.877157795277778,3.421,0.877239653055556,3.431,0.8772037375,3.431
0.8774360025,3.431,0.877517859166667,3.431,0.877481621944444,3.431
0.877713595,3.431,0.877795532222222,3.431,0.877759238611111,3.431
0.877991834444444,3.421,0.8780737975,3.431,0.878037165833333,3.431
0.878269421388889,3.431,0.878351287777778,3.431,0.878314894722222,3.431
0.8785473425,3.421,0.878629381111111,3.431,0.878592664166667,3.431
0.878825335277778,3.421,0.878907200555555,3.431,0.878870316944444,3.431
0.879103154444445,3.431,0.879185295277778,3.431,0.879148202222222,3.431
0.879381086111111,3.431,0.879463221111111,3.431,0.879426051111111,3.431
0.879659029722222,3.421,0.879740766944444,3.431,0.879703966111111,3.431
0.879936629166667,3.421,0.880019169722222,3.431,0.879981700555556,3.431
0.880214487777778,3.431,0.880296983055556,3.431,0.880259298888889,3.431
0.880491956111111,3.431,0.880575344722222,3.431,0.880536829722222,3.431
0.880770447222222,3.421,0.880853401944445,3.431,0.880815032222222,3.431
0.881047979722222,3.431,0.881131487222222,3.431,0.881092907777778,3.431
0.881325966666667,3.421,0.881409078055556,3.431,0.8813707625,3.431
0.881603995277778,3.421,0.881686826944444,3.431,0.881648878333333,3.431
0.881881851944444,3.421,0.8819646025,3.431,0.881926804444444,3.431
0.882159236666667,3.421,0.882242311388889,3.431,0.882204986944444,3.431
0.882437210277778,3.421,0.882520533611111,3.431,0.882482670277778,3.431
0.882715321388889,3.421,0.882798408055556,3.431,0.8827606675,3.431
0.882993015277778,3.421,0.883076023055556,3.431,0.883038283055556,3.441
0.883270673055556,3.431,0.883354277222222,3.431,0.883316782777778,3.431
0.883548681111111,3.431,0.883631926111111,3.431,0.883594618888889,3.431
0.883826463888889,3.431,0.883909904722222,3.431,0.883872508888889,3.431
0.884104481111111,3.421,0.884187565833333,3.431,0.884149949444444,3.431
0.884382564166667,3.421,0.884465763888889,3.431,0.884427623611111,3.431
0.884660278888889,3.431,0.884743459444444,3.431,0.884705940277778,3.431
0.884938166944444,3.431,0.885021415277778,3.431,0.884983650277778,3.431
0.885216109722222,3.421,0.885299406111111,3.431,0.88526111,3.431
0.885494105,3.431,0.885577178611111,3.431,0.885539156388889,3.431
0.885771743333333,3.421,0.885855118888889,3.431,0.885817104444445,3.431
0.886050216111111,3.421,0.886132885833333,3.431,0.886095143333333,3.431
0.886327866388889,3.431,0.886410537777778,3.431,0.886372915277778,3.431
0.886606157222222,3.431,0.886688223611111,3.431,0.886650682777778,3.431
0.886883986944444,3.431,0.886966469166667,3.431,0.886928372222222,3.431
0.887161567777778,3.431,0.887244304722222,3.431,0.887206550277778,3.431
0.887439297222222,3.431,0.887522253611111,3.431,0.887484271944444,3.431
0.887717236388889,3.431,0.887799661944444,3.431,0.887762069722222,3.431
0.887995407222222,3.421,0.888077791666667,3.431,0.888039829722222,3.431
0.888273155555556,3.421,0.8883556775,3.431,0.888317378611111,3.431
0.888550810277778,3.431,0.8886336425,3.431,0.888595618055556,3.431
0.888828826944444,3.431,0.888911269722222,3.431,0.8888730925,3.431
0.889107019166667,3.421,0.889189262222222,3.431,0.889151215555556,3.431
0.889384828611111,3.421,0.889467115555556,3.431,0.889429019166667,3.431
0.8896629375,3.421,0.889745348333333,3.431,0.889707355,3.431
0.889941068611111,3.421,0.890022938611111,3.431,0.889985120555556,3.431
0.890219149722222,3.421,0.890300731388889,3.431,0.890263054722222,3.431
0.890496849166667,3.431,0.890578512777778,3.431,0.890541085277778,3.431
0.890774892222222,3.421,0.890856025,3.431,0.890819328333333,3.431
0.891052623055556,3.431,0.891134021111111,3.431,0.891097036666667,3.431
0.891330559722222,3.421,0.891412295277778,3.431,0.891375062222222,3.431
0.891608363611111,3.431,0.8916899725,3.431,0.8916531275,3.431
0.891886162222222,3.431,0.891967626388889,3.431,0.891930743055556,3.431
0.892163836111111,3.431,0.8922456225,3.431,0.892208366944444,3.431
0.892441778333333,3.421,0.892523418055555,3.431,0.892486387222222,3.431
0.892719553055556,3.421,0.892801056111111,3.431,0.892763809444444,3.431
0.892997139444444,3.431,0.893078643055556,3.431,0.893041992222222,3.431
0.893275023055556,3.421,0.893356764722222,3.431,0.893319646388889,3.431
0.893553121666667,3.431,0.8936343875,3.431,0.893597622222222,3.431
0.893830711944444,3.431,0.893912131111111,3.431,0.893875473611111,3.431
0.894108535277778,3.431,0.8941901425,3.431,0.894153301666667,3.431
0.894386156388889,3.431,0.894467932222222,3.431,0.894431139444445,3.431
0.894664323888889,3.431,0.894745791944444,3.431,0.894709215555556,3.431
0.894941752222222,3.421,0.895023551111111,3.431,0.894986981666667,3.431
0.895219725555556,3.421,0.895301549444445,3.431,0.895264700833333,3.441
0.895497456111111,3.421,0.895579509444444,3.431,0.895542685,3.431
0.895775398611111,3.431,0.895857600833333,3.431,0.895820655833333,3.431
0.896053036944444,3.431,0.896135510277778,3.431,0.896098281944444,3.431
0.896331236944444,3.431,0.896413660555556,3.431,0.896376273055556,3.431
0.896609180277778,3.431,0.896691504166667,3.431,0.8966539775,3.431
0.89688679,3.431,0.896969645555556,3.431,0.896931823888889,3.431
0.897164840833333,3.431,0.897247388055555,3.431,0.897209639722222,3.441
0.897442497777778,3.421,0.897525546666667,3.431,0.897487420277778,3.431
0.897720233333333,3.431,0.897803329166667,3.431,0.897765350277778,3.431
0.8979980875,3.421,0.898081030555556,3.431,0.898042871111111,3.431
0.898275924722222,3.421,0.898359214444444,3.431,0.898320730277778,3.431
0.898553849166667,3.421,0.898636970277778,3.431,0.898598561944444,3.431
0.898831573611111,3.431,0.898914617222222,3.431,0.898876580833333,3.431
0.899108946944445,3.421,0.899192743611111,3.431,0.899154619166667,3.431
0.899387087777778,3.431,0.899470536111111,3.431,0.899432495,3.441
0.8996648275,3.431,0.899748275277778,3.431,0.8997099425,3.431
0.899942496666667,3.431,0.900026517222222,3.431,0.899987959166667,3.431
0.900220383611111,3.431,0.900304345,3.431,0.900265471111111,3.431
0.900497791111111,3.431,0.900582091388889,3.431,0.900543570833333,3.441
0.900775785277778,3.431,0.900859506388889,3.431,0.900821533611111,3.431
0.9010535775,3.431,0.901137845277778,3.431,0.901099334722222,3.431
0.901331379722222,3.431,0.901415637777778,3.431,0.901377001666667,3.431
0.901609308888889,3.421,0.901693789444444,3.431,0.901655006111111,3.431
0.901887028611111,3.431,0.901971713611111,3.431,0.901932563333333,3.431
0.902164826388889,3.431,0.902249335277778,3.431,0.902210291666667,3.431
0.902442644444444,3.421,0.902527321666667,3.431,0.902488402222222,3.431
0.902720828055556,3.431,0.902805100833333,3.431,0.902765975833333,3.431
0.902998765277778,3.431,0.903082951666667,3.431,0.903043760555556,3.431
0.903276803888889,3.431,0.903360668333333,3.431,0.90332153,3.431
0.903554784166667,3.431,0.903638553888889,3.431,0.903599951388889,3.431
0.903832670833333,3.431,0.90391653,3.431,0.903877903888889,3.431
0.904110754166667,3.431,0.904194504166667,3.431,0.904155743055555,3.431
0.904388563611111,3.431,0.904472139722222,3.431,0.904433511388889,3.431
0.904666650555556,3.421,0.904750002777778,3.431,0.904711296388889,3.441
0.904944285277778,3.431,0.905028077222222,3.431,0.904989321666667,3.431
0.905222316111111,3.431,0.905305753333333,3.431,0.9052671125,3.431
0.905499977777778,3.431,0.905583617222222,3.431,0.905544735,3.431
0.905778237222222,3.431,0.905861329722222,3.431,0.905822898055556,3.431
0.906056125277778,3.431,0.906139195,3.431,0.906100553055556,3.441
0.90633389,3.431,0.906416945,3.431,0.906378300833333,3.431
0.906611613888889,3.431,0.906694959444444,3.431,0.90665616,3.431
0.9068891625,3.431,0.906973131388889,3.431,0.906934218055556,3.441
0.907167181666667,3.431,0.907251103611111,3.431,0.907212053611111,3.431
0.907445030555556,3.431,0.907528894166667,3.431,0.907490082777778,3.431
0.907722506388889,3.431,0.907806378611111,3.431,0.907767827222222,3.441
0.908000687222222,3.431,0.9080845275,3.431,0.908045421666667,3.431
0.908278725833333,3.431,0.908362632777778,3.431,0.908323579166667,3.431
0.908556415,3.431,0.908640237777778,3.431,0.908601271111111,3.431
0.908834106388889,3.431,0.908917925277778,3.431,0.908879360833333,3.431
0.909111691111111,3.431,0.909195895833333,3.431,0.909157221944444,3.441
0.909389684166667,3.431,0.909473979166667,3.431,0.909435091944444,3.431
0.909667450277778,3.431,0.909751684722222,3.431,0.909713343611111,3.431
0.909945490833333,3.431,0.910029346666667,3.431,0.9099910775,3.431
0.910223123888889,3.421,0.910307239166667,3.431,0.910268956666667,3.431
0.910501113888889,3.421,0.910585019166667,3.431,0.910546423888889,3.431
0.910779028888889,3.431,0.910862964444444,3.431,0.910824149166667,3.431
0.911056807222222,3.421,0.911140880833333,3.431,0.911102424166667,3.431
0.911334562222222,3.421,0.911418774444444,3.431,0.911380355,3.431
0.911612191111111,3.431,0.911696406666667,3.431,0.911657916666667,3.431
0.911890079444444,3.431,0.911974135,3.431,0.911935783611111,3.441
0.9121682225,3.431,0.912252324166667,3.431,0.912213240555556,3.431
0.912446010277778,3.431,0.912530578611111,3.431,0.912491704166667,3.441
0.9127238275,3.431,0.912808167222222,3.431,0.912769466111111,3.441
0.913001826944444,3.431,0.913085876666667,3.431,0.913047327777778,3.431
0.9132795175,3.431,0.913363665,3.431,0.913325369444444,3.441
0.91355754,3.431,0.91364163,3.431,0.913603395,3.441
0.913835507777778,3.431,0.913919621944444,3.431,0.913881459444444,3.441
0.914113325277778,3.431,0.914197690277778,3.431,0.9141591275,3.441
0.914391543055555,3.421,0.914475506388889,3.431,0.914436918611111,3.431
0.914669311944444,3.431,0.914753656944445,3.431,0.9147150475,3.441
0.914946995,3.431,0.915031708888889,3.431,0.914992991666667,3.441
0.915224706666667,3.431,0.915309456388889,3.431,0.915270980833333,3.431
0.915502665833333,3.431,0.915587318055556,3.431,0.915548950833333,3.441
0.915780107222222,3.431,0.915865575833333,3.431,0.915826544166667,3.431
0.916058415277778,3.431,0.916143168055556,3.431,0.916104398888889,3.431
0.916336326666667,3.431,0.916420765555556,3.431,0.916381806666667,3.431
0.916614005555555,3.431,0.916698818611111,3.431,0.916659643611111,3.441
0.916891743055556,3.431,0.916976894166667,3.431,0.916938095555555,3.431
0.917169671388889,3.431,0.917255025555556,3.431,0.917215894166667,3.431
0.917447200277778,3.431,0.917532616388889,3.431,0.917493803888889,3.431
0.917724961388889,3.431,0.917810519166667,3.431,0.917771571666667,3.431
0.918002777777778,3.431,0.918088439722222,3.431,0.918049407777778,3.431
0.918280438055556,3.431,0.918366251944444,3.431,0.918327396666667,3.431
0.918558373333333,3.431,0.918644089166667,3.431,0.918605386111111,3.441
0.918836108333333,3.431,0.918922148333333,3.431,0.918883117777778,3.441
0.919113934166667,3.431,0.9191996875,3.431,0.9191608925,3.431
0.919391914722222,3.421,0.919477551111111,3.431,0.919438614166667,3.441
0.9196698275,3.431,0.919755588888889,3.431,0.9197165525,3.431
0.919947536388889,3.431,0.920033443333333,3.431,0.919994309444444,3.431
0.920225100555556,3.431,0.920311342777778,3.431,0.920272254722222,3.431
0.920503322777778,3.431,0.9205890425,3.431,0.920549849166667,3.431
0.920781320277778,3.431,0.920866808611111,3.431,0.920827749166667,3.431
0.921058804722222,3.431,0.921145022222222,3.431,0.921105745,3.441
0.921336721944444,3.431,0.921422815833333,3.431,0.921383400277778,3.431
0.921614434722222,3.431,0.921700515833333,3.431,0.921661274166667,3.441
0.921892324444444,3.431,0.921978771944444,3.431,0.921939123888889,3.431
0.922170253333333,3.431,0.922256961666667,3.431,0.922217091388889,3.441
0.922447836111111,3.431,0.922534750277778,3.431,0.922495130277778,3.431
0.922725938888889,3.421,0.922812532777778,3.431,0.922773016111111,3.431
0.923003945,3.431,0.923090500277778,3.431,0.923050823611111,3.441
0.923281646388889,3.431,0.923368285555556,3.431,0.923328606111111,3.431
0.923559528888889,3.431,0.923646369444444,3.431,0.923606358333333,3.441
0.923837426111111,3.431,0.923924305,3.431,0.923884093888889,3.441
0.924115220277778,3.431,0.924201863611111,3.431,0.924161928611111,3.441
0.924393073611111,3.421,0.924480080555556,3.431,0.924439732777778,3.431
0.924670904166667,3.431,0.924757466666667,3.431,0.924717492777778,3.431
0.924948788055556,3.431,0.925035679166667,3.431,0.924995365277778,3.441
0.925226833055556,3.431,0.925313260833333,3.431,0.925273182777778,3.431
0.92550453,3.431,0.925591095555556,3.431,0.925551152777778,3.441
0.925782275555555,3.431,0.925868986111111,3.431,0.925828798611111,3.441
0.926060251388889,3.431,0.926146855277778,3.431,0.926106632777778,3.431
0.926338107222222,3.431,0.926424813888889,3.431,0.926384265833333,3.441
0.926616082222222,3.431,0.926702540833333,3.431,0.926661875,3.431
0.926893806944444,3.431,0.926980679166667,3.431,0.926940089722222,3.441
0.927171974166667,3.431,0.927258898055556,3.431,0.927217965277778,3.441
0.927449900277778,3.431,0.927536634444444,3.431,0.927495580277778,3.431
0.927727475833333,3.431,0.927814589166667,3.431,0.927773554166667,3.431
0.928005446388889,3.431,0.928092456944444,3.431,0.928051180277778,3.431
0.928283090277778,3.431,0.928370124722222,3.431,0.928329087222222,3.441
0.928561129444444,3.431,0.928648163888889,3.431,0.928606757222222,3.431
0.928838809722222,3.431,0.928925830277778,3.431,0.928884711111111,3.431
0.929116621666667,3.421,0.929204020277778,3.431,0.929162615277778,3.441
0.929394431666667,3.431,0.929481652777778,3.431,0.929440188611111,3.441
0.929672429444444,3.431,0.929759723333333,3.431,0.929718437777778,3.441
0.929950279722222,3.431,0.930037110555555,3.431,0.929996435555556,3.441
0.930228462777778,3.431,0.930315023611111,3.431,0.930274063611111,3.431
0.930506174444444,3.431,0.930592695,3.431,0.930551784444445,3.441
0.9307840275,3.431,0.930870736111111,3.431,0.930829582777778,3.431
0.931062046944444,3.431,0.931148208888889,3.431,0.931107763055556,3.441
0.931339472777778,3.431,0.931426499166667,3.431,0.931385439444445,3.431
0.931617431944444,3.431,0.931704341666667,3.431,0.931663170555556,3.441
0.931895819722222,3.431,0.931982181666667,3.431,0.931940935,3.441
0.932173471944444,3.431,0.932260239166667,3.431,0.932219259444444,3.431
0.932451173333333,3.431,0.932538184722222,3.431,0.932497113333333,3.441
0.932728911111111,3.431,0.932815847222222,3.431,0.932774948611111,3.441
0.933007076388889,3.431,0.933093954166667,3.431,0.933052812222222,3.441
0.9332849375,3.431,0.933371588055556,3.431,0.933330179444444,3.431
0.933562638888889,3.431,0.933649406944445,3.431,0.933608480277778,3.431
0.933841060555556,3.431,0.933927322222222,3.431,0.933886315555556,3.431
0.934118866944444,3.431,0.934205141666667,3.431,0.934164438611111,3.431
0.934397090277778,3.431,0.934483005,3.431,0.934442394722222,3.431
0.934674568055556,3.431,0.934760946111111,3.431,0.934720396666667,3.441
0.934952563333333,3.431,0.935038876388889,3.431,0.934998383888889,3.441
0.935230545,3.431,0.935316729444444,3.431,0.935275682777778,3.441
0.935508176388889,3.431,0.935594540555556,3.431,0.935554204722222,3.441
0.935785966666667,3.431,0.935872172222222,3.431,0.935831996111111,3.441
0.936063662777778,3.431,0.936149831111111,3.431,0.936109356388889,3.441
0.936341390555556,3.431,0.9364277925,3.431,0.936387437777778,3.431
0.936619302777778,3.431,0.936705329166667,3.431,0.936665111111111,3.431
0.936896700277778,3.431,0.9369832525,3.431,0.936942868333333,3.431
0.937174901944444,3.431,0.937261235,3.431,0.937220903611111,3.431
0.937452562222222,3.431,0.937538857777778,3.431,0.937498460555556,3.431
0.937730664166667,3.431,0.937816539166667,3.431,0.937776259444444,3.431
0.938008311944444,3.431,0.938094494444444,3.431,0.938053979166667,3.441
0.938286337222222,3.431,0.938372298333333,3.431,0.938331663055555,3.441
0.938563950277778,3.431,0.938649908611111,3.431,0.938609833611111,3.431
0.938841630277778,3.431,0.938927743888889,3.431,0.938887286111111,3.441
0.939119409722222,3.431,0.939205618055556,3.431,0.939165557222222,3.431
0.939397895277778,3.431,0.939483080833333,3.431,0.939443420833333,3.441
0.939675410833333,3.431,0.939761443888889,3.431,0.9397213375,3.431
0.939953480555556,3.431,0.940039190277778,3.431,0.939999135555556,3.431
0.940231166388889,3.431,0.940316784444444,3.431,0.940277299444444,3.441
0.940508719444444,3.431,0.940594525,3.431,0.940555209444444,3.431
0.940786596111111,3.431,0.940872560555556,3.431,0.94083334,3.441
0.941064475,3.431,0.941150662222222,3.431,0.941110775555556,3.431
0.941342407777778,3.431,0.941428762777778,3.431,0.941388860555556,3.441
0.941619694166667,3.431,0.941706724722222,3.431,0.941666269722222,3.431
0.941897877777778,3.431,0.941984521111111,3.431,0.941944109444445,3.441
0.942175658055556,3.431,0.942262255833333,3.431,0.942222224444444,3.441
0.942453091944444,3.431,0.942540186944444,3.431,0.942500263333333,3.441
0.942730943055556,3.431,0.942818161944444,3.431,0.942778247222222,3.431
0.943008968611111,3.431,0.943096160555556,3.431,0.943056424444444,3.441
0.943286559444445,3.431,0.943373856388889,3.431,0.943334128333333,3.441
0.943564142777778,3.431,0.943651872222222,3.431,0.943611904722222,3.441
0.9438423275,3.431,0.943929731111111,3.431,0.943889718888889,3.441
0.944119686666667,3.431,0.944207584444444,3.431,0.944167514444444,3.441
0.944397899722222,3.431,0.944485167222222,3.431,0.944444855,3.441
0.944675973333333,3.431,0.944763040833333,3.431,0.944723181388889,3.441
0.944953817777778,3.431,0.945041023888889,3.431,0.9450009325,3.441
0.945231619444444,3.431,0.945319187222222,3.431,0.945278681388889,3.431
0.945509040277778,3.431,0.9455966625,3.431,0.945556626111111,3.431
0.945786992777778,3.431,0.945875090555556,3.431,0.945834485555556,3.431
0.946065108611111,3.431,0.946153103055556,3.431,0.946111955,3.431
0.946343126388889,3.431,0.946431538055556,3.441,0.946389855555556,3.441
0.946620561944444,3.431,0.946709335833333,3.441,0.946667548055556,3.441
0.946898696388889,3.431,0.946987408333333,3.431,0.946945391111111,3.441
0.9471765975,3.431,0.947265297222222,3.431,0.947223327222222,3.441
0.947454231944444,3.431,0.947542763611111,3.431,0.947500759444444,3.441
0.947732590833333,3.431,0.947820465,3.431,0.94777862,3.441
0.948010621666667,3.431,0.948098704444444,3.431,0.948056816666667,3.441
0.948288428333333,3.431,0.948376035555555,3.431,0.948334580833333,3.441
0.948566300555556,3.431,0.948654254444444,3.431,0.9486124125,3.441
0.948843984166667,3.431,0.9489323525,3.431,0.948890246388889,3.441
0.949121866111111,3.431,0.949209870555556,3.431,0.9491679425,3.441
0.9493996125,3.431,0.949487776111111,3.431,0.949445829166667,3.431
0.949677314722222,3.431,0.949765734166667,3.431,0.949723721944444,3.441
0.949954864444444,3.431,0.950043558611111,3.431,0.950001307222222,3.441
0.950232841666667,3.431,0.950321665555556,3.431,0.950279198333333,3.431
0.950510535,3.431,0.950599684444444,3.431,0.950557304444444,3.441
0.950788300277778,3.431,0.950877750833333,3.431,0.950834943611111,3.441
0.951065849166667,3.431,0.951155585,3.431,0.951113096666667,3.441
0.951344346111111,3.431,0.951433638888889,3.431,0.951390915277778,3.441
0.951622063333333,3.431,0.951711426388889,3.431,0.951668476388889,3.441
0.951899909722222,3.431,0.951989418333333,3.431,0.951946260833333,3.431
0.952177771944444,3.431,0.952267343888889,3.431,0.952224384444444,3.441
0.952456135555556,3.431,0.952544966388889,3.431,0.952502078055556,3.441
0.952734409166667,3.431,0.952822731666667,3.431,0.952780288611111,3.441
0.953012115555556,3.431,0.953100755277778,3.431,0.953058039166667,3.441
0.953290198055556,3.431,0.953378978055556,3.431,0.95333543,3.431
0.953568329166667,3.431,0.953656685277778,3.431,0.953613583055556,3.431
0.9538463575,3.431,0.953934340833333,3.431,0.953891693888889,3.431
0.954124000833333,3.431,0.95421222,3.431,0.954169091111111,3.441
0.954401993888889,3.431,0.954489986666667,3.431,0.954447143611111,3.441
0.9546797875,3.431,0.954767902777778,3.431,0.954725325,3.441
0.954957494166667,3.431,0.955045658333333,3.431,0.955003115,3.441
0.955235152777778,3.431,0.955323466666667,3.431,0.955280928611111,3.441
0.955513290555556,3.431,0.955601094166667,3.431,0.955558980833333,3.441
0.955791334444445,3.431,0.955878941111111,3.431,0.955836898055555,3.441
0.956069276111111,3.431,0.956156625833333,3.431,0.956114733611111,3.441
0.956347179444444,3.431,0.956434361388889,3.441,0.956392221111111,3.441
0.95662485,3.431,0.956712426666667,3.431,0.956670361388889,3.441
0.956902625555555,3.431,0.956990375555556,3.441,0.956948400277778,3.441
0.957180341388889,3.431,0.957267945833333,3.431,0.957226010555556,3.431
0.957458178888889,3.431,0.957545999444444,3.441,0.957504370833333,3.441
0.957735879444444,3.431,0.957824242777778,3.431,0.957782040277778,3.441
0.9580138375,3.431,0.958101942777778,3.431,0.958060219444445,3.431
0.958291681666667,3.431,0.9583793825,3.431,0.9583376225,3.441
0.958569397222222,3.431,0.958657832777778,3.431,0.958615753333333,3.441
0.958847496944444,3.431,0.958935225555556,3.431,0.958893849722222,3.441
0.959125332777778,3.431,0.959213350555556,3.431,0.959171776944444,3.441
0.959402964166667,3.431,0.959491183888889,3.431,0.959449580555556,3.431
0.959680939722222,3.431,0.959768506944444,3.431,0.959727264444444,3.441
0.959958760833333,3.431,0.960046308888889,3.431,0.960005120555556,3.441
0.960236344166667,3.431,0.960324492222222,3.431,0.960283088055556,3.441
0.960514006666667,3.431,0.960601979722222,3.431,0.960560708888889,3.441
0.960791987222222,3.431,0.960879793333333,3.431,0.960839002777778,3.441
0.961069437777778,3.431,0.961157460833333,3.431,0.961116561666667,3.441
0.961347208333333,3.431,0.961435556944444,3.431,0.9613946175,3.441
0.961625462777778,3.431,0.961713398611111,3.431,0.961672644166667,3.441
0.961903110555556,3.431,0.961991128888889,3.431,0.961950879166667,3.441
0.962180820833333,3.431,0.962268943333333,3.431,0.962228655833333,3.441
0.962458706666667,3.431,0.962546466111111,3.431,0.962506442777778,3.441
0.962736446111111,3.431,0.962824480555556,3.431,0.962784207777778,3.441
0.963014308611111,3.431,0.963102136111111,3.431,0.963061674722222,3.441
0.963292127777778,3.431,0.963380037777778,3.431,0.963339664444445,3.441
0.963569565555556,3.431,0.963657863888889,3.431,0.963617504166667,3.441
0.963847945,3.431,0.963935695277778,3.431,0.963895511111111,3.441
0.964125636388889,3.431,0.964213559444444,3.431,0.964173094444444,3.441
0.964403443611111,3.431,0.964491661388889,3.441,0.964450768333333,3.441
0.964681171944444,3.431,0.964769417222222,3.431,0.964728904722222,3.441
0.964959124166667,3.431,0.965047279444444,3.431,0.965006796666667,3.441
0.965236912777778,3.431,0.965325080555556,3.431,0.965284805,3.441
0.965515143611111,3.431,0.965602869444444,3.431,0.965562352222222,3.441
0.965792929722222,3.431,0.965880508888889,3.441,0.9658402575,3.441
0.966070846111111,3.431,0.9661581425,3.431,0.966117808888889,3.441
0.966348926111111,3.431,0.966436165833333,3.431,0.966395716111111,3.441
0.966627098055555,3.431,0.966713930555556,3.431,0.96667344,3.441
0.966904662777778,3.431,0.966991555277778,3.431,0.966951383611111,3.441
0.967182558888889,3.431,0.967269755,3.431,0.967228975277778,3.441
0.967460273888889,3.431,0.967547834166667,3.431,0.96750708,3.441
0.96773812,3.431,0.967825619166667,3.431,0.967785014444445,3.441
0.968016249166667,3.431,0.968103149166667,3.431,0.968062866388889,3.441
0.968293925833333,3.431,0.968381141944444,3.431,0.968341064166667,3.441
0.968571799722222,3.431,0.968658855277778,3.431,0.968618557222222,3.441
0.968849591666667,3.431,0.968936636944445,3.441,0.968896605833333,3.431
0.969127073888889,3.431,0.969214303055556,3.431,0.969174346111111,3.441
0.969404690555556,3.431,0.969492171111111,3.441,0.969452089722222,3.441
0.969682831111111,3.431,0.969770400555556,3.431,0.969730077222222,3.441
0.969960839722222,3.431,0.970047743055556,3.431,0.970008368888889,3.441
0.970238782777778,3.441,0.970325981388889,3.441,0.970286011666667,3.441
0.97051684,3.431,0.970603621666667,3.431,0.970563771944444,3.441
0.970794168333333,3.431,0.970881358333333,3.431,0.970841511388889,3.441
0.971072131944445,3.431,0.971159388611111,3.431,0.971119758888889,3.441
0.971349790833333,3.431,0.97143714,3.431,0.9713973975,3.441
0.971627916666667,3.431,0.971715010555556,3.431,0.9716752,3.441
0.971906067777778,3.431,0.971992929166667,3.431,0.971953110833333,3.441
0.972183660555556,3.431,0.972270754722222,3.431,0.972231081666667,3.441
0.972461891666667,3.431,0.972548620277778,3.431,0.972508946388889,3.441
0.972739846666667,3.431,0.972826156944444,3.441,0.972786581111111,3.441
0.973017586111111,3.431,0.973103951944444,3.431,0.973064585555556,3.441
0.973295387222222,3.431,0.973381965833333,3.441,0.973342610555556,3.441
0.973573296111111,3.431,0.973659838611111,3.431,0.973620430555556,3.441
0.973851303333333,3.431,0.973937537222222,3.431,0.973898419444444,3.441
0.974129036666667,3.431,0.974215106111111,3.431,0.974175940555556,3.441
0.974406910555556,3.431,0.974492732777778,3.431,0.974453741666667,3.441
0.974684787222222,3.431,0.974770907777778,3.431,0.974731870833333,3.441
0.974962984722222,3.431,0.975048499444444,3.431,0.975009766666667,3.441
0.975240799722222,3.431,0.975326703055556,3.441,0.975287383611111,3.441
0.975518485833333,3.431,0.975604226111111,3.431,0.975565234166667,3.441
0.9757965,3.431,0.975882162222222,3.431,0.975843243055556,3.441
0.976074586388889,3.431,0.976159642222222,3.431,0.976121081666667,3.441
0.976352020277778,3.431,0.976437781944444,3.431,0.976398886111111,3.441
0.976630369444444,3.431,0.976715454444444,3.441,0.976676263888889,3.441
0.976908061111111,3.431,0.976993305555556,3.431,0.976954761666667,3.441
0.977185777222222,3.431,0.977271174166667,3.431,0.977232359722222,3.441
0.977463953055556,3.431,0.977549230833333,3.431,0.977510387777778,3.441
0.977741846111111,3.431,0.977827191388889,3.431,0.977788018333333,3.441
0.978019746111111,3.431,0.978104646388889,3.431,0.978065952777778,3.441
0.978297619166667,3.431,0.978382463055556,3.431,0.978343941388889,3.441
0.9785753075,3.431,0.978660603611111,3.431,0.978621975833333,3.441
0.978853360277778,3.431,0.978938688333333,3.431,0.978899654444444,3.441
0.979131220277778,3.431,0.979216586388889,3.441,0.979177360555555,3.441
0.9794091875,3.431,0.979494928333333,3.431,0.979455281111111,3.441
0.979687165277778,3.431,0.979772670833333,3.441,0.979733242222222,3.441
0.979964878333333,3.431,0.9800504425,3.441,0.980010881944444,3.441
0.980242574444444,3.431,0.980328308611111,3.441,0.980288466388889,3.441
0.9805208275,3.431,0.980606358055556,3.441,0.980566538055556,3.441
0.980798557777778,3.431,0.980884258333333,3.431,0.980844340277778,3.441
0.981076215277778,3.431,0.981162030833333,3.431,0.9811225025,3.441
0.981353996111111,3.431,0.981439763333333,3.431,0.981400100833333,3.441
0.981632197222222,3.431,0.981717795277778,3.431,0.981678095555556,3.441
0.9819101775,3.431,0.981995697222222,3.431,0.981955677777778,3.441
0.9821884975,3.431,0.982273603611111,3.431,0.982233933611111,3.441
0.982466059444444,3.431,0.982551587222222,3.431,0.982512041666667,3.441
0.982743878611111,3.431,0.982829581388889,3.431,0.982789831944444,3.441
0.983021896944445,3.431,0.983107318333333,3.441,0.983067504722222,3.441
0.983299697777778,3.431,0.983384699444444,3.431,0.983345390277778,3.441
0.983577601388889,3.431,0.983662800277778,3.431,0.983623194444444,3.441
0.983855431388889,3.431,0.983940510833333,3.431,0.983900760555556,3.441
0.984133526944444,3.431,0.984218525833333,3.441,0.984178656111111,3.441
0.98441139,3.431,0.984496794444444,3.441,0.984456634722222,3.441
0.984689396666667,3.431,0.984775054722222,3.441,0.984734349722222,3.441
0.984967708333333,3.431,0.98505286,3.441,0.985012129166667,3.441
0.985245665,3.431,0.985330780833333,3.431,0.985289901666667,3.441
0.985523538888889,3.431,0.98560867,3.431,0.985567925833333,3.441
0.9858015475,3.431,0.985886822777778,3.431,0.985846178333333,3.441
0.986079247222222,3.431,0.986164691111111,3.431,0.986124273611111,3.441
0.986357310833333,3.431,0.986442841944444,3.431,0.986402162222222,3.441
0.986635171944444,3.431,0.986720753888889,3.431,0.986680148055556,3.441
0.9869130275,3.431,0.986998863888889,3.441,0.986958008611111,3.441
0.987190865277778,3.431,0.987276924166667,3.441,0.987235893888889,3.441
0.98746861,3.431,0.987554414722222,3.431,0.987513708055555,3.441
0.987746446944444,3.431,0.987832584722222,3.431,0.987791896388889,3.441
0.9880243775,3.431,0.988110478333333,3.441,0.988069581666667,3.441
0.988302244166667,3.431,0.988388385,3.441,0.988347632777778,3.441
0.988580238055556,3.431,0.988666099166667,3.441,0.9886258275,3.441
0.988858205,3.431,0.988943584444444,3.441,0.988903970833333,3.441
0.989135806944444,3.431,0.989221821388889,3.441,0.989181853055556,3.441
0.989413858333333,3.431,0.989499477222222,3.431,0.989459978611111,3.441
0.989691345555556,3.431,0.989777500277778,3.441,0.989737825555556,3.441
0.989969135555556,3.431,0.990054908888889,3.441,0.990015515555556,3.441
0.990247450555556,3.431,0.990333283055556,3.431,0.990293187777778,3.441
0.990525566388889,3.431,0.990611323888889,3.431,0.990571154166667,3.441
0.990803459722222,3.431,0.9908894675,3.441,0.990848995555556,3.441
0.991081323611111,3.431,0.991167145,3.441,0.991127026111111,3.441
0.991359307222222,3.431,0.991445369722222,3.431,0.991405036944444,3.441
0.991637168333333,3.431,0.991723319166667,3.431,0.991682973888889,3.441
0.991914668055556,3.431,0.992001247222222,3.441,0.991960406666667,3.441
0.992192189166667,3.431,0.992279096666667,3.441,0.992238989722222,3.441
0.9924706975,3.431,0.992557296111111,3.441,0.9925165625,3.441
0.992748402777778,3.431,0.992834674444444,3.441,0.992794455833333,3.441
0.993026405,3.431,0.993112965,3.431,0.9930719475,3.441
0.993304345833333,3.431,0.99339069,3.441,0.993350000555556,3.441
0.993582448333333,3.431,0.993668276388889,3.441,0.993628053888889,3.441
0.993859799444444,3.431,0.993946434166667,3.441,0.993905432777778,3.441
0.994138146388889,3.431,0.994224181666667,3.431,0.994183384722222,3.441
0.994416135555556,3.431,0.994501938055556,3.441,0.994461319722222,3.441
0.994693477777778,3.431,0.994779945,3.431,0.994739229166667,3.441
0.994971556666667,3.431,0.995057800555556,3.431,0.995016983333333,3.441
0.995249213055556,3.431,0.995335281111111,3.441,0.995294580833333,3.441
0.995527135,3.431,0.995613410833333,3.441,0.995572629444444,3.441
0.995804695555556,3.431,0.995891549444444,3.441,0.995850829444444,3.441
0.996082994444444,3.431,0.996168788333333,3.441,0.996128766111111,3.441
0.996360931388889,3.431,0.9964469675,3.441,0.996406554444444,3.441
0.9966384225,3.431,0.996724845555556,3.441,0.996684406388889,3.441
0.996916636111111,3.431,0.997002878055556,3.441,0.9969625325,3.441
0.997194363333333,3.431,0.997280561388889,3.441,0.997240658333333,3.441
0.997472481388889,3.431,0.997558323333333,3.431,0.997518771388889,3.441
0.997750720277778,3.431,0.997836080277778,3.441,0.997796569722222,3.441
0.998028079444444,3.431,0.998114118055556,3.441,0.998074386944445,3.441
0.998306246944444,3.431,0.998392374166667,3.441,0.998352353888889,3.441
0.9985840125,3.431,0.998670708888889,3.431,0.998630388888889,3.441
0.998861653055556,3.431,0.9989484575,3.441,0.998908188888889,3.441
0.999139132777778,3.431,0.999226304722222,3.441,0.999185818055556,3.441
0.999416929722222,3.431,0.999504181111111,3.431,0.999463728611111,3.441
0.999695169444444,3.431,0.999781885,3.441,0.999741291944444,3.441
0.99997323,3.431,1.00005975083333,3.431,1.00001940527778,3.441
1.00025087444444,3.431,1.00033739305556,3.441,1.00029724916667,3.441
1.00052878611111,3.431,1.00061544666667,3.431,1.00057529555556,3.441
1.00080634,3.431,1.00089361638889,3.441,1.00085300444444,3.441
1.00108390194444,3.431,1.00117158777778,3.431,1.00113071305556,3.441
1.00136215555556,3.431,1.00144981527778,3.431,1.00140868888889,3.441
1.00163956777778,3.431,1.00172766444444,3.431,1.00168635277778,3.441
1.0019174625,3.431,1.00200562861111,3.441,1.00196407416667,3.441
1.00219514694444,3.431,1.00228339277778,3.441,1.00224205722222,3.441
1.00247286972222,3.431,1.00256116916667,3.431,1.00251989972222,3.441
1.00275063611111,3.431,1.00283917972222,3.441,1.00279795027778,3.441
1.0030286775,3.431,1.00311690388889,3.431,1.00307580055556,3.441
1.00330636583333,3.431,1.00339508305556,3.441,1.0033536975,3.441
1.00358470388889,3.431,1.00367301555556,3.441,1.00363186416667,3.441
1.00386254611111,3.431,1.00395073138889,3.431,1.00390974638889,3.441
1.00414050083333,3.431,1.00422883277778,3.441,1.00418745194444,3.441
1.00441849611111,3.431,1.00450653083333,3.431,1.00446514583333,3.441
1.00469659166667,3.431,1.00478415333333,3.441,1.00474278972222,3.441
1.00497421583333,3.431,1.00506211277778,3.441,1.00502074916667,3.441
1.00525218666667,3.431,1.00533971166667,3.441,1.00529889555556,3.441
1.00553015138889,3.431,1.00561781527778,3.441,1.00557641083333,3.441
1.00580779611111,3.431,1.00589550083333,3.431,1.00585471055556,3.441
1.00608549194444,3.431,1.00617338416667,3.441,1.00613245694444,3.441
1.00636383111111,3.431,1.00645139416667,3.441,1.00641087944444,3.441
1.00664193527778,3.431,1.00672956722222,3.441,1.00668839527778,3.441
1.00691993777778,3.431,1.00700765194444,3.431,1.00696623861111,3.441
1.007197465,3.431,1.00728498777778,3.441,1.00724424305556,3.441
1.00747612083333,3.431,1.00756336916667,3.441,1.0075217275,3.441
1.00775418472222,3.431,1.00784130611111,3.431,1.00779985111111,3.441
1.00803191611111,3.431,1.0081189875,3.431,1.00807765527778,3.441
1.00830984555556,3.431,1.00839726361111,3.441,1.00835558027778,3.441
1.00858765638889,3.431,1.00867500277778,3.441,1.008632975,3.441
1.00886536,3.431,1.00895240388889,3.431,1.00891106555556,3.441
1.00914285833333,3.431,1.00923049194444,3.441,1.00918882833333,3.441
1.00942095166667,3.431,1.00950838222222,3.441,1.00946680444444,3.441
1.00969867527778,3.431,1.00978604722222,3.441,1.00974466694444,3.441
1.00997681777778,3.431,1.01006387,3.441,1.01002235694444,3.441
1.01025462166667,3.431,1.0103422375,3.441,1.01030024638889,3.441
1.01053247027778,3.431,1.01062020222222,3.441,1.01057796166667,3.441
1.01081005027778,3.431,1.0108979625,3.431,1.01085573,3.441
1.01108819611111,3.431,1.011176085,3.441,1.0111335825,3.441
1.01136607805556,3.431,1.01145401861111,3.441,1.0114115425,3.441
1.01164414333333,3.431,1.01173154194444,3.441,1.01168941166667,3.441
1.01192199722222,3.431,1.01200958,3.441,1.01196714833333,3.441
1.01219944083333,3.431,1.01228727888889,3.441,1.01224512194444,3.441
1.01247752972222,3.431,1.01256491833333,3.441,1.01252298944444,3.441
1.01275541,3.431,1.01284272583333,3.441,1.01280071444444,3.441
1.01303282333333,3.431,1.01312039611111,3.441,1.01307868722222,3.441
1.01331078583333,3.431,1.01339840666667,3.441,1.01335629166667,3.441
1.01358879777778,3.431,1.01367638861111,3.441,1.01363421888889,3.441
1.01386634694444,3.431,1.01395397083333,3.441,1.01391203972222,3.441
1.01414415527778,3.431,1.01423188833333,3.441,1.01418967194444,3.441
1.01442205972222,3.431,1.01450971055556,3.441,1.01446728027778,3.441
1.01469994333333,3.431,1.01478817277778,3.441,1.01474514555556,3.441
1.01497800222222,3.431,1.01506583361111,3.441,1.01502341194444,3.441
1.01525549805556,3.431,1.01534366055556,3.441,1.01530124,3.441
1.01553308,3.431,1.01562136666667,3.441,1.01557884833333,3.441
1.01581092805556,3.431,1.01589927333333,3.441,1.01585654611111,3.441
1.01608918055556,3.431,1.01617716361111,3.441,1.01613459138889,3.441
1.01636672166667,3.431,1.01645519111111,3.441,1.01641235805556,3.451
1.01664487638889,3.431,1.0167328975,3.441,1.01669042555556,3.441
1.01692267583333,3.431,1.01701085638889,3.441,1.01696819722222,3.441
1.01720015416667,3.431,1.01728861888889,3.441,1.01724635583333,3.441
1.01747800472222,3.431,1.01756625194444,3.441,1.01752421166667,3.441
1.01775555277778,3.431,1.01784434333333,3.441,1.01780215388889,3.441
1.01803379722222,3.431,1.01812265111111,3.441,1.01808017777778,3.441
1.01831184777778,3.431,1.01840067083333,3.441,1.01835813277778,3.441
1.01858952166667,3.431,1.01867852805556,3.441,1.01863594638889,3.441
1.0188671,3.441,1.01895639833333,3.431,1.01891349111111,3.441
1.01914513305556,3.431,1.01923448972222,3.441,1.01919119638889,3.441
1.01942280361111,3.431,1.0195121675,3.441,1.01946915833333,3.441
1.01970086833333,3.431,1.019790265,3.441,1.01974722666667,3.441
1.0199787675,3.431,1.02006799916667,3.441,1.02002552805556,3.441
1.02025710472222,3.431,1.02034584027778,3.441,1.02030294,3.441
1.02053474138889,3.431,1.02062389611111,3.431,1.02058070444444,3.441
1.02081300722222,3.431,1.02090195305556,3.441,1.02085898583333,3.441
1.02109077888889,3.431,1.02117983388889,3.441,1.02113686805556,3.441
1.02136873805556,3.441,1.02145768333333,3.441,1.02141466805556,3.451
1.02164664361111,3.431,1.02173525694444,3.441,1.02169220666667,3.441
1.0219245325,3.431,1.02201327333333,3.441,1.02197043361111,3.451
1.02220200611111,3.431,1.02229110333333,3.441,1.02224835555556,3.441
1.02248018777778,3.431,1.02256905333333,3.441,1.02252609916667,3.441
1.02275818527778,3.431,1.02284686805556,3.441,1.02280361277778,3.441
1.02303618472222,3.431,1.02312471416667,3.441,1.02308149888889,3.441
1.02331361055556,3.441,1.02340255027778,3.441,1.02335957583333,3.441
1.02359178527778,3.431,1.02368041527778,3.441,1.02363764611111,3.441
1.02387000111111,3.431,1.02395801638889,3.441,1.02391586027778,3.451
1.02414822277778,3.431,1.02423562194444,3.441,1.0241933175,3.441
1.02442602388889,3.431,1.02451322555556,3.441,1.02447097027778,3.441
1.02470372138889,3.431,1.024791445,3.441,1.02474940972222,3.441
1.02498141277778,3.431,1.02506958972222,3.441,1.02502707027778,3.441
1.02525896055556,3.431,1.02534784666667,3.441,1.02530504333333,3.441
1.02553705944444,3.441,1.02562551805556,3.431,1.02558262555556,3.441
1.02581525861111,3.431,1.02590347944444,3.441,1.02586042166667,3.441
1.02609319972222,3.441,1.02618127472222,3.441,1.02613849388889,3.441
1.02637104972222,3.441,1.02645958583333,3.441,1.02641658805556,3.441
1.02664867833333,3.431,1.02673712194444,3.441,1.02669451111111,3.441
1.02692625305556,3.431,1.02701505833333,3.441,1.02697220833333,3.441
1.02720414527778,3.431,1.02729314611111,3.441,1.02725011444444,3.441
1.02748201583333,3.431,1.02757092027778,3.441,1.02752777138889,3.441
1.02775991472222,3.431,1.02784856777778,3.441,1.02780574944444,3.441
1.02803788416667,3.431,1.02812660833333,3.441,1.02808371222222,3.441
1.02831525305556,3.431,1.028404565,3.441,1.02836161833333,3.441
1.02859341861111,3.431,1.02868210361111,3.441,1.028639345,3.441
1.02887135611111,3.431,1.02896025833333,3.441,1.0289174875,3.441
1.02914934416667,3.441,1.02923811527778,3.441,1.02919514222222,3.441
1.02942737361111,3.431,1.02951642,3.431,1.02947331194444,3.441
1.02970482611111,3.431,1.02979429305556,3.441,1.02975112222222,3.441
1.02998328694444,3.431,1.03007213833333,3.441,1.030028475,3.441
1.03026109138889,3.431,1.03035008944444,3.441,1.03030657361111,3.441
1.03053868527778,3.431,1.03062758916667,3.441,1.03058469305556,3.441
1.03081690944444,3.431,1.03090542972222,3.441,1.03086239527778,3.441
1.03109422444444,3.431,1.031183315,3.441,1.03114051416667,3.441
1.03137212638889,3.431,1.03146110083333,3.441,1.03141846222222,3.441
1.03164997361111,3.431,1.03173921722222,3.431,1.03169647027778,3.441
1.03192775472222,3.441,1.03201724611111,3.441,1.03197403388889,3.441
1.03220566111111,3.431,1.0322947025,3.441,1.03225204527778,3.441
1.032483355,3.431,1.03257264583333,3.431,1.03253004305556,3.441
1.0327611475,3.441,1.03285078388889,3.441,1.03280788388889,3.441
1.0330388225,3.431,1.03312877083333,3.441,1.03308590361111,3.441
1.03331692361111,3.431,1.0334068125,3.441,1.03336364527778,3.441
1.03359461166667,3.431,1.03368445111111,3.441,1.03364193138889,3.441
1.03387270333333,3.431,1.03396184388889,3.441,1.03391970055556,3.441
1.03415032861111,3.441,1.03424015083333,3.441,1.03419724861111,3.441
1.03442822388889,3.431,1.03451790361111,3.441,1.03447490333333,3.441
1.03470553722222,3.431,1.03479585416667,3.441,1.03475310944444,3.441
1.03498359277778,3.431,1.03507355194444,3.441,1.03503122305556,3.441
1.03526152305556,3.441,1.03535133388889,3.441,1.03530905055556,3.441
1.03553908694444,3.441,1.03562900583333,3.441,1.03558681527778,3.441
1.03581705638889,3.441,1.0359068375,3.441,1.03586523861111,3.441
1.03609493083333,3.431,1.03618503222222,3.441,1.03614308472222,3.441
1.03637278944444,3.431,1.03646269555556,3.441,1.03642079833333,3.441
1.03665054888889,3.431,1.03674071388889,3.441,1.03669836166667,3.441
1.03692838416667,3.431,1.03701861333333,3.441,1.03697645083333,3.441
1.03720616111111,3.431,1.03729634694444,3.441,1.03725415888889,3.441
1.03748434194444,3.441,1.03757412055556,3.441,1.03753174916667,3.441
1.03776208638889,3.431,1.03785204611111,3.441,1.037809645,3.441
1.03803985583333,3.431,1.03813036694444,3.441,1.03808782138889,3.441
1.03831774638889,3.431,1.03840776083333,3.431,1.03836557527778,3.441
1.03859593138889,3.431,1.03868549638889,3.441,1.03864348361111,3.441
1.03887331305556,3.441,1.03896339027778,3.441,1.03892137972222,3.441
1.039151545,3.431,1.03924141888889,3.441,1.03919904222222,3.441
1.03942932972222,3.431,1.03951927222222,3.441,1.03947716083333,3.441
1.03970704861111,3.431,1.03979762611111,3.441,1.03975486888889,3.441
1.03998484083333,3.431,1.04007519777778,3.441,1.04003282138889,3.451
1.04026301055556,3.441,1.04035293944444,3.441,1.04031067,3.441
1.04054135666667,3.431,1.04063142138889,3.441,1.04058861111111,3.441
1.04081902916667,3.431,1.04090935611111,3.441,1.04086623666667,3.441
1.04109688027778,3.431,1.04118730888889,3.441,1.04114451388889,3.451
1.041374965,3.431,1.04146482,3.441,1.04142218055556,3.451
1.04165321805556,3.431,1.04174289138889,3.441,1.04169985916667,3.441
1.04193109083333,3.431,1.04202060194444,3.441,1.04197754305556,3.441
1.04220864361111,3.431,1.04229821833333,3.441,1.042255405,3.441
1.04248692416667,3.431,1.04257656777778,3.441,1.04253322944444,3.451
1.04276481972222,3.431,1.04285424972222,3.441,1.04281073027778,3.451
1.04304306416667,3.431,1.04313235972222,3.441,1.043088835,3.441
1.04332098166667,3.431,1.04341018694444,3.441,1.0433668675,3.441
1.04359873305556,3.441,1.04368783888889,3.441,1.04364453416667,3.441
1.04387643694444,3.441,1.04396583583333,3.441,1.04392243055556,3.451
1.04415425972222,3.441,1.04424353916667,3.441,1.04420049972222,3.441
1.04443187166667,3.431,1.04452129611111,3.441,1.04447830361111,3.451
1.044709525,3.431,1.04479945194444,3.441,1.04475638694444,3.451
1.04498751305556,3.431,1.04507727972222,3.441,1.04503396444444,3.441
1.04526549527778,3.431,1.04535540166667,3.441,1.045311815,3.441
1.04554357861111,3.431,1.04563316333333,3.441,1.04558957888889,3.441
1.04582166861111,3.441,1.04591066055556,3.441,1.04586786527778,3.451
1.04609951194444,3.441,1.04618868388889,3.431,1.04614544055556,3.441
1.04637716944444,3.431,1.04646681361111,3.441,1.046423185,3.441
1.04665512972222,3.431,1.04674446666667,3.441,1.04670126972222,3.441
1.04693274194444,3.441,1.04702181944444,3.441,1.04697922388889,3.451
1.04721054888889,3.431,1.04730004527778,3.441,1.04725693861111,3.441
1.04748841,3.431,1.04757778833333,3.441,1.04753500583333,3.441
1.04776591888889,3.441,1.04785521527778,3.441,1.04781314916667,3.451
1.04804410916667,3.431,1.04813322527778,3.441,1.048090935,3.441
1.04832172472222,3.431,1.04841077888889,3.441,1.04836894361111,3.451
1.04859971,3.431,1.04868906666667,3.441,1.04864640805556,3.441
1.04887761083333,3.431,1.04896699916667,3.441,1.04892437805556,3.441
1.04915533388889,3.431,1.04924468888889,3.441,1.04920211833333,3.441
1.04943334305556,3.431,1.04952256277778,3.441,1.04948034055556,3.441
1.04971135138889,3.431,1.04980054527778,3.441,1.04975818027778,3.441
1.04998922916667,3.431,1.05007814055556,3.441,1.0500362,3.441
1.050267015,3.441,1.05035634555556,3.441,1.05031383694444,3.441
1.05054487416667,3.431,1.05063429694444,3.441,1.05059135055556,3.441
1.050822515,3.431,1.05091209416667,3.441,1.05086928222222,3.441
1.05110100083333,3.431,1.05118984722222,3.441,1.0511472575,3.451
1.05137871333333,3.431,1.05146770861111,3.441,1.05142509805556,3.441
1.05165655638889,3.431,1.05174596416667,3.441,1.05170341083333,3.441
1.05193400666667,3.431,1.05202373166667,3.441,1.05198117055556,3.441
1.05221192138889,3.441,1.05230101638889,3.441,1.05225889611111,3.441
1.05249016111111,3.441,1.05257917805556,3.441,1.05253651694444,3.441
1.05276808666667,3.441,1.05285682944444,3.441,1.05281456333333,3.441
1.05304552194444,3.431,1.05313445527778,3.441,1.05309272388889,3.441
1.05332379138889,3.441,1.05341278972222,3.441,1.05337033333333,3.441
1.05360136111111,3.441,1.0536908025,3.441,1.053647925,3.441
1.05387930222222,3.431,1.05396859861111,3.441,1.05392614583333,3.441
1.05415708638889,3.441,1.05424629277778,3.441,1.0542039025,3.441
1.05443514944444,3.441,1.054524445,3.441,1.05448200694444,3.441
1.05471295972222,3.441,1.05480230861111,3.441,1.05475987833333,3.451
1.05499029805556,3.431,1.05508016694444,3.441,1.05503781805556,3.441
1.05526844944444,3.431,1.0553580725,3.441,1.05531615527778,3.451
1.05554639083333,3.431,1.05563566388889,3.441,1.0555936325,3.451
1.05582429222222,3.441,1.05591321638889,3.441,1.05587152527778,3.441
1.05610191611111,3.441,1.05619174722222,3.441,1.05614938305556,3.441
1.05637948222222,3.431,1.05646987777778,3.441,1.05642712777778,3.441
1.05665786,3.441,1.05674772777778,3.441,1.05670473611111,3.451
1.05693606361111,3.431,1.05702555944444,3.441,1.05698273027778,3.441
1.05721362,3.431,1.0573034725,3.441,1.05726037777778,3.451
1.05749180277778,3.441,1.057581455,3.441,1.05753819138889,3.451
1.05776923444444,3.431,1.05785947638889,3.441,1.05781613055556,3.441
1.05804719583333,3.431,1.05813686861111,3.441,1.05809426972222,3.441
1.0583251075,3.431,1.05841512222222,3.441,1.05837184611111,3.441
1.05860308805556,3.441,1.058693415,3.441,1.05864979083333,3.441
1.05888083638889,3.441,1.05897100444444,3.441,1.05892753611111,3.441
1.05915908111111,3.441,1.05924862055556,3.441,1.05920484388889,3.451
1.05943706388889,3.441,1.05952656722222,3.441,1.05948297916667,3.441
1.05971486861111,3.431,1.05980435194444,3.441,1.05976121694444,3.441
1.05999237833333,3.431,1.06008225138889,3.441,1.0600389125,3.441
1.06027054277778,3.431,1.06035997472222,3.441,1.06031710111111,3.441
1.06054823722222,3.431,1.06063798277778,3.441,1.06059505833333,3.441
1.06082582305556,3.431,1.06091544305556,3.441,1.06087288583333,3.441
1.06110386861111,3.431,1.06119342,3.441,1.06115091833333,3.441
1.06138146388889,3.441,1.06147130444444,3.441,1.06142898305556,3.441
1.06165957722222,3.431,1.06174895222222,3.441,1.06170649305556,3.441
1.06193737527778,3.431,1.062026905,3.441,1.06198426416667,3.441
1.06221484416667,3.441,1.06230496527778,3.441,1.06226251472222,3.451
1.06249291055556,3.441,1.06258299972222,3.441,1.06254031638889,3.441
1.0627708875,3.441,1.06286080527778,3.441,1.06281822055556,3.441
1.06304853194444,3.431,1.06313868166667,3.441,1.06309603805556,3.441
1.06332651083333,3.431,1.06341653583333,3.441,1.06337380833333,3.451
1.06360438972222,3.441,1.06369440861111,3.441,1.06365167527778,3.441
1.06388220861111,3.431,1.06397226166667,3.431,1.06392934277778,3.451
1.06416036083333,3.431,1.06425015277778,3.441,1.06420725555556,3.451
1.06443820888889,3.441,1.06452790055556,3.441,1.06448512527778,3.441
1.06471629388889,3.431,1.06480597888889,3.441,1.06476340888889,3.451
1.064993885,3.441,1.06508370166667,3.441,1.06504101833333,3.441
1.065271925,3.441,1.06536169972222,3.441,1.06531891527778,3.441
1.0655495475,3.441,1.06563914055556,3.441,1.06559665583333,3.441
1.06582760861111,3.441,1.06591695694444,3.441,1.06587456972222,3.441
1.06610512194444,3.441,1.06619509611111,3.441,1.06615248472222,3.441
1.0663830025,3.431,1.06647242138889,3.441,1.06643057638889,3.441
1.06666111138889,3.441,1.06675054611111,3.441,1.06670878111111,3.441
1.06693891638889,3.431,1.06702859861111,3.441,1.06698629944444,3.441
1.0672168875,3.441,1.06730625055556,3.441,1.06726440222222,3.441
1.06749435361111,3.441,1.06758422583333,3.441,1.0675422475,3.451
1.06777229555556,3.441,1.06786197166667,3.441,1.06782037611111,3.441
1.06805007944444,3.441,1.06814011305556,3.441,1.06809873138889,3.451
1.06832825027778,3.431,1.06841795722222,3.441,1.06837646305556,3.451
1.068605595,3.431,1.06869650111111,3.441,1.06865415,3.441
1.06888369916667,3.441,1.06897406138889,3.441,1.06893207277778,3.441
1.06916170194444,3.441,1.06925205138889,3.441,1.06920995694444,3.451
1.06943919138889,3.441,1.06952992666667,3.441,1.0694881175,3.441
1.06971737805556,3.441,1.06980777861111,3.441,1.06976595638889,3.441
1.06999534694444,3.431,1.07008560055556,3.441,1.07004421944444,3.451
1.07027308416667,3.441,1.07036341388889,3.441,1.07032235,3.441
1.07055088111111,3.441,1.070641045,3.441,1.07060025666667,3.441
1.07082900333333,3.441,1.07091892083333,3.441,1.07087768527778,3.451
1.07110663138889,3.441,1.07119712361111,3.441,1.07115564583333,3.451
1.0713845375,3.441,1.07147506722222,3.441,1.07143349777778,3.441
1.07166252305556,3.431,1.07175280611111,3.441,1.07171148888889,3.441
1.07194052111111,3.441,1.07203097944444,3.441,1.07198926111111,3.441
1.07221859222222,3.441,1.07230856972222,3.441,1.07226717472222,3.451
1.0724962875,3.431,1.07258626444444,3.441,1.07254462833333,3.451
1.07277396194444,3.431,1.07286454472222,3.441,1.07282259666667,3.441
1.07305175944444,3.441,1.07314251472222,3.441,1.07310012583333,3.441
1.07332955444444,3.441,1.07342016888889,3.441,1.07337853555556,3.451
1.07360770944444,3.441,1.07369813277778,3.441,1.07365650138889,3.441
1.07388580305556,3.441,1.073976105,3.441,1.07393463055556,3.451
1.07416358611111,3.441,1.07425358,3.441,1.07421267805556,3.441
1.07444158611111,3.441,1.07453137055556,3.441,1.07449042,3.451
1.07471940888889,3.441,1.07480951055556,3.441,1.07476833277778,3.441
1.07499740694444,3.441,1.07508744722222,3.441,1.07504579194444,3.441
1.07527550611111,3.431,1.07536539027778,3.441,1.07532407333333,3.451
1.07555298916667,3.431,1.07564297361111,3.441,1.0756020325,3.451
1.07583106388889,3.441,1.07592077333333,3.441,1.07587977361111,3.451
1.076108645,3.431,1.07619907111111,3.441,1.07615761166667,3.451
1.07638672888889,3.441,1.07647676666667,3.441,1.07643548166667,3.441
1.07666483972222,3.441,1.07675461611111,3.441,1.07671290138889,3.451
1.07694275805556,3.441,1.07703264944444,3.441,1.07699112833333,3.451
1.07722047805556,3.441,1.07731069,3.441,1.07726912138889,3.451
1.07749811055556,3.441,1.07758824305556,3.441,1.0775467775,3.441
1.07777594694444,3.441,1.07786646388889,3.441,1.0778250125,3.441
1.07805405583333,3.431,1.07814426944444,3.441,1.07810261,3.451
1.07833142,3.441,1.0784224075,3.441,1.07838042305556,3.451
1.07860981083333,3.441,1.07870030333333,3.441,1.07865861361111,3.451
1.07888760833333,3.441,1.07897847083333,3.441,1.07893659888889,3.451
1.07916530194444,3.441,1.07925610138889,3.441,1.07921433194444,3.451
1.07944298888889,3.441,1.07953386138889,3.441,1.0794922225,3.451
1.07972089611111,3.441,1.07981176361111,3.441,1.07976995777778,3.451
1.07999878472222,3.441,1.08008936333333,3.441,1.08004764277778,3.451
1.08027671166667,3.441,1.08036781166667,3.441,1.08032577777778,3.451
1.08055468388889,3.431,1.08064564222222,3.441,1.08060368,3.451
1.08083258555556,3.441,1.08092346972222,3.441,1.08088177,3.451
1.08111031805556,3.431,1.08120161333333,3.441,1.08115979,3.441
1.08138829194444,3.431,1.08147933694444,3.441,1.08143768,3.451
1.08166634888889,3.441,1.08175720333333,3.441,1.08171545361111,3.441
1.08194428027778,3.441,1.08203493027778,3.441,1.08199311722222,3.451
1.08222169888889,3.431,1.08231266444444,3.441,1.08227099138889,3.451
1.0824996875,3.441,1.08259063222222,3.441,1.08254910805556,3.441
1.08277791361111,3.441,1.08286848388889,3.441,1.08282704194444,3.451
1.08305568277778,3.441,1.08314670555556,3.441,1.08310465527778,3.451
1.08333322194444,3.441,1.08342445277778,3.441,1.08338265305556,3.451
1.08361123583333,3.441,1.08370234722222,3.441,1.083660165,3.451
1.0838889825,3.441,1.08398037944444,3.441,1.08393837111111,3.451
1.08416668194444,3.441,1.08425807694444,3.441,1.08421652916667,3.441
1.0844445525,3.441,1.08453583555556,3.441,1.08449450555556,3.441
1.08472236083333,3.441,1.08481365777778,3.441,1.08477186305556,3.451
1.08500020611111,3.441,1.08509120611111,3.441,1.08504985361111,3.441
1.08527805305556,3.441,1.08536942416667,3.441,1.08532774472222,3.451
1.08555587444444,3.431,1.0856472325,3.441,1.08560565472222,3.441
1.08583362416667,3.441,1.08592468611111,3.441,1.08588375722222,3.441
1.08611145083333,3.441,1.08620282305556,3.441,1.086161715,3.441
1.08638914944444,3.441,1.08648117555556,3.441,1.08643952611111,3.451
1.08666741583333,3.441,1.08675888472222,3.441,1.08671746138889,3.451
1.08694469722222,3.441,1.08703655861111,3.441,1.08699523694444,3.451
1.08722273916667,3.441,1.08731490944444,3.441,1.08727288611111,3.451
1.08750033277778,3.431,1.08759266138889,3.441,1.08755094388889,3.451
1.08777813555556,3.441,1.08787031333333,3.441,1.08782886222222,3.451
1.08805607444444,3.441,1.08814825388889,3.441,1.08810667111111,3.451
1.08833361861111,3.441,1.088425955,3.441,1.0883844125,3.451
1.08861176222222,3.441,1.08870384805556,3.451,1.08866197833333,3.451
1.08888945972222,3.441,1.08898127722222,3.451,1.08894023527778,3.451
1.08916756861111,3.441,1.08925949361111,3.441,1.08921768888889,3.451
1.08944540138889,3.441,1.08953750888889,3.441,1.08949575666667,3.441
1.08972283166667,3.441,1.08981528138889,3.441,1.089773445,3.441
1.09000063888889,3.441,1.09009299722222,3.441,1.09005144166667,3.451
1.09027869805556,3.441,1.09037089777778,3.441,1.09032949055556,3.451
1.09055657861111,3.441,1.09064857388889,3.441,1.09060708916667,3.451
1.09083408805556,3.441,1.090926655,3.441,1.09088502833333,3.451
1.09111173583333,3.441,1.09120452861111,3.441,1.09116250722222,3.451
1.09139025277778,3.441,1.09148215472222,3.441,1.09144042888889,3.451
1.09166782805556,3.441,1.09176015722222,3.441,1.09171857611111,3.451
1.09194568805556,3.441,1.09203829916667,3.441,1.09199624305556,3.441
1.09222340027778,3.441,1.09231607277778,3.441,1.09227377944444,3.451
1.09250110611111,3.441,1.09259380555556,3.441,1.09255228694444,3.451
1.09277931388889,3.441,1.0928713475,3.441,1.09282985944444,3.451
1.09305741,3.441,1.09314952888889,3.441,1.09310782972222,3.451
1.09333523805556,3.441,1.09342724638889,3.441,1.0933856175,3.451
1.09361323833333,3.441,1.09370501166667,3.441,1.09366302222222,3.451
1.09389068138889,3.441,1.09398287222222,3.441,1.09394140444444,3.451
1.09416889361111,3.441,1.094260795,3.441,1.0942190425,3.451
1.09444675916667,3.441,1.09453826361111,3.441,1.09449697194444,3.451
1.09472460083333,3.441,1.09481664472222,3.441,1.09477469277778,3.451
1.09500205777778,3.441,1.09509466527778,3.441,1.09505236055556,3.451
1.09528016833333,3.441,1.09537285861111,3.451,1.09533072388889,3.451
1.09555789833333,3.441,1.09565053694444,3.441,1.09560867277778,3.451
1.09583577888889,3.441,1.09592823305556,3.451,1.09588632916667,3.451
1.09611373944444,3.441,1.09620615694444,3.441,1.09616453416667,3.451
1.09639165277778,3.441,1.0964841375,3.441,1.09644206638889,3.451
1.09666963083333,3.441,1.09676226222222,3.441,1.09672019277778,3.451
1.09694739972222,3.441,1.09704003333333,3.441,1.09699804805556,3.451
1.09722541,3.441,1.09731763972222,3.441,1.09727614305556,3.451
1.09750307472222,3.441,1.09759593944444,3.441,1.09755378388889,3.451
1.0977810575,3.441,1.09787350583333,3.441,1.09783189777778,3.451
1.09805888861111,3.441,1.09815143138889,3.441,1.09810944361111,3.451
1.09833707805556,3.441,1.09842952222222,3.441,1.09838751388889,3.451
1.09861465111111,3.441,1.09870717361111,3.441,1.09866514222222,3.451
1.09889280833333,3.441,1.09898514444444,3.441,1.09894291583333,3.451
1.09917101805556,3.441,1.09926318805556,3.441,1.09922108333333,3.451
1.09944885916667,3.441,1.09954107888889,3.441,1.09949892833333,3.451
1.09972700888889,3.441,1.09981852083333,3.441,1.09977665944444,3.451
1.10000517861111,3.441,1.10009672027778,3.441,1.10005412305556,3.451
1.10028275611111,3.441,1.10037438055556,3.441,1.10033245694444,3.451
1.10056078722222,3.441,1.10065214555556,3.451,1.10061003944444,3.451
1.10083841166667,3.441,1.10093009777778,3.441,1.10088766916667,3.451
1.10111628027778,3.441,1.10120773777778,3.441,1.10116604027778,3.451
1.10139421027778,3.441,1.10148585416667,3.441,1.10144396527778,3.451
1.10167191527778,3.441,1.10176393361111,3.441,1.10172205166667,3.451
1.1019499075,3.441,1.10204133611111,3.441,1.10199981111111,3.451
1.10222779166667,3.441,1.10231949666667,3.441,1.10227770416667,3.451
1.10250566388889,3.441,1.10259712777778,3.451,1.10255555277778,3.451
1.10278369166667,3.441,1.10287517861111,3.441,1.10283322055556,3.441
1.10306150722222,3.441,1.10315327527778,3.441,1.10311099194444,3.451
1.10333914777778,3.441,1.10343119861111,3.441,1.10338915083333,3.451
1.1036170825,3.441,1.10370926861111,3.441,1.10366721361111,3.441
1.10389474333333,3.441,1.10398722055556,3.441,1.10394467916667,3.451
1.10417257388889,3.441,1.10426502,3.441,1.10422243861111,3.451
1.10445037694444,3.441,1.10454308444444,3.441,1.10450033388889,3.451
1.10472835138889,3.441,1.10482081388889,3.441,1.10477821277778,3.451
1.10500657861111,3.441,1.10509885055556,3.441,1.10505606416667,3.451
1.10528417472222,3.441,1.10537628722222,3.441,1.10533409166667,3.451
1.10556171888889,3.441,1.10565455194444,3.441,1.10561198388889,3.451
1.10584015916667,3.441,1.105932275,3.441,1.10589026333333,3.451
1.10611780638889,3.441,1.10621018222222,3.441,1.10616789888889,3.441
1.10639564861111,3.441,1.1064882725,3.441,1.10644600444444,3.451
1.10667330861111,3.441,1.10676602361111,3.441,1.10672349055556,3.451
1.10695139166667,3.441,1.10704400833333,3.451,1.10700151138889,3.451
1.10722932333333,3.441,1.10732159055556,3.441,1.1072792575,3.451
1.10750683055556,3.441,1.10759947194444,3.441,1.10755689388889,3.451
1.10778463666667,3.441,1.1078773475,3.451,1.10783516583333,3.451
1.10806230611111,3.441,1.10815533138889,3.441,1.108112835,3.451
1.10834049361111,3.441,1.1084327,3.451,1.10839078166667,3.441
1.10861812777778,3.441,1.1087109725,3.441,1.10866830138889,3.451
1.10889621555556,3.441,1.10898900972222,3.441,1.10894597805556,3.451
1.10917441055556,3.441,1.10926698138889,3.441,1.10922373388889,3.451
1.10945247416667,3.441,1.10954493972222,3.441,1.10950183555556,3.441
1.10973026388889,3.441,1.10982306833333,3.441,1.10977972638889,3.451
1.11000854055556,3.441,1.11010056083333,3.451,1.11005736611111,3.451
1.11028608888889,3.441,1.11037857888889,3.451,1.11033584527778,3.451
1.11056364888889,3.441,1.11065646055556,3.441,1.11061395361111,3.451
1.11084168027778,3.441,1.110934175,3.441,1.11089143277778,3.451
1.1111195,3.441,1.11121232444444,3.441,1.11116950916667,3.451
1.111397265,3.441,1.11149053944444,3.441,1.11144702277778,3.451
1.11167522722222,3.441,1.11176807833333,3.441,1.11172488472222,3.451
1.11195310722222,3.441,1.11204621333333,3.441,1.11200273833333,3.451
1.11223162472222,3.441,1.11232383666667,3.441,1.11228087027778,3.451
1.11250935888889,3.441,1.11260163527778,3.441,1.11255847916667,3.451
1.11278706972222,3.441,1.11287952583333,3.451,1.11283691611111,3.451
1.11306451916667,3.441,1.11315714083333,3.441,1.1131147875,3.451
1.1133425675,3.441,1.11343522666667,3.451,1.11339257833333,3.451
1.11362050861111,3.441,1.11371308388889,3.441,1.11367020444444,3.451
1.11389848638889,3.441,1.11399080916667,3.441,1.11394798,3.451
1.1141762375,3.441,1.11426857638889,3.441,1.11422614666667,3.451
1.11445408361111,3.441,1.11454667166667,3.441,1.11450394333333,3.451
1.11473201222222,3.441,1.11482459166667,3.441,1.11478180361111,3.451
1.11500956277778,3.441,1.11510211777778,3.441,1.11505965694444,3.451
1.11528795,3.441,1.11538003972222,3.441,1.11533747777778,3.451
1.11556556611111,3.441,1.11565796416667,3.451,1.11561534333333,3.451
1.11584334944444,3.441,1.11593594222222,3.441,1.11589327833333,3.451
1.11612117388889,3.441,1.11621343083333,3.441,1.11617098638889,3.451
1.11639902388889,3.441,1.116491765,3.441,1.1164487225,3.451
1.11667707416667,3.441,1.11676987166667,3.441,1.11672674638889,3.451
1.11695490388889,3.441,1.11704762111111,3.451,1.11700488833333,3.451
1.11723259888889,3.441,1.11732549638889,3.441,1.11728272888889,3.451
1.11751012722222,3.441,1.11760360611111,3.451,1.11756063388889,3.451
1.11778820805556,3.441,1.11788136888889,3.441,1.11783825416667,3.451
1.11806581055556,3.441,1.11815942388889,3.441,1.11811650333333,3.451
1.11834383666667,3.441,1.11843733638889,3.451,1.11839456083333,3.451
1.11862171388889,3.441,1.11871522138889,3.441,1.11867231444444,3.451
1.1188992175,3.441,1.11899317333333,3.441,1.11895025694444,3.441
1.11917750722222,3.441,1.11927083888889,3.451,1.11922835555556,3.451
1.11945545777778,3.441,1.11954873611111,3.441,1.11950616111111,3.451
1.11973303555556,3.441,1.11982692638889,3.441,1.11978381527778,3.451
1.12001093527778,3.441,1.12010484472222,3.451,1.12006207722222,3.451
1.12028888583333,3.441,1.12038297444444,3.441,1.12033945277778,3.451
1.12056685166667,3.441,1.12066111138889,3.451,1.12061767222222,3.451
1.12084444083333,3.441,1.12093849944444,3.451,1.12089520194444,3.451
1.12112273527778,3.441,1.12121672,3.441,1.12117310527778,3.451
1.12140083083333,3.441,1.121494995,3.441,1.12145084638889,3.451
1.1216790275,3.441,1.12177288361111,3.451,1.12172869972222,3.451
1.12195709583333,3.441,1.12205079194444,3.441,1.12200662361111,3.451
1.12223509138889,3.441,1.12232887305556,3.441,1.12228456111111,3.451
1.12251281055556,3.441,1.12260639916667,3.451,1.12256251361111,3.451
1.12279111527778,3.441,1.12288435027778,3.451,1.12284051944444,3.451
1.12306858888889,3.441,1.12316245555556,3.451,1.12311826888889,3.451
1.12334684472222,3.441,1.12344008722222,3.451,1.12339616805556,3.451
1.12362466333333,3.441,1.12371846555556,3.441,1.12367457722222,3.451
1.12390227527778,3.441,1.1239960125,3.451,1.12395259055556,3.451
1.12418039166667,3.441,1.1242742025,3.451,1.12423045083333,3.451
1.12445874055556,3.441,1.12455210666667,3.441,1.12450837305556,3.451
1.12473646916667,3.441,1.12482967555556,3.451,1.12478620916667,3.451
1.12501431666667,3.441,1.12510748861111,3.441,1.12506408361111,3.451
1.1252920975,3.441,1.12538526638889,3.451,1.1253420575,3.451
1.12556972388889,3.441,1.12566330305556,3.441,1.12562034,3.451
1.12584761555556,3.441,1.12594131638889,3.451,1.12589809722222,3.451
1.12612524388889,3.441,1.12621914583333,3.441,1.12617572416667,3.451
1.12640317833333,3.441,1.12649731416667,3.441,1.12645393666667,3.451
1.12668103611111,3.441,1.12677487555556,3.441,1.12673185388889,3.451
1.12695874166667,3.441,1.12705331388889,3.451,1.12700958361111,3.451
1.12723647361111,3.441,1.12733138,3.441,1.1272874375,3.451
1.12751433888889,3.441,1.12760894666667,3.441,1.12756548916667,3.451
1.12779244388889,3.441,1.12788670388889,3.451,1.12784319416667,3.451
1.12807008111111,3.441,1.12816477916667,3.451,1.128121325,3.451
1.128348195,3.441,1.128443165,3.441,1.12839904138889,3.451
1.12862597416667,3.441,1.12872079277778,3.441,1.12867681111111,3.451
1.12890375472222,3.441,1.12899900722222,3.441,1.12895488805556,3.451
1.12918129277778,3.441,1.1292773425,3.451,1.12923298416667,3.451
1.12945917,3.441,1.12955498527778,3.451,1.12951100388889,3.451
1.12973715555556,3.441,1.12983320083333,3.441,1.12978896472222,3.451
1.13001508472222,3.441,1.13011064277778,3.451,1.13006679055556,3.451
1.13029305638889,3.441,1.13038903638889,3.441,1.13034474333333,3.451
1.13057131638889,3.441,1.13066668805556,3.441,1.13062255666667,3.451
1.1308488675,3.441,1.130944735,3.451,1.13090041027778,3.451
1.1311268375,3.441,1.13122239222222,3.441,1.13117807388889,3.451
1.13140486111111,3.441,1.13150052361111,3.451,1.13145613666667,3.451
1.13168246333333,3.441,1.13177853138889,3.441,1.13173390305556,3.451
1.13196056861111,3.441,1.13205632305556,3.441,1.13201153722222,3.451
1.13223857194444,3.441,1.13233403388889,3.451,1.13228974527778,3.451
1.13251637416667,3.441,1.13261194444444,3.441,1.13256775805556,3.451
1.13279411944444,3.441,1.13288962666667,3.451,1.13284580527778,3.451
1.13307196972222,3.441,1.13316751805556,3.441,1.13312384972222,3.451
1.13334985027778,3.441,1.13344602888889,3.451,1.13340177611111,3.451
1.13362764694444,3.441,1.13372399472222,3.451,1.13367976916667,3.451
1.13390542416667,3.441,1.13400188416667,3.451,1.13395761083333,3.451
1.13418288277778,3.441,1.13427994944444,3.451,1.13423549277778,3.451
1.134460615,3.441,1.13455782694444,3.451,1.13451331805556,3.451
1.13473830333333,3.441,1.13483569527778,3.451,1.13479112638889,3.451
1.13501632055556,3.441,1.13511383138889,3.451,1.13506930277778,3.451
1.13529403277778,3.441,1.13539177055556,3.451,1.13534741833333,3.451
1.13557221833333,3.441,1.13566905583333,3.441,1.13562520305556,3.451
1.13584997277778,3.441,1.13594713638889,3.451,1.13590299666667,3.451
1.13612827722222,3.441,1.13622498083333,3.441,1.13618080555556,3.451
1.13640588416667,3.441,1.13650259138889,3.451,1.13645891527778,3.451
1.13668388083333,3.441,1.13678049416667,3.441,1.13673652277778,3.451
1.13696208111111,3.441,1.13705870527778,3.451,1.13701437416667,3.451
1.13723976111111,3.441,1.13733618611111,3.451,1.13729228805556,3.451
1.1375179575,3.441,1.13761425555556,3.451,1.13756975055556,3.451
1.13779559,3.441,1.13789205611111,3.441,1.13784740305556,3.451
1.13807305222222,3.441,1.13817002138889,3.451,1.13812567194444,3.451
1.13835131777778,3.441,1.13844804305556,3.451,1.13840358777778,3.451
1.13862929944444,3.441,1.13872583972222,3.451,1.1386815275,3.451
1.13890712805556,3.441,1.13900374,3.451,1.13895970083333,3.451
1.13918513777778,3.441,1.13928154694444,3.451,1.13923735416667,3.451
1.13946291,3.441,1.13955954277778,3.451,1.13951516111111,3.451
1.13974072416667,3.441,1.13983749972222,3.441,1.13979304611111,3.451
1.14001855638889,3.441,1.14011539055556,3.441,1.14007087888889,3.451
1.14029689833333,3.441,1.14039328472222,3.451,1.14034870805556,3.451
1.14057495583333,3.441,1.14067105944444,3.451,1.14062666277778,3.451
1.14085282083333,3.441,1.14094914,3.451,1.14090401388889,3.451
1.14113053666667,3.441,1.14122691361111,3.451,1.14118214527778,3.451
1.14140877055556,3.441,1.14150487805556,3.451,1.14146018111111,3.451
1.14168638194444,3.441,1.14178281444444,3.451,1.14173828416667,3.451
1.141964145,3.441,1.14206103472222,3.451,1.14201608,3.451
1.14224186583333,3.441,1.14233916166667,3.451,1.14229373111111,3.451
1.1425195425,3.441,1.14261690972222,3.441,1.14257151805556,3.451
1.14279747722222,3.441,1.14289443666667,3.451,1.14284989166667,3.451
1.14307569916667,3.441,1.14317257805556,3.451,1.14312747305556,3.451
1.14335338972222,3.441,1.14345062555556,3.441,1.14340549805556,3.451
1.14363151833333,3.441,1.14372883361111,3.441,1.14368349861111,3.451
1.14390916055556,3.441,1.14400649638889,3.451,1.14396134916667,3.451
1.14418705805556,3.441,1.14428449083333,3.441,1.14423914888889,3.451
1.14446479583333,3.441,1.14456242416667,3.451,1.14451671944444,3.451
1.1447429175,3.441,1.14483999361111,3.451,1.1447946125,3.451
1.14502046361111,3.441,1.14511824027778,3.451,1.14507241638889,3.451
1.14529813,3.441,1.14539592083333,3.451,1.1453504275,3.451
1.14557601527778,3.441,1.14567359333333,3.441,1.14562843472222,3.451
1.14585384027778,3.441,1.14595171777778,3.451,1.145906505,3.451
1.14613201527778,3.441,1.14622918,3.451,1.14618426138889,3.451
1.14641009222222,3.441,1.14650701611111,3.451,1.14646179694444,3.451
1.14668798861111,3.441,1.14678464388889,3.451,1.14673996833333,3.451
1.14696551611111,3.441,1.14706238055556,3.451,1.14701812833333,3.451
1.14724328027778,3.441,1.14734070027778,3.451,1.147295665,3.451
1.14752121888889,3.441,1.14761840027778,3.451,1.14757325583333,3.451
1.14779880416667,3.441,1.14789623388889,3.451,1.14785173666667,3.451
1.14807689916667,3.441,1.14817413944444,3.451,1.14812946083333,3.451
1.14835466388889,3.441,1.14845191527778,3.451,1.14840728972222,3.451
1.14863218916667,3.441,1.14872993194444,3.451,1.14868523416667,3.451
1.14891049694444,3.441,1.14900746527778,3.451,1.14896265722222,3.451
1.14918833944444,3.441,1.14928571027778,3.451,1.14924083472222,3.451
1.14946629694444,3.441,1.14956339388889,3.451,1.14951888305556,3.451
1.14974399055556,3.441,1.14984137888889,3.451,1.14979682666667,3.451
1.15002163944444,3.441,1.15011877333333,3.451,1.15007463111111,3.451
1.15029990611111,3.441,1.1503970875,3.451,1.15035242611111,3.451
1.15057734611111,3.441,1.15067510916667,3.451,1.15063023472222,3.451
1.15085529722222,3.441,1.1509534475,3.451,1.15090811916667,3.451
1.15113338027778,3.441,1.15123088305556,3.451,1.15118619888889,3.451
1.15141133388889,3.441,1.15150892527778,3.441,1.15146402138889,3.451
1.15168904,3.441,1.15178655194444,3.451,1.15174151472222,3.451
1.15196702722222,3.441,1.15206445138889,3.451,1.15201930111111,3.451
1.15224550027778,3.441,1.15234259388889,3.451,1.15229777222222,3.451
1.15252285,3.441,1.15262038944444,3.451,1.15257570361111,3.451
1.15280111388889,3.441,1.15289793416667,3.451,1.15285380222222,3.451
1.15307898777778,3.441,1.15317609777778,3.451,1.15313126638889,3.451
1.15335699611111,3.441,1.15345404055556,3.451,1.15340920555556,3.451
1.15363467222222,3.441,1.15373198583333,3.451,1.15368699111111,3.451
1.15391285861111,3.441,1.15400973916667,3.451,1.15396439166667,3.451
1.15419069083333,3.451,1.15428781027778,3.451,1.15424247972222,3.451
1.15446860111111,3.441,1.15456558111111,3.451,1.15452037611111,3.451
1.15474627111111,3.441,1.15484326583333,3.451,1.15479805694444,3.451
1.15502414027778,3.441,1.15512110388889,3.441,1.15507596722222,3.451
1.15530191333333,3.441,1.15539916416667,3.451,1.15535389583333,3.451
1.15557960444444,3.441,1.15567691861111,3.451,1.15563156333333,3.451
1.15585741305556,3.441,1.15595487027778,3.451,1.15590939027778,3.451
1.15613558305556,3.441,1.1562328375,3.451,1.15618719861111,3.451
1.15641336361111,3.441,1.1565107525,3.451,1.15646504833333,3.451
1.15669142861111,3.441,1.15678873583333,3.451,1.15674308861111,3.451
1.15696920361111,3.441,1.15706682333333,3.451,1.15702089472222,3.451
1.15724704055556,3.441,1.15734490444444,3.451,1.15729847611111,3.451
1.15752481611111,3.441,1.15762282916667,3.451,1.15757641638889,3.451
1.157802705,3.441,1.15790081972222,3.451,1.157854185,3.451
1.15808058611111,3.441,1.158178995,3.451,1.15813178694444,3.451
1.1583581675,3.441,1.158456575,3.451,1.15840994777778,3.451
1.15863584694444,3.441,1.15873416305556,3.451,1.15868760055556,3.451
1.15891390138889,3.441,1.15901210638889,3.451,1.15896562611111,3.451
1.15919165111111,3.441,1.15929016333333,3.451,1.15924348305556,3.451
1.15946950722222,3.441,1.15956838722222,3.451,1.15952096833333,3.451
1.15974769083333,3.441,1.1598460075,3.451,1.15979951638889,3.451
1.16002499388889,3.441,1.16012380083333,3.451,1.16007787861111,3.451
1.16030306388889,3.441,1.16040203027778,3.451,1.16035563083333,3.451
1.16058093583333,3.441,1.16067932166667,3.451,1.16063357222222,3.451
1.1608583025,3.451,1.16095743166667,3.451,1.16091134861111,3.451
1.16113614111111,3.441,1.16123520527778,3.451,1.16118906611111,3.451
1.16141464861111,3.441,1.16151306861111,3.451,1.16146686138889,3.451
1.16169233666667,3.441,1.16179066555556,3.451,1.16174467,3.451
1.16197023083333,3.441,1.16206864083333,3.451,1.16202288694444,3.451
1.16224814361111,3.441,1.16234675944444,3.451,1.16230111416667,3.451
1.16252565555556,3.441,1.16262459277778,3.451,1.162578665,3.451
1.16280366055556,3.441,1.162901905,3.451,1.16285643777778,3.451
1.16308150444444,3.441,1.16317978888889,3.451,1.16313431333333,3.451
1.16335899972222,3.441,1.16345809833333,3.451,1.16341189305556,3.451
1.16363684888889,3.441,1.163736055,3.451,1.16369005527778,3.451
1.16391474416667,3.441,1.16401388055556,3.451,1.16396779888889,3.451
1.16419282305556,3.451,1.16429131666667,3.451,1.16424520861111,3.451
1.16447065972222,3.441,1.16456958083333,3.451,1.16452309333333,3.451
1.1647484325,3.441,1.16484738722222,3.451,1.16480068666667,3.451
1.16502611583333,3.441,1.16512488583333,3.451,1.16507874666667,3.451
1.16530391083333,3.441,1.16540339027778,3.451,1.16535644166667,3.451
1.16558174416667,3.451,1.16568112055556,3.451,1.16563435805556,3.451
1.1658599475,3.441,1.16595898138889,3.451,1.16591205694444,3.451
1.166137335,3.441,1.16623657861111,3.451,1.16618982361111,3.451
1.16641550611111,3.441,1.16651486111111,3.451,1.16646778083333,3.451
1.16669357861111,3.441,1.16679213166667,3.451,1.16674538,3.451
1.16697171805556,3.441,1.16707023055556,3.451,1.16702330277778,3.451
1.16724993666667,3.441,1.16734810805556,3.451,1.16730121333333,3.451
1.16752768472222,3.441,1.16762605555556,3.451,1.16757948861111,3.451
1.16780567222222,3.441,1.16790405944444,3.451,1.16785705416667,3.451
1.16808301972222,3.441,1.16818204694444,3.451,1.1681350125,3.451
1.16836129916667,3.451,1.16845979666667,3.451,1.16841287277778,3.451
1.16863964361111,3.441,1.16873741138889,3.451,1.16869047444444,3.451
1.16891718527778,3.451,1.16901544638889,3.451,1.16896794694444,3.451
1.16919504,3.441,1.16929298638889,3.451,1.16924645444444,3.451
1.16947301083333,3.441,1.1695704525,3.451,1.16952411361111,3.451
1.16975093833333,3.441,1.1698487175,3.451,1.1698017825,3.451
1.17002859416667,3.441,1.17012644027778,3.451,1.1700799575,3.451
1.17030638166667,3.441,1.1704046275,3.451,1.17035781833333,3.451
1.17058410111111,3.441,1.1706828,3.451,1.17063565,3.451
1.17086204611111,3.441,1.17096051555556,3.451,1.17091364916667,3.451
1.17113985638889,3.451,1.17123860555556,3.451,1.17119129361111,3.451
1.17141748805556,3.441,1.1715164075,3.451,1.17146912527778,3.451
1.17169539888889,3.441,1.17179386611111,3.451,1.17174684944444,3.451
1.17197310111111,3.451,1.17207203916667,3.451,1.17202433416667,3.451
1.17225079138889,3.441,1.1723496175,3.451,1.17230237222222,3.451
1.17252867611111,3.441,1.1726273275,3.451,1.17258077138889,3.451
1.17280648861111,3.441,1.17290545777778,3.451,1.17285875916667,3.451
1.1730846275,3.441,1.1731833325,3.451,1.17313661333333,3.451
1.17336261638889,3.441,1.17346117166667,3.451,1.17341454,3.451
1.17364036027778,3.441,1.17373891805556,3.451,1.17369209722222,3.451
1.17391824194444,3.451,1.17401666444444,3.451,1.1739698375,3.451
1.17419607388889,3.441,1.17429462944444,3.451,1.17424798305556,3.451
1.17447391472222,3.441,1.17457282916667,3.451,1.1745256325,3.451
1.17475215638889,3.441,1.17485027611111,3.451,1.17480363083333,3.451
1.17502955944444,3.441,1.17512830388889,3.451,1.17508146,3.451
1.17530751722222,3.441,1.17540608694444,3.451,1.17535935805556,3.451
1.17558525472222,3.441,1.17568403888889,3.451,1.1756368025,3.451
1.17586348722222,3.451,1.17596174138889,3.451,1.17591493361111,3.451
1.17614123361111,3.441,1.17623965944444,3.451,1.17619273611111,3.451
1.17641886944444,3.441,1.17651756916667,3.451,1.17647080138889,3.451
1.1766966625,3.441,1.17679522027778,3.451,1.17674838972222,3.451
1.17697438472222,3.441,1.1770731175,3.451,1.17702635083333,3.451
1.17725242027778,3.441,1.17735069583333,3.451,1.17730394944444,3.451
1.17752973611111,3.441,1.17762902333333,3.451,1.17758198361111,3.451
1.17780821611111,3.441,1.17790658722222,3.451,1.17785937777778,3.451
1.1780857575,3.441,1.17818439833333,3.451,1.17813741194444,3.451
1.17836330083333,3.441,1.17846220472222,3.451,1.17841507277778,3.451
1.17864132083333,3.441,1.17874039611111,3.451,1.17869304861111,3.451
1.17891903888889,3.451,1.17901831277778,3.451,1.17897064944444,3.451
1.17919697083333,3.441,1.17929621805556,3.451,1.17924844777778,3.451
1.17947495388889,3.441,1.17957394083333,3.451,1.17952638,3.451
1.17975273777778,3.451,1.17985158555556,3.451,1.17980411194444,3.451
1.18003061722222,3.441,1.180129455,3.451,1.18008158055556,3.451
1.18030868138889,3.441,1.18040726166667,3.451,1.18036010194444,3.451
1.18058636333333,3.451,1.18068515666667,3.451,1.18063750305556,3.451
1.18086450083333,3.441,1.18096322138889,3.451,1.18091560972222,3.451
1.18114241055556,3.441,1.18124130638889,3.451,1.18119372055556,3.451
1.18141973694444,3.441,1.18151958,3.451,1.18147126166667,3.451
1.18169791777778,3.451,1.18179683166667,3.451,1.18174901583333,3.451
1.18197574138889,3.441,1.182075035,3.451,1.18202684222222,3.451
1.18225323666667,3.441,1.18235275472222,3.451,1.18230489444444,3.451
1.18253113444444,3.441,1.1826304325,3.451,1.18258266388889,3.451
1.18280939222222,3.441,1.18290823916667,3.451,1.18286083027778,3.451
1.18308688972222,3.441,1.18318645027778,3.451,1.18313843166667,3.451
1.18336479055556,3.451,1.18346426055556,3.451,1.18341654638889,3.451
1.18364275166667,3.441,1.1837420125,3.451,1.18369429138889,3.451
1.18392093277778,3.451,1.18402010222222,3.451,1.18397200388889,3.451
1.18419870222222,3.441,1.18429806083333,3.451,1.18424987555556,3.451
1.18447661722222,3.451,1.18457595833333,3.451,1.1845278025,3.451
1.18475432055556,3.441,1.18485381611111,3.451,1.18480569472222,3.451
1.18503236861111,3.441,1.18513166527778,3.451,1.18508359361111,3.451
1.18531018416667,3.451,1.18540944972222,3.451,1.18536146388889,3.451
1.18558804833333,3.441,1.18568732583333,3.451,1.18563907833333,3.451
1.18586597305556,3.441,1.18596518861111,3.451,1.18591727638889,3.451
1.18614383166667,3.441,1.18624292361111,3.451,1.1861952675,3.451
1.18642148416667,3.441,1.18652087583333,3.451,1.18647325027778,3.451
1.18669949027778,3.441,1.18679850916667,3.451,1.18675115972222,3.451
1.18697731972222,3.441,1.18707657333333,3.451,1.1870284825,3.451
1.18725531,3.451,1.18735440638889,3.451,1.1873068675,3.451
1.18753307833333,3.441,1.18763217444444,3.451,1.18758448222222,3.451
1.18781087972222,3.441,1.18790985833333,3.451,1.187862395,3.451
1.18808863833333,3.441,1.18818768666667,3.451,1.1881403875,3.451
1.18836664388889,3.441,1.1884659775,3.451,1.18841814055556,3.451
1.18864491333333,3.451,1.1887435275,3.451,1.18869648277778,3.451
1.18892231833333,3.441,1.18902161555556,3.451,1.18897418916667,3.451
1.18920023805556,3.441,1.18929956,3.451,1.18925200944444,3.451
1.18947810138889,3.441,1.18957685027778,3.451,1.18953009611111,3.451
1.18975600944444,3.441,1.18985465083333,3.451,1.18980796111111,3.451
1.19003338694444,3.441,1.19013285611111,3.451,1.19008604305556,3.451
1.19031137305556,3.451,1.1904109175,3.451,1.19036354194444,3.451
1.19058921777778,3.441,1.19068859527778,3.451,1.19064160388889,3.451
1.19086718111111,3.441,1.19096605805556,3.451,1.19091918166667,3.451
1.19114526222222,3.441,1.19124383805556,3.451,1.19119737861111,3.451
1.19142304222222,3.451,1.19152154305556,3.451,1.19147514194444,3.451
1.19170096472222,3.441,1.19179974833333,3.451,1.19175304888889,3.451
1.19197872055556,3.441,1.19207716777778,3.451,1.19203073944444,3.451
1.19225653611111,3.441,1.19235570972222,3.451,1.19230895194444,3.451
1.19253421138889,3.441,1.19263336972222,3.451,1.19258703166667,3.451
1.19281175361111,3.441,1.19291108,3.451,1.19286467888889,3.451
1.19308972833333,3.451,1.19318901333333,3.451,1.19314288166667,3.451
1.19336803583333,3.451,1.19346627944444,3.451,1.19342032555556,3.451
1.19364594611111,3.441,1.19374441416667,3.451,1.19369828,3.451
1.1939237225,3.441,1.19402246666667,3.451,1.19397595944444,3.451
1.19420175805556,3.451,1.19430021694444,3.451,1.1942539475,3.451
1.19447959777778,3.441,1.19457797555556,3.451,1.19453159805556,3.451
1.19475755361111,3.441,1.19485597027778,3.451,1.19480930222222,3.451
1.19503558166667,3.451,1.19513374694444,3.451,1.1950874675,3.451
1.19531354638889,3.451,1.195411345,3.451,1.19536493722222,3.451
1.19559148444444,3.441,1.19568936638889,3.451,1.19564316805556,3.451
1.19586946277778,3.451,1.19596718805556,3.451,1.19592087055556,3.451
1.19614718555556,3.451,1.19624491361111,3.451,1.196198365,3.451
1.19642537416667,3.451,1.19652262555556,3.451,1.19647634333333,3.451
1.196703305,3.451,1.19680026666667,3.451,1.19675405,3.451
1.1969812875,3.451,1.19707848166667,3.451,1.19703212388889,3.451
1.19725925555556,3.451,1.19735627166667,3.451,1.19730970027778,3.451
1.197537085,3.441,1.19763436833333,3.451,1.19758780277778,3.451
1.19781479416667,3.441,1.1979122525,3.451,1.19786586305556,3.451
1.19809297083333,3.451,1.19819011222222,3.451,1.19814356833333,3.451
1.198371165,3.441,1.19846807305556,3.451,1.19842160527778,3.451
1.19864894222222,3.441,1.19874586694444,3.451,1.19869903472222,3.451
1.19892688777778,3.441,1.19902361916667,3.451,1.19897757305556,3.451
1.19920489638889,3.441,1.19930131166667,3.451,1.19925504555556,3.461
1.19948300944444,3.451,1.1995790575,3.451,1.199533185,3.451
1.19976026166667,3.441,1.19985700611111,3.451,1.199810925,3.451
1.200038435,3.441,1.20013439555556,3.451,1.20008896194444,3.451
1.20031582583333,3.451,1.20041254638889,3.451,1.20036663388889,3.451
1.20059361861111,3.451,1.20069021916667,3.451,1.20064407416667,3.451
1.20087157444444,3.451,1.20096822194444,3.451,1.20092216527778,3.451
1.20114987666667,3.451,1.20124604444444,3.451,1.20120061611111,3.451
1.20142773555556,3.451,1.20152410194444,3.451,1.20147844777778,3.451
1.20170557277778,3.451,1.201801945,3.451,1.20175603333333,3.451
1.20198357416667,3.441,1.20207941305556,3.451,1.20203412027778,3.451
1.20226117583333,3.451,1.20235755694444,3.451,1.20231198611111,3.451
1.20253921583333,3.451,1.20263540944444,3.451,1.20259009722222,3.451
1.20281696944444,3.441,1.2029133275,3.451,1.20286766777778,3.451
1.20309469416667,3.451,1.20319149694444,3.451,1.20314579805556,3.451
1.20337248055556,3.451,1.20346921083333,3.451,1.20342386527778,3.451
1.20365051805556,3.441,1.20374714944444,3.451,1.20370143833333,3.451
1.20392848166667,3.451,1.20402526805556,3.451,1.20397914388889,3.451
1.20420625055556,3.441,1.20430274194444,3.451,1.20425718333333,3.451
1.20448396138889,3.451,1.2045810475,3.451,1.20453510527778,3.451
1.20476173166667,3.451,1.20485908861111,3.451,1.20481336611111,3.451
1.20503958611111,3.451,1.20513681861111,3.451,1.20509123166667,3.451
1.20531696083333,3.451,1.20541460527778,3.451,1.20536912694444,3.451
1.2055949725,3.451,1.205692465,3.451,1.20564732444444,3.451
1.20587301555556,3.451,1.20597029138889,3.451,1.20592490722222,3.451
1.2061509025,3.441,1.20624818277778,3.451,1.20620277194444,3.451
1.20642868694444,3.441,1.20652553611111,3.451,1.20648074055556,3.451
1.20670675055556,3.451,1.20680353333333,3.451,1.20675841027778,3.451
1.20698442638889,3.451,1.20708158777778,3.451,1.20703644166667,3.451
1.207262155,3.451,1.20735935611111,3.451,1.20731438583333,3.451
1.20754017083333,3.451,1.20763714805556,3.451,1.20759255083333,3.451
1.2078176175,3.451,1.20791521694444,3.451,1.20787049972222,3.451
1.20809590333333,3.451,1.20819333222222,3.451,1.20814833777778,3.451
1.20837383138889,3.451,1.20847116305556,3.451,1.20842613611111,3.451
1.20865157583333,3.451,1.20874872722222,3.451,1.20870377722222,3.451
1.20892962166667,3.451,1.20902669611111,3.451,1.20898196888889,3.451
1.20920746194444,3.451,1.20930412833333,3.451,1.20925955611111,3.451
1.20948501166667,3.441,1.209582325,3.451,1.20953716416667,3.451
1.20976341861111,3.451,1.20986042388889,3.451,1.20981531166667,3.451
1.21004137277778,3.451,1.21013843805556,3.451,1.21009316833333,3.451
1.21031909166667,3.451,1.21041613166667,3.451,1.21037074916667,3.451
1.21059712972222,3.451,1.21069390194444,3.451,1.21064854611111,3.451
1.21087479694444,3.451,1.21097175694444,3.451,1.21092634694444,3.451
1.21115244111111,3.451,1.21124974027778,3.451,1.21120422583333,3.461
1.2114303375,3.441,1.21152734138889,3.451,1.21148208944444,3.451
1.21170857277778,3.451,1.21180532583333,3.451,1.21176030055556,3.451
1.21198676583333,3.451,1.2120831125,3.451,1.21203842916667,3.451
1.21226437555556,3.441,1.21236065083333,3.451,1.21231629638889,3.461
1.21254251638889,3.451,1.21263864638889,3.451,1.21259403916667,3.451
1.21282069916667,3.451,1.21291677277778,3.451,1.21287196638889,3.451
1.21309869861111,3.451,1.21319448055556,3.451,1.21314971388889,3.451
1.21337635861111,3.451,1.213472055,3.451,1.2134277175,3.451
1.21365388333333,3.451,1.21375008583333,3.451,1.21370567083333,3.451
1.21393199361111,3.451,1.21402757583333,3.451,1.21398338972222,3.451
1.21420967666667,3.441,1.21430525166667,3.451,1.21426174055556,3.451
1.21448769416667,3.451,1.21458337333333,3.451,1.21453920722222,3.451
1.21476505194444,3.451,1.21486120583333,3.451,1.21481723694444,3.451
1.21504322027778,3.451,1.2151389475,3.451,1.21509493916667,3.451
1.21532105805556,3.451,1.21541659472222,3.451,1.21537288388889,3.451
1.215598785,3.451,1.21569448444444,3.451,1.21565088055556,3.461
1.21587672861111,3.451,1.215972115,3.451,1.21592897805556,3.451
1.21615484833333,3.451,1.21625003833333,3.451,1.21620655666667,3.451
1.21643258722222,3.451,1.21652772388889,3.451,1.2164842375,3.451
1.21671074805556,3.451,1.21680577888889,3.451,1.21676218472222,3.451
1.21698844194444,3.451,1.21708344555556,3.451,1.21704018555556,3.461
1.21726612527778,3.451,1.21736164722222,3.451,1.21731806055556,3.461
1.21754383416667,3.451,1.2176392775,3.451,1.21759599055556,3.451
1.21782204916667,3.451,1.21791717611111,3.451,1.21787398555556,3.451
1.21809996722222,3.441,1.21819489166667,3.451,1.21815183638889,3.451
1.21837801777778,3.441,1.21847289722222,3.451,1.21842967138889,3.451
1.21865597416667,3.451,1.21875091138889,3.451,1.21870792194444,3.451
1.21893358972222,3.451,1.21902850194444,3.451,1.21898590472222,3.451
1.21921126944444,3.451,1.21930631638889,3.451,1.21926332805556,3.461
1.21948908833333,3.451,1.21958407138889,3.451,1.21954172305556,3.451
1.21976668277778,3.441,1.21986193611111,3.451,1.21981970222222,3.451
1.22004492833333,3.451,1.2201396275,3.451,1.22009758666667,3.461
1.22032250444444,3.451,1.22041752638889,3.451,1.22037495777778,3.461
1.22060075194444,3.451,1.22069546694444,3.451,1.22065297444444,3.451
1.22087837277778,3.451,1.2209732025,3.451,1.22093068166667,3.451
1.22115626527778,3.451,1.22125099166667,3.451,1.22120864055556,3.451
1.22143405583333,3.451,1.2215289425,3.451,1.22148654027778,3.451
1.2217120925,3.451,1.22180652194444,3.451,1.22176462861111,3.451
1.22198969638889,3.451,1.22208434722222,3.451,1.22204249722222,3.451
1.22226763666667,3.451,1.22236257805556,3.451,1.22232014638889,3.461
1.22254538944444,3.451,1.22264018055556,3.451,1.22259844277778,3.451
1.22282323388889,3.451,1.22291830444444,3.451,1.22287597861111,3.451
1.22310098,3.451,1.22319617444444,3.451,1.22315428277778,3.461
1.22337891166667,3.451,1.22347381166667,3.451,1.22343251638889,3.461
1.22365662972222,3.451,1.2237517475,3.451,1.22370985555556,3.461
1.22393443527778,3.451,1.22402966194444,3.451,1.22398804027778,3.451
1.22421214555556,3.451,1.22430757,3.451,1.22426569138889,3.451
1.22449039138889,3.451,1.22458554222222,3.451,1.22454381916667,3.451
1.22476825361111,3.451,1.22486337277778,3.451,1.22482148666667,3.451
1.22504585722222,3.451,1.22514082083333,3.451,1.22509946666667,3.461
1.22532371194444,3.441,1.225418765,3.451,1.22537719638889,3.451
1.22560173555556,3.451,1.22569662888889,3.451,1.22565548333333,3.461
1.22587990166667,3.451,1.22597438083333,3.451,1.22593365555556,3.451
1.22615774444444,3.451,1.22625224638889,3.451,1.22621138833333,3.451
1.22643584888889,3.451,1.22653009416667,3.451,1.22648896888889,3.451
1.22671364,3.451,1.22680800277778,3.451,1.22676674472222,3.461
1.22699163138889,3.451,1.22708615,3.451,1.2270447475,3.451
1.2272693725,3.451,1.22736404111111,3.451,1.22732248611111,3.451
1.22754736611111,3.451,1.22764157972222,3.451,1.22760011694444,3.451
1.22782505305556,3.451,1.22791955777778,3.451,1.227877965,3.451
1.22810276388889,3.451,1.2281975125,3.451,1.22815608833333,3.451
1.22838087861111,3.451,1.22847567416667,3.451,1.22843401694444,3.451
1.22865906833333,3.451,1.228753265,3.451,1.22871190388889,3.451
1.22893680277778,3.451,1.22903121,3.451,1.2289898025,3.451
1.22921423055556,3.451,1.22930929694444,3.451,1.22926771055556,3.451
1.22949243194444,3.451,1.22958724611111,3.451,1.22954557027778,3.461
1.22977013611111,3.451,1.22986484722222,3.451,1.22982370472222,3.451
1.23004786305556,3.451,1.23014254361111,3.451,1.2301016275,3.451
1.23032551472222,3.451,1.23042067416667,3.451,1.23037938166667,3.451
1.23060341805556,3.451,1.2306985075,3.451,1.23065727555556,3.451
1.23088128333333,3.451,1.23097663472222,3.451,1.23093465472222,3.451
1.23115909361111,3.451,1.23125447333333,3.451,1.23121314861111,3.451
1.23143710138889,3.451,1.23153219888889,3.451,1.23149067916667,3.451
1.23171490972222,3.451,1.231810185,3.451,1.23176894361111,3.461
1.23199269361111,3.451,1.23208805277778,3.451,1.23204652944444,3.461
1.23227043694444,3.451,1.23236605666667,3.451,1.23232461055556,3.451
1.23254856361111,3.451,1.2326436525,3.451,1.23260282027778,3.451
1.2328260925,3.451,1.23292156972222,3.451,1.23288042111111,3.451
1.23310390694444,3.451,1.23319935833333,3.451,1.23315849416667,3.451
1.23338203083333,3.451,1.23347715361111,3.451,1.23343632583333,3.451
1.23365982333333,3.451,1.23375534472222,3.451,1.23371443,3.451
1.23393756305556,3.451,1.23403321305556,3.451,1.23399229527778,3.461
1.23421565722222,3.451,1.23431131638889,3.451,1.23426986472222,3.451
1.23449379722222,3.451,1.23458940861111,3.451,1.23454793888889,3.461
1.23477152861111,3.451,1.23486727833333,3.451,1.23482602055556,3.461
1.2350496475,3.451,1.23514498361111,3.451,1.23510393055556,3.451
1.23532722611111,3.451,1.23542316416667,3.451,1.23538178138889,3.461
1.23560535305556,3.451,1.2357010325,3.451,1.2356593075,3.461
1.23588326305556,3.451,1.23597883222222,3.451,1.23593680166667,3.461
1.23616097916667,3.451,1.23625629861111,3.451,1.23621506861111,3.451
1.23643832027778,3.451,1.23653445111111,3.451,1.23649315055556,3.461
1.23671632527778,3.451,1.23681223555556,3.451,1.23677057694444,3.451
1.23699427694444,3.451,1.23708995166667,3.451,1.23704890527778,3.451
1.23727215888889,3.451,1.23736784111111,3.451,1.23732681388889,3.461
1.23754994055556,3.451,1.23764573166667,3.451,1.23760467916667,3.451
1.23782762555556,3.451,1.23792396361111,3.451,1.23788239583333,3.461
1.23810551638889,3.451,1.23820162166667,3.451,1.23816015138889,3.451
1.238383385,3.451,1.23847969166667,3.451,1.23843793277778,3.461
1.23866111194444,3.451,1.23875746722222,3.451,1.23871587694444,3.461
1.23893925583333,3.451,1.23903548361111,3.451,1.23899355805556,3.461
1.23921683277778,3.451,1.23931327694444,3.451,1.23927141194444,3.461
1.23949444305556,3.451,1.23959175777778,3.451,1.23954932638889,3.451
1.23977257611111,3.451,1.23986947416667,3.451,1.23982704888889,3.461
1.24005046277778,3.451,1.24014689416667,3.451,1.24010496444444,3.461
1.24032808166667,3.451,1.24042483944444,3.451,1.24038318055556,3.461
1.24060617527778,3.451,1.24070282944444,3.451,1.24066071111111,3.461
1.24088406972222,3.451,1.24098059583333,3.451,1.24093881972222,3.461
1.24116170277778,3.451,1.24125835805556,3.451,1.24121645694444,3.451
1.24143924777778,3.451,1.24153596861111,3.451,1.24149443611111,3.461
1.24171712138889,3.451,1.24181389583333,3.451,1.24177249055556,3.451
1.24199508111111,3.451,1.24209168388889,3.451,1.24205046638889,3.461
1.24227273944444,3.451,1.24236941972222,3.451,1.24232824166667,3.451
1.2425507125,3.451,1.24264721944444,3.451,1.24260621944444,3.461
1.24282860777778,3.451,1.24292501833333,3.451,1.24288413416667,3.461
1.24310633027778,3.451,1.24320291472222,3.451,1.24316184972222,3.451
1.24338414305556,3.451,1.24348115527778,3.451,1.24343981472222,3.461
1.24366197888889,3.451,1.24375920111111,3.451,1.24371711861111,3.461
1.24393976555556,3.451,1.24403695444444,3.451,1.24399516944444,3.451
1.24421750194444,3.451,1.24431459777778,3.451,1.24427339055556,3.451
1.24449531944444,3.451,1.24459313777778,3.451,1.24455107222222,3.461
1.24477332916667,3.451,1.24487092555556,3.451,1.24482879638889,3.461
1.24505152222222,3.451,1.24514852166667,3.451,1.24510652694444,3.451
1.24532920055556,3.451,1.24542630222222,3.451,1.24538406611111,3.461
1.24560688083333,3.451,1.24570385638889,3.451,1.24566253666667,3.451
1.24588495388889,3.451,1.24598156805556,3.451,1.24594036277778,3.461
1.24616289083333,3.451,1.24626009583333,3.451,1.24621806944444,3.461
1.24644130611111,3.451,1.24653766611111,3.461,1.24649585166667,3.451
1.24671870305556,3.451,1.24681552027778,3.451,1.24677370777778,3.461
1.24699669166667,3.451,1.2470931925,3.451,1.24705154888889,3.461
1.24727475833333,3.451,1.24737094166667,3.461,1.24732931055556,3.461
1.24755271694444,3.451,1.24764902444444,3.451,1.24760729222222,3.461
1.24783045305556,3.451,1.24792658805556,3.451,1.24788515111111,3.461
1.2481080325,3.451,1.24820451055556,3.451,1.2481633325,3.461
1.24838611444444,3.451,1.24848207583333,3.451,1.24844108944444,3.461
1.24866435027778,3.451,1.2487598275,3.451,1.24871872972222,3.461
1.248941945,3.451,1.24903777388889,3.461,1.248996615,3.451
1.24921987333333,3.451,1.24931568027778,3.451,1.24927444777778,3.451
1.24949768861111,3.451,1.24959364222222,3.451,1.24955271055556,3.461
1.24977519472222,3.451,1.24987174,3.451,1.24983064055556,3.451
1.25005312972222,3.451,1.25014959277778,3.451,1.25010822388889,3.461
1.25033098277778,3.451,1.25042750305556,3.451,1.25038591472222,3.461
1.25060841444444,3.451,1.25070532916667,3.451,1.25066390722222,3.461
1.25088649166667,3.451,1.25098321527778,3.451,1.25094181861111,3.451
1.25116423055556,3.451,1.25126115527778,3.451,1.25121986416667,3.461
1.25144196638889,3.451,1.25153906611111,3.451,1.25149812805556,3.461
1.25172002972222,3.451,1.2518173225,3.451,1.25177576583333,3.461
1.25199783861111,3.451,1.25209493916667,3.451,1.25205387666667,3.451
1.25227573333333,3.451,1.25237319638889,3.461,1.25233174277778,3.451
1.25255344055556,3.451,1.25265082,3.451,1.252609355,3.461
1.2528311225,3.451,1.25292849527778,3.451,1.25288752694444,3.461
1.25310900833333,3.451,1.25320622555556,3.451,1.25316524083333,3.461
1.253387325,3.451,1.2534838125,3.451,1.25344319833333,3.451
1.25366516361111,3.451,1.2537616975,3.451,1.25372095611111,3.461
1.25394261138889,3.451,1.25403942916667,3.451,1.25399880833333,3.461
1.25422070111111,3.451,1.25431715166667,3.451,1.25427668833333,3.461
1.25449826055556,3.451,1.25459556361111,3.451,1.25455476833333,3.461
1.25477591888889,3.451,1.25487324194444,3.451,1.25483267555556,3.461
1.25505409277778,3.451,1.25515114055556,3.451,1.25511082583333,3.461
1.25533210166667,3.451,1.2554285125,3.451,1.25538850055556,3.461
1.25560966722222,3.451,1.25570692333333,3.451,1.25566632944444,3.451
1.25588728305556,3.451,1.25598512611111,3.451,1.25594415111111,3.461
1.25616530083333,3.451,1.25626254194444,3.451,1.25622220638889,3.451
1.25644333527778,3.451,1.25654063638889,3.451,1.25650012138889,3.451
1.25672163277778,3.451,1.25681812055556,3.451,1.25677812305556,3.461
1.25699922972222,3.451,1.2570963325,3.451,1.25705603527778,3.461
1.25727711694444,3.451,1.25737411916667,3.461,1.257333805,3.461
1.25755484805556,3.451,1.25765202333333,3.451,1.25761194277778,3.461
1.2578324825,3.451,1.25793006472222,3.451,1.25789006694444,3.451
1.25811035666667,3.451,1.25820749638889,3.451,1.25816776722222,3.461
1.25838823305556,3.451,1.25848552,3.451,1.25844549277778,3.461
1.25866612555556,3.451,1.25876336944444,3.451,1.25872319666667,3.451
1.25894417055556,3.451,1.25904130916667,3.461,1.25900107555556,3.461
1.25922189666667,3.451,1.25931919027778,3.451,1.25927888083333,3.461
1.25949974166667,3.451,1.25959675583333,3.451,1.25955673527778,3.451
1.25977761166667,3.451,1.25987453805556,3.451,1.25983412694444,3.461
1.2600555025,3.451,1.26015210055556,3.451,1.26011214166667,3.461
1.26033366083333,3.451,1.26043028111111,3.451,1.2603898725,3.461
1.26061130361111,3.451,1.26070819888889,3.461,1.26066809055556,3.461
1.26088966361111,3.451,1.26098617388889,3.451,1.26094567555556,3.461
1.261167485,3.451,1.26126390416667,3.451,1.26122381583333,3.461
1.26144519,3.451,1.26154171833333,3.451,1.261501655,3.461
1.26172302472222,3.451,1.26181943972222,3.451,1.26177931083333,3.461
1.26200097305556,3.451,1.262097435,3.461,1.2620571725,3.461
1.26227843416667,3.451,1.26237513944444,3.451,1.26233492138889,3.461
1.26255646305556,3.451,1.26265346666667,3.461,1.26261270472222,3.461
1.26283437972222,3.451,1.26293143305556,3.461,1.26289047166667,3.461
1.26311201805556,3.451,1.26320884611111,3.451,1.26316824416667,3.461
1.26338990972222,3.451,1.2634870025,3.461,1.2634465,3.461
1.26366777166667,3.451,1.26376488555556,3.461,1.26372402972222,3.461
1.26394579,3.451,1.26404247083333,3.451,1.2640021025,3.461
1.2642236575,3.451,1.26432062222222,3.451,1.26428037555556,3.461
1.26450180888889,3.451,1.26459884416667,3.451,1.2645579,3.461
1.2647796375,3.451,1.26487687083333,3.451,1.26483571972222,3.461
1.26505723194444,3.451,1.26515463055556,3.451,1.26511399388889,3.461
1.26533505,3.451,1.26543210083333,3.451,1.26539195888889,3.461
1.26561304388889,3.451,1.26571033916667,3.451,1.2656693675,3.461
1.26589088611111,3.451,1.26598869,3.461,1.26594754638889,3.461
1.2661687375,3.451,1.26626614777778,3.451,1.26622544944444,3.461
1.26644631,3.451,1.26654406861111,3.451,1.26650308027778,3.461
1.2667242125,3.451,1.26682183527778,3.451,1.26678117722222,3.461
1.26700213277778,3.451,1.26709972527778,3.461,1.2670589925,3.461
1.26728007611111,3.451,1.26737757027778,3.451,1.26733691,3.461
1.26755751,3.451,1.26765569277778,3.451,1.26761452888889,3.461
1.26783568805556,3.451,1.26793325166667,3.451,1.26789265138889,3.461
1.26811327444444,3.451,1.26821163194444,3.461,1.26817043,3.461
1.2683908525,3.451,1.26848951416667,3.461,1.26844826166667,3.461
1.26866933527778,3.451,1.26876731,3.461,1.26872629277778,3.461
1.268946805,3.451,1.26904518861111,3.451,1.26900404777778,3.451
1.26922488666667,3.451,1.26932302194444,3.451,1.26928224833333,3.461
1.26950248333333,3.451,1.26960086138889,3.451,1.26956004083333,3.461
1.26978024916667,3.451,1.26987879222222,3.451,1.26983754583333,3.461
1.27005812666667,3.451,1.27015638388889,3.451,1.27011520361111,3.461
1.27033554416667,3.451,1.27043466388889,3.461,1.27039313527778,3.461
1.27061358305556,3.451,1.27071299138889,3.451,1.27067105888889,3.461
1.27089121222222,3.451,1.270990985,3.451,1.27094897638889,3.461
1.27116915638889,3.451,1.27126855694444,3.451,1.27122689388889,3.461
1.27144750944444,3.451,1.27154680555556,3.461,1.27150489527778,3.461
1.27172527194444,3.451,1.27182445027778,3.451,1.27178254805556,3.461
1.27200310694444,3.451,1.27210247916667,3.461,1.27206001083333,3.461
1.27228130222222,3.451,1.27238067611111,3.461,1.272337965,3.461
1.27255927138889,3.451,1.27265890916667,3.461,1.27261585805556,3.461
1.27283733888889,3.451,1.27293693972222,3.451,1.27289327361111,3.461
1.27311522361111,3.451,1.27321493833333,3.451,1.27317135277778,3.461
1.27339296777778,3.451,1.27349262583333,3.451,1.27344905944444,3.461
1.27367102194444,3.451,1.27377045027778,3.461,1.27372687055556,3.461
1.27394883722222,3.451,1.27404851611111,3.451,1.27400502444444,3.461
1.27422638833333,3.451,1.27432621916667,3.461,1.27428280583333,3.461
1.27450450416667,3.451,1.27460438027778,3.451,1.27456072027778,3.461
1.27478240444444,3.451,1.2748822775,3.451,1.27483897944444,3.461
1.27506006055556,3.451,1.27516002861111,3.461,1.27511653111111,3.461
1.27533782666667,3.451,1.27543779972222,3.461,1.27539455694444,3.461
1.27561568972222,3.451,1.27571581833333,3.461,1.27567235027778,3.461
1.27589357805556,3.451,1.275993865,3.461,1.27595030805556,3.461
1.276171445,3.451,1.27627165666667,3.461,1.27622843722222,3.461
1.27644958138889,3.451,1.27654980388889,3.461,1.2765063,3.461
1.27672697305556,3.451,1.27682727611111,3.461,1.27678410055556,3.461
1.27700521138889,3.451,1.27710544972222,3.461,1.27706175222222,3.461
1.27728268694444,3.451,1.27738305722222,3.461,1.277339595,3.461
1.2775605725,3.451,1.2776609875,3.451,1.27761756527778,3.461
1.27783822194444,3.451,1.27793899916667,3.461,1.27789522972222,3.461
1.27811608361111,3.451,1.27821699388889,3.461,1.27817304083333,3.461
1.27839394694444,3.451,1.27849440638889,3.461,1.27845090333333,3.461
1.27867185861111,3.451,1.27877239583333,3.451,1.27872845388889,3.461
1.27894962416667,3.451,1.279050635,3.461,1.27900669305556,3.461
1.27922747,3.451,1.27932834,3.451,1.27928461416667,3.461
1.27950540861111,3.451,1.27960605555556,3.461,1.27956208083333,3.461
1.27978285055556,3.451,1.27988377055556,3.461,1.27983984527778,3.461
1.28006060027778,3.451,1.28016169555556,3.461,1.28011794444444,3.461
1.280338655,3.451,1.28043952527778,3.451,1.28039574722222,3.461
1.28061674388889,3.451,1.28071711666667,3.451,1.28067393722222,3.461
1.28089468111111,3.451,1.28099489527778,3.461,1.28095177611111,3.461
1.28117276083333,3.451,1.28127275916667,3.461,1.28122956972222,3.461
1.281450785,3.451,1.28155081916667,3.461,1.28150745888889,3.461
1.28172835944444,3.451,1.28182829111111,3.461,1.28178520138889,3.461
1.28200655361111,3.451,1.28210686,3.461,1.28206292111111,3.461
1.28228406805556,3.451,1.28238460194444,3.461,1.28234116361111,3.461
1.28256215638889,3.451,1.28266267916667,3.461,1.28261864416667,3.461
1.28283998638889,3.451,1.28294040694444,3.461,1.28289645611111,3.461
1.28311815305556,3.451,1.28321825527778,3.461,1.28317444027778,3.461
1.28339602472222,3.451,1.28349605555556,3.461,1.28345214666667,3.461
1.28367350166667,3.451,1.28377404916667,3.461,1.28373010277778,3.461
1.28395166555556,3.451,1.28405264055556,3.461,1.28400764527778,3.461
1.28422947583333,3.451,1.28433008472222,3.461,1.284285605,3.461
1.28450754333333,3.451,1.28460817388889,3.461,1.28456334444444,3.461
1.28478543055556,3.451,1.28488596277778,3.461,1.28484097,3.461
1.28506305638889,3.451,1.28516357388889,3.451,1.28511881166667,3.461
1.28534065555556,3.451,1.28544148527778,3.461,1.28539699388889,3.461
1.28561862833333,3.451,1.28571945,3.461,1.2856747125,3.461
1.28589647611111,3.451,1.28599739694444,3.451,1.28595229138889,3.461
1.28617466611111,3.451,1.28627497472222,3.461,1.28623031055556,3.461
1.28645229416667,3.451,1.28655275055556,3.461,1.28650766222222,3.461
1.28673004611111,3.451,1.286830605,3.461,1.28678593805556,3.461
1.28700821722222,3.451,1.28710861555556,3.461,1.28706378916667,3.461
1.28728616055556,3.451,1.28738662583333,3.461,1.28734184,3.461
1.28756385833333,3.451,1.28766452555556,3.451,1.28761969777778,3.461
1.28784211861111,3.451,1.28794220527778,3.451,1.28789743361111,3.461
1.28812002277778,3.451,1.28822037916667,3.461,1.28817535416667,3.461
1.28839783166667,3.451,1.28849808444444,3.451,1.28845304194444,3.461
1.28867563027778,3.451,1.28877580527778,3.461,1.28873084083333,3.461
1.28895353361111,3.451,1.28905349583333,3.461,1.28900892888889,3.461
1.28923125277778,3.451,1.28933144888889,3.461,1.28928646388889,3.461
1.28950923666667,3.451,1.28960939444444,3.461,1.28956437611111,3.461
1.28978693472222,3.451,1.28988730527778,3.461,1.28984179805556,3.461
1.29006477861111,3.451,1.29016470972222,3.461,1.29011997305556,3.461
1.29034222222222,3.451,1.29044281916667,3.461,1.29039802638889,3.461
1.29062008972222,3.451,1.290720545,3.461,1.29067612222222,3.461
1.29089817944444,3.451,1.29099879083333,3.461,1.29095355222222,3.461
1.29117597277778,3.451,1.29127648777778,3.461,1.29123131944444,3.461
1.29145366722222,3.451,1.29155431388889,3.451,1.29150931555556,3.461
1.29173189055556,3.451,1.29183246,3.461,1.29178716722222,3.461
1.29200974638889,3.451,1.29211064583333,3.461,1.292065305,3.461
1.29228774277778,3.451,1.29238848138889,3.461,1.2923430525,3.461
1.29256561666667,3.451,1.29266665055556,3.461,1.29262135611111,3.461
1.29284343944444,3.451,1.29294480583333,3.461,1.29289920305556,3.461
1.29312123972222,3.451,1.29322211472222,3.461,1.29317665722222,3.461
1.29339900694444,3.451,1.29350031722222,3.461,1.29345452027778,3.461
1.29367680611111,3.451,1.29377847027778,3.461,1.29373229722222,3.461
1.29395447777778,3.451,1.29405617027778,3.461,1.29401042444444,3.461
1.29423219305556,3.451,1.29433384138889,3.461,1.29428855666667,3.461
1.29451034916667,3.451,1.29461180583333,3.461,1.2945663375,3.461
1.29478822972222,3.451,1.29488937222222,3.461,1.29484387361111,3.461
1.29506596861111,3.451,1.29516723416667,3.461,1.29512177361111,3.461
1.29534391333333,3.451,1.29544558222222,3.461,1.29539990222222,3.461
1.29562187083333,3.451,1.29572339222222,3.461,1.29567774583333,3.461
1.29590000555556,3.451,1.29600082222222,3.461,1.29595580361111,3.461
1.29617778388889,3.451,1.29627924472222,3.461,1.29623360027778,3.461
1.29645554638889,3.451,1.29655718194444,3.461,1.29651188111111,3.461
1.29673350416667,3.451,1.29683493805556,3.461,1.29678975472222,3.461
1.29701135361111,3.451,1.29711301555556,3.461,1.2970674275,3.461
1.29728930083333,3.451,1.29739083083333,3.461,1.29734524777778,3.461
1.29756719277778,3.451,1.29766875611111,3.461,1.29762310527778,3.461
1.29784503833333,3.451,1.29794657972222,3.461,1.29790084277778,3.461
1.29812295083333,3.451,1.29822437222222,3.461,1.29817852805556,3.461
1.29840085583333,3.451,1.29850234083333,3.461,1.29845632027778,3.461
1.29867838916667,3.451,1.29878035944444,3.461,1.29873447833333,3.461
1.29895653666667,3.451,1.29905812777778,3.461,1.29901207111111,3.461
1.299234285,3.451,1.29933572166667,3.461,1.29928969222222,3.461
1.29951197944444,3.451,1.29961378972222,3.461,1.29956745611111,3.461
1.29978991861111,3.451,1.29989201166667,3.461,1.29984564194444,3.461
1.30006802055556,3.451,1.30016959666667,3.461,1.30012330916667,3.461
1.30034577361111,3.451,1.3004475375,3.461,1.3004012125,3.461
1.30062390138889,3.451,1.3007254525,3.461,1.30067886611111,3.461
1.30090155111111,3.451,1.30100318333333,3.461,1.30095673722222,3.461
1.30117943527778,3.451,1.301281135,3.461,1.30123463388889,3.461
1.30145765472222,3.451,1.30155922361111,3.461,1.30151254277778,3.461
1.30173540527778,3.451,1.30183709722222,3.461,1.30179014916667,3.461
1.30201322611111,3.451,1.30211463972222,3.461,1.30206786888889,3.461
1.30229115138889,3.451,1.30239270972222,3.461,1.30234548555556,3.461
1.30256936277778,3.451,1.3026706175,3.461,1.30262353,3.461
1.30284716972222,3.451,1.30294823805556,3.461,1.30290125277778,3.461
1.30312533583333,3.451,1.30322598361111,3.461,1.30317890055556,3.461
1.30340322222222,3.451,1.30350402527778,3.461,1.30345654111111,3.461
1.30368094555556,3.451,1.30378209055556,3.461,1.30373486388889,3.461
1.30395833833333,3.451,1.30405974638889,3.461,1.30401284722222,3.461
1.30423681527778,3.451,1.30433796444444,3.461,1.30429064916667,3.461
1.30451462666667,3.451,1.30461574805556,3.461,1.30456846305556,3.461
1.30479237833333,3.451,1.30489321083333,3.461,1.30484670916667,3.461
1.30507012416667,3.451,1.30517126944444,3.461,1.30512467305556,3.461
1.30534855527778,3.451,1.30544928,3.461,1.30540275194444,3.461
1.305626115,3.451,1.30572721027778,3.461,1.305680725,3.461
1.30590389888889,3.451,1.30600481611111,3.461,1.30595847388889,3.461
1.30618172083333,3.451,1.30628256333333,3.461,1.30623643805556,3.461
1.30645989444444,3.451,1.30656043916667,3.461,1.30651476555556,3.461
1.30673746472222,3.451,1.30683864388889,3.461,1.30679251388889,3.461
1.30701517583333,3.451,1.307116105,3.461,1.30707071833333,3.461
1.30729326055556,3.451,1.30739423805556,3.461,1.30734893722222,3.461
1.30757086638889,3.451,1.3076722825,3.461,1.3076264075,3.461
1.30784881194444,3.451,1.30794990666667,3.461,1.30790447722222,3.461
1.30812632055556,3.451,1.308227835,3.461,1.30818205361111,3.461
1.30840438055556,3.451,1.3085056125,3.461,1.30845989833333,3.461
1.30868222611111,3.451,1.30878344694444,3.461,1.30873790916667,3.461
1.30896077444444,3.451,1.30906126916667,3.461,1.30901579305556,3.461
1.30923890805556,3.451,1.30933927222222,3.461,1.30929404916667,3.461
1.30951679,3.451,1.30961719361111,3.461,1.30957205944444,3.461
1.30979453277778,3.451,1.30989482833333,3.461,1.30984957388889,3.461
1.31007217972222,3.461,1.31017314611111,3.461,1.31012757555556,3.461
1.31034993916667,3.451,1.31045127333333,3.461,1.31040547805556,3.461
1.31062748833333,3.451,1.31072931527778,3.461,1.31068351333333,3.461
1.31090562194444,3.451,1.31100736694444,3.461,1.31096118888889,3.461
1.31118356666667,3.451,1.31128510055556,3.461,1.31123874111111,3.461
1.31146114111111,3.451,1.31156317638889,3.461,1.31151705333333,3.461
1.31173918972222,3.451,1.31184102694444,3.461,1.31179465638889,3.461
1.31201701916667,3.451,1.31211887861111,3.461,1.31207261444444,3.461
1.31229502944444,3.451,1.31239669472222,3.461,1.31235049111111,3.461
1.31257325722222,3.451,1.31267458,3.461,1.31262828,3.461
1.31285092277778,3.451,1.31295243138889,3.461,1.3129061425,3.461
1.31312865861111,3.451,1.31323065305556,3.461,1.31318394444444,3.461
1.31340683722222,3.451,1.31350840444444,3.461,1.31346169777778,3.461
1.31368481666667,3.451,1.31378607833333,3.461,1.31373949527778,3.461
1.31396274305556,3.451,1.31406370777778,3.461,1.31401701611111,3.461
1.31424059194444,3.451,1.31434171694444,3.461,1.31429473027778,3.461
1.31451860361111,3.451,1.31461944944444,3.461,1.31457236,3.461
1.31479641888889,3.451,1.31489732527778,3.461,1.314850565,3.461
1.31507438472222,3.451,1.31517497861111,3.461,1.3151282325,3.461
1.31535241361111,3.451,1.31545308805556,3.461,1.31540591555556,3.461
1.31562983777778,3.451,1.31573095944444,3.461,1.31568398916667,3.461
1.31590816138889,3.451,1.31600879972222,3.461,1.31596192138889,3.461
1.31618590361111,3.451,1.31628663805556,3.461,1.31623942083333,3.461
1.31646399722222,3.451,1.31656414777778,3.461,1.31651753694444,3.461
1.31674166305556,3.451,1.31684228305556,3.461,1.31679532916667,3.461
1.31701914055556,3.451,1.31712036916667,3.461,1.31707290916667,3.461
1.31729724722222,3.451,1.31739793305556,3.461,1.31735100138889,3.461
1.31757524694444,3.461,1.31767592527778,3.461,1.31762881472222,3.461
1.31785314305556,3.451,1.31795395361111,3.461,1.31790642944444,3.461
1.318130785,3.451,1.31823137472222,3.461,1.31818428805556,3.461
1.31840865527778,3.451,1.31850940527778,3.461,1.31846222638889,3.461
1.31868649972222,3.451,1.31878717027778,3.461,1.31874029277778,3.461
1.31896460305556,3.451,1.31906500666667,3.461,1.31901816805556,3.461
1.31924266972222,3.451,1.31934263333333,3.461,1.31929598111111,3.461
1.31952071527778,3.451,1.31962065611111,3.461,1.31957376833333,3.461
1.31979846111111,3.461,1.31989822638889,3.461,1.31985183388889,3.461
1.32007676888889,3.451,1.32017654833333,3.461,1.32012960666667,3.461
1.32035456638889,3.451,1.32045455972222,3.461,1.32040753805556,3.461
1.3206323725,3.451,1.32073262888889,3.461,1.3206857625,3.461
1.32091019638889,3.451,1.32101036027778,3.461,1.3209635525,3.461
1.32118816388889,3.451,1.32128803083333,3.461,1.32124121611111,3.461
1.32146601166667,3.451,1.32156619805556,3.461,1.32151903055556,3.461
1.32174413083333,3.451,1.32184423916667,3.461,1.32179716833333,3.461
1.32202215194444,3.451,1.32212198916667,3.461,1.32207513305556,3.461
1.322300365,3.451,1.32239961388889,3.461,1.32235317277778,3.461
1.32257822277778,3.451,1.3226773225,3.461,1.32263109277778,3.461
1.322855895,3.461,1.32295517222222,3.461,1.32290855527778,3.461
1.32313423611111,3.451,1.32323289277778,3.461,1.32318685694444,3.461
1.323412305,3.451,1.32351045777778,3.461,1.32346439194444,3.472
1.32368999333333,3.451,1.32378868222222,3.461,1.32374244277778,3.461
1.3239679475,3.451,1.32406652,3.461,1.32402041944444,3.461
1.3242458925,3.451,1.32434452527778,3.461,1.32429835,3.461
1.32452363861111,3.451,1.32462223222222,3.461,1.32457620083333,3.472
1.32480123527778,3.451,1.3249000425,3.461,1.32485389027778,3.461
1.32507914527778,3.451,1.32517838722222,3.461,1.32513185833333,3.461
1.32535690583333,3.461,1.32545602944444,3.461,1.32540957416667,3.461
1.32563471027778,3.451,1.32573373972222,3.461,1.32568765861111,3.461
1.32591282583333,3.451,1.32601138861111,3.461,1.32596576166667,3.461
1.32619066916667,3.451,1.32628952638889,3.461,1.32624353,3.461
1.32646859194444,3.461,1.32656739916667,3.461,1.32652135027778,3.461
1.32674660638889,3.451,1.32684519222222,3.461,1.32679904222222,3.461
1.3270243025,3.461,1.32712336361111,3.461,1.32707684805556,3.461
1.32730207444444,3.451,1.32740121472222,3.461,1.32735471444444,3.461
1.32758007388889,3.451,1.32767916138889,3.461,1.32763257111111,3.461
1.32785799194444,3.451,1.32795694888889,3.461,1.32791017166667,3.461
1.32813573194444,3.451,1.32823464333333,3.461,1.328187925,3.461
1.32841344694444,3.461,1.32851261222222,3.461,1.32846552472222,3.461
1.32869174333333,3.451,1.32879021638889,3.461,1.32874358444444,3.461
1.32896960472222,3.461,1.32906814166667,3.461,1.32902153194444,3.461
1.32924721916667,3.451,1.32934612055556,3.461,1.32929949694444,3.461
1.32952497222222,3.451,1.32962381138889,3.461,1.32957757194444,3.461
1.32980300527778,3.451,1.32990160305556,3.461,1.32985489194444,3.461
1.33008055583333,3.461,1.33017938611111,3.461,1.33013297888889,3.461
1.3303584625,3.451,1.33045720666667,3.461,1.33041052583333,3.461
1.33063617666667,3.451,1.33073530888889,3.461,1.33068863805556,3.461
1.33091431555556,3.451,1.33101307611111,3.461,1.33096657333333,3.461
1.33119196361111,3.461,1.33129088555556,3.461,1.33124401111111,3.461
1.33147021055556,3.461,1.33156856555556,3.461,1.3315218725,3.461
1.331748455,3.451,1.33184670888889,3.461,1.33180017638889,3.461
1.33202644277778,3.451,1.33212483611111,3.461,1.33207791222222,3.461
1.33230426972222,3.451,1.33240210472222,3.461,1.33235625138889,3.461
1.33258164166667,3.451,1.33268021472222,3.461,1.33263421972222,3.461
1.332859445,3.451,1.33295797111111,3.461,1.3329122275,3.461
1.33313770944444,3.451,1.33323592777778,3.461,1.33318956833333,3.461
1.33341555805556,3.461,1.33351374361111,3.461,1.3334679025,3.461
1.33369341388889,3.461,1.33379135111111,3.461,1.33374569694444,3.472
1.33397123972222,3.451,1.334069415,3.461,1.33402350277778,3.461
1.33424905444444,3.451,1.33434708527778,3.461,1.33430172305556,3.461
1.33452706944444,3.451,1.33462505277778,3.461,1.33457921583333,3.461
1.33480500416667,3.451,1.33490283583333,3.461,1.33485731694444,3.461
1.33508272,3.451,1.33518045027778,3.461,1.33513463722222,3.461
1.33536057916667,3.451,1.33545815277778,3.461,1.33541285416667,3.461
1.33563851972222,3.461,1.33573619583333,3.461,1.33569046222222,3.472
1.33591614833333,3.451,1.33601377861111,3.461,1.33596803611111,3.461
1.3361943075,3.451,1.33629173916667,3.461,1.33624617416667,3.461
1.3364719525,3.461,1.33656935694444,3.461,1.33652387555556,3.472
1.3367498175,3.461,1.33684712027778,3.461,1.33680182305556,3.461
1.33702766444444,3.451,1.33712507222222,3.461,1.33707936027778,3.472
1.33730561527778,3.451,1.33740327222222,3.461,1.33735757805556,3.472
1.33758318472222,3.451,1.33768127666667,3.461,1.3376352025,3.461
1.33786111138889,3.461,1.337959465,3.461,1.33791321722222,3.472
1.33813923666667,3.461,1.33823698944444,3.461,1.33819109277778,3.461
1.33841716277778,3.461,1.33851520194444,3.461,1.33846914694444,3.461
1.33869521972222,3.451,1.33879315138889,3.461,1.33874709138889,3.461
1.33897311527778,3.461,1.33907052805556,3.461,1.33902504444444,3.461
1.33925063388889,3.461,1.33934858111111,3.461,1.33930311916667,3.461
1.33952884777778,3.451,1.33962646055556,3.461,1.33958081055556,3.461
1.33980675861111,3.461,1.33990441333333,3.461,1.33985852361111,3.461
1.34008440944444,3.461,1.34018229972222,3.461,1.34013629722222,3.461
1.34036205194444,3.461,1.34045989388889,3.461,1.34041407305556,3.461
1.34064020138889,3.451,1.34073786972222,3.461,1.34069176722222,3.461
1.34091789277778,3.461,1.34101565694444,3.461,1.34096978972222,3.472
1.34119557083333,3.461,1.34129370027778,3.461,1.34124760972222,3.461
1.34147374222222,3.461,1.34157159138889,3.461,1.34152537,3.472
1.34175140944444,3.461,1.34184951972222,3.461,1.34180340027778,3.461
1.34202937388889,3.461,1.34212714027778,3.461,1.34208088083333,3.461
1.34230740472222,3.461,1.34240494916667,3.461,1.34235897111111,3.461
1.34258513805556,3.451,1.34268316277778,3.461,1.34263670722222,3.461
1.34286282444444,3.461,1.3429609225,3.461,1.34291477861111,3.461
1.34314100888889,3.451,1.34323842194444,3.461,1.34319233916667,3.472
1.34341905611111,3.461,1.34351638222222,3.461,1.34347035305556,3.472
1.34369691,3.451,1.34379380916667,3.461,1.34374835694444,3.461
1.34397499388889,3.451,1.34407183666667,3.461,1.34402612444444,3.461
1.34425248166667,3.451,1.34434972111111,3.461,1.34430399666667,3.472
1.34453058027778,3.461,1.34462710861111,3.461,1.34458197055556,3.472
1.34480855888889,3.461,1.34490515361111,3.461,1.34485968,3.461
1.34508647111111,3.451,1.34518288388889,3.461,1.34513716611111,3.461
1.34536433972222,3.451,1.34546094472222,3.461,1.34541542861111,3.461
1.34564216166667,3.461,1.34573850194444,3.461,1.34569321944444,3.472
1.34591967444444,3.461,1.3460165075,3.461,1.34597129277778,3.461
1.3461972175,3.451,1.34629435222222,3.461,1.3462491125,3.461
1.34647532416667,3.461,1.34657213527778,3.461,1.34652680361111,3.461
1.34675291388889,3.461,1.34685036972222,3.461,1.34680455388889,3.472
1.34703092388889,3.451,1.34712781611111,3.461,1.347082305,3.472
1.34730881305556,3.461,1.34740586,3.461,1.34736031027778,3.472
1.34758658944444,3.461,1.34768402472222,3.461,1.34763812194444,3.461
1.34786429416667,3.461,1.34796188722222,3.461,1.34791617388889,3.461
1.34814267583333,3.461,1.3482396775,3.461,1.3481938725,3.461
1.34842004916667,3.451,1.34851772638889,3.461,1.348471595,3.472
1.3486978525,3.461,1.34879568527778,3.461,1.34874947305556,3.461
1.34897588777778,3.461,1.34907372388889,3.461,1.34902734527778,3.472
1.34925406277778,3.461,1.34935128361111,3.461,1.349305315,3.472
1.34953171361111,3.451,1.34962914972222,3.472,1.34958308833333,3.461
1.34980976583333,3.461,1.3499068725,3.461,1.34986073416667,3.472
1.35008757305556,3.451,1.35018461944444,3.461,1.35013859027778,3.472
1.35036535305556,3.461,1.35046262194444,3.461,1.35041646833333,3.461
1.35064319444444,3.461,1.350740075,3.461,1.35069390305556,3.461
1.35092127666667,3.461,1.35101795222222,3.461,1.3509719725,3.461
1.35119887611111,3.461,1.35129597472222,3.461,1.35124973277778,3.461
1.35147695944444,3.451,1.35157380666667,3.461,1.35152778333333,3.472
1.35175484861111,3.461,1.35185172361111,3.461,1.35180570805556,3.472
1.3520331325,3.461,1.35212967972222,3.461,1.35208358361111,3.472
1.35231061055556,3.451,1.35240753638889,3.461,1.35236132472222,3.472
1.35258872361111,3.461,1.35268511833333,3.461,1.35263922055556,3.472
1.35286611388889,3.461,1.35296300694444,3.461,1.35291710416667,3.472
1.353144335,3.461,1.35324083416667,3.461,1.35319483361111,3.461
1.3534222225,3.461,1.35351867805556,3.472,1.35347287388889,3.461
1.3537002525,3.461,1.35379645694444,3.461,1.35375021166667,3.461
1.35397803972222,3.461,1.35407421833333,3.472,1.35402843833333,3.472
1.35425585638889,3.461,1.35435184055556,3.461,1.3543059675,3.472
1.35453386583333,3.461,1.35462976277778,3.461,1.35458369833333,3.461
1.35481177361111,3.461,1.35490752722222,3.461,1.35486159,3.472
1.35508987694444,3.461,1.35518537083333,3.461,1.35513953333333,3.472
1.3553672375,3.461,1.35546325777778,3.472,1.35541688027778,3.472
1.35564570777778,3.461,1.35574117472222,3.461,1.35569504888889,3.461
1.35592380694444,3.461,1.356019255,3.461,1.35597283416667,3.472
1.35620129305556,3.461,1.35629687638889,3.461,1.35625087,3.461
1.3564791875,3.461,1.35657513444444,3.461,1.35652860111111,3.472
1.35675696416667,3.461,1.3568527975,3.461,1.35680624944444,3.472
1.35703457194444,3.461,1.35713061305556,3.461,1.35708422583333,3.472
1.35731223583333,3.461,1.35740845388889,3.461,1.35736233277778,3.472
1.357590535,3.451,1.35768636638889,3.461,1.35763992861111,3.472
1.35786853277778,3.451,1.35796450138889,3.461,1.35791785722222,3.472
1.35814622277778,3.461,1.35824190555556,3.461,1.35819569027778,3.472
1.35842422833333,3.461,1.35851985277778,3.461,1.35847370611111,3.461
1.35870203611111,3.461,1.35879783611111,3.461,1.35875118527778,3.472
1.35897992805556,3.461,1.35907562527778,3.461,1.35902906611111,3.461
1.35925783222222,3.461,1.35935350277778,3.461,1.35930666555556,3.472
1.35953593388889,3.461,1.3596315425,3.461,1.3595846875,3.472
1.35981362527778,3.461,1.35990909361111,3.461,1.35986244361111,3.472
1.36009160916667,3.461,1.36018701861111,3.461,1.36014021861111,3.472
1.36036932611111,3.461,1.36046473694444,3.461,1.36041811555556,3.461
1.36064717111111,3.461,1.360742535,3.461,1.3606957425,3.472
1.36092538166667,3.461,1.36102034444444,3.461,1.36097359138889,3.472
1.36120316805556,3.461,1.36129800138889,3.461,1.36125110972222,3.461
1.36148116972222,3.461,1.36157616472222,3.472,1.3615291175,3.461
1.36175861083333,3.461,1.36185373722222,3.472,1.36180676055556,3.461
1.36203702805556,3.461,1.36213164944444,3.461,1.36208478194444,3.472
1.36231468472222,3.461,1.36240951583333,3.461,1.36236281333333,3.461
1.36259283277778,3.461,1.36268727638889,3.461,1.36264040555556,3.472
1.36287029805556,3.461,1.36296499944444,3.461,1.3629186725,3.472
1.3631485075,3.451,1.3632434175,3.461,1.36319633666667,3.472
1.36342645611111,3.461,1.36352095555556,3.461,1.36347417777778,3.472
1.36370389305556,3.461,1.36379894222222,3.472,1.36375225777778,3.461
1.36398212916667,3.461,1.36407656722222,3.472,1.36402991638889,3.472
1.36425983277778,3.461,1.36435463555556,3.461,1.36430806305556,3.472
1.36453776805556,3.461,1.36463260361111,3.461,1.36458569916667,3.472
1.36481548305556,3.461,1.36491029027778,3.461,1.36486351916667,3.472
1.36509328583333,3.461,1.36518832166667,3.472,1.3651417525,3.472
1.36537148055556,3.461,1.36546624638889,3.472,1.36541939222222,3.472
1.36564941333333,3.461,1.36574423416667,3.461,1.36569680916667,3.472
1.3659271275,3.461,1.36602202333333,3.472,1.36597496611111,3.472
1.36620518972222,3.461,1.366299695,3.472,1.366252905,3.472
1.36648284805556,3.461,1.36657774583333,3.472,1.36653045361111,3.472
1.36676038555556,3.461,1.36685596333333,3.461,1.36680842027778,3.472
1.36703867277778,3.461,1.36713376,3.461,1.36708623916667,3.472
1.36731659194444,3.461,1.36741157583333,3.472,1.36736413222222,3.472
1.36759423305556,3.461,1.36768934194444,3.461,1.36764182,3.472
1.36787187444444,3.461,1.36796742833333,3.461,1.36791981444444,3.472
1.36814979416667,3.461,1.36824518305556,3.461,1.36819734361111,3.472
1.3684273625,3.461,1.36852342111111,3.472,1.36847539583333,3.472
1.36870539722222,3.461,1.36880116916667,3.461,1.36875294305556,3.472
1.36898317527778,3.461,1.36907885611111,3.472,1.36903090916667,3.472
1.36926085111111,3.461,1.36935705611111,3.461,1.36930913555556,3.472
1.36953885055556,3.461,1.36963471138889,3.461,1.36958651333333,3.472
1.36981607666667,3.461,1.36991291472222,3.472,1.36986456333333,3.472
1.37009466694444,3.461,1.37019084194444,3.461,1.37014248583333,3.472
1.37037231277778,3.461,1.37046846833333,3.461,1.37042018638889,3.472
1.37064991916667,3.461,1.370746525,3.472,1.37069762527778,3.472
1.37092809833333,3.461,1.37102442833333,3.472,1.37097549694444,3.472
1.37120587138889,3.461,1.37130228472222,3.472,1.37125353333333,3.472
1.37148376305556,3.461,1.37157997027778,3.461,1.3715314025,3.472
1.37176143722222,3.461,1.37185777638889,3.472,1.37180907972222,3.461
1.37203934805556,3.461,1.37213544277778,3.472,1.37208652055556,3.472
1.37231702777778,3.461,1.37241321611111,3.472,1.37236431861111,3.472
1.37259469583333,3.461,1.37269179166667,3.461,1.37264256527778,3.472
1.372872465,3.461,1.3729692275,3.461,1.37292006722222,3.472
1.37315027027778,3.461,1.37324719083333,3.461,1.37319802277778,3.472
1.37342820444444,3.461,1.37352541638889,3.472,1.37347562305556,3.472
1.37370634027778,3.461,1.37380345888889,3.461,1.37375362666667,3.472
1.37398388527778,3.461,1.37408087166667,3.472,1.37403206638889,3.472
1.37426207833333,3.461,1.37435894611111,3.472,1.37430982472222,3.472
1.37454023833333,3.461,1.37463699833333,3.461,1.37458774305556,3.472
1.37481829805556,3.461,1.37491502972222,3.472,1.37486560722222,3.472
1.37509646111111,3.461,1.37519303305556,3.472,1.37514316222222,3.472
1.37537409555556,3.461,1.37547076833333,3.472,1.37542107694444,3.472
1.37565194472222,3.461,1.3757484025,3.472,1.37569898277778,3.472
1.37593001416667,3.461,1.37602677833333,3.472,1.375976535,3.472
1.37620811194444,3.461,1.37630437833333,3.461,1.37625429555556,3.472
1.37648573305556,3.461,1.37658245055556,3.461,1.37653229638889,3.472
1.37676340666667,3.461,1.37686034916667,3.461,1.37681025138889,3.472
1.377041635,3.461,1.37713833222222,3.472,1.37708806055556,3.472
1.37731940444444,3.461,1.3774157825,3.472,1.37736571027778,3.472
1.37759711916667,3.461,1.37769401305556,3.472,1.37764319861111,3.472
1.37787518055556,3.461,1.37797162638889,3.472,1.37792143972222,3.472
1.3781527825,3.461,1.37824955694444,3.461,1.37819923027778,3.472
1.37843107333333,3.461,1.37852720666667,3.472,1.37847699416667,3.472
1.37870900083333,3.461,1.37880510722222,3.461,1.37875451305556,3.472
1.37898689472222,3.461,1.37908284388889,3.472,1.37903217777778,3.472
1.37926488388889,3.461,1.37936078916667,3.472,1.37931021916667,3.472
1.37954273111111,3.461,1.37963895222222,3.472,1.37958798388889,3.472
1.3798206,3.461,1.37991664138889,3.472,1.37986611388889,3.472
1.38009838583333,3.461,1.38019474638889,3.472,1.38014418972222,3.472
1.38037619722222,3.461,1.38047220472222,3.472,1.3804219325,3.472
1.38065407027778,3.461,1.38075051583333,3.472,1.38069929138889,3.472
1.38093199083333,3.461,1.38102820555556,3.472,1.38097708444444,3.472
1.38121013722222,3.461,1.38130631611111,3.472,1.38125532055556,3.472
1.38148783333333,3.461,1.38158458944444,3.472,1.38153309027778,3.472
1.38176581388889,3.461,1.38186200416667,3.472,1.38181070972222,3.472
1.38204359888889,3.461,1.38213998555556,3.461,1.38208852361111,3.472
1.38232141055556,3.461,1.38241783611111,3.472,1.38236660222222,3.472
1.38259952611111,3.461,1.38269547916667,3.472,1.3826447725,3.472
1.38287728416667,3.461,1.38297346361111,3.472,1.38292276666667,3.472
1.383155505,3.461,1.38325120472222,3.472,1.38320061444444,3.472
1.38343314555556,3.461,1.38352940583333,3.472,1.38347831,3.472
1.38371107277778,3.461,1.38380762083333,3.472,1.38375606805556,3.472
1.38398879972222,3.461,1.38408501638889,3.472,1.38403397083333,3.472
1.384266885,3.461,1.38436278027778,3.472,1.38431168305556,3.472
1.38454440694444,3.461,1.38464044861111,3.472,1.38458959416667,3.472
1.38482229944444,3.461,1.38491852833333,3.472,1.38486758944444,3.472
1.38510010305556,3.461,1.38519631138889,3.472,1.38514527805556,3.472
1.3853779575,3.461,1.38547409083333,3.461,1.38542346527778,3.472
1.38565547777778,3.461,1.38575192305556,3.472,1.38570134972222,3.472
1.38593330166667,3.461,1.38603006833333,3.472,1.38597917,3.472
1.38621154694444,3.461,1.38630743527778,3.472,1.38625728944444,3.472
1.386489065,3.461,1.38658548222222,3.472,1.3865351175,3.472
1.38676702972222,3.461,1.38686329972222,3.472,1.38681291166667,3.472
1.3870448475,3.461,1.38714084444444,3.472,1.38709079083333,3.472
1.38732264638889,3.461,1.387418745,3.472,1.38736871555556,3.472
1.38760040638889,3.461,1.38769681555556,3.472,1.38764679444444,3.472
1.38787782916667,3.461,1.38797476027778,3.472,1.3879245875,3.472
1.38815598777778,3.461,1.38825247444444,3.472,1.38820256888889,3.472
1.38843362361111,3.461,1.38853032472222,3.472,1.38848026388889,3.472
1.38871146666667,3.461,1.38880811027778,3.472,1.38875818444444,3.472
1.38898956444444,3.461,1.38908577638889,3.472,1.38903568833333,3.472
1.38926726222222,3.461,1.38936385666667,3.472,1.38931372916667,3.472
1.38954546388889,3.461,1.38964167027778,3.472,1.38959152055556,3.482
1.3898232775,3.461,1.38991950611111,3.472,1.38986909722222,3.472
1.3901015475,3.461,1.39019725861111,3.472,1.39014731138889,3.472
1.39037910972222,3.461,1.39047488305556,3.472,1.39042556611111,3.472
1.39065700333333,3.461,1.39075276694444,3.472,1.39070316222222,3.472
1.39093515722222,3.461,1.39103073027778,3.472,1.39098119305556,3.472
1.3912128775,3.461,1.39130873527778,3.472,1.3912591625,3.472
1.3914906675,3.461,1.39158677527778,3.472,1.39153692972222,3.472
1.39176834777778,3.461,1.39186487083333,3.472,1.39181454583333,3.472
1.39204612666667,3.461,1.39214249194444,3.472,1.39209221722222,3.472
1.39232398944444,3.461,1.39242033333333,3.472,1.39237010277778,3.472
1.39260189722222,3.461,1.39269786361111,3.472,1.39264803138889,3.472
1.39287947333333,3.461,1.39297579138889,3.472,1.39292575611111,3.472
1.39315767583333,3.461,1.39325350083333,3.472,1.39320355416667,3.472
1.39343525055556,3.461,1.39353180916667,3.472,1.39348162305556,3.482
1.39371317388889,3.461,1.39380949916667,3.472,1.39375947222222,3.472
1.39399113416667,3.461,1.39408724111111,3.472,1.394037095,3.472
1.39426927916667,3.461,1.39436517805556,3.472,1.39431517777778,3.472
1.39454714666667,3.461,1.39464325888889,3.472,1.39459303111111,3.472
1.39482470194444,3.461,1.39492116388889,3.472,1.39487071527778,3.472
1.39510266694444,3.461,1.39519863805556,3.472,1.39514848388889,3.472
1.39538049972222,3.461,1.39547653055556,3.472,1.395426235,3.472
1.39565873666667,3.461,1.39575437055556,3.472,1.39570380916667,3.472
1.39593640111111,3.461,1.39603236388889,3.472,1.39598196861111,3.472
1.396214375,3.461,1.39631059333333,3.472,1.39626019,3.472
1.39649198416667,3.461,1.39658847305556,3.472,1.39653813166667,3.472
1.39676979444444,3.461,1.39686638805556,3.472,1.39681601416667,3.472
1.39704782416667,3.461,1.39714451638889,3.472,1.397093965,3.472
1.39732599333333,3.461,1.39742241138889,3.472,1.39737158666667,3.472
1.39760368055556,3.461,1.39770030777778,3.472,1.39764963138889,3.472
1.39788179194444,3.461,1.39797804194444,3.472,1.39792808722222,3.472
1.39815940027778,3.461,1.39825646972222,3.472,1.39820590166667,3.472
1.39843727861111,3.461,1.39853388972222,3.472,1.39848387055556,3.472
1.39871543222222,3.461,1.39881156333333,3.472,1.39876157694444,3.482
1.39899314333333,3.461,1.39908955333333,3.472,1.399039785,3.472
1.39927125777778,3.461,1.39936758972222,3.472,1.39931772055556,3.472
1.3995488675,3.461,1.39964533111111,3.472,1.39959564527778,3.482
1.39982674944444,3.461,1.39992280444444,3.472,1.39987354694444,3.482
1.40010458083333,3.461,1.40020071888889,3.472,1.40015132138889,3.472
1.40038257388889,3.461,1.40047855194444,3.482,1.40042903472222,3.472
1.40066000555556,3.461,1.40075656833333,3.472,1.40070660833333,3.472
1.40093819222222,3.461,1.40103417555556,3.472,1.40098462611111,3.482
1.40121605222222,3.461,1.40131203194444,3.472,1.40126245138889,3.472
1.40149411416667,3.461,1.40159008722222,3.472,1.40154084972222,3.482
1.40177187388889,3.461,1.40186776472222,3.472,1.40181847944444,3.472
1.40204970916667,3.461,1.40214557944444,3.472,1.40209628694444,3.472
1.40232757444444,3.461,1.40242331861111,3.472,1.40237413722222,3.472
1.40260543611111,3.461,1.40270098527778,3.472,1.40265185833333,3.472
1.40288341277778,3.461,1.40297883138889,3.472,1.40292975138889,3.472
1.40316110138889,3.461,1.40325654111111,3.472,1.4032076975,3.472
1.40343912555556,3.461,1.40353438166667,3.482,1.40348562416667,3.482
1.40371694055556,3.461,1.40381287861111,3.472,1.40376311777778,3.472
1.40399469055556,3.461,1.40409120166667,3.482,1.40404094861111,3.472
1.40427256111111,3.461,1.40436854277778,3.472,1.40431871277778,3.472
1.40455032333333,3.461,1.40464673527778,3.472,1.40459675944444,3.472
1.40482847611111,3.461,1.40492442388889,3.472,1.40487467916667,3.472
1.40510635583333,3.461,1.4052022475,3.472,1.40515233611111,3.472
1.40538473277778,3.461,1.40547969861111,3.472,1.405429955,3.472
1.40566256111111,3.461,1.40575779583333,3.472,1.405708095,3.472
1.405940305,3.461,1.40603538611111,3.472,1.4059855425,3.472
1.4062181425,3.461,1.40631298194444,3.472,1.40626368361111,3.482
1.40649568305556,3.461,1.40659115916667,3.472,1.40654157638889,3.472
1.40677378305556,3.461,1.40686899027778,3.472,1.40681938777778,3.472
1.40705138,3.461,1.40714706916667,3.472,1.40709753083333,3.482
1.407329855,3.461,1.40742541472222,3.472,1.40737536694444,3.482
1.40760795583333,3.461,1.40770268611111,3.472,1.40765308361111,3.472
1.40788571527778,3.461,1.40798072166667,3.472,1.40793076888889,3.472
1.40816357,3.461,1.40825867083333,3.472,1.40820870944444,3.482
1.40844142805556,3.461,1.40853627777778,3.472,1.40848669166667,3.472
1.40871887888889,3.461,1.40881443583333,3.472,1.40876440944444,3.482
1.40899706972222,3.461,1.40909251583333,3.472,1.40904249222222,3.482
1.40927470833333,3.461,1.40937073694444,3.482,1.40931993,3.482
1.40955265833333,3.461,1.40964868472222,3.472,1.40959834138889,3.482
1.40983070388889,3.461,1.40992614111111,3.472,1.40987610472222,3.482
1.41010831861111,3.461,1.41020405222222,3.472,1.41015378888889,3.472
1.41038616916667,3.461,1.41048239833333,3.472,1.41043140611111,3.472
1.4106641625,3.461,1.4107603175,3.472,1.41070943111111,3.472
1.41094216694444,3.461,1.41103816166667,3.472,1.41098749777778,3.472
1.41122000472222,3.461,1.41131624666667,3.472,1.41126531666667,3.472
1.41149780416667,3.461,1.41159402861111,3.472,1.411542875,3.482
1.41177580305556,3.461,1.41187198166667,3.472,1.41182087611111,3.482
1.41205367222222,3.461,1.412149825,3.472,1.41209900944444,3.482
1.41233184611111,3.461,1.41242742416667,3.472,1.41237736277778,3.482
1.41260953861111,3.461,1.41270583,3.472,1.41265539444444,3.482
1.41288735083333,3.461,1.41298357416667,3.482,1.41293341611111,3.472
1.41316502722222,3.461,1.41326174055556,3.472,1.4132116,3.482
1.41344311388889,3.461,1.41353928666667,3.482,1.41348935305556,3.482
1.41372080027778,3.461,1.41381712583333,3.482,1.41376721333333,3.482
1.41399879166667,3.461,1.41409488166667,3.472,1.41404478472222,3.482
1.41427654472222,3.461,1.41437288138889,3.472,1.41432264944444,3.482
1.41455422305556,3.461,1.41465047333333,3.482,1.41460022722222,3.482
1.41483176305556,3.461,1.41492840166667,3.472,1.41487800333333,3.482
1.41510964333333,3.461,1.41520604055556,3.472,1.41515617194444,3.482
1.41538768833333,3.461,1.41548416638889,3.472,1.41543381416667,3.482
1.41566526111111,3.461,1.41576198888889,3.472,1.41571165805556,3.482
1.41594318444444,3.461,1.41603976055556,3.472,1.41598935944444,3.482
1.41622127888889,3.461,1.416317135,3.482,1.41626734444444,3.472
1.41649886777778,3.461,1.41659560833333,3.482,1.41654505916667,3.482
1.41677733194444,3.461,1.41687333916667,3.472,1.41682292444444,3.482
1.41705523944444,3.461,1.41715120527778,3.472,1.41710057805556,3.482
1.41733279972222,3.461,1.4174292375,3.482,1.41737844972222,3.482
1.41761064416667,3.461,1.41770688055556,3.482,1.41765625138889,3.482
1.41788837888889,3.461,1.4179848325,3.472,1.41793414111111,3.482
1.41816658305556,3.461,1.41826274388889,3.472,1.4182119375,3.482
1.41844392388889,3.461,1.41854036166667,3.482,1.41848968472222,3.482
1.418721665,3.461,1.41881835194444,3.482,1.41876754138889,3.482
1.41900002472222,3.461,1.41909618638889,3.472,1.41904599083333,3.482
1.41927778416667,3.461,1.419373795,3.472,1.41932395972222,3.482
1.41955567638889,3.461,1.41965213027778,3.482,1.41960174638889,3.482
1.41983348027778,3.472,1.41993032361111,3.482,1.41987958583333,3.482
1.42011107527778,3.472,1.42020817361111,3.472,1.42015734027778,3.482
1.42038888472222,3.461,1.42048648166667,3.472,1.42043563111111,3.482
1.42066668333333,3.472,1.42076407083333,3.472,1.42071321055556,3.482
1.42094427472222,3.461,1.4210418,3.482,1.42099153694444,3.482
1.42122234777778,3.461,1.42131936277778,3.482,1.42126948638889,3.482
1.42150028083333,3.461,1.42159729083333,3.472,1.42154713805556,3.482
1.42177820138889,3.461,1.42187544277778,3.472,1.42182526888889,3.482
1.42205618611111,3.472,1.42215364138889,3.472,1.42210289916667,3.482
1.42233378888889,3.461,1.42243150888889,3.482,1.42238093805556,3.482
1.42261162777778,3.472,1.42270961277778,3.472,1.42265875444444,3.482
1.42288950972222,3.461,1.42298744833333,3.472,1.42293705388889,3.482
1.4231673,3.472,1.42326537805556,3.482,1.42321458083333,3.482
1.42344503361111,3.461,1.42354309555556,3.482,1.42349216944444,3.482
1.42372291277778,3.461,1.42382128583333,3.482,1.42377019611111,3.482
1.42400090861111,3.461,1.42409914416667,3.472,1.42404834027778,3.482
1.42427876527778,3.461,1.42437685166667,3.482,1.42432614472222,3.482
1.42455690472222,3.461,1.4246546825,3.482,1.42460398055556,3.482
1.42483456361111,3.472,1.42493291305556,3.472,1.42488176027778,3.482
1.42511242027778,3.461,1.42521053972222,3.482,1.42515964833333,3.482
1.42539005833333,3.472,1.42548832416667,3.482,1.42543758388889,3.482
1.42566795416667,3.461,1.42576621916667,3.482,1.42571536527778,3.482
1.425945895,3.461,1.42604451638889,3.482,1.42599317861111,3.482
1.42622356527778,3.461,1.42632218027778,3.482,1.42627101833333,3.482
1.4265010975,3.461,1.42659994138889,3.482,1.42654845916667,3.482
1.42677953305556,3.472,1.42687757111111,3.482,1.42682673944444,3.482
1.42705710305556,3.461,1.42715548722222,3.482,1.42710446777778,3.482
1.42733515055556,3.461,1.42743344888889,3.482,1.42738257166667,3.482
1.42761302111111,3.461,1.42771118388889,3.472,1.42766007027778,3.482
1.42789111,3.472,1.42798953916667,3.482,1.42793842388889,3.482
1.42816907944444,3.472,1.42826711638889,3.482,1.42821619333333,3.482
1.42844665861111,3.472,1.42854489416667,3.482,1.42849435166667,3.482
1.42872421111111,3.472,1.42882312805556,3.482,1.42877233638889,3.482
1.42900239277778,3.472,1.42910075055556,3.482,1.42905035555556,3.482
1.42928011833333,3.461,1.4293787825,3.482,1.42932843666667,3.482
1.42955747138889,3.461,1.42965674166667,3.482,1.42960625722222,3.482
1.42983534083333,3.472,1.42993461305556,3.482,1.42988421361111,3.482
1.43011306444444,3.461,1.430212685,3.482,1.43016192138889,3.482
1.43039082861111,3.472,1.43049090111111,3.482,1.43043975861111,3.482
1.43066892972222,3.461,1.43076828305556,3.482,1.43071744861111,3.482
1.43094635972222,3.461,1.43104639222222,3.482,1.43099534222222,3.482
1.43122471388889,3.461,1.43132424722222,3.482,1.43127315194444,3.482
1.43150248527778,3.472,1.43160206166667,3.472,1.43155073555556,3.482
1.43178064694444,3.461,1.43187961277778,3.482,1.43182896388889,3.482
1.43205863527778,3.472,1.43215739805556,3.482,1.43210655305556,3.482
1.43233711166667,3.461,1.43243534361111,3.482,1.4323846375,3.482
1.43261472055556,3.472,1.43271288361111,3.482,1.43266234583333,3.482
1.43289245305556,3.461,1.43299091888889,3.482,1.43294051611111,3.482
1.43317034555556,3.461,1.43326890111111,3.482,1.43321830416667,3.482
1.43344813055556,3.461,1.43354674083333,3.482,1.4334959725,3.482
1.43372577722222,3.472,1.43382431027778,3.482,1.43377417027778,3.482
1.43400364388889,3.461,1.43410221416667,3.482,1.43405185083333,3.482
1.43428148583333,3.461,1.43438011055556,3.482,1.43432957277778,3.482
1.43455915805556,3.461,1.43465767972222,3.482,1.43460708472222,3.482
1.43483708777778,3.472,1.43493598083333,3.482,1.43488514222222,3.482
1.43511481305556,3.472,1.43521387416667,3.482,1.435162705,3.482
1.43539256916667,3.472,1.43549158944444,3.482,1.43544073944444,3.482
1.43567051194444,3.472,1.4357696275,3.482,1.43571837638889,3.482
1.43594816333333,3.472,1.43604788083333,3.482,1.43599666,3.482
1.436225835,3.472,1.43632544305556,3.482,1.43627416472222,3.482
1.43650387638889,3.472,1.43660353277778,3.482,1.43655216083333,3.482
1.43678211527778,3.472,1.43688141222222,3.482,1.436829915,3.482
1.43705989944444,3.472,1.43715909833333,3.482,1.43710784138889,3.482
1.43733791305556,3.461,1.43743745555556,3.482,1.43738559111111,3.482
1.43761554305556,3.472,1.43771536444444,3.482,1.43766319888889,3.482
1.43789330555556,3.472,1.43799316361111,3.482,1.43794117444444,3.482
1.43817156777778,3.461,1.43827056444444,3.482,1.43821884888889,3.482
1.4384494125,3.472,1.43854874916667,3.482,1.43849688361111,3.482
1.43872726305556,3.472,1.43882693277778,3.482,1.43877494361111,3.482
1.43900530722222,3.472,1.43910443777778,3.482,1.43905265222222,3.482
1.43928322472222,3.461,1.43938244194444,3.482,1.43933045916667,3.482
1.43956109611111,3.472,1.43966039611111,3.482,1.43960828444444,3.482
1.43983884138889,3.461,1.43993801333333,3.482,1.43988654972222,3.482
1.44011665666667,3.472,1.44021584638889,3.482,1.440164535,3.482
1.44039467166667,3.472,1.44049407027778,3.482,1.44044209333333,3.482
1.44067222083333,3.472,1.44077171277778,3.482,1.44071964944444,3.482
1.44095041722222,3.472,1.44104990277778,3.482,1.44099799805556,3.482
1.44122816361111,3.472,1.44132744555556,3.482,1.44127606555556,3.482
1.44150582083333,3.472,1.44160568,3.482,1.44155408777778,3.482
1.44178426638889,3.472,1.44188328194444,3.482,1.44183185416667,3.482
1.44206204388889,3.472,1.44216090805556,3.482,1.4421101125,3.482
1.44233980833333,3.472,1.44243889111111,3.482,1.44238774361111,3.482
1.442617585,3.472,1.44271654805556,3.482,1.44266586111111,3.482
1.4428953275,3.472,1.44299492861111,3.482,1.44294356805556,3.482
1.4431731425,3.472,1.44327265583333,3.482,1.44322129916667,3.482
1.44345099777778,3.472,1.44355064555556,3.482,1.44349907416667,3.482
1.44372847194444,3.472,1.44382830027778,3.482,1.44377684138889,3.482
1.44400642416667,3.472,1.44410579972222,3.482,1.44405516777778,3.482
1.44428411444444,3.472,1.44438407055556,3.482,1.44433275944444,3.482
1.44456199083333,3.472,1.44466211027778,3.482,1.44461085638889,3.482
1.44483995805556,3.472,1.44493960444444,3.482,1.44488892361111,3.482
1.44511810333333,3.472,1.44521734333333,3.482,1.44516668583333,3.482
1.44539615277778,3.472,1.44549574833333,3.482,1.44544463111111,3.482
1.44567412472222,3.472,1.44577358972222,3.482,1.44572243861111,3.482
1.44595164833333,3.461,1.44605105194444,3.482,1.44600032388889,3.482
1.44622977416667,3.472,1.44632929472222,3.482,1.44627867916667,3.482
1.44650826,3.472,1.44660695944444,3.482,1.44655663083333,3.482
1.44678599055556,3.472,1.44688473555556,3.482,1.44683456444444,3.482
1.44706394222222,3.472,1.44716218194444,3.482,1.44711212388889,3.482
1.44734190055556,3.472,1.44744001833333,3.482,1.44739027555556,3.482
1.44761952083333,3.472,1.44771840861111,3.482,1.44766832527778,3.482
1.4478976575,3.472,1.44799609555556,3.482,1.44794614833333,3.482
1.44817548944444,3.472,1.44827377861111,3.482,1.44822401777778,3.482
1.44845338527778,3.472,1.44855161055556,3.482,1.448501945,3.482
1.44873121138889,3.472,1.44882948861111,3.482,1.44877938194444,3.482
1.44900910166667,3.472,1.44910740194444,3.482,1.44905755055556,3.482
1.44928707194444,3.472,1.44938546972222,3.482,1.44933537083333,3.482
1.44956446333333,3.472,1.44966338888889,3.482,1.44961294166667,3.482
1.44984259972222,3.472,1.44994082416667,3.482,1.44989100166667,3.482
1.45012050166667,3.472,1.450218495,3.482,1.45016877972222,3.482
1.450398515,3.472,1.45049678722222,3.482,1.45044668083333,3.482
1.45067620027778,3.472,1.45077447583333,3.482,1.45072486916667,3.482
1.45095454222222,3.472,1.4510522,3.482,1.45100294361111,3.482
1.45123226555556,3.472,1.45133031694444,3.482,1.45128089361111,3.482
1.45151035527778,3.472,1.45160794444444,3.482,1.45155879972222,3.482
1.45178793555556,3.472,1.45188604444444,3.482,1.45183676805556,3.482
1.45206627638889,3.472,1.45216399666667,3.482,1.4521143475,3.482
1.45234406777778,3.472,1.45244163861111,3.482,1.45239228833333,3.482
1.45262161,3.472,1.4527194,3.482,1.45267023138889,3.482
1.45289944944444,3.472,1.452997275,3.482,1.45294774527778,3.482
1.45317742333333,3.472,1.45327486916667,3.482,1.45322581166667,3.482
1.45345549138889,3.472,1.45355291388889,3.482,1.45350368527778,3.482
1.45373341305556,3.472,1.45383056861111,3.482,1.45378164444444,3.482
1.45401148388889,3.472,1.45410885388889,3.482,1.45405923472222,3.482
1.45428943694444,3.472,1.45438638583333,3.482,1.45433727416667,3.482
1.45456723527778,3.472,1.45466444972222,3.482,1.45461495694444,3.482
1.45484517388889,3.472,1.45494215361111,3.482,1.45489280833333,3.492
1.45512285722222,3.472,1.45521978222222,3.482,1.45517025472222,3.482
1.45540114083333,3.472,1.45549792888889,3.482,1.45544815138889,3.482
1.45567867666667,3.472,1.45577597916667,3.482,1.45572619361111,3.482
1.45595689722222,3.472,1.45605379388889,3.482,1.45600372277778,3.492
1.45623491305556,3.472,1.45633160416667,3.482,1.45628181527778,3.482
1.456512745,3.472,1.45660942888889,3.482,1.45655957194444,3.482
1.45679102194444,3.472,1.45688732166667,3.482,1.45683712833333,3.482
1.45706883527778,3.472,1.45716532027778,3.482,1.45711539194444,3.482
1.45734688083333,3.472,1.45744307361111,3.482,1.45739298777778,3.482
1.45762456333333,3.472,1.45772049833333,3.482,1.45767118583333,3.482
1.45790217222222,3.472,1.45799843,3.482,1.45794894861111,3.482
1.45818012916667,3.472,1.458276535,3.482,1.45822673638889,3.492
1.45845791638889,3.472,1.45855467722222,3.482,1.45850460583333,3.482
1.45873607666667,3.472,1.45883243916667,3.482,1.45878230055556,3.482
1.45901412222222,3.472,1.45911001833333,3.482,1.45906029277778,3.492
1.45929200388889,3.472,1.459388125,3.482,1.45933824944444,3.492
1.45956995888889,3.472,1.4596658775,3.482,1.45961641111111,3.482
1.4598479825,3.472,1.45994350305556,3.482,1.45989462138889,3.482
1.46012558527778,3.472,1.46022153277778,3.482,1.46017262888889,3.482
1.46040334333333,3.472,1.4604994925,3.482,1.46045066472222,3.482
1.46068147833333,3.472,1.46077701666667,3.492,1.46072872722222,3.492
1.46095930916667,3.472,1.46105496083333,3.482,1.46100641888889,3.482
1.46123724277778,3.472,1.46133278944444,3.482,1.46128425472222,3.492
1.461514915,3.472,1.46161019638889,3.482,1.46156212055556,3.482
1.46179291444444,3.472,1.46188812444444,3.482,1.46183990333333,3.482
1.46207078555556,3.472,1.46216616722222,3.482,1.46211737083333,3.482
1.46234913472222,3.472,1.4624435625,3.492,1.46239565527778,3.492
1.46262671222222,3.472,1.46272177361111,3.482,1.46267344805556,3.482
1.46290465333333,3.472,1.4629997475,3.492,1.46295098555556,3.492
1.46318260055556,3.472,1.46327751166667,3.492,1.46322888416667,3.492
1.46346047,3.472,1.46355511361111,3.482,1.46350676416667,3.492
1.46373828416667,3.472,1.46383296277778,3.492,1.46378463916667,3.482
1.4640165575,3.472,1.46411089638889,3.482,1.46406243444444,3.492
1.46429436972222,3.482,1.46438924555556,3.482,1.46434044222222,3.492
1.46457184583333,3.472,1.46466678194444,3.482,1.46461813305556,3.492
1.46484983527778,3.472,1.46494477027778,3.482,1.46489618027778,3.482
1.46512779277778,3.472,1.465222365,3.482,1.4651738225,3.482
1.46540580833333,3.472,1.46550024166667,3.482,1.46545157611111,3.482
1.46568344722222,3.472,1.46577848444444,3.492,1.46572969583333,3.492
1.46596116777778,3.472,1.46605591638889,3.482,1.46600747638889,3.492
1.46623886055556,3.472,1.466333805,3.482,1.46628520111111,3.492
1.46651701138889,3.472,1.46661204083333,3.492,1.46656312305556,3.492
1.46679482527778,3.472,1.46688981638889,3.492,1.46684069333333,3.492
1.46707246305556,3.472,1.46716756083333,3.492,1.46711884,3.492
1.467350155,3.472,1.46744550194444,3.492,1.46739669833333,3.492
1.46762817694444,3.472,1.46772314361111,3.492,1.46767442861111,3.482
1.46790607416667,3.472,1.46800081361111,3.492,1.4679522925,3.492
1.46818427805556,3.472,1.46827903555556,3.492,1.46822995583333,3.492
1.46846201361111,3.472,1.46855699277778,3.482,1.46850788861111,3.492
1.46873959527778,3.472,1.46883462444444,3.492,1.46878564611111,3.492
1.46901774027778,3.472,1.46911256416667,3.492,1.46906315944444,3.492
1.46929533555556,3.482,1.46939021388889,3.492,1.46934146694444,3.492
1.46957354972222,3.472,1.469668435,3.482,1.46961906388889,3.492
1.46985123527778,3.472,1.46994638833333,3.492,1.46989716138889,3.492
1.470129045,3.472,1.47022409944444,3.492,1.47017491722222,3.492
1.47040715916667,3.472,1.47050200444444,3.492,1.47045303027778,3.492
1.47068505972222,3.472,1.47078004305556,3.492,1.47073082944444,3.492
1.47096307527778,3.472,1.47105749777778,3.492,1.47100852194444,3.492
1.47124094611111,3.482,1.47133556444444,3.492,1.47128636722222,3.492
1.47151858472222,3.472,1.47161327472222,3.492,1.47156374138889,3.492
1.47179627277778,3.472,1.47189119027778,3.492,1.47184213694444,3.492
1.47207444111111,3.472,1.47216889833333,3.482,1.47211968027778,3.492
1.47235191638889,3.472,1.47244676166667,3.492,1.47239782055556,3.492
1.47262996027778,3.472,1.47272470055556,3.492,1.47267593027778,3.492
1.47290767111111,3.472,1.47300217166667,3.482,1.47295356361111,3.492
1.47318573138889,3.482,1.47328040638889,3.482,1.47323168944444,3.492
1.47346321944444,3.482,1.47355800583333,3.492,1.47350928638889,3.492
1.47374079777778,3.472,1.47383592722222,3.492,1.47378752805556,3.492
1.47401925194444,3.472,1.47411353277778,3.492,1.47406519611111,3.492
1.47429704888889,3.472,1.47439166722222,3.492,1.47434300888889,3.492
1.47457518666667,3.472,1.47466968305556,3.492,1.47462111444444,3.492
1.47485286027778,3.472,1.474947155,3.492,1.47489883583333,3.492
1.47513073638889,3.482,1.47522501666667,3.492,1.47517668611111,3.492
1.47540886055556,3.482,1.47550318527778,3.492,1.47545451138889,3.492
1.47568681361111,3.472,1.47578114972222,3.482,1.47573206833333,3.492
1.4759651,3.482,1.47605889638889,3.492,1.47600987166667,3.492
1.47624253638889,3.482,1.47633664666667,3.492,1.47628822027778,3.492
1.47652075222222,3.482,1.47661484888889,3.482,1.47656611277778,3.492
1.47679850916667,3.472,1.47689270444444,3.492,1.47684420138889,3.492
1.47707599083333,3.472,1.47717089138889,3.492,1.47712185222222,3.492
1.47735394472222,3.482,1.47744858833333,3.492,1.47739963833333,3.492
1.47763203833333,3.472,1.47772675777778,3.492,1.47767788166667,3.492
1.4779095825,3.472,1.47800439027778,3.492,1.47795539944444,3.492
1.47818796777778,3.482,1.47828183722222,3.492,1.47823361,3.492
1.47846527361111,3.482,1.47855967027778,3.492,1.47851137555556,3.492
1.47874380305556,3.472,1.47883772777778,3.492,1.47878926388889,3.492
1.479021205,3.482,1.47911540638889,3.492,1.47906693555556,3.492
1.47929907416667,3.472,1.47939328583333,3.492,1.47934481833333,3.492
1.47957707305556,3.482,1.47967087277778,3.492,1.4796224125,3.492
1.47985442583333,3.472,1.47994912611111,3.492,1.47990078527778,3.492
1.48013248638889,3.472,1.48022709583333,3.492,1.48017853416667,3.492
1.48041059055556,3.482,1.48050469916667,3.492,1.48045650083333,3.492
1.4806884175,3.482,1.48078258111111,3.492,1.48073441833333,3.492
1.480966045,3.482,1.48105994388889,3.492,1.48101217,3.492
1.48124433722222,3.472,1.48133779611111,3.492,1.48128975416667,3.492
1.48152211083333,3.482,1.48161606388889,3.492,1.48156738527778,3.492
1.48179971833333,3.482,1.48189408027778,3.492,1.48184530472222,3.492
1.48207799972222,3.482,1.4821720425,3.492,1.48212321083333,3.492
1.4823556375,3.472,1.48244956361111,3.492,1.48240130361111,3.492
1.4826333175,3.482,1.48272743333333,3.492,1.48267916083333,3.492
1.4829111975,3.482,1.4830053725,3.492,1.48295713722222,3.492
1.48318897527778,3.472,1.48328349055556,3.492,1.48323488583333,3.492
1.48346697166667,3.482,1.48356093416667,3.492,1.48351256166667,3.492
1.48374474666667,3.472,1.48383889666667,3.492,1.48379044638889,3.492
1.48402282833333,3.482,1.48411644611111,3.492,1.48406829527778,3.492
1.48430074916667,3.482,1.48439439861111,3.492,1.48434569916667,3.492
1.48457807027778,3.472,1.48467228777778,3.492,1.48462392166667,3.492
1.48485652194444,3.472,1.48495038666667,3.492,1.48490162777778,3.492
1.48513415861111,3.472,1.485228295,3.492,1.48517977638889,3.492
1.48541207166667,3.482,1.48550616833333,3.492,1.48545749444444,3.492
1.485690205,3.482,1.48578390388889,3.492,1.4857355575,3.492
1.48596769027778,3.482,1.48606137805556,3.492,1.48601331361111,3.492
1.48624575166667,3.482,1.48633917333333,3.492,1.48629110944444,3.492
1.48652382888889,3.482,1.48661738583333,3.492,1.486568795,3.492
1.48680154638889,3.482,1.48689534972222,3.492,1.48684703111111,3.492
1.48707918277778,3.482,1.48717301333333,3.492,1.48712505944444,3.492
1.48735702305556,3.482,1.48745075083333,3.492,1.48740282527778,3.492
1.48763475333333,3.482,1.48772863916667,3.492,1.48768048611111,3.492
1.48791225527778,3.482,1.488006275,3.492,1.48795856555556,3.492
1.4881903575,3.482,1.48828447583333,3.492,1.48823643972222,3.492
1.48846809277778,3.482,1.488562195,3.492,1.48851426722222,3.492
1.48874600861111,3.482,1.48884049194444,3.492,1.48879189444444,3.492
1.48902341638889,3.482,1.48911864388889,3.492,1.48906974083333,3.492
1.48930151194444,3.482,1.48939619805556,3.492,1.4893473575,3.492
1.489579345,3.482,1.4896743475,3.492,1.48962519777778,3.492
1.48985698611111,3.482,1.48995231138889,3.492,1.48990291361111,3.492
1.4901348025,3.482,1.49022997277778,3.492,1.49018124944444,3.492
1.49041249472222,3.482,1.49050816861111,3.492,1.49045888583333,3.492
1.49069037,3.482,1.49078585222222,3.492,1.49073666638889,3.492
1.49096822444444,3.482,1.49106375888889,3.492,1.491014835,3.492
1.49124580944444,3.482,1.49134171305556,3.492,1.49129251083333,3.492
1.49152360638889,3.482,1.49161937583333,3.492,1.49157034305556,3.492
1.49180117361111,3.482,1.49189733111111,3.492,1.49184819194444,3.492
1.49207897611111,3.482,1.49217560972222,3.492,1.49212621472222,3.492
1.49235728194444,3.482,1.49245340361111,3.492,1.49240415638889,3.492
1.49263504444444,3.482,1.49273133138889,3.492,1.49268193472222,3.492
1.49291301083333,3.482,1.49300920472222,3.492,1.49295976583333,3.492
1.4931911275,3.482,1.49328685944444,3.492,1.49323753888889,3.492
1.49346883944444,3.482,1.4935648725,3.492,1.49351513194444,3.492
1.49374664722222,3.482,1.49384304222222,3.492,1.49379332638889,3.492
1.49402451888889,3.482,1.49412094277778,3.492,1.49407070111111,3.492
1.49430251722222,3.482,1.49439824805556,3.492,1.49434864,3.492
1.4945805125,3.482,1.49467653777778,3.492,1.49462661388889,3.492
1.49485860333333,3.482,1.49495455166667,3.492,1.49490454416667,3.492
1.49513603277778,3.482,1.49523254583333,3.492,1.49518180277778,3.492
1.49541439305556,3.482,1.49551007472222,3.492,1.49546013305556,3.492
1.49569196694444,3.482,1.49578813388889,3.492,1.49573785416667,3.492
1.49596987055556,3.482,1.49606590638889,3.492,1.49601573222222,3.492
1.4962475025,3.482,1.49634358805556,3.492,1.49629387611111,3.492
1.49652531972222,3.482,1.49662117111111,3.492,1.49657173222222,3.492
1.49680327472222,3.482,1.49689913138889,3.492,1.4968495525,3.492
1.49708115611111,3.482,1.49717655611111,3.492,1.49712751277778,3.492
1.49735883722222,3.482,1.49745487,3.492,1.49740510861111,3.492
1.49763660833333,3.482,1.49773276805556,3.502,1.49768308972222,3.492
1.49791429527778,3.482,1.49801063583333,3.502,1.49796040833333,3.492
1.49819257583333,3.482,1.49828829361111,3.492,1.4982382775,3.492
1.49847034861111,3.482,1.49856588055556,3.502,1.49851622527778,3.492
1.49874846861111,3.482,1.49884400722222,3.492,1.49879400361111,3.492
1.49902656861111,3.482,1.49912202916667,3.492,1.49907206861111,3.492
1.49930438694444,3.482,1.49939944916667,3.502,1.49934998416667,3.502
1.49958205194444,3.482,1.49967730611111,3.492,1.49962788805556,3.492
1.49985975638889,3.482,1.49995493916667,3.492,1.49990621944444,3.502
1.50013752833333,3.482,1.50023343055556,3.492,1.50018378527778,3.492
1.50041520305556,3.482,1.50051120916667,3.492,1.50046154861111,3.492
1.50069303361111,3.482,1.50078858833333,3.502,1.50073953694444,3.492
1.50097118638889,3.482,1.50106658722222,3.492,1.50101724194444,3.502
1.50124889,3.482,1.50134424083333,3.502,1.50129546472222,3.492
1.50152674833333,3.482,1.50162219138889,3.502,1.50157345,3.492
1.50180458861111,3.482,1.50190007611111,3.502,1.50185137222222,3.492
1.50208232361111,3.482,1.5021778125,3.502,1.5021290875,3.492
1.50236013361111,3.482,1.50245526194444,3.492,1.50240698472222,3.492
1.50263832861111,3.482,1.50273343333333,3.502,1.50268429333333,3.502
1.50291600222222,3.482,1.50301118583333,3.502,1.50296207444444,3.492
1.5031943375,3.482,1.5032891475,3.502,1.50324056666667,3.492
1.50347218,3.482,1.50356723083333,3.502,1.50351795583333,3.492
1.50374998777778,3.482,1.503845265,3.502,1.503795815,3.492
1.50402811583333,3.482,1.50412337972222,3.502,1.50407354027778,3.492
1.50430613194444,3.482,1.50440115611111,3.492,1.50435164611111,3.492
1.50458444,3.482,1.50467915388889,3.502,1.50462983944444,3.502
1.50486240027778,3.482,1.50495658055556,3.502,1.50490777888889,3.492
1.50514017444444,3.482,1.50523449916667,3.502,1.50518560916667,3.492
1.50541819527778,3.482,1.50551279361111,3.502,1.50546347027778,3.492
1.50569600833333,3.482,1.50579062444444,3.502,1.50574143027778,3.502
1.50597399861111,3.482,1.50606824722222,3.502,1.50601896416667,3.492
1.50625195305556,3.482,1.50634619416667,3.502,1.50629666083333,3.492
1.50652977777778,3.482,1.50662400472222,3.502,1.50657503055556,3.502
1.50680766972222,3.482,1.50690152416667,3.502,1.50685275527778,3.492
1.50708542972222,3.482,1.50717951722222,3.502,1.50713060472222,3.502
1.50736314666667,3.482,1.50745741861111,3.502,1.50740799888889,3.502
1.50764121888889,3.482,1.5077356,3.502,1.507686385,3.502
1.50791896916667,3.482,1.50801329083333,3.502,1.50796443694444,3.492
1.50819706333333,3.482,1.50829106388889,3.502,1.50824219444444,3.502
1.50847451305556,3.482,1.50856897444444,3.502,1.50852007833333,3.502
1.508752435,3.482,1.50884669527778,3.502,1.50879778111111,3.492
1.50903028388889,3.482,1.5091246775,3.502,1.50907570611111,3.502
1.50930864527778,3.482,1.50940245527778,3.502,1.50935366472222,3.502
1.50958666333333,3.482,1.50968031388889,3.502,1.50963100611111,3.502
1.50986466972222,3.482,1.5099577925,3.502,1.50990919944444,3.502
1.51014262305556,3.482,1.510235445,3.502,1.51018680805556,3.502
1.51042036166667,3.482,1.51051356944444,3.502,1.51046474666667,3.502
1.51069826388889,3.482,1.51079129805556,3.502,1.51074236472222,3.502
1.51097574194444,3.482,1.511069445,3.502,1.51102014944444,3.502
1.51125375805556,3.482,1.51134712861111,3.502,1.51129839111111,3.492
1.5115318425,3.482,1.51162516694444,3.502,1.51157635722222,3.502
1.51180946083333,3.482,1.5119029025,3.502,1.51185426583333,3.502
1.51208747222222,3.482,1.51218118944444,3.502,1.51213163861111,3.502
1.51236529361111,3.482,1.51245903027778,3.502,1.51240952027778,3.502
1.51264335111111,3.482,1.51273705277778,3.502,1.51268721277778,3.502
1.51292129861111,3.482,1.51301464361111,3.502,1.51296536361111,3.502
1.51319893777778,3.482,1.51329240472222,3.502,1.51324288888889,3.502
1.513476635,3.482,1.51357047111111,3.502,1.51352117944444,3.502
1.51375459,3.482,1.51384852083333,3.502,1.51379845416667,3.502
1.51403212861111,3.482,1.51412653388889,3.502,1.5140764025,3.492
1.51431014277778,3.482,1.51440455388889,3.502,1.51435448111111,3.502
1.51458798055556,3.482,1.51468263944444,3.502,1.51463222805556,3.502
1.51486593972222,3.482,1.51496044583333,3.502,1.51491011861111,3.502
1.51514357222222,3.482,1.51523829805556,3.502,1.51518806611111,3.502
1.51542155416667,3.482,1.51551586972222,3.502,1.51546622916667,3.502
1.51569897,3.482,1.51579378472222,3.502,1.51574390055556,3.502
1.51597681888889,3.482,1.51607175972222,3.502,1.51602163972222,3.502
1.51625465,3.482,1.51634930833333,3.502,1.51629951472222,3.502
1.516532665,3.482,1.51662726083333,3.502,1.51657729111111,3.502
1.51681011694444,3.492,1.51690499416667,3.502,1.51685535611111,3.502
1.51708806527778,3.492,1.51718246,3.502,1.51713290694444,3.502
1.51736633416667,3.482,1.51746021388889,3.502,1.51741094277778,3.502
1.51764425444444,3.482,1.517738735,3.502,1.51768900277778,3.502
1.51792211166667,3.482,1.51801664666667,3.512,1.51796677333333,3.502
1.51820000722222,3.482,1.51829467472222,3.502,1.51824467916667,3.502
1.518477695,3.482,1.51857236166667,3.502,1.51852216361111,3.502
1.51875555,3.482,1.518850265,3.502,1.5187999425,3.502
1.51903342472222,3.482,1.51912807944444,3.512,1.51907787305556,3.502
1.51931087666667,3.482,1.51940620527778,3.502,1.51935568305556,3.502
1.51958862305556,3.492,1.51968411027778,3.502,1.51963365166667,3.502
1.51986679555556,3.482,1.51996201083333,3.512,1.51991162638889,3.502
1.52014492277778,3.492,1.52024011055556,3.502,1.52018967916667,3.502
1.52042298944444,3.482,1.52051782833333,3.502,1.52046716833333,3.502
1.52070052,3.492,1.52079568361111,3.502,1.52074540805556,3.502
1.52097877638889,3.482,1.52107366166667,3.512,1.52102296861111,3.502
1.52125638972222,3.492,1.52135178722222,3.502,1.52130071722222,3.502
1.52153479666667,3.482,1.52162963027778,3.502,1.52157895472222,3.502
1.52181221055556,3.492,1.52190737388889,3.512,1.52185666111111,3.502
1.52209052833333,3.492,1.52218517388889,3.502,1.52213422638889,3.502
1.52236838777778,3.482,1.5224630175,3.502,1.52241230805556,3.502
1.5226461975,3.482,1.52274054777778,3.512,1.52269005583333,3.502
1.52292418666667,3.482,1.52301820916667,3.502,1.52296775111111,3.502
1.52320207527778,3.492,1.52329642277778,3.512,1.52324610083333,3.502
1.52347965722222,3.492,1.52357438944444,3.502,1.52352374555556,3.502
1.52375719305556,3.492,1.52385185888889,3.512,1.52380181555556,3.502
1.52403563888889,3.492,1.52413036666667,3.512,1.52407998861111,3.502
1.52431350388889,3.482,1.52440833666667,3.512,1.52435736472222,3.512
1.52459115583333,3.482,1.52468596277778,3.512,1.52463562777778,3.502
1.52486935,3.482,1.52496386361111,3.512,1.52491328777778,3.502
1.52514700611111,3.492,1.52524173166667,3.512,1.5251911275,3.502
1.52542496583333,3.492,1.52551994611111,3.512,1.52546903694444,3.502
1.52570290972222,3.482,1.52579767583333,3.512,1.52574687361111,3.502
1.52598060722222,3.492,1.52607579111111,3.512,1.52602507583333,3.502
1.52625826972222,3.492,1.52635358805556,3.512,1.52630305055556,3.502
1.52653628833333,3.492,1.52663166611111,3.512,1.52658101611111,3.502
1.52681389388889,3.492,1.52690939111111,3.512,1.52685886916667,3.502
1.52709202416667,3.482,1.52718725527778,3.512,1.52713659166667,3.502
1.52736979583333,3.492,1.52746502583333,3.512,1.52741436944444,3.502
1.5276475625,3.492,1.52774271333333,3.512,1.52769235027778,3.502
1.52792549972222,3.492,1.52802055722222,3.512,1.52797028138889,3.502
1.5282029575,3.492,1.52829853972222,3.512,1.52824775472222,3.512
1.52848096527778,3.492,1.52857645972222,3.512,1.52852540833333,3.502
1.52875882388889,3.492,1.5288541325,3.512,1.52880364722222,3.502
1.52903641611111,3.492,1.52913188833333,3.512,1.52908125333333,3.502
1.52931460083333,3.492,1.52940994,3.512,1.52935888583333,3.502
1.5295923825,3.492,1.52968769611111,3.512,1.52963699527778,3.502
1.52987008694444,3.492,1.52996544305556,3.512,1.52991464555556,3.502
1.53014818333333,3.492,1.53024325722222,3.512,1.53019239722222,3.502
1.53042606777778,3.482,1.53052123,3.512,1.53047063861111,3.512
1.53070385166667,3.492,1.53079884722222,3.512,1.53074839083333,3.502
1.53098191888889,3.492,1.53107675555556,3.512,1.53102628388889,3.502
1.5312596625,3.492,1.53135443527778,3.512,1.53130442305556,3.502
1.53153727027778,3.492,1.53163236805556,3.512,1.5315822575,3.502
1.53181514583333,3.492,1.53191028944444,3.512,1.531859665,3.502
1.53209326611111,3.492,1.53218826861111,3.512,1.532137565,3.502
1.53237105416667,3.492,1.53246619722222,3.512,1.53241575222222,3.502
1.53264884222222,3.492,1.532743855,3.512,1.53269352972222,3.512
1.53292673722222,3.492,1.53302133805556,3.512,1.53297117833333,3.512
1.53320461083333,3.492,1.53329956361111,3.512,1.53324926388889,3.512
1.53348227444444,3.492,1.53357733666667,3.512,1.53352681472222,3.502
1.53376028472222,3.492,1.53385515861111,3.512,1.53380468333333,3.502
1.53403796388889,3.492,1.53413314472222,3.512,1.53408260833333,3.502
1.53431580888889,3.492,1.53441071611111,3.523,1.53436082138889,3.512
1.53459396916667,3.492,1.53468852694444,3.512,1.5346384675,3.512
1.53487164277778,3.492,1.53496627055556,3.512,1.53491641416667,3.502
1.53514968861111,3.492,1.53524428583333,3.512,1.53519413055556,3.502
1.53542747833333,3.492,1.53552188833333,3.512,1.53547194444444,3.512
1.53570531305556,3.492,1.53580005888889,3.512,1.53574972055556,3.512
1.53598382277778,3.492,1.53607770972222,3.523,1.53602746055556,3.502
1.53626154333333,3.492,1.53635599444444,3.512,1.53630523583333,3.512
1.53653932888889,3.492,1.53663371972222,3.523,1.53658294611111,3.512
1.53681715111111,3.492,1.53691158638889,3.523,1.53686090472222,3.512
1.53709479722222,3.492,1.53718937111111,3.523,1.53713864277778,3.512
1.53737254777778,3.492,1.53746724027778,3.523,1.5374162425,3.512
1.53765058638889,3.492,1.53774555805556,3.512,1.53769441388889,3.512
1.53792810611111,3.492,1.53802367222222,3.512,1.53797194861111,3.512
1.53820649944444,3.492,1.53830126611111,3.512,1.53824960527778,3.512
1.53848437944444,3.492,1.53857896805556,3.523,1.53852770861111,3.512
1.538762295,3.492,1.53885686916667,3.523,1.53880518666667,3.512
1.53904023305556,3.492,1.53913475305556,3.523,1.53908334083333,3.512
1.53931811527778,3.492,1.53941244972222,3.523,1.53936104305556,3.512
1.53959599444444,3.492,1.53969011888889,3.523,1.53963857305556,3.512
1.53987384472222,3.492,1.53996809722222,3.523,1.53991623333333,3.512
1.54015187666667,3.492,1.54024589388889,3.523,1.54019437166667,3.512
1.54042957305556,3.492,1.54052350555556,3.523,1.54047210833333,3.512
1.54070719361111,3.492,1.54080129055556,3.523,1.54074987055556,3.512
1.54098522722222,3.492,1.54107913277778,3.523,1.54102775111111,3.512
1.54126309361111,3.492,1.54135719027778,3.523,1.54130568194444,3.512
1.54154093111111,3.492,1.54163487277778,3.523,1.54158329555556,3.512
1.54181860972222,3.492,1.54191264777778,3.523,1.54186138472222,3.512
1.54209667944444,3.492,1.5421905025,3.523,1.54213894138889,3.512
1.54237458694444,3.492,1.54246834361111,3.523,1.54241688861111,3.512
1.54265221472222,3.492,1.54274615916667,3.523,1.54269486805556,3.512
1.542929985,3.492,1.54302409527778,3.523,1.54297281583333,3.512
1.54320855611111,3.492,1.54330185361111,3.523,1.54325084638889,3.512
1.5434860825,3.492,1.5435796675,3.523,1.54352894833333,3.512
1.54376378444444,3.492,1.54385757777778,3.523,1.54380636361111,3.512
1.54404162166667,3.492,1.54413545472222,3.523,1.54408424833333,3.512
1.54431951888889,3.492,1.5444133625,3.523,1.54436219027778,3.512
1.54459698472222,3.492,1.54469099694444,3.523,1.54464067472222,3.512
1.54487496694444,3.492,1.54496889833333,3.523,1.54491823444444,3.512
1.54515287972222,3.492,1.54524634805556,3.533,1.54519628194444,3.512
1.5454310475,3.492,1.54552455361111,3.523,1.54547393027778,3.512
1.5457085825,3.492,1.54580243555556,3.523,1.54575203611111,3.512
1.54598657194444,3.492,1.54608047055556,3.523,1.54602973416667,3.512
1.546264245,3.492,1.54635869722222,3.523,1.54630746166667,3.512
1.54654204805556,3.492,1.54663701944444,3.533,1.54658508944444,3.512
1.54681996972222,3.492,1.54691462666667,3.523,1.54686332027778,3.512
1.547097865,3.492,1.54719251805556,3.533,1.54714105666667,3.512
1.5473758375,3.492,1.5474704475,3.523,1.54741867361111,3.512
1.54765371444444,3.492,1.54774839388889,3.523,1.54769654722222,3.512
1.54793187444444,3.492,1.54802626611111,3.533,1.54797437611111,3.512
1.54820950916667,3.492,1.54830377333333,3.533,1.5482520175,3.512
1.54848741222222,3.502,1.5485821375,3.533,1.54852999833333,3.512
1.54876501277778,3.492,1.54885991583333,3.533,1.54880757805556,3.512
1.54904280333333,3.492,1.54913775916667,3.533,1.54908592027778,3.512
1.54932095583333,3.502,1.5494158325,3.533,1.54936319972222,3.512
1.54959884166667,3.492,1.54969366138889,3.533,1.54964153305556,3.512
1.5498765925,3.492,1.54997104166667,3.533,1.54991965694444,3.512
1.55015449555556,3.492,1.55024920111111,3.533,1.55019750083333,3.512
1.55043244388889,3.492,1.55052664277778,3.533,1.55047530055556,3.512
1.55071047777778,3.492,1.55080473027778,3.533,1.55075304833333,3.523
1.55098816111111,3.492,1.55108251083333,3.533,1.55103082138889,3.523
1.55126613277778,3.502,1.55136065527778,3.533,1.55130844722222,3.523
1.55154393416667,3.492,1.55163813083333,3.533,1.55158620777778,3.512
1.55182194638889,3.492,1.55191611416667,3.533,1.55186417333333,3.512
1.55209986472222,3.492,1.55219389916667,3.533,1.55214180805556,3.523
1.55237758833333,3.492,1.55247131277778,3.533,1.55241961694444,3.523
1.55265533722222,3.492,1.55274939027778,3.533,1.55269709472222,3.512
1.55293355694444,3.492,1.55302729361111,3.533,1.55297556083333,3.523
1.55321118388889,3.502,1.55330492722222,3.533,1.55325317305556,3.523
1.55348888555556,3.502,1.55358244,3.533,1.55353124444444,3.523
1.55376656722222,3.492,1.5538605,3.533,1.55380913472222,3.512
1.55404447833333,3.492,1.55413822944444,3.533,1.55408693805556,3.523
1.55432221722222,3.502,1.55441645194444,3.533,1.55436480611111,3.523
1.55459980222222,3.502,1.55469405055556,3.533,1.55464269777778,3.523
1.55487800611111,3.492,1.55497159083333,3.533,1.55492037833333,3.523
1.55515559555556,3.502,1.55524938527778,3.533,1.55519854111111,3.523
1.55543330166667,3.492,1.55552778111111,3.533,1.555476395,3.523
1.55571137805556,3.502,1.55580561388889,3.533,1.55575419972222,3.523
1.55598931277778,3.502,1.55608301944444,3.543,1.55603207138889,3.523
1.55626742583333,3.492,1.55636115638889,3.533,1.55631014194444,3.523
1.55654527861111,3.502,1.55663880361111,3.533,1.55658833444444,3.523
1.55682319027778,3.492,1.55691671805556,3.533,1.55686594361111,3.523
1.55710059361111,3.502,1.55719435611111,3.533,1.55714400222222,3.523
1.55737874416667,3.502,1.55747191722222,3.533,1.55742165972222,3.523
1.55765663055556,3.502,1.55774996916667,3.533,1.55769906388889,3.523
1.55793453055556,3.502,1.55802791027778,3.543,1.55797705361111,3.523
1.55821207194444,3.502,1.55830569027778,3.543,1.55825520416667,3.523
1.55849016583333,3.502,1.55858321055556,3.533,1.55853291611111,3.523
1.55876817388889,3.502,1.55886150861111,3.533,1.55881092277778,3.523
1.55904606138889,3.502,1.55913931027778,3.533,1.55908890333333,3.523
1.55932358694444,3.502,1.55941713944444,3.533,1.55936667333333,3.523
1.55960201,3.502,1.55969525833333,3.543,1.55964446388889,3.523
1.55987978638889,3.502,1.55997298027778,3.543,1.55992214666667,3.523
1.5601579825,3.502,1.56025089777778,3.543,1.56020012611111,3.523
1.56043526916667,3.502,1.56052862388889,3.543,1.56047780805556,3.523
1.56071352166667,3.502,1.56080663833333,3.543,1.56075578666667,3.523
1.56099162833333,3.502,1.56108443194444,3.543,1.56103325555556,3.523
1.56126912861111,3.502,1.56136231833333,3.543,1.56131125972222,3.523
1.56154689388889,3.502,1.56164009722222,3.543,1.5615894525,3.523
1.56182492444444,3.502,1.561917875,3.543,1.56186719722222,3.523
1.56210246972222,3.502,1.56219614916667,3.543,1.5621447875,3.523
1.56238069972222,3.502,1.56247357166667,3.543,1.56242271416667,3.523
1.56265827166667,3.502,1.56275158138889,3.543,1.56270061055556,3.523
1.562936055,3.502,1.56302969944444,3.543,1.56297854916667,3.523
1.56321400194444,3.502,1.56330761194444,3.543,1.563256125,3.523
1.5634919275,3.502,1.56358561777778,3.543,1.56353428361111,3.533
1.56377022583333,3.502,1.56386333722222,3.543,1.56381255611111,3.523
1.564047475,3.502,1.56414098583333,3.543,1.56409027305556,3.523
1.5643259825,3.502,1.56441894166667,3.543,1.56436831055556,3.523
1.56460364555556,3.502,1.56469633694444,3.543,1.564646235,3.523
1.56488149944444,3.502,1.56497431583333,3.543,1.56492378027778,3.533
1.56515927361111,3.502,1.56525215583333,3.543,1.56520127694444,3.523
1.56543715861111,3.502,1.56553004416667,3.543,1.56547917944444,3.533
1.56571490861111,3.502,1.565807935,3.543,1.56575728416667,3.533
1.56599296027778,3.502,1.56608557527778,3.543,1.56603512805556,3.523
1.56627034472222,3.502,1.56636335222222,3.543,1.56631301138889,3.533
1.56654875666667,3.502,1.566641055,3.543,1.566590685,3.523
1.56682651305556,3.502,1.56691891805556,3.543,1.56686878333333,3.533
1.56710434527778,3.502,1.567196555,3.543,1.56714697611111,3.533
1.56738212916667,3.502,1.56747409277778,3.543,1.56742473805556,3.523
1.56766021861111,3.502,1.56775234083333,3.543,1.56770260111111,3.533
1.56793794722222,3.502,1.56803039472222,3.543,1.56798062222222,3.523
1.56821553861111,3.502,1.56830797805556,3.543,1.56825876722222,3.533
1.56849350416667,3.502,1.56858612277778,3.543,1.56853653944444,3.533
1.56877091611111,3.502,1.56886417083333,3.543,1.56881437944444,3.533
1.56904930777778,3.502,1.56914180861111,3.543,1.56909237083333,3.533
1.56932700472222,3.502,1.56941986888889,3.543,1.5693705725,3.523
1.56960487361111,3.502,1.56969762666667,3.543,1.56964819027778,3.533
1.56988254083333,3.502,1.56997514666667,3.543,1.56992618027778,3.533
1.57016030138889,3.502,1.5702530075,3.543,1.57020374361111,3.533
1.57043824,3.502,1.57053098694444,3.543,1.57048144888889,3.533
1.57071608194444,3.502,1.5708087975,3.543,1.57075925638889,3.533
1.57099433138889,3.502,1.57108626444444,3.543,1.57103715333333,3.533
1.57127194277778,3.502,1.57136471611111,3.543,1.57131459027778,3.533
1.57154989166667,3.502,1.57164282472222,3.543,1.57159281111111,3.533
1.57182762138889,3.502,1.57192072472222,3.543,1.57187051277778,3.533
1.57210550527778,3.502,1.57219875166667,3.543,1.57214811166667,3.533
1.57238312861111,3.502,1.57247698138889,3.553,1.57242602277778,3.533
1.572661405,3.502,1.57275468138889,3.553,1.572704135,3.533
1.57293893666667,3.512,1.57303264,3.543,1.57298183638889,3.533
1.57321665416667,3.512,1.57331029277778,3.553,1.57326020555556,3.533
1.57349487444444,3.502,1.57358870638889,3.553,1.57353841805556,3.533
1.57377266333333,3.502,1.57386652027778,3.543,1.57381603805556,3.533
1.57404997083333,3.502,1.57414405972222,3.543,1.57409437,3.533
1.57432838111111,3.512,1.57442235277778,3.553,1.57437243361111,3.533
1.5746061775,3.512,1.57470004361111,3.553,1.57465026472222,3.533
1.57488388277778,3.512,1.57497773833333,3.553,1.57492844055556,3.533
1.57516169444444,3.512,1.57525567694444,3.553,1.57520642777778,3.533
1.57543950416667,3.512,1.57553329277778,3.553,1.57548414138889,3.533
1.57571696972222,3.512,1.57581155,3.553,1.57576197388889,3.533
1.57599498194444,3.512,1.57608924583333,3.553,1.57603980055556,3.533
1.57627293083333,3.512,1.57636678833333,3.553,1.57631732583333,3.533
1.57655096944444,3.512,1.57664486444444,3.553,1.57659514722222,3.533
1.57682873527778,3.512,1.57692275833333,3.553,1.57687301722222,3.533
1.57710681222222,3.512,1.57720084083333,3.553,1.57715073444444,3.533
1.57738422416667,3.512,1.5774783075,3.553,1.57742867805556,3.533
1.57766237305556,3.512,1.57775636527778,3.553,1.57770627777778,3.533
1.57793990916667,3.512,1.57803436388889,3.553,1.57798385888889,3.533
1.57821763944444,3.512,1.57831244666667,3.553,1.57826224388889,3.533
1.57849532083333,3.512,1.57859033527778,3.553,1.57853961277778,3.533
1.57877330111111,3.512,1.57886807333333,3.553,1.57881784611111,3.533
1.57905109972222,3.512,1.57914628888889,3.553,1.57909517388889,3.533
1.57932914027778,3.512,1.57942364027778,3.553,1.57937342527778,3.533
1.57960663472222,3.512,1.57970132138889,3.553,1.57965116861111,3.533
1.57988483888889,3.512,1.57997908777778,3.553,1.57992890583333,3.533
1.58016268,3.512,1.58025697,3.553,1.58020703277778,3.533
1.58044021833333,3.512,1.5805346725,3.563,1.580484565,3.533
1.58071837777778,3.512,1.5808129475,3.553,1.58076232805556,3.533
1.58099627833333,3.512,1.58109057694444,3.553,1.58103985888889,3.533
1.58127403722222,3.512,1.58136824166667,3.553,1.58131777472222,3.533
1.58155189833333,3.512,1.58164591611111,3.553,1.58159599861111,3.533
1.58182979861111,3.512,1.58192390583333,3.563,1.58187402138889,3.533
1.58210800055556,3.512,1.58220160055556,3.563,1.58215204722222,3.533
1.58238597444444,3.512,1.58247968722222,3.563,1.58242948305556,3.533
1.5826636275,3.512,1.58275758805556,3.553,1.58270736972222,3.533
1.58294167277778,3.523,1.58303549694444,3.553,1.58298560944444,3.543
1.58321917638889,3.512,1.58331343583333,3.563,1.58326333555556,3.543
1.58349717583333,3.512,1.58359169027778,3.563,1.58354147944444,3.543
1.58377485166667,3.512,1.58386976,3.563,1.5838191375,3.533
1.58405250305556,3.512,1.58414712083333,3.563,1.58409700194444,3.543
1.58433052222222,3.512,1.58442503055556,3.563,1.58437452555556,3.543
1.58460831638889,3.512,1.58470307,3.563,1.5846525475,3.543
1.58488604805556,3.512,1.58498083027778,3.563,1.58493055305556,3.543
1.58516416166667,3.512,1.58525879694444,3.563,1.58520793166667,3.543
1.58544199,3.523,1.58553678444444,3.563,1.58548651472222,3.543
1.58571946416667,3.523,1.58581444083333,3.563,1.58576458944444,3.543
1.58599761277778,3.512,1.58609255805556,3.563,1.58604226611111,3.543
1.58627526527778,3.512,1.58637050888889,3.563,1.58632014444444,3.543
1.586553135,3.512,1.58664828555556,3.563,1.58659813722222,3.543
1.58683059666667,3.512,1.58692606527778,3.563,1.58687595611111,3.543
1.58710870805556,3.523,1.58720419083333,3.563,1.58715406555556,3.543
1.58738670972222,3.523,1.58748189666667,3.563,1.58743204555556,3.543
1.58766470166667,3.523,1.58776006583333,3.563,1.58770989944444,3.543
1.58794297333333,3.523,1.58803766388889,3.563,1.58798779916667,3.543
1.58822099805556,3.523,1.58831563472222,3.563,1.58826553027778,3.543
1.58849864972222,3.523,1.58859334222222,3.563,1.58854341694444,3.543
1.58877655638889,3.523,1.58887151111111,3.563,1.58882136916667,3.543
1.58905416166667,3.523,1.58914906305556,3.563,1.58909982138889,3.543
1.58933230694444,3.523,1.58942658416667,3.563,1.58937715111111,3.543
1.58961009333333,3.523,1.58970510111111,3.563,1.58965525583333,3.543
1.5898882575,3.523,1.58998249027778,3.563,1.58993331777778,3.543
1.59016607944444,3.523,1.59026046694444,3.563,1.59021122722222,3.543
1.59044365972222,3.523,1.59053847777778,3.563,1.59048906,3.543
1.59072212222222,3.523,1.59081634027778,3.563,1.59076681388889,3.543
1.59099959555556,3.523,1.59109426361111,3.563,1.59104465472222,3.543
1.59127777888889,3.523,1.59137182972222,3.563,1.59132237888889,3.543
1.59155554555556,3.523,1.59164935472222,3.574,1.59160036416667,3.543
1.59183329277778,3.523,1.59192758138889,3.563,1.5918780325,3.543
1.59211133888889,3.523,1.59220553055556,3.574,1.5921554,3.543
1.59238896194444,3.523,1.59248321083333,3.563,1.59243380972222,3.543
1.59266717277778,3.523,1.5927610675,3.563,1.59271182722222,3.543
1.59294491944444,3.523,1.59303903027778,3.563,1.59298973472222,3.543
1.59322258972222,3.523,1.59331678388889,3.563,1.59326751555556,3.543
1.59350029888889,3.523,1.59359451722222,3.574,1.59354513472222,3.543
1.59377802333333,3.523,1.59387243472222,3.574,1.59382310722222,3.543
1.59405617805556,3.523,1.59415034861111,3.563,1.59410119277778,3.543
1.59433442916667,3.523,1.59442812333333,3.563,1.59437905638889,3.543
1.59461226944444,3.523,1.5947058025,3.574,1.5946570825,3.543
1.59489023722222,3.533,1.59498394027778,3.574,1.59493513638889,3.543
1.59516802555556,3.523,1.59526173861111,3.574,1.59521291277778,3.543
1.595446175,3.533,1.59553933388889,3.574,1.59549074361111,3.543
1.59572358333333,3.523,1.59581712166667,3.563,1.59576893277778,3.543
1.59600148916667,3.523,1.5960951525,3.563,1.59604658083333,3.543
1.59627947277778,3.523,1.59637306527778,3.574,1.59632426944444,3.543
1.59655701305556,3.523,1.59665066361111,3.574,1.59660237888889,3.543
1.59683497638889,3.523,1.5969287425,3.563,1.59688035861111,3.543
1.59711305916667,3.533,1.59720655333333,3.574,1.59715794111111,3.543
1.59739089083333,3.533,1.59748503194444,3.574,1.59743584888889,3.543
1.59766880388889,3.523,1.59776294722222,3.574,1.59771363083333,3.543
1.5979468425,3.533,1.59804078138889,3.574,1.59799143694444,3.543
1.59822495833333,3.523,1.59831868277778,3.574,1.59826924694444,3.543
1.59850284083333,3.533,1.59859684277778,3.574,1.59854737555556,3.543
1.59878056416667,3.533,1.59887454,3.574,1.59882499055556,3.543
1.59905847555556,3.533,1.59915259555556,3.574,1.59910238083333,3.543
1.59933619472222,3.533,1.59943031944444,3.574,1.59938046472222,3.543
1.5996135775,3.533,1.59970820833333,3.574,1.59965801,3.543
1.59989163555556,3.533,1.59998612861111,3.574,1.59993592527778,3.543
1.6001694925,3.533,1.60026389722222,3.574,1.60021417527778,3.543
1.60044731583333,3.533,1.60054170527778,3.574,1.60049187611111,3.543
1.60072536111111,3.533,1.6008194125,3.574,1.60076957194444,3.543
1.60100304083333,3.533,1.60109707888889,3.574,1.6010471925,3.543
1.60128101527778,3.533,1.60137495361111,3.574,1.6013252775,3.543
1.60155881722222,3.533,1.60165306472222,3.574,1.60160312277778,3.543
1.60183674194444,3.533,1.60193071972222,3.574,1.60188047333333,3.543
1.60211447944444,3.533,1.60220855527778,3.574,1.60215841472222,3.543
1.60239224361111,3.533,1.60248642055556,3.574,1.60243629694444,3.543
1.60267007111111,3.533,1.60276459138889,3.574,1.60271428944444,3.543
1.60294819916667,3.533,1.60304235472222,3.574,1.60299222194444,3.553
1.60322566416667,3.533,1.60332015805556,3.574,1.60327032611111,3.543
1.60350363916667,3.533,1.60359804944444,3.574,1.60354770388889,3.543
1.60378135333333,3.533,1.60387581055556,3.574,1.60382572777778,3.543
1.60405914638889,3.533,1.60415398027778,3.574,1.60410426361111,3.543
1.6043371125,3.533,1.60443156111111,3.574,1.60438169305556,3.543
1.6046150225,3.533,1.60470948277778,3.574,1.60465958777778,3.543
1.60489322361111,3.533,1.60498708222222,3.574,1.60493744472222,3.543
1.60517124305556,3.533,1.60526509527778,3.574,1.60521526833333,3.553
1.60544896916667,3.533,1.60554265194444,3.574,1.60549294638889,3.553
1.60572715722222,3.533,1.60582057611111,3.574,1.60577131972222,3.543
1.60600487527778,3.543,1.60609854083333,3.574,1.60604905388889,3.543
1.60628295777778,3.533,1.60637636916667,3.574,1.60632681611111,3.553
1.60656077388889,3.533,1.60665411111111,3.574,1.60660462138889,3.543
1.60683858555556,3.543,1.60693203388889,3.574,1.6068827025,3.543
1.60711632138889,3.543,1.60720990527778,3.574,1.60716020638889,3.543
1.60739390138889,3.533,1.60748787944444,3.574,1.60743868805556,3.553
1.60767219305556,3.533,1.607765645,3.584,1.60771596138889,3.543
1.60794994972222,3.533,1.60804395361111,3.574,1.60799437555556,3.543
1.60822752527778,3.533,1.60832151333333,3.574,1.60827197694444,3.553
1.60850580305556,3.543,1.60859928583333,3.574,1.60855023222222,3.553
1.60878372472222,3.543,1.60887723194444,3.574,1.6088280525,3.553
1.60906165527778,3.543,1.60915503472222,3.584,1.60910626027778,3.553
1.60933978222222,3.543,1.60943287666667,3.584,1.60938448472222,3.553
1.60961771888889,3.543,1.60971087972222,3.584,1.60966207944444,3.553
1.60989548305556,3.533,1.60998888944444,3.574,1.60994034777778,3.553
1.61017351416667,3.543,1.61026677583333,3.584,1.61021792861111,3.553
1.61045125388889,3.543,1.61054437833333,3.584,1.6104957875,3.553
1.6107291575,3.543,1.61082226388889,3.584,1.61077396805556,3.553
1.61100712888889,3.543,1.61110009916667,3.584,1.611051685,3.553
1.61128497138889,3.543,1.61137753777778,3.574,1.61132947333333,3.553
1.61156287527778,3.543,1.61165555527778,3.584,1.61160727861111,3.553
1.61184076111111,3.543,1.61193326666667,3.574,1.61188540166667,3.553
1.61211879638889,3.543,1.6122111125,3.574,1.61216335333333,3.553
1.61239644333333,3.543,1.61248895027778,3.584,1.61244073861111,3.553
1.61267440194444,3.543,1.61276700805556,3.584,1.61271854555556,3.553
1.61295200361111,3.543,1.61304451861111,3.584,1.61299663361111,3.553
1.61323000444444,3.543,1.61332243361111,3.584,1.61327450583333,3.553
1.61350798555556,3.543,1.61360028222222,3.584,1.61355207222222,3.553
1.61378557166667,3.543,1.61387815138889,3.584,1.61383014166667,3.553
1.61406304916667,3.543,1.61415568805556,3.584,1.61410794055556,3.553
1.61434135388889,3.543,1.61443351194444,3.584,1.61438607944444,3.553
1.61461899305556,3.543,1.61471128611111,3.584,1.61466396972222,3.553
1.6148971175,3.543,1.61498943111111,3.584,1.61494154777778,3.553
1.61517477972222,3.543,1.61526756027778,3.584,1.61521930305556,3.553
1.61545299305556,3.543,1.61554498944444,3.584,1.61549722583333,3.553
1.61573056222222,3.543,1.61582331805556,3.584,1.6157751475,3.553
1.61600838972222,3.543,1.61610120583333,3.584,1.61605318805556,3.553
1.61628615722222,3.543,1.61637893944444,3.584,1.61633124527778,3.553
1.61656438722222,3.543,1.61665657944444,3.584,1.61660918027778,3.553
1.61684171805556,3.543,1.61693480833333,3.584,1.61688705805556,3.553
1.61711998666667,3.543,1.61721266888889,3.584,1.61716514638889,3.553
1.61739790305556,3.543,1.6174907875,3.584,1.61744296388889,3.553
1.61767535027778,3.543,1.61776854972222,3.584,1.61772082277778,3.553
1.61795315944444,3.543,1.61804680527778,3.584,1.61799877916667,3.563
1.61823121305556,3.543,1.61832448833333,3.584,1.61827665805556,3.563
1.61850907972222,3.543,1.61860224305556,3.584,1.61855436138889,3.553
1.61878692083333,3.543,1.61888032527778,3.584,1.618832165,3.553
1.61906483111111,3.543,1.6191581525,3.584,1.61910963027778,3.553
1.61934265,3.543,1.61943594916667,3.584,1.61938778527778,3.563
1.61962077222222,3.543,1.61971389888889,3.584,1.6196657725,3.553
1.61989842611111,3.543,1.619991745,3.584,1.61994368861111,3.553
1.6201764025,3.543,1.62026933694444,3.584,1.62022131472222,3.563
1.62045404555556,3.543,1.62054713805556,3.584,1.62049875027778,3.563
1.62073174638889,3.543,1.62082483944444,3.584,1.62077718111111,3.563
1.62100991527778,3.543,1.62110241416667,3.584,1.62105496,3.563
1.62128799416667,3.543,1.62138043416667,3.584,1.62133265777778,3.563
1.62156563611111,3.553,1.6216582775,3.584,1.62161013083333,3.563
1.62184345916667,3.543,1.62193612138889,3.584,1.62188845972222,3.563
1.62212107722222,3.543,1.62221407361111,3.584,1.62216646666667,3.563
1.62239895055556,3.553,1.62249226722222,3.584,1.62244403027778,3.563
1.62267669527778,3.543,1.62277022527778,3.584,1.62272214777778,3.553
1.62295467527778,3.553,1.6230480125,3.584,1.62300043027778,3.563
1.62323244222222,3.543,1.62332595833333,3.584,1.6232786825,3.563
1.62351014833333,3.553,1.62360352972222,3.584,1.62355630555556,3.563
1.62378821944444,3.543,1.62388133361111,3.584,1.62383439472222,3.553
1.62406561777778,3.553,1.62415933722222,3.594,1.6241123325,3.563
1.62434335694444,3.553,1.62443728222222,3.584,1.62439006916667,3.563
1.62462154388889,3.553,1.62471487361111,3.584,1.62466779027778,3.563
1.624899425,3.553,1.62499278055556,3.594,1.62494533166667,3.563
1.62517731805556,3.553,1.62527038888889,3.594,1.625223235,3.563
1.62545519833333,3.553,1.62554843194444,3.594,1.62550129444444,3.563
1.62573278972222,3.553,1.62582604527778,3.584,1.62577901472222,3.563
1.62601130777778,3.553,1.62610362388889,3.594,1.62605709916667,3.563
1.62628877722222,3.553,1.6263815725,3.584,1.62633503694444,3.563
1.62656666722222,3.543,1.62665941638889,3.594,1.62661285611111,3.563
1.62684442472222,3.553,1.62693735361111,3.594,1.62689079722222,3.563
1.62712223305556,3.553,1.62721540583333,3.594,1.62716853472222,3.563
1.62740014472222,3.553,1.62749334666667,3.594,1.62744625833333,3.563
1.62767778166667,3.553,1.62777074527778,3.594,1.62772436388889,3.563
1.62795630277778,3.553,1.62804897666667,3.594,1.62800219194444,3.563
1.62823409944444,3.553,1.62832645861111,3.584,1.62828020055556,3.563
1.628511995,3.553,1.62860421805556,3.594,1.62855841472222,3.563
1.62878990277778,3.553,1.62888256138889,3.594,1.62883611861111,3.563
1.62906746694444,3.553,1.62916054722222,3.594,1.62911421722222,3.563
1.62934583833333,3.553,1.62943847138889,3.594,1.62939199555556,3.563
1.6296236375,3.553,1.6297164375,3.594,1.62966955194444,3.563
1.62990158888889,3.563,1.62999390138889,3.594,1.62994775111111,3.563
1.63017935222222,3.553,1.63027201027778,3.594,1.63022517138889,3.563
1.630457085,3.553,1.63055014138889,3.594,1.63050297611111,3.563
1.63073514277778,3.553,1.6308278325,3.594,1.63078109055556,3.563
1.63101289972222,3.553,1.63110545916667,3.594,1.63105868166667,3.563
1.63129080722222,3.553,1.63138364666667,3.594,1.63133676027778,3.563
1.63156876027778,3.553,1.63166165611111,3.594,1.63161482694444,3.563
1.63184638666667,3.553,1.63193996527778,3.594,1.63189226777778,3.563
1.63212448833333,3.553,1.63221797944444,3.594,1.63217018666667,3.563
1.63240236277778,3.553,1.63249580277778,3.594,1.63244828916667,3.563
1.63267984777778,3.563,1.63277370944444,3.594,1.63272618055556,3.563
1.63295795277778,3.563,1.633051435,3.594,1.63300387194444,3.563
1.63323557083333,3.563,1.63332909555556,3.594,1.63328149638889,3.563
1.633513615,3.553,1.63360708777778,3.594,1.63355951416667,3.563
1.63379185638889,3.563,1.63388441083333,3.594,1.63383707972222,3.563
1.6340696875,3.563,1.63416254277778,3.594,1.63411496833333,3.563
1.63434725333333,3.553,1.63444054361111,3.594,1.63439249833333,3.563
1.63462574166667,3.563,1.6347185425,3.594,1.63467044777778,3.563
1.63490330777778,3.563,1.63499649888889,3.594,1.63494858111111,3.563
1.63518128,3.563,1.63527424777778,3.594,1.63522665611111,3.563
1.63545945361111,3.563,1.63555188277778,3.594,1.63550452305556,3.563
1.63573704722222,3.563,1.63582970166667,3.594,1.63578250888889,3.574
1.63601485638889,3.563,1.63610763055556,3.594,1.63606028166667,3.563
1.63629253888889,3.563,1.6363855325,3.594,1.63633804194444,3.563
1.63657044444444,3.563,1.63666340055556,3.604,1.63661612472222,3.563
1.6368483775,3.563,1.63694114055556,3.594,1.63689394,3.563
1.63712625527778,3.563,1.63721884194444,3.604,1.63717160027778,3.563
1.63740370416667,3.563,1.63749672194444,3.594,1.63744956833333,3.563
1.63768166888889,3.563,1.63777442388889,3.594,1.63772749611111,3.563
1.63795955194444,3.563,1.63805232777778,3.604,1.63800558,3.563
1.63823771916667,3.563,1.638330035,3.594,1.63828320666667,3.574
1.63851541555556,3.563,1.63860813861111,3.594,1.63856105861111,3.563
1.63879308527778,3.563,1.63888595388889,3.604,1.63883904277778,3.563
1.63907104194444,3.563,1.63916333555556,3.604,1.63911678,3.563
1.63934903388889,3.563,1.63944151388889,3.604,1.63939461388889,3.563
1.63962677361111,3.563,1.63971933166667,3.604,1.63967278972222,3.563
1.63990458888889,3.563,1.639997265,3.594,1.63995063166667,3.563
1.64018236416667,3.563,1.64027506666667,3.604,1.64022817083333,3.574
1.64046023666667,3.563,1.64055312222222,3.604,1.64050602916667,3.574
1.64073776666667,3.563,1.64083086861111,3.604,1.64078386055556,3.574
1.64101627416667,3.563,1.64110867222222,3.604,1.6410614375,3.574
1.64129389194444,3.563,1.64138671861111,3.604,1.64133939611111,3.574
1.64157173277778,3.563,1.64166417416667,3.594,1.641617395,3.574
1.6418496125,3.563,1.64194222222222,3.604,1.64189520944444,3.563
1.64212736444444,3.563,1.64221999305556,3.604,1.64217308388889,3.574
1.64240547777778,3.563,1.64249773833333,3.604,1.64245102166667,3.574
1.64268299194444,3.563,1.64277549305556,3.604,1.6427286525,3.563
1.6429608775,3.563,1.64305368861111,3.604,1.64300639527778,3.574
1.64323859694444,3.563,1.6433313125,3.604,1.64328440888889,3.574
1.64351683083333,3.563,1.64360912861111,3.604,1.64356247444444,3.574
1.64379443222222,3.563,1.64388760944444,3.604,1.64384033333333,3.574
1.64407221388889,3.563,1.644165055,3.604,1.64411810527778,3.574
1.64435001916667,3.563,1.64444271861111,3.604,1.64439601,3.574
1.64462821472222,3.563,1.64472064666667,3.604,1.644674245,3.574
1.64490584861111,3.563,1.64499854666667,3.604,1.64495228555556,3.574
1.64518385305556,3.563,1.64527637083333,3.604,1.64522992694444,3.574
1.64546151722222,3.574,1.64555382444444,3.604,1.6455074675,3.574
1.64573960305556,3.574,1.64583203111111,3.604,1.645785255,3.574
1.64601732083333,3.563,1.64610960916667,3.604,1.64606337194444,3.574
1.64629505416667,3.574,1.6463875475,3.604,1.64634083944444,3.574
1.64657347166667,3.574,1.64666525777778,3.604,1.64661895361111,3.574
1.64685101194444,3.574,1.64694342222222,3.604,1.64689634194444,3.574
1.64712870027778,3.574,1.64722074138889,3.604,1.64717432555556,3.574
1.64740683444444,3.574,1.64749884194444,3.604,1.64745226027778,3.574
1.64768451361111,3.574,1.64777628388889,3.604,1.64772987777778,3.574
1.64796214333333,3.574,1.64805477333333,3.604,1.64800797583333,3.574
1.64823998888889,3.574,1.64833241722222,3.604,1.64828571861111,3.574
1.64851786694444,3.574,1.64861075083333,3.604,1.64856398777778,3.574
1.64879568805556,3.574,1.6488885325,3.604,1.648841665,3.574
1.64907337722222,3.574,1.649166515,3.614,1.64911948361111,3.574
1.64935109666667,3.574,1.6494447275,3.614,1.64939728472222,3.574
1.64962907472222,3.574,1.64972260138889,3.604,1.64967532555556,3.574
1.64990681833333,3.574,1.65000088916667,3.604,1.64995304694444,3.574
1.65018460888889,3.574,1.65027859416667,3.604,1.65023117111111,3.574
1.65046217944444,3.574,1.65055642111111,3.604,1.65050885888889,3.574
1.65074019083333,3.574,1.65083430777778,3.614,1.65078683638889,3.574
1.65101828861111,3.574,1.65111196277778,3.604,1.65106471444444,3.574
1.65129627833333,3.574,1.65139013777778,3.614,1.65134245111111,3.574
1.65157413222222,3.574,1.65166823305556,3.614,1.65162002416667,3.574
1.65185197944444,3.574,1.65194600222222,3.604,1.65189789194444,3.574
1.65212974083333,3.574,1.65222410694444,3.614,1.65217591777778,3.574
1.65240758111111,3.574,1.65250189527778,3.614,1.65245365777778,3.574
1.65268545888889,3.574,1.65277985305556,3.604,1.65273151361111,3.574
1.65296306305556,3.574,1.65305774861111,3.614,1.65300946944444,3.574
1.65324130972222,3.574,1.6533357025,3.614,1.65328731972222,3.574
1.65351898777778,3.574,1.65361355027778,3.604,1.65356572444444,3.574
1.65379653,3.574,1.65389159888889,3.614,1.65384378194444,3.574
1.65407494194444,3.574,1.65416946722222,3.614,1.65412157,3.574
1.65435263527778,3.574,1.65444755166667,3.604,1.654399045,3.574
1.65463045,3.574,1.65472524583333,3.614,1.65467725361111,3.574
1.65490793277778,3.574,1.65500328194444,3.614,1.65495512944444,3.574
1.65518562777778,3.574,1.65528146916667,3.614,1.65523290083333,3.574
1.6554636025,3.574,1.65555923472222,3.614,1.65551060777778,3.574
1.65574152083333,3.574,1.65583689333333,3.614,1.65578847611111,3.574
1.65601931444444,3.574,1.65611471638889,3.614,1.65606646555556,3.574
1.65629748833333,3.574,1.65639261805556,3.614,1.65634441611111,3.574
1.65657524694444,3.574,1.65666996527778,3.614,1.65662205944444,3.574
1.65685309888889,3.574,1.65694844138889,3.614,1.65689982083333,3.584
1.65713080527778,3.574,1.65722625944444,3.614,1.65717782472222,3.574
1.65740874777778,3.574,1.65750417138889,3.614,1.65745561611111,3.574
1.65768658194444,3.574,1.657782485,3.614,1.65773336944444,3.574
1.65796470361111,3.574,1.65805997611111,3.614,1.65801128972222,3.584
1.65824245166667,3.574,1.65833799361111,3.614,1.65828946055556,3.574
1.65852054861111,3.574,1.65861610777778,3.614,1.65856753138889,3.574
1.65879856944444,3.574,1.65889372583333,3.614,1.65884508805556,3.574
1.65907620472222,3.584,1.65917182194444,3.614,1.65912297638889,3.584
1.65935437027778,3.574,1.65944982416667,3.614,1.65940100611111,3.574
1.65963188777778,3.574,1.65972717833333,3.614,1.6596785075,3.574
1.65991003333333,3.574,1.66000541583333,3.614,1.65995635555556,3.574
1.6601874975,3.574,1.66028305055556,3.614,1.66023403055556,3.574
1.66046554111111,3.584,1.66056104027778,3.614,1.66051191916667,3.584
1.6607440775,3.574,1.66083892916667,3.614,1.66078973416667,3.574
1.66102142388889,3.574,1.66111675444444,3.614,1.66106758888889,3.574
1.6612991975,3.574,1.66139427277778,3.614,1.66134554944444,3.584
1.66157741083333,3.574,1.66167212222222,3.614,1.66162290638889,3.574
1.66185520916667,3.584,1.66195033472222,3.614,1.66190096972222,3.574
1.66213333805556,3.574,1.66222820361111,3.614,1.66217856638889,3.584
1.6624111875,3.584,1.66250597472222,3.614,1.66245663527778,3.574
1.66268919861111,3.574,1.66278395333333,3.614,1.66273443777778,3.574
1.66296695472222,3.584,1.66306194694444,3.614,1.66301233361111,3.584
1.66324445277778,3.584,1.6633399075,3.614,1.6632901225,3.584
1.66352225722222,3.584,1.66361780472222,3.614,1.66356833055556,3.584
1.66380045027778,3.584,1.66389544138889,3.614,1.66384623138889,3.584
1.66407820777778,3.584,1.66417331611111,3.614,1.66412376305556,3.584
1.66435603055556,3.584,1.66445110583333,3.614,1.66440182972222,3.584
1.66463385,3.584,1.66472892361111,3.614,1.66467951166667,3.584
1.66491142305556,3.584,1.66500673888889,3.614,1.66495749722222,3.584
1.66518961333333,3.584,1.66528421361111,3.614,1.66523540055556,3.584
1.66546736,3.584,1.66556235888889,3.614,1.66551336388889,3.584
1.66574520388889,3.584,1.66584036222222,3.614,1.66579113388889,3.584
1.6660228975,3.584,1.6661180325,3.614,1.66606863916667,3.584
1.66630092194444,3.584,1.66639616722222,3.614,1.66634673055556,3.584
1.66657869666667,3.584,1.66667376472222,3.614,1.66662429944444,3.584
1.6668567925,3.584,1.66695165888889,3.614,1.66690229083333,3.584
1.6671343575,3.584,1.66722933972222,3.614,1.66717994861111,3.584
1.66741225222222,3.584,1.66750717916667,3.614,1.6674578675,3.584
1.66769001472222,3.584,1.66778505638889,3.614,1.66773535277778,3.584
1.66796821083333,3.584,1.66806294111111,3.614,1.66801355638889,3.584
1.66824573888889,3.584,1.66834079583333,3.614,1.66829116972222,3.584
1.6685239525,3.584,1.66861931694444,3.614,1.66856899583333,3.584
1.66880188416667,3.584,1.66889724222222,3.614,1.66884711166667,3.584
1.66908012888889,3.584,1.669175075,3.614,1.66912517277778,3.584
1.6693576075,3.584,1.66945309916667,3.625,1.66940317472222,3.584
1.669635755,3.584,1.66973075444444,3.614,1.66968138833333,3.584
1.66991338805556,3.584,1.67000900305556,3.614,1.66995923583333,3.584
1.67019140138889,3.584,1.670286595,3.614,1.67023703083333,3.584
1.67046907861111,3.584,1.6705645625,3.614,1.67051464305556,3.584
1.67074741083333,3.584,1.67084189388889,3.614,1.67079262083333,3.584
1.67102525944444,3.584,1.67111984111111,3.614,1.67107044888889,3.584
1.67130338416667,3.584,1.67139747055556,3.614,1.67134865222222,3.584
1.67158115138889,3.584,1.67167517444444,3.614,1.6716265,3.584
1.67185908,3.584,1.67195347416667,3.614,1.67190453416667,3.584
1.672137135,3.584,1.67223163055556,3.614,1.6721822575,3.584
1.67241488972222,3.584,1.67250932638889,3.614,1.67246016361111,3.584
1.67269288694444,3.584,1.67278718833333,3.625,1.6727379875,3.584
1.67297052361111,3.584,1.67306506111111,3.625,1.67301623527778,3.584
1.67324848222222,3.584,1.67334266527778,3.625,1.67329366861111,3.584
1.67352654777778,3.584,1.67362078166667,3.614,1.67357151972222,3.584
1.6738039675,3.584,1.6738987425,3.614,1.67384930611111,3.584
1.67408192083333,3.584,1.67417680916667,3.614,1.67412736861111,3.584
1.67435943666667,3.584,1.67445482722222,3.625,1.67440529361111,3.584
1.6746376725,3.584,1.67473244972222,3.614,1.67468292638889,3.584
1.67491540305556,3.584,1.67501040527778,3.625,1.67496093833333,3.584
1.67519336472222,3.584,1.67528832,3.625,1.67523879333333,3.584
1.67547109083333,3.584,1.67556618027778,3.625,1.67551671916667,3.584
1.675749015,3.594,1.67584373416667,3.625,1.6757945025,3.584
1.67602672805556,3.584,1.67612149694444,3.625,1.67607251861111,3.584
1.67630478472222,3.584,1.67639949972222,3.625,1.67635036972222,3.584
1.67658267833333,3.584,1.67667734444444,3.625,1.67662777861111,3.584
1.67686002777778,3.594,1.67695523416667,3.625,1.67690554666667,3.584
1.67713774861111,3.584,1.67723314777778,3.614,1.67718339361111,3.584
1.67741607694444,3.584,1.6775104475,3.625,1.67746111444444,3.584
1.67769378416667,3.584,1.67778843,3.625,1.6777391075,3.584
1.67797170527778,3.584,1.6780662725,3.625,1.67801731833333,3.584
1.67824972583333,3.584,1.6783443625,3.625,1.67829480722222,3.584
1.67852768583333,3.594,1.67862231833333,3.614,1.6785728925,3.584
1.67880534388889,3.594,1.67890017888889,3.625,1.67885087777778,3.584
1.67908303,3.594,1.67917847583333,3.625,1.67912866083333,3.584
1.67936084861111,3.584,1.67945614138889,3.625,1.67940640888889,3.584
1.67963861888889,3.594,1.67973424611111,3.625,1.67968430444444,3.584
1.67991651222222,3.594,1.68001204361111,3.625,1.67996219694444,3.584
1.68019456472222,3.594,1.68028992416667,3.625,1.68024023916667,3.584
1.68047234555556,3.594,1.68056772666667,3.625,1.68051815972222,3.584
1.68075031305556,3.594,1.68084571944444,3.625,1.68079613527778,3.584
1.68102845722222,3.594,1.68112355055556,3.625,1.68107372083333,3.594
1.68130609611111,3.594,1.68140105527778,3.625,1.68135140388889,3.584
1.68158386111111,3.594,1.68167913611111,3.625,1.68162973305556,3.594
1.68186171777778,3.594,1.68195715111111,3.625,1.68190750694444,3.584
1.6821395275,3.594,1.6822346025,3.625,1.68218513833333,3.584
1.68241745527778,3.594,1.68251292,3.625,1.68246324583333,3.594
1.68269513388889,3.594,1.68279068055556,3.625,1.68274119416667,3.594
1.68297304444444,3.594,1.68306851333333,3.625,1.68301900361111,3.594
1.68325097666667,3.594,1.68334631222222,3.625,1.68329671888889,3.594
1.68352920805556,3.594,1.68362384722222,3.625,1.68357456194444,3.594
1.68380695194444,3.594,1.68390203833333,3.625,1.68385239138889,3.584
1.6840846625,3.594,1.68418004694444,3.625,1.68413037722222,3.594
1.68436275777778,3.594,1.68445744388889,3.625,1.68440784055556,3.594
1.68464066861111,3.594,1.68473522111111,3.625,1.68468616111111,3.594
1.68491832166667,3.594,1.68501344277778,3.625,1.68496380944444,3.594
1.68519623027778,3.594,1.68529116638889,3.625,1.68524153388889,3.594
1.68547367861111,3.594,1.68556918388889,3.625,1.68551945027778,3.594
1.68575179027778,3.594,1.68584733555556,3.625,1.68579750583333,3.594
1.68602987333333,3.594,1.68612512472222,3.625,1.68607536527778,3.594
1.68630793805556,3.594,1.68640333805556,3.625,1.68635336861111,3.594
1.68658553388889,3.594,1.68668150194444,3.625,1.68663116666667,3.594
1.68686379416667,3.594,1.68695907666667,3.625,1.68690846666667,3.594
1.68714161166667,3.594,1.68723700861111,3.625,1.68718648333333,3.594
1.68741925444444,3.594,1.68751475388889,3.625,1.68746447611111,3.594
1.68769707694444,3.594,1.68779272305556,3.625,1.68774215861111,3.594
1.68797502305556,3.594,1.6880706975,3.625,1.68801992388889,3.594
1.68825268583333,3.594,1.68834903916667,3.625,1.68829778805556,3.594
1.68853070805556,3.594,1.68862687083333,3.625,1.68857571194444,3.594
1.68880831805556,3.594,1.68890468555556,3.625,1.68885391472222,3.594
1.68908635388889,3.594,1.68918246472222,3.625,1.68913202638889,3.594
1.68936413333333,3.594,1.68946070888889,3.625,1.68940956305556,3.594
1.68964198833333,3.594,1.68973852916667,3.625,1.68968751388889,3.594
1.689919885,3.594,1.69001674583333,3.625,1.68996557194444,3.594
1.69019769222222,3.594,1.69029482444444,3.625,1.69024292416667,3.594
1.6904757225,3.594,1.69057240333333,3.625,1.69052132722222,3.594
1.69075358416667,3.594,1.69085037361111,3.625,1.69079907388889,3.594
1.69103099333333,3.594,1.6911279575,3.625,1.69107698277778,3.594
1.69130889166667,3.594,1.69140567055556,3.625,1.69135458972222,3.594
1.69158663694444,3.594,1.69168391305556,3.625,1.69163241,3.594
1.6918645,3.594,1.69196193611111,3.625,1.69191016583333,3.594
1.6921426475,3.604,1.69223953055556,3.625,1.69218829805556,3.594
1.69242068194444,3.604,1.69251757777778,3.625,1.69246629555556,3.594
1.69269838388889,3.604,1.6927951725,3.625,1.69274419277778,3.594
1.69297653638889,3.594,1.69307302583333,3.625,1.69302178833333,3.594
1.69325417083333,3.594,1.69335097638889,3.625,1.69329968611111,3.594
1.69353187138889,3.604,1.69362852194444,3.625,1.69357744416667,3.594
1.69381016777778,3.604,1.69390624138889,3.625,1.69385511416667,3.594
1.69408789277778,3.604,1.69418410777778,3.625,1.6941331975,3.594
1.69436588972222,3.604,1.69446223055556,3.625,1.69441070361111,3.594
1.6946440975,3.594,1.69474003583333,3.625,1.69468918055556,3.594
1.69492225138889,3.604,1.69501795861111,3.625,1.69496734861111,3.594
1.69519996111111,3.604,1.69529571583333,3.625,1.69524519222222,3.594
1.69547781194444,3.604,1.69557384611111,3.625,1.69552280888889,3.594
1.69575641805556,3.604,1.69585179888889,3.625,1.69580063833333,3.594
1.69603401888889,3.604,1.69612945861111,3.625,1.69607889083333,3.594
1.69631189388889,3.604,1.69640716194444,3.625,1.69635663888889,3.594
1.69659008527778,3.604,1.69668475722222,3.625,1.69663443861111,3.594
1.69686776444444,3.604,1.69696284833333,3.625,1.69691206583333,3.594
1.69714564694444,3.604,1.69724079055556,3.625,1.6971902525,3.594
1.69742330861111,3.604,1.69751864416667,3.625,1.69746831472222,3.594
1.69770142888889,3.604,1.69779631194444,3.625,1.69774620444444,3.594
1.6979790175,3.604,1.69807418111111,3.625,1.69802426333333,3.594
1.69825689083333,3.604,1.6983519125,3.625,1.69830191611111,3.594
1.69853491194444,3.604,1.69863003638889,3.625,1.69857998611111,3.594
1.69881250944444,3.604,1.69890818861111,3.625,1.69885818055556,3.594
1.69909053527778,3.604,1.69918588694444,3.625,1.69913601111111,3.594
1.69936837416667,3.604,1.69946381055556,3.625,1.69941393194444,3.594
1.69964627138889,3.604,1.69974161305556,3.625,1.69969132138889,3.594
1.6999243575,3.604,1.70001957833333,3.635,1.69996911305556,3.594
1.70020187083333,3.604,1.70029704388889,3.625,1.70024680388889,3.604
1.70047991861111,3.604,1.70057499777778,3.625,1.7005249275,3.594
1.70075736555556,3.604,1.70085310722222,3.625,1.70080331583333,3.594
1.70103499166667,3.604,1.70113098888889,3.625,1.70108105944444,3.594
1.70131334944444,3.604,1.70140877861111,3.625,1.70135865333333,3.594
1.70159139222222,3.604,1.70168674972222,3.635,1.70163657277778,3.594
1.70186921,3.604,1.70196465194444,3.625,1.70191441722222,3.594
1.70214745972222,3.604,1.70224236222222,3.635,1.70219283972222,3.604
1.70242542333333,3.604,1.7025200375,3.625,1.70247033583333,3.594
1.70270311388889,3.604,1.70279794638889,3.625,1.70274831388889,3.594
1.70298103888889,3.604,1.70307614138889,3.625,1.70302611027778,3.594
1.70325912555556,3.604,1.70335399055556,3.625,1.70330392055556,3.604
1.70353673305556,3.604,1.70363155416667,3.625,1.70358179055556,3.604
1.70381479527778,3.604,1.70390977944444,3.625,1.70385961138889,3.594
1.70409259833333,3.604,1.70418743527778,3.635,1.70413764444444,3.604
1.70437028416667,3.604,1.70446550055556,3.625,1.70441542361111,3.604
1.7046480275,3.604,1.70474333111111,3.635,1.70469344,3.594
1.70492577777778,3.604,1.70502108833333,3.635,1.70497107638889,3.604
1.70520379,3.604,1.70529883888889,3.635,1.70524896583333,3.594
1.70548135944444,3.604,1.70557706166667,3.635,1.705526545,3.604
1.70575935583333,3.604,1.70585474805556,3.625,1.70580438944444,3.594
1.70603705805556,3.604,1.70613254527778,3.625,1.70608188416667,3.604
1.70631485388889,3.614,1.70641011805556,3.625,1.70636034833333,3.594
1.70659220666667,3.604,1.70668817722222,3.635,1.70663811222222,3.594
1.70687029444444,3.604,1.70696579138889,3.625,1.70691576083333,3.604
1.7071481075,3.604,1.70724356916667,3.635,1.70719356527778,3.604
1.70742659861111,3.614,1.70752153888889,3.625,1.70747170583333,3.604
1.70770419055556,3.604,1.70779916722222,3.625,1.70774914,3.604
1.70798229555556,3.614,1.70807693361111,3.635,1.70802724805556,3.604
1.70826035888889,3.614,1.70835523333333,3.625,1.70830509138889,3.594
1.70853798777778,3.614,1.70863316944444,3.625,1.7085826625,3.604
1.70881589888889,3.614,1.70891064611111,3.625,1.70886040805556,3.604
1.70909343111111,3.614,1.70918870138889,3.625,1.709138545,3.604
1.70937118333333,3.614,1.70946674444444,3.635,1.70941641833333,3.604
1.70964939638889,3.614,1.70974458777778,3.625,1.70969432416667,3.604
1.70992752416667,3.614,1.71002246916667,3.635,1.70997215361111,3.604
1.71020544083333,3.604,1.71030060944444,3.635,1.71025008361111,3.604
1.71048302833333,3.614,1.71057796111111,3.635,1.7105277875,3.604
1.71076117888889,3.614,1.71085604805556,3.635,1.710805925,3.604
1.71103890388889,3.614,1.71113384055556,3.635,1.71108395694444,3.604
1.71131636194444,3.614,1.71141190916667,3.635,1.71136177138889,3.604
1.71159482972222,3.614,1.71168996638889,3.635,1.71163966611111,3.604
1.71187246833333,3.614,1.71196783333333,3.625,1.71191755055556,3.604
1.71215008638889,3.614,1.71224527916667,3.635,1.71219534277778,3.604
1.71242838194444,3.614,1.71252324888889,3.635,1.71247305527778,3.604
1.71270622027778,3.614,1.71280105638889,3.635,1.71275074222222,3.604
1.71298411055556,3.614,1.71307875944444,3.635,1.71302888805556,3.604
1.71326181361111,3.614,1.71335666222222,3.635,1.71330667888889,3.604
1.71353980472222,3.614,1.71363459444444,3.635,1.71358428611111,3.604
1.71381740055556,3.614,1.71391260027778,3.625,1.71386226722222,3.604
1.714095635,3.614,1.71419069138889,3.635,1.71413966361111,3.604
1.71437334833333,3.614,1.71446808166667,3.635,1.71441789555556,3.604
1.71465145638889,3.614,1.71474629722222,3.635,1.71469565944444,3.604
1.71492921833333,3.614,1.71502401,3.635,1.7149734875,3.604
1.71520715833333,3.614,1.71530184055556,3.635,1.71525144194444,3.604
1.71548511,3.614,1.71557981833333,3.635,1.71552924416667,3.604
1.71576295,3.614,1.7158574225,3.635,1.71580713916667,3.604
1.71604080194444,3.614,1.71613548027778,3.635,1.71608556388889,3.604
1.716318815,3.614,1.71641357583333,3.635,1.71636327916667,3.604
1.71659643333333,3.614,1.7166914625,3.635,1.71664098777778,3.604
1.7168742075,3.614,1.71696995833333,3.635,1.7169194725,3.604
1.717152035,3.614,1.71724782416667,3.635,1.71719711722222,3.604
1.71742993694444,3.614,1.71752522861111,3.635,1.71747484805556,3.604
1.71770720388889,3.614,1.71780334111111,3.635,1.71775295861111,3.604
1.7179856675,3.614,1.71808147277778,3.635,1.71803082805556,3.604
1.71826347972222,3.614,1.71835932305556,3.635,1.71830898722222,3.604
1.71854124083333,3.614,1.71863705472222,3.635,1.71858669916667,3.604
1.718818985,3.614,1.71891472055556,3.635,1.718864235,3.604
1.7190967575,3.614,1.71919243027778,3.625,1.71914214388889,3.604
1.71937444111111,3.614,1.71947026583333,3.635,1.71941989527778,3.604
1.71965229083333,3.614,1.71974826638889,3.635,1.71969767944444,3.604
1.71992985972222,3.614,1.72002643444444,3.635,1.71997562444444,3.604
1.72020783138889,3.614,1.72030425416667,3.635,1.72025327527778,3.604
1.72048585138889,3.614,1.720582045,3.635,1.72053109583333,3.604
1.72076363583333,3.614,1.72085976666667,3.635,1.7208087625,3.604
1.72104164611111,3.614,1.72113784194444,3.635,1.7210865725,3.604
1.72131924472222,3.614,1.72141515277778,3.635,1.72136431083333,3.604
1.72159722527778,3.614,1.72169337916667,3.635,1.72164269805556,3.604
1.72187546694444,3.614,1.72197128388889,3.635,1.72192058194444,3.604
1.72215310527778,3.614,1.72224914805556,3.635,1.7221985675,3.614
1.72243106166667,3.614,1.72252716777778,3.635,1.72247623638889,3.604
1.72270890416667,3.614,1.72280509416667,3.635,1.72275383388889,3.604
1.72298640666667,3.614,1.72308286166667,3.635,1.72303178944444,3.604
1.72326448527778,3.614,1.72336081111111,3.635,1.72331001111111,3.614
1.72354273888889,3.614,1.72363863638889,3.635,1.72358809944444,3.604
1.72382042444444,3.614,1.72391635805556,3.635,1.72386564944444,3.604
1.72409786527778,3.614,1.72419421916667,3.635,1.72414352472222,3.604
1.72437618861111,3.614,1.72447212638889,3.635,1.72442144305556,3.614
1.72465357805556,3.614,1.7247501075,3.635,1.72469918444444,3.604
1.72493187055556,3.614,1.72502774555556,3.635,1.72497676888889,3.604
1.725209575,3.614,1.72530543527778,3.635,1.72525463833333,3.614
1.7254876275,3.614,1.725583805,3.635,1.72553236666667,3.604
1.72576560166667,3.625,1.72586132666667,3.635,1.72580993666667,3.604
1.72604326944444,3.614,1.72613912972222,3.635,1.72608832694444,3.604
1.72632113138889,3.625,1.72641690583333,3.635,1.72636609472222,3.604
1.72659903222222,3.614,1.72669511722222,3.635,1.72664373944444,3.604
1.72687679222222,3.614,1.72697277694444,3.635,1.72692161305556,3.604
1.72715497027778,3.614,1.72725124805556,3.635,1.72719971916667,3.614
1.72743314777778,3.614,1.72752858222222,3.635,1.72747745388889,3.614
1.72771081805556,3.614,1.7278062725,3.635,1.72775560388889,3.614
1.72798874055556,3.614,1.72808404583333,3.635,1.72803292888889,3.614
1.72826646583333,3.625,1.72836227,3.635,1.72831119638889,3.614
1.72854462944444,3.614,1.72863972972222,3.635,1.72858894833333,3.614
1.72882247611111,3.614,1.72891780472222,3.635,1.72886666611111,3.604
1.72910070333333,3.625,1.72919589861111,3.635,1.72914461416667,3.604
1.72937876055556,3.614,1.72947422277778,3.635,1.72942222694444,3.614
1.72965619055556,3.625,1.7297519525,3.635,1.7297,3.604
1.72993429194444,3.614,1.73002986444444,3.635,1.72997799916667,3.614
1.73021204138889,3.614,1.73030722361111,3.635,1.73025608611111,3.614
1.73048968638889,3.625,1.73058526,3.635,1.73053385277778,3.614
1.73076759,3.614,1.73086297305556,3.635,1.73081171055556,3.604
1.73104538944444,3.625,1.73114108722222,3.635,1.7310890975,3.604
1.73132334972222,3.625,1.73141921944444,3.635,1.73136742555556,3.614
1.73160104444444,3.625,1.73169660277778,3.635,1.73164531194444,3.614
1.73187897583333,3.625,1.73197479388889,3.635,1.73192272305556,3.614
1.73215661527778,3.625,1.73225255277778,3.635,1.73220059555556,3.614
1.73243416333333,3.614,1.73253035111111,3.635,1.73247844861111,3.614
1.73271259305556,3.625,1.73280804527778,3.635,1.73275616722222,3.614
1.73299066,3.614,1.73308588027778,3.635,1.73303385888889,3.614
1.7332683225,3.625,1.73336330833333,3.635,1.73331177472222,3.614
1.73354645388889,3.614,1.7336415,3.635,1.73358935333333,3.614
1.7338243275,3.625,1.73391946388889,3.635,1.73386769333333,3.614
1.73410189166667,3.625,1.73419735277778,3.635,1.73414556166667,3.614
1.73437974638889,3.625,1.7344751925,3.635,1.73442294555556,3.614
1.73465745583333,3.625,1.73475302527778,3.635,1.73470070583333,3.614
1.73493497888889,3.625,1.73503079527778,3.635,1.73497908055556,3.614
1.73521341138889,3.625,1.73530886833333,3.635,1.73525679055556,3.614
1.73549115666667,3.625,1.73558659083333,3.635,1.735534895,3.614
1.73576901722222,3.625,1.7358644275,3.635,1.7358125575,3.614
1.73604663444444,3.625,1.73614211722222,3.635,1.73609064944444,3.614
1.73632448277778,3.625,1.73641987333333,3.635,1.73636792166667,3.614
1.73660281527778,3.625,1.73669769083333,3.635,1.73664610416667,3.614
1.73688080305556,3.625,1.73697582972222,3.635,1.736923865,3.614
1.73715911333333,3.625,1.73725397361111,3.635,1.73720133333333,3.614
1.73743679,3.625,1.73753202361111,3.635,1.73747953444444,3.614
1.73771416805556,3.625,1.73780968944444,3.635,1.7377574975,3.614
1.73799207416667,3.625,1.7380879075,3.635,1.73803524472222,3.614
1.73826979194444,3.625,1.73836604444444,3.635,1.7383127325,3.614
1.73854799694444,3.625,1.73864383333333,3.635,1.73859091916667,3.614
1.73882586055556,3.625,1.73892178083333,3.635,1.73886854861111,3.614
1.73910362305556,3.625,1.73919971055556,3.635,1.73914625027778,3.614
1.73938138638889,3.625,1.7394775925,3.635,1.73942448694444,3.614
1.7396595025,3.625,1.73975565055556,3.635,1.73970223111111,3.614
1.73993723083333,3.625,1.74003339277778,3.635,1.73998002222222,3.614
1.74021547861111,3.625,1.740311145,3.635,1.74025772111111,3.614
1.74049342,3.625,1.74058894388889,3.635,1.74053553833333,3.614
1.74077129222222,3.625,1.74086674194444,3.635,1.74081397583333,3.614
1.74104936138889,3.625,1.74114415944444,3.645,1.74109185611111,3.614
1.74132725083333,3.625,1.741422655,3.635,1.74136959638889,3.614
1.74160549305556,3.625,1.74170046138889,3.635,1.74164746027778,3.614
1.74188305138889,3.625,1.74197823777778,3.635,1.74192550805556,3.614
1.74216096083333,3.625,1.74225631,3.635,1.74220319666667,3.614
1.74243865305556,3.625,1.7425341475,3.635,1.74248098944444,3.614
1.74271633722222,3.625,1.7428119875,3.635,1.74275922277778,3.614
1.74299444055556,3.625,1.74308967416667,3.635,1.74303695611111,3.614
1.74327208166667,3.625,1.74336751083333,3.635,1.74331431777778,3.614
1.74355044972222,3.625,1.74364519611111,3.635,1.74359236055556,3.614
1.74382803222222,3.625,1.74392294055556,3.635,1.74387008111111,3.614
1.74410607,3.625,1.74420057833333,3.635,1.74414807138889,3.614
1.74438393694444,3.625,1.74447829,3.635,1.74442579833333,3.614
1.74466195388889,3.625,1.74475632444444,3.635,1.74470319138889,3.614
1.74493983944444,3.625,1.74503447166667,3.635,1.74498156694444,3.614
1.74521765166667,3.625,1.74531239305556,3.635,1.74525907027778,3.614
1.74549538111111,3.625,1.74558992027778,3.635,1.74553729972222,3.614
1.74577314166667,3.625,1.745867925,3.635,1.74581511,3.614
1.74605120583333,3.625,1.74614581194444,3.635,1.74609299916667,3.614
1.74632914055556,3.625,1.746423445,3.635,1.74637087833333,3.614
1.74660726472222,3.625,1.74670177777778,3.645,1.74664880055556,3.614
1.74688507138889,3.625,1.74697996388889,3.635,1.74692655805556,3.614
1.7471629825,3.625,1.74725783361111,3.635,1.74720461333333,3.614
1.74744097138889,3.625,1.74753529694444,3.635,1.74748271111111,3.614
1.74771848611111,3.625,1.74781339916667,3.635,1.74776054305556,3.614
1.74799617444444,3.625,1.74809137527778,3.635,1.74803852305556,3.614
1.74827425833333,3.625,1.74836926194444,3.635,1.74831649722222,3.614
1.74855217277778,3.625,1.74864665277778,3.635,1.74859431361111,3.614
1.74882980388889,3.625,1.74892468305556,3.635,1.748872155,3.614
1.74910751611111,3.625,1.74920215666667,3.635,1.74914969277778,3.614
1.74938587277778,3.625,1.74948036861111,3.645,1.74942772888889,3.614
1.74966360027778,3.625,1.74975836916667,3.635,1.74970513583333,3.614
1.74994151194444,3.625,1.75003604305556,3.635,1.74998301277778,3.614
1.75021968222222,3.625,1.75031363388889,3.635,1.75026095,3.614
1.75049761444444,3.625,1.750591785,3.635,1.75053868666667,3.614
1.75077550194444,3.625,1.75087007277778,3.645,1.75081672666667,3.614
1.75105337833333,3.625,1.75114745055556,3.635,1.75109407861111,3.614
1.75133106666667,3.625,1.75142546694444,3.635,1.75137241333333,3.614
1.75160896222222,3.625,1.7517034825,3.635,1.75165024583333,3.614
1.75188683972222,3.625,1.75198159083333,3.635,1.75192841916667,3.614
1.75216444861111,3.625,1.75225930916667,3.645,1.75220621333333,3.614
1.75244224888889,3.625,1.75253707694444,3.635,1.75248374305556,3.614
1.75272027583333,3.625,1.75281518111111,3.645,1.75276184805556,3.614
1.75299806611111,3.625,1.75309293027778,3.635,1.75303941583333,3.614
1.75327598861111,3.625,1.75337055916667,3.635,1.75331753972222,3.614
1.75355392305556,3.625,1.75364863944444,3.645,1.75359486388889,3.614
1.75383198166667,3.635,1.75392640555556,3.645,1.75387288472222,3.614
1.75411002083333,3.625,1.75420401055556,3.645,1.75415076138889,3.614
1.75438800388889,3.625,1.75448191694444,3.635,1.75442853027778,3.614
1.75466582138889,3.625,1.75476008361111,3.635,1.75470606055556,3.614
1.754943865,3.625,1.75503823805556,3.635,1.75498413611111,3.614
1.75522166916667,3.625,1.75531598777778,3.635,1.75526165027778,3.614
1.75549966083333,3.625,1.75559368111111,3.635,1.75553960388889,3.614
1.75577765305556,3.625,1.75587159361111,3.635,1.75581748916667,3.614
1.75605535666667,3.625,1.756149725,3.635,1.75609550611111,3.614
1.75633346694444,3.625,1.75642761805556,3.635,1.75637355972222,3.614
1.75661111972222,3.625,1.75670537777778,3.635,1.75665133027778,3.614
1.75688884305556,3.625,1.75698328083333,3.635,1.75692927472222,3.614
1.75716678416667,3.625,1.7572611225,3.635,1.75720692138889,3.614
1.75744436388889,3.625,1.75753907277778,3.635,1.75748429916667,3.614
1.75772225972222,3.625,1.75781727972222,3.635,1.75776233527778,3.625
1.758000225,3.625,1.75809524916667,3.635,1.75804060833333,3.614
1.75827782138889,3.625,1.75837292111111,3.645,1.75831816194444,3.614
1.75855566611111,3.625,1.75865091138889,3.635,1.75859616194444,3.614
1.75883380861111,3.625,1.75892822555556,3.635,1.7588738075,3.614
1.759111425,3.625,1.75920656972222,3.635,1.7591516475,3.614
1.75938944416667,3.625,1.75948429555556,3.645,1.75942935833333,3.625
1.75966714444444,3.625,1.75976213777778,3.635,1.75970744,3.614
1.75994528805556,3.625,1.76003998916667,3.635,1.75998536194444,3.614
1.76022320416667,3.625,1.76031787361111,3.635,1.76026329694444,3.614
1.76050089638889,3.625,1.76059549888889,3.635,1.76054126527778,3.614
1.76077863,3.625,1.76087349777778,3.645,1.76081927583333,3.614
1.76105656027778,3.625,1.76115130472222,3.635,1.7610969225,3.614
1.76133458472222,3.635,1.76142885055556,3.635,1.76137466055556,3.614
1.76161235777778,3.635,1.76170683027778,3.635,1.76165261138889,3.614
1.76189028361111,3.625,1.76198474111111,3.645,1.76193035555556,3.614
1.76216796388889,3.625,1.76226244972222,3.645,1.76220822416667,3.625
1.76244595638889,3.625,1.76254053694444,3.635,1.76248628805556,3.614
1.76272338944444,3.635,1.76281808333333,3.635,1.76276425416667,3.625
1.76300107916667,3.625,1.76309612472222,3.635,1.76304214972222,3.614
1.7632789,3.635,1.76337389666667,3.635,1.76332019638889,3.625
1.76355677888889,3.625,1.76365211138889,3.645,1.76359825694444,3.625
1.7638351375,3.625,1.76392970611111,3.645,1.763876185,3.614
1.76411266472222,3.635,1.76420739694444,3.645,1.76415417,3.625
1.76439027416667,3.625,1.76448521916667,3.635,1.76443184055556,3.614
1.76466853138889,3.625,1.76476339055556,3.635,1.76470988416667,3.614
1.76494629305556,3.625,1.76504100388889,3.645,1.76498780555556,3.614
1.76522434527778,3.625,1.7653189325,3.635,1.76526588138889,3.614
1.76550164638889,3.625,1.76559683583333,3.645,1.76554395916667,3.614
1.76577983805556,3.635,1.76587475805556,3.635,1.76582181972222,3.614
1.76605749194444,3.635,1.76615260222222,3.635,1.76609938277778,3.614
1.76633566222222,3.625,1.76643046944444,3.635,1.76637717277778,3.614
1.76661364527778,3.625,1.76670846861111,3.645,1.76665496444444,3.625
1.76689185361111,3.635,1.76698631194444,3.635,1.76693235472222,3.614
1.76716947833333,3.635,1.76726378138889,3.635,1.76721057527778,3.625
1.76744717222222,3.635,1.76754161555556,3.635,1.76748819972222,3.625
1.76772535361111,3.635,1.76781979111111,3.645,1.7677662675,3.614
1.76800322166667,3.635,1.76809784166667,3.635,1.76804412666667,3.625
1.7682810275,3.625,1.7683755475,3.635,1.76832226277778,3.625
1.76855881083333,3.635,1.76865362972222,3.635,1.76860032666667,3.625
1.76883644916667,3.625,1.76893135916667,3.635,1.76887811555556,3.625
1.76911419888889,3.635,1.76920908194444,3.645,1.76915573638889,3.614
1.76939249555556,3.635,1.76948714611111,3.635,1.76943364166667,3.614
1.76967035055556,3.625,1.76976459861111,3.645,1.76971142722222,3.614
1.76994825361111,3.625,1.77004258583333,3.635,1.76998900888889,3.625
1.77022594083333,3.635,1.7703203425,3.635,1.77026691388889,3.614
1.77050370083333,3.625,1.77059793111111,3.635,1.77054484388889,3.625
1.7707814575,3.625,1.77087593972222,3.635,1.77082284583333,3.614
1.77105950305556,3.635,1.77115397222222,3.635,1.77110069805556,3.625
1.77133722555556,3.635,1.77143181083333,3.645,1.77137840694444,3.625
1.77161510944444,3.635,1.77170960611111,3.635,1.77165640333333,3.625
1.77189282416667,3.635,1.77198759333333,3.635,1.77193420583333,3.625
1.77217090583333,3.635,1.77226545055556,3.645,1.77221227138889,3.625
1.77244868055556,3.635,1.77254348388889,3.635,1.77249025666667,3.625
1.77272656416667,3.635,1.77282091666667,3.645,1.77276808166667,3.625
1.77300413055556,3.635,1.77309884083333,3.645,1.77304576166667,3.625
1.773282145,3.635,1.77337686861111,3.645,1.77332369111111,3.625
1.77355976027778,3.635,1.77365468777778,3.645,1.77360138888889,3.614
1.77383740388889,3.635,1.77393249222222,3.645,1.77387902472222,3.614
1.77411571194444,3.635,1.7742101675,3.645,1.77415681388889,3.625
1.77439344722222,3.635,1.77448826527778,3.645,1.77443521138889,3.625
1.774671195,3.635,1.77476646166667,3.645,1.77471295972222,3.625
1.77494906583333,3.635,1.775044045,3.635,1.77499062555556,3.625
1.77522707694444,3.625,1.77532182277778,3.645,1.77526859388889,3.625
1.77550496833333,3.635,1.77559975555556,3.635,1.77554599805556,3.625
1.77578302916667,3.635,1.775877685,3.645,1.77582440611111,3.625
1.77606096972222,3.635,1.77615551222222,3.645,1.77610220111111,3.614
1.77633875944444,3.635,1.77643329444444,3.635,1.77638012472222,3.625
1.77661649777778,3.635,1.77671122666667,3.645,1.77665780527778,3.625
1.77689429722222,3.635,1.77698889222222,3.645,1.77693580083333,3.625
1.77717172555556,3.635,1.77726656166667,3.635,1.77721375916667,3.625
1.77744996638889,3.635,1.77754464416667,3.635,1.77749172666667,3.625
1.77772842277778,3.635,1.7778220975,3.645,1.77776986972222,3.625
1.77800618638889,3.635,1.77810061194444,3.635,1.77804763861111,3.625
1.77828420805556,3.635,1.77837811472222,3.635,1.77832584138889,3.625
1.77856209333333,3.625,1.77865606138889,3.635,1.7786032625,3.625
1.77884005166667,3.635,1.77893389722222,3.645,1.77888125194444,3.625
1.77911773,3.635,1.77921207277778,3.645,1.779159155,3.625
1.77939526111111,3.635,1.77948986638889,3.645,1.77943669777778,3.625
1.77967333027778,3.635,1.77976749388889,3.645,1.77971480722222,3.625
1.77995127861111,3.635,1.78004524472222,3.635,1.77999232694444,3.625
1.78022914888889,3.635,1.78032294416667,3.645,1.78027011277778,3.625
1.78050669888889,3.635,1.7806009425,3.635,1.78054802361111,3.625
1.780784935,3.635,1.78087879611111,3.635,1.78082569444444,3.625
1.78106314222222,3.635,1.78115657833333,3.645,1.7811038975,3.625
1.78134074694444,3.635,1.78143472805556,3.645,1.78138140361111,3.625
1.78161868861111,3.635,1.78171254944444,3.645,1.78165954027778,3.625
1.78189663055556,3.635,1.78199022527778,3.645,1.78193748027778,3.625
1.78217462138889,3.635,1.78226772,3.635,1.78221516611111,3.625
1.78245301555556,3.635,1.78254585333333,3.645,1.78249329083333,3.625
1.78273062361111,3.635,1.78282353944444,3.635,1.78277120194444,3.625
1.7830086175,3.635,1.78310149555556,3.645,1.78304891083333,3.625
1.78328682166667,3.635,1.7833798325,3.635,1.78332659555556,3.625
1.78356444222222,3.635,1.78365717777778,3.635,1.78360434833333,3.625
1.78384226583333,3.635,1.78393511138889,3.635,1.78388266166667,3.625
1.78412000527778,3.635,1.78421315166667,3.645,1.78416038277778,3.625
1.78439761416667,3.635,1.78449097027778,3.635,1.78443827527778,3.625
1.78467578666667,3.635,1.78476925861111,3.635,1.78471607583333,3.625
1.78495409833333,3.635,1.7850469125,3.635,1.78499370583333,3.625
1.78523165388889,3.635,1.78532481277778,3.645,1.78527137166667,3.625
1.78550987138889,3.635,1.78560280638889,3.645,1.78554908111111,3.625
1.78578719138889,3.635,1.78588050972222,3.645,1.78582722361111,3.625
1.78606538694444,3.635,1.7861581375,3.645,1.78610532972222,3.625
1.7863434175,3.635,1.78643611,3.635,1.78638311944444,3.625
1.78662129555556,3.635,1.78671382361111,3.645,1.78666118222222,3.625
1.78689919333333,3.635,1.78699184972222,3.645,1.78693854611111,3.625
1.78717723638889,3.635,1.78726974833333,3.645,1.78721628388889,3.625
1.78745507583333,3.635,1.78754748194444,3.645,1.78749406583333,3.625
1.78773300333333,3.635,1.78782515888889,3.635,1.787772215,3.625
1.78801031166667,3.635,1.788103095,3.645,1.78804986166667,3.625
1.78828839277778,3.635,1.78838091638889,3.645,1.78832800277778,3.625
1.78856600138889,3.635,1.78865901083333,3.635,1.78860587083333,3.625
1.78884433388889,3.635,1.78893662166667,3.635,1.78888347861111,3.625
1.78912210055556,3.635,1.78921463944444,3.645,1.78916123638889,3.625
1.78939961305556,3.635,1.7894925425,3.645,1.78943880361111,3.625
1.78967752138889,3.635,1.78977048194444,3.645,1.78971705583333,3.625
1.78995577444444,3.635,1.7900486925,3.645,1.78999512361111,3.625
1.79023359166667,3.635,1.79032638472222,3.645,1.79027314,3.625
1.79051152416667,3.635,1.79060442777778,3.645,1.79055099,3.625
1.79078886388889,3.635,1.79088221111111,3.645,1.79082890472222,3.625
1.79106718361111,3.635,1.79115970638889,3.645,1.79110657888889,3.625
1.79134476333333,3.635,1.79143751777778,3.645,1.79138469055556,3.625
1.79162302027778,3.635,1.79171569888889,3.635,1.79166237388889,3.625
1.79190110861111,3.635,1.79199356055556,3.645,1.79194059916667,3.625
1.79217890222222,3.635,1.79227130833333,3.645,1.79221794472222,3.625
1.79245663444444,3.635,1.79254920083333,3.635,1.79249648083333,3.625
1.79273437444444,3.635,1.79282701305556,3.645,1.79277402277778,3.625
1.79301243972222,3.635,1.79310509305556,3.645,1.793051865,3.625
1.79329046916667,3.635,1.79338299333333,3.645,1.79332969,3.625
1.79356827305556,3.635,1.79366071166667,3.645,1.79360710888889,3.625
1.79384599055556,3.635,1.79393837583333,3.645,1.79388537138889,3.625
1.7941238325,3.635,1.79421646611111,3.635,1.79416327027778,3.625
1.79440173861111,3.635,1.79449401111111,3.645,1.79444160083333,3.625
1.79467968805556,3.635,1.79477174416667,3.645,1.79471932027778,3.625
1.79495777416667,3.635,1.79504941444444,3.645,1.79499728277778,3.625
1.79523553083333,3.635,1.79532710555556,3.645,1.79527502583333,3.625
1.79551343777778,3.635,1.79560489833333,3.645,1.79555274972222,3.625
1.7957910375,3.635,1.79588300166667,3.645,1.79583049444444,3.625
1.79606900083333,3.635,1.79616058361111,3.635,1.7961086525,3.625
1.79634674138889,3.635,1.79643843888889,3.645,1.79638662527778,3.625
1.79662479333333,3.635,1.79671620972222,3.645,1.79666446305556,3.625
1.79690271611111,3.635,1.79699400555556,3.645,1.79694263472222,3.625
1.79718074805556,3.635,1.79727175333333,3.645,1.79722021361111,3.625
1.79745875722222,3.635,1.79754962027778,3.645,1.79749818722222,3.625
1.79773607638889,3.635,1.79782773694444,3.635,1.79777578666667,3.625
1.79801456638889,3.635,1.79810542888889,3.645,1.79805365694444,3.625
1.79829228666667,3.635,1.79838325472222,3.645,1.7983317725,3.625
1.79857039972222,3.635,1.79866086805556,3.635,1.79860902194444,3.625
1.79884836611111,3.635,1.79893863333333,3.645,1.79888720138889,3.625
1.79912627166667,3.635,1.79921679166667,3.645,1.79916553444444,3.625
1.79940427055556,3.635,1.79949513555556,3.645,1.79944322972222,3.625
1.79968213333333,3.635,1.79977270666667,3.635,1.79972136138889,3.625
1.79996023305556,3.635,1.80005020388889,3.645,1.79999904194444,3.625
1.80023817972222,3.635,1.80032815972222,3.635,1.80027708833333,3.625
1.80051598833333,3.635,1.80060593722222,3.645,1.80055495027778,3.625
1.80079406333333,3.635,1.80088394472222,3.645,1.80083310138889,3.625
1.80107175138889,3.645,1.80116164888889,3.635,1.8011109025,3.625
1.80134918472222,3.635,1.80143952555556,3.635,1.80138854277778,3.625
1.80162715583333,3.635,1.80171759333333,3.645,1.80166648694444,3.625
1.80190503,3.635,1.80199524333333,3.645,1.80194431888889,3.625
1.80218274305556,3.635,1.80227339305556,3.645,1.8022221425,3.625
1.80246061055556,3.635,1.80255107,3.635,1.80250026583333,3.625
1.80273882777778,3.635,1.8028292325,3.645,1.80277844444444,3.625
1.80301690583333,3.635,1.80310686472222,3.645,1.80305605305556,3.625
1.80329453138889,3.635,1.80338511055556,3.635,1.80333370861111,3.625
1.80357249444444,3.635,1.80366282194444,3.645,1.80361157333333,3.625
1.8038504075,3.635,1.80394049222222,3.645,1.80388927388889,3.625
1.80412835166667,3.635,1.80421835527778,3.635,1.80416715083333,3.625
1.80440627138889,3.635,1.80449613833333,3.645,1.80444483055556,3.625
1.80468392277778,3.635,1.80477389861111,3.645,1.80472246166667,3.625
1.804961615,3.645,1.80505159611111,3.645,1.80500068888889,3.625
1.80523944,3.645,1.80532948055556,3.645,1.80527795555556,3.625
1.80551731055556,3.645,1.80560751888889,3.645,1.80555621833333,3.625
1.80579550222222,3.635,1.80588512333333,3.645,1.80583374611111,3.625
1.80607312722222,3.635,1.80616278833333,3.635,1.80611204111111,3.625
1.80635126722222,3.635,1.80644079027778,3.645,1.80638963805556,3.625
1.80662925277778,3.635,1.80671894055556,3.645,1.80666738583333,3.625
1.8069071275,3.635,1.80699675694444,3.635,1.80694493361111,3.625
1.80718477083333,3.635,1.80727433916667,3.645,1.80722308611111,3.625
1.80746266416667,3.635,1.80755214694444,3.645,1.80750043833333,3.625
1.80774021416667,3.635,1.80783021555556,3.645,1.80777817777778,3.625
1.80801788833333,3.635,1.80810792,3.645,1.80805627916667,3.625
1.80829590166667,3.635,1.80838573222222,3.645,1.80833412444444,3.635
1.80857348111111,3.635,1.80866375222222,3.645,1.80861152583333,3.625
1.80885129361111,3.635,1.80894145777778,3.645,1.80888933194444,3.625
1.80912918083333,3.635,1.80921917722222,3.635,1.80916746638889,3.625
1.80940712027778,3.635,1.80949725083333,3.635,1.80944525111111,3.625
1.80968542361111,3.635,1.80977502638889,3.645,1.80972298805556,3.625
1.80996293666667,3.635,1.81005266277778,3.635,1.8100009575,3.625
1.81024071472222,3.635,1.81033099611111,3.635,1.81027864611111,3.625
1.81051875694444,3.635,1.810608955,3.645,1.81055682916667,3.625
1.810796365,3.635,1.81088694055556,3.645,1.81083455194444,3.625
1.81107423138889,3.635,1.8111646725,3.645,1.811112505,3.625
1.81135202916667,3.645,1.81144257916667,3.645,1.81139032972222,3.625
1.81162993805556,3.635,1.81171992666667,3.645,1.81166836916667,3.625
1.81190784722222,3.635,1.81199809472222,3.645,1.81194610444444,3.625
1.81218565694444,3.645,1.81227604944444,3.645,1.8122238525,3.625
1.81246353166667,3.635,1.81255394972222,3.645,1.81250168833333,3.625
1.81274185694444,3.635,1.81283159555556,3.645,1.81277926555556,3.625
1.81301966277778,3.635,1.81310940305556,3.645,1.8130571675,3.625
1.81329740083333,3.635,1.81338739222222,3.645,1.81333518444444,3.625
1.81357530972222,3.635,1.81366571027778,3.645,1.81361340194444,3.625
1.81385321666667,3.635,1.81394360527778,3.645,1.81389097638889,3.625
1.81413083222222,3.645,1.81422141055556,3.645,1.81416901833333,3.625
1.81440853277778,3.635,1.81449928944444,3.645,1.81444646805556,3.625
1.81468632583333,3.635,1.81477731305556,3.645,1.81472434805556,3.625
1.81496443944444,3.635,1.81505513,3.645,1.81500234944444,3.625
1.81524269027778,3.635,1.81533309388889,3.645,1.81528001722222,3.625
1.81552034611111,3.635,1.81561070055556,3.645,1.81555797055556,3.625
1.8157982075,3.635,1.81588841722222,3.645,1.81583598083333,3.625
1.8160761275,3.635,1.81616647388889,3.645,1.81611422055556,3.625
1.81635362027778,3.635,1.81644427583333,3.645,1.81639178694444,3.625
1.81663201888889,3.635,1.81672221611111,3.645,1.81666970138889,3.625
1.8169097775,3.635,1.81700009055556,3.645,1.81694760861111,3.625
1.81718771722222,3.645,1.81727780722222,3.645,1.81722543361111,3.625
1.81746555222222,3.635,1.81755547055556,3.645,1.81750334805556,3.625
1.81774335944444,3.645,1.81783356444444,3.645,1.81778081055556,3.625
1.81802106777778,3.635,1.81811115805556,3.645,1.81805901888889,3.625
1.81829892805556,3.635,1.8183889225,3.635,1.81833660916667,3.625
1.81857676305556,3.635,1.8186667425,3.645,1.81861434805556,3.625
1.8188546675,3.635,1.8189447975,3.645,1.81889257972222,3.625
1.81913237527778,3.635,1.81922264305556,3.645,1.81917012361111,3.625
1.81941052361111,3.645,1.8195007075,3.645,1.81944835861111,3.625
1.81968842444444,3.635,1.81977854722222,3.645,1.81972648472222,3.625
1.81996658916667,3.635,1.82005668166667,3.645,1.82000418805556,3.625
1.82024429916667,3.635,1.82033454583333,3.645,1.8202824125,3.625
1.82052188805556,3.645,1.82061244472222,3.645,1.82056029361111,3.625
1.82079951138889,3.635,1.82089049861111,3.645,1.82083802527778,3.625
1.82107760472222,3.645,1.82116840166667,3.645,1.82111616722222,3.625
1.82135581305556,3.645,1.8214465,3.645,1.82139435194444,3.635
1.82163342555556,3.645,1.82172435638889,3.645,1.82167212388889,3.625
1.82191110305556,3.635,1.82200236638889,3.645,1.82194986805556,3.625
1.82218912916667,3.635,1.82227988611111,3.645,1.82222740416667,3.635
1.82246683722222,3.645,1.82255809888889,3.645,1.82250512361111,3.625
1.82274472805556,3.635,1.82283577388889,3.645,1.82278350666667,3.625
1.82302259861111,3.645,1.82311388416667,3.645,1.82306141277778,3.625
1.82330081277778,3.635,1.82339237222222,3.635,1.82333919916667,3.625
1.82357880555556,3.635,1.82367036583333,3.645,1.82361664944444,3.625
1.82385638777778,3.645,1.823948125,3.645,1.82389502305556,3.625
1.82413428861111,3.635,1.82422605361111,3.645,1.82417274833333,3.625
1.82441202555556,3.645,1.82450399,3.645,1.82445052388889,3.625
1.82468940805556,3.635,1.82478156944444,3.645,1.82472793777778,3.625
1.82496729305556,3.635,1.82505952277778,3.645,1.825006215,3.625
1.82524548083333,3.635,1.82533742861111,3.645,1.82528380944444,3.625
1.82552303666667,3.635,1.8256152875,3.645,1.82556170916667,3.635
1.82580117916667,3.635,1.82589268,3.645,1.82583931333333,3.625
1.82607886916667,3.635,1.82617087,3.645,1.82611681916667,3.635
1.82635654944444,3.645,1.82644850916667,3.645,1.8263950025,3.625
1.82663433722222,3.635,1.82672668416667,3.645,1.82667273138889,3.635
1.82691230611111,3.635,1.82700457138889,3.645,1.82695061888889,3.625
1.82719024694444,3.635,1.82728215833333,3.645,1.82722846166667,3.635
1.82746848583333,3.645,1.82755990527778,3.645,1.82750654805556,3.635
1.82774626083333,3.635,1.82783775138889,3.645,1.82778452027778,3.625
1.82802433111111,3.635,1.82811622361111,3.645,1.82806252166667,3.625
1.82830205138889,3.635,1.82839384833333,3.645,1.82834020277778,3.625
1.82857986861111,3.635,1.82867175805556,3.645,1.82861806194444,3.625
1.82885764388889,3.635,1.82894927472222,3.645,1.82889570222222,3.635
1.82913535416667,3.645,1.82922683305556,3.645,1.82917347555556,3.625
1.82941330944444,3.645,1.82950500472222,3.635,1.82945161138889,3.635
1.82969113638889,3.635,1.82978274027778,3.645,1.82972937194444,3.625
1.82996904555556,3.645,1.83006066555556,3.645,1.83000722472222,3.625
1.83024677972222,3.645,1.83033852361111,3.645,1.83028498583333,3.625
1.83052497222222,3.645,1.83061610472222,3.645,1.83056274361111,3.635
1.83080317083333,3.645,1.83089397972222,3.645,1.83084088888889,3.635
1.83108088916667,3.635,1.83117210138889,3.645,1.83111847138889,3.625
1.83135901722222,3.645,1.83145013805556,3.645,1.83139630638889,3.625
1.83163724555556,3.645,1.831727715,3.645,1.83167380666667,3.625
1.83191491222222,3.635,1.83200536361111,3.645,1.83195232333333,3.635
1.83219289055556,3.635,1.8322832375,3.645,1.83223008055556,3.625
1.83247071277778,3.645,1.83256107694444,3.645,1.83250807222222,3.635
1.83274827194444,3.635,1.83283887944444,3.645,1.83278593333333,3.635
1.83302629694444,3.645,1.83311688222222,3.645,1.83306350527778,3.635
1.83330435861111,3.635,1.83339487361111,3.645,1.83334138333333,3.625
1.83358245916667,3.645,1.83367262694444,3.645,1.833619155,3.635
1.83386031916667,3.645,1.83395087666667,3.645,1.8338971825,3.625
1.8341381575,3.635,1.8342285225,3.645,1.83417482333333,3.635
1.83441564944444,3.635,1.83450658472222,3.645,1.83445288694444,3.635
1.83469387972222,3.635,1.83478443666667,3.645,1.83473083333333,3.635
1.83497144194444,3.635,1.83506231555556,3.645,1.83500879527778,3.625
1.83524918222222,3.635,1.835340095,3.635,1.83528702888889,3.625
1.83552705138889,3.635,1.83561813888889,3.645,1.83556509,3.635
1.83580473805556,3.645,1.83589579277778,3.645,1.83584288861111,3.625
1.83608277416667,3.645,1.83617398527778,3.635,1.83612059333333,3.635
1.83636046805556,3.635,1.83645188416667,3.645,1.83639861666667,3.625
1.83663877833333,3.645,1.83672970027778,3.645,1.836676685,3.625
1.83691627194444,3.645,1.83700729722222,3.645,1.8369546175,3.625
1.83719443611111,3.635,1.83728529027778,3.645,1.83723271277778,3.625
1.83747219916667,3.645,1.83756299972222,3.645,1.83751068805556,3.625
1.83774991611111,3.645,1.8378412375,3.645,1.83778852333333,3.635
1.83802790388889,3.645,1.83811904972222,3.645,1.83806628722222,3.625
1.83830568416667,3.635,1.83839701527778,3.645,1.83834402972222,3.625
1.83858352277778,3.645,1.83867477805556,3.645,1.83862199194444,3.635
1.83886091666667,3.635,1.83895254111111,3.645,1.83889989138889,3.635
1.83913906861111,3.635,1.83922993555556,3.645,1.83917795722222,3.635
1.83941686916667,3.635,1.83950819111111,3.645,1.839455505,3.635
1.83969477944444,3.645,1.83978597388889,3.645,1.83973372333333,3.635
1.83997261777778,3.635,1.8400641925,3.645,1.84001144222222,3.635
1.84025071527778,3.645,1.84034199722222,3.645,1.84028892277778,3.635
1.84052823055556,3.645,1.84062009694444,3.635,1.84056690583333,3.625
1.84080584277778,3.645,1.84089761138889,3.645,1.84084495916667,3.635
1.84108396055556,3.645,1.84117574166667,3.645,1.84112315,3.635
1.84136173222222,3.645,1.84145398388889,3.645,1.84140078138889,3.625
1.84163931861111,3.645,1.84173155694444,3.645,1.84167826138889,3.635
1.84191719722222,3.645,1.84200958666667,3.645,1.84195646222222,3.635
1.84219541416667,3.635,1.842287185,3.645,1.84223433,3.635
1.84247347833333,3.635,1.84256488916667,3.645,1.84251256472222,3.635
1.84275139055556,3.645,1.84284273361111,3.645,1.84279014805556,3.625
1.84302916972222,3.645,1.84312082,3.645,1.84306818472222,3.625
1.84330697444444,3.645,1.84339866083333,3.645,1.84334542555556,3.635
1.84358487083333,3.635,1.84367624027778,3.645,1.84362353111111,3.635
1.8438625375,3.635,1.8439542275,3.645,1.84390123,3.625
1.84414063166667,3.645,1.84423225555556,3.645,1.84417894472222,3.635
1.84441850166667,3.645,1.84451050888889,3.635,1.84445658277778,3.635
1.84469618611111,3.645,1.84478853305556,3.645,1.84473470944444,3.635
1.84497393972222,3.645,1.845066365,3.645,1.84501251527778,3.635
1.84525184027778,3.645,1.84534422277778,3.645,1.84529047166667,3.635
1.84552957305556,3.645,1.84562190027778,3.645,1.8455683075,3.635
1.84580779611111,3.645,1.84589948611111,3.645,1.84584616527778,3.625
1.84608555916667,3.645,1.846177815,3.645,1.84612392861111,3.625
1.84636357444444,3.635,1.84645597305556,3.635,1.84640169805556,3.635
1.84664168333333,3.645,1.84673349361111,3.645,1.84667938,3.635
1.84691917527778,3.645,1.84701163388889,3.645,1.84695696166667,3.635
1.84719758111111,3.645,1.84728958333333,3.645,1.84723517083333,3.635
1.84747543944444,3.635,1.84756713638889,3.645,1.84751274555556,3.635
1.847753095,3.645,1.84784502638889,3.645,1.84779116138889,3.625
1.84803071611111,3.645,1.8481226675,3.645,1.84806908916667,3.625
1.84830832388889,3.645,1.84840117388889,3.645,1.84834757138889,3.635
1.848586455,3.645,1.84867869722222,3.645,1.84862519,3.635
1.84886413583333,3.635,1.84895673111111,3.645,1.84890287638889,3.635
1.84914223194444,3.645,1.84923437833333,3.645,1.84918094222222,3.635
1.84942022972222,3.645,1.84951238944444,3.645,1.84945847444444,3.635
1.84969814416667,3.645,1.84979018666667,3.645,1.84973643861111,3.635
1.84997602194444,3.645,1.85006833444444,3.645,1.85001427527778,3.635
1.850253755,3.645,1.85034602166667,3.645,1.85029222722222,3.635
1.85053146527778,3.645,1.85062379972222,3.645,1.85057015194444,3.635
1.85080963333333,3.645,1.8509019175,3.645,1.85084789333333,3.635
1.85108735555556,3.645,1.85118018388889,3.635,1.85112573222222,3.625
1.851365445,3.645,1.85145816611111,3.635,1.85140376333333,3.635
1.85164325055556,3.645,1.85173544805556,3.635,1.85168144555556,3.635
1.85192096777778,3.635,1.85201342861111,3.635,1.85195928833333,3.625
1.85219864277778,3.645,1.85229117777778,3.635,1.85223731777778,3.635
1.85247666583333,3.645,1.85256928944444,3.635,1.85251476944444,3.635
1.852754885,3.645,1.85284659027778,3.625,1.85279288972222,3.635
1.85303224472222,3.645,1.85312458111111,3.625,1.85307071,3.635
1.85331034805556,3.645,1.85340260722222,3.635,1.85334847805556,3.635
1.85358776861111,3.645,1.85368019083333,3.635,1.85362624527778,3.635
1.85386606416667,3.635,1.85395803388889,3.625,1.85390452083333,3.635
1.85414403305556,3.635,1.85423592305556,3.625,1.85418237277778,3.635
1.85442172694444,3.645,1.85451376638889,3.625,1.8544601425,3.635
1.8546994625,3.645,1.85479132472222,3.625,1.85473813694444,3.635
1.85497723777778,3.645,1.85506940666667,3.625,1.85501605305556,3.625
1.85525505861111,3.635,1.85534701166667,3.625,1.85529387777778,3.635
1.85553296805556,3.645,1.85562512777778,3.625,1.85557190833333,3.635
1.85581076277778,3.645,1.8559030725,3.625,1.85584954833333,3.635
1.8560887175,3.635,1.85618113194444,3.625,1.85612760555556,3.635
1.85636660416667,3.645,1.856458795,3.625,1.85640522694444,3.635
1.85664445972222,3.645,1.85673681805556,3.614,1.85668320833333,3.635
1.85692273,3.645,1.85701432194444,3.625,1.85696109361111,3.635
1.85720084138889,3.645,1.85729252472222,3.614,1.85723893944444,3.635
1.85747868805556,3.645,1.8575700275,3.614,1.857516945,3.635
1.85775651388889,3.645,1.85784803333333,3.614,1.85779491805556,3.635
1.85803413972222,3.645,1.85812586555556,3.614,1.85807286138889,3.635
1.85831211222222,3.645,1.85840365722222,3.614,1.85835095666667,3.635
1.85858968361111,3.645,1.85868169305556,3.614,1.85862893083333,3.635
1.85886766583333,3.645,1.85895964444444,3.614,1.85890690694444,3.635
1.85914522638889,3.645,1.85923732305556,3.614,1.85918471444444,3.635
1.85942304805556,3.635,1.85951536027778,3.614,1.85946209444444,3.635
1.85970094388889,3.645,1.85979303333333,3.614,1.85973997805556,3.635
1.85997855888889,3.645,1.86007080222222,3.614,1.86001784805556,3.635
1.86025648527778,3.645,1.86034867388889,3.614,1.86029597944444,3.635
1.86053422194444,3.645,1.86062667972222,3.614,1.86057409194444,3.635
1.86081204638889,3.635,1.86090438694444,3.614,1.86085186416667,3.635
1.86108989527778,3.645,1.86118251694444,3.614,1.86112982472222,3.635
1.86136792416667,3.645,1.86146019861111,3.604,1.86140755666667,3.635
1.86164554277778,3.645,1.86173821638889,3.604,1.86168522972222,3.635
1.86192324527778,3.645,1.86201616083333,3.614,1.86196343083333,3.635
1.86220157194444,3.635,,,1.86224141611111,3.635
1.86247939138889,3.645,,,1.86251923194444,3.635
1.86275719333333,3.645,,,1.86279696638889,3.635
1.86303508944444,3.645,,,1.86307430055556,3.635
1.86331258944444,3.645,,,1.86335236611111,3.635
1.86359027333333,3.645,,,1.86363026388889,3.635
1.86386808194444,3.645,,,1.86390762944444,3.635
1.86414590527778,3.635,,,1.86418616944444,3.635
1.86442411083333,3.635,,,1.86446392777778,3.635
1.86470200277778,3.645,,,1.86474186083333,3.635
1.86497946388889,3.645,,,1.86501984638889,3.635
1.86525763805556,3.645,,,1.8652975525,3.635
1.86553606472222,3.645,,,1.86557551916667,3.635
1.865813685,3.645,,,1.86585305388889,3.635
1.86609162694444,3.645,,,1.86613105972222,3.635
1.86636945166667,3.645,,,1.86640868361111,3.635
1.86664725555556,3.645,,,1.86668706361111,3.635
1.86692518611111,3.635,,,1.86696494888889,3.635
1.86720299722222,3.635,,,1.86724307,3.635
1.86748078416667,3.635,,,1.86752105888889,3.635
1.86775861694444,3.635,,,1.86779873583333,3.635
1.868036825,3.645,,,1.868076235,3.635
1.86831447388889,3.645,,,1.86835452722222,3.635
1.86859229666667,3.635,,,1.868631935,3.635
1.86887005305556,3.645,,,1.86891010611111,3.635
1.86914787805556,3.645,,,1.86918842583333,3.635
1.86942556416667,3.645,,,1.86946650138889,3.635
1.86970346694444,3.645,,,1.86974476777778,3.635
1.86998156777778,3.645,,,1.87002281555556,3.635
1.870259155,3.645,,,1.87030092138889,3.635
1.87053739194444,3.645,,,1.87057872333333,3.635
1.8708149075,3.645,,,1.87085598833333,3.635
1.87109292166667,3.635,,,1.87113386361111,3.635
1.87137058194444,3.645,,,1.87141211416667,3.635
1.87164867583333,3.645,,,1.87168984638889,3.635
1.87192674777778,3.645,,,1.87196786861111,3.635
1.87220479972222,3.645,,,1.8722456125,3.635
1.87248261638889,3.635,,,1.87252338444444,3.635
1.87276041166667,3.645,,,1.87280097277778,3.635
1.87303813166667,3.645,,,1.87307954083333,3.635
1.87331572083333,3.645,,,1.87335753638889,3.635
1.873593855,3.645,,,1.87363487388889,3.635
1.87387189277778,3.645,,,1.87391296805556,3.635
1.87414948861111,3.645,,,1.87419097583333,3.635
1.87442744833333,3.645,,,1.87446878888889,3.635
1.87470500305556,3.645,,,1.87474638638889,3.635
1.87498284416667,3.645,,,1.87502442611111,3.635
1.87526031111111,3.635,,,1.87530224138889,3.635
1.87553846111111,3.645,,,1.87558051027778,3.635
1.87581615527778,3.645,,,1.87585858805556,3.635
1.87609361944444,3.645,,,1.87613623777778,3.635
1.87637141972222,3.645,,,1.87641430611111,3.635
1.87664956861111,3.645,,,1.87669231972222,3.635
1.87692768361111,3.635,,,1.87696989277778,3.635
1.87720541805556,3.645,,,1.87724788861111,3.635
1.87748326833333,3.645,,,1.87752568083333,3.635
1.87776106027778,3.635,,,1.87780394805556,3.635
1.87803917833333,3.645,,,1.87808169194444,3.635
1.87831706722222,3.645,,,1.87835901055556,3.635
1.87859476611111,3.645,,,1.87863740722222,3.635
1.87887277166667,3.645,,,1.878915145,3.635
1.87915070305556,3.645,,,1.8791929875,3.635
1.87942847694444,3.645,,,1.87947098638889,3.635
1.87970618,3.645,,,1.87974860777778,3.635
1.87998432722222,3.635,,,1.88002670805556,3.635
1.88026188916667,3.645,,,1.8803047925,3.635
1.88053974305556,3.635,,,1.88058277916667,3.635
1.88081766055556,3.645,,,1.88086044138889,3.635
1.88109533972222,3.645,,,1.88113831361111,3.635
1.88137367666667,3.645,,,1.88141620361111,3.635
1.88165117666667,3.645,,,1.88169412083333,3.635
1.88192935305556,3.645,,,1.88197227694444,3.635
1.88220741277778,3.645,,,1.88224978527778,3.635
1.88248501361111,3.645,,,1.8825278525,3.635
1.88276304333333,3.645,,,1.88280544916667,3.635
1.88304024972222,3.645,,,1.88308309527778,3.635
1.88331859888889,3.645,,,1.88336113361111,3.635
1.88359646305556,3.645,,,1.88363880083333,3.635
1.88387437222222,3.645,,,1.88391682194444,3.635
1.88415233861111,3.645,,,1.88419478805556,3.635
1.88443007833333,3.645,,,1.88447252611111,3.635
1.88470802583333,3.635,,,1.88475037305556,3.635
1.88498595388889,3.645,,,1.88502822944444,3.635
1.88526403305556,3.645,,,1.88530574388889,3.635
1.8855415825,3.645,,,1.8855834375,3.635
1.8858192225,3.645,,,1.885861035,3.635
1.88609757722222,3.635,,,1.88613926,3.635
1.8863752275,3.645,,,1.88641707888889,3.635
1.88665305444444,3.645,,,1.88669508777778,3.635
1.88693067083333,3.645,,,1.88697291638889,3.635
1.88720831666667,3.645,,,1.88725057194444,3.635
1.88748662333333,3.645,,,1.88752853805556,3.635
1.88776447972222,3.635,,,1.88780603805556,3.635
1.88804216138889,3.645,,,1.88808425194444,3.645
1.88831991777778,3.645,,,1.88836253638889,3.635
1.88859774888889,3.645,,,1.88863994305556,3.635
1.8888757125,3.645,,,1.88891818416667,3.635
1.88915359888889,3.645,,,1.88919547166667,3.635
1.8894314425,3.635,,,1.88947367944444,3.635
1.88970892861111,3.645,,,1.88975133666667,3.635
1.88998715722222,3.645,,,1.89002922055556,3.635
1.89026475861111,3.645,,,1.89030680333333,3.635
1.89054266666667,3.645,,,1.89058465527778,3.635
1.89082025666667,3.645,,,1.89086281388889,3.635
1.89109817027778,3.645,,,1.89114045277778,3.635
1.8913764925,3.645,,,1.89141868055556,3.635
1.89165423611111,3.645,,,1.89169632388889,3.635
1.89193211194444,3.645,,,1.89197416972222,3.635
1.89220982277778,3.645,,,1.89225232472222,3.635
1.8924879,3.645,,,1.89253000083333,3.635
1.89276570138889,3.645,,,1.89280776972222,3.635
1.89304342888889,3.645,,,1.89308561027778,3.635
1.89332137888889,3.645,,,1.89336319055556,3.635
1.89359930027778,3.645,,,1.89364106222222,3.635
1.89387708111111,3.645,,,1.89391888611111,3.635
1.894154705,3.645,,,1.89419688166667,3.635
1.8944329425,3.645,,,1.89447482833333,3.635
1.8947106875,3.645,,,1.89475267333333,3.635
1.89498814972222,3.645,,,1.89503113861111,3.635
1.89526611833333,3.645,,,1.89530890916667,3.635
1.89554395055556,3.645,,,1.8955869725,3.635
1.89582166222222,3.645,,,1.89586478138889,3.635
1.89609947083333,3.645,,,1.89614243416667,3.635
1.89637745416667,3.635,,,1.89642000166667,3.635
1.89665556138889,3.645,,,1.8966978175,3.635
1.89693354,3.645,,,1.89697556222222,3.635
1.89721125416667,3.645,,,1.89725320944444,3.635
1.89748939416667,3.645,,,1.89753141222222,3.635
1.89776742138889,3.645,,,1.89780977527778,3.635
1.89804547972222,3.645,,,1.89808706555556,3.635
1.89832371777778,3.645,,,1.89836519027778,3.635
1.8986014725,3.645,,,1.89864280638889,3.635
1.89887909861111,3.645,,,1.89892088666667,3.635
1.89915697527778,3.645,,,1.89919880083333,3.635
1.89943482527778,3.645,,,1.89947677833333,3.635
1.89971240722222,3.645,,,1.89975459055556,3.625
1.89999031277778,3.645,,,1.90003238611111,3.625
1.90026815361111,3.645,,,1.9003102025,3.625
1.90054625277778,3.645,,,1.90058828972222,3.625
1.90082408722222,3.645,,,1.90086617333333,3.625
1.90110154833333,3.645
1.90137963583333,3.645
1.90165764861111,3.645
1.90193552083333,3.645
1.90221333194444,3.645
1.90249122861111,3.645
1.90276886666667,3.645
1.90304677222222,3.645
1.90332474638889,3.645
1.90360272611111,3.645
1.90388044722222,3.645
1.90415801277778,3.645
1.90443619638889,3.645
1.90471404611111,3.645
1.90499147277778,3.645
1.90526963416667,3.645
1.90554761583333,3.645
1.90582501222222,3.645
1.90610276833333,3.645
1.90638078027778,3.645
1.90665837138889,3.645
1.90693614444444,3.645
1.90721446777778,3.645
1.90749229972222,3.645
1.90776975111111,3.645
1.90804784444444,3.645
1.90832579,3.645
1.90860374444444,3.645
1.90888151638889,3.645
1.9091591725,3.645
1.90943729222222,3.645
1.90971537138889,3.645
1.9099933975,3.645
1.91027132444444,3.645
1.91054934166667,3.645
1.91082703,3.645
1.91110483638889,3.645
1.91138273138889,3.645
1.91166101,3.645
1.91193882361111,3.645
1.91221635472222,3.645
1.91249448055556,3.645
1.912772415,3.645
1.91305035194444,3.645
1.91332797111111,3.645
1.91360574138889,3.645
1.9138837075,3.645
1.91416188111111,3.645
1.91443983611111,3.645
1.91471765611111,3.645
1.91499546472222,3.645
1.91527314444444,3.645
1.91555081805556,3.645
1.91582851,3.645
1.91610647444444,3.635
1.91638418777778,3.645
1.916662155,3.645
1.91694022055556,3.645
1.91721793861111,3.645
1.91749585888889,3.645
1.91777380194444,3.645
1.91805185194444,3.645
1.91832917944444,3.645
1.91860766166667,3.645
1.91888547777778,3.645
1.91916352611111,3.645
1.91944120111111,3.635
1.91971933083333,3.645
1.91999711888889,3.645
1.92027472861111,3.645
1.920552755,3.645
1.92083083694444,3.645
1.92110877305556,3.645
1.92138682083333,3.645
1.92166462416667,3.645
1.92194225388889,3.645
1.92222011833333,3.645
1.92249778388889,3.645
1.92277552083333,3.645
1.92305348833333,3.645
1.92333116305556,3.645
1.92360917583333,3.645
1.92388696805556,3.635
1.92416508027778,3.645
1.92444348277778,3.645
1.92472132833333,3.645
1.924998985,3.645
1.92527704416667,3.645
1.92555483972222,3.645
1.92583292305556,3.645
1.92611097805556,3.645
1.92638879972222,3.645
1.92666669777778,3.645
1.92694442527778,3.645
1.92722264527778,3.645
1.92750043166667,3.645
1.92777838166667,3.645
1.92805588416667,3.645
1.92833357555556,3.645
1.92861179555556,3.645
1.92888963833333,3.645
1.9291673125,3.645
1.92944491527778,3.645
1.92972276222222,3.645
1.9300004525,3.645
1.93027844861111,3.645
1.93055614305556,3.645
1.93083404444444,3.645
1.93111171583333,3.645
1.93138966583333,3.645
1.93166794416667,3.645
1.93194567027778,3.645
1.9322231875,3.645
1.93250123861111,3.645
1.93277894166667,3.645
1.93305638166667,3.645
1.93333448,3.645
1.93361245,3.645
1.93389045083333,3.645
1.93416785,3.645
1.93444621833333,3.645
1.93472384333333,3.645
1.93500184,3.645
1.93527916277778,3.645
1.93555704555556,3.645
1.93583477638889,3.645
1.93611298305556,3.645
1.93639087527778,3.645
1.93666862388889,3.645
1.93694651916667,3.645
1.93722435166667,3.645
1.93750197694444,3.645
1.93777972388889,3.645
1.93805775138889,3.645
1.93833569416667,3.645
1.93861383111111,3.645
1.93889141305556,3.645
1.93916887027778,3.645
1.93944695194444,3.645
1.93972490111111,3.645
1.94000276944444,3.645
1.94028118861111,3.645
1.94055885638889,3.645
1.9408366575,3.645
1.94111421944444,3.645
1.9413922875,3.645
1.94167011555556,3.645
1.94194750638889,3.645
1.94222582416667,3.645
1.94250354305556,3.645
1.94278183777778,3.645
1.94305947611111,3.645
1.94333737638889,3.645
1.94361508361111,3.635
1.94389306611111,3.645
1.94417092694444,3.645
1.94444883055556,3.645
1.9447266875,3.645
1.94500472277778,3.645
1.94528264305556,3.645
1.9455607425,3.645
1.94583833916667,3.645
1.94611603416667,3.645
1.94639417138889,3.645
1.94667233444444,3.645
1.94694969305556,3.645
1.94722791972222,3.635
1.94750591361111,3.645
1.94778377222222,3.645
1.94806153861111,3.645
1.94833964805556,3.645
1.94861731555556,3.645
1.94889535166667,3.645
1.94917285805556,3.645
1.94945080166667,3.645
1.94972881555556,3.645
1.95000673305556,3.645
1.95028455083333,3.645
1.95056219222222,3.645
1.95084053138889,3.645
1.95111839388889,3.645
1.95139626666667,3.645
1.95167439861111,3.645
1.95195274055556,3.645
1.952230665,3.645
1.95250814194444,3.645
1.9527865475,3.645
1.95306412416667,3.645
1.95334205527778,3.645
1.9536201725,3.645
1.953898305,3.645
1.95417585611111,3.645
1.95445369777778,3.645
1.95473147444444,3.645
1.95500913611111,3.645
1.95528749916667,3.645
1.95556535472222,3.645
1.95584310972222,3.645
1.95612092722222,3.645
1.95639874833333,3.645
1.95667684333333,3.645
1.95695469583333,3.645
1.957232765,3.645
1.95751064083333,3.645
1.95778842972222,3.645
1.9580662325,3.645
1.95834396916667,3.645
1.95862202972222,3.645
1.95889983944444,3.645
1.95917768111111,3.645
1.95945509,3.645
1.95973321388889,3.645
1.96001158916667,3.645
1.96028886277778,3.645
1.96056704666667,3.645
1.96084519166667,3.645
1.96112280833333,3.645
1.96140095888889,3.645
1.96167904305556,3.645
1.96195712861111,3.645
1.96223484527778,3.645
1.96251258888889,3.645
1.96279076527778,3.645
1.96306853388889,3.645
1.96334649527778,3.645
1.96362442,3.645
1.9639019175,3.645
1.96417982277778,3.645
1.96445773777778,3.645
1.96473563611111,3.645
1.96501342583333,3.645
1.96529088638889,3.645
1.96556904916667,3.645
1.96584677583333,3.645
1.96612423083333,3.645
1.96640235388889,3.645
1.96668042388889,3.645
1.9669585225,3.645
1.96723609611111,3.645
1.96751424777778,3.645
1.96779218694444,3.645
1.96807043888889,3.645
1.96834811055556,3.645
1.96862550722222,3.645
1.96890378666667,3.645
1.96918168138889,3.645
1.96945949166667,3.645
1.969737375,3.645
1.97001500027778,3.645
1.97029303138889,3.645
1.97057114083333,3.645
1.97084900833333,3.645
1.97112658555556,3.645
1.97140443472222,3.645
1.97168223833333,3.645
1.97196023666667,3.645
1.97223795055556,3.645
1.97251581305556,3.645
1.97279357666667,3.645
1.97307153805556,3.645
1.97334960638889,3.645
1.97362759055556,3.645
1.97390493972222,3.645
1.97418311472222,3.645
1.97446064416667,3.645
1.97473885972222,3.645
1.97501665027778,3.645
1.9752944025,3.645
1.97557236777778,3.645
1.97585006055556,3.645
1.97612825416667,3.645
1.97640615055556,3.645
1.97668379,3.645
1.97696181555556,3.645
1.97723916638889,3.645
1.97751732972222,3.645
1.97779542388889,3.645
1.97807318111111,3.635
1.97835074527778,3.645
1.97862889277778,3.645
1.97890672083333,3.645
1.97918442694444,3.645
1.97946219361111,3.645
1.97973976166667,3.645
1.98001775666667,3.645
1.98029556277778,3.645
1.98057305444444,3.645
1.98085126333333,3.645
1.981129175,3.645
1.98140707694444,3.645
1.98168479583333,3.645
1.98196246805556,3.645
1.98224088583333,3.645
1.98251838694444,3.645
1.9827960575,3.645
1.98307425083333,3.645
1.98335195083333,3.645
1.98363048638889,3.635
1.98390802611111,3.645
1.98418587666667,3.645
1.98446364,3.645
1.98474135194444,3.645
1.98501929111111,3.645
1.98529697555556,3.645
1.98557511888889,3.645
1.98585316611111,3.645
1.98613097444444,3.645
1.98640912388889,3.645
1.98668720027778,3.645
1.98696486555556,3.645
1.98724268,3.645
1.98752047111111,3.645
1.98779849194444,3.645
1.98807621444444,3.645
1.98835384972222,3.645
1.98863200027778,3.645
1.9889098975,3.645
1.98918725527778,3.645
1.98946542111111,3.645
1.98974311555556,3.645
1.99002090694444,3.645
1.9902989775,3.645
1.9905766075,3.645
1.99085455138889,3.645
1.99113227361111,3.645
1.991410445,3.645
1.99168799527778,3.645
1.99196602333333,3.645
1.9922436,3.645
1.99252160416667,3.645
1.99279965388889,3.645
1.99307774527778,3.645
1.993355495,3.645
1.993633525,3.645
1.99391139611111,3.645
1.99418908583333,3.645
1.99446701583333,3.645
1.99474480861111,3.645
1.99502276444444,3.645
1.99530056194444,3.635
1.99557842111111,3.645
1.9958561125,3.645
1.99613365583333,3.645
1.99641183138889,3.645
1.99668935166667,3.645
1.99696766527778,3.645
1.99724503444444,3.645
1.99752316416667,3.645
1.99780088611111,3.645
1.99807861388889,3.645
1.99835637611111,3.645
1.99863431611111,3.645
1.99891241277778,3.645
1.99919004305556,3.645
1.99946828388889,3.645
1.99974589555556,3.645
2.00002376944444,3.645
2.00030158861111,3.645
2.00057932972222,3.645
2.00085721166667,3.645
2.00113493305556,3.645
2.00141288861111,3.645
2.0016907475,3.645
2.00196851944444,3.645
2.002246245,3.645
2.00252420944444,3.645
2.00280192083333,3.645
2.00308006972222,3.645
2.00335790972222,3.645
2.0036357975,3.645
2.00391347944444,3.645
2.00419135666667,3.645
2.00446987638889,3.645
2.00474756083333,3.645
2.00502536361111,3.645
2.00530317055556,3.645
2.00558107555556,3.645
2.00585880555556,3.645
2.00613668944444,3.645
2.00641455583333,3.645
2.0066921675,3.645
2.00697012388889,3.645
2.00724818333333,3.645
2.00752579055556,3.645
2.00780398361111,3.645
2.00808216361111,3.645
2.00835982111111,3.645
2.00863787694444,3.645
2.00891586861111,3.645
2.00919362166667,3.645
2.00947154166667,3.645
2.0097493675,3.645
2.01002741694444,3.645
2.01030511333333,3.645
2.01058283277778,3.645
2.01086044805556,3.645
2.01113832111111,3.645
2.01141592222222,3.645
2.01169359972222,3.645
2.01197187805556,3.645
2.01224967888889,3.645
2.01252764388889,3.645
2.01280531472222,3.645
2.01308299638889,3.645
2.01336107083333,3.645
2.01363883527778,3.635
2.01391705527778,3.645
2.01419447,3.645
2.01447255583333,3.645
2.01475029888889,3.645
2.01502806305556,3.645
2.01530579444444,3.645
2.01558362916667,3.645
2.01586177555556,3.645
2.01613987416667,3.645
2.01641730666667,3.645
2.01669526638889,3.645
2.01697307666667,3.645
2.01725122805556,3.645
2.01752919444444,3.645
2.01780734972222,3.645
2.01808478638889,3.645
2.01836288583333,3.645
2.01864102388889,3.645
2.01891922861111,3.645
2.01919706333333,3.645
2.01947498555556,3.645
2.01975298916667,3.645
2.02003097138889,3.645
2.02030888138889,3.645
2.02058671416667,3.645
2.02086457,3.645
2.02114199888889,3.645
2.02142014555556,3.645
2.02169795361111,3.645
2.02197607944444,3.645
2.022254225,3.645
2.02253196055556,3.645
2.02280969416667,3.645
2.02308786833333,3.645
2.02336551916667,3.645
2.02364341916667,3.645
2.02392079111111,3.645
2.0241990475,3.645
2.02447669944444,3.645
2.02475435083333,3.645
2.02503246722222,3.645
2.0253105975,3.645
2.02558860611111,3.645
2.02586637583333,3.645
2.02614444027778,3.645
2.02642217,3.645
2.02669988055556,3.645
2.02697798194444,3.645
2.02725583305556,3.645
2.027533755,3.645
2.02781150972222,3.645
2.02808912833333,3.645
2.02836733944444,3.645
2.02864494,3.645
2.02892318777778,3.645
2.02920089388889,3.645
2.02947848305556,3.645
2.02975652,3.645
2.03003412222222,3.645
2.0303118025,3.645
2.03058972944444,3.645
2.03086783611111,3.645
2.03114501305556,3.645
2.03142317638889,3.645
2.03170084861111,3.645
2.03197896416667,3.645
2.03225714194444,3.645
2.03253482222222,3.645
2.03281237638889,3.645
2.03309063805556,3.645
2.03336848388889,3.645
2.03364612305556,3.645
2.03392411138889,3.645
2.03420219138889,3.645
2.03447994805556,3.645
2.03475781111111,3.645
2.03503602388889,3.645
2.03531352944444,3.645
2.03559169888889,3.645
2.03586934388889,3.645
2.03614737138889,3.645
2.03642505138889,3.645
2.03670272805556,3.645
2.03698088527778,3.645
2.0372585775,3.645
2.037536595,3.645
2.03781487611111,3.645
2.03809273666667,3.645
2.03837092527778,3.645
2.03864833111111,3.645
2.038926105,3.645
2.03920383916667,3.645
2.03948162083333,3.645
2.03975949722222,3.645
2.04003765305556,3.645
2.04031534194444,3.645
2.04059307833333,3.645
2.04087122305556,3.645
2.04114890166667,3.645
2.04142671194444,3.645
2.04170484055556,3.645
2.041982875,3.645
2.04226071138889,3.645
2.04253858777778,3.645
2.04281685944444,3.645
2.04309501944444,3.645
2.04337331027778,3.645
2.04365135861111,3.645
2.04392939527778,3.645
2.04420770777778,3.645
2.04448554111111,3.645
2.04476372333333,3.645
2.04504137388889,3.645
2.04531977277778,3.645
2.04559736611111,3.645
2.04587523888889,3.645
2.04615303277778,3.645
2.04643070166667,3.645
2.04670864888889,3.645
2.04698632583333,3.645
2.04726426388889,3.645
2.04754205166667,3.645
2.04781998472222,3.645
2.04809793111111,3.645
2.04837586944444,3.645
2.04865404055556,3.645
2.04893136694444,3.645
2.04920973611111,3.645
2.049487525,3.645
2.04976565611111,3.645
2.05004398888889,3.645
2.05032181083333,3.645
2.050600125,3.645
2.05087769361111,3.645
2.05115531083333,3.645
2.05143334333333,3.645
2.05171112444444,3.645
2.05198919166667,3.645
2.05226740194444,3.645
2.05254474694444,3.645
2.05282294916667,3.645
2.0531006525,3.645
2.05337836444444,3.645
2.05365608555556,3.645
2.05393396888889,3.645
2.05421200416667,3.645
2.05449018194444,3.645
2.05476777055556,3.645
2.05504567694444,3.645
2.05532332611111,3.645
2.05560116388889,3.645
2.05587937166667,3.645
2.05615738944444,3.645
2.05643504083333,3.645
2.05671290972222,3.645
2.05699047666667,3.645
2.05726877222222,3.645
2.05754628666667,3.645
2.05782400833333,3.645
2.05810219805556,3.645
2.05838017138889,3.645
2.0586580375,3.645
2.05893589666667,3.645
2.05921355083333,3.645
2.05949108916667,3.645
2.05976950861111,3.645
2.06004718944444,3.645
2.06032549833333,3.645
2.06060357583333,3.645
2.06088157388889,3.645
2.06115925305556,3.645
2.06143731916667,3.645
2.06171524277778,3.645
2.06199316333333,3.645
2.06227095277778,3.645
2.06254855805556,3.645
2.06282631277778,3.645
2.063104075,3.645
2.06338201472222,3.645
2.06365943194444,3.645
2.06393756972222,3.645
2.064215615,3.645
2.06449300222222,3.645
2.06477112972222,3.645
2.06504896722222,3.645
2.06532729055556,3.645
2.06560522833333,3.645
2.06588357472222,3.645
2.06616168444444,3.645
2.06643936861111,3.645
2.06671749138889,3.645
2.06699530194444,3.645
2.06727303166667,3.645
2.06755051194444,3.645
2.06782871638889,3.645
2.06810685972222,3.645
2.06838457722222,3.645
2.06866191166667,3.645
2.06894036888889,3.645
2.069217795,3.645
2.06949614972222,3.645
2.06977390472222,3.645
2.07005145333333,3.645
2.07032918138889,3.645
2.07060713333333,3.645
2.07088502833333,3.645
2.07116322611111,3.645
2.07144106055556,3.635
2.07171887305556,3.645
2.07199687694444,3.645
2.07227417083333,3.645
2.07255241583333,3.645
2.0728305375,3.645
2.07310832722222,3.645
2.07338605833333,3.645
2.07366385027778,3.645
2.07394177,3.645
2.07421955666667,3.645
2.07449776444444,3.645
2.07477548361111,3.645
2.07505319416667,3.645
2.07533126805556,3.645
2.07560896194444,3.645
2.07588672722222,3.645
2.07616422861111,3.645
2.07644254222222,3.645
2.07672038666667,3.645
2.07699857138889,3.645
2.07727658722222,3.645
2.07755470722222,3.645
2.07783229055556,3.645
2.07811034083333,3.645
2.0783884425,3.645
2.07866634666667,3.645
2.07894438472222,3.645
2.07922193666667,3.645
2.07950009111111,3.645
2.07977816944444,3.645
2.08005550222222,3.645
2.08033381333333,3.645
2.08061169027778,3.645
2.08088955972222,3.645
2.08116758194444,3.645
2.08144539277778,3.645
2.08172293194444,3.645
2.08200094444444,3.645
2.08227864916667,3.645
2.08255680805556,3.645
2.0828342825,3.645
2.08311233638889,3.645
2.08339035416667,3.645
2.083668225,3.645
2.08394582861111,3.645
2.08422337944444,3.645
2.08450137944444,3.645
2.08477910611111,3.645
2.08505740222222,3.645
2.08533476027778,3.645
2.08561265666667,3.645
2.08589044555556,3.645
2.08616828083333,3.645
2.08644596,3.645
2.08672378833333,3.645
2.08700170916667,3.635
2.08727977444444,3.645
2.08755716055556,3.645
2.08783520222222,3.645
2.08811308388889,3.645
2.08839122972222,3.645
2.08866933888889,3.645
2.08894741555556,3.645
2.08922546194444,3.645
2.08950273111111,3.645
2.08978109527778,3.645
2.09005894805556,3.645
2.09033680638889,3.645
2.09061485277778,3.645
2.09089249916667,3.645
2.09117107972222,3.645
2.09144855083333,3.645
2.09172627194444,3.645
2.09200398305556,3.645
2.09228217083333,3.645
2.09255998861111,3.645
2.09283822527778,3.645
2.09311552916667,3.645
2.09339366027778,3.645
2.09367122638889,3.645
2.09394899277778,3.645
2.0942273325,3.645
2.09450493166667,3.645
2.09478316027778,3.645
2.09506106694444,3.645
2.09533904,3.645
2.09561649111111,3.645
2.09589441444444,3.645
2.09617211694444,3.645
2.09644997583333,3.645
2.09672778888889,3.645
2.09700557805556,3.645
2.09728376083333,3.645
2.09756151305556,3.645
2.09783911861111,3.645
2.09811728388889,3.645
2.09839520194444,3.645
2.09867286472222,3.645
2.09895103222222,3.645
2.09922897638889,3.645
2.09950655777778,3.645
2.09978439861111,3.645
2.1000618875,3.645
2.10033996611111,3.645
2.10061818388889,3.645
2.10089598222222,3.645
2.10117381166667,3.645
2.10145173805556,3.645
2.10172940416667,3.645
2.10200723555556,3.645
2.10228520138889,3.645
2.10256279916667,3.645
2.10284065777778,3.645
2.10311837138889,3.645
2.10339603944444,3.645
2.10367404611111,3.645
2.10395193805556,3.645
2.10422969972222,3.645
2.10450765611111,3.645
2.10478509277778,3.645
2.10506325666667,3.645
2.10534139861111,3.645
2.1056192175,3.645
2.10589688583333,3.645
2.10617445638889,3.645
2.10645268166667,3.645
2.10673030222222,3.645
2.10700821166667,3.645
2.10728580111111,3.645
2.10756367027778,3.645
2.10784138916667,3.645
2.10811944944444,3.645
2.10839731861111,3.645
2.10867497055556,3.645
2.10895275194444,3.645
2.1092308725,3.645
2.10950827805556,3.645
2.10978658083333,3.645
2.11006449722222,3.645
2.11034235194444,3.645
2.11062006277778,3.645
2.110897625,3.645
2.11117549444444,3.645
2.1114535575,3.645
2.11173184972222,3.645
2.112010035,3.645
2.11228818194444,3.645
2.1125657875,3.645
2.11284371388889,3.645
2.11312183805556,3.645
2.11339978638889,3.645
2.11367801888889,3.645
2.11395560277778,3.645
2.11423355777778,3.645
2.11451161027778,3.645
2.11478916805556,3.645
2.11506764583333,3.645
2.11534532222222,3.645
2.115622935,3.645
2.11590088111111,3.645
2.11617857805556,3.645
2.11645671611111,3.645
2.11673412166667,3.645
2.11701234277778,3.645
2.11729008944444,3.645
2.11756805916667,3.645
2.11784619805556,3.645
2.11812398083333,3.645
2.11840184027778,3.645
2.11867957777778,3.645
2.11895748305556,3.645
2.11923547138889,3.645
2.11951327027778,3.645
2.11979154777778,3.645
2.12006923138889,3.645
2.12034711166667,3.645
2.12062485222222,3.645
2.12090278222222,3.645
2.12118054083333,3.645
2.12145857,3.645
2.12173622527778,3.645
2.12201417861111,3.645
2.12229160555556,3.645
2.12256964861111,3.645
2.12284740472222,3.645
2.12312509166667,3.645
2.12340320944444,3.645
2.12368082583333,3.645
2.123958365,3.645
2.12423669833333,3.645
2.12451463277778,3.645
2.12479231611111,3.645
2.12507026416667,3.645
2.12534793638889,3.645
2.12562573111111,3.645
2.12590400916667,3.645
2.12618167305556,3.645
2.12645947888889,3.645
2.12673696333333,3.645
2.12701469555556,3.645
2.1272929175,3.645
2.12757052194444,3.645
2.12784830305556,3.645
2.1281264525,3.645
2.12840404777778,3.645
2.12868179166667,3.645
2.12895989638889,3.645
2.12923793222222,3.645
2.12951562638889,3.645
2.12979338361111,3.645
2.13007187333333,3.645
2.13034929583333,3.645
2.13062765611111,3.645
2.13090570777778,3.645
2.13118372916667,3.645
2.13146138361111,3.645
2.13173949166667,3.645
2.13201773972222,3.645
2.13229608944444,3.645
2.13257353722222,3.645
2.13285159361111,3.645
2.13312959861111,3.645
2.13340720305556,3.645
2.1336852275,3.645
2.13396331972222,3.645
2.13424119972222,3.645
2.13451908555556,3.645
2.13479679333333,3.645
2.13507471305556,3.645
2.13535258472222,3.645
2.13563037583333,3.645
2.13590815666667,3.645
2.13618601722222,3.645
2.13646376305556,3.645
2.13674162944444,3.645
2.13701935805556,3.645
2.13729718333333,3.645
2.13757504944444,3.645
2.13785274777778,3.645
2.13813106861111,3.645
2.1384092225,3.645
2.13868734611111,3.645
2.13896507944444,3.645
2.13924294361111,3.645
2.13952066972222,3.645
2.13979877111111,3.645
2.14007672861111,3.645
2.14035429527778,3.645
2.14063216694444,3.645
2.14090975444444,3.645
2.14118797027778,3.645
2.14146589388889,3.645
2.14174399,3.645
2.14202180416667,3.645
2.14229946416667,3.645
2.14257756833333,3.645
2.14285529194444,3.645
2.14313304527778,3.645
2.14341087416667,3.645
2.14368840861111,3.645
2.14396662777778,3.645
2.14424437027778,3.645
2.14452228083333,3.645
2.1448001025,3.645
2.14507773305556,3.645
2.1453558475,3.645
2.14563362361111,3.645
2.14591134611111,3.645
2.14618925472222,3.645
2.14646699333333,3.645
2.14674469777778,3.645
2.14702257055556,3.645
2.14730020916667,3.645
2.1475781225,3.645
2.14785626777778,3.645
2.14813395444444,3.645
2.14841179138889,3.645
2.14868958083333,3.645
2.14896763333333,3.645
2.14924531777778,3.645
2.14952345027778,3.645
2.14980126277778,3.645
2.15007908,3.645
2.15035711666667,3.645
2.1506351575,3.645
2.1509129675,3.645
2.15119081638889,3.645
2.15146869527778,3.645
2.15174672055556,3.645
2.15202448916667,3.645
2.15230215861111,3.645
2.15258017416667,3.645
2.15285749805556,3.645
2.1531359875,3.645
2.1534136475,3.645
2.15369145555556,3.645
2.15396941416667,3.645
2.15424709444444,3.645
2.1545249375,3.645
2.15480275055556,3.645
2.15508083194444,3.645
2.15535870416667,3.645
2.15563659277778,3.645
2.15591417388889,3.645
2.15619229,3.645
2.15647015333333,3.645
2.15674787972222,3.645
2.15702592666667,3.645
2.15730381861111,3.645
2.1575817225,3.645
2.15785995638889,3.645
2.1581376075,3.645
2.15841531527778,3.645
2.15869342083333,3.645
2.15897130805556,3.645
2.15924921277778,3.645
2.15952713666667,3.645
2.15980477166667,3.645
2.16008264055556,3.645
2.16036022888889,3.645
2.16063816833333,3.645
2.16091562361111,3.645
2.16119376527778,3.645
2.16147164777778,3.645
2.16174964638889,3.645
2.162027645,3.645
2.16230553722222,3.645
2.16258329166667,3.645
2.1628613725,3.645
2.16313895722222,3.645
2.16341687638889,3.645
2.16369441333333,3.645
2.16397265972222,3.645
2.16425052638889,3.645
2.16452843611111,3.645
2.16480657361111,3.645
2.16508454833333,3.645
2.16536211888889,3.645
2.16563985722222,3.645
2.16591785722222,3.645
2.16619603111111,3.645
2.1664738475,3.645
2.16675166944444,3.645
2.16702953083333,3.645
2.16730732166667,3.645
2.16758569694444,3.645
2.16786375277778,3.645
2.16814158861111,3.645
2.16841925055556,3.645
2.16869740472222,3.645
2.16897497222222,3.645
2.16925276194444,3.645
2.1695309725,3.645
2.1698087275,3.645
2.17008671361111,3.645
2.17036463055556,3.645
2.17064241166667,3.645
2.17092043527778,3.645
2.17119813166667,3.645
2.17147615805556,3.645
2.17175395888889,3.645
2.17203173722222,3.645
2.17230916777778,3.645
2.17258746027778,3.645
2.17286542555556,3.645
2.17314273833333,3.645
2.17342088277778,3.645
2.17369893777778,3.645
2.17397693944444,3.645
2.17425473638889,3.645
2.17453232611111,3.645
2.17481040527778,3.645
2.17508811361111,3.645
2.17536569,3.645
2.17564356638889,3.645
2.17592153694444,3.645
2.17619924305556,3.645
2.17647660861111,3.645
2.17675472777778,3.645
2.17703249472222,3.645
2.17731018,3.645
2.17758803277778,3.645
2.17786557805556,3.645
2.17814373444444,3.645
2.17842159194444,3.645
2.17869954361111,3.645
2.17897745805556,3.645
2.1792550775,3.645
2.17953290333333,3.645
2.17981044111111,3.645
2.18008828111111,3.645
2.18036579277778,3.645
2.18064405222222,3.645
2.18092220722222,3.645
2.18120014833333,3.645
2.18147823583333,3.645
2.18175629444444,3.645
2.18203401611111,3.645
2.18231196833333,3.645
2.18259021638889,3.645
2.18286817277778,3.645
2.18314623555556,3.645
2.18342388805556,3.645
2.18370192833333,3.645
2.18397967722222,3.645
2.1842576,3.645
2.18453532027778,3.645
2.18481299972222,3.645
2.18509085972222,3.635
2.18536875361111,3.645
2.18564636305556,3.645
2.1859239475,3.645
2.18620181083333,3.645
2.18647975083333,3.645
2.18675762027778,3.645
2.18703545833333,3.645
2.18731326138889,3.645
2.18759124277778,3.645
2.18786887888889,3.645
2.18814669416667,3.645
2.18842454638889,3.645
2.18870234472222,3.645
2.18897998166667,3.645
2.18925819861111,3.645
2.18953646777778,3.645
2.18981409777778,3.645
2.19009188444444,3.645
2.19036994638889,3.645
2.19064781888889,3.645
2.19092555666667,3.645
2.19120377444444,3.645
2.191481695,3.645
2.19175972805556,3.645
2.19203772305556,3.645
2.19231545027778,3.645
2.19259346138889,3.645
2.19287115694444,3.645
2.19314943972222,3.645
2.19342715555556,3.645
2.19370512916667,3.645
2.19398273194444,3.645
2.19426047638889,3.645
2.1945381425,3.645
2.19481625972222,3.645
2.19509431638889,3.645
2.19537201666667,3.645
2.19565019111111,3.645
2.19592830944444,3.645
2.19620609916667,3.645
2.19648412527778,3.645
2.19676185583333,3.645
2.19703976305556,3.645
2.19731769027778,3.645
2.197595605,3.645
2.197873095,3.645
2.198151045,3.645
2.19842941305556,3.645
2.19870734083333,3.645
2.198984955,3.645
2.199262925,3.645
2.19954041194444,3.645
2.19981810083333,3.645
2.20009626805556,3.645
2.20037384805556,3.645
2.20065198972222,3.645
2.20092973361111,3.645
2.2012076675,3.645
2.20148571611111,3.645
2.20176343527778,3.645
2.20204152194444,3.645
2.2023193125,3.645
2.20259697305556,3.645
2.20287469472222,3.645
2.20315255361111,3.645
2.20343057972222,3.645
2.20370838138889,3.645
2.20398598027778,3.645
2.20426389305556,3.645
2.20454158416667,3.645
2.20481973,3.645
2.20509741166667,3.645
2.20537497972222,3.645
2.20565299472222,3.645
2.20593067388889,3.645
2.2062088075,3.645
2.20648639527778,3.645
2.20676441527778,3.645
2.20704243805556,3.645
2.20732016027778,3.645
2.20759813111111,3.645
2.20787595638889,3.645
2.20815351083333,3.645
2.20843135555556,3.645
2.20870921444444,3.645
2.20898696611111,3.645
2.20926500638889,3.645
2.20954323194444,3.645
2.20982091722222,3.645
2.21009877,3.645
2.21037686694444,3.645
2.21065438833333,3.645
2.21093290305556,3.645
2.21121076027778,3.645
2.21148818888889,3.645
2.211765825,3.645
2.21204401555556,3.645
2.21232187583333,3.645
2.21259975111111,3.645
2.21287745555556,3.645
2.21315554027778,3.645
2.21343344694444,3.645
2.21371159916667,3.645
2.21398927944444,3.645
2.21426760555556,3.645
2.21454496777778,3.645
2.21482318583333,3.645
2.21510086722222,3.645
2.2153791,3.645
2.21565706583333,3.645
2.21593466527778,3.645
2.21621309861111,3.645
2.21649105888889,3.645
2.21676903222222,3.645
2.21704685277778,3.645
2.21732452333333,3.645
2.21760224694444,3.645
2.21788030666667,3.645
2.21815829194444,3.645
2.21843653166667,3.645
2.21871434027778,3.645
2.21899221777778,3.645
2.21927054944444,3.645
2.21954857194444,3.635
2.21982659194444,3.645
2.220104345,3.645
2.22038242333333,3.645
2.22065999166667,3.645
2.22093811777778,3.645
2.22121555055556,3.645
2.22149375111111,3.645
2.2217714975,3.645
2.22204906277778,3.645
2.22232721638889,3.645
2.22260499055556,3.645
2.22288244972222,3.645
2.22316057555556,3.645
2.2234385575,3.645
2.22371647305556,3.645
2.223994365,3.645
2.22427206833333,3.645
2.22454998611111,3.645
2.22482812083333,3.645
2.22510581083333,3.645
2.22538370777778,3.645
2.22566171583333,3.645
2.22593943944444,3.645
2.22621737861111,3.645
2.22649547305556,3.645
2.22677322472222,3.645
2.22705086638889,3.645
2.2273286075,3.645
2.22760683694444,3.645
2.22788442166667,3.645
2.22816240277778,3.645
2.22843976888889,3.645
2.22871802888889,3.645
2.22899598277778,3.645
2.22927430722222,3.645
2.229551995,3.645
2.22983016805556,3.645
2.23010768416667,3.645
2.23038586583333,3.645
2.23066374944444,3.645
2.23094173083333,3.645
2.23121936416667,3.645
2.23149716416667,3.645
2.23177518055556,3.645
2.23205317027778,3.645
2.23233102138889,3.645
2.2326087875,3.645
2.23288651916667,3.645
2.23316449166667,3.645
2.23344231194444,3.645
2.23372011166667,3.645
2.23399812111111,3.645
2.23427621138889,3.645
2.23455403833333,3.645
2.23483181055556,3.645
2.23510968972222,3.645
2.23538758527778,3.645
2.23566532361111,3.645
2.23594359944444,3.645
2.23622149888889,3.645
2.236499115,3.645
2.23677664333333,3.645
2.23705442111111,3.645
2.23733267416667,3.645
2.23761064194444,3.645
2.23788845722222,3.645
2.23816641583333,3.645
2.23844397,3.645
2.23872197222222,3.645
2.23900029944444,3.645
2.23927789833333,3.645
2.23955578944444,3.645
2.23983364888889,3.645
2.24011148138889,3.645
2.24038921472222,3.645
2.24066715388889,3.645
2.24094517861111,3.645
2.24122284666667,3.645
2.24150027416667,3.645
2.24177849833333,3.645
2.24205628527778,3.645
2.24233391611111,3.645
2.24261182305556,3.645
2.24288944583333,3.645
2.24316755888889,3.645
2.24344558194444,3.645
2.24372354555556,3.645
2.24400107722222,3.645
2.24427866305556,3.645
2.24455664555556,3.645
2.24483467305556,3.645
2.24511251527778,3.645
2.24538996111111,3.645
2.24566824194444,3.645
2.24594595833333,3.645
2.24622380444444,3.645
2.24650180388889,3.645
2.24677959666667,3.645
2.24705705694444,3.645
2.24733510138889,3.645
2.24761326555556,3.645
2.24789128583333,3.645
2.24816907388889,3.645
2.24844705111111,3.645
2.24872496277778,3.645
2.24900244555556,3.645
2.2492804275,3.645
2.24955802111111,3.645
2.24983611888889,3.645
2.25011382638889,3.645
2.25039152555556,3.645
2.25066940777778,3.645
2.25094762555556,3.645
2.25122547416667,3.645
2.25150313222222,3.645
2.25178099916667,3.645
2.25205890333333,3.645
2.25233659972222,3.645
2.25261476638889,3.645
2.25289290666667,3.645
2.25317040416667,3.645
2.2534483625,3.645
2.25372599638889,3.645
2.25400354888889,3.645
2.254281875,3.645
2.25455969388889,3.645
2.25483776166667,3.645
2.25511561638889,3.645
2.25539340916667,3.645
2.25567154611111,3.645
2.25594910944444,3.645
2.25622731833333,3.645
2.25650503666667,3.645
2.25678283861111,3.645
2.25706102833333,3.645
2.25733870638889,3.645
2.25761681138889,3.645
2.25789417388889,3.645
2.25817226305556,3.645
2.25844993611111,3.645
2.25872780388889,3.645
2.25900544111111,3.645
2.25928327583333,3.645
2.25956080416667,3.645
2.25983896416667,3.645
2.2601164125,3.645
2.26039411194444,3.645
2.26067192333333,3.645
2.26095039611111,3.645
2.26122817361111,3.645
2.26150615694444,3.645
2.26178412777778,3.645
2.26206193416667,3.645
2.26233977666667,3.645
2.26261774833333,3.645
2.26289577638889,3.645
2.26317386527778,3.645
2.263451775,3.645
2.26372956166667,3.645
2.26400727361111,3.645
2.26428508111111,3.645
2.26456318277778,3.645
2.26484132805556,3.635
2.26511878305556,3.645
2.26539666305556,3.645
2.26567440555556,3.645
2.265952645,3.645
2.26623040305556,3.645
2.26650808361111,3.645
2.26678586083333,3.645
2.26706382305556,3.645
2.26734138194444,3.645
2.26761911194444,3.645
2.26789718027778,3.645
2.26817521916667,3.645
2.26845312305556,3.645
2.26873084694444,3.645
2.26900862388889,3.645
2.26928624222222,3.645
2.26956433861111,3.645
2.2698419525,3.645
2.27011974638889,3.645
2.27039833777778,3.645
2.27067629666667,3.645
2.27095420055556,3.645
2.27123212083333,3.645
2.27151006277778,3.645
2.27178810805556,3.645
2.27206608027778,3.645
2.272344125,3.645
2.27262185055556,3.645
2.27289968055556,3.645
2.27317762666667,3.645
2.27345550305556,3.645
2.27373327527778,3.645
2.27401140083333,3.645
2.27428944027778,3.645
2.27456737333333,3.645
2.27484544055556,3.645
2.27512291694444,3.645
2.27540049861111,3.645
2.27567849722222,3.645
2.27595654583333,3.645
2.27623481194444,3.645
2.276512745,3.645
2.27679075222222,3.645
2.27706870972222,3.645
2.27734644722222,3.645
2.27762389611111,3.645
2.27790199944444,3.645
2.27817967388889,3.645
2.27845754666667,3.645
2.27873547666667,3.645
2.27901338111111,3.645
2.27929095027778,3.645
2.27956893111111,3.645
2.27984690722222,3.645
2.28012473888889,3.645
2.28040261444444,3.645
2.28068021722222,3.645
2.28095815583333,3.645
2.28123577583333,3.645
2.28151380861111,3.645
2.28179158472222,3.645
2.28206905388889,3.645
2.28234691972222,3.645
2.28262458583333,3.645
2.28290252222222,3.645
2.28318033527778,3.645
2.28345828416667,3.645
2.28373609444444,3.645
2.28401412972222,3.645
2.28429225111111,3.645
2.28456983222222,3.645
2.28484773277778,3.645
2.2851257475,3.645
2.28540379,3.645
2.28568120138889,3.645
2.28595928222222,3.645
2.28623690805556,3.645
2.28651445972222,3.645
2.28679255333333,3.645
2.28707052638889,3.645
2.28734818944444,3.645
2.28762593694444,3.645
2.28790408527778,3.645
2.28818197388889,3.645
2.28845984194444,3.645
2.28873724694444,3.645
2.28901510277778,3.645
2.28929301138889,3.645
2.28957088805556,3.645
2.28984832416667,3.645
2.29012641638889,3.645
2.29040458555556,3.645
2.29068228027778,3.645
2.29095992527778,3.645
2.29123793722222,3.645
2.29151553888889,3.645
2.29179356805556,3.645
2.29207184222222,3.645
2.29234949472222,3.645
2.29262720944444,3.645
2.29290500111111,3.645
2.29318288166667,3.645
2.29346071111111,3.645
2.29373871972222,3.645
2.29401661861111,3.645
2.29429415555556,3.645
2.29457245555556,3.645
2.29485027611111,3.645
2.29512798638889,3.645
2.29540551194444,3.645
2.2956836425,3.645
2.2959616025,3.645
2.29623931833333,3.645
2.29651720027778,3.645
2.29679508277778,3.645
2.29707290944444,3.645
2.29735061388889,3.645
2.29762846722222,3.645
2.29790590166667,3.645
2.29818405,3.645
2.29846188388889,3.645
2.2987393825,3.645
2.29901761111111,3.645
2.29929532361111,3.645
2.29957271833333,3.645
2.29985098638889,3.645
2.30012858361111,3.645
2.30040683861111,3.645
2.30068466388889,3.645
2.30096246972222,3.645
2.30124062111111,3.645
2.30151815611111,3.645
2.30179620944444,3.645
2.30207377388889,3.645
2.3023516175,3.645
2.30262938083333,3.645
2.30290760527778,3.645
2.30318549416667,3.645
2.30346310388889,3.645
2.30374109,3.645
2.30401899277778,3.645
2.30429689833333,3.645
2.30457472555556,3.645
2.30485274194444,3.645
2.30513044527778,3.645
2.30540828527778,3.645
2.30568654972222,3.645
2.30596409,3.645
2.30624161083333,3.645
2.30651975888889,3.645
2.30679776083333,3.645
2.3070754825,3.645
2.3073534525,3.645
2.30763106972222,3.645
2.30790905861111,3.645
2.30818667305556,3.645
2.3084644225,3.645
2.30874226638889,3.645
2.30902013972222,3.645
2.30929788805556,3.645
2.30957581861111,3.645
2.30985352916667,3.645
2.310131625,3.645
2.31040923111111,3.645
2.310686605,3.645
2.3109646475,3.645
2.31124273111111,3.645
2.3115208775,3.645
2.31179866361111,3.645
2.3120767625,3.645
2.31235460722222,3.645
2.31263231888889,3.645
2.31291038611111,3.645
2.3131882525,3.645
2.31346634722222,3.645
2.31374405472222,3.645
2.31402188222222,3.645
2.31429995166667,3.645
2.31457771277778,3.645
2.31485597583333,3.645
2.31513379777778,3.645
2.31541136,3.645
2.31568931,3.645
2.31596750333333,3.645
2.3162453925,3.645
2.31652305944444,3.645
2.31680102138889,3.645
2.31707868194444,3.645
2.31735641416667,3.645
2.31763394666667,3.645
2.31791192611111,3.645
2.31818975111111,3.645
2.31846756027778,3.635
2.3187453875,3.645
2.31902347555556,3.645
2.31930099222222,3.645
2.31957881638889,3.645
2.31985672416667,3.645
2.32013459805556,3.645
2.32041237972222,3.645
2.32069027583333,3.645
2.32096825138889,3.645
2.32124625722222,3.645
2.32152429083333,3.645
2.32180244611111,3.645
2.3220803325,3.645
2.322357745,3.645
2.32263585055556,3.645
2.32291385138889,3.645
2.32319160527778,3.645
2.32346931166667,3.645
2.32374711972222,3.645
2.32402496138889,3.645
2.324302765,3.645
2.32458070805556,3.645
2.32485859527778,3.645
2.32513639472222,3.645
2.3254145875,3.645
2.32569233972222,3.645
2.32596986388889,3.645
2.32624744194444,3.645
2.32652576333333,3.645
2.32680400527778,3.645
2.32708144472222,3.645
2.3273594375,3.645
2.32763726805556,3.645
2.32791511944444,3.645
2.3281929325,3.645
2.32847084805556,3.645
2.32874892083333,3.635
2.32902675166667,3.645
2.32930418527778,3.645
2.329582045,3.645
2.32985978611111,3.645
2.33013755583333,3.645
2.33041560361111,3.645
2.33069375611111,3.645
2.33097131305556,3.645
2.33124920833333,3.645
2.33152684805556,3.645
2.33180488083333,3.645
2.33208253972222,3.645
2.33236080972222,3.645
2.33263883666667,3.645
2.33291671666667,3.645
2.33319468833333,3.645
2.33347255972222,3.645
2.33375019083333,3.645
2.33402799472222,3.645
2.33430580027778,3.645
2.33458374944444,3.645
2.33486160166667,3.645
2.33513973416667,3.645
2.33541748833333,3.645
2.33569551222222,3.645
2.33597353611111,3.645
2.33625151888889,3.645
2.33652910333333,3.645
2.33680696722222,3.645
2.33708479555556,3.645
2.33736259861111,3.645
2.33764059388889,3.645
2.33791875333333,3.645
2.33819648611111,3.645
2.33847427916667,3.645
2.33875214944444,3.645
2.33902999722222,3.645
2.33930820305556,3.645
2.33958593388889,3.645
2.33986379361111,3.645
2.34014107666667,3.645
2.34041950777778,3.645
2.34069724166667,3.645
2.34097498277778,3.645
2.34125272305556,3.645
2.34153083138889,3.645
2.34180905527778,3.645
2.34208670166667,3.645
2.34236424111111,3.645
2.34264234833333,3.645
2.3429199425,3.645
2.34319810138889,3.645
2.34347606861111,3.645
2.34375414361111,3.645
2.34403160583333,3.645
2.34430989472222,3.645
2.34458762472222,3.645
2.34486555722222,3.645
2.34514329472222,3.645
2.3454215175,3.645
2.34569928194444,3.645
2.34597678277778,3.645
2.3462543875,3.645
2.34653274611111,3.645
2.34681096055556,3.645
2.34708856194444,3.645
2.34736648194444,3.645
2.34764447444444,3.645
2.34792268583333,3.645
2.34819998944444,3.645
2.34847801638889,3.645
2.34875582472222,3.645
2.34903370638889,3.645
2.34931221722222,3.645
2.34958949972222,3.645
2.34986740972222,3.645
2.35014518472222,3.645
2.35042311305556,3.645
2.35070107194444,3.645
2.35097934027778,3.645
2.3512573225,3.645
2.35153522805556,3.645
2.35181323333333,3.645
2.35209105666667,3.645
2.35236930694444,3.645
2.35264697361111,3.645
2.35292484833333,3.645
2.35320281361111,3.645
2.35348052972222,3.645
2.35375827972222,3.645
2.35403604055556,3.645
2.35431384277778,3.645
2.35459206527778,3.645
2.35486978944444,3.645
2.35514751666667,3.645
2.35542519833333,3.645
2.35570317888889,3.645
2.35598125416667,3.645
2.35625886055556,3.645
2.356536645,3.645
2.356814725,3.645
2.35709240916667,3.645
2.35737035777778,3.645
2.35764815472222,3.645
2.35792582027778,3.645
2.35820351944444,3.645
2.35848157055556,3.645
2.35875951666667,3.645
2.35903720444444,3.645
2.35931503,3.645
2.35959289833333,3.645
2.35987069611111,3.645
2.36014839888889,3.645
2.36042632388889,3.645
2.36070427888889,3.645
2.36098202138889,3.645
2.36125990833333,3.645
2.36153793944444,3.645
2.36181576388889,3.645
2.36209344722222,3.645
2.36237122666667,3.645
2.36264913972222,3.645
2.36292741277778,3.645
2.36320519194444,3.645
2.36348328611111,3.645
2.36376099666667,3.645
2.36403889583333,3.645
2.36431672611111,3.645
2.36459421805556,3.645
2.36487220833333,3.645
2.36515027027778,3.645
2.36542801916667,3.645
2.36570594861111,3.645
2.36598381527778,3.645
2.36626172944444,3.645
2.36653929638889,3.645
2.36681737194444,3.645
2.36709508472222,3.645
2.36737248583333,3.645
2.36765043555556,3.645
2.36792800611111,3.645
2.36820589388889,3.645
2.36848357555556,3.645
2.36876142083333,3.645
2.36903964666667,3.645
2.36931720638889,3.645
2.36959501611111,3.645
2.36987310916667,3.645
2.37015100166667,3.645
2.37042859,3.645
2.37070669805556,3.645
2.37098475527778,3.645
2.37126232305556,3.645
2.37154051083333,3.645
2.37181826194444,3.645
2.3720960675,3.645
2.37237422361111,3.645
2.37265239916667,3.645
2.37293010027778,3.645
2.37320771305556,3.645
2.37348565916667,3.645
2.37376305583333,3.645
2.37404099666667,3.645
2.37431908277778,3.645
2.37459713388889,3.645
2.37487439055556,3.645
2.37515254833333,3.645
2.37543033083333,3.645
2.3757081175,3.645
2.37598609222222,3.645
2.37626384555556,3.645
2.37654168777778,3.645
2.37682015138889,3.645
2.37709774472222,3.645
2.37737588083333,3.645
2.37765338527778,3.645
2.37793178416667,3.645
2.37820958611111,3.645
2.37848737527778,3.645
2.37876532638889,3.645
2.37904351388889,3.645
2.37932141361111,3.645
2.37959907027778,3.645
2.37987726916667,3.645
2.38015488055556,3.645
2.38043274194444,3.645
2.38071061722222,3.645
2.38098826972222,3.645
2.38126609,3.645
2.38154400638889,3.645
2.38182188944444,3.645
2.38209964333333,3.645
2.38237778444444,3.645
2.38265572361111,3.645
2.38293326194444,3.645
2.38321104083333,3.645
2.38348881888889,3.645
2.38376662305556,3.645
2.38404450083333,3.645
2.38432232972222,3.645
2.384600435,3.645
2.38487806194444,3.645
2.38515619444444,3.645
2.38543387,3.645
2.38571158916667,3.645
2.38598942388889,3.645
2.38626729222222,3.645
2.38654547388889,3.645
2.38682298,3.645
2.38710074722222,3.645
2.38737859805556,3.645
2.38765653305556,3.645
2.38793465444444,3.645
2.38821194555556,3.645
2.38849020361111,3.645
2.38876783,3.645
2.38904576,3.645
2.38932424555556,3.645
2.38960247611111,3.645
2.38988068222222,3.645
2.39015858027778,3.645
2.39043637833333,3.645
2.390714175,3.645
2.3909923625,3.645
2.39127046416667,3.645
2.39154837666667,3.645
2.391826445,3.645
2.39210415194444,3.645
2.39238197805556,3.645
2.39265976305556,3.645
2.39293812055556,3.645
2.39321599305556,3.645
2.39349386361111,3.645
2.39377188611111,3.645
2.3940495625,3.645
2.39432764333333,3.645
2.39460554333333,3.645
2.39488340055556,3.645
2.39516144,3.645
2.39543912527778,3.645
2.39571681611111,3.645
2.3959944925,3.645
2.39627263638889,3.645
2.39655035416667,3.645
2.39682798055556,3.645
2.39710595055556,3.645
2.39738349555556,3.645
2.39766149388889,3.645
2.39793910694444,3.645
2.39821704722222,3.645
2.39849475194444,3.645
2.39877250833333,3.645
2.39905073444444,3.645
2.39932807472222,3.645
2.39960584333333,3.645
2.39988389472222,3.645
2.40016186055556,3.645
2.40043985361111,3.645
2.40071777194444,3.645
2.40099591527778,3.645
2.40127342555556,3.645
2.40155126055556,3.645
2.40182919277778,3.645
2.40210733972222,3.645
2.40238526027778,3.645
2.40266312055556,3.645
2.402940525,3.645
2.40321873638889,3.645
2.40349637583333,3.645
2.40377424861111,3.645
2.40405196166667,3.645
2.40432979333333,3.645
2.40460767222222,3.645
2.40488550194444,3.645
2.40516335,3.645
2.40544120305556,3.645
2.40571898611111,3.645
2.40599683222222,3.645
2.40627472194444,3.645
2.40655273305556,3.645
2.40683043166667,3.645
2.40710824666667,3.645
2.40738654694444,3.645
2.40766432944444,3.645
2.407941865,3.645
2.40821994861111,3.645
2.40849744055556,3.645
2.40877566833333,3.645
2.40905306277778,3.645
2.40933097694444,3.645
2.40960878583333,3.645
2.40988679694444,3.645
2.41016444444444,3.645
2.41044252055556,3.645
2.41072023333333,3.645
2.41099817083333,3.645
2.41127596833333,3.645
2.41155369166667,3.645
2.41183170611111,3.645
2.41210973,3.645
2.41238768222222,3.645
2.41266508805556,3.645
2.41294341638889,3.645
2.41322115472222,3.645
2.41349900972222,3.645
2.41377708138889,3.645
2.41405473472222,3.645
2.41433270611111,3.645
2.41461097055556,3.645
2.41488867888889,3.645
2.41516641416667,3.645
2.41544412638889,3.645
2.41572189111111,3.645
2.41600017333333,3.645
2.41627814944444,3.645
2.41655599805556,3.645
2.41683389416667,3.645
2.41711145416667,3.645
2.41738940194444,3.645
2.4176671825,3.645
2.41794479222222,3.645
2.41822278916667,3.645
2.41850070055556,3.645
2.41877873527778,3.645
2.4190564625,3.645
2.419334215,3.645
2.41961206027778,3.645
2.41988979611111,3.645
2.42016718361111,3.645
2.42044539555556,3.645
2.42072322472222,3.645
2.42100094277778,3.645
2.42127873722222,3.645
2.42155646638889,3.645
2.42183415388889,3.645
2.42211184277778,3.645
2.42238968777778,3.645
2.42266788861111,3.645
2.42294569361111,3.645
2.42322364861111,3.645
2.42350151666667,3.645
2.42377952694444,3.645
2.42405727388889,3.645
2.42433519694444,3.645
2.42461325722222,3.645
2.42489089388889,3.645
2.42516894277778,3.645
2.42544702388889,3.645
2.42572473416667,3.645
2.42600269388889,3.645
2.42628052527778,3.635
2.4265584,3.645
2.42683619805556,3.645
2.42711411,3.645
2.42739198166667,3.645
2.42767003222222,3.645
2.427948145,3.645
2.42822583444444,3.645
2.42850364,3.645
2.42878135611111,3.645
2.42905917527778,3.645
2.42933691805556,3.645
2.42961481666667,3.645
2.42989256138889,3.645
2.43017023527778,3.645
2.43044839944444,3.645
2.43072661833333,3.645
2.43100462277778,3.645
2.43128190916667,3.645
2.43156005833333,3.645
2.43183793027778,3.645
2.43211544083333,3.645
2.43239334222222,3.645
2.43267158277778,3.645
2.43294945611111,3.645
2.43322729722222,3.645
2.43350511111111,3.645
2.43378304194444,3.645
2.43406085194444,3.645
2.43433875527778,3.645
2.43461660694444,3.645
2.43489457472222,3.645
2.43517286861111,3.645
2.43545081611111,3.645
2.43572905861111,3.645
2.43600670027778,3.645
2.43628458222222,3.645
2.43656262583333,3.645
2.43684052055556,3.645
2.43711862722222,3.645
2.43739625638889,3.645
2.43767427833333,3.645
2.43795208777778,3.645
2.43822940638889,3.645
2.43850785083333,3.645
2.43878559722222,3.645
2.43906329444444,3.645
2.43934128222222,3.645
2.43961891944444,3.645
2.43989664166667,3.645
2.44017438805556,3.645
2.4404526875,3.645
2.44073029333333,3.645
2.44100805583333,3.645
2.44128612694444,3.645
2.44156397361111,3.645
2.44184211027778,3.645
2.4421197275,3.645
2.44239724555556,3.645
2.44267534083333,3.645
2.44295348638889,3.645
2.443231555,3.645
2.44350928833333,3.645
2.44378671194444,3.645
2.44406459861111,3.645
2.44434215916667,3.645
2.44462033611111,3.645
2.44489810472222,3.645
2.44517585888889,3.645
2.44545361472222,3.645
2.44573122027778,3.645
2.44600935444444,3.645
2.4462873625,3.645
2.44656505972222,3.645
2.44684315972222,3.645
2.44712116,3.645
2.44739884111111,3.645
2.447677045,3.645
2.44795476861111,3.645
2.44823268527778,3.645
2.44851065944444,3.645
2.44878834944444,3.645
2.44906647805556,3.645
2.44934432638889,3.645
2.44962269527778,3.645
2.44989994611111,3.645
2.45017824555556,3.645
2.450455935,3.645
2.45073360694444,3.645
2.45101137638889,3.645
2.45128929638889,3.645
2.45156728416667,3.645
2.45184466416667,3.645
2.45212248638889,3.645
2.4524008525,3.645
2.45267901972222,3.645
2.45295679277778,3.645
2.453234375,3.645
2.453512455,3.645
2.45379035472222,3.645
2.45406809194444,3.645
2.45434626277778,3.645
2.45462410527778,3.645
2.45490192472222,3.645
2.45517990583333,3.645
2.45545716333333,3.645
2.45573515166667,3.645
2.45601285361111,3.645
2.45629061472222,3.645
2.4565682825,3.645
2.45684654861111,3.645
2.4571243075,3.645
2.45740198388889,3.645
2.4576795025,3.645
2.45795731194444,3.645
2.45823532583333,3.645
2.45851301111111,3.645
2.45879093388889,3.645
2.45906845611111,3.645
2.45934660722222,3.645
2.45962467388889,3.645
2.45990270027778,3.645
2.46018050861111,3.645
2.46045800194444,3.645
2.46073655861111,3.645
2.46101417888889,3.645
2.46129224138889,3.645
2.4615699675,3.645
2.461847815,3.645
2.46212549583333,3.645
2.46240307555556,3.645
2.46268132805556,3.645
2.46295916,3.645
2.46323690416667,3.645
2.46351476138889,3.645
2.46379291583333,3.645
2.46407062027778,3.645
2.46434852638889,3.645
2.46462610555556,3.645
2.46490404527778,3.645
2.46518172388889,3.645
2.46546007694444,3.645
2.46573793555556,3.645
2.46601556972222,3.645
2.46629314722222,3.645
2.46657153611111,3.645
2.46684934361111,3.645
2.46712742944444,3.645
2.46740524722222,3.645
2.46768313555556,3.645
2.46796069361111,3.645
2.46823830833333,3.645
2.468516255,3.645
2.46879405666667,3.645
2.46907195416667,3.645
2.46934980333333,3.645
2.4696275525,3.645
2.4699053275,3.645
2.47018302972222,3.645
2.47046106944444,3.645
2.47073883333333,3.645
2.47101703138889,3.645
2.47129464083333,3.645
2.47157242305556,3.645
2.47185037444444,3.645
2.47212808805556,3.645
2.47240579194444,3.645
2.47268369805556,3.645
2.47296134638889,3.645
2.4732392875,3.645
2.47351699666667,3.645
2.4737948375,3.645
2.47407241944444,3.645
2.47435040972222,3.645
2.47462816916667,3.645
2.47490587472222,3.645
2.47518400361111,3.645
2.47546209305556,3.645
2.47573948833333,3.645
2.47601718888889,3.645
2.47629494083333,3.645
2.47657274083333,3.645
2.47685080611111,3.645
2.47712828861111,3.645
2.47740646861111,3.645
2.47768393083333,3.645
2.477962375,3.645
2.47823975805556,3.645
2.47851815027778,3.645
2.478795865,3.645
2.47907371027778,3.645
2.47935156583333,3.645
2.47962946194444,3.645
2.47990712694444,3.645
2.48018509361111,3.645
2.48046265166667,3.645
2.48074062944444,3.645
2.48101805527778,3.645
2.48129633111111,3.645
2.48157434611111,3.645
2.48185241916667,3.645
2.48213010611111,3.645
2.48240829361111,3.645
2.48268650333333,3.645
2.48296391277778,3.645
2.483241605,3.645
2.48351971166667,3.645
2.48379760111111,3.645
2.48407573,3.645
2.48435342527778,3.645
2.48463112444444,3.645
2.48490886861111,3.645
2.48518674694444,3.645
2.48546439888889,3.645
2.48574262305556,3.645
2.48602036305556,3.645
2.48629782555556,3.645
2.48657602833333,3.645
2.48685418333333,3.645
2.48713170111111,3.645
2.48740981194444,3.645
2.4876874725,3.645
2.48796520083333,3.645
2.48824302638889,3.645
2.48852098111111,3.645
2.488798945,3.645
2.48907687305556,3.645
2.48935440222222,3.645
2.48963215138889,3.645
2.48991011944444,3.645
2.49018810083333,3.645
2.49046570222222,3.645
2.49074367722222,3.645
2.49102143777778,3.645
2.49129944805556,3.645
2.49157735277778,3.645
2.49185499416667,3.645
2.49213315805556,3.645
2.49241078305556,3.645
2.492688725,3.645
2.49296657694444,3.645
2.49324430055556,3.645
2.49352243944444,3.645
2.49380026277778,3.645
2.49407811694444,3.645
2.49435589444444,3.645
2.4946337225,3.645
2.49491132555556,3.645
2.49518940916667,3.645
2.49546758055556,3.645
2.49574544972222,3.645
2.49602325944444,3.645
2.49630115305556,3.645
2.49657910527778,3.645
2.49685694472222,3.645
2.49713498194444,3.645
2.49741275583333,3.645
2.49769057472222,3.645
2.49796853055556,3.645
2.49824608694444,3.645
2.49852420861111,3.645
2.49880203138889,3.645
2.49907963722222,3.645
2.49935734777778,3.645
2.49963535222222,3.645
2.49991298388889,3.645
2.50019084166667,3.645
2.50046850722222,3.645
2.5007468,3.645
2.50102447222222,3.645
2.50130244611111,3.645
2.50157995833333,3.645
2.50185817194444,3.645
2.50213607222222,3.645
2.50241387972222,3.645
2.50269167611111,3.645
2.50296942694444,3.645
2.50324739861111,3.645
2.5035246675,3.645
2.50380279611111,3.645
2.50408050083333,3.645
2.50435844805556,3.645
2.50463648527778,3.645
2.50491386833333,3.645
2.50519198833333,3.645
2.50547012027778,3.645
2.50574848166667,3.645
2.50602607861111,3.645
2.506304305,3.645
2.50658208277778,3.645
2.50685963305556,3.645
2.50713765944444,3.645
2.50741519861111,3.645
2.50769316527778,3.645
2.50797121194444,3.645
2.50824924888889,3.645
2.50852742277778,3.645
2.50880511972222,3.645
2.50908331611111,3.645
2.50936113805556,3.645
2.50963920388889,3.645
2.50991732055556,3.645
2.51019534,3.645
2.51047289805556,3.645
2.51075050027778,3.645
2.51102872861111,3.645
2.51130638361111,3.645
2.51158415,3.645
2.5118621175,3.645
2.51213994222222,3.645
2.51241785083333,3.645
2.5126958725,3.645
2.51297360611111,3.645
2.51325115638889,3.645
2.51352915888889,3.645
2.51380691861111,3.645
2.51408478027778,3.645
2.51436258111111,3.645
2.51464033833333,3.645
2.51491804222222,3.645
2.51519579083333,3.645
2.51547404194444,3.645
2.51575176861111,3.645
2.51602940916667,3.645
2.51630720972222,3.645
2.51658468722222,3.645
2.51686281611111,3.645
2.517140725,3.645
2.51741867694444,3.645
2.51769647722222,3.645
2.51797408777778,3.645
2.51825210888889,3.645
2.51852981027778,3.645
2.51880749472222,3.645
2.51908562833333,3.645
2.51936327111111,3.645
2.51964136111111,3.645
2.51991934722222,3.645
2.52019718861111,3.645
2.52047497833333,3.645
2.52075279527778,3.645
2.52103076222222,3.645
2.52130875416667,3.645
2.52158632722222,3.645
2.52186432361111,3.645
2.52214269583333,3.645
2.52242014194444,3.645
2.5226981475,3.645
2.52297623805556,3.645
2.52325383,3.645
2.52353221555556,3.645
2.52381037277778,3.645
2.52408813861111,3.645
2.52436590833333,3.645
2.52464403861111,3.645
2.52492231527778,3.645
2.52520032305556,3.645
2.52547793388889,3.645
2.52575579055556,3.645
2.52603356972222,3.645
2.52631161083333,3.645
2.52658952972222,3.645
2.52686761861111,3.645
2.52714574527778,3.645
2.52742341138889,3.645
2.52770134805556,3.645
2.52797915055556,3.645
2.52825733555556,3.645
2.52853504638889,3.645
2.52881287888889,3.645
2.52909065166667,3.645
2.52936838305556,3.645
2.52964611305556,3.645
2.529923805,3.645
2.53020138805556,3.645
2.5304793125,3.645
2.53075728083333,3.645
2.5310349325,3.645
2.531312845,3.645
2.53159103555556,3.645
2.53186902777778,3.645
2.53214648944444,3.645
2.53242444277778,3.645
2.53270257416667,3.645
2.53298068194444,3.645
2.53325860888889,3.645
2.53353611694444,3.645
2.53381395055556,3.645
2.53409207222222,3.645
2.53436964111111,3.645
2.53464716555556,3.645
2.53492530638889,3.645
2.53520302916667,3.645
2.53548086361111,3.645
2.5357589275,3.645
2.53603651722222,3.645
2.53631456388889,3.645
2.53659227666667,3.645
2.53687020277778,3.645
2.53714817888889,3.645
2.53742623055556,3.645
2.53770405555556,3.645
2.53798169722222,3.645
2.5382597375,3.645
2.53853791638889,3.645
2.538815835,3.645
2.53909354055556,3.645
2.53937136777778,3.645
2.53964924666667,3.645
2.53992714916667,3.645
2.54020549166667,3.645
2.54048321361111,3.645
2.54076111416667,3.645
2.54103858416667,3.645
2.54131701638889,3.645
2.54159467944444,3.645
2.54187297972222,3.645
2.54215064972222,3.645
2.54242851611111,3.645
2.54270632333333,3.645
2.54298398305556,3.645
2.54326180916667,3.645
2.54353912972222,3.645
2.54381738222222,3.645
2.54409499083333,3.645
2.54437280111111,3.645
2.544650745,3.645
2.54492827888889,3.645
2.54520629833333,3.645
2.54548443527778,3.645
2.54576217138889,3.645
2.54604014277778,3.645
2.54631788166667,3.645
2.54659577222222,3.645
2.54687336555556,3.645
2.54715114972222,3.645
2.54742922805556,3.645
2.54770728083333,3.645
2.54798516166667,3.645
2.54826283111111,3.645
2.54854100166667,3.645
2.54881849972222,3.645
2.54909634888889,3.645
2.54937435388889,3.645
2.54965192,3.645
2.54992997055556,3.645
2.55020791055556,3.645
2.55048568722222,3.645
2.55076343861111,3.645
2.55104146722222,3.645
2.55131910194444,3.645
2.55159692972222,3.645
2.55187480972222,3.645
2.55215280833333,3.645
2.55243030638889,3.645
2.55270840027778,3.645
2.55298582222222,3.645
2.55326395277778,3.645
2.55354160694444,3.645
2.55381954527778,3.645
2.55409726388889,3.645
2.5543751675,3.645
2.55465271194444,3.645
2.55493047194444,3.645
2.55520865833333,3.645
2.55548627361111,3.645
2.5557641775,3.645
2.5560422475,3.645
2.55632037583333,3.645
2.55659814111111,3.645
2.55687589416667,3.645
2.55715367166667,3.645
2.55743149916667,3.645
2.55770927305556,3.645
2.55798688694444,3.645
2.55826503527778,3.645
2.5585430375,3.645
2.55882075833333,3.645
2.55909856138889,3.645
2.55937635055556,3.645
2.55965437777778,3.645
2.559932345,3.645
2.56021000666667,3.645
2.56048820027778,3.645
2.56076593333333,3.645
2.56104361083333,3.645
2.56132169416667,3.645
2.56159918083333,3.645
2.56187700055556,3.645
2.56215498277778,3.645
2.56243322444444,3.645
2.56271113277778,3.645
2.56298896027778,3.645
2.56326661194444,3.645
2.56354481861111,3.645
2.56382281194444,3.645
2.56410049722222,3.645
2.56437804861111,3.645
2.56465619527778,3.645
2.56493406194444,3.645
2.56521174805556,3.645
2.56548993416667,3.645
2.56576826972222,3.645
2.5660458575,3.645
2.56632380972222,3.645
2.56660189777778,3.645
2.56687967777778,3.645
2.56715771,3.645
2.56743559638889,3.645
2.567713835,3.645
2.56799208472222,3.645
2.56826950722222,3.645
2.56854761638889,3.645
2.56882529194444,3.645
2.56910312527778,3.645
2.5693807425,3.645
2.56965854944444,3.645
2.569936585,3.645
2.57021453611111,3.645
2.57049240583333,3.645
2.57077038777778,3.645
2.57104814722222,3.645
2.57132553444444,3.645
2.57160367166667,3.645
2.57188175861111,3.645
2.57215929416667,3.645
2.57243720611111,3.645
2.57271497888889,3.645
2.57299297972222,3.645
2.57327094527778,3.645
2.573548635,3.645
2.57382634916667,3.645
2.57410434555556,3.645
2.57438199361111,3.645
2.57465995305556,3.645
2.5749380725,3.645
2.57521575277778,3.645
2.57549357083333,3.645
2.57577134388889,3.645
2.57604903,3.645
2.57632677055556,3.645
2.57660483333333,3.645
2.576882175,3.645
2.57716061555556,3.645
2.57743865305556,3.645
2.57771682444444,3.645
2.57799430722222,3.645
2.57827227944444,3.645
2.57855005222222,3.645
2.57882835666667,3.645
2.57910619444444,3.645
2.57938355611111,3.645
2.57966182305556,3.645
2.57993916388889,3.645
2.58021754166667,3.645
2.58049549194444,3.645
2.58077344944444,3.645
2.58105132083333,3.645
2.58132892055556,3.645
2.58160639833333,3.645
2.58188490277778,3.645
2.58216241333333,3.645
2.58244026,3.645
2.58271821638889,3.645
2.58299579916667,3.645
2.58327414277778,3.645
2.58355172194444,3.645
2.58382958916667,3.645
2.58410695333333,3.645
2.58438541888889,3.645
2.58466302166667,3.645
2.58494092916667,3.645
2.5852187525,3.645
2.58549688805556,3.645
2.58577493277778,3.645
2.58605272361111,3.645
2.5863305775,3.645
2.58660874388889,3.645
2.58688637333333,3.645
2.58716444694444,3.645
2.5874424925,3.645
2.58772035694444,3.645
2.58799801722222,3.645
2.58827588722222,3.645
2.58855373027778,3.645
2.58883217,3.645
2.58910977805556,3.645
2.58938762583333,3.645
2.58966551833333,3.645
2.58994341166667,3.645
2.59022123416667,3.645
2.59049966416667,3.645
2.59077739861111,3.645
2.59105473722222,3.645
2.59133294861111,3.645
2.59161023972222,3.645
2.59188880305556,3.645
2.59216605138889,3.645
2.59244438305556,3.645
2.59272226388889,3.645
2.59299992111111,3.645
2.59327755222222,3.645
2.59355551722222,3.645
2.59383365694444,3.645
2.59411152055556,3.645
2.59438912083333,3.645
2.59466695527778,3.645
2.59494507388889,3.645
2.59522296444444,3.645
2.59550059555556,3.645
2.59577857666667,3.645
2.59605618,3.645
2.59633367,3.645
2.59661199555556,3.645
2.59688964333333,3.645
2.59716764861111,3.645
2.59744505666667,3.645
2.59772350444444,3.645
2.59800134888889,3.645
2.59827947277778,3.645
2.59855720777778,3.645
2.59883520861111,3.645
2.5991132525,3.645
2.59939125805556,3.645
2.59966899055556,3.645
2.59994657416667,3.645
2.60022414638889,3.645
2.60050229277778,3.645
2.60078047194444,3.645
2.60105831833333,3.645
2.60133616333333,3.645
2.60161422361111,3.645
2.60189213055556,3.645
2.60216994861111,3.645
2.602448085,3.645
2.60272609833333,3.645
2.60300376805556,3.645
2.60328213083333,3.645
2.60355999305556,3.645
2.60383812222222,3.645
2.60411578444444,3.645
2.60439366027778,3.645
2.60467171388889,3.645
2.60494954638889,3.645
2.60522693416667,3.645
2.60550501333333,3.645
2.60578326777778,3.645
2.60606133805556,3.645
2.60633905638889,3.645
2.60661675444444,3.645
2.60689482666667,3.645
2.6071726625,3.645
2.60745059833333,3.645
2.60772839944444,3.645
2.60800610944444,3.645
2.60828437444444,3.645
2.60856240194444,3.645
2.60884001361111,3.645
2.60911804055556,3.645
2.60939616083333,3.645
2.60967399611111,3.645
2.60995209666667,3.645
2.61022973388889,3.645
2.61050755666667,3.645
2.61078512583333,3.645
2.61106275444444,3.645
2.61134105361111,3.645
2.61161902055556,3.645
2.61189717972222,3.645
2.61217526833333,3.645
2.61245347416667,3.645
2.61273111944444,3.645
2.61300893916667,3.645
2.613286845,3.645
2.61356460027778,3.645
2.61384224,3.645
2.6141204325,3.645
2.61439805,3.645
2.61467616361111,3.645
2.61495408805556,3.645
2.61523202722222,3.645
2.61550975861111,3.645
2.61578771166667,3.645
2.61606562388889,3.645
2.61634373305556,3.645
2.6166213475,3.645
2.61689898166667,3.645
2.61717681722222,3.645
2.61745468694444,3.645
2.61773267944444,3.645
2.61801047416667,3.645
2.61828799583333,3.645
2.61856577361111,3.645
2.61884356722222,3.645
2.61912141222222,3.645
2.61939959861111,3.645
2.61967721888889,3.645
2.61995535388889,3.645
2.62023329166667,3.645
2.62051120388889,3.645
2.62078912416667,3.645
2.62106674027778,3.645
2.62134469277778,3.645
2.62162240777778,3.645
2.62190058,3.645
2.62217850083333,3.645
2.62245680388889,3.645
2.6227344775,3.645
2.62301212694444,3.645
2.62329011861111,3.645
2.62356788638889,3.645
2.6238452425,3.645
2.62412335722222,3.645
2.62440116333333,3.645
2.62467908555556,3.645
2.62495697305556,3.645
2.62523496194444,3.645
2.62551281194444,3.645
2.62579029083333,3.645
2.62606847166667,3.645
2.62634619222222,3.645
2.62662420305556,3.645
2.62690219694444,3.645
2.62717991333333,3.645
2.62745761111111,3.645
2.62773535305556,3.645
2.62801321805556,3.645
2.62829078833333,3.645
2.62856901027778,3.645
2.62884656027778,3.645
2.62912435027778,3.645
2.62940201944444,3.645
2.62967974833333,3.645
2.62995751944444,3.645
2.63023564555556,3.645
2.63051355166667,3.645
2.63079138166667,3.645
2.63106939055556,3.645
2.63134751666667,3.645
2.63162600333333,3.645
2.63190364361111,3.645
2.63218136472222,3.645
2.63245930083333,3.645
2.63273704805556,3.645
2.63301533833333,3.645
2.63329348027778,3.645
2.63357098888889,3.645
2.63384893305556,3.645
2.63412662833333,3.645
2.63440438666667,3.645
2.63468225,3.645
2.63496011416667,3.645
2.63523780444444,3.645
2.63551566972222,3.645
2.63579349805556,3.645
2.63607093055556,3.645
2.63634879611111,3.645
2.63662659611111,3.645
2.63690453083333,3.645
2.63718237166667,3.645
2.63746023055556,3.645
2.63773816444444,3.645
2.63801579416667,3.645
2.63829361888889,3.645
2.6385714775,3.645
2.63884948722222,3.645
2.63912768138889,3.645
2.63940590583333,3.645
2.63968327333333,3.645
2.63996154277778,3.645
2.64023929361111,3.645
2.64051689055556,3.645
2.64079492277778,3.645
2.64107254388889,3.645
2.64135029611111,3.645
2.64162871416667,3.645
2.64190679083333,3.645
2.6421841325,3.645
2.6424623125,3.645
2.64273996361111,3.645
2.64301787722222,3.645
2.64329524027778,3.645
2.64357344722222,3.645
2.64385104527778,3.645
2.64412868833333,3.645
2.6444066625,3.645
2.64468452722222,3.645
2.64496229972222,3.645
2.645240185,3.645
2.64551800833333,3.645
2.64579623861111,3.645
2.64607395388889,3.645
2.64635171305556,3.645
2.64662939083333,3.645
2.64690744527778,3.645
2.647185345,3.645
2.647463225,3.645
2.64774075055556,3.645
2.64801853583333,3.645
2.64829656972222,3.645
2.64857467055556,3.645
2.6488525475,3.645
2.64913028027778,3.645
2.64940797638889,3.645
2.64968594333333,3.645
2.64996333777778,3.645
2.65024164111111,3.645
2.65051944694444,3.645
2.65079780777778,3.645
2.65107601833333,3.645
2.65135362444444,3.645
2.65163117777778,3.645
2.65190922555556,3.645
2.65218696861111,3.645
2.65246480305556,3.645
2.65274263194444,3.645
2.65302042861111,3.645
2.6532983425,3.645
2.65357656861111,3.645
2.65385410222222,3.645
2.65413187916667,3.645
2.65441021333333,3.645
2.65468810972222,3.645
2.65496601833333,3.645
2.65524403305556,3.645
2.65552167527778,3.645
2.65579973194444,3.645
2.65607753833333,3.645
2.65635573666667,3.645
2.65663353583333,3.645
2.6569115825,3.645
2.65718956944444,3.645
2.65746734083333,3.645
2.65774540833333,3.645
2.65802309138889,3.645
2.65830078388889,3.645
2.65857879638889,3.645
2.65885693111111,3.645
2.65913472472222,3.645
2.6594124175,3.645
2.65969024583333,3.645
2.65996857833333,3.645
2.66024628972222,3.645
2.66052440527778,3.645
2.66080276888889,3.645
2.66108041055556,3.645
2.66135810138889,3.645
2.66163615888889,3.645
2.66191384555556,3.645
2.66219140111111,3.645
2.662469585,3.645
2.66274776666667,3.645
2.66302590388889,3.645
2.66330358944444,3.645
2.66358149194444,3.645
2.66385914833333,3.645
2.66413724111111,3.645
2.66441496166667,3.645
2.66469339222222,3.645
2.66497147861111,3.645
2.66524905555556,3.645
2.665526915,3.645
2.66580461194444,3.645
2.66608256166667,3.645
2.66636041166667,3.645
2.66663854972222,3.645
2.66691658916667,3.645
2.66719441361111,3.645
2.66747277166667,3.645
2.66775070916667,3.645
2.66802799888889,3.645
2.66830615305556,3.645
2.66858423361111,3.645
2.66886171277778,3.645
2.66913983166667,3.645
2.66941779305556,3.645
2.66969571166667,3.645
2.66997397972222,3.645
2.67025138027778,3.645
2.67052960194444,3.645
2.67080729444444,3.645
2.67108512416667,3.645
2.67136325055556,3.645
2.67164130611111,3.645
2.67191920305556,3.645
2.67219717833333,3.645
2.67247520638889,3.645
2.67275292138889,3.645
2.67303101722222,3.645
2.67330898944444,3.645
2.67358685277778,3.645
2.67386468777778,3.645
2.67414247777778,3.645
2.67442035722222,3.645
2.6746986075,3.645
2.67497648638889,3.645
2.67525454916667,3.645
2.67553201972222,3.645
2.67581000055556,3.645
2.67608827166667,3.645
2.67636614305556,3.645
2.67664393027778,3.645
2.67692180666667,3.645
2.67719998277778,3.645
2.67747807277778,3.645
2.67775588944444,3.645
2.6780337975,3.645
2.67831160722222,3.645
2.67858913611111,3.645
2.67886764305556,3.645
2.67914565222222,3.645
2.67942348944444,3.645
2.67970122305556,3.645
2.67997890916667,3.645
2.68025669277778,3.645
2.6805343975,3.645
2.68081244305556,3.645
2.68109046055556,3.645
2.6813685875,3.645
2.68164638916667,3.645
2.6819242675,3.645
2.68220249861111,3.645
2.68248059361111,3.645
2.68275833083333,3.645
2.68303653805556,3.645
2.68331418333333,3.645
2.68359201527778,3.645
2.6838695,3.645
2.68414742638889,3.645
2.6844249775,3.645
2.68470313944444,3.645
2.68498097138889,3.645
2.68525907,3.645
2.68553704416667,3.645
2.68581519416667,3.645
2.68609246388889,3.645
2.68637076277778,3.645
2.68664838972222,3.645
2.686926295,3.645
2.68720435083333,3.645
2.68748195472222,3.645
2.68776015,3.645
2.68803771777778,3.645
2.68831592,3.645
2.68859353944444,3.645
2.68887146944444,3.645
2.68914909194444,3.645
2.68942702027778,3.645
2.68970483611111,3.645
2.68998270333333,3.645
2.69026074027778,3.645
2.69053839305556,3.645
2.69081646722222,3.645
2.69109412305556,3.645
2.69137217972222,3.645
2.69164994166667,3.645
2.69192774305556,3.645
2.69220598138889,3.645
2.69248401,3.645
2.69276205444444,3.645
2.6930397875,3.645
2.69331750694444,3.645
2.69359555166667,3.645
2.69387357222222,3.645
2.69415127388889,3.645
2.69442932083333,3.645
2.69470726666667,3.645
2.69498498138889,3.645
2.69526277972222,3.645
2.69554036916667,3.645
2.69581852555556,3.645
2.69609641555556,3.645
2.69637428694444,3.645
2.69665209694444,3.645
2.69692995527778,3.645
2.69720778277778,3.645
2.69748573777778,3.645
2.69776329888889,3.645
2.69804109777778,3.645
2.6983189325,3.645
2.69859705666667,3.645
2.69887440722222,3.645
2.6991522275,3.645
2.69943034972222,3.645
2.69970811,3.645
2.69998610944444,3.645
2.70026386,3.645
2.70054206055556,3.645
2.70081992388889,3.645
2.70109788583333,3.645
2.70137525388889,3.645
2.70165333138889,3.645
2.70193145444444,3.645
2.70220924,3.645
2.70248713888889,3.645
2.70276517833333,3.645
2.70304311416667,3.645
2.70332080416667,3.645
2.70359897277778,3.645
2.70387670861111,3.645
2.70415457694444,3.645
2.70443253388889,3.645
2.70471089638889,3.645
2.70498871638889,3.645
2.70526686416667,3.645
2.70554446527778,3.645
2.70582247638889,3.645
2.70609998055556,3.645
2.70637819777778,3.645
2.70665577777778,3.645
2.70693373277778,3.645
2.70721138527778,3.645
2.70748932916667,3.645
2.70776695416667,3.645
2.70804486805556,3.645
2.70832265861111,3.645
2.70860025805556,3.645
2.70887809638889,3.645
2.70915612083333,3.645
2.70943391555556,3.645
2.70971148055556,3.645
2.70998911972222,3.645
2.71026700833333,3.645
2.71054537111111,3.645
2.71082289583333,3.645
2.711101045,3.645
2.71137876444444,3.645
2.71165685527778,3.645
2.7119344225,3.645
2.71221232916667,3.645
2.71249002361111,3.645
2.71276807583333,3.645
2.71304609111111,3.645
2.71332411888889,3.645
2.71360234916667,3.645
2.7138803775,3.645
2.71415807527778,3.645
2.71443587805556,3.645
2.71471377694444,3.645
2.71499163611111,3.645
2.71526942722222,3.645
2.71554751611111,3.645
2.71582498972222,3.645
2.71610323416667,3.645
2.71638099222222,3.645
2.71665858166667,3.645
2.71693659194444,3.645
2.71721451833333,3.645
2.7174922,3.645
2.71776995027778,3.645
2.71804785388889,3.645
2.71832547388889,3.645
2.71860335388889,3.645
2.71888138694444,3.645
2.71915934472222,3.645
2.71943740055556,3.645
2.71971505416667,3.645
2.71999266916667,3.645
2.72027034388889,3.645
2.72054827527778,3.645
2.72082657194444,3.645
2.72110438527778,3.645
2.72138264888889,3.645
2.72166047194444,3.645
2.72193803805556,3.645
2.72221615,3.645
2.72249388861111,3.645
2.72277210083333,3.645
2.72304981944444,3.645
2.72332778194444,3.645
2.72360556055556,3.645
2.72388331222222,3.645
2.7241609475,3.645
2.72443891083333,3.645
2.72471656111111,3.645
2.72499441222222,3.645
2.72527242527778,3.645
2.72555048472222,3.645
2.72582843388889,3.645
2.72610630138889,3.645
2.72638419111111,3.645
2.72666196916667,3.645
2.72693961972222,3.645
2.727217355,3.645
2.72749536333333,3.645
2.72777298,3.645
2.72805077777778,3.645
2.72832865138889,3.645
2.72860631527778,3.645
2.72888383166667,3.645
2.72916196222222,3.645
2.72943977611111,3.645
2.72971755083333,3.645
2.72999570027778,3.645
2.73027331333333,3.645
2.73055121388889,3.645
2.730828825,3.645
2.73110681166667,3.645
2.73138440388889,3.645
2.73166228611111,3.645
2.73193987722222,3.645
2.73221788027778,3.645
2.73249585638889,3.645
2.73277344944444,3.645
2.73305171055556,3.645
2.73332965222222,3.645
2.73360740833333,3.645
2.73388505472222,3.645
2.73416286694444,3.645
2.73444030888889,3.645
2.73471838805556,3.645
2.73499582083333,3.645
2.73527354972222,3.645
2.73555134305556,3.645
2.73582958222222,3.645
2.73610769194444,3.645
2.73638564666667,3.645
2.73666363305556,3.645
2.73694145194444,3.645
2.73721913833333,3.645
2.73749683694444,3.645
2.73777498222222,3.645
2.73805310444444,3.645
2.73833076027778,3.645
2.73860872527778,3.645
2.73888647222222,3.645
2.73916423222222,3.645
2.73944201527778,3.645
2.73971972333333,3.645
2.73999785083333,3.645
2.74027558527778,3.645
2.74055324027778,3.645
2.74083134138889,3.645
2.74110951638889,3.645
2.74138738444444,3.645
2.74166544166667,3.645
2.74194298222222,3.645
2.74222103111111,3.645
2.74249855611111,3.645
2.74277680166667,3.645
2.74305485833333,3.645
2.74333261777778,3.645
2.74361047583333,3.645
2.74388876444444,3.645
2.74416691111111,3.645
2.74444483638889,3.645
2.74472271972222,3.645
2.74500057833333,3.645
2.7452787425,3.645
2.74555647027778,3.645
2.74583410944444,3.645
2.74611198305556,3.645
2.74639020833333,3.645
2.74666799722222,3.645
2.74694579722222,3.645
2.74722410638889,3.645
2.74750171611111,3.645
2.74777965722222,3.645
2.74805756861111,3.645
2.74833536888889,3.645
2.748612885,3.645
2.74889092833333,3.645
2.74916874166667,3.645
2.74944646527778,3.645
2.74972419472222,3.645
2.75000196305556,3.645
2.75028018305556,3.645
2.75055791166667,3.645
2.75083576472222,3.645
2.75111331555556,3.645
2.75139154666667,3.645
2.75166910055556,3.645
2.75194687555556,3.645
2.75222476,3.645
2.75250256583333,3.645
2.75278038444444,3.645
2.75305828333333,3.645
2.7533362825,3.645
2.75361415861111,3.645
2.75389200083333,3.645
2.75416998666667,3.645
2.75444778111111,3.645
2.75472557111111,3.645
2.75500348055556,3.645
2.75528122277778,3.645
2.75555883388889,3.645
2.75583669944444,3.645
2.75611462083333,3.645
2.75639244638889,3.645
2.75667037944444,3.645
2.7569482375,3.645
2.75722601055556,3.645
2.757503995,3.645
2.75778168666667,3.645
2.75805973722222,3.645
2.75833769638889,3.645
2.75861578722222,3.645
2.75889327527778,3.645
2.75917150166667,3.645
2.75944933277778,3.645
2.75972667027778,3.645
2.76000483416667,3.645
2.76028273583333,3.645
2.76056054722222,3.645
2.76083867833333,3.645
2.76111678666667,3.645
2.76139462833333,3.645
2.76167256,3.645
2.76195046027778,3.645
2.76222850166667,3.645
2.7625069075,3.645
2.76278459277778,3.645
2.76306250222222,3.645
2.76334040111111,3.645
2.76361806583333,3.645
2.76389592027778,3.645
2.76417382111111,3.645
2.76445179305556,3.645
2.764729405,3.645
2.76500717055556,3.645
2.76528540583333,3.645
2.76556308111111,3.645
2.76584079416667,3.645
2.76611884472222,3.645
2.76639666777778,3.645
2.76667410916667,3.645
2.76695243583333,3.645
2.76722977916667,3.645
2.76750775277778,3.645
2.76778560638889,3.645
2.768063205,3.645
2.76834121194444,3.645
2.76861889722222,3.645
2.76889731527778,3.645
2.769174965,3.645
2.76945327638889,3.645
2.76973101611111,3.645
2.77000886916667,3.645
2.770286425,3.645
2.77056429166667,3.645
2.77084237472222,3.645
2.77112025083333,3.645
2.77139807666667,3.645
2.77167572277778,3.645
2.77195380388889,3.645
2.77223187916667,3.645
2.77250962944444,3.645
2.77278756694444,3.645
2.77306537694444,3.645
2.77334370305556,3.645
2.77362154111111,3.645
2.77389925555556,3.645
2.77417685694444,3.645
2.77445498861111,3.645
2.77473283,3.645
2.77501063944444,3.645
2.77528837722222,3.645
2.7755665275,3.645
2.77584415944444,3.645
2.7761223725,3.645
2.77640002305556,3.645
2.77667785555556,3.645
2.77695556611111,3.645
2.77723379833333,3.645
2.77751137027778,3.645
2.77778939972222,3.645
2.77806700416667,3.645
2.77834497944444,3.645
2.77862333416667,3.645
2.77890160722222,3.645
2.77917981361111,3.645
2.77945770472222,3.645
2.77973559694444,3.645
2.7800133525,3.645
2.78029096888889,3.645
2.78056914861111,3.645
2.78084715583333,3.645
2.78112518333333,3.645
2.781402705,3.645
2.78168021527778,3.645
2.78195855027778,3.645
2.78223660444444,3.645
2.78251481916667,3.645
2.7827926675,3.645
2.78307023277778,3.645
2.78334792611111,3.645
2.78362579944444,3.645
2.78390367055556,3.645
2.78418175638889,3.645
2.78445950527778,3.645
2.78473757444444,3.645
2.78501531027778,3.645
2.78529319305556,3.645
2.78557111333333,3.645
2.78584897888889,3.645
2.78612716166667,3.645
2.78640503444444,3.645
2.78668298305556,3.645
2.78696109277778,3.645
2.78723886666667,3.645
2.78751657138889,3.645
2.78779438972222,3.645
2.78807236361111,3.645
2.78835023083333,3.645
2.78862817472222,3.645
2.78890586138889,3.645
2.78918378638889,3.645
2.78946187222222,3.645
2.78973972777778,3.645
2.79001795305556,3.645
2.79029571583333,3.645
2.79057346861111,3.645
2.79085155388889,3.645
2.79112926861111,3.645
2.79140698777778,3.645
2.7916850725,3.645
2.79196290611111,3.645
2.79224046916667,3.645
2.79251828861111,3.645
2.79279610861111,3.645
2.79307397944444,3.645
2.79335201972222,3.645
2.79362958277778,3.645
2.79390767722222,3.645
2.79418536805556,3.645
2.79446299083333,3.645
2.79474090638889,3.645
2.79501882638889,3.645
2.79529656027778,3.645
2.79557447472222,3.645
2.79585231194444,3.645
2.79613009388889,3.645
2.79640806,3.645
2.79668596305556,3.645
2.79696361055556,3.645
2.79724106277778,3.645
2.79751935638889,3.645
2.79779690388889,3.645
2.79807466444444,3.645
2.79835280472222,3.645
2.79863029166667,3.645
2.79890825416667,3.645
2.79918615194444,3.645
2.799464575,3.645
2.79974210638889,3.645
2.80001992,3.645
2.80029751055556,3.645
2.80057595916667,3.645
2.80085366138889,3.645
2.80113132333333,3.645
2.80140947166667,3.645
2.80168726472222,3.645
2.80196503888889,3.645
2.80224257444444,3.645
2.80252048638889,3.645
2.80279846277778,3.645
2.80307601722222,3.645
2.80335425861111,3.645
2.80363175111111,3.645
2.80390989361111,3.645
2.80418790138889,3.645
2.80446554472222,3.645
2.80474329361111,3.645
2.80502119111111,3.645
2.80529937833333,3.645
2.80557742944444,3.645
2.80585499638889,3.645
2.80613294111111,3.645
2.80641077888889,3.645
2.80668873444444,3.645
2.806966415,3.645
2.80724421944444,3.645
2.80752188277778,3.645
2.80780023861111,3.645
2.80807828916667,3.645
2.80835661638889,3.645
2.80863412527778,3.645
2.80891202861111,3.645
2.80918981833333,3.645
2.80946758861111,3.645
2.80974510583333,3.645
2.81002298861111,3.645
2.81030061305556,3.645
2.8105784625,3.645
2.81085635833333,3.645
2.81113427916667,3.645
2.81141216166667,3.645
2.81168970333333,3.645
2.81196759611111,3.645
2.81224543111111,3.645
2.81252311611111,3.645
2.81280083833333,3.645
2.81307835777778,3.645
2.81335634277778,3.645
2.81363420111111,3.645
2.81391212944444,3.645
2.81419013611111,3.645
2.81446775555556,3.645
2.81474605611111,3.645
2.81502384388889,3.645
2.81530165055556,3.645
2.81557938777778,3.645
2.8158576225,3.645
2.81613536388889,3.645
2.81641327361111,3.645
2.8166911425,3.645
2.81696873805556,3.645
2.81724646805556,3.645
2.81752421111111,3.645
2.81780196027778,3.645
2.81808009,3.645
2.81835782694444,3.645
2.81863596555556,3.645
2.81891364222222,3.645
2.81919149166667,3.645
2.81946951,3.645
2.81974713444444,3.645
2.82002477027778,3.645
2.82030287138889,3.645
2.82058044583333,3.645
2.82085805916667,3.645
2.82113650111111,3.645
2.82141434972222,3.645
2.82169225166667,3.645
2.82197034888889,3.645
2.82224793222222,3.645
2.82252550055556,3.645
2.82280368555556,3.645
2.82308143611111,3.645
2.82335945805556,3.645
2.82363756083333,3.645
2.82391526416667,3.645
2.82419332611111,3.645
2.82447144888889,3.645
2.824748925,3.645
2.82502686888889,3.645
2.82530476277778,3.645
2.82558241305556,3.645
2.82586031333333,3.645
2.82613817222222,3.645
2.82641580833333,3.645
2.82669367944444,3.645
2.82697111722222,3.645
2.82724900333333,3.645
2.82752706,3.645
2.82780475666667,3.645
2.8280828725,3.645
2.82836090166667,3.645
2.82863889416667,3.645
2.82891662388889,3.645
2.82919419888889,3.645
