Timestamp_1 [h],BATT_009_CC1 [V],Timestamp_2 [h],BATT_009_CC2 [V],Timestamp_3 [h],BATT_009_CC3 [V]
0,3.013,0,3.105,0,2.901
0.000275623611111111,3.013,0.000276303611111111,3.105,0.000234904166666667,2.901
0.000553279444444444,3.013,0.000554040833333333,3.105,0.000512919166666667,2.901
0.000831104166666667,3.013,0.000832027777777778,3.105,0.000790511388888889,2.901
0.00110889555555556,3.013,0.00110994361111111,3.217,0.00106857055555556,2.901
0.00138667833333333,3.105,0.00138741694444444,3.227,0.00134685416666667,2.901
0.00166457916666667,3.125,0.00166561305555556,3.237,0.00162484777777778,2.901
0.00194205,3.135,0.00194373555555556,3.237,0.00190279055555556,2.901
0.00221989527777778,3.135,0.00222137416666667,3.247,0.00218082388888889,2.901
0.00249814444444444,3.146,0.00249880527777778,3.247,0.00245849555555556,2.901
0.00277574416666667,3.156,0.00277690611111111,3.258,0.00273630583333333,2.901
0.00305417388888889,3.156,0.00305511611111111,3.258,0.00301455027777778,2.901
0.00333212472222222,3.156,0.00333276972222222,3.258,0.00329211166666667,2.901
0.00360981166666667,3.166,0.00361086194444444,3.258,0.00357020138888889,2.901
0.00388773944444444,3.166,0.0038887025,3.268,0.00384798027777778,2.901
0.00416565444444444,3.166,0.00416628833333333,3.258,0.00412573777777778,2.901
0.00444339472222222,3.166,0.00444382083333333,3.268,0.00440325472222222,2.901
0.00472150027777778,3.176,0.00472232333333333,3.268,0.00468103083333333,2.901
0.00499888916666667,3.176,0.00500003777777778,3.268,0.00495922388888889,2.901
0.00527716416666667,3.176,0.00527783555555556,3.268,0.00523723611111111,2.901
0.00555483194444445,3.176,0.00555575222222222,3.278,0.00551509555555556,2.901
0.00583288805555556,3.186,0.00583343611111111,3.278,0.00579291916666667,2.891
0.00611084805555556,3.186,0.006111575,3.278,0.00607042638888889,2.901
0.00638862444444444,3.186,0.00638965972222222,3.278,0.00634869638888889,2.901
0.00666633083333333,3.186,0.00666748277777778,3.288,0.00662626277777778,2.901
0.00694432166666667,3.186,0.00694528583333333,3.288,0.00690429027777778,3.033
0.00722203916666667,3.197,0.00722297055555556,3.288,0.007182095,3.054
0.00750002194444444,3.197,0.007501165,3.288,0.00745985694444444,3.064
0.00777787833333333,3.197,0.0077792775,3.288,0.00773777472222222,3.064
0.00805565638888889,3.197,0.0080568975,3.288,0.0080155725,3.074
0.00833304944444445,3.207,0.00833495277777778,3.298,0.0082932475,3.084
0.00861121583333333,3.207,0.00861285722222222,3.298,0.00857098916666667,3.084
0.00888889,3.207,0.00889091611111111,3.298,0.0088485125,3.095
0.00916721833333333,3.207,0.00916925861111111,3.298,0.00912677222222222,3.095
0.00944523916666667,3.217,0.00944761277777778,3.298,0.00940452138888889,3.095
0.00972293611111111,3.217,0.00972524972222222,3.298,0.009682435,3.105
0.0100007977777778,3.217,0.0100030577777778,3.298,0.00996024361111111,3.105
0.0102786869444444,3.217,0.0102808113888889,3.298,0.0102383044444444,3.115
0.0105564052777778,3.217,0.0105586030555556,3.309,0.0105159683333333,3.115
0.0108342163888889,3.217,0.0108364808333333,3.309,0.0107940758333333,3.115
0.0111119919444444,3.217,0.0111140605555556,3.309,0.0110719719444444,3.125
0.0113901913888889,3.217,0.0113923633333333,3.309,0.0113500719444444,3.125
0.0116684880555556,3.227,0.0116700488888889,3.309,0.0116278063888889,3.135
0.0119460558333333,3.227,0.0119478125,3.309,0.01190541,3.135
0.0122239097222222,3.227,0.0122253680555556,3.309,0.0121837336111111,3.135
0.0125017380555556,3.227,0.0125029697222222,3.319,0.0124614844444444,3.135
0.0127794716666667,3.227,0.0127808436111111,3.319,0.0127393358333333,3.146
0.0130573633333333,3.237,0.0130591133333333,3.319,0.0130168941666667,3.146
0.0133351488888889,3.237,0.0133370586111111,3.319,0.0132953241666667,3.156
0.0136127038888889,3.237,0.0136148308333333,3.319,0.0135731911111111,3.156
0.0138910116666667,3.237,0.0138924122222222,3.319,0.0138507191666667,3.156
0.0141689969444444,3.237,0.0141705375,3.319,0.0141288547222222,3.156
0.0144469613888889,3.237,0.0144482597222222,3.329,0.0144067775,3.166
0.0147249813888889,3.247,0.0147259275,3.319,0.0146844958333333,3.166
0.0150031633333333,3.247,0.0150039147222222,3.329,0.0149622930555556,3.166
0.0152807413888889,3.247,0.0152816005555556,3.329,0.0152402438888889,3.166
0.015558705,3.247,0.0155593669444444,3.329,0.0155176694444444,3.176
0.0158364405555556,3.247,0.0158375819444444,3.329,0.0157958238888889,3.176
0.0161140836111111,3.247,0.0161152863888889,3.329,0.0160735583333333,3.176
0.0163917166666667,3.258,0.0163930030555556,3.329,0.0163513316666667,3.176
0.0166696633333333,3.258,0.0166711338888889,3.329,0.0166293288888889,3.176
0.0169471463888889,3.258,0.0169490933333333,3.339,0.0169071375,3.186
0.0172254538888889,3.258,0.0172267816666667,3.339,0.0171845866666667,3.186
0.0175029838888889,3.258,0.0175046672222222,3.339,0.01746307,3.186
0.0177807436111111,3.258,0.0177826036111111,3.339,0.0177407427777778,3.186
0.0180587391666667,3.258,0.0180605666666667,3.339,0.0180184491666667,3.197
0.0183366058333333,3.258,0.0183384247222222,3.339,0.0182960838888889,3.197
0.0186143483333333,3.258,0.0186164938888889,3.339,0.0185740286111111,3.207
0.0188923013888889,3.258,0.0188938580555556,3.339,0.0188517936111111,3.207
0.0191701113888889,3.258,0.0191722880555556,3.339,0.0191296461111111,3.207
0.0194479969444444,3.268,0.01945018,3.339,0.0194078780555556,3.207
0.0197261844444444,3.268,0.0197277088888889,3.339,0.0196858327777778,3.207
0.0200042611111111,3.268,0.0200061791666667,3.339,0.0199639452777778,3.207
0.0202820677777778,3.268,0.0202840688888889,3.339,0.02024178,3.207
0.0205597508333333,3.268,0.0205620341666667,3.339,0.0205196744444444,3.207
0.0208376516666667,3.268,0.0208396533333333,3.339,0.0207977961111111,3.217
0.0211155325,3.268,0.0211178894444444,3.339,0.0210754280555556,3.217
0.0213935369444444,3.278,0.0213955163888889,3.339,0.021353435,3.217
0.0216715394444444,3.278,0.0216733466666667,3.339,0.0216310211111111,3.217
0.0219492761111111,3.278,0.0219508136111111,3.349,0.0219089552777778,3.217
0.0222273213888889,3.278,0.0222286283333333,3.349,0.0221868569444444,3.227
0.0225051169444444,3.278,0.0225067811111111,3.339,0.0224651066666667,3.227
0.0227831422222222,3.278,0.0227843777777778,3.349,0.0227427941666667,3.227
0.0230607880555556,3.278,0.02306234,3.349,0.0230205391666667,3.227
0.0233386147222222,3.278,0.0233402444444444,3.349,0.02329839,3.237
0.0236164205555556,3.288,0.0236181683333333,3.349,0.0235757494444444,3.227
0.02389411,3.288,0.0238958622222222,3.349,0.0238538702777778,3.237
0.0241723644444444,3.288,0.0241739280555556,3.349,0.0241313458333333,3.237
0.0244499091666667,3.288,0.0244516516666667,3.349,0.0244091894444444,3.237
0.0247277108333333,3.288,0.0247297872222222,3.349,0.0246875772222222,3.237
0.0250053763888889,3.288,0.0250074597222222,3.349,0.0249651555555556,3.237
0.0252837225,3.288,0.0252852775,3.349,0.0252431716666667,3.247
0.0255616180555556,3.288,0.0255629430555556,3.349,0.0255207333333333,3.247
0.0258396013888889,3.288,0.0258410130555556,3.349,0.0257991244444444,3.247
0.0261176419444444,3.288,0.0261189333333333,3.349,0.0260768975,3.247
0.0263951438888889,3.288,0.0263966491666667,3.349,0.0263549244444444,3.247
0.0266731080555556,3.298,0.0266743258333333,3.36,0.0266327805555556,3.247
0.0269511502777778,3.298,0.0269518636111111,3.349,0.0269106141666667,3.258
0.0272289622222222,3.298,0.0272298961111111,3.349,0.0271884505555556,3.258
0.0275068705555556,3.288,0.0275075083333333,3.349,0.0274663441666667,3.258
0.0277847633333333,3.298,0.0277854141666667,3.36,0.0277445072222222,3.258
0.028062665,3.298,0.0280632188888889,3.349,0.0280222258333333,3.258
0.0283406980555556,3.298,0.0283412894444444,3.349,0.0282999538888889,3.258
0.0286188080555556,3.298,0.0286192625,3.36,0.0285773933333333,3.268
0.0288965197222222,3.298,0.0288968922222222,3.36,0.0288553444444444,3.258
0.0291746113888889,3.298,0.02917523,3.36,0.0291332569444444,3.258
0.0294524783333333,3.298,0.0294528802777778,3.36,0.0294114475,3.268
0.0297302761111111,3.298,0.0297305852777778,3.36,0.0296891236111111,3.268
0.0300081066666667,3.309,0.0300084144444444,3.36,0.0299668761111111,3.268
0.0302860041666667,3.298,0.0302863527777778,3.36,0.0302446569444444,3.268
0.0305639113888889,3.298,0.0305643933333333,3.36,0.0305227563888889,3.268
0.0308417752777778,3.309,0.0308425197222222,3.36,0.0308009094444444,3.268
0.0311192577777778,3.309,0.0311202033333333,3.349,0.0310785388888889,3.278
0.0313972383333333,3.309,0.0313981858333333,3.36,0.0313565333333333,3.278
0.0316752563888889,3.309,0.0316762633333333,3.36,0.0316344216666667,3.278
0.0319533994444444,3.309,0.0319541211111111,3.36,0.0319123019444444,3.278
0.0322314358333333,3.309,0.0322319758333333,3.36,0.032190175,3.278
0.0325095058333333,3.309,0.0325097869444444,3.36,0.0324682405555556,3.278
0.0327872966666667,3.309,0.0327874536111111,3.36,0.0327456822222222,3.288
0.0330652088888889,3.309,0.0330651555555556,3.36,0.0330238436111111,3.288
0.0333430861111111,3.309,0.0333428386111111,3.36,0.0333017591666667,3.288
0.0336212438888889,3.309,0.0336209172222222,3.36,0.0335792552777778,3.288
0.0338989075,3.309,0.0338989761111111,3.36,0.0338571805555556,3.288
0.0341763722222222,3.319,0.0341765980555556,3.37,0.0341349358333333,3.288
0.0344541658333333,3.319,0.0344543227777778,3.36,0.0344125097222222,3.288
0.0347322366666667,3.319,0.0347324991666667,3.36,0.0346905983333333,3.288
0.0350100872222222,3.319,0.0350103772222222,3.36,0.0349679727777778,3.298
0.0352880377777778,3.319,0.0352879602777778,3.36,0.0352458636111111,3.298
0.0355660591666667,3.319,0.0355658266666667,3.36,0.0355238411111111,3.298
0.0358440252777778,3.319,0.0358436919444445,3.36,0.0358019002777778,3.298
0.0361216094444444,3.319,0.0361216833333333,3.36,0.0360799255555556,3.298
0.0363996388888889,3.319,0.0363991130555556,3.37,0.0363579019444445,3.298
0.0366773155555556,3.319,0.0366772886111111,3.36,0.0366355355555555,3.298
0.0369547958333333,3.319,0.0369546822222222,3.36,0.0369139255555556,3.309
0.0372328622222222,3.319,0.0372327591666667,3.36,0.0371916747222222,3.298
0.0375107616666667,3.319,0.0375102138888889,3.36,0.0374695158333333,3.309
0.0377888088888889,3.319,0.0377883141666667,3.36,0.0377478591666667,3.309
0.0380668105555556,3.319,0.0380658091666667,3.37,0.0380254286111111,3.309
0.0383443780555556,3.329,0.0383436716666667,3.37,0.0383033097222222,3.309
0.0386224280555556,3.329,0.0386217866666667,3.37,0.0385808111111111,3.309
0.0388999308333333,3.319,0.0388994,3.37,0.0388592888888889,3.309
0.0391782658333333,3.329,0.0391773208333333,3.37,0.0391372347222222,3.309
0.0394561947222222,3.329,0.0394550180555556,3.36,0.0394149175,3.309
0.03973391,3.329,0.0397331827777778,3.37,0.0396927475,3.319
0.0400114833333333,3.329,0.0400106136111111,3.37,0.0399703152777778,3.319
0.0402893647222222,3.329,0.0402886244444444,3.37,0.0402484669444444,3.319
0.0405671622222222,3.329,0.0405667288888889,3.37,0.0405263302777778,3.319
0.0408450502777778,3.329,0.0408445786111111,3.37,0.0408042272222222,3.319
0.0411229772222222,3.329,0.0411223005555556,3.37,0.0410820897222222,3.319
0.0414009702777778,3.329,0.0414001961111111,3.36,0.0413599602777778,3.319
0.0416784597222222,3.329,0.0416784719444444,3.37,0.0416377577777778,3.319
0.0419563797222222,3.329,0.0419562813888889,3.37,0.0419157002777778,3.319
0.0422342772222222,3.329,0.0422341105555556,3.37,0.0421936641666667,3.319
0.0425121077777778,3.329,0.0425123736111111,3.37,0.04247154,3.329
0.0427900708333333,3.329,0.0427899963888889,3.37,0.0427494627777778,3.329
0.0430682075,3.339,0.0430680105555556,3.37,0.0430271186111111,3.329
0.0433456008333333,3.339,0.0433457983333333,3.37,0.0433050186111111,3.329
0.0436235469444444,3.329,0.0436235008333333,3.37,0.0435828216666667,3.329
0.0439013497222222,3.329,0.0439014544444444,3.37,0.043860305,3.329
0.0441792763888889,3.329,0.0441791316666667,3.37,0.0441383477777778,3.329
0.0444569447222222,3.339,0.044457055,3.37,0.0444164538888889,3.329
0.0447352366666667,3.339,0.0447351319444444,3.37,0.0446938952777778,3.339
0.0450132586111111,3.339,0.0450126816666667,3.37,0.0449719061111111,3.329
0.0452913063888889,3.339,0.0452907547222222,3.37,0.0452497869444444,3.339
0.0455694355555556,3.339,0.0455690777777778,3.37,0.0455274752777778,3.339
0.0458471658333333,3.339,0.0458470261111111,3.37,0.0458052702777778,3.329
0.0461250672222222,3.339,0.0461243594444444,3.37,0.0460830186111111,3.339
0.0464032391666667,3.339,0.0464026130555556,3.37,0.0463606636111111,3.339
0.0466816041666667,3.339,0.0466805475,3.37,0.0466386369444444,3.339
0.0469591438888889,3.339,0.0469582933333333,3.37,0.0469163563888889,3.339
0.0472373141666667,3.339,0.0472360794444444,3.37,0.0471944375,3.339
0.0475150361111111,3.339,0.0475140872222222,3.37,0.0474723455555556,3.339
0.0477931341666667,3.339,0.0477922780555556,3.37,0.0477502683333333,3.339
0.0480709925,3.339,0.0480698286111111,3.37,0.0480281866666667,3.339
0.0483488455555556,3.339,0.0483480680555556,3.37,0.0483059713888889,3.339
0.0486267944444444,3.339,0.0486257961111111,3.37,0.0485840925,3.339
0.0489042166666667,3.339,0.0489037136111111,3.37,0.04886218,3.339
0.0491825786111111,3.339,0.0491813572222222,3.37,0.0491398841666667,3.339
0.0494603388888889,3.339,0.0494588055555556,3.37,0.0494181291666667,3.339
0.0497383,3.339,0.0497371311111111,3.37,0.0496959547222222,3.339
0.0500164936111111,3.339,0.0500146002777778,3.37,0.049973825,3.339
0.0502942661111111,3.339,0.0502931105555556,3.37,0.0502515455555556,3.339
0.0505718913888889,3.339,0.0505712008333333,3.37,0.0505296963888889,3.339
0.0508496633333333,3.339,0.0508485208333333,3.37,0.0508071191666667,3.349
0.0511275072222222,3.339,0.0511265894444444,3.37,0.0510854655555556,3.339
0.0514057136111111,3.339,0.0514046811111111,3.37,0.0513631861111111,3.349
0.0516833244444444,3.339,0.0516821638888889,3.37,0.0516411941666667,3.349
0.0519609866666667,3.339,0.0519601847222222,3.37,0.0519192525,3.349
0.0522389394444444,3.339,0.0522380972222222,3.37,0.0521972147222222,3.349
0.0525165741666667,3.339,0.0525159605555556,3.37,0.0524748280555556,3.349
0.05279453,3.339,0.0527937122222222,3.37,0.0527525344444444,3.349
0.0530723269444444,3.339,0.0530715458333333,3.37,0.0530305625,3.349
0.0533502027777778,3.339,0.0533491175,3.37,0.0533083847222222,3.349
0.0536283752777778,3.339,0.0536273111111111,3.37,0.0535861516666667,3.349
0.0539061305555556,3.339,0.0539048916666667,3.37,0.0538636497222222,3.349
0.0541839758333333,3.339,0.0541832683333333,3.37,0.0541418283333333,3.349
0.0544617586111111,3.339,0.0544607247222222,3.37,0.0544197172222222,3.349
0.0547394741666667,3.339,0.0547390027777778,3.37,0.0546973680555556,3.349
0.0550172847222222,3.339,0.0550168883333333,3.37,0.0549752680555556,3.349
0.0552948463888889,3.339,0.0552946775,3.37,0.0552530072222222,3.36
0.0555726433333333,3.339,0.0555726163888889,3.37,0.0555309319444444,3.349
0.0558506219444444,3.339,0.0558499683333333,3.37,0.0558082066666667,3.36
0.0561283105555556,3.339,0.0561282575,3.37,0.0560866983333333,3.349
0.0564062258333333,3.339,0.0564059636111111,3.37,0.056364345,3.349
0.0566841255555556,3.339,0.0566839205555556,3.37,0.056642165,3.36
0.0569613144444444,3.349,0.0569618461111111,3.37,0.0569200536111111,3.36
0.0572398172222222,3.339,0.0572395236111111,3.37,0.0571973486111111,3.36
0.0575174919444444,3.339,0.0575175477777778,3.37,0.0574755216666667,3.349
0.0577952322222222,3.349,0.0577956383333333,3.37,0.0577532916666667,3.36
0.0580734630555556,3.339,0.0580733727777778,3.37,0.0580311594444444,3.36
0.0583513452777778,3.349,0.0583513166666667,3.37,0.0583087736111111,3.36
0.05862913,3.339,0.0586298402777778,3.37,0.0585866080555556,3.36
0.0589070505555556,3.339,0.0589073983333333,3.37,0.0588642316666667,3.36
0.0591851122222222,3.339,0.0591850780555556,3.37,0.0591418716666667,3.36
0.0594626691666667,3.349,0.0594627813888889,3.37,0.0594199508333333,3.36
0.0597405461111111,3.349,0.0597405169444444,3.37,0.05969758,3.36
0.0600183475,3.339,0.0600186425,3.38,0.0599752680555556,3.36
0.0602963147222222,3.339,0.0602966266666667,3.37,0.0602532491666667,3.36
0.0605743388888889,3.339,0.0605745841666667,3.37,0.0605312566666667,3.36
0.0608521919444444,3.349,0.0608523447222222,3.37,0.0608090069444444,3.36
0.0611299533333333,3.349,0.0611305838888889,3.37,0.0610870036111111,3.36
0.0614077936111111,3.349,0.0614084836111111,3.37,0.0613651747222222,3.36
0.0616856416666667,3.349,0.0616860958333333,3.37,0.0616431394444444,3.36
0.0619634280555556,3.349,0.0619643169444444,3.37,0.0619204422222222,3.36
0.0622411569444444,3.339,0.0622416291666667,3.37,0.06219852,3.36
0.0625191036111111,3.349,0.0625194877777778,3.37,0.0624764361111111,3.36
0.0627971661111111,3.349,0.0627978666666667,3.37,0.0627542772222222,3.37
0.0630749575,3.349,0.0630758111111111,3.37,0.0630321183333333,3.37
0.0633530202777778,3.349,0.0633539094444444,3.37,0.0633101963888889,3.36
0.0636312225,3.349,0.0636318741666667,3.37,0.0635878569444444,3.37
0.0639086636111111,3.339,0.0639099675,3.37,0.0638657369444444,3.37
0.0641865852777778,3.349,0.0641878597222222,3.37,0.0641440025,3.37
0.0644644316666667,3.339,0.0644651780555556,3.37,0.0644215125,3.37
0.0647422958333333,3.349,0.0647434416666667,3.37,0.0646993363888889,3.37
0.0650201344444444,3.349,0.0650211716666667,3.37,0.0649770927777778,3.37
0.0652979161111111,3.349,0.0652988827777778,3.37,0.0652551061111111,3.37
0.0655760333333333,3.349,0.0655771652777778,3.37,0.0655330077777778,3.37
0.0658540041666667,3.339,0.0658548819444444,3.37,0.0658107027777778,3.37
0.0661317177777778,3.349,0.0661327533333333,3.37,0.0660887869444444,3.37
0.0664095130555556,3.349,0.0664104708333333,3.38,0.0663667372222222,3.37
0.0666873616666667,3.349,0.0666883122222222,3.37,0.0666443419444444,3.37
0.0669655511111111,3.349,0.0669661458333333,3.37,0.0669220916666667,3.37
0.0672435586111111,3.349,0.0672437691666667,3.37,0.0671997516666667,3.37
0.0675214211111111,3.349,0.0675215791666667,3.37,0.06747754,3.37
0.0677997213888889,3.349,0.0677992369444445,3.37,0.0677555152777778,3.37
0.068077625,3.349,0.0680774147222222,3.37,0.0680330138888889,3.37
0.0683549461111111,3.349,0.0683552830555555,3.37,0.0683111972222222,3.37
0.0686330908333333,3.349,0.0686329572222222,3.37,0.0685892127777778,3.37
0.0689112352777778,3.349,0.0689107941666667,3.38,0.0688667352777778,3.37
0.0691889222222222,3.349,0.0691885147222222,3.37,0.0691445083333333,3.37
0.0694667955555556,3.349,0.0694664288888889,3.37,0.069422705,3.37
0.0697447625,3.339,0.0697438575,3.37,0.0697006772222222,3.37
0.0700226222222222,3.349,0.070022015,3.37,0.069978795,3.37
0.0703004083333333,3.349,0.0702998344444444,3.38,0.0702562811111111,3.37
0.0705781294444444,3.349,0.0705771755555556,3.37,0.0705345175,3.37
0.070856065,3.349,0.0708553394444444,3.38,0.0708126008333333,3.37
0.0711339558333333,3.349,0.0711329972222222,3.37,0.0710898569444444,3.37
0.0714115286111111,3.349,0.0714108461111111,3.37,0.0713682325,3.37
0.0716894238888889,3.349,0.0716882680555556,3.38,0.0716462525,3.37
0.0719670272222222,3.349,0.0719662886111111,3.37,0.0719243680555556,3.37
0.0722447211111111,3.349,0.0722442202777778,3.38,0.0722022769444444,3.37
0.0725225416666667,3.349,0.0725220708333333,3.37,0.0724799969444445,3.37
0.07280044,3.349,0.0727995197222222,3.37,0.0727579705555556,3.37
0.0730779822222222,3.349,0.0730776230555556,3.38,0.0730361044444444,3.37
0.0733560186111111,3.349,0.0733552391666667,3.38,0.0733135963888889,3.37
0.0736340416666667,3.349,0.0736329863888889,3.38,0.0735913969444444,3.37
0.073911715,3.349,0.0739109247222222,3.38,0.0738691280555556,3.37
0.0741894236111111,3.349,0.0741886202777778,3.37,0.0741467952777778,3.37
0.0744675805555556,3.349,0.0744665452777778,3.37,0.0744251408333333,3.37
0.0747455716666667,3.349,0.0747444986111111,3.38,0.0747031788888889,3.37
0.0750232441666667,3.349,0.0750226222222222,3.38,0.0749809525,3.37
0.0753008947222222,3.349,0.0752999488888889,3.38,0.0752590013888889,3.37
0.0755788775,3.349,0.0755783444444444,3.38,0.0755368494444444,3.38
0.0758569311111111,3.349,0.0758558125,3.38,0.0758143369444444,3.38
0.0761349961111111,3.349,0.0761342736111111,3.38,0.0760923027777778,3.37
0.0764129738888889,3.349,0.0764118752777778,3.38,0.0763706558333333,3.37
0.0766905477777778,3.349,0.0766899047222222,3.38,0.0766484713888889,3.37
0.0769680369444444,3.349,0.0769675608333333,3.38,0.0769264088888889,3.37
0.0772457519444444,3.349,0.0772454633333333,3.37,0.0772040013888889,3.37
0.077524075,3.349,0.0775236611111111,3.38,0.0774819827777778,3.37
0.0778014308333333,3.349,0.0778016091666667,3.37,0.0777596911111111,3.38
0.0780794438888889,3.349,0.0780793794444444,3.37,0.0780376583333333,3.37
0.0783573988888889,3.349,0.0783571002777778,3.38,0.0783156197222222,3.37
0.0786352825,3.349,0.0786348569444444,3.38,0.0785937247222222,3.38
0.0789135377777778,3.349,0.0789128291666667,3.37,0.0788717127777778,3.38
0.0791915022222222,3.349,0.0791904608333333,3.38,0.0791499491666667,3.37
0.0794691091666667,3.349,0.0794686116666667,3.38,0.0794278694444445,3.37
0.0797469294444444,3.349,0.0797462902777778,3.38,0.0797054283333333,3.37
0.0800247705555556,3.349,0.0800243736111111,3.38,0.0799834991666667,3.38
0.0803026327777778,3.349,0.0803025208333333,3.38,0.0802616836111111,3.38
0.0805803305555556,3.349,0.0805801261111111,3.38,0.0805397536111111,3.38
0.0808587697222222,3.349,0.0808579094444444,3.38,0.0808175938888889,3.38
0.0811364477777778,3.349,0.0811356269444444,3.38,0.0810955361111111,3.38
0.0814143241666667,3.349,0.0814135605555556,3.38,0.0813733436111111,3.38
0.0816918738888889,3.349,0.0816914286111111,3.38,0.0816510894444444,3.38
0.0819699213888889,3.349,0.0819690283333333,3.38,0.0819289313888889,3.38
0.0822478441666667,3.349,0.0822469327777778,3.38,0.08220653,3.38
0.0825258305555556,3.349,0.0825246613888889,3.38,0.0824846375,3.38
0.082803585,3.349,0.0828025288888889,3.38,0.0827621161111111,3.38
0.0830815058333333,3.349,0.0830805902777778,3.38,0.0830403327777778,3.38
0.08335941,3.349,0.0833583711111111,3.37,0.0833180416666667,3.37
0.0836370333333333,3.349,0.0836358622222222,3.38,0.0835956908333333,3.38
0.083914945,3.349,0.0839139680555556,3.38,0.0838733513888889,3.38
0.0841928177777778,3.349,0.0841920080555556,3.38,0.0841512833333333,3.38
0.0844708216666667,3.349,0.0844697466666667,3.38,0.0844291888888889,3.38
0.0847482666666667,3.349,0.0847477925,3.38,0.0847072394444444,3.38
0.0850264033333333,3.349,0.0850253347222222,3.38,0.0849848,3.38
0.0853042169444445,3.349,0.0853032463888889,3.38,0.0852629241666667,3.38
0.0855822866666667,3.349,0.0855810641666667,3.38,0.0855408680555556,3.38
0.0858597644444444,3.349,0.0858588955555556,3.38,0.0858189941666667,3.38
0.0861378975,3.349,0.0861369047222222,3.38,0.0860971658333333,3.38
0.0864156144444444,3.349,0.0864147180555556,3.38,0.0863751005555556,3.38
0.0866936777777778,3.349,0.0866926219444444,3.38,0.0866529419444444,3.38
0.0869713180555556,3.349,0.0869703627777778,3.38,0.0869308505555555,3.38
0.0872488108333333,3.349,0.0872481008333333,3.38,0.0872084261111111,3.38
0.0875271458333333,3.349,0.0875257508333333,3.38,0.0874865344444444,3.38
0.0878050866666667,3.349,0.0878038013888889,3.38,0.0877644908333333,3.38
0.0880829325,3.349,0.0880816155555556,3.38,0.0880425775,3.38
0.08836036,3.349,0.0883596338888889,3.38,0.0883204913888889,3.38
0.0886386005555555,3.36,0.0886375441666667,3.38,0.0885984388888889,3.38
0.0889166061111111,3.349,0.0889152386111111,3.38,0.0888765486111111,3.38
0.0891944913888889,3.349,0.0891931694444444,3.38,0.0891547477777778,3.38
0.0894719730555556,3.349,0.089470755,3.38,0.0894328005555556,3.38
0.0897497111111111,3.349,0.0897482172222222,3.38,0.0897106091666667,3.38
0.0900278952777778,3.349,0.0900262397222222,3.38,0.0899883972222222,3.38
0.0903052352777778,3.349,0.0903042619444444,3.38,0.0902664122222222,3.38
0.0905832933333333,3.349,0.0905816561111111,3.38,0.0905439594444444,3.38
0.0908608147222222,3.349,0.0908596586111111,3.38,0.0908222255555556,3.38
0.0911390702777778,3.349,0.0911375005555556,3.38,0.0911003725,3.38
0.0914166591666667,3.349,0.0914159333333333,3.38,0.0913776994444444,3.38
0.0916944758333333,3.349,0.0916935625,3.38,0.0916561075,3.38
0.0919719494444445,3.349,0.0919713141666667,3.38,0.0919339636111111,3.38
0.0922501380555556,3.349,0.0922493722222222,3.38,0.09221159,3.38
0.0925276366666667,3.349,0.0925269555555556,3.38,0.09248902,3.38
0.0928055280555556,3.36,0.0928046608333333,3.38,0.0927671680555556,3.38
0.0930831669444444,3.349,0.0930826877777778,3.38,0.0930447336111111,3.38
0.0933610269444444,3.349,0.0933605152777778,3.38,0.0933227277777778,3.38
0.0936390186111111,3.349,0.0936382536111111,3.38,0.0936004105555556,3.38
0.0939170036111111,3.349,0.093916465,3.38,0.0938783594444444,3.38
0.0941950797222222,3.349,0.0941937675,3.38,0.094156435,3.38
0.0944727130555556,3.349,0.0944717669444445,3.38,0.0944342486111111,3.38
0.0947507847222222,3.349,0.094749685,3.38,0.094711805,3.38
0.0950286463888889,3.349,0.0950273133333333,3.38,0.0949899436111111,3.38
0.0953065013888889,3.36,0.0953053402777778,3.38,0.0952676977777778,3.38
0.0955843569444444,3.349,0.0955830822222222,3.38,0.0955455858333333,3.38
0.095861645,3.349,0.0958609730555556,3.38,0.0958232983333333,3.38
0.0961396222222222,3.36,0.0961387011111111,3.38,0.0961010847222222,3.38
0.0964177672222222,3.36,0.0964170441666667,3.38,0.0963786755555556,3.38
0.0966955316666667,3.36,0.0966946016666667,3.38,0.0966563888888889,3.38
0.0969735588888889,3.349,0.0969731,3.38,0.0969345197222222,3.38
0.0972518872222222,3.349,0.0972507325,3.38,0.0972118622222222,3.38
0.0975298102777778,3.349,0.0975283491666667,3.38,0.0974903252777778,3.38
0.0978075566666667,3.36,0.0978064558333333,3.38,0.0977677219444444,3.38
0.0980853502777778,3.349,0.0980839191666667,3.38,0.0980456822222222,3.38
0.0983631936111111,3.36,0.0983618741666667,3.38,0.0983237375,3.38
0.0986408044444445,3.349,0.0986393375,3.38,0.0986015183333333,3.38
0.0989187105555556,3.36,0.0989174708333333,3.38,0.0988793038888889,3.38
0.0991967372222222,3.349,0.0991951458333333,3.38,0.0991570747222222,3.38
0.0994745886111111,3.349,0.0994729683333333,3.38,0.0994352236111111,3.38
0.09975214,3.36,0.0997507766666667,3.38,0.0997131927777778,3.38
0.1000299825,3.36,0.100028744722222,3.38,0.0999907,3.38
0.100308143611111,3.36,0.100306559166667,3.38,0.100268800277778,3.38
0.100585719166667,3.36,0.100584411944444,3.38,0.100546440277778,3.38
0.100863264722222,3.36,0.100862639166667,3.38,0.100824549722222,3.38
0.101141408055556,3.36,0.101140691388889,3.38,0.101102346666667,3.38
0.101419788611111,3.36,0.101418304722222,3.38,0.101380236111111,3.38
0.101697556111111,3.349,0.101695829444444,3.38,0.101658133055556,3.38
0.101975255555556,3.36,0.101973956666667,3.38,0.101935597222222,3.38
0.102253061944444,3.36,0.102251880277778,3.38,0.102213500555556,3.38
0.102531129722222,3.36,0.102529645555556,3.38,0.102491403611111,3.38
0.102808958333333,3.36,0.102807889722222,3.38,0.102769019166667,3.38
0.103086432777778,3.36,0.103086049444444,3.38,0.103046933888889,3.38
0.103364525833333,3.36,0.103363596944444,3.38,0.103325080277778,3.38
0.103642259444444,3.36,0.103641718333333,3.38,0.103602705833333,3.38
0.103920075833333,3.36,0.103919792777778,3.38,0.1038807275,3.38
0.104197716666667,3.349,0.104197520555556,3.38,0.104158919722222,3.38
0.104475824444444,3.36,0.104475456111111,3.38,0.104436743888889,3.38
0.104753740277778,3.36,0.104752941388889,3.38,0.104714033055556,3.38
0.105031654444444,3.36,0.105031213888889,3.38,0.104992015833333,3.38
0.105309361944444,3.36,0.105309149166667,3.38,0.105269623611111,3.38
0.105587088611111,3.36,0.105586896666667,3.38,0.105547849166667,3.38
0.105865075833333,3.36,0.1058651125,3.38,0.105825750833333,3.38
0.106143124444444,3.36,0.106143061111111,3.38,0.106103674166667,3.38
0.106420851111111,3.349,0.106420835,3.38,0.106381718611111,3.38
0.106699019444444,3.36,0.106698571944444,3.38,0.106659073333333,3.38
0.106976843333333,3.36,0.106976273611111,3.38,0.106937306666667,3.38
0.107254806944444,3.36,0.107254061944444,3.38,0.107214779722222,3.38
0.107532887777778,3.36,0.107531867222222,3.38,0.107492399444444,3.38
0.107810624444444,3.36,0.107809603055556,3.38,0.107770411111111,3.38
0.108088285,3.36,0.108087746388889,3.38,0.108048112777778,3.38
0.108366159444444,3.36,0.108366195277778,3.38,0.108326069444444,3.38
0.108643986388889,3.36,0.108643643611111,3.38,0.108603896111111,3.38
0.108921893888889,3.36,0.108921578611111,3.38,0.108881643333333,3.38
0.109199994166667,3.36,0.109199713333333,3.38,0.109159449444444,3.38
0.109477941388889,3.36,0.109477486666667,3.38,0.109437830833333,3.38
0.109755693055556,3.36,0.109755554444444,3.38,0.109715695555556,3.38
0.110033566388889,3.36,0.110033244444444,3.38,0.1099934775,3.38
0.110311309166667,3.36,0.110311197777778,3.38,0.110271320555556,3.38
0.110588894722222,3.36,0.110588641666667,3.38,0.110549433888889,3.38
0.110866934722222,3.36,0.110866841944444,3.38,0.110827279166667,3.38
0.111145053611111,3.36,0.111144933333333,3.38,0.111105094722222,3.38
0.111423250833333,3.36,0.111423102222222,3.38,0.111383380555556,3.38
0.111701323888889,3.36,0.111700882777778,3.38,0.111661362222222,3.38
0.1119794625,3.36,0.111978923611111,3.38,0.111939035555556,3.38
0.112257318333333,3.36,0.112256898333333,3.38,0.112217167222222,3.38
0.112535043611111,3.36,0.112534860555556,3.39,0.112495050833333,3.38
0.112812797222222,3.36,0.112812577222222,3.38,0.112772850277778,3.38
0.113090474444444,3.36,0.113090626111111,3.38,0.113050713333333,3.38
0.113368783611111,3.36,0.1133686725,3.38,0.113328769722222,3.38
0.113646355277778,3.36,0.113646107222222,3.38,0.113606704166667,3.38
0.113924147222222,3.36,0.113924254444444,3.38,0.113884695277778,3.38
0.11420243,3.36,0.114202075,3.38,0.114162815833333,3.38
0.114480288888889,3.36,0.114480076111111,3.38,0.114440593333333,3.38
0.114758330555556,3.36,0.11475768,3.38,0.1147180575,3.38
0.115036496111111,3.36,0.115035595277778,3.38,0.114996449166667,3.38
0.115314266944444,3.36,0.115313348888889,3.38,0.115274347777778,3.38
0.115591895,3.36,0.115591095833333,3.38,0.115552487222222,3.39
0.115870048333333,3.36,0.1158691675,3.38,0.115830372777778,3.38
0.116148154722222,3.36,0.116147285,3.39,0.1161081775,3.38
0.116425911111111,3.36,0.116424823611111,3.38,0.116386198611111,3.38
0.11670402,3.36,0.116702931666667,3.38,0.116663905,3.38
0.116981838055556,3.36,0.116980566944444,3.38,0.116942044166667,3.38
0.117259970555556,3.36,0.117257988333333,3.38,0.117220114166667,3.38
0.1175381275,3.36,0.117536235833333,3.38,0.117498085833333,3.38
0.117815577222222,3.36,0.117813966944444,3.38,0.117775655,3.38
0.118093505555556,3.36,0.118091371666667,3.38,0.118053658055556,3.38
0.118371511944444,3.36,0.118369330833333,3.38,0.118331731944444,3.38
0.118649272777778,3.36,0.1186473625,3.39,0.118609256388889,3.38
0.1189272925,3.36,0.118925381388889,3.38,0.118887092777778,3.38
0.119204808888889,3.36,0.119203271666667,3.38,0.119165260277778,3.38
0.119483015277778,3.36,0.119481328055556,3.38,0.119443431388889,3.38
0.1197605,3.36,0.119759176944444,3.38,0.119721029722222,3.38
0.120038775555556,3.36,0.120037061111111,3.38,0.1199991675,3.38
0.120316805555556,3.36,0.120314921111111,3.38,0.120276880277778,3.38
0.120594373055556,3.36,0.120592786944444,3.38,0.120554595833333,3.38
0.120872858055556,3.36,0.120870743055556,3.39,0.120832671666667,3.38
0.121150569722222,3.36,0.121148722777778,3.39,0.121110948055556,3.38
0.121428514722222,3.36,0.1214267075,3.39,0.121388598888889,3.38
0.121706040277778,3.36,0.121704300277778,3.38,0.121666250277778,3.39
0.121984613888889,3.36,0.121982389444444,3.38,0.121944212777778,3.38
0.1222623925,3.37,0.122260635277778,3.38,0.1222221875,3.38
0.122540621666667,3.36,0.122537979444444,3.38,0.122499941111111,3.38
0.122818308055556,3.36,0.122816191388889,3.39,0.122777611388889,3.38
0.123096151944444,3.37,0.123093784166667,3.38,0.123055501388889,3.39
0.123374,3.36,0.123372008055556,3.39,0.1233331175,3.38
0.123651859444444,3.36,0.12364966,3.39,0.123611110833333,3.38
0.123930127222222,3.36,0.123927313888889,3.39,0.123888660277778,3.38
0.124207421666667,3.36,0.124205118055556,3.38,0.124166468333333,3.38
0.124485697777778,3.36,0.124482948055556,3.39,0.124444796944444,3.38
0.124763349166667,3.36,0.124761200555556,3.39,0.124722458611111,3.38
0.125041565,3.36,0.125038951388889,3.39,0.125000297222222,3.39
0.125319428888889,3.36,0.125316601666667,3.39,0.125277941944444,3.39
0.125597315833333,3.36,0.125595032777778,3.38,0.125555677222222,3.39
0.125874993611111,3.37,0.125872788055556,3.39,0.125834025277778,3.38
0.126152658888889,3.36,0.126150720833333,3.39,0.126111996111111,3.38
0.12643049,3.36,0.12642821,3.39,0.126389755277778,3.38
0.126708265833333,3.36,0.126706465555556,3.39,0.126667891666667,3.39
0.126986055833333,3.36,0.126984533611111,3.39,0.126945743611111,3.39
0.127264285833333,3.36,0.1272622325,3.39,0.127223314166667,3.39
0.127542203888889,3.36,0.127539883333333,3.39,0.127501251666667,3.39
0.1278203725,3.36,0.127817873611111,3.39,0.127779251111111,3.39
0.128098057777778,3.36,0.128095480555556,3.39,0.128056935,3.39
0.128375633611111,3.36,0.128373380833333,3.39,0.128334687222222,3.38
0.128653808333333,3.36,0.128651038611111,3.39,0.128612380555556,3.38
0.128931736111111,3.36,0.128928947777778,3.39,0.1288903275,3.39
0.129209289166667,3.37,0.129207086111111,3.39,0.129168225,3.38
0.129487383888889,3.36,0.129484630833333,3.39,0.129446349722222,3.38
0.129765253055556,3.36,0.129763104444444,3.38,0.129724150555556,3.38
0.130042850277778,3.36,0.130040982777778,3.39,0.130002233055556,3.39
0.130321037222222,3.37,0.130318439166667,3.39,0.130279865833333,3.39
0.13059925,3.37,0.130596305277778,3.39,0.130557718055556,3.39
0.130876973611111,3.36,0.130874250277778,3.39,0.130835473333333,3.38
0.131154693888889,3.37,0.131151895833333,3.39,0.131113039166667,3.39
0.131432776388889,3.37,0.131429777777778,3.39,0.131391156944444,3.38
0.131710536944444,3.37,0.131707735555556,3.39,0.131668977777778,3.39
0.131988434722222,3.37,0.131985658333333,3.39,0.131946271944444,3.38
0.132266287777778,3.36,0.132263470555556,3.39,0.132224455,3.38
0.132544038888889,3.37,0.132541203888889,3.39,0.132502317777778,3.39
0.132822030277778,3.37,0.132818902222222,3.39,0.132779959722222,3.39
0.133099853055556,3.37,0.133096556388889,3.39,0.13305786,3.39
0.133377565277778,3.37,0.133374851944444,3.39,0.133335669166667,3.38
0.133655548611111,3.36,0.133652565277778,3.39,0.133613750555556,3.39
0.133933005833333,3.37,0.133930449166667,3.39,0.133891715277778,3.39
0.134211151666667,3.37,0.1342083625,3.39,0.134169553611111,3.39
0.134489,3.37,0.134486846944444,3.39,0.134447138055556,3.39
0.134766763333333,3.37,0.134764985,3.39,0.134725337222222,3.39
0.135044856388889,3.37,0.135042923055556,3.39,0.135003123611111,3.39
0.135322590555556,3.37,0.135320966944444,3.39,0.135280740277778,3.39
0.135600342222222,3.37,0.135598404444444,3.39,0.135558661111111,3.39
0.135878454166667,3.37,0.135876544722222,3.39,0.1358365975,3.39
0.136156487222222,3.37,0.136154095833333,3.39,0.136114618055556,3.39
0.136434161111111,3.37,0.136432060833333,3.39,0.136392554444444,3.39
0.136712453888889,3.37,0.136709780555556,3.39,0.136669919444444,3.39
0.136989908055556,3.37,0.136987158611111,3.39,0.136947799444444,3.39
0.137267899166667,3.37,0.137264964722222,3.39,0.137225692777778,3.39
0.137545658333333,3.37,0.137542676388889,3.39,0.137503471666667,3.39
0.137823774444444,3.37,0.137820751111111,3.39,0.137781588611111,3.39
0.138101345277778,3.37,0.138098668055556,3.39,0.138059364722222,3.39
0.138379451666667,3.37,0.138376711388889,3.39,0.138337605833333,3.39
0.138657475277778,3.37,0.138654202777778,3.39,0.138615375833333,3.39
0.138935105,3.37,0.138932178611111,3.39,0.138893241388889,3.39
0.139213240277778,3.37,0.139209953055556,3.39,0.1391711075,3.39
0.139491338888889,3.37,0.139488320555556,3.39,0.139449139444444,3.39
0.139768978333333,3.37,0.139765860833333,3.39,0.139726767222222,3.38
0.140046865555556,3.37,0.140043762222222,3.39,0.140004624444444,3.39
0.140324733888889,3.37,0.140321706388889,3.39,0.140282097222222,3.39
0.140602466111111,3.37,0.140599562222222,3.39,0.140560291388889,3.39
0.140880381666667,3.37,0.140877198333333,3.39,0.140838219722222,3.39
0.141158215,3.37,0.141155363055556,3.39,0.141116197222222,3.39
0.141436091388889,3.37,0.141432763888889,3.39,0.141394098888889,3.39
0.141713835555556,3.37,0.141710544166667,3.39,0.141671910277778,3.39
0.1419917675,3.37,0.141988630555556,3.39,0.141949590833333,3.39
0.142269602777778,3.37,0.142266821944444,3.39,0.142227429166667,3.39
0.142547603333333,3.37,0.142544589166667,3.39,0.142505098055556,3.39
0.1428249725,3.37,0.142822449722222,3.39,0.142782940833333,3.39
0.143103358333333,3.37,0.143100321944444,3.39,0.143061041666667,3.39
0.143381569722222,3.37,0.143378416111111,3.39,0.143339213333333,3.39
0.143659675833333,3.37,0.143656301666667,3.39,0.1436171425,3.39
0.1439375525,3.37,0.143934406944444,3.39,0.143895147222222,3.39
0.144215058888889,3.37,0.144212349444444,3.39,0.144172989166667,3.39
0.144492778611111,3.37,0.1444900125,3.39,0.144450750277778,3.39
0.1447706175,3.37,0.144767962777778,3.39,0.144728506388889,3.39
0.145048465277778,3.37,0.145045726388889,3.39,0.145006688611111,3.39
0.145326424722222,3.37,0.145324115,3.39,0.145284281944444,3.39
0.145603989444444,3.37,0.145602241388889,3.4,0.145561998611111,3.39
0.145881756388889,3.37,0.145879876388889,3.39,0.145839874166667,3.39
0.146159443611111,3.37,0.146157736111111,3.39,0.146118121388889,3.39
0.146437673333333,3.37,0.146435348333333,3.39,0.146395687777778,3.39
0.146715641111111,3.37,0.146713433333333,3.4,0.146673580833333,3.39
0.1469933725,3.37,0.146991575833333,3.39,0.146951424166667,3.39
0.147271229166667,3.37,0.147269379444444,3.39,0.147229181388889,3.39
0.147548989444444,3.37,0.147547268333333,3.39,0.1475068075,3.39
0.147826685555556,3.37,0.147825036944444,3.39,0.147785098333333,3.4
0.148104778611111,3.37,0.148102764444444,3.39,0.1480631725,3.39
0.148382305,3.37,0.148380506666667,3.4,0.148341330555556,3.4
0.148660000833333,3.37,0.148658283888889,3.39,0.148619208333333,3.39
0.148938172777778,3.37,0.148936081666667,3.4,0.148897107777778,3.39
0.149216011111111,3.37,0.149213671388889,3.4,0.149175214166667,3.39
0.149494077222222,3.37,0.149491683611111,3.4,0.149453081388889,3.39
0.149771752222222,3.37,0.149769862222222,3.39,0.149731157222222,3.39
0.150049504722222,3.37,0.150047509166667,3.4,0.150008924166667,3.39
0.150327387222222,3.37,0.150325137222222,3.4,0.150286659444444,3.39
0.150605208888889,3.37,0.150603031111111,3.4,0.150564281388889,3.4
0.150883049444444,3.37,0.150880969722222,3.39,0.150842203055556,3.39
0.151160735555556,3.37,0.151159170555556,3.39,0.151119931111111,3.4
0.151438607777778,3.37,0.151437132222222,3.39,0.151397564444444,3.39
0.1517164425,3.37,0.151714874722222,3.4,0.1516756525,3.39
0.151994089444444,3.37,0.151992989166667,3.4,0.151953598055556,3.39
0.152271976944444,3.37,0.15227047,3.39,0.152231406944444,3.39
0.152549696944444,3.37,0.152548723055556,3.39,0.152509269444444,3.39
0.152827762222222,3.37,0.152826305833333,3.4,0.152787083055556,3.39
0.153105839166667,3.38,0.153104188888889,3.4,0.153064932777778,3.4
0.153383948333333,3.37,0.153382065833333,3.39,0.153342525833333,3.39
0.153661791111111,3.37,0.153660001111111,3.4,0.153620610833333,3.4
0.153939526388889,3.37,0.153937702777778,3.4,0.153898477777778,3.4
0.154217253055556,3.37,0.154215935,3.39,0.154176403333333,3.4
0.154494938333333,3.37,0.154493907222222,3.4,0.154454033611111,3.39
0.154772558888889,3.37,0.154771902222222,3.4,0.154732086944444,3.4
0.155050564166667,3.37,0.155050037222222,3.39,0.1550100175,3.4
0.155328721944444,3.37,0.155327865,3.4,0.155287879444444,3.39
0.155606338055556,3.37,0.1556059575,3.4,0.155565764444444,3.39
0.155884358333333,3.37,0.155883466111111,3.4,0.155843210555556,3.4
0.156162318333333,3.37,0.15616185,3.4,0.156121290555556,3.39
0.156440787222222,3.37,0.156439988055556,3.4,0.156399743888889,3.4
0.156718606944444,3.37,0.156718139444444,3.4,0.156677414444444,3.39
0.156996327777778,3.37,0.156995915555556,3.4,0.156955301388889,3.39
0.157274196666667,3.37,0.157273629444444,3.4,0.157233137222222,3.4
0.1575520475,3.37,0.157551071666667,3.4,0.157510458333333,3.4
0.157829644444444,3.37,0.157829173888889,3.39,0.157788511388889,3.39
0.158107538611111,3.37,0.158106965277778,3.4,0.158066405,3.4
0.158385391944444,3.37,0.1583850675,3.39,0.158344102777778,3.4
0.158662950555556,3.37,0.158662767222222,3.4,0.158621793888889,3.4
0.158940727777778,3.37,0.15894037,3.4,0.1588996275,3.39
0.159218729166667,3.38,0.159218468333333,3.39,0.159177816388889,3.4
0.159496929444444,3.37,0.159496276944444,3.4,0.159455658611111,3.4
0.159774812777778,3.37,0.159774356388889,3.4,0.159733715,3.39
0.160052541388889,3.38,0.160052131944444,3.4,0.160011682777778,3.39
0.160330527222222,3.37,0.160329955277778,3.4,0.160289728333333,3.4
0.160608233055556,3.38,0.160608045,3.4,0.160567513055556,3.4
0.160886107777778,3.38,0.160886223888889,3.4,0.160845359444444,3.4
0.161163953611111,3.37,0.161163836666667,3.4,0.161123328611111,3.4
0.161441783611111,3.37,0.161441998888889,3.4,0.161401005277778,3.4
0.161719548055556,3.38,0.161719532777778,3.4,0.161678536388889,3.4
0.161997296111111,3.37,0.1619978825,3.4,0.161956356944444,3.4
0.162274731388889,3.38,0.162275391944444,3.4,0.162234461666667,3.4
0.162553174166667,3.37,0.162553595555556,3.4,0.162512829444444,3.4
0.162830990833333,3.37,0.162831214722222,3.4,0.162790713888889,3.4
0.163108549444444,3.37,0.163109287222222,3.4,0.163068924444444,3.4
0.163386803888889,3.38,0.1633873225,3.4,0.163346938611111,3.4
0.163664602777778,3.38,0.163665247222222,3.4,0.163624608333333,3.4
0.163942915277778,3.37,0.163942953055556,3.4,0.163902131111111,3.4
0.164220453888889,3.37,0.164220891111111,3.4,0.164180605555556,3.4
0.164498448333333,3.37,0.164498512222222,3.4,0.164458443055556,3.4
0.164776127777778,3.38,0.164776591388889,3.4,0.164736288888889,3.4
0.1650541925,3.37,0.165054581666667,3.4,0.165014210277778,3.4
0.165332068888889,3.38,0.165332591666667,3.4,0.1652915225,3.4
0.165609943611111,3.38,0.165610295,3.4,0.165569795277778,3.4
0.1658878925,3.38,0.165887924166667,3.4,0.165847488055556,3.4
0.166165641666667,3.38,0.166165716666667,3.4,0.166125461111111,3.4
0.166443736666667,3.38,0.166443660277778,3.4,0.166403281388889,3.4
0.16672135,3.38,0.166721603055556,3.4,0.16668108,3.4
0.166999140555556,3.38,0.166999049722222,3.4,0.166958879722222,3.4
0.1672769525,3.38,0.167277435833333,3.4,0.167236930277778,3.39
0.167555074444444,3.38,0.167555387777778,3.4,0.167514595277778,3.4
0.167833185,3.38,0.167832813333333,3.4,0.167792466666667,3.4
0.168110672222222,3.38,0.168110738888889,3.4,0.168070126111111,3.4
0.168388543611111,3.38,0.168388696111111,3.4,0.168347979166667,3.4
0.168666805833333,3.38,0.168666291388889,3.4,0.168625851666667,3.4
0.1689444125,3.38,0.168944328333333,3.4,0.168903439444444,3.4
0.1692223525,3.38,0.169222033888889,3.4,0.169181756944444,3.4
0.169499993333333,3.38,0.169499911388889,3.4,0.169459204722222,3.4
0.169778123888889,3.38,0.169777845,3.4,0.169737385277778,3.4
0.170055782777778,3.38,0.170055807222222,3.4,0.170015418888889,3.4
0.170333406111111,3.38,0.170334029722222,3.4,0.170293250555556,3.4
0.170611315277778,3.38,0.170611705833333,3.4,0.170571365833333,3.4
0.170889065277778,3.38,0.170889527222222,3.4,0.170849163888889,3.4
0.171166596111111,3.38,0.171167139722222,3.4,0.171127227222222,3.4
0.1714450175,3.38,0.171445179166667,3.4,0.171404890555556,3.4
0.171722719444444,3.38,0.171723434166667,3.4,0.171682875277778,3.4
0.172000809166667,3.38,0.172001043611111,3.4,0.171960718333333,3.4
0.172278666388889,3.38,0.172278944444444,3.4,0.172238536388889,3.4
0.172556073055556,3.38,0.172556700833333,3.4,0.172516325277778,3.4
0.172834169444444,3.38,0.172834551944444,3.4,0.172794029722222,3.4
0.173111983333333,3.38,0.173112425,3.4,0.173072231944444,3.4
0.173389745,3.38,0.173390310555556,3.4,0.173349750833333,3.4
0.173667772222222,3.38,0.173667905,3.4,0.173628086944444,3.4
0.1739457425,3.38,0.173946148611111,3.4,0.173905755555556,3.4
0.174223262222222,3.38,0.174223530833333,3.4,0.1741839175,3.4
0.174501483333333,3.38,0.174501552777778,3.4,0.174461555,3.4
0.174779259722222,3.38,0.174779539444444,3.4,0.174739062222222,3.4
0.175057040555556,3.38,0.175057431944444,3.4,0.175017498333333,3.4
0.175334624444444,3.38,0.175335321944444,3.4,0.175295179166667,3.4
0.1756126125,3.38,0.175613334722222,3.4,0.1755730275,3.4
0.175890479166667,3.38,0.175891278333333,3.4,0.175850952777778,3.4
0.176168452222222,3.38,0.176169201666667,3.4,0.176128668333333,3.4
0.176446220555556,3.38,0.176447070277778,3.4,0.176406951944444,3.4
0.176724423611111,3.38,0.176725023333333,3.4,0.176684738888889,3.4
0.177002173333333,3.38,0.177002749166667,3.4,0.176962821388889,3.4
0.177280138611111,3.38,0.177280284722222,3.4,0.177240430277778,3.4
0.177557415277778,3.38,0.177558321944444,3.4,0.177518592222222,3.4
0.177835561388889,3.38,0.177835985555556,3.4,0.177796822222222,3.4
0.178113706388889,3.38,0.178113888611111,3.4,0.178074249722222,3.4
0.178391626388889,3.38,0.178391656111111,3.4,0.178351901666667,3.4
0.178669406388889,3.38,0.178669156111111,3.4,0.178630196944444,3.4
0.178947131666667,3.38,0.178947118611111,3.4,0.178908056111111,3.4
0.179224899444444,3.38,0.179224917222222,3.4,0.179185951111111,3.4
0.179502615,3.38,0.179502936388889,3.4,0.179463830833333,3.4
0.179780727222222,3.38,0.179780762222222,3.4,0.179741626111111,3.4
0.1800587025,3.38,0.180058673055556,3.4,0.180019561388889,3.4
0.180336398333333,3.38,0.180336140555556,3.4,0.180297758611111,3.4
0.180614155555556,3.38,0.180614376388889,3.4,0.180575690277778,3.4
0.180892226111111,3.38,0.18089229,3.4,0.180853516111111,3.4
0.181170075277778,3.38,0.181170688055556,3.4,0.181131485277778,3.4
0.181447699166667,3.38,0.181448794722222,3.4,0.181409188888889,3.4
0.181725669166667,3.38,0.18172676,3.4,0.181687085,3.4
0.182002998055556,3.38,0.1820048725,3.4,0.181964607777778,3.4
0.18228145,3.38,0.182282880277778,3.4,0.182242924722222,3.4
0.182558813888889,3.38,0.182560445,3.4,0.182520875833333,3.4
0.182837434722222,3.38,0.182838761944444,3.4,0.182798675555556,3.4
0.183115493333333,3.38,0.183116141388889,3.4,0.183076435555556,3.4
0.183393705277778,3.38,0.183394108333333,3.4,0.183354518055556,3.4
0.183671336388889,3.38,0.183671885,3.4,0.1836318325,3.4
0.183949088611111,3.38,0.183950046111111,3.411,0.183909593888889,3.4
0.184226788333333,3.38,0.184227956666667,3.4,0.184187615833333,3.4
0.184504770833333,3.38,0.184505615277778,3.4,0.184465510277778,3.4
0.184782477222222,3.38,0.184783169444444,3.4,0.184743230277778,3.4
0.185060480555556,3.38,0.185061093888889,3.4,0.185021208333333,3.411
0.185338463055556,3.38,0.185338766388889,3.4,0.185299088055556,3.4
0.185616290277778,3.38,0.185616649444444,3.4,0.185577195277778,3.4
0.185894136111111,3.38,0.185894063611111,3.4,0.185855032777778,3.4
0.186172320555556,3.38,0.186172422777778,3.4,0.186132623888889,3.4
0.1864501825,3.38,0.186450159166667,3.4,0.186410574166667,3.4
0.186728201111111,3.38,0.186727696111111,3.4,0.186688273333333,3.4
0.187006120833333,3.38,0.187005916111111,3.4,0.186965837222222,3.4
0.187283915,3.38,0.187284239166667,3.4,0.1872436275,3.4
0.187561615277778,3.38,0.187561825,3.4,0.187521677777778,3.4
0.187839763333333,3.38,0.187839792222222,3.4,0.187799291388889,3.4
0.188117867777778,3.38,0.188117405833333,3.4,0.188076810833333,3.4
0.188396061666667,3.38,0.188395384722222,3.411,0.1883549525,3.4
0.188673381944444,3.38,0.188673133611111,3.4,0.188632982777778,3.4
0.188951526944444,3.38,0.188950518611111,3.4,0.188911073333333,3.4
0.189229111944444,3.38,0.189228614444444,3.4,0.189188859722222,3.4
0.189507282222222,3.38,0.189506622777778,3.411,0.189466806111111,3.4
0.189785025277778,3.38,0.18978441,3.4,0.189744961666667,3.4
0.190063028055556,3.38,0.190062464444444,3.4,0.190023103055556,3.4
0.190340548333333,3.38,0.190340618611111,3.4,0.190300777777778,3.4
0.190618544722222,3.38,0.190618249444444,3.4,0.190578675833333,3.4
0.190896409444444,3.38,0.190896180555556,3.4,0.190856301388889,3.4
0.191174101388889,3.38,0.191174265555556,3.4,0.191134163611111,3.4
0.191451894722222,3.38,0.191452374166667,3.411,0.191411866666667,3.411
0.191730080555556,3.38,0.19172996,3.411,0.1916900125,3.4
0.192007743333333,3.38,0.192008035277778,3.4,0.191967688333333,3.4
0.192285338611111,3.38,0.192286065833333,3.4,0.192245400555556,3.4
0.192563251388889,3.38,0.192564233611111,3.4,0.192523711111111,3.4
0.192840915833333,3.38,0.192841585,3.4,0.192801589444444,3.4
0.193118905277778,3.38,0.193120120277778,3.411,0.193079506111111,3.4
0.193396326944444,3.38,0.193398026666667,3.4,0.193357608611111,3.4
0.193674230833333,3.38,0.193675900833333,3.411,0.193635149722222,3.4
0.193951873055556,3.38,0.193954031388889,3.411,0.193913422777778,3.4
0.1942301075,3.38,0.194231951388889,3.4,0.194190923055556,3.411
0.194507658333333,3.38,0.194509399722222,3.411,0.194468743611111,3.4
0.194785935833333,3.38,0.194787488055556,3.411,0.194746833888889,3.411
0.195063805555556,3.38,0.195065311666667,3.4,0.195025030555556,3.411
0.195341372222222,3.38,0.195343200555556,3.4,0.195303178055556,3.4
0.19561923,3.38,0.195620945277778,3.411,0.195580928888889,3.411
0.195896778611111,3.38,0.195898706388889,3.4,0.195858828611111,3.411
0.196174716944444,3.38,0.196176462222222,3.4,0.196136813611111,3.4
0.196452470833333,3.38,0.196454645277778,3.411,0.196414808333333,3.411
0.196730270833333,3.38,0.196732281666667,3.4,0.196692974722222,3.4
0.197007891111111,3.38,0.197010216944444,3.411,0.196970966388889,3.411
0.197286070833333,3.38,0.197288169722222,3.4,0.197248721388889,3.411
0.197563834722222,3.38,0.197565622777778,3.411,0.197526719166667,3.4
0.1978420475,3.38,0.197843547777778,3.411,0.197804313055556,3.4
0.198119596666667,3.38,0.19812158,3.411,0.198082623611111,3.4
0.198397598888889,3.38,0.198399588333333,3.4,0.19836051,3.411
0.1986752325,3.38,0.198677324722222,3.411,0.198638211666667,3.4
0.198953483888889,3.38,0.198955039166667,3.411,0.198916168611111,3.4
0.19923112,3.38,0.199232723611111,3.411,0.199193724166667,3.4
0.199509355833333,3.38,0.199510898888889,3.411,0.199471620833333,3.411
0.199787251944444,3.38,0.199788689722222,3.411,0.199749410555556,3.411
0.200064886944444,3.38,0.200066665833333,3.411,0.200027160277778,3.411
0.200342807222222,3.38,0.200344151666667,3.4,0.200304579166667,3.411
0.200620699166667,3.38,0.200622538333333,3.411,0.200582806111111,3.411
0.200898763333333,3.38,0.200900565833333,3.411,0.200860573611111,3.411
0.201176824722222,3.38,0.201178481666667,3.4,0.201138525277778,3.4
0.201454415555556,3.38,0.201456185833333,3.4,0.201416721666667,3.411
0.20173231,3.38,0.20173398,3.411,0.201694295,3.4
0.202010292222222,3.38,0.202011590833333,3.411,0.2019723675,3.411
0.202288312777778,3.38,0.202289691388889,3.411,0.202250173888889,3.411
0.202566445833333,3.38,0.202567643333333,3.411,0.202527932222222,3.411
0.202843856388889,3.38,0.202845745555556,3.411,0.202805625,3.411
0.203122276944444,3.38,0.203123543055556,3.411,0.203084133055556,3.411
0.203400174722222,3.38,0.203401177222222,3.411,0.203361548055556,3.411
0.203678485,3.38,0.203678802777778,3.4,0.203639586944444,3.411
0.203956093611111,3.38,0.203956826111111,3.411,0.203917286111111,3.411
0.204234280833333,3.38,0.204234732777778,3.411,0.204195085555556,3.411
0.204512176944444,3.38,0.2045125725,3.411,0.204473104722222,3.4
0.204789855555556,3.38,0.204790312777778,3.411,0.204750761388889,3.411
0.205067710555556,3.38,0.205067706388889,3.4,0.205028825,3.411
0.205345787222222,3.38,0.205345784166667,3.411,0.205306326111111,3.411
0.205623914166667,3.38,0.205623642222222,3.411,0.205584439722222,3.411
0.205902043333333,3.38,0.205901583055556,3.411,0.205862685555556,3.4
0.206179659166667,3.38,0.206179515277778,3.411,0.206140434444444,3.411
0.206457687222222,3.38,0.206457130277778,3.411,0.206418029444444,3.411
0.206735595,3.38,0.206735271944444,3.411,0.206695980277778,3.411
0.207013276944444,3.38,0.207013116111111,3.411,0.206974194722222,3.4
0.207291109444444,3.38,0.207290799166667,3.411,0.2072516,3.411
0.207569053888889,3.38,0.207568590833333,3.411,0.207529678333333,3.4
0.207847033333333,3.38,0.20784685,3.411,0.207807371944444,3.411
0.208124452222222,3.38,0.208124785833333,3.411,0.208085585555556,3.411
0.208402375,3.38,0.208402648888889,3.411,0.208363333333333,3.411
0.2086801325,3.38,0.208680592777778,3.411,0.208640946388889,3.411
0.208958060555556,3.39,0.208958089722222,3.411,0.208919029444444,3.411
0.2092358525,3.39,0.209236035277778,3.411,0.209196518333333,3.411
0.209514163611111,3.38,0.209514054444444,3.411,0.209474705277778,3.411
0.209792238611111,3.38,0.209792278888889,3.4,0.209752513055556,3.411
0.210070160277778,3.39,0.210069891388889,3.4,0.210030476666667,3.411
0.210347808888889,3.39,0.210348096944444,3.411,0.210308456111111,3.411
0.210626280833333,3.38,0.210625758333333,3.411,0.210586503611111,3.411
0.2109041575,3.39,0.210903588611111,3.411,0.210864016111111,3.411
0.211181965555556,3.38,0.211181756111111,3.411,0.2111422575,3.411
0.211459682777778,3.39,0.211459365833333,3.411,0.2114206575,3.411
0.211737923888889,3.38,0.211737276388889,3.411,0.211698314166667,3.411
0.212015272777778,3.38,0.212015146666667,3.411,0.211976219444444,3.411
0.212293453611111,3.38,0.212292726666667,3.411,0.212254293333333,3.411
0.212571034722222,3.39,0.212570813888889,3.411,0.212532284722222,3.411
0.212848597777778,3.38,0.212848530555556,3.411,0.212809573333333,3.411
0.213126803888889,3.38,0.213126736388889,3.411,0.213087769722222,3.411
0.21340475,3.38,0.213404504722222,3.411,0.213366147222222,3.411
0.213682408333333,3.38,0.213682285833333,3.411,0.213643803055556,3.411
0.213960452222222,3.38,0.213960089166667,3.411,0.213922050277778,3.411
0.214238459166667,3.39,0.214237940277778,3.411,0.214199640833333,3.411
0.214515888333333,3.39,0.214515824722222,3.411,0.214477426388889,3.411
0.214793928333333,3.39,0.214793570833333,3.411,0.21475572,3.411
0.2150717925,3.39,0.215071344166667,3.411,0.215033505555556,3.411
0.215349542777778,3.39,0.2153497525,3.411,0.215311276388889,3.411
0.215627352777778,3.39,0.215627429444444,3.411,0.215588795833333,3.411
0.215905410555556,3.39,0.215905041944444,3.411,0.215866596388889,3.411
0.216183049444444,3.39,0.216183013888889,3.411,0.216144509444444,3.411
0.216461105833333,3.39,0.216460735833333,3.411,0.216422354722222,3.411
0.216738915277778,3.38,0.216739249722222,3.411,0.216700023611111,3.411
0.217016606111111,3.39,0.217016987222222,3.411,0.216978021666667,3.411
0.217295178611111,3.38,0.217294736666667,3.411,0.217255945277778,3.411
0.217572598055556,3.39,0.217572673333333,3.411,0.2175338425,3.411
0.217850483611111,3.39,0.217850953611111,3.411,0.217811573333333,3.411
0.218128500833333,3.39,0.218128373888889,3.411,0.218089178055556,3.411
0.218406068888889,3.39,0.218406108055556,3.411,0.218367089722222,3.411
0.218684489444444,3.38,0.218684246388889,3.411,0.218645082222222,3.411
0.218961949444444,3.39,0.218961986111111,3.411,0.218923163888889,3.411
0.219239948611111,3.39,0.219239339722222,3.411,0.219201136111111,3.411
0.219518188888889,3.39,0.219517521666667,3.411,0.219478764722222,3.411
0.219795836111111,3.38,0.219795680833333,3.411,0.219756655833333,3.411
0.220073709722222,3.39,0.220073506944444,3.411,0.220034545833333,3.411
0.220351496666667,3.39,0.220351541944444,3.411,0.220312083333333,3.411
0.220629115555556,3.39,0.220629194444444,3.411,0.220590284166667,3.411
0.2209068975,3.39,0.220906851111111,3.411,0.220867636944444,3.411
0.221184961666667,3.39,0.221184704722222,3.411,0.221145801388889,3.411
0.221462978888889,3.39,0.2214626575,3.411,0.221423877222222,3.411
0.221740961944444,3.39,0.221740627222222,3.411,0.221701782777778,3.411
0.222018806388889,3.39,0.222018365,3.411,0.221979566111111,3.411
0.222296613333333,3.39,0.222296024444444,3.411,0.222257320555556,3.411
0.222574485833333,3.39,0.222573974166667,3.411,0.222535093611111,3.411
0.222852326944444,3.39,0.222851641666667,3.411,0.222813260833333,3.411
0.223129821111111,3.39,0.223129645,3.411,0.223091291666667,3.411
0.223407772222222,3.39,0.223407580833333,3.411,0.223369368055556,3.411
0.223685483888889,3.39,0.223685346666667,3.411,0.223647208333333,3.411
0.223963362777778,3.39,0.223963453333333,3.411,0.2239251425,3.411
0.224240917222222,3.39,0.224241495833333,3.411,0.224203308333333,3.411
0.224518913333333,3.39,0.224519458055556,3.411,0.224481110555556,3.411
0.224796354722222,3.39,0.224797549166667,3.411,0.224759341111111,3.411
0.225074616111111,3.38,0.225075443611111,3.411,0.225036933888889,3.411
0.225352508611111,3.39,0.2253533525,3.411,0.225314867777778,3.411
0.225630534444444,3.39,0.225630766944444,3.411,0.225592431111111,3.411
0.225908435555556,3.39,0.225909266944444,3.411,0.225870081666667,3.411
0.226185959166667,3.39,0.226186961388889,3.411,0.2261483,3.411
0.226464022777778,3.39,0.226464825277778,3.411,0.226426449444444,3.411
0.226742075555556,3.39,0.226742519722222,3.411,0.226703940277778,3.411
0.2270195625,3.39,0.227020231388889,3.411,0.226981797222222,3.411
0.227297929722222,3.39,0.227298021111111,3.411,0.227259775555556,3.411
0.22757563,3.39,0.227575816666667,3.411,0.227537581388889,3.411
0.227853271111111,3.39,0.227853793888889,3.411,0.227815441944444,3.411
0.228131282222222,3.39,0.228131648055556,3.411,0.228093376111111,3.411
0.22840888,3.39,0.228409386944444,3.411,0.228371275555556,3.411
0.228686831388889,3.39,0.228687463611111,3.411,0.22864908,3.411
0.228964557222222,3.39,0.228964968888889,3.411,0.228927063611111,3.411
0.229241966666667,3.39,0.229243204722222,3.411,0.229205243055556,3.411
0.229520403611111,3.39,0.229521088888889,3.411,0.229482989166667,3.411
0.229798148055556,3.39,0.229798936666667,3.411,0.229760808611111,3.411
0.2300760325,3.38,0.230076839444444,3.411,0.230038626111111,3.411
0.230354432777778,3.39,0.230355200555556,3.411,0.230316250555556,3.411
0.230632326666667,3.39,0.230633089166667,3.411,0.230594577777778,3.411
0.230910035555556,3.39,0.230911144166667,3.411,0.230872485833333,3.411
0.231187715277778,3.39,0.231188806666667,3.411,0.231150187777778,3.411
0.2314655775,3.39,0.231466739722222,3.411,0.231427898611111,3.411
0.231743412222222,3.39,0.231744371388889,3.411,0.231705896666667,3.411
0.232021391388889,3.39,0.232022357777778,3.411,0.2319834775,3.411
0.232299384166667,3.39,0.232300152777778,3.411,0.232261206944444,3.411
0.232577306388889,3.39,0.232578373888889,3.411,0.232539073888889,3.411
0.232855126666667,3.39,0.232855940277778,3.411,0.23281702,3.411
0.233132855277778,3.39,0.233133801944444,3.411,0.233094618888889,3.411
0.233410321666667,3.4,0.233411771666667,3.411,0.233372356944444,3.411
0.233688375833333,3.39,0.233689541944444,3.411,0.233650095833333,3.411
0.233966531111111,3.39,0.233967206666667,3.411,0.2339283425,3.411
0.234243863888889,3.39,0.23424497,3.411,0.234206393055556,3.411
0.234521960555556,3.39,0.23452264,3.411,0.2344840075,3.411
0.234799649722222,3.39,0.234800682222222,3.411,0.234761855277778,3.411
0.235078118611111,3.39,0.235078292777778,3.411,0.235039810833333,3.411
0.235355839444444,3.39,0.235356366111111,3.411,0.235317793055556,3.411
0.235633733888889,3.39,0.235634468055556,3.411,0.235595346666667,3.421
0.235911364166667,3.39,0.2359119475,3.411,0.235873240277778,3.411
0.236189022777778,3.39,0.236190164166667,3.411,0.236151236944444,3.411
0.2364671125,3.39,0.236468180555556,3.411,0.2364291775,3.411
0.236744640833333,3.39,0.236745548611111,3.411,0.236707045277778,3.411
0.237022793888889,3.39,0.237023997777778,3.411,0.236984865,3.411
0.237300621666667,3.39,0.237301550277778,3.421,0.23726244,3.411
0.237578327777778,3.39,0.237579589444444,3.411,0.237540649444444,3.411
0.237856206944444,3.39,0.237857422222222,3.411,0.237818249444444,3.411
0.23813379,3.4,0.238135438888889,3.411,0.238096236388889,3.421
0.238411616944444,3.39,0.238413301388889,3.411,0.238373954166667,3.411
0.238689565277778,3.39,0.238691422777778,3.411,0.238651884166667,3.421
0.238967383611111,3.39,0.238969193888889,3.411,0.238929295,3.411
0.239244895833333,3.39,0.239247056388889,3.411,0.2392077825,3.411
0.239522963611111,3.39,0.239525133333333,3.411,0.239485649166667,3.411
0.239801007222222,3.39,0.239802425,3.411,0.239763751666667,3.411
0.240078986388889,3.4,0.240080833888889,3.421,0.240041668888889,3.411
0.240356713611111,3.39,0.240358407222222,3.411,0.240319476388889,3.421
0.240634720277778,3.39,0.240636348888889,3.421,0.240597194722222,3.421
0.2409121575,3.39,0.240914145833333,3.411,0.240874816388889,3.421
0.241190720277778,3.39,0.241192006944444,3.411,0.241152722777778,3.411
0.241468560277778,3.39,0.241469868888889,3.411,0.2414305075,3.421
0.241746029166667,3.4,0.241747737777778,3.411,0.241707931388889,3.411
0.242024253888889,3.39,0.24202605,3.421,0.241986022777778,3.411
0.242302228333333,3.39,0.242304258055556,3.411,0.242263753888889,3.421
0.242579857777778,3.39,0.242581890555556,3.411,0.242541810833333,3.411
0.242857812777778,3.39,0.242859906388889,3.411,0.242820059722222,3.411
0.243135479722222,3.39,0.243137666111111,3.411,0.243097644166667,3.411
0.243413665555556,3.4,0.243415526944444,3.411,0.243375453611111,3.411
0.243691841388889,3.4,0.243693658611111,3.411,0.243653334722222,3.421
0.243969090555556,3.39,0.243971262777778,3.411,0.243931154722222,3.421
0.244247385,3.39,0.244249285555556,3.411,0.244209278888889,3.411
0.244525257777778,3.39,0.244527563055556,3.421,0.244487154166667,3.421
0.244802746111111,3.39,0.244805156388889,3.411,0.244765012222222,3.411
0.245080766944444,3.39,0.245083285,3.411,0.245042917777778,3.421
0.245359006944444,3.39,0.245361538055556,3.411,0.245320670555556,3.421
0.245636765555556,3.39,0.245638976666667,3.411,0.245598779444444,3.411
0.245914783611111,3.4,0.245917262777778,3.411,0.2458770025,3.411
0.246192675,3.39,0.246195024166667,3.421,0.246154650555556,3.411
0.246470507777778,3.4,0.2464731475,3.411,0.246432714166667,3.411
0.246748478333333,3.39,0.246750998055556,3.411,0.246710359166667,3.421
0.24702643,3.4,0.24702932,3.411,0.246988151111111,3.421
0.247304438333333,3.4,0.247307295833333,3.411,0.2472662675,3.421
0.247582135,3.39,0.247584927222222,3.421,0.2475442,3.421
0.247860472777778,3.39,0.2478628625,3.411,0.247822174444444,3.421
0.248138129444444,3.4,0.248140325555556,3.411,0.248100271944444,3.421
0.248416111388889,3.4,0.248418506111111,3.411,0.248377972222222,3.421
0.248693878611111,3.39,0.248696689722222,3.411,0.248655852222222,3.421
0.248971648888889,3.4,0.248974425277778,3.411,0.248933951111111,3.421
0.2492495425,3.4,0.249252203888889,3.411,0.24921199,3.411
0.249527471388889,3.4,0.249529968888889,3.421,0.249489310277778,3.411
0.249805712222222,3.4,0.249807928333333,3.411,0.249767794722222,3.411
0.250083661111111,3.39,0.250085745833333,3.411,0.250045878888889,3.421
0.250361281944444,3.4,0.250363568888889,3.411,0.250323930833333,3.421
0.250639258888889,3.39,0.250641263888889,3.411,0.250602015555556,3.421
0.250916848888889,3.4,0.250919266944444,3.421,0.250880140555556,3.421
0.251194677777778,3.4,0.251196993611111,3.421,0.251158185,3.411
0.251472361666667,3.4,0.251475091111111,3.411,0.251436039444444,3.421
0.251750332222222,3.39,0.251753189166667,3.411,0.251713789166667,3.421
0.252028028055556,3.4,0.252031466944444,3.411,0.251991964444444,3.421
0.252306111388889,3.4,0.2523091325,3.421,0.252269783055556,3.421
0.252584004166667,3.4,0.252586610833333,3.411,0.252547636111111,3.421
0.252861760277778,3.4,0.252864495833333,3.411,0.2528256,3.421
0.253139534722222,3.4,0.253142493888889,3.421,0.253103534444444,3.421
0.253417513333333,3.39,0.2534201875,3.411,0.253381270833333,3.421
0.253695095277778,3.4,0.253697848055556,3.411,0.253659275,3.421
0.253973093611111,3.4,0.253975888611111,3.421,0.253937243055556,3.421
0.254250853055556,3.4,0.254253745833333,3.411,0.254214629444444,3.421
0.254528768888889,3.4,0.254531546388889,3.421,0.254492683888889,3.421
0.254806477222222,3.4,0.254809733611111,3.411,0.254771083055556,3.421
0.255084517222222,3.4,0.255087401666667,3.421,0.25504859,3.411
0.25536213,3.4,0.255365638611111,3.421,0.255326550555556,3.421
0.255639881666667,3.4,0.2556433525,3.421,0.2556047025,3.421
0.255917769722222,3.39,0.255921514722222,3.421,0.25588216,3.421
0.256195941944444,3.4,0.256199304444444,3.421,0.256160278611111,3.421
0.256473718333333,3.4,0.256476885277778,3.421,0.2564381725,3.421
0.25675142,3.39,0.256754996111111,3.421,0.256716331944444,3.421
0.257029395277778,3.4,0.257033086666667,3.421,0.256994214166667,3.421
0.257307334166667,3.4,0.257310828333333,3.421,0.257272149722222,3.421
0.257585063888889,3.4,0.257588738888889,3.411,0.257549917777778,3.421
0.257863113333333,3.39,0.257866701111111,3.421,0.257827446388889,3.421
0.258140781944444,3.4,0.258144512777778,3.421,0.258105740277778,3.421
0.258419073611111,3.39,0.2584223225,3.421,0.258383517777778,3.421
0.258697024444444,3.4,0.258700019444444,3.411,0.258661195277778,3.421
0.25897484,3.4,0.258977958055556,3.421,0.258939366388889,3.421
0.259252491111111,3.4,0.259255708611111,3.411,0.259217011944444,3.421
0.259530354444444,3.4,0.259533722222222,3.421,0.259494945277778,3.421
0.259807907222222,3.4,0.259811450555556,3.421,0.259773095,3.421
0.260086326388889,3.4,0.260089040555556,3.421,0.260050937777778,3.421
0.260364114166667,3.4,0.260367071666667,3.421,0.260328465,3.421
0.260642088055556,3.4,0.2606451375,3.411,0.260606509722222,3.421
0.260919655277778,3.4,0.260923344444444,3.411,0.260884539444444,3.421
0.261197744166667,3.4,0.261201185277778,3.421,0.261162190833333,3.421
0.261475491666667,3.4,0.261478798333333,3.411,0.261439731944444,3.421
0.261753448888889,3.4,0.261756605,3.421,0.261718075277778,3.421
0.262031268611111,3.4,0.26203464,3.411,0.261995574166667,3.421
0.262309621388889,3.4,0.262312416944444,3.411,0.262273480555556,3.421
0.262587275277778,3.4,0.262590178055556,3.421,0.262551496666667,3.421
0.262865098611111,3.4,0.262867943333333,3.421,0.262829380555556,3.421
0.263142580277778,3.4,0.263145903611111,3.421,0.263107220833333,3.421
0.263420396111111,3.4,0.263423923055556,3.421,0.2633850975,3.421
0.263698651388889,3.4,0.263701920277778,3.421,0.263662708333333,3.421
0.263976484722222,3.4,0.263979348611111,3.421,0.263940641666667,3.421
0.264254590277778,3.4,0.264257653333333,3.421,0.264218202777778,3.421
0.264532343333333,3.4,0.264535403333333,3.421,0.264496336944444,3.421
0.264810195833333,3.4,0.264813360833333,3.421,0.26477403,3.421
0.265088030277778,3.4,0.265090770277778,3.411,0.265051997777778,3.421
0.265365731944444,3.4,0.265369262222222,3.421,0.265329854166667,3.421
0.265643687777778,3.4,0.265647311666667,3.411,0.265607515555556,3.421
0.265921359444444,3.4,0.265925049166667,3.421,0.265885449444444,3.421
0.266199623055556,3.4,0.266203226388889,3.421,0.266163416111111,3.421
0.266477643888889,3.4,0.266480805,3.421,0.266441329722222,3.421
0.266755499444444,3.4,0.266759041944444,3.411,0.266719142222222,3.421
0.267033544722222,3.4,0.267037017777778,3.421,0.266997345277778,3.421
0.267311386944444,3.4,0.267314611944444,3.421,0.267275105,3.421
0.267589451388889,3.4,0.267592515555556,3.421,0.267552798611111,3.421
0.267867165833333,3.4,0.267870578611111,3.421,0.267830493055556,3.421
0.268144733611111,3.4,0.268148409722222,3.421,0.268108449166667,3.421
0.268422728888889,3.4,0.268426721388889,3.421,0.268386502222222,3.421
0.268700598055556,3.4,0.268704191111111,3.421,0.268664181388889,3.421
0.26897799,3.4,0.268982465555556,3.421,0.268941999166667,3.421
0.269256180555556,3.4,0.269260705833333,3.421,0.269219863055556,3.421
0.269533952222222,3.4,0.26953837,3.421,0.2694978025,3.421
0.269811732222222,3.4,0.269816285,3.421,0.269775614166667,3.421
0.270089754722222,3.4,0.270094558888889,3.421,0.270053220555556,3.421
0.2703675425,3.4,0.270372560277778,3.421,0.270331095555556,3.421
0.270645334722222,3.4,0.270650687777778,3.421,0.270609040277778,3.421
0.2709233625,3.4,0.2709284925,3.411,0.270886862777778,3.421
0.271201287777778,3.4,0.271206582777778,3.421,0.271164955555556,3.421
0.271479560833333,3.4,0.271484362222222,3.421,0.271442595,3.421
0.27175745,3.4,0.271762664166667,3.421,0.271720394444444,3.421
0.272035259444444,3.4,0.272040463888889,3.421,0.271998388333333,3.421
0.272313041666667,3.4,0.272318271666667,3.421,0.272275953333333,3.421
0.272590894444444,3.4,0.272596009722222,3.421,0.272554003055556,3.421
0.272868752222222,3.4,0.272873921388889,3.421,0.272831930277778,3.421
0.273146401666667,3.4,0.273151605833333,3.421,0.2731095375,3.421
0.273424603611111,3.4,0.2734293225,3.421,0.273387461388889,3.421
0.273701927222222,3.4,0.273707470555556,3.421,0.273665596111111,3.421
0.273979953611111,3.4,0.273985423333333,3.421,0.273943169444444,3.421
0.274258173055556,3.4,0.274263385833333,3.421,0.274221022777778,3.421
0.274535836666667,3.4,0.274541321111111,3.421,0.274499019166667,3.421
0.274813806944444,3.4,0.274818932222222,3.421,0.274776925277778,3.421
0.275091363055556,3.4,0.275097134722222,3.411,0.275054401944444,3.421
0.275369315833333,3.4,0.275375050833333,3.421,0.275332368333333,3.421
0.275646901111111,3.4,0.275653051666667,3.421,0.2756104375,3.421
0.275925056666667,3.4,0.2759310725,3.421,0.275888536944444,3.421
0.2762027925,3.4,0.2762089425,3.421,0.276166353888889,3.421
0.276480375555556,3.4,0.276486555,3.421,0.276444076111111,3.421
0.276758335277778,3.4,0.2767647275,3.421,0.276721611944444,3.421
0.277036238055556,3.4,0.277042875277778,3.421,0.276999835555556,3.421
0.277313826944444,3.4,0.277320418333333,3.421,0.277277551388889,3.421
0.277591849166667,3.4,0.277598337777778,3.421,0.277555169444444,3.421
0.277869785833333,3.4,0.277876000833333,3.421,0.277833039722222,3.421
0.278147443611111,3.4,0.278153933055556,3.421,0.278110880555556,3.421
0.278425235833333,3.4,0.278431795277778,3.421,0.278388923888889,3.421
0.278702759166667,3.4,0.278709511388889,3.421,0.278666593888889,3.421
0.278980620555556,3.4,0.278987279722222,3.421,0.278944308611111,3.421
0.27925847,3.4,0.279265445,3.421,0.279222555833333,3.421
0.279536291388889,3.4,0.279543213055556,3.421,0.279500248333333,3.421
0.279814224722222,3.4,0.279821088333333,3.421,0.279778154444444,3.421
0.280092073055556,3.4,0.280099291666667,3.421,0.280056034444444,3.421
0.280370128055556,3.4,0.280377173333333,3.421,0.280333979444444,3.421
0.280648061666667,3.4,0.280655016111111,3.421,0.280611433611111,3.421
0.280926069444444,3.4,0.280932925,3.421,0.280889328888889,3.421
0.281203905,3.4,0.281210438333333,3.421,0.281167158055556,3.421
0.281481636666667,3.4,0.281488650277778,3.421,0.281445338055556,3.421
0.281759766111111,3.4,0.281766145,3.421,0.281723129444444,3.421
0.282037589444444,3.4,0.282044070277778,3.421,0.282001110833333,3.421
0.282315459166667,3.4,0.282322106666667,3.421,0.282278849166667,3.421
0.282593553333333,3.4,0.282600160833333,3.421,0.282556555555556,3.421
0.282871588333333,3.4,0.282878279166667,3.421,0.282834561666667,3.421
0.283149446388889,3.4,0.283156351388889,3.421,0.283111877222222,3.421
0.283427713888889,3.4,0.283434200833333,3.421,0.283390046944444,3.421
0.283705413055556,3.4,0.283711866388889,3.421,0.283667858888889,3.421
0.283983304166667,3.4,0.283989500555556,3.421,0.283945722222222,3.421
0.28426124,3.4,0.284267586111111,3.421,0.284223868333333,3.421
0.284538671388889,3.4,0.2845453975,3.421,0.284501967777778,3.421
0.284816841944444,3.4,0.284823340555556,3.421,0.284779841666667,3.421
0.285094139444444,3.4,0.285101069444444,3.421,0.285057740833333,3.421
0.285372305277778,3.4,0.2853788025,3.421,0.285335331111111,3.421
0.285649830277778,3.4,0.285656893611111,3.421,0.285613220555556,3.421
0.285927844166667,3.4,0.285934631666667,3.421,0.285891170833333,3.421
0.286205621944444,3.4,0.286212577222222,3.421,0.286168761944444,3.421
0.286483546388889,3.4,0.286490184444444,3.421,0.286447092777778,3.421
0.286761247222222,3.4,0.286768247222222,3.421,0.286724982222222,3.421
0.287039273888889,3.4,0.2870460975,3.421,0.287002835277778,3.421
0.287317082222222,3.4,0.287323830833333,3.421,0.287281202777778,3.421
0.287594783333333,3.4,0.287601925277778,3.421,0.287558973055556,3.421
0.287872241388889,3.4,0.287879817222222,3.421,0.287836823611111,3.421
0.288150364722222,3.4,0.288157416111111,3.421,0.288114426666667,3.421
0.288427985833333,3.4,0.288435215833333,3.421,0.288392330277778,3.421
0.288705517222222,3.4,0.288713218055556,3.421,0.288669883611111,3.421
0.288983835833333,3.4,0.288990823055556,3.421,0.288947945,3.421
0.289261570833333,3.4,0.289268615,3.421,0.289225807777778,3.421
0.289539596944444,3.4,0.289546710555556,3.421,0.289503467777778,3.421
0.289817273888889,3.4,0.289824421666667,3.421,0.289781705833333,3.421
0.290094774166667,3.4,0.290102149444444,3.421,0.290059503055556,3.421
0.290372723055556,3.4,0.290380048055556,3.421,0.290337518333333,3.421
0.290650465277778,3.4,0.290657835,3.421,0.290614874444444,3.421
0.290928339722222,3.4,0.290935835277778,3.421,0.290893108611111,3.421
0.291206215833333,3.4,0.291213296944444,3.421,0.291170423055556,3.421
0.291483905833333,3.4,0.291491297777778,3.421,0.291448749444444,3.421
0.291761333611111,3.4,0.291769340277778,3.421,0.291726635555556,3.421
0.292039898611111,3.4,0.292047398333333,3.421,0.292004375,3.421
0.292317588888889,3.4,0.292325425277778,3.421,0.292282120277778,3.421
0.292595632222222,3.4,0.292602704722222,3.421,0.292559759444444,3.421
0.292873405833333,3.4,0.292881175833333,3.421,0.292837677777778,3.421
0.29315082,3.4,0.293158608055556,3.421,0.293115476388889,3.421
0.293428940833333,3.4,0.293436596388889,3.421,0.293393463888889,3.421
0.293706584722222,3.4,0.29371453,3.421,0.29367168,3.421
0.293985095277778,3.4,0.293992881111111,3.421,0.293949491388889,3.421
0.294262776666667,3.4,0.294270214444444,3.421,0.294227086944444,3.421
0.294540476388889,3.4,0.294548403055556,3.421,0.294505449722222,3.421
0.294818463055556,3.4,0.294826035555556,3.421,0.294783084722222,3.421
0.295096092777778,3.4,0.295103863611111,3.421,0.295061179444444,3.421
0.295373916111111,3.4,0.295382096388889,3.421,0.295339057222222,3.421
0.295651676666667,3.4,0.295660132777778,3.421,0.295616808888889,3.421
0.295929523055556,3.4,0.295938080555556,3.421,0.295894939166667,3.421
0.296207605,3.4,0.296216143055556,3.421,0.296172804166667,3.421
0.296485145833333,3.4,0.2964940075,3.421,0.296450489722222,3.421
0.296763034722222,3.4,0.296771576944444,3.421,0.296728501111111,3.421
0.297040970833333,3.4,0.297049358055556,3.421,0.297006548333333,3.421
0.297318850555556,3.4,0.297327139166667,3.421,0.297284343333333,3.421
0.297597032777778,3.4,0.297604696666667,3.421,0.297562226944444,3.421
0.297874714444444,3.4,0.297882875833333,3.421,0.297840148611111,3.421
0.29815284,3.4,0.298160894166667,3.421,0.298117933888889,3.421
0.298430920555556,3.4,0.298438557222222,3.421,0.298395765555556,3.421
0.298708698055555,3.4,0.298716414444444,3.421,0.298673439166667,3.421
0.298986744722222,3.4,0.298994523888889,3.421,0.298951026111111,3.421
0.2992648925,3.4,0.299272354722222,3.421,0.299229548333333,3.421
0.299542665277778,3.4,0.2995502375,3.421,0.299507271666667,3.421
0.299820491666667,3.411,0.299828291666667,3.421,0.299784869722222,3.421
0.300098203055556,3.4,0.300106125833333,3.421,0.300062830555556,3.421
0.300376117777778,3.4,0.300383781666667,3.421,0.300340321111111,3.421
0.300653653611111,3.4,0.300661576111111,3.421,0.300618279166667,3.421
0.300931747222222,3.4,0.300939446388889,3.421,0.300896313611111,3.421
0.3012094925,3.4,0.301217196388889,3.421,0.301174296666667,3.421
0.301487913611111,3.4,0.301495342777778,3.421,0.301451883055556,3.421
0.301765648611111,3.4,0.301773138888889,3.421,0.301729412777778,3.421
0.302043318333333,3.4,0.302050926944444,3.421,0.302007557222222,3.421
0.302321296111111,3.4,0.302328566944444,3.421,0.302285148611111,3.421
0.302599239722222,3.4,0.3026067125,3.421,0.302562906666667,3.421
0.30287748,3.4,0.302884380555556,3.421,0.302840904166667,3.421
0.30315531,3.4,0.303162123611111,3.421,0.303118944722222,3.421
0.303433513888889,3.4,0.303440146111111,3.421,0.303396941944444,3.421
0.303711101111111,3.4,0.303717665833333,3.421,0.303674762777778,3.421
0.303989309444444,3.4,0.303995899444444,3.421,0.303952485,3.421
0.304266890555556,3.4,0.3042735125,3.421,0.304230345833333,3.421
0.304544801388889,3.4,0.304551542222222,3.421,0.304508268333333,3.431
0.304822516944444,3.4,0.304829775277778,3.421,0.304785985,3.421
0.305100543888889,3.4,0.305107563611111,3.421,0.305064190555556,3.421
0.305378457777778,3.4,0.305385181944444,3.421,0.305342302222222,3.421
0.305656270833333,3.4,0.305663034444444,3.421,0.305620349444444,3.421
0.305933651666667,3.4,0.305940713333333,3.421,0.305898241666667,3.421
0.306211404722222,3.4,0.306218497222222,3.421,0.306176171666667,3.421
0.306489481111111,3.4,0.306496801388889,3.421,0.306454039166667,3.421
0.306767300277778,3.411,0.306774544722222,3.421,0.306732178333333,3.421
0.307045473333333,3.411,0.307052265277778,3.421,0.307009708611111,3.421
0.307323556111111,3.411,0.307329748611111,3.421,0.307287635277778,3.421
0.307601408888889,3.411,0.307607793888889,3.421,0.307565810833333,3.421
0.307879159444444,3.4,0.307885436388889,3.421,0.307843573888889,3.421
0.308156670277778,3.411,0.308163278055556,3.421,0.308121560277778,3.421
0.308434773333333,3.4,0.308441268611111,3.421,0.30839934,3.421
0.308712419444444,3.411,0.308718998333333,3.421,0.308677075277778,3.421
0.308990461944444,3.4,0.308996805833333,3.421,0.308954958888889,3.431
0.309268143611111,3.4,0.309274901944444,3.421,0.309233129166667,3.421
0.309546060555556,3.4,0.309552808333333,3.421,0.3095104,3.421
0.309823924444444,3.4,0.309830566111111,3.421,0.309788192777778,3.421
0.310101631111111,3.4,0.310108391666667,3.421,0.310066529444444,3.421
0.310379745833333,3.4,0.3103857225,3.421,0.310344756111111,3.421
0.310657813611111,3.411,0.310663724722222,3.421,0.310622878888889,3.421
0.310935764166667,3.411,0.310941725,3.421,0.310900363055556,3.421
0.311213963611111,3.4,0.311219603888889,3.421,0.311178345833333,3.421
0.3114917475,3.4,0.311497539166667,3.421,0.311456245,3.421
0.311769675555556,3.411,0.311775694722222,3.421,0.311734129722222,3.421
0.312047479444444,3.411,0.312053340833333,3.421,0.312012068611111,3.421
0.312325366111111,3.411,0.312331110833333,3.421,0.312289835555556,3.421
0.312603335277778,3.411,0.312608547777778,3.421,0.312567975833333,3.421
0.312881009166667,3.411,0.312886679444444,3.421,0.312845534166667,3.421
0.313159170277778,3.4,0.313164345555556,3.421,0.313123497777778,3.421
0.313437111111111,3.4,0.313442456666667,3.421,0.313401242222222,3.421
0.313714855833333,3.411,0.313720329166667,3.421,0.313679168611111,3.421
0.313992825833333,3.4,0.313997962777778,3.421,0.313957240833333,3.421
0.314270908055556,3.411,0.314275738888889,3.421,0.314234848333333,3.421
0.314548866944444,3.4,0.314553831111111,3.421,0.314513118055556,3.421
0.314826684166667,3.4,0.314831815,3.421,0.314790974722222,3.421
0.315104387777778,3.411,0.315109282777778,3.421,0.315069377777778,3.421
0.315382740833333,3.4,0.315387496111111,3.421,0.3153468225,3.421
0.315660530833333,3.4,0.315665360833333,3.421,0.315625071666667,3.421
0.315939014722222,3.411,0.3159432125,3.421,0.315902959444444,3.421
0.316216804444444,3.411,0.316221143888889,3.421,0.316180906111111,3.421
0.316494830833333,3.411,0.316499056111111,3.421,0.316458435833333,3.421
0.316772684444444,3.4,0.316776919444444,3.421,0.3167362775,3.421
0.317050666944444,3.411,0.317054767222222,3.421,0.317014064166667,3.421
0.317328730555556,3.411,0.317332464722222,3.421,0.317292006388889,3.421
0.317606575,3.411,0.317610192777778,3.421,0.317569809444444,3.421
0.317884570833333,3.411,0.31788861,3.421,0.317847086388889,3.421
0.318162719722222,3.4,0.318166424722222,3.421,0.318125451111111,3.421
0.318440622222222,3.411,0.318443927222222,3.421,0.318403411666667,3.421
0.318718505833333,3.411,0.318721565833333,3.421,0.318681304722222,3.421
0.318996105,3.4,0.319000128611111,3.421,0.318959136944444,3.421
0.319273938333333,3.411,0.319277475833333,3.421,0.319237002222222,3.421
0.319552068055556,3.411,0.31955545,3.421,0.319514949166667,3.421
0.319829876111111,3.4,0.319833353888889,3.421,0.319792701111111,3.421
0.320107599722222,3.4,0.320111141666667,3.421,0.320070702777778,3.421
0.320385612777778,3.411,0.320388635555556,3.421,0.320348946666667,3.421
0.320663523055556,3.411,0.320666986111111,3.421,0.320627168888889,3.421
0.320941305,3.411,0.320944326666667,3.421,0.320905175555556,3.421
0.321219184722222,3.411,0.321222540277778,3.421,0.321183085,3.421
0.321496899722222,3.411,0.321500616388889,3.421,0.321461304166667,3.421
0.321775001388889,3.4,0.321778395833333,3.421,0.321739180833333,3.421
0.322052422777778,3.411,0.32205614,3.421,0.322016517777778,3.421
0.322330575833333,3.411,0.322333716111111,3.421,0.322294815833333,3.431
0.322608449444444,3.411,0.322611619444444,3.421,0.322572668611111,3.421
0.322885988055556,3.411,0.32288942,3.421,0.3228505125,3.421
0.323164307777778,3.411,0.323167220833333,3.421,0.323128581944444,3.421
0.3234417675,3.4,0.323445337222222,3.421,0.323406435277778,3.421
0.323720121388889,3.4,0.323722963611111,3.421,0.323683735833333,3.421
0.323998016666667,3.411,0.324000961666667,3.421,0.323962019722222,3.421
0.324275988333333,3.4,0.324278684444444,3.421,0.324239508888889,3.421
0.324553576944444,3.411,0.324556821388889,3.421,0.324517731111111,3.421
0.324831261944444,3.4,0.324834971666667,3.421,0.324795299444444,3.421
0.325109153888889,3.411,0.325112604444444,3.421,0.3250733875,3.421
0.325387371111111,3.411,0.325390707777778,3.421,0.325351610555556,3.421
0.3256651375,3.411,0.325668853611111,3.421,0.325629359722222,3.421
0.325942973055556,3.411,0.325946723055556,3.421,0.325907334722222,3.421
0.326221036666667,3.411,0.326224315,3.421,0.326184859166667,3.421
0.326498623611111,3.411,0.326502101388889,3.421,0.326462901666667,3.431
0.326776135555556,3.411,0.326780371666667,3.421,0.326740621666667,3.431
0.327054320277778,3.411,0.327057986666667,3.421,0.327018502777778,3.421
0.327332096944444,3.411,0.327335723055556,3.421,0.327296498611111,3.421
0.327610031666667,3.4,0.327614003888889,3.421,0.327573924166667,3.421
0.327887715277778,3.411,0.327892266944444,3.421,0.327851962777778,3.421
0.328165930833333,3.411,0.328170051666667,3.421,0.328129827777778,3.421
0.328443868055556,3.411,0.328447759444444,3.421,0.328407121666667,3.421
0.328721820555556,3.411,0.328726096944444,3.421,0.328685391111111,3.431
0.328999731666667,3.411,0.329004080833333,3.421,0.32896338,3.421
0.329277289444444,3.411,0.329281948611111,3.421,0.329241110833333,3.421
0.329555289166667,3.411,0.329559671944444,3.421,0.329518837777778,3.421
0.329833039722222,3.4,0.329837557222222,3.421,0.329796670555556,3.431
0.330110994166667,3.411,0.330115294444444,3.421,0.330074182222222,3.421
0.330388735555556,3.411,0.330392929722222,3.421,0.330351910555556,3.421
0.330666374722222,3.411,0.330670724166667,3.421,0.330629750277778,3.421
0.330944176944444,3.411,0.330948495277778,3.421,0.330907814444444,3.421
0.331222255,3.411,0.331226795555556,3.421,0.331185153611111,3.421
0.331499924722222,3.411,0.331504661666667,3.421,0.331463028611111,3.421
0.331777488611111,3.411,0.331782224444444,3.421,0.3317408075,3.421
0.332055697777778,3.411,0.332060519166667,3.421,0.332019255833333,3.421
0.332333707777778,3.411,0.332338214444444,3.421,0.332297148333333,3.421
0.332611525555556,3.411,0.332616401944444,3.421,0.332574946666667,3.431
0.332889501388889,3.411,0.332894123333333,3.421,0.332852874444444,3.421
0.333167226388889,3.411,0.333172713611111,3.421,0.333130665833333,3.421
0.333444785,3.411,0.333450481388889,3.421,0.333408712777778,3.421
0.3337230025,3.411,0.333728756388889,3.421,0.333686268333333,3.421
0.334000581666667,3.411,0.33400603,3.421,0.333964141388889,3.421
0.334278334722222,3.411,0.334284250277778,3.421,0.3342420875,3.421
0.334556082777778,3.411,0.334562286388889,3.421,0.334519896944444,3.421
0.334833850833333,3.411,0.334839937222222,3.421,0.334797498611111,3.421
0.335111633611111,3.411,0.335118195,3.421,0.335075626944444,3.421
0.335389425,3.411,0.335395718333333,3.421,0.335353565277778,3.421
0.335667300555556,3.411,0.335673673611111,3.421,0.335631017222222,3.421
0.335945283888889,3.411,0.335951124166667,3.421,0.335909479722222,3.431
0.336223307222222,3.411,0.336229119444444,3.421,0.336187236944444,3.421
0.336500994722222,3.411,0.33650685,3.421,0.336465056666667,3.421
0.336778953055556,3.411,0.336784854166667,3.421,0.336743171666667,3.421
0.337056734166667,3.411,0.337062458333333,3.421,0.337021213055556,3.421
0.3373342925,3.411,0.337340341111111,3.421,0.337298803888889,3.431
0.337612543611111,3.411,0.337617938888889,3.421,0.337576615833333,3.421
0.337890489166667,3.411,0.337895806944444,3.421,0.337854768611111,3.421
0.338168665555556,3.411,0.338173913333333,3.421,0.338132860277778,3.421
0.338446328055556,3.411,0.338452059166667,3.421,0.338410920555556,3.421
0.338724167222222,3.411,0.338729493888889,3.421,0.3386889025,3.421
0.339001955555556,3.411,0.339007461111111,3.421,0.338966953888889,3.421
0.339279685555556,3.411,0.339285261388889,3.421,0.339244764166667,3.421
0.339557633888889,3.411,0.339563000555556,3.421,0.339522571388889,3.431
0.339835433888889,3.411,0.339840808611111,3.421,0.339800665277778,3.421
0.340113027777778,3.411,0.340118768611111,3.421,0.340078182222222,3.421
0.340391148888889,3.411,0.340396817777778,3.421,0.3403559675,3.431
0.3406690775,3.411,0.340674643055556,3.421,0.340633929444444,3.421
0.340946327777778,3.411,0.340952842777778,3.421,0.340911688055556,3.431
0.341224596944444,3.411,0.341231045833333,3.421,0.341189673611111,3.421
0.341502580277778,3.411,0.341508876944444,3.421,0.341467533888889,3.421
0.341780514166667,3.411,0.341786275833333,3.421,0.3417452925,3.421
0.342058606388889,3.411,0.3420648225,3.421,0.342022921388889,3.421
0.342336458055556,3.411,0.342342680833333,3.421,0.342300882222222,3.431
0.342614136944444,3.411,0.342620326666667,3.421,0.342578893333333,3.421
0.342891803888889,3.411,0.342898319166667,3.421,0.342857096111111,3.431
0.343169760277778,3.411,0.343176219166667,3.421,0.343135242777778,3.421
0.3434472575,3.411,0.343453869166667,3.421,0.343413458888889,3.421
0.343725415277778,3.411,0.343731803888889,3.421,0.343691478055556,3.421
0.344003280555556,3.411,0.344009546666667,3.421,0.343969485,3.431
0.344281199722222,3.411,0.344287840277778,3.421,0.344247189444444,3.421
0.344559093888889,3.411,0.344565183055556,3.421,0.3445248725,3.421
0.344836757777778,3.411,0.344843299444444,3.421,0.344803117222222,3.431
0.345114475,3.411,0.345121252222222,3.421,0.345080966111111,3.431
0.345392329166667,3.411,0.34539871,3.421,0.3453589125,3.421
0.345670165277778,3.411,0.345676842222222,3.421,0.345636533055556,3.421
0.345947539722222,3.4,0.345954690833333,3.421,0.345914546666667,3.421
0.346225611111111,3.411,0.346232398611111,3.421,0.346192607222222,3.421
0.346503183055556,3.411,0.346510037222222,3.421,0.346470555277778,3.431
0.346781290833333,3.411,0.346788259166667,3.421,0.346748293055556,3.431
0.347058540833333,3.411,0.347066175833333,3.421,0.347025963055556,3.431
0.347336941666667,3.411,0.347344087222222,3.421,0.347304225,3.431
0.347614611388889,3.411,0.3476222875,3.421,0.347581996666667,3.421
0.347892609166667,3.411,0.347899896388889,3.421,0.347859842777778,3.431
0.348170296388889,3.411,0.348177760833333,3.421,0.348137758055556,3.421
0.348448095277778,3.411,0.348455156944444,3.421,0.348415399722222,3.421
0.348726321388889,3.411,0.348733225555556,3.421,0.348693190277778,3.421
0.349004204444444,3.411,0.3490111725,3.421,0.348971096944444,3.421
0.349282229722222,3.411,0.349288962222222,3.421,0.349248795555556,3.421
0.349560213888889,3.411,0.349566299166667,3.421,0.349526253611111,3.431
0.349838288055556,3.411,0.349844775,3.421,0.349804368888889,3.431
0.350116090833333,3.411,0.350122675,3.421,0.350082181388889,3.431
0.350393911666667,3.411,0.350400535,3.421,0.350359856944444,3.421
0.350671463333333,3.411,0.350678439166667,3.421,0.35063805,3.421
0.350949276388889,3.411,0.350956499166667,3.421,0.350915736388889,3.421
0.351227263888889,3.411,0.3512340375,3.421,0.351193560277778,3.431
0.351505112222222,3.411,0.351511871944444,3.421,0.351471569166667,3.421
0.351783511666667,3.411,0.351789543055556,3.421,0.351749655,3.431
0.352061228888889,3.411,0.352067550555556,3.421,0.352027775277778,3.421
0.3523392875,3.411,0.3523453725,3.421,0.352305124722222,3.431
0.352617035,3.411,0.352623437777778,3.421,0.352583259444444,3.431
0.352894881388889,3.411,0.352901139444444,3.421,0.352861485833333,3.431
0.353172662222222,3.411,0.353179293055556,3.421,0.353139244722222,3.421
0.353450416944444,3.411,0.353456954722222,3.421,0.353417305,3.421
0.353728249166667,3.411,0.353734716388889,3.421,0.353694930555556,3.431
0.354005764444444,3.411,0.354012591666667,3.421,0.353972693888889,3.431
0.354283675,3.411,0.354290798888889,3.421,0.354250921666667,3.431
0.354561779166667,3.411,0.354568746944444,3.421,0.354528969166667,3.431
0.354839515,3.411,0.354846351666667,3.421,0.354806527777778,3.421
0.355117112777778,3.411,0.355124355277778,3.421,0.355084528055556,3.431
0.355395033888889,3.411,0.355402512222222,3.421,0.355362237777778,3.421
0.355672923888889,3.411,0.355680584166667,3.421,0.355640290555556,3.421
0.355950766111111,3.411,0.355958741388889,3.421,0.355918006388889,3.421
0.356228641388889,3.411,0.356236069444444,3.421,0.356195735833333,3.421
0.356506066944444,3.411,0.356514124722222,3.421,0.356473695277778,3.421
0.356784147222222,3.411,0.356792098055556,3.421,0.356751578888889,3.431
0.357061950277778,3.411,0.357069966388889,3.421,0.3570295725,3.431
0.357339800277778,3.411,0.357347680833333,3.421,0.357307823888889,3.421
0.357617564444444,3.411,0.357625846388889,3.421,0.357585414444444,3.431
0.357895143611111,3.411,0.3579035825,3.421,0.357863450833333,3.421
0.358173450833333,3.411,0.358181471944444,3.421,0.358141269722222,3.421
0.35845152,3.411,0.358459394444444,3.421,0.358419378888889,3.421
0.358729180277778,3.411,0.358737125,3.421,0.358696790277778,3.431
0.359007098611111,3.411,0.359015209444444,3.421,0.358974862777778,3.431
0.359284886944444,3.411,0.359293198055556,3.421,0.359252374722222,3.431
0.359563242222222,3.411,0.359571170555556,3.421,0.359530576388889,3.431
0.359840758333333,3.411,0.359848983055556,3.421,0.359808445555556,3.421
0.360118726944444,3.411,0.360126423611111,3.421,0.360086101388889,3.431
0.360396365555556,3.411,0.360404611388889,3.421,0.360364061388889,3.431
0.360674508888889,3.411,0.3606824275,3.421,0.360641796111111,3.431
0.3609523125,3.411,0.360960511111111,3.421,0.360919655,3.431
0.361229874722222,3.411,0.361238661111111,3.421,0.361197791944444,3.421
0.361507726111111,3.411,0.3615162175,3.421,0.361475454444444,3.421
0.361785841388889,3.411,0.361794195,3.421,0.361753266944444,3.421
0.362064050277778,3.411,0.362072137777778,3.421,0.362031058055556,3.421
0.36234166,3.411,0.362349833055556,3.421,0.362309012777778,3.421
0.362619821944444,3.411,0.3626276525,3.421,0.362587034166667,3.431
0.362897488888889,3.411,0.362905511111111,3.421,0.362864794166667,3.431
0.363175309166667,3.411,0.363183411666667,3.421,0.363142995833333,3.431
0.363453168888889,3.411,0.363461061944444,3.421,0.363421019166667,3.421
0.363730515,3.411,0.363738784166667,3.421,0.363698923611111,3.431
0.364008653611111,3.411,0.364017086111111,3.421,0.363976631111111,3.431
0.36428645,3.411,0.364294689444444,3.421,0.364254344722222,3.421
0.364564210833333,3.411,0.364572470277778,3.421,0.364531825,3.431
0.364841997777778,3.411,0.364850659444444,3.421,0.364809902222222,3.431
0.365120095555556,3.411,0.365128359444444,3.421,0.365087460277778,3.421
0.365397831944444,3.411,0.365406128888889,3.421,0.365365526111111,3.431
0.3656759275,3.411,0.365683972222222,3.421,0.365643460833333,3.431
0.365953986388889,3.411,0.365961746944444,3.421,0.365921265277778,3.421
0.366232058333333,3.411,0.366239622777778,3.421,0.366199100277778,3.431
0.366509605,3.411,0.366517714166667,3.421,0.366476763888889,3.431
0.366787668333333,3.411,0.3667952825,3.421,0.366754661388889,3.431
0.367065275555556,3.411,0.367073339722222,3.421,0.367032574166667,3.431
0.367343473888889,3.411,0.367351066388889,3.421,0.367310423888889,3.431
0.367620870555556,3.411,0.367629233055556,3.421,0.367588480833333,3.431
0.367898816111111,3.411,0.367907044722222,3.421,0.367866397222222,3.421
0.368176601111111,3.411,0.368184901944444,3.421,0.368144093333333,3.431
0.368454600833333,3.411,0.368462676111111,3.421,0.368421996666667,3.431
0.368732662222222,3.411,0.368740869722222,3.421,0.368699719166667,3.431
0.369010928055556,3.411,0.369018838333333,3.421,0.3689776925,3.431
0.369288825833333,3.411,0.369296599166667,3.421,0.369255911666667,3.431
0.369566572777778,3.411,0.369574511111111,3.421,0.369533673888889,3.431
0.369844556111111,3.411,0.369851941111111,3.421,0.369811611944444,3.421
0.370122126944444,3.411,0.370130106111111,3.421,0.370089546388889,3.431
0.370399722777778,3.411,0.370407964722222,3.421,0.370367238333333,3.421
0.370677949444444,3.411,0.370685770555556,3.421,0.370645078888889,3.421
0.370955752222222,3.411,0.370963421666667,3.421,0.370922551111111,3.431
0.371233321666667,3.411,0.371241514444444,3.421,0.371201016666667,3.431
0.371511332222222,3.411,0.371519496666667,3.421,0.371478815833333,3.431
0.371789408055556,3.411,0.371797266388889,3.421,0.371756680277778,3.431
0.372067151944444,3.411,0.372075005555556,3.421,0.372034139722222,3.431
0.372344687777778,3.411,0.372352828888889,3.421,0.372312258611111,3.431
0.372623367222222,3.411,0.372630608333333,3.421,0.372589842222222,3.431
0.372901479722222,3.411,0.372908331111111,3.421,0.372867569444444,3.421
0.373179133055556,3.411,0.373186134722222,3.421,0.373145401111111,3.421
0.373457159166667,3.411,0.373464096388889,3.421,0.373423275,3.431
0.373735356666667,3.411,0.373742148055556,3.421,0.373701184722222,3.421
0.374013211388889,3.411,0.374020056666667,3.421,0.373979018333333,3.431
0.374291243611111,3.411,0.374297955277778,3.421,0.374256943333333,3.431
0.37456873,3.411,0.374575444444444,3.421,0.374534596388889,3.431
0.374846966666667,3.411,0.374853673055556,3.421,0.374812078888889,3.431
0.375124696666667,3.411,0.375131633888889,3.421,0.375090501388889,3.431
0.375402585555556,3.411,0.375409358888889,3.421,0.375368325,3.431
0.375680238611111,3.411,0.375687166944444,3.421,0.3756463525,3.431
0.375958451944444,3.411,0.375964868055556,3.421,0.375924516944444,3.421
0.376236447222222,3.411,0.376242782777778,3.421,0.376202545833333,3.431
0.376514356944444,3.411,0.376520538055556,3.421,0.376480622777778,3.431
0.3767920675,3.411,0.376798526111111,3.421,0.376758456944444,3.431
0.377069609722222,3.411,0.377076620833333,3.421,0.377036304722222,3.431
0.377347485833333,3.411,0.377354320277778,3.421,0.377314149722222,3.431
0.377625178888889,3.411,0.377632513333333,3.421,0.37759154,3.431
0.377903006944444,3.411,0.377910206388889,3.421,0.377869797777778,3.431
0.378180864166667,3.411,0.378188081388889,3.421,0.378147923888889,3.431
0.378458723055556,3.411,0.378465845833333,3.421,0.378425906388889,3.421
0.378736349166667,3.411,0.3787436975,3.421,0.378703781388889,3.431
0.379014279444444,3.411,0.379021381388889,3.421,0.378981798333333,3.431
0.379291686944444,3.411,0.379299351388889,3.421,0.379259885277778,3.431
0.379569404166667,3.411,0.379577288611111,3.421,0.379537726944444,3.431
0.379847411111111,3.411,0.379854857777778,3.421,0.379815189166667,3.431
0.380125326111111,3.411,0.380132736111111,3.421,0.380093350277778,3.431
0.380403475833333,3.411,0.380410705277778,3.421,0.380371394166667,3.431
0.3806811725,3.411,0.380688323611111,3.421,0.380649312222222,3.431
0.380959368333333,3.411,0.380966744166667,3.421,0.380927168333333,3.431
0.381236959166667,3.411,0.381244608888889,3.421,0.381205266944444,3.431
0.381515136666667,3.411,0.381522271666667,3.421,0.381483103888889,3.431
0.381792712222222,3.411,0.3818002525,3.421,0.381760576388889,3.431
0.3820704325,3.411,0.382078298888889,3.421,0.382038330277778,3.431
0.382348683888889,3.411,0.382356449444444,3.421,0.382316474166667,3.431
0.3826262025,3.411,0.382634077777778,3.421,0.382594670833333,3.431
0.382904319166667,3.411,0.3829118725,3.421,0.382872768888889,3.431
0.3831822375,3.411,0.383189972777778,3.421,0.383150578055556,3.431
0.383460059166667,3.411,0.383468070555556,3.421,0.383428501111111,3.431
0.383737722777778,3.411,0.383745767222222,3.421,0.383706336666667,3.431
0.384015689722222,3.411,0.384024069444444,3.421,0.383984245277778,3.431
0.384293675,3.411,0.384302326111111,3.421,0.384261958055556,3.431
0.384571580277778,3.411,0.384580331388889,3.421,0.384539644722222,3.431
0.384849825833333,3.411,0.384858154722222,3.421,0.384817798333333,3.431
0.385127610277778,3.411,0.385136131944444,3.421,0.385095480277778,3.431
0.385405105833333,3.411,0.385414011666667,3.421,0.385373463055556,3.431
0.385682973055556,3.411,0.3856921725,3.421,0.385651316111111,3.431
0.38596075,3.411,0.385969864722222,3.421,0.3859290075,3.431
0.386238700277778,3.411,0.386247810277778,3.421,0.386206937222222,3.431
0.386516546944444,3.411,0.386525490555556,3.421,0.386484883888889,3.431
0.386794118333333,3.411,0.386803745,3.421,0.386762679166667,3.431
0.387072289444444,3.411,0.387081373333333,3.421,0.38704033,3.431
0.387350064722222,3.411,0.387359352777778,3.421,0.387317923611111,3.431
0.387628016666667,3.411,0.387637326111111,3.421,0.387595959166667,3.431
0.387905911388889,3.411,0.387915173333333,3.421,0.387873996111111,3.431
0.388183545555556,3.411,0.388193160555556,3.421,0.388151803888889,3.431
0.388461510833333,3.411,0.388471299166667,3.421,0.388429316111111,3.431
0.38873951,3.411,0.388749301388889,3.421,0.388707421666667,3.431
0.389017330277778,3.411,0.389027546388889,3.421,0.388985156666667,3.431
0.389295180555556,3.411,0.389305255277778,3.421,0.389263253333333,3.431
0.389572491666667,3.411,0.389583105555556,3.421,0.3895414175,3.431
0.389850805,3.411,0.389860631944444,3.421,0.389819230555556,3.421
0.390128915833333,3.411,0.390138676111111,3.421,0.390097165,3.431
0.390406583888889,3.411,0.390416419444444,3.421,0.390375362777778,3.431
0.390684667777778,3.411,0.390694218611111,3.421,0.390653057222222,3.431
0.390962580833333,3.411,0.390972256111111,3.421,0.390930911944444,3.431
0.391240395833333,3.411,0.391249669166667,3.421,0.391208737222222,3.431
0.391518317222222,3.411,0.391527703055556,3.421,0.391487030555556,3.421
0.391796538333333,3.411,0.391805536111111,3.421,0.391764589166667,3.431
0.392074328611111,3.411,0.392083601666667,3.421,0.392042527777778,3.431
0.392351847777778,3.411,0.392361327777778,3.421,0.392319979166667,3.431
0.392629414722222,3.411,0.392639289166667,3.421,0.392598036388889,3.431
0.392907664166667,3.411,0.392917143333333,3.421,0.392875774722222,3.431
0.393185729722222,3.411,0.393195056944444,3.421,0.393153667777778,3.431
0.393463854722222,3.411,0.393473338611111,3.421,0.393431529166667,3.431
0.393741670833333,3.411,0.393751424444444,3.421,0.393709253611111,3.431
0.394019530277778,3.411,0.394028846666667,3.421,0.393987179166667,3.431
0.394297556111111,3.411,0.394306698611111,3.421,0.394265134166667,3.431
0.394575419722222,3.411,0.394584501666667,3.421,0.394543711388889,3.431
0.394853448055556,3.411,0.3948622025,3.421,0.394821551666667,3.431
0.395130951666667,3.411,0.395139941388889,3.421,0.395099526111111,3.431
0.395408884444444,3.411,0.395418072777778,3.421,0.395377088888889,3.431
0.395686805277778,3.411,0.395696330277778,3.421,0.395655453888889,3.431
0.395964504166667,3.411,0.3959741925,3.421,0.395933030833333,3.431
0.396242851388889,3.411,0.396252316666667,3.421,0.396211146111111,3.431
0.396520576111111,3.411,0.396530173055556,3.421,0.396488819722222,3.421
0.396798226666667,3.411,0.396808103055556,3.421,0.396766815555556,3.431
0.3970757725,3.411,0.397086028333333,3.421,0.397044460833333,3.431
0.397353865277778,3.411,0.397364008055556,3.421,0.397322586944445,3.431
0.39763222,3.411,0.397641556388889,3.421,0.397599908611111,3.431
0.397910158888889,3.411,0.397919596111111,3.421,0.397877893888889,3.431
0.398188150277778,3.411,0.398197804444444,3.421,0.398155763055556,3.431
0.3984660625,3.411,0.398475202777778,3.421,0.398433412222222,3.431
0.398743922222222,3.411,0.398753265277778,3.421,0.398711278611111,3.421
0.399021624166667,3.411,0.399030791111111,3.421,0.398988964166667,3.431
0.399299802222222,3.411,0.399308806388889,3.421,0.399266913611111,3.431
0.399577460833333,3.411,0.399587058611111,3.421,0.399545036944444,3.431
0.399855754722222,3.411,0.399865115833333,3.421,0.399822835833333,3.431
0.400133420555556,3.411,0.400142761666667,3.421,0.400100480555556,3.431
0.400411333333333,3.411,0.400420430555556,3.421,0.400378634722222,3.431
0.400689346666667,3.411,0.400698220833333,3.421,0.400656378333333,3.431
0.400967116944444,3.411,0.400975904166667,3.421,0.400934056388889,3.431
0.401244770277778,3.411,0.401253775555556,3.421,0.401211676666667,3.431
0.401522816666667,3.411,0.401531518055556,3.421,0.401489816388889,3.431
0.401800655555556,3.411,0.401809452777778,3.421,0.401767411111111,3.431
0.402078795555556,3.411,0.402087264722222,3.421,0.402045260555556,3.431
0.402356750555556,3.411,0.402365085,3.421,0.40232285,3.431
0.402634626388889,3.411,0.402642939444444,3.421,0.402600983611111,3.431
0.402912501111111,3.411,0.402920815555556,3.421,0.402878741388889,3.431
0.403190309444444,3.411,0.403198891111111,3.421,0.403156771944444,3.431
0.403468247222222,3.411,0.403476832777778,3.421,0.403434681388889,3.431
0.403745805555556,3.411,0.403754758611111,3.421,0.403712144722222,3.431
0.404023706666667,3.411,0.404032600833333,3.421,0.403990124166667,3.421
0.4043013575,3.411,0.404310179722222,3.421,0.404268135833333,3.431
0.404579293055556,3.411,0.404587928611111,3.421,0.404545958055556,3.431
0.404857018333333,3.411,0.404865796666667,3.421,0.404824148888889,3.431
0.405134843888889,3.411,0.405143563888889,3.421,0.405101806111111,3.431
0.4054129575,3.421,0.405421436111111,3.421,0.405379849722222,3.431
0.405690840277778,3.411,0.405699072222222,3.421,0.4056576575,3.431
0.405968713333333,3.411,0.405976830555556,3.421,0.405936171388889,3.431
0.406246101388889,3.411,0.406254716944444,3.421,0.406213636388889,3.431
0.406524005277778,3.411,0.406532651666667,3.431,0.406491890833333,3.431
0.406802317777778,3.411,0.406810715555556,3.421,0.406769729722222,3.431
0.407079653333333,3.411,0.407088435,3.421,0.407047599166667,3.431
0.407357441111111,3.411,0.407366262777778,3.421,0.407325494722222,3.431
0.407635545555556,3.411,0.407644371944444,3.421,0.407603250555556,3.431
0.407913548888889,3.411,0.407922256944444,3.421,0.407881109444444,3.431
0.408191195833333,3.411,0.408199922222222,3.421,0.408158831666667,3.431
0.408469070277778,3.411,0.408478000555556,3.421,0.408437061666667,3.431
0.408746477222222,3.411,0.408755650833333,3.421,0.408714916666667,3.431
0.40902437,3.411,0.409033499444444,3.421,0.408992553611111,3.431
0.409302319722222,3.411,0.4093115,3.421,0.409270408333333,3.431
0.409580541944444,3.411,0.409589447222222,3.421,0.40954828,3.431
0.409858426666667,3.411,0.409867642222222,3.421,0.409826216388889,3.431
0.410136289444444,3.411,0.410145254166667,3.421,0.410104051944444,3.431
0.410414066666667,3.411,0.410423265833333,3.421,0.410381840833333,3.431
0.410692348333333,3.411,0.4107009125,3.421,0.410659745833333,3.431
0.410969951944444,3.411,0.410978770277778,3.421,0.410937894722222,3.431
0.4112478975,3.411,0.411257027222222,3.421,0.411215971666667,3.431
0.411525822222222,3.411,0.411534698055556,3.421,0.411494032222222,3.431
0.411803567777778,3.411,0.411812807777778,3.421,0.411771947777778,3.431
0.412081609166667,3.411,0.41209046,3.421,0.412049692777778,3.431
0.4123599675,3.411,0.412368616388889,3.421,0.412327849722222,3.431
0.412637544722222,3.411,0.412646333055556,3.421,0.412605800555556,3.431
0.412915248333333,3.411,0.412924103611111,3.421,0.412883741666667,3.431
0.413193326666667,3.411,0.413201805277778,3.421,0.413161536111111,3.431
0.413471510833333,3.411,0.413479815555556,3.421,0.413439596111111,3.431
0.41374924,3.411,0.413757796944444,3.421,0.413717398055556,3.431
0.414027104166667,3.411,0.414035946944444,3.421,0.413995158333333,3.431
0.414304988055556,3.411,0.414313538333333,3.421,0.414273187777778,3.431
0.414582682777778,3.411,0.414591699444444,3.421,0.414550777222222,3.431
0.414861113611111,3.411,0.414869788055556,3.421,0.414828564166667,3.431
0.415138818611111,3.411,0.415147605,3.421,0.4151062825,3.431
0.415416693611111,3.411,0.415425350277778,3.421,0.415384210555556,3.431
0.415694707222222,3.411,0.415703199444444,3.421,0.415662394166667,3.431
0.415972436388889,3.411,0.4159809075,3.421,0.415940548055556,3.431
0.416249933333333,3.411,0.416258722222222,3.421,0.416217911944444,3.431
0.416527898055556,3.411,0.416536767222222,3.421,0.416495975555556,3.431
0.416805793611111,3.411,0.416814774444444,3.421,0.416773815,3.431
0.41708333,3.411,0.417092578055556,3.421,0.417051606388889,3.431
0.417361375555556,3.411,0.417370373888889,3.421,0.417329661666667,3.431
0.417639130277778,3.411,0.417647864166667,3.421,0.417607584444444,3.431
0.417916998333333,3.411,0.417925659166667,3.421,0.417885486111111,3.431
0.418195056111111,3.411,0.418203973333333,3.421,0.4181633175,3.431
0.418473415,3.411,0.418481728055556,3.421,0.418441188888889,3.431
0.418751101388889,3.411,0.418759123333333,3.421,0.418718862777778,3.431
0.419028958888889,3.411,0.419036838611111,3.421,0.418996521111111,3.431
0.4193069325,3.411,0.419315360555556,3.421,0.419274344166667,3.431
0.419584628888889,3.411,0.419593025277778,3.421,0.419552478333333,3.431
0.419862953055556,3.411,0.419870764444444,3.421,0.419829935555556,3.431
0.420140623888889,3.411,0.420149013055556,3.421,0.4201079425,3.431
0.420418387777778,3.411,0.420426888888889,3.421,0.420385660555556,3.431
0.4206964425,3.411,0.420705118888889,3.421,0.420663588055556,3.431
0.420974086944444,3.411,0.420982888611111,3.421,0.420941489444444,3.431
0.421251654444444,3.411,0.421260790555556,3.421,0.421219061666667,3.431
0.421529840277778,3.411,0.421538516111111,3.421,0.421496875555556,3.431
0.421807437777778,3.411,0.421816289444444,3.421,0.421774923611111,3.431
0.422085213055556,3.411,0.422094155833333,3.421,0.422052635277778,3.431
0.422363490555556,3.411,0.422372209722222,3.421,0.422330449166667,3.431
0.422640970833333,3.411,0.4226499675,3.421,0.422608578055556,3.431
0.42291918,3.411,0.422927760555556,3.421,0.422886416666667,3.431
0.423196974722222,3.411,0.4232052575,3.421,0.423164238055556,3.431
0.423474807777778,3.411,0.423482963888889,3.421,0.423442126666667,3.431
0.423752416388889,3.411,0.423761126388889,3.421,0.423720030555556,3.431
0.424030855277778,3.411,0.424038708611111,3.421,0.423997488333333,3.431
0.424308595,3.411,0.424316623055556,3.421,0.424275189444444,3.431
0.424586528611111,3.411,0.424594603611111,3.421,0.424553178611111,3.431
0.424864295555556,3.411,0.424872423611111,3.421,0.424830680555556,3.431
0.425141585277778,3.411,0.425150460833333,3.421,0.425108886111111,3.431
0.425419763055556,3.411,0.425428539444444,3.421,0.42538666,3.431
0.4256979,3.411,0.425706524722222,3.421,0.425664382777778,3.431
0.425975230833333,3.411,0.425984495,3.421,0.425941918333333,3.431
0.426253696666667,3.411,0.426262134722222,3.421,0.426219860555556,3.431
0.426531469166667,3.411,0.426540298333333,3.421,0.426497372777778,3.431
0.426809356388889,3.411,0.426818081666667,3.421,0.426775388333333,3.431
0.427087056944444,3.411,0.427095747222222,3.421,0.427053291666667,3.431
0.427364671111111,3.421,0.4273739975,3.421,0.42733144,3.431
0.427642536111111,3.411,0.427651708333333,3.421,0.427609559166667,3.431
0.427920307777778,3.411,0.427929471111111,3.421,0.427887273888889,3.431
0.428197783611111,3.411,0.428207270833333,3.421,0.428165266388889,3.431
0.428476019444444,3.411,0.428484885555556,3.421,0.428442982777778,3.431
0.428754019444444,3.411,0.428762673333333,3.421,0.428720484444444,3.431
0.429031810833333,3.411,0.429041071944444,3.421,0.428998234444444,3.431
0.429309886388889,3.411,0.429318551111111,3.421,0.429276411388889,3.431
0.429587814722222,3.411,0.429596620833333,3.421,0.429554763888889,3.431
0.429865647222222,3.411,0.429874485277778,3.421,0.429832565277778,3.431
0.430143248055556,3.411,0.430152245,3.421,0.430110635,3.431
0.430421292777778,3.411,0.430430416666667,3.421,0.430388385833333,3.431
0.4306990275,3.411,0.430707872777778,3.421,0.430666354444444,3.431
0.430976866944444,3.411,0.430985745555556,3.421,0.4309440675,3.431
0.431254674166667,3.411,0.431263515,3.421,0.431221796944444,3.431
0.431532307777778,3.411,0.431541593055556,3.421,0.431499601388889,3.431
0.431810090277778,3.411,0.431819419722222,3.421,0.431777474722222,3.431
0.432087978055556,3.411,0.432097111666667,3.421,0.432055575277778,3.431
0.432365828333333,3.411,0.432374946388889,3.421,0.432333522222222,3.431
0.432644060555556,3.411,0.432653320555556,3.421,0.432610988055556,3.431
0.432921904166667,3.411,0.432931556111111,3.421,0.432889121111111,3.431
0.433199878333333,3.411,0.433209239444444,3.421,0.433167161944444,3.431
0.433477517222222,3.411,0.433487559722222,3.421,0.433444723888889,3.431
0.433755392222222,3.411,0.4337651625,3.421,0.433722681944444,3.431
0.434033049444444,3.411,0.434043206111111,3.421,0.434000651666667,3.431
0.434310818611111,3.411,0.434321006666667,3.431,0.434278189166667,3.431
0.434588649166667,3.411,0.434599445833333,3.421,0.434555964166667,3.431
0.434866601944444,3.411,0.434877258333333,3.421,0.434834028888889,3.431
0.435144675,3.411,0.435154985,3.421,0.435112533611111,3.431
0.435422601666667,3.411,0.435432733333333,3.431,0.435390598333333,3.431
0.435700076666667,3.411,0.435710473333333,3.421,0.435668241944444,3.431
0.435977965555556,3.411,0.435988385277778,3.421,0.435946188333333,3.431
0.436256298333333,3.411,0.436266049722222,3.421,0.436223795277778,3.431
0.436533898055556,3.411,0.436543995833333,3.421,0.436501878333333,3.431
0.436811806944444,3.411,0.436821723611111,3.421,0.436779986666667,3.431
0.437089438333333,3.411,0.437099474444444,3.421,0.437057626944444,3.431
0.437367346388889,3.411,0.437377386666667,3.421,0.437335410277778,3.431
0.437645054722222,3.411,0.4376551725,3.421,0.437613681944444,3.431
0.437922695555556,3.411,0.4379331925,3.421,0.437891490555556,3.431
0.438200839722222,3.411,0.438211111944444,3.421,0.438169491111111,3.431
0.438479076944444,3.411,0.438488639166667,3.421,0.4384472225,3.431
0.438756764722222,3.411,0.438766749166667,3.421,0.438724913611111,3.431
0.439034842222222,3.411,0.439044557222222,3.421,0.439002726666667,3.431
0.439312872777778,3.411,0.439322056388889,3.421,0.439281000277778,3.431
0.439590701388889,3.411,0.439600118055556,3.421,0.439558840555556,3.431
0.439868413888889,3.411,0.439878028611111,3.421,0.439837049722222,3.431
0.440146570277778,3.411,0.440156119166667,3.421,0.440114650833333,3.431
0.440424203611111,3.411,0.4404339425,3.421,0.440392491944444,3.431
0.440702779722222,3.411,0.440712042777778,3.421,0.440670625277778,3.431
0.440980433611111,3.411,0.440989511944444,3.421,0.4409487625,3.431
0.441258369166667,3.411,0.441267529722222,3.421,0.441226826111111,3.431
0.441535845,3.411,0.441545638333333,3.431,0.441505194166667,3.431
0.441813868055556,3.411,0.441823293055556,3.431,0.441782752777778,3.431
0.442092043333333,3.421,0.442100968611111,3.421,0.44206077,3.431
0.442369993055556,3.411,0.442378709722222,3.421,0.4423387575,3.431
0.442647656388889,3.411,0.442656708055556,3.421,0.442616290277778,3.431
0.442925470277778,3.411,0.442934372777778,3.421,0.442894451666667,3.431
0.4432037125,3.411,0.443212244444444,3.421,0.443172275833333,3.431
0.443481761111111,3.411,0.443490409722222,3.421,0.443450338888889,3.431
0.443759495555556,3.411,0.443768413611111,3.421,0.443727906111111,3.431
0.444037567777778,3.411,0.444046232777778,3.421,0.4440055775,3.431
0.444315505555556,3.411,0.444324111388889,3.421,0.444283183611111,3.431
0.444593333888889,3.411,0.444602339722222,3.421,0.4445616125,3.441
0.444871419722222,3.411,0.444880006666667,3.421,0.444839103888889,3.431
0.445149121944444,3.411,0.445157581388889,3.421,0.445117099722222,3.431
0.445426665277778,3.411,0.445435556111111,3.421,0.445395033611111,3.431
0.445704886111111,3.411,0.445713258333333,3.421,0.445672497777778,3.431
0.445982951111111,3.411,0.445990764166667,3.421,0.445950497777778,3.431
0.446260838333333,3.411,0.446268516944444,3.421,0.446228598333333,3.431
0.446538611388889,3.411,0.446546603611111,3.421,0.4465060725,3.431
0.446816550833333,3.411,0.446825026666667,3.421,0.446784163055556,3.431
0.447094133888889,3.411,0.44710238,3.421,0.447062091388889,3.431
0.4473719275,3.411,0.447380658611111,3.421,0.447339950277778,3.431
0.447650415833333,3.411,0.447658340833333,3.421,0.447617834444444,3.431
0.447928195555556,3.411,0.447936148055556,3.421,0.447895152222222,3.431
0.448206055277778,3.411,0.448214031944444,3.421,0.448173294722222,3.431
0.448483825833333,3.411,0.448491559166667,3.421,0.44845115,3.431
0.448761841111111,3.411,0.448769771388889,3.421,0.448729067222222,3.431
0.449040001111111,3.411,0.449047746944444,3.421,0.449006862222222,3.431
0.449318203611111,3.411,0.449325618888889,3.421,0.449284572222222,3.431
0.449595873888889,3.411,0.449603546388889,3.421,0.449562416388889,3.431
0.449873266666667,3.411,0.44988104,3.421,0.449840490555556,3.431
0.450151583333333,3.411,0.450159173055556,3.421,0.450118549722222,3.431
0.450429166388889,3.411,0.450437151666667,3.421,0.450396192222222,3.431
0.450706927222222,3.411,0.450715098611111,3.421,0.450674277222222,3.431
0.450984976111111,3.411,0.450992628055556,3.421,0.450951879166667,3.431
0.451263041944444,3.411,0.451270464444444,3.421,0.451229523333333,3.431
0.451540941388889,3.411,0.451548259166667,3.431,0.451507434722222,3.431
0.451819324722222,3.411,0.451826242777778,3.431,0.4517852325,3.431
0.452096924722222,3.411,0.452103769722222,3.421,0.452063057222222,3.431
0.452375092222222,3.411,0.452382256666667,3.421,0.452340438333333,3.431
0.45265256,3.411,0.452660206111111,3.431,0.452618836944444,3.431
0.452930732777778,3.421,0.452937703611111,3.421,0.452896780833333,3.431
0.453208768055556,3.411,0.453215935,3.421,0.453174719444444,3.431
0.453486752222222,3.411,0.453494018055556,3.421,0.453452886111111,3.431
0.453764368055556,3.411,0.453771781388889,3.421,0.453730543055556,3.431
0.454042864166667,3.421,0.454049686111111,3.431,0.454008252222222,3.431
0.454320257222222,3.411,0.454327753333333,3.431,0.454286137222222,3.431
0.454598443888889,3.411,0.454605441388889,3.421,0.454564047222222,3.431
0.454876573611111,3.411,0.454883239722222,3.431,0.4548420175,3.431
0.455153845555556,3.411,0.455161581666667,3.421,0.455119479722222,3.431
0.455432298055556,3.411,0.455439091666667,3.421,0.455397323611111,3.431
0.45571004,3.411,0.455717060833333,3.431,0.455675156944444,3.431
0.455987885833333,3.411,0.455994811666667,3.421,0.455953269444444,3.431
0.456265503611111,3.411,0.4562727925,3.421,0.456231035,3.431
0.456543291944444,3.411,0.456550779166667,3.421,0.456508926666667,3.431
0.456821276388889,3.411,0.456828245,3.421,0.456787305555556,3.431
0.457099250277778,3.411,0.457106411111111,3.421,0.457065416944444,3.431
0.45737712,3.411,0.457384314166667,3.421,0.457343251666667,3.431
0.457655270555556,3.421,0.457662217777778,3.421,0.457621253055556,3.431
0.457933167777778,3.411,0.457940113888889,3.431,0.457899156944444,3.431
0.458210939166667,3.411,0.458217804444444,3.421,0.4581775225,3.431
0.458488259166667,3.411,0.458495643888889,3.421,0.458455106111111,3.431
0.458766350833333,3.411,0.458773245277778,3.431,0.458733133611111,3.431
0.459044285833333,3.411,0.4590514725,3.421,0.459011004444444,3.431
0.459322271388889,3.411,0.459329075555556,3.421,0.459288991944444,3.431
0.459600052777778,3.411,0.459606839166667,3.421,0.459566882777778,3.431
0.459878202222222,3.411,0.459884808333333,3.421,0.459844654444444,3.431
0.460155955,3.421,0.460162736666667,3.421,0.460122490833333,3.431
0.460434279444444,3.411,0.460440913888889,3.421,0.460400505277778,3.441
0.4607117275,3.411,0.460718713611111,3.421,0.460678268055556,3.431
0.460989650277778,3.421,0.460996274444444,3.421,0.460956195277778,3.431
0.461267146944444,3.411,0.461274264444444,3.421,0.461233918333333,3.431
0.461545286666667,3.411,0.461552195833333,3.421,0.461511532777778,3.431
0.461823121944444,3.411,0.46183008,3.421,0.461789286944444,3.431
0.462101009444444,3.421,0.462107386944444,3.421,0.46206714,3.431
0.462378446111111,3.411,0.462385489166667,3.421,0.462345002222222,3.431
0.462656346944444,3.411,0.462663308333333,3.421,0.462622881944444,3.431
0.462934289444444,3.411,0.462941024444444,3.421,0.462900476388889,3.431
0.463212201944444,3.411,0.463219159444444,3.421,0.463177951666667,3.431
0.463490144722222,3.421,0.463497017222222,3.421,0.463455705555556,3.431
0.463767455,3.411,0.463775432777778,3.421,0.463733699166667,3.431
0.464045490833333,3.411,0.464053315,3.421,0.464011783888889,3.431
0.464323604722222,3.421,0.4643315575,3.421,0.464289793611111,3.431
0.464601409166667,3.421,0.464609328611111,3.421,0.464567400277778,3.431
0.464879546111111,3.421,0.464887043611111,3.421,0.464845333055556,3.431
0.465156933055556,3.411,0.465165080555556,3.431,0.465123442222222,3.431
0.465435076388889,3.411,0.465442988611111,3.431,0.465401396111111,3.431
0.465712977222222,3.411,0.465720613611111,3.431,0.465679046666667,3.431
0.465990709166667,3.411,0.465998701388889,3.421,0.465956871388889,3.431
0.466268778333333,3.411,0.466276270277778,3.421,0.466234751944444,3.431
0.466546503888889,3.411,0.466554045555556,3.421,0.466512479166667,3.431
0.466824830833333,3.411,0.466831991111111,3.421,0.466790105833333,3.431
0.467102550833333,3.411,0.4671096075,3.421,0.467068078055556,3.431
0.467380003611111,3.411,0.467387166388889,3.421,0.467345653333333,3.431
0.467658003888889,3.411,0.467665264722222,3.421,0.467623198888889,3.431
0.467935779444444,3.411,0.467942721666667,3.431,0.467901457222222,3.431
0.468213559722222,3.411,0.468220933611111,3.421,0.468179063611111,3.431
0.468491286111111,3.411,0.46849902,3.421,0.468457161111111,3.431
0.468769256388889,3.411,0.468776552222222,3.431,0.468734889444444,3.431
0.469046900833333,3.421,0.469054528888889,3.421,0.469012801388889,3.431
0.469325044166667,3.411,0.4693323825,3.421,0.469290516388889,3.431
0.469603028888889,3.411,0.469610386666667,3.431,0.469568631666667,3.431
0.469880936944444,3.411,0.469887848055556,3.421,0.469846513888889,3.431
0.470158719166667,3.411,0.470165444722222,3.421,0.470124128888889,3.431
0.470436206111111,3.411,0.470443578611111,3.421,0.470402224444444,3.431
0.470713982777778,3.421,0.470721106388889,3.431,0.470679999444444,3.431
0.470992158888889,3.411,0.470999100277778,3.431,0.470958235555556,3.431
0.471269897777778,3.411,0.471276653333333,3.421,0.471236171666667,3.431
0.471547774722222,3.411,0.471554840833333,3.421,0.471514231944444,3.431
0.471825323888889,3.411,0.471832711388889,3.421,0.471791613055556,3.431
0.472103173333333,3.411,0.472110429166667,3.431,0.472069529444444,3.431
0.472381314444444,3.411,0.4723883375,3.431,0.472347863333333,3.431
0.472659408611111,3.411,0.472666090555556,3.421,0.47262566,3.431
0.472936889444444,3.411,0.472943779166667,3.431,0.472903625277778,3.431
0.473214758333333,3.411,0.473221687777778,3.421,0.4731812325,3.431
0.473493018333333,3.411,0.473499455555556,3.431,0.473459326111111,3.431
0.473771197777778,3.411,0.47377742,3.431,0.473736815,3.431
0.474049320555556,3.411,0.474055347222222,3.421,0.474015055277778,3.431
0.474326761388889,3.411,0.474333178888889,3.421,0.474292362222222,3.431
0.474604682777778,3.411,0.474610946666667,3.421,0.474570527222222,3.431
0.474882655,3.411,0.474888850833333,3.421,0.474848357777778,3.431
0.475160507222222,3.411,0.475166777222222,3.421,0.475125978611111,3.431
0.475438219722222,3.421,0.475444731666667,3.421,0.475404295833333,3.431
0.475715995833333,3.421,0.475722743055556,3.421,0.475682445,3.431
0.475993817777778,3.411,0.476000219166667,3.431,0.47596027,3.431
0.476271461388889,3.411,0.476278470555556,3.431,0.476238198055556,3.431
0.476549360277778,3.411,0.476556293055556,3.421,0.476516344722222,3.431
0.4768271425,3.411,0.4768338525,3.431,0.476794215555556,3.431
0.477105018055556,3.411,0.477111746666667,3.431,0.47707174,3.431
0.4773827925,3.411,0.477390076944444,3.421,0.477349554722222,3.431
0.477660683888889,3.421,0.477667685277778,3.431,0.477627490277778,3.431
0.4779383,3.411,0.477945524444444,3.421,0.477905395,3.431
0.47821604,3.411,0.478223289166667,3.421,0.478183168055556,3.431
0.478494229444444,3.411,0.4785013825,3.421,0.478461139444444,3.431
0.478772026944444,3.411,0.478779150555556,3.421,0.478738491666667,3.431
0.479049919166667,3.411,0.479056859166667,3.421,0.4790168425,3.431
0.479327683333333,3.411,0.4793347225,3.431,0.479294471666667,3.431
0.479605490833333,3.411,0.4796127875,3.431,0.479572681666667,3.431
0.479883475555556,3.411,0.479890701944444,3.431,0.479850723611111,3.441
0.4801611125,3.411,0.480168643055556,3.421,0.480128544444444,3.431
0.480439046388889,3.421,0.480446348333333,3.421,0.480406504722222,3.431
0.480716881666667,3.421,0.480724114444444,3.421,0.480684270277778,3.431
0.480994788055556,3.411,0.481001855277778,3.421,0.480962090555556,3.431
0.481272638333333,3.411,0.481279711666667,3.421,0.481239764444444,3.431
0.481550481944444,3.411,0.481557400277778,3.431,0.4815178125,3.431
0.481828354722222,3.421,0.481835500277778,3.431,0.481795646111111,3.431
0.482106719722222,3.421,0.482113669444444,3.431,0.4820732375,3.431
0.482384373611111,3.411,0.482391273611111,3.421,0.482351395555556,3.431
0.4826625125,3.411,0.482669105,3.431,0.482629279166667,3.431
0.482940665277778,3.411,0.482946578333333,3.421,0.482907300277778,3.431
0.4832183325,3.421,0.483224746388889,3.421,0.483184855833333,3.431
0.483496189166667,3.411,0.483502589722222,3.421,0.483462715833333,3.431
0.4837739825,3.421,0.48378051,3.421,0.483740802222222,3.431
0.484051714444444,3.411,0.484058474722222,3.421,0.484018692222222,3.431
0.48432947,3.411,0.484336169166667,3.431,0.484296246944444,3.431
0.484607141666667,3.411,0.484613944444444,3.431,0.484574297222222,3.431
0.484884702222222,3.421,0.484891583888889,3.431,0.484852115833333,3.431
0.485162739166667,3.411,0.485169489444444,3.421,0.485129973611111,3.431
0.4854404325,3.411,0.4854473275,3.421,0.485407889444444,3.431
0.485718450833333,3.411,0.485725073055556,3.421,0.485685802222222,3.431
0.4859964575,3.421,0.486002705833333,3.421,0.485963979722222,3.431
0.486274263333333,3.411,0.486280685555556,3.431,0.486241641666667,3.431
0.486552212777778,3.421,0.486558762777778,3.431,0.486519436111111,3.431
0.486830262222222,3.421,0.486836461666667,3.421,0.486797319166667,3.431
0.487108245833333,3.421,0.487114258888889,3.431,0.487075045833333,3.431
0.487385844722222,3.411,0.4873923125,3.421,0.487352805833333,3.431
0.487663811944444,3.421,0.487670121666667,3.431,0.487630747222222,3.431
0.487941702222222,3.421,0.487948286388889,3.431,0.487908225,3.431
0.488219370277778,3.421,0.488226215,3.431,0.488186750833333,3.431
0.488497331666667,3.411,0.488503713055556,3.421,0.488464466111111,3.431
0.488775474722222,3.411,0.488781669722222,3.431,0.488742010555556,3.431
0.4890527025,3.411,0.489059591944444,3.421,0.489020339166667,3.431
0.489330832222222,3.411,0.489337487222222,3.431,0.489297773055556,3.431
0.489609001388889,3.421,0.489615455833333,3.431,0.4895760075,3.431
0.489886639444444,3.411,0.48989341,3.421,0.489853861111111,3.431
0.490164742222222,3.421,0.490171011944444,3.421,0.490131691666667,3.431
0.490442480833333,3.411,0.490449175833333,3.431,0.490409549722222,3.431
0.490720536388889,3.411,0.490726898888889,3.421,0.490687816666667,3.431
0.490998670833333,3.421,0.491004328333333,3.431,0.490965235555556,3.431
0.491276183611111,3.421,0.491282571666667,3.431,0.491243337777778,3.431
0.491553788055556,3.421,0.491559919444444,3.431,0.491521251666667,3.441
0.491831851666667,3.421,0.491838472777778,3.431,0.491799389166667,3.431
0.492109506944444,3.421,0.492116140555556,3.421,0.492077123888889,3.431
0.492387233611111,3.411,0.492393898611111,3.431,0.492355362222222,3.431
0.492665236944444,3.421,0.492671276666667,3.421,0.492633174722222,3.431
0.492943096111111,3.411,0.492949576111111,3.431,0.492911035,3.431
0.493220925,3.411,0.493227526388889,3.431,0.493189181388889,3.431
0.493499138333333,3.411,0.493505249166667,3.421,0.493466864444444,3.431
0.493776922777778,3.411,0.493783151666667,3.421,0.493744893055556,3.431
0.494054825277778,3.421,0.494060730833333,3.431,0.494022599722222,3.431
0.4943325975,3.411,0.494338426666667,3.431,0.494300628888889,3.431
0.494610389444444,3.411,0.494616870277778,3.421,0.494578184722222,3.431
0.494888187222222,3.421,0.494894631944444,3.431,0.494855944722222,3.431
0.495165755277778,3.421,0.495172799166667,3.431,0.495133716944444,3.431
0.495443746388889,3.411,0.495450671666667,3.431,0.495411355,3.431
0.495722068333333,3.421,0.495728501666667,3.421,0.495689484722222,3.431
0.495999801944444,3.421,0.496006546944444,3.421,0.495967040833333,3.431
0.496277515,3.421,0.496284515,3.431,0.496245135277778,3.431
0.496555683611111,3.411,0.496562117777778,3.431,0.496523069166667,3.431
0.4968333825,3.421,0.496839769444444,3.421,0.496800991944444,3.431
0.497111298611111,3.421,0.497117525,3.431,0.497079000277778,3.431
0.497389285277778,3.421,0.49739524,3.421,0.497356718333333,3.431
0.497667395,3.411,0.497673453055556,3.431,0.497634373888889,3.431
0.497945355833333,3.411,0.497951347222222,3.421,0.497912404166667,3.431
0.498223181388889,3.421,0.498229119722222,3.431,0.498190055555556,3.431
0.498501078888889,3.421,0.498507108333333,3.431,0.4984679475,3.431
0.498778771388889,3.411,0.498785016944444,3.421,0.498746093055556,3.431
0.499056756388889,3.411,0.499062586111111,3.431,0.499023530833333,3.431
0.499334356666667,3.411,0.499340635277778,3.431,0.499301581944444,3.431
0.4996123125,3.421,0.499618745555556,3.431,0.499579338611111,3.431
0.499890174722222,3.411,0.4998963375,3.431,0.499857261388889,3.431
0.500168034722222,3.411,0.500174272777778,3.431,0.500135303333333,3.431
0.500446026666667,3.421,0.500452368333333,3.421,0.500412921388889,3.431
0.500724115277778,3.411,0.500729937222222,3.431,0.500690623055556,3.431
0.501002058055556,3.421,0.501007673333333,3.431,0.500968273611111,3.431
0.501279698888889,3.421,0.5012852675,3.431,0.501246253611111,3.431
0.501557429166667,3.421,0.501563433888889,3.431,0.501524284722222,3.431
0.501835331388889,3.421,0.501841454722222,3.431,0.501802022777778,3.431
0.502113005833333,3.411,0.502118775833333,3.431,0.5020799225,3.431
0.502391138333333,3.411,0.502396989444444,3.431,0.502357748611111,3.431
0.502669283611111,3.421,0.5026750825,3.431,0.502635669444444,3.431
0.502947408333333,3.421,0.502953122777778,3.431,0.5029131925,3.431
0.503225282777778,3.421,0.503231216388889,3.421,0.503191210555556,3.441
0.503503397777778,3.421,0.503508831944444,3.431,0.503468821944444,3.431
0.503781091666667,3.411,0.503786806944444,3.431,0.503746694722222,3.431
0.504059221944444,3.421,0.504064506666667,3.421,0.504024393888889,3.431
0.504337339166667,3.421,0.504342316944444,3.431,0.504301835,3.441
0.504614936944444,3.411,0.504620004444444,3.421,0.504579786666667,3.431
0.5048929075,3.411,0.504898260833333,3.421,0.504858036388889,3.431
0.505170683055556,3.421,0.505175967222222,3.431,0.505135768333333,3.431
0.505448341111111,3.421,0.505453941666667,3.431,0.505413478888889,3.431
0.50572607,3.411,0.505731971111111,3.431,0.505691618333333,3.431
0.506003840277778,3.421,0.506009823611111,3.431,0.505969278055556,3.431
0.506282311944444,3.421,0.506287669722222,3.431,0.506247307777778,3.431
0.506560091388889,3.411,0.506565929444444,3.431,0.506524820277778,3.431
0.506837847222222,3.421,0.506843632777778,3.431,0.506802600555556,3.431
0.507116185,3.411,0.507121771944444,3.431,0.507080724444444,3.431
0.507394031944444,3.421,0.507399778333333,3.431,0.507358471666667,3.431
0.50767203,3.421,0.507677098888889,3.421,0.507636378055556,3.441
0.507949571666667,3.411,0.507955303888889,3.431,0.507914065277778,3.431
0.508227505,3.421,0.5082329175,3.431,0.508192143055556,3.431
0.508505288888889,3.411,0.50851085,3.421,0.508469625833333,3.431
0.508783345555556,3.411,0.508788788055556,3.421,0.508747525555556,3.441
0.509061086944444,3.421,0.509066548888889,3.431,0.50902566,3.431
0.509338880277778,3.421,0.509344616388889,3.431,0.509303596666667,3.441
0.5096167475,3.421,0.509622326388889,3.431,0.509581740833333,3.431
0.509894628888889,3.421,0.509900029722222,3.431,0.509859425277778,3.431
0.510172567777778,3.421,0.510177620277778,3.421,0.510137002222222,3.431
0.510450558055556,3.421,0.510455513333333,3.431,0.510415214166667,3.431
0.510728433611111,3.411,0.510733343888889,3.431,0.510693091944444,3.431
0.511006344166667,3.411,0.511011264722222,3.421,0.510971029166667,3.431
0.511284374444444,3.411,0.511289079444444,3.421,0.511248509166667,3.441
0.511562566388889,3.411,0.511566559722222,3.421,0.511526985555556,3.431
0.511840698055556,3.411,0.511845043888889,3.431,0.511804737222222,3.431
0.512118407222222,3.421,0.512122681666667,3.431,0.512082638611111,3.431
0.512396111388889,3.411,0.5124005275,3.431,0.512360461944445,3.431
0.512673986388889,3.421,0.512678470555555,3.421,0.512638318055556,3.431
0.512951904722222,3.411,0.512956248055556,3.431,0.512916165,3.431
0.513229818888889,3.411,0.513234115555556,3.431,0.513193870277778,3.431
0.513507521388889,3.411,0.513512083055556,3.431,0.513471686666667,3.431
0.513785166944444,3.421,0.513789700555556,3.431,0.513749530833333,3.431
0.514063330277778,3.421,0.514067909722222,3.421,0.514027398333333,3.431
0.51434131,3.421,0.514345493055556,3.431,0.514305137777778,3.431
0.514618939166667,3.411,0.514623547222222,3.431,0.514582630277778,3.431
0.514896610833333,3.421,0.514901457777778,3.431,0.514860825833333,3.431
0.515174363333333,3.421,0.515179434722222,3.431,0.515138950555555,3.431
0.515452308055556,3.421,0.515457153611111,3.431,0.515416689722222,3.441
0.515730167222222,3.411,0.515735356944445,3.431,0.515694346666667,3.431
0.516007504166667,3.421,0.516012847777778,3.421,0.515972652222222,3.431
0.516285338333333,3.421,0.516290854444444,3.431,0.516250079444444,3.431
0.516563298611111,3.421,0.516568826111111,3.431,0.516528043888889,3.441
0.516841329444444,3.421,0.516847036388889,3.431,0.516805977222222,3.431
0.517119088333333,3.421,0.517124931388889,3.431,0.517084002777778,3.441
0.517397065555556,3.421,0.517402845555555,3.421,0.517361809166667,3.431
0.517674576666667,3.421,0.517680759722222,3.431,0.517639395277778,3.431
0.5179526175,3.421,0.517958429722222,3.421,0.517917244166667,3.441
0.518230396388889,3.421,0.518236296666667,3.431,0.518195149444444,3.431
0.518508518611111,3.421,0.518514448611111,3.431,0.518473171111111,3.431
0.518786273888889,3.421,0.518792133055556,3.431,0.518751181388889,3.431
0.5190642625,3.421,0.519069836388889,3.431,0.519028898888889,3.431
0.519341875833333,3.411,0.519347780277778,3.431,0.519306760555556,3.431
0.519619582222222,3.421,0.519625789444444,3.431,0.519584560833333,3.431
0.519897633611111,3.421,0.51990387,3.421,0.519862610555556,3.431
0.520175794722222,3.421,0.520181566666667,3.431,0.520140144722222,3.431
0.520453245833333,3.411,0.520459449722222,3.431,0.520418173611111,3.431
0.520731050833333,3.411,0.520737268333333,3.431,0.5206958625,3.431
0.521008865277778,3.421,0.521014975555556,3.431,0.5209740075,3.431
0.521286421666667,3.421,0.521293180555556,3.431,0.521251931666667,3.441
0.521564581388889,3.421,0.521570715,3.431,0.521529300833333,3.431
0.521842074722222,3.421,0.521848891944445,3.431,0.521807153333333,3.431
0.522120404722222,3.421,0.522126425555556,3.431,0.522085533055555,3.441
0.522397735833333,3.421,0.522404243888889,3.431,0.522363219166667,3.431
0.5226759025,3.411,0.522682318888889,3.431,0.522641442222222,3.431
0.522954035,3.421,0.522959988611111,3.431,0.522919152777778,3.441
0.523231323611111,3.421,0.523237907777778,3.431,0.523196783055556,3.441
0.523509515555556,3.421,0.523515690833333,3.431,0.523474935277778,3.431
0.523786990833333,3.421,0.523793374166667,3.431,0.523752467777778,3.431
0.524064833333333,3.421,0.524071068611111,3.421,0.524030439722222,3.441
0.524342758888889,3.421,0.524349139444444,3.431,0.524308534722222,3.441
0.5246207175,3.421,0.524626948888889,3.431,0.524586387222222,3.431
0.524898725,3.421,0.524905157222222,3.431,0.524864312777778,3.431
0.525176085833333,3.421,0.525182929166667,3.431,0.525141876666667,3.441
0.525454143611111,3.421,0.525460612777778,3.431,0.525419579166667,3.431
0.525731978055556,3.421,0.525738413055556,3.431,0.525697578611111,3.431
0.526009827222222,3.421,0.526016323055556,3.431,0.525975345277778,3.441
0.526287585833333,3.421,0.526294075555556,3.431,0.526252904166667,3.431
0.526565959444444,3.421,0.526571549444445,3.431,0.526530763055556,3.431
0.526843380833333,3.421,0.526849993333333,3.431,0.526808714444444,3.441
0.527121035555556,3.421,0.527127408055556,3.431,0.527086246666667,3.431
0.527399349444444,3.421,0.527405541666667,3.431,0.527364306111111,3.431
0.527677414444444,3.421,0.527683665277778,3.431,0.527642333611111,3.441
0.527955173333333,3.421,0.527961060555556,3.431,0.527920093333333,3.441
0.528233074444444,3.421,0.528239577222222,3.421,0.528197803888889,3.441
0.528510590555556,3.421,0.528517296944444,3.431,0.528475269444444,3.431
0.5287887925,3.411,0.528795394166667,3.431,0.528753429166667,3.441
0.529066304722222,3.421,0.529073073333333,3.431,0.529031493611111,3.431
0.529344138888889,3.421,0.529351200277778,3.431,0.5293093125,3.431
0.529622329166667,3.421,0.529629298055556,3.431,0.529586956388889,3.431
0.529899773333333,3.421,0.5299071425,3.431,0.529864898333333,3.441
0.530177475277778,3.411,0.530184772222222,3.431,0.530142825555556,3.431
0.530455604166667,3.421,0.530462935833333,3.431,0.530421198611111,3.441
0.530733740277778,3.411,0.530740825833333,3.431,0.530698791944444,3.441
0.531011541944444,3.421,0.531018635277778,3.431,0.530976364722222,3.431
0.531289395833333,3.421,0.531296236666667,3.431,0.531254385,3.431
0.531567173888889,3.421,0.531574147222222,3.431,0.531532238055556,3.431
0.531845165555555,3.421,0.531851941666667,3.431,0.531810654722222,3.441
0.532123036666667,3.421,0.532129505,3.431,0.53208826,3.441
0.532400721111111,3.421,0.532407606111111,3.431,0.532366240277778,3.441
0.532678419166667,3.421,0.532685486666667,3.431,0.532644285277778,3.441
0.532956259722222,3.421,0.5329637575,3.431,0.5329220175,3.441
0.533234545,3.421,0.533241067777778,3.431,0.533199919722222,3.431
0.5335121925,3.421,0.533519309444444,3.431,0.533477691388889,3.431
0.533790223055556,3.421,0.533797209722222,3.431,0.533755597222222,3.441
0.534067702222222,3.421,0.534075116666667,3.431,0.534033628055556,3.431
0.534345803055556,3.421,0.534353436944444,3.431,0.5343116175,3.441
0.534623416666667,3.411,0.534631144444444,3.431,0.534589738611111,3.441
0.534901298333333,3.421,0.534908883611111,3.431,0.534867171944444,3.441
0.5351789225,3.421,0.535186506388889,3.431,0.535145108055556,3.441
0.535456693333333,3.421,0.535464391388889,3.431,0.535423099166667,3.441
0.535734893611111,3.421,0.535742091666667,3.431,0.535701046388889,3.441
0.536012692222222,3.411,0.5360196325,3.421,0.535978733611111,3.431
0.536290653611111,3.421,0.536297853055556,3.431,0.536256616111111,3.431
0.536568536944445,3.411,0.536575530555556,3.431,0.536534321666667,3.441
0.536846403888889,3.421,0.536853317222222,3.431,0.5368117875,3.441
0.537124031388889,3.421,0.537130715833333,3.431,0.537090372777778,3.441
0.5374020125,3.421,0.537408951388889,3.431,0.537367688611111,3.431
0.537679755,3.421,0.537686709166667,3.431,0.537645761666667,3.431
0.537957533055556,3.421,0.537964346111111,3.431,0.537923875,3.431
0.538235025833333,3.421,0.538242066666667,3.431,0.538201566111111,3.431
0.538513058055556,3.421,0.538519936388889,3.431,0.53847925,3.431
0.538790773055556,3.421,0.5387978725,3.431,0.538757066388889,3.441
0.539068589444444,3.421,0.539075446388889,3.431,0.5390350975,3.441
0.539346968333333,3.421,0.539353698888889,3.431,0.539312994166667,3.441
0.539624742777778,3.421,0.539631325277778,3.431,0.539591127222222,3.431
0.539902743888889,3.421,0.539909078333333,3.431,0.539868820277778,3.441
0.540180763888889,3.421,0.540186874722222,3.431,0.540146353611111,3.431
0.54045864,3.421,0.540465055,3.431,0.540424058611111,3.431
0.540736444722222,3.421,0.540742888055556,3.431,0.540702280277778,3.431
0.541014196944444,3.421,0.541020919166667,3.431,0.540980275555556,3.441
0.541291888333333,3.421,0.541298584166667,3.431,0.541258311666667,3.441
0.541569988333333,3.421,0.541576596111111,3.431,0.541535974722222,3.431
0.541847532777778,3.421,0.5418544625,3.431,0.541813734166667,3.441
0.542125697222222,3.421,0.542131939444444,3.431,0.542091745,3.431
0.542403516944444,3.411,0.54240965,3.431,0.542369329166667,3.441
0.5426814075,3.421,0.542687816388889,3.431,0.542647319166667,3.441
0.542959114722222,3.421,0.542965530555556,3.431,0.5429248875,3.441
0.543237110277778,3.421,0.543243526666667,3.431,0.5432028825,3.441
0.543515114166667,3.421,0.543521286944444,3.431,0.543480890833333,3.431
0.543792741388889,3.421,0.543799552222222,3.431,0.543758868055556,3.441
0.544070599166667,3.421,0.544077504166667,3.431,0.544036798611111,3.431
0.544348801111111,3.421,0.544355289166667,3.431,0.544314805555556,3.441
0.544626437222222,3.421,0.544633166666667,3.431,0.544592144444444,3.431
0.544904465,3.421,0.544910818333333,3.431,0.544870276111111,3.441
0.545182491111111,3.421,0.545188233611111,3.431,0.545147998611111,3.441
0.545460348055556,3.421,0.545466307222222,3.431,0.545425855277778,3.441
0.545737949444444,3.421,0.545744355833333,3.431,0.545703696944444,3.431
0.546015991944444,3.421,0.546022185555556,3.431,0.545981417777778,3.431
0.546293713333333,3.421,0.546300105555556,3.431,0.546259244722222,3.441
0.546571501111111,3.421,0.546577666666667,3.431,0.546536526944444,3.431
0.546849129722222,3.421,0.546855441388889,3.431,0.546814753333333,3.441
0.547126666944444,3.421,0.547133243888889,3.431,0.547092221111111,3.431
0.547404540833333,3.421,0.547411390277778,3.431,0.547370396666667,3.431
0.547682143611111,3.421,0.547689659166667,3.431,0.547648163055556,3.441
0.547960480555556,3.421,0.547967565555556,3.431,0.547925919444444,3.441
0.548238414722222,3.421,0.548245220277778,3.431,0.548203902222222,3.441
0.548516204444444,3.421,0.548523160277778,3.431,0.548481270555556,3.441
0.548793970833333,3.421,0.548800765833333,3.431,0.548759455833333,3.441
0.549071816944444,3.421,0.549078580277778,3.431,0.549037293333333,3.441
0.549349619722222,3.421,0.549356476388889,3.431,0.5493152425,3.431
0.549627510555556,3.421,0.549634370277778,3.431,0.549592913055556,3.441
0.549905275833333,3.421,0.549912558611111,3.431,0.549871081388889,3.431
0.550182901111111,3.421,0.550190431944445,3.431,0.550149135555556,3.441
0.550460743333333,3.421,0.550468398055555,3.431,0.550426983611111,3.431
0.550738714444444,3.421,0.5507460225,3.431,0.550704934722222,3.431
0.551016322777778,3.421,0.551023978333333,3.431,0.550982817222222,3.441
0.5512946075,3.421,0.551301816944444,3.431,0.551260372222222,3.441
0.5515725725,3.421,0.551579539722222,3.431,0.551538380833333,3.441
0.551850620833333,3.421,0.551857358611111,3.431,0.551816456388889,3.441
0.552128447777778,3.421,0.552135230833333,3.431,0.552094541666667,3.441
0.552405780555556,3.421,0.552413022777778,3.431,0.552372516388889,3.441
0.552683625,3.421,0.552690957777778,3.431,0.552650294722222,3.441
0.552961831388889,3.421,0.552968555555556,3.431,0.552927941388889,3.441
0.553239522777778,3.421,0.553246475555556,3.431,0.553206000555556,3.431
0.553517237777778,3.421,0.553524029444444,3.431,0.553484001388889,3.431
0.553795457222222,3.421,0.553802088611111,3.431,0.553761981388889,3.441
0.554073231111111,3.421,0.554079649444444,3.431,0.554039733888889,3.441
0.55435078,3.421,0.554357849166667,3.431,0.554317588888889,3.441
0.554629067777778,3.421,0.554635409722222,3.431,0.554595503055556,3.441
0.554906976666667,3.421,0.554913030555556,3.431,0.554873310555556,3.441
0.555184713333333,3.421,0.555190983611111,3.431,0.555151213055556,3.431
0.555462717222222,3.421,0.555468808055556,3.431,0.555429091666667,3.441
0.555740585555555,3.421,0.555746840833333,3.431,0.5557069025,3.441
0.556018601944445,3.421,0.556024607222222,3.431,0.555985052222222,3.441
0.55629644,3.421,0.556302812222222,3.431,0.556262928055556,3.441
0.556574463333333,3.421,0.556580701666667,3.431,0.5565406775,3.431
0.556852347222222,3.421,0.556858063333333,3.431,0.556818831111111,3.441
0.557130238333333,3.421,0.55713608,3.431,0.557096862777778,3.441
0.557408301944444,3.411,0.557413905,3.431,0.557374570555556,3.441
0.557686411388889,3.421,0.557691986944444,3.431,0.557652464166667,3.441
0.557963974722222,3.421,0.557969323611111,3.431,0.557929868333333,3.441
0.558241612777778,3.421,0.558247387222222,3.431,0.558208072222222,3.431
0.558519782777778,3.421,0.558525136388889,3.431,0.5584858975,3.441
0.558797879166667,3.421,0.558803271388889,3.431,0.558764068055556,3.441
0.559075484722222,3.421,0.559080720555556,3.431,0.559041810277778,3.441
0.559353726111111,3.421,0.559359066944444,3.431,0.559320009166667,3.441
0.559631393888889,3.421,0.559636604166667,3.431,0.559597660833333,3.441
0.559909583611111,3.421,0.559914773055556,3.431,0.559875417777778,3.441
0.560187289444444,3.421,0.560193074444444,3.431,0.560153193611111,3.431
0.560465095833333,3.421,0.560470923888889,3.431,0.560431235277778,3.441
0.560742887222222,3.421,0.560748473055556,3.431,0.560708990555556,3.441
0.561021104722222,3.421,0.561026133333333,3.431,0.560986942777778,3.441
0.561299021388889,3.421,0.561304096944444,3.431,0.561264491944444,3.431
0.561576546944444,3.421,0.561582085277778,3.431,0.561542355555556,3.431
0.561854385555556,3.421,0.561859976111111,3.431,0.561820236111111,3.441
0.562132297777778,3.421,0.562138147777778,3.431,0.5620978525,3.441
0.562409913888889,3.421,0.56241616,3.431,0.562375706111111,3.441
0.562687704722222,3.421,0.562693918333333,3.431,0.562653549444444,3.441
0.562965542222222,3.421,0.562971763611111,3.431,0.562931063333333,3.441
0.563243208333333,3.421,0.563249738611111,3.431,0.563209227222222,3.441
0.563521340555555,3.421,0.563527556944444,3.431,0.563486721111111,3.441
0.5637994175,3.411,0.563805211666667,3.431,0.563764785555556,3.441
0.564077372222222,3.421,0.564083082777778,3.431,0.564042470833333,3.441
0.564355314166667,3.421,0.5643609775,3.431,0.564320393333333,3.441
0.564633006111111,3.421,0.5646386025,3.431,0.564598171111111,3.431
0.564910977222222,3.421,0.564916816111111,3.431,0.564875690833333,3.441
0.5651888525,3.421,0.565194700833333,3.431,0.565153967222222,3.441
0.565466839722222,3.421,0.565472519166667,3.431,0.565431699722222,3.441
0.5657446225,3.421,0.565750148055556,3.431,0.565709310277778,3.441
0.566022637777778,3.421,0.566027981111111,3.431,0.565987850555556,3.441
0.566300207777778,3.421,0.566305821666667,3.431,0.566265186111111,3.441
0.566578037777778,3.421,0.566584004722222,3.431,0.566543575277778,3.441
0.5668560125,3.421,0.566861758888889,3.431,0.5668212025,3.441
0.567133569444444,3.421,0.567139594722222,3.431,0.567099048611111,3.441
0.567411745,3.421,0.567417696111111,3.431,0.5673768025,3.441
0.567689369722222,3.421,0.5676958875,3.431,0.567654587222222,3.431
0.567967606388889,3.421,0.567973638333333,3.431,0.5679323325,3.441
0.568245651388889,3.421,0.568251652777778,3.431,0.568210237777778,3.441
0.568523380277778,3.421,0.568529580555556,3.431,0.568488009166667,3.441
0.568800893888889,3.421,0.568807150833333,3.431,0.568765893888889,3.441
0.569078613611111,3.421,0.569085048333333,3.431,0.569043875833333,3.441
0.569356381111111,3.421,0.569362700277778,3.431,0.569321502222222,3.441
0.569634311111111,3.421,0.569640403055556,3.431,0.569599662222222,3.441
0.569912205277778,3.421,0.569917992222222,3.431,0.569877112222222,3.441
0.5701896525,3.421,0.570196021111111,3.431,0.570155028055556,3.441
0.570467719166667,3.421,0.570473872222222,3.431,0.570433384722222,3.441
0.570745359444444,3.421,0.570751856111111,3.431,0.570711423888889,3.441
0.571023579722222,3.421,0.571029819166667,3.431,0.570988938611111,3.441
0.571301594166667,3.421,0.571307404722222,3.431,0.571266778611111,3.441
0.571579256944444,3.421,0.571585115833333,3.431,0.571544927222222,3.441
0.571857623888889,3.421,0.571862971388889,3.431,0.571822615,3.441
0.572135585555556,3.421,0.572141162777778,3.431,0.572100763055556,3.441
0.572413436111111,3.421,0.572418639444444,3.431,0.572378264444445,3.441
0.572691804444444,3.421,0.572696775833333,3.431,0.572656028333333,3.441
0.572969428611111,3.421,0.572974418333333,3.431,0.5729342875,3.441
0.573247445555556,3.421,0.573252271666667,3.431,0.573211963611111,3.441
0.573525641944444,3.421,0.573529933611111,3.431,0.573490484444444,3.441
0.573803267777778,3.421,0.573807799444444,3.431,0.573767941388889,3.441
0.574081270833333,3.421,0.574086008333333,3.431,0.574045986388889,3.441
0.5743594075,3.421,0.574363553333333,3.431,0.574324148888889,3.441
0.574637296388889,3.421,0.574641691666667,3.431,0.574601916111111,3.441
0.574915276666667,3.421,0.574919168888889,3.431,0.57488006,3.441
0.575193250833333,3.421,0.575196819444444,3.431,0.575157816666667,3.441
0.575471043611111,3.421,0.575475104444444,3.431,0.575435914444445,3.441
0.575749179166667,3.421,0.5757523775,3.431,0.575713705833333,3.441
0.576027294444444,3.421,0.576030702222222,3.431,0.575991431666667,3.441
0.576305171666667,3.421,0.576308705277778,3.431,0.576269172777778,3.441
0.576583054722222,3.421,0.576586692777778,3.431,0.576547179444444,3.441
0.576860858055556,3.421,0.576864513888889,3.431,0.576825218333333,3.441
0.577138700555555,3.421,0.577142124166667,3.431,0.577103093055556,3.441
0.577416476666667,3.421,0.577420114722222,3.431,0.577381428333333,3.441
0.577693943055556,3.421,0.577697585555556,3.431,0.577659090277778,3.441
0.577971908333333,3.421,0.5779754525,3.431,0.577937076388889,3.441
0.578249669166667,3.421,0.578253888055556,3.431,0.578214566111111,3.441
0.578527925555556,3.421,0.578531658333333,3.431,0.5784924025,3.441
0.578805636388889,3.421,0.578809786111111,3.431,0.578770414166667,3.431
0.579083666388889,3.421,0.579088055277778,3.431,0.579048286944444,3.441
0.579361576666667,3.421,0.579365899166667,3.431,0.579326138055556,3.441
0.579639399444444,3.421,0.579643487222222,3.431,0.579603868888889,3.441
0.579917004166667,3.421,0.579921541666667,3.431,0.579881964166667,3.441
0.580195244166667,3.421,0.580199106666667,3.431,0.580159344444445,3.441
0.580473047777778,3.421,0.580477175833333,3.431,0.580437542777778,3.441
0.580750725,3.421,0.580755078333333,3.431,0.580715120277778,3.441
0.581028880277778,3.421,0.581032839166667,3.431,0.580993158055556,3.441
0.581306558055556,3.421,0.581310716666667,3.431,0.581270825833333,3.441
0.581584235833333,3.421,0.581588590833333,3.431,0.581548217222222,3.441
0.5818626625,3.421,0.581866860555556,3.431,0.5818263725,3.441
0.582140146111111,3.421,0.582144451388889,3.431,0.582104281111111,3.441
0.582417990833333,3.421,0.582422438611111,3.431,0.582382059166667,3.441
0.582695967222222,3.421,0.582699924166667,3.431,0.582660159166667,3.431
0.582973838611111,3.421,0.582977848611111,3.431,0.582937965,3.441
0.583252131666667,3.421,0.583255502777778,3.431,0.583215778055556,3.441
0.583529819722222,3.421,0.583533431666667,3.431,0.583493783888889,3.441
0.583807535833333,3.421,0.583811725,3.431,0.583771317222222,3.441
0.584085333611111,3.421,0.584089433888889,3.431,0.584049038333333,3.441
0.5843633375,3.421,0.584367491666667,3.431,0.584327516944444,3.441
0.584641298055556,3.421,0.584645148888889,3.431,0.584605283888889,3.441
0.584919195277778,3.421,0.584923369444444,3.431,0.5848826875,3.441
0.585197221111111,3.421,0.585201061111111,3.431,0.585160679444444,3.441
0.5854750775,3.421,0.585478677222222,3.431,0.585438869166667,3.441
0.585752828611111,3.421,0.585756375277778,3.431,0.58571658,3.441
0.586030489444444,3.421,0.586034580277778,3.431,0.585994449166667,3.441
0.5863083825,3.421,0.586312638333333,3.431,0.586272313611111,3.441
0.586586016666667,3.421,0.586590424166667,3.431,0.586549832777778,3.441
0.586863982222222,3.421,0.586868380833333,3.431,0.586827940555556,3.441
0.587142013888889,3.421,0.587145982777778,3.431,0.58710606,3.441
0.587420025833333,3.421,0.587423738333333,3.431,0.587383977222222,3.431
0.587698075,3.421,0.587701482222222,3.431,0.587661743888889,3.441
0.587975798611111,3.421,0.587979170555556,3.431,0.587939134722222,3.441
0.588253756944444,3.421,0.588256853611111,3.431,0.588217539166667,3.441
0.588531399166667,3.421,0.588535008611111,3.431,0.588495370555556,3.441
0.588809254444444,3.421,0.588812857222222,3.431,0.588773096388889,3.441
0.589086866944444,3.421,0.589090606111111,3.431,0.589051101111111,3.441
0.589364951388889,3.421,0.589368075,3.431,0.589328729166667,3.441
0.589642638055556,3.421,0.589645741944444,3.431,0.589606968055556,3.441
0.589920492777778,3.421,0.589923639166667,3.431,0.589884706666667,3.441
0.590198406944444,3.421,0.590201500277778,3.431,0.590162658888889,3.441
0.590476799166667,3.421,0.590479363055556,3.431,0.590440609722222,3.431
0.590754270555556,3.421,0.590757246111111,3.431,0.590718322777778,3.441
0.591032159722222,3.421,0.591035409444444,3.431,0.590996379444444,3.441
0.591310198611111,3.421,0.591313288055555,3.431,0.591274093611111,3.441
0.591587926666667,3.421,0.591591058888889,3.431,0.591551930555556,3.441
0.591865718333333,3.421,0.591868928333333,3.431,0.5918293775,3.441
0.592143571388889,3.421,0.592146607777778,3.431,0.592107580555556,3.441
0.592421238888889,3.421,0.592424365555556,3.431,0.592385614166667,3.441
0.592699085277778,3.421,0.592702254166667,3.431,0.592663290833333,3.441
0.592976925555555,3.421,0.592980103611111,3.431,0.592941300277778,3.441
0.593254913611111,3.421,0.593257677222222,3.431,0.593219050833333,3.441
0.593532614444444,3.421,0.593535715555556,3.431,0.593497080833333,3.441
0.593810197222222,3.421,0.593813743888889,3.431,0.593774961666667,3.441
0.594088241388889,3.421,0.594091256666667,3.431,0.5940529425,3.441
0.594366038055556,3.421,0.594368959444444,3.431,0.594330830277778,3.441
0.59464382,3.421,0.5946471125,3.431,0.594608558611111,3.441
0.594922021944444,3.421,0.594924869444444,3.431,0.594886165833333,3.441
0.5951996175,3.421,0.595202829166667,3.431,0.595164041388889,3.441
0.595477631666667,3.421,0.595480219444445,3.431,0.595441948333333,3.441
0.595755101944444,3.421,0.595758387222222,3.431,0.595720041666667,3.441
0.596032904444444,3.421,0.596036016111111,3.431,0.595997629166667,3.441
0.596310827777778,3.421,0.596313840833333,3.431,0.596275728888889,3.441
0.596588260555555,3.421,0.596591575277778,3.431,0.596553928888889,3.441
0.596866256666667,3.421,0.596869114166667,3.431,0.596831443333333,3.441
0.597144127777778,3.421,0.59714724,3.431,0.597109299166667,3.441
0.597421968055556,3.421,0.597424776111111,3.431,0.597387482777778,3.441
0.597700034166667,3.421,0.597702438611111,3.431,0.597665138888889,3.441
0.597977954722222,3.421,0.597980586111111,3.431,0.597943180277778,3.441
0.5982556975,3.421,0.5982582425,3.431,0.598220971944444,3.441
0.598533476666667,3.421,0.598536229722222,3.431,0.598499198611111,3.441
0.598811482222222,3.421,0.598814262222222,3.431,0.5987769225,3.441
0.599089103611111,3.421,0.599092207222222,3.431,0.599055078055556,3.441
0.599367275833333,3.421,0.599369778333333,3.431,0.599332994166667,3.441
0.599645420555555,3.421,0.599648198611111,3.431,0.599610755,3.441
0.599923311388889,3.421,0.599926078888889,3.431,0.599888680277778,3.441
0.600201114444444,3.421,0.600203564166667,3.431,0.600166947777778,3.441
0.600478836388889,3.421,0.600482074444444,3.431,0.600444659444444,3.441
0.600756577777778,3.421,0.600759973888889,3.431,0.600722564722222,3.441
0.601034679166667,3.421,0.601037761111111,3.431,0.601000333888889,3.441
0.601312780833333,3.421,0.601315816111111,3.431,0.601277923611111,3.431
0.601590625277778,3.421,0.601593604166667,3.431,0.601555783055555,3.441
0.601868233888889,3.421,0.601871161944444,3.431,0.601833485555555,3.441
0.602146245,3.421,0.6021491775,3.431,0.602111169166667,3.441
0.602423681388889,3.421,0.602426884166667,3.431,0.602389282222222,3.441
0.602701629444444,3.421,0.602704966666667,3.431,0.602667228333333,3.441
0.602979624166667,3.421,0.602982672222222,3.431,0.602944582777778,3.441
0.603257142777778,3.421,0.603260621111111,3.431,0.603222805,3.441
0.603535281666667,3.421,0.6035384,3.431,0.6035002075,3.441
0.603813021388889,3.421,0.603816159444444,3.431,0.603778215277778,3.441
0.604090735833333,3.421,0.604093603333333,3.431,0.604055969166667,3.441
0.604368475,3.421,0.604371664444444,3.431,0.604333941944444,3.441
0.604646213888889,3.421,0.604649382222222,3.431,0.604612300277778,3.441
0.604924039722222,3.421,0.604927293055556,3.431,0.604890034722222,3.441
0.605201988055555,3.421,0.605204627777778,3.431,0.605167949166667,3.441
0.605480341944444,3.421,0.605483109166667,3.431,0.605445653611111,3.441
0.605758018888889,3.421,0.605761055277778,3.431,0.6057236,3.441
0.606036013055556,3.421,0.606038934166667,3.431,0.606001703333333,3.441
0.606313628611111,3.421,0.606316805277778,3.431,0.606279263888889,3.441
0.606591683055556,3.421,0.606594777222222,3.431,0.606557219722222,3.441
0.606869249166667,3.421,0.606872818611111,3.431,0.606835516111111,3.441
0.607147309444444,3.421,0.607150601944444,3.431,0.6071132475,3.441
0.607425436388889,3.421,0.607428258333333,3.431,0.607390801666667,3.441
0.607703392222222,3.421,0.607706230277778,3.431,0.607668976944444,3.441
0.607981230555556,3.421,0.607984569722222,3.431,0.6079469275,3.441
0.608259223611111,3.421,0.608262430833333,3.431,0.608224681666667,3.441
0.608536841388889,3.421,0.608540145833333,3.431,0.608502524166667,3.441
0.608814807222222,3.421,0.608817995555556,3.431,0.608780195,3.441
0.609092672777778,3.421,0.609095934722222,3.431,0.609057984444444,3.441
0.609370610833333,3.421,0.609373834444444,3.431,0.609336110555555,3.441
0.6096484675,3.421,0.609651801388889,3.431,0.609613945,3.441
0.609926203888889,3.421,0.60992956,3.431,0.609891517777778,3.441
0.610204096111111,3.421,0.610207395555555,3.431,0.610169303055556,3.441
0.610482119444445,3.421,0.610485302777778,3.431,0.610447449166667,3.441
0.6107598375,3.421,0.610763049444444,3.431,0.610725357777778,3.441
0.611037433611111,3.421,0.611040636666667,3.431,0.611003449722222,3.441
0.611315418333333,3.421,0.611318529444444,3.431,0.611281454444444,3.441
0.611593303611111,3.421,0.611596120277778,3.431,0.611559514166667,3.441
0.611871550277778,3.421,0.611873965555556,3.431,0.611837133611111,3.441
0.612149645277778,3.421,0.612151925555556,3.431,0.612115386666667,3.441
0.612427461388889,3.421,0.612429676388889,3.431,0.612393146944444,3.441
0.612705032777778,3.421,0.612707550555556,3.431,0.612670461666667,3.441
0.612983161944444,3.421,0.612985095,3.431,0.612948178888889,3.441
0.613260536666667,3.421,0.613263181388889,3.431,0.613226218611111,3.441
0.613538733333333,3.421,0.613541040833333,3.431,0.613504044444444,3.441
0.613816298888889,3.421,0.613818873611111,3.431,0.613782268888889,3.441
0.614094182222222,3.421,0.614096838055556,3.431,0.614060655,3.441
0.614371945555556,3.421,0.614374835555556,3.431,0.614338345,3.441
0.614650259444444,3.421,0.614652668333333,3.431,0.61461615,3.441
0.614928204444444,3.421,0.614930581111111,3.431,0.614893751944444,3.441
0.615206208888889,3.421,0.615208286666667,3.431,0.615171689166667,3.441
0.615483935,3.421,0.615486314722222,3.431,0.615449053611111,3.441
0.615761349444444,3.421,0.615764539444445,3.431,0.615727195277778,3.441
0.616039786388889,3.421,0.616042155,3.431,0.6160052875,3.441
0.616317504722222,3.421,0.616319914166667,3.431,0.616283709722222,3.441
0.616595574722222,3.421,0.616597729444444,3.431,0.616561752777778,3.441
0.616873745277778,3.421,0.616875643611111,3.431,0.616839351944444,3.441
0.617151191666667,3.421,0.617153511111111,3.431,0.617117603888889,3.441
0.617429224444444,3.421,0.6174311375,3.431,0.617395241666667,3.441
0.617707181388889,3.421,0.617709026388889,3.431,0.617673105555556,3.441
0.617984839166667,3.421,0.617987083333333,3.431,0.617950702777778,3.441
0.618262703333333,3.421,0.618264335833333,3.431,0.618229005833333,3.441
0.618540729166667,3.421,0.618542617222222,3.431,0.618506655833333,3.441
0.618818734166667,3.421,0.618820948333333,3.431,0.618784370555555,3.441
0.619096356944444,3.421,0.619098731944444,3.431,0.619062488055556,3.441
0.619374374166667,3.421,0.619376375555555,3.431,0.619340448611111,3.441
0.619652386666667,3.421,0.619654075277778,3.431,0.6196184325,3.441
0.619930285555556,3.421,0.619932007222222,3.431,0.619896100555556,3.441
0.620208133888889,3.421,0.620209678888889,3.431,0.620173980277778,3.441
0.620486555,3.421,0.620487585277778,3.431,0.620451768333333,3.441
0.620763960277778,3.421,0.620765669444444,3.431,0.620729975,3.441
0.621041877777778,3.421,0.621043634444444,3.431,0.621007866388889,3.441
0.621319687222222,3.421,0.621321048333333,3.431,0.621285398611111,3.441
0.621597899722222,3.421,0.621599255277778,3.431,0.621564031111111,3.441
0.621875937222222,3.421,0.621876840555555,3.431,0.621841587222222,3.441
0.622153869722222,3.421,0.622154961666667,3.431,0.622119716388889,3.441
0.622431388055556,3.421,0.622432395833333,3.431,0.622397860277778,3.441
0.622709523888889,3.421,0.622710523611111,3.431,0.622675679166667,3.441
0.622986946944444,3.421,0.622988408333333,3.431,0.6229537375,3.441
0.62326503,3.421,0.623266265555556,3.441,0.623231685,3.441
0.623543038611111,3.421,0.623544423611111,3.431,0.623509311944444,3.441
0.623820843611111,3.421,0.623822469722222,3.431,0.623787286388889,3.441
0.624098921944444,3.421,0.624100068055556,3.431,0.624065329444444,3.441
0.624376824166667,3.421,0.624378483055556,3.431,0.624342968888889,3.441
0.624654918888889,3.421,0.6246561825,3.431,0.624620811944444,3.441
0.624932650277778,3.421,0.624933849166667,3.431,0.624898593333333,3.441
0.625210743333333,3.421,0.6252115475,3.431,0.625176249722222,3.441
0.62548863,3.421,0.6254893825,3.431,0.625454197222222,3.441
0.625766772222222,3.421,0.625767136944444,3.431,0.625731896111111,3.441
0.626044525277778,3.421,0.626045154722222,3.431,0.626009814166667,3.441
0.626322180277778,3.421,0.626323233611111,3.431,0.626287766111111,3.441
0.626600119166667,3.421,0.626601280555556,3.431,0.626565553611111,3.441
0.626877638333333,3.421,0.626879066111111,3.431,0.626842901388889,3.441
0.627155593611111,3.421,0.627156765555556,3.431,0.627121198055556,3.441
0.627433291388889,3.421,0.627434694166667,3.431,0.627398970833333,3.441
0.627711195555556,3.421,0.6277125025,3.431,0.627677273055556,3.441
0.627989005,3.421,0.627990434722222,3.431,0.627954665277778,3.441
0.6282668775,3.421,0.628268364444444,3.431,0.628232375555556,3.441
0.628544825833333,3.421,0.628545930277778,3.431,0.628510472777778,3.441
0.628822396944444,3.421,0.628823828611111,3.431,0.628788705277778,3.441
0.629100135555556,3.421,0.629102134166667,3.431,0.629066495555556,3.441
0.629378079166667,3.421,0.629380086388889,3.431,0.629344229444444,3.441
0.629656250833333,3.421,0.629657735,3.431,0.629622055833333,3.441
0.629934325833333,3.421,0.629935649722222,3.431,0.629899869166667,3.441
0.630212200833333,3.421,0.630213210555556,3.431,0.630177607222222,3.441
0.630490240833333,3.421,0.630491070555556,3.431,0.630455691944445,3.441
0.630768180833333,3.421,0.630769035833333,3.431,0.630733341111111,3.441
0.631045785833333,3.421,0.631046635277778,3.441,0.631011020277778,3.441
0.631323491388889,3.421,0.631324437777778,3.431,0.631288987222222,3.441
0.631601601111111,3.421,0.631602363611111,3.431,0.631567001944444,3.441
0.631879606666667,3.421,0.631880378333333,3.431,0.631844628333333,3.441
0.632157261388889,3.421,0.632158196111111,3.431,0.632122298055556,3.441
0.632435280277778,3.421,0.6324357525,3.431,0.632400270277778,3.441
0.632713171111111,3.421,0.632713489722222,3.441,0.632678051388889,3.441
0.632990783333333,3.421,0.6329917075,3.431,0.632955861111111,3.441
0.633268633055556,3.421,0.633269288333333,3.441,0.633233591666667,3.441
0.633546093333333,3.421,0.633547269444444,3.431,0.633511376388889,3.441
0.633824207777778,3.421,0.633824960833333,3.441,0.633789149722222,3.441
0.63410193,3.421,0.634102895555556,3.431,0.634067250555555,3.441
0.634379725277778,3.421,0.634381051666667,3.431,0.634345190555556,3.441
0.634657413888889,3.421,0.634658946111111,3.431,0.634623107777778,3.441
0.634935768055556,3.421,0.634937252222222,3.431,0.634900744444444,3.441
0.635213446666667,3.421,0.635214822777778,3.431,0.635178663055556,3.441
0.635491499166667,3.421,0.635492973611111,3.431,0.635456194722222,3.441
0.635769361388889,3.421,0.635770949722222,3.431,0.635734029722222,3.441
0.63604719,3.421,0.636048791944444,3.431,0.636012087222222,3.441
0.636325393888889,3.421,0.636326735,3.431,0.636289877222222,3.441
0.636602832777778,3.421,0.636604951388889,3.431,0.636567723888889,3.441
0.636880720555556,3.421,0.6368826675,3.431,0.636845411388889,3.441
0.637158755,3.421,0.637160673055556,3.431,0.637123688055556,3.441
0.637436331944444,3.421,0.637438488611111,3.431,0.637401283055556,3.441
0.637714520555556,3.421,0.637716413055555,3.431,0.637679240555556,3.441
0.637991893888889,3.421,0.63799379,3.431,0.637957022777778,3.441
0.638269949722222,3.421,0.638272018055556,3.431,0.638234552222222,3.441
0.638548206944444,3.421,0.638550033611111,3.431,0.638512508333333,3.441
0.638825752222222,3.421,0.638827384166667,3.431,0.638790228333333,3.441
0.639103736944444,3.421,0.63910559,3.431,0.639068108611111,3.441
0.639381751111111,3.421,0.639383679166667,3.431,0.639345633055556,3.441
0.6396592975,3.421,0.639661309722222,3.441,0.639623491666667,3.441
0.639937187777778,3.421,0.639939204444444,3.431,0.639901688333333,3.441
0.640215652777778,3.421,0.64021707,3.441,0.640179751666667,3.441
0.640493032222222,3.421,0.640494686944444,3.431,0.640457466388889,3.441
0.640771174444445,3.421,0.640772802222222,3.441,0.640735121111111,3.441
0.641048958888889,3.421,0.641050828888889,3.431,0.641013419722222,3.441
0.641326393055556,3.421,0.641328328333333,3.431,0.641291134166667,3.441
0.641604185277778,3.421,0.641606268055556,3.431,0.641568916944445,3.441
0.641882103055556,3.421,0.641884534166667,3.431,0.641846591388889,3.441
0.642159788333333,3.421,0.642162021111111,3.431,0.642124489166667,3.441
0.642437569444445,3.421,0.642439929166667,3.431,0.642402714166667,3.441
0.642715607777778,3.421,0.642718163333333,3.441,0.642680410833333,3.441
0.642993553888889,3.421,0.642995439444444,3.431,0.642958628333333,3.441
0.643271559166667,3.421,0.643273735833333,3.431,0.643236242222222,3.441
0.643549415277778,3.421,0.643551855555556,3.431,0.643513976944444,3.441
0.643827244166667,3.421,0.643829528055556,3.431,0.643791571666667,3.441
0.644104921666667,3.421,0.644107626944444,3.431,0.644069629722222,3.441
0.6443827975,3.421,0.644385350833333,3.431,0.644347803888889,3.441
0.644660796944445,3.421,0.644663383333333,3.431,0.644625711111111,3.441
0.644938612222222,3.421,0.644941169444444,3.431,0.644903559444444,3.441
0.645216356666667,3.421,0.6452188275,3.431,0.645181294722222,3.451
0.645494090833333,3.421,0.645496733611111,3.431,0.645459129166667,3.441
0.645771975555556,3.421,0.645774220833333,3.441,0.645736747777778,3.441
0.646049896388889,3.421,0.6460518825,3.431,0.646014603055556,3.441
0.646327867222222,3.421,0.646330329444444,3.441,0.646292583888889,3.441
0.646605660277778,3.421,0.646608332222222,3.431,0.646570323611111,3.441
0.646883094444444,3.421,0.646886163888889,3.431,0.64684825,3.441
0.647161450277778,3.421,0.647163979722222,3.441,0.6471258475,3.441
0.647439294722222,3.421,0.647441755555556,3.431,0.647403979722222,3.441
0.647716888055555,3.421,0.647719781111111,3.431,0.647681783611111,3.441
0.647995092222222,3.421,0.647997576666667,3.441,0.647959750555556,3.441
0.648272868055556,3.421,0.648275287777778,3.431,0.648237799166667,3.441
0.648550412777778,3.421,0.648552709444444,3.431,0.648515459166667,3.441
0.648828027777778,3.421,0.648830929166667,3.441,0.648793359722222,3.441
0.649105983055556,3.421,0.649108820555556,3.431,0.649071333333333,3.441
0.649383546111111,3.421,0.649386557222222,3.431,0.649349288055555,3.441
0.649661620555556,3.421,0.649664961388889,3.431,0.649627265277778,3.441
0.649939626944445,3.421,0.649942808888889,3.431,0.649905115555556,3.441
0.6502171475,3.421,0.650220773055555,3.431,0.650182889722222,3.441
0.650495123888889,3.421,0.650498488055556,3.441,0.650460791944445,3.441
0.650772621944444,3.421,0.650776466388889,3.441,0.650739028055556,3.441
0.651051000555556,3.421,0.651054375277778,3.431,0.651016536111111,3.441
0.651328509722222,3.421,0.651331608888889,3.431,0.651294749166667,3.441
0.651606620277778,3.421,0.651610056388889,3.441,0.651572433888889,3.441
0.651884470277778,3.421,0.651887658333333,3.431,0.651850410833333,3.441
0.652162189166667,3.421,0.652165565,3.431,0.652128277222222,3.441
0.652440081944444,3.421,0.652443491388889,3.431,0.652406200555556,3.441
0.652718252222222,3.421,0.652721372222222,3.431,0.6526842225,3.441
0.652996245,3.421,0.652999093055555,3.431,0.652961520555556,3.441
0.653273971111111,3.421,0.653277341111111,3.431,0.653239801666667,3.441
0.653551695,3.421,0.653554763055556,3.441,0.653517408333333,3.441
0.653829401666667,3.421,0.6538328375,3.441,0.653795381388889,3.441
0.654107438333333,3.421,0.654110193611111,3.441,0.654073336388889,3.441
0.654385488333333,3.421,0.654388340833333,3.441,0.654350955833333,3.441
0.654663501111111,3.421,0.654666186111111,3.441,0.654628808611111,3.441
0.654941738888889,3.421,0.654943978333333,3.441,0.654907319722222,3.441
0.655219150277778,3.421,0.655221834166667,3.431,0.655185101944444,3.441
0.65549736,3.421,0.655499761111111,3.431,0.655462856111111,3.441
0.655775224444444,3.421,0.65577766,3.431,0.655740534444444,3.441
0.656053146111111,3.421,0.656055523055556,3.431,0.656018388888889,3.441
0.656330780277778,3.421,0.656333476944444,3.441,0.6562963875,3.441
0.656608649166667,3.421,0.6566111525,3.431,0.656574067222222,3.441
0.65688651,3.421,0.656888946666667,3.431,0.656852067777778,3.441
0.657164888055556,3.421,0.657166685,3.441,0.657130133888889,3.441
0.65744257,3.421,0.657444521111111,3.441,0.657408012777778,3.441
0.657720301666667,3.421,0.657722316388889,3.441,0.657685960833333,3.441
0.657998465277778,3.421,0.657999660833333,3.431,0.657964026388889,3.441
0.658276077777778,3.421,0.658278048888889,3.441,0.65824216,3.441
0.658553740555556,3.421,0.658556073888889,3.431,0.658519908333333,3.441
0.658831727222222,3.421,0.658833746666667,3.431,0.658797664722222,3.441
0.6591096625,3.421,0.65911136,3.431,0.659075710277778,3.441
0.659387576666667,3.421,0.659389255277778,3.431,0.659353653333333,3.441
0.659665204444444,3.421,0.659667501666667,3.431,0.659631450277778,3.441
0.659943172222222,3.421,0.659945391388889,3.431,0.659909218055556,3.441
0.660220883611111,3.421,0.660223285277778,3.441,0.660187488888889,3.451
0.660498830277778,3.421,0.660500770833333,3.431,0.660464868055556,3.441
0.660776406111111,3.421,0.66077932,3.441,0.660742766111111,3.451
0.661054541111111,3.421,0.661056925,3.431,0.661020536944444,3.441
0.661332143333333,3.421,0.661334611944444,3.441,0.661298184722222,3.441
0.661610139722222,3.421,0.661612540277778,3.441,0.661576252777778,3.441
0.661887706666667,3.421,0.661890331388889,3.441,0.661853888055556,3.441
0.662165900555556,3.421,0.662168213888889,3.431,0.66213196,3.441
0.662443321666667,3.421,0.662446060833333,3.441,0.66240963,3.441
0.662721159444444,3.421,0.662724044166667,3.431,0.662687498333333,3.441
0.662999191111111,3.421,0.663001841666667,3.441,0.66296555,3.451
0.663277080833333,3.421,0.663279727222222,3.431,0.663243257222222,3.441
0.663554801666667,3.421,0.663557459166667,3.431,0.663521332777778,3.441
0.663832628888889,3.421,0.663835238611111,3.441,0.663799026111111,3.441
0.664110667777778,3.421,0.664113301388889,3.441,0.664076795555556,3.441
0.664388263888889,3.421,0.664391052222222,3.431,0.664354793888889,3.441
0.664666027777778,3.421,0.664668904722222,3.431,0.664632685833333,3.441
0.664944146111111,3.421,0.664946584444444,3.431,0.664910597777778,3.441
0.665221934444444,3.421,0.665224125833333,3.431,0.6651882125,3.441
0.665499702777778,3.421,0.665502178333333,3.431,0.665465917222222,3.441
0.665777774722222,3.421,0.665780403055556,3.441,0.665743854722222,3.441
0.666055622222222,3.421,0.666058153611111,3.441,0.666021518055556,3.441
0.666333496944444,3.421,0.666335923333333,3.441,0.666299569444444,3.441
0.666611511388889,3.421,0.666613486944444,3.441,0.666577576388889,3.441
0.666888921111111,3.421,0.6668911775,3.441,0.666855291944444,3.451
0.667167056111111,3.421,0.667169103888889,3.441,0.667133361666667,3.441
0.667445369444445,3.421,0.667446834166667,3.431,0.6674111875,3.441
0.667723180277778,3.421,0.667724369444444,3.431,0.667688874722222,3.441
0.668001079444445,3.421,0.668002574444444,3.431,0.667966908888889,3.441
0.668278571111111,3.421,0.668280334444444,3.431,0.668244596111111,3.441
0.668556776388889,3.421,0.66855812,3.441,0.668522546111111,3.441
0.6688344025,3.421,0.668835736666667,3.441,0.668800168055556,3.451
0.669112136944444,3.421,0.669113435277778,3.431,0.669078426388889,3.441
0.669389886666667,3.421,0.669391517222222,3.441,0.6693564125,3.441
0.669667715833333,3.421,0.6696690425,3.431,0.669634052777778,3.441
0.669945555,3.421,0.669946864444444,3.431,0.669911988888889,3.441
0.670223665833333,3.421,0.6702245075,3.441,0.670189698611111,3.451
0.670501393611111,3.421,0.670502843055556,3.441,0.670467820277778,3.441
0.670779098333333,3.421,0.670780604722222,3.441,0.670745735277778,3.441
0.671057160555556,3.421,0.671058253055556,3.441,0.671023927222222,3.441
0.671335389166667,3.421,0.671335864166667,3.431,0.671301462777778,3.451
0.671613111111111,3.421,0.671613946944445,3.431,0.671579563888889,3.441
0.671891281944444,3.421,0.671891690555556,3.441,0.671857354722222,3.441
0.672168788888889,3.421,0.672169429722222,3.441,0.672135138333333,3.451
0.672446536111111,3.421,0.672447228055555,3.431,0.672412997222222,3.441
0.672724204166667,3.421,0.672725001944444,3.441,0.672691041666667,3.441
0.673002265,3.421,0.673003015,3.441,0.672968858055556,3.451
0.673280084722222,3.421,0.6732807825,3.441,0.673246498333333,3.441
0.673558412777778,3.421,0.673558739444444,3.441,0.673524276388889,3.441
0.673836534166667,3.421,0.6738365025,3.441,0.673801845555556,3.441
0.674114120555556,3.421,0.6741141625,3.441,0.674079588333333,3.441
0.674392326666667,3.421,0.674392126388889,3.431,0.674357771111111,3.441
0.674670003333333,3.421,0.674670109166667,3.441,0.6746355775,3.441
0.674947930555556,3.421,0.674947753611111,3.441,0.674913491111111,3.441
0.675225345,3.421,0.675225250833333,3.441,0.675191299166667,3.451
0.675503022222222,3.421,0.675503373888889,3.441,0.675469043611111,3.451
0.675781123055555,3.421,0.675781254722222,3.431,0.675746716944444,3.441
0.676059448055556,3.421,0.676059271944444,3.441,0.676024857777778,3.441
0.676337377222222,3.421,0.676337335555556,3.441,0.676302951666667,3.441
0.6766154575,3.421,0.6766146275,3.431,0.676580796944444,3.451
0.676892696111111,3.421,0.676892685277778,3.431,0.67685875,3.441
0.677170681111111,3.421,0.677170721944444,3.431,0.677136626666667,3.441
0.677448754444445,3.421,0.677448724722222,3.431,0.677414322222222,3.441
0.677726433333333,3.421,0.677725998055556,3.441,0.677692166944444,3.451
0.678004085,3.421,0.678004406111111,3.441,0.677969946666667,3.451
0.678282196666667,3.421,0.678281836666667,3.441,0.678247796111111,3.441
0.678560364444444,3.421,0.678560028333333,3.441,0.678525445,3.441
0.678837999722222,3.421,0.678838131944444,3.441,0.678803137777778,3.441
0.679115761388889,3.421,0.679115994166667,3.441,0.679081129722222,3.441
0.679393620277778,3.421,0.6793939825,3.441,0.679358868888889,3.441
0.679671580555556,3.421,0.6796715475,3.431,0.679636513611111,3.451
0.679949364722222,3.421,0.679949500555556,3.441,0.679914587777778,3.441
0.680227352222222,3.421,0.680227598055556,3.441,0.68019254,3.451
0.680505320833333,3.421,0.680505199166667,3.441,0.680470403055556,3.441
0.680783171388889,3.421,0.680783321944444,3.441,0.680748380833333,3.441
0.681061275,3.421,0.681060845,3.441,0.681025915277778,3.441
0.681338978888889,3.421,0.681338898611111,3.441,0.681303696944444,3.451
0.681616734444444,3.421,0.681616567777778,3.441,0.681581453611111,3.441
0.6818946,3.421,0.681894311944444,3.441,0.681859800277778,3.451
0.682172279444444,3.421,0.682172265,3.441,0.682137253055556,3.451
0.682449841111111,3.421,0.682450111666667,3.441,0.682415475555556,3.441
0.682727835833333,3.421,0.68272824,3.441,0.682693323611111,3.441
0.683005815555556,3.421,0.683006205277778,3.441,0.682971095555556,3.441
0.683283741111111,3.421,0.683283945277778,3.441,0.683249215833333,3.441
0.683561738611111,3.421,0.683561765277778,3.441,0.683526641388889,3.441
0.683839644722222,3.421,0.683839668333333,3.441,0.683804576388889,3.451
0.684117603611111,3.421,0.684117628333333,3.441,0.684082354722222,3.441
0.684395636111111,3.421,0.684395402777778,3.431,0.684360509166667,3.451
0.684673280277778,3.421,0.684673108333333,3.441,0.684638671944444,3.441
0.684950807777778,3.421,0.684951168333333,3.441,0.684916231666667,3.451
0.685228891111111,3.421,0.685229033611111,3.431,0.685193978055555,3.451
0.685506457777778,3.421,0.685506746666667,3.441,0.685471981388889,3.441
0.685784482222222,3.421,0.685785009444445,3.431,0.685750026111111,3.441
0.686062155,3.421,0.686062660555556,3.441,0.686027647222222,3.451
0.686340415,3.421,0.686340628888889,3.441,0.686305659444444,3.441
0.686618396111111,3.421,0.686618363055556,3.441,0.686583655555556,3.441
0.686896555555556,3.421,0.6868961375,3.441,0.686861700277778,3.441
0.687174296111111,3.421,0.687173541944444,3.441,0.687139371944445,3.441
0.687451923055556,3.421,0.687451603888889,3.441,0.687417350277778,3.451
0.687729461111111,3.421,0.687729369166667,3.441,0.687695403611111,3.441
0.688007300555556,3.421,0.688006992777778,3.441,0.687973078611111,3.441
0.688285408611111,3.421,0.688285197777778,3.441,0.688250699166667,3.441
0.688563260555556,3.421,0.688563143611111,3.441,0.688528581944444,3.451
0.688840905833333,3.421,0.688841305,3.441,0.6888062675,3.441
0.689119102777778,3.421,0.689119169722222,3.441,0.689083961944444,3.441
0.689397084722222,3.421,0.689397304166667,3.441,0.689361569444444,3.441
0.689675108611111,3.421,0.689675007222222,3.431,0.689639514722222,3.451
0.689953028055555,3.421,0.689952698611111,3.441,0.689917548333333,3.441
0.690230899166667,3.421,0.690230648333333,3.441,0.690195620555556,3.451
0.690509064166667,3.421,0.690508641666667,3.441,0.690473656944444,3.441
0.690787124722222,3.421,0.690786581111111,3.441,0.690751197777778,3.441
0.691064816944444,3.421,0.691064531666667,3.441,0.691028738055556,3.441
0.691342706388889,3.421,0.691342858888889,3.441,0.691306921388889,3.441
0.691620224444444,3.421,0.691620927222222,3.441,0.691584733055556,3.451
0.691898388888889,3.421,0.691898714166667,3.441,0.691862856388889,3.441
0.692176143888889,3.421,0.692176509166667,3.441,0.692140664722222,3.441
0.692454335277778,3.421,0.692454858333333,3.441,0.692418031944444,3.441
0.69273195,3.421,0.692732474722222,3.431,0.692696175833333,3.451
0.693009688888889,3.421,0.693010245833333,3.441,0.692973529166667,3.441
0.693287725833333,3.421,0.6932883925,3.441,0.693251789166667,3.451
0.693565404722222,3.421,0.693566123333333,3.441,0.693529489722222,3.441
0.693843272222222,3.421,0.693844189444444,3.441,0.693807918611111,3.441
0.694120778055555,3.421,0.6941223925,3.441,0.694085433333333,3.441
0.694398975833333,3.421,0.694400206944444,3.441,0.694363263888889,3.451
0.694676895833333,3.421,0.694678008055556,3.441,0.694641455277778,3.441
0.694954985833333,3.421,0.694955917777778,3.441,0.694919543888889,3.451
0.695232729444444,3.421,0.695233639722222,3.431,0.695197384166667,3.451
0.695510510277778,3.421,0.695511246388889,3.441,0.695475384722222,3.441
0.695788356944444,3.421,0.695789159444445,3.441,0.695753035833333,3.451
0.6960660275,3.421,0.696067247777778,3.441,0.696031227777778,3.451
0.6963440525,3.421,0.696345351944444,3.441,0.696309041388889,3.451
0.696621718888889,3.421,0.696623391944444,3.441,0.696586965,3.441
0.696899711944444,3.421,0.696901092222222,3.441,0.69686509,3.441
0.697177600833333,3.421,0.697178836666667,3.441,0.697142917777778,3.451
0.6974552675,3.421,0.697456814722222,3.441,0.697421029444444,3.441
0.697733518611111,3.421,0.697734872222222,3.441,0.697698879444445,3.441
0.6980115475,3.421,0.698012540555556,3.441,0.697976260277778,3.451
0.698289509166667,3.421,0.698290343888889,3.441,0.69825432,3.441
0.698567454444444,3.421,0.698568421111111,3.441,0.698532251944444,3.451
0.698845333888889,3.421,0.698846373888889,3.441,0.6988103,3.441
0.699122793611111,3.421,0.699124378611111,3.441,0.699087789722222,3.451
0.699400853888889,3.421,0.699402547222222,3.441,0.699365742777778,3.441
0.699678692222222,3.421,0.699679917222222,3.441,0.699643816388889,3.441
0.699956414166667,3.421,0.69995787,3.441,0.699921716388889,3.451
0.700234200833333,3.431,0.700235881666667,3.441,0.700199488333333,3.441
0.700512093055556,3.421,0.700513635833333,3.441,0.700476817777778,3.451
0.700790060277778,3.421,0.700791293333333,3.441,0.700754888888889,3.441
0.701068295,3.421,0.701069068888889,3.441,0.701032926944445,3.451
0.701346147777778,3.421,0.701346935,3.441,0.701311240555556,3.441
0.701624056111111,3.421,0.701624775555556,3.441,0.7015895625,3.451
0.701901929444445,3.421,0.7019026,3.441,0.701867160555556,3.451
0.702179857222222,3.421,0.702180044444444,3.441,0.702145307222222,3.451
0.702457588333333,3.421,0.702458106666667,3.441,0.702423233055556,3.451
0.702735295,3.421,0.702735989166667,3.441,0.702701235,3.451
0.703012766388889,3.421,0.703013959722222,3.441,0.702978894166667,3.441
0.703290994722222,3.421,0.703291741666667,3.441,0.703256549166667,3.441
0.703568805555555,3.431,0.703569419444444,3.441,0.703534448055556,3.451
0.703846801666667,3.421,0.703847866666667,3.441,0.703812218333333,3.441
0.704124451388889,3.421,0.704125984444444,3.441,0.704089809166667,3.451
0.704402241388889,3.421,0.704403738055556,3.441,0.704367558611111,3.451
0.704680238333333,3.421,0.704681318055556,3.441,0.704645608333333,3.451
0.704958481111111,3.421,0.704959204722222,3.441,0.704923260833333,3.451
0.705236527777778,3.421,0.705237214722222,3.441,0.705201005833333,3.441
0.7055143525,3.421,0.705515144444444,3.441,0.705479156666667,3.441
0.705792178888889,3.421,0.705793127222222,3.441,0.705757128611111,3.451
0.706070447222222,3.431,0.706070442222222,3.441,0.706035088055556,3.451
0.706348235833333,3.421,0.706348587222222,3.441,0.706312819722222,3.451
0.706626113333333,3.421,0.706626439166667,3.441,0.706590339166667,3.451
0.706904148611111,3.421,0.706904146111111,3.441,0.706868298888889,3.451
0.707182086388889,3.431,0.707182544444445,3.441,0.707145720833333,3.451
0.707459765,3.431,0.707460280277778,3.441,0.707424023333333,3.441
0.707737593333333,3.431,0.707737695,3.431,0.707702256111111,3.451
0.708015683888889,3.421,0.708015716944444,3.441,0.70797986,3.451
0.708293390277778,3.421,0.708293681388889,3.441,0.708257943888889,3.451
0.708571047222222,3.421,0.708571101388889,3.441,0.708535946111111,3.441
0.708848822222222,3.421,0.708849353888889,3.441,0.708813549722222,3.451
0.7091266925,3.421,0.709127283055556,3.441,0.709091304444444,3.451
0.709404385833333,3.421,0.709404906388889,3.441,0.709369238333333,3.441
0.709682322777778,3.421,0.709683059444444,3.441,0.709646817222222,3.441
0.709960288333333,3.421,0.709960865555556,3.441,0.7099250825,3.451
0.710238483611111,3.421,0.710238711388889,3.441,0.710202858055556,3.451
0.710516055833333,3.421,0.710516701388889,3.441,0.710480615833333,3.441
0.710794216388889,3.421,0.710794070555556,3.441,0.710758270555556,3.451
0.71107193,3.421,0.711072280277778,3.441,0.711036114722222,3.441
0.711350005277778,3.421,0.711349965,3.441,0.711314068333333,3.441
0.711627549722222,3.421,0.711628130277778,3.441,0.711591873055556,3.441
0.711905341666667,3.421,0.711906087222222,3.441,0.711869334166667,3.451
0.712183353888889,3.421,0.712183763611111,3.441,0.712147451666667,3.451
0.712460820277778,3.421,0.712461993333333,3.441,0.712425147777778,3.451
0.712738984722222,3.421,0.712740124166667,3.441,0.712702853611111,3.451
0.713017114722222,3.421,0.713017687222222,3.441,0.712980906944444,3.451
0.7132947075,3.431,0.713295729166667,3.441,0.7132590425,3.441
0.713572644444444,3.421,0.713573493888889,3.441,0.713536813055556,3.451
0.713850120555556,3.421,0.713851470555556,3.441,0.713814297222222,3.451
0.714128471388889,3.421,0.714129367777778,3.441,0.714092626666667,3.441
0.714406123333333,3.421,0.714407274722222,3.441,0.714370585,3.451
0.714683983333333,3.421,0.714685246944444,3.441,0.714648095555556,3.451
0.714961669722222,3.421,0.714963320833333,3.441,0.714925838055556,3.451
0.715239646944444,3.421,0.715241206666667,3.441,0.715203808888889,3.451
0.715517905277778,3.421,0.7155190625,3.441,0.715481700277778,3.451
0.715795473611111,3.431,0.715797031666667,3.441,0.715759360833333,3.441
0.716073256111111,3.421,0.716074840555556,3.441,0.716037519166667,3.441
0.7163511575,3.421,0.716352250555556,3.441,0.7163154525,3.451
0.716628528055556,3.421,0.716630012777778,3.441,0.716593446944444,3.451
0.716906573611111,3.421,0.716908159444444,3.441,0.716871332222222,3.451
0.717184573611111,3.431,0.717185732222222,3.441,0.717149166944444,3.451
0.71746233,3.421,0.717463657777778,3.441,0.71742688,3.451
0.717740115833333,3.421,0.717741400277778,3.441,0.717704696111111,3.451
0.718017416666667,3.421,0.718019074166667,3.441,0.7179821025,3.451
0.718295899166667,3.421,0.718297026111111,3.441,0.718260478055556,3.451
0.718573550277778,3.421,0.718574609444444,3.441,0.718538111388889,3.441
0.718851768333333,3.421,0.718852323333333,3.441,0.718815815,3.451
0.719129238055556,3.421,0.719130421388889,3.441,0.719093890833333,3.451
0.719407274722222,3.421,0.719408739722222,3.441,0.719371650555556,3.451
0.719685158333333,3.421,0.719686538333333,3.441,0.719649310277778,3.451
0.719963235833333,3.421,0.719964718055556,3.441,0.719927266944445,3.441
0.720240699444444,3.431,0.720242368333333,3.441,0.720205196111111,3.441
0.720518966666667,3.421,0.720520470277778,3.441,0.720483065,3.451
0.720796583333333,3.431,0.720798595,3.441,0.7207610125,3.451
0.721074424722222,3.431,0.721076298055556,3.441,0.721038950833333,3.451
0.721352553055555,3.421,0.721354273333333,3.441,0.721316784722222,3.441
0.721630291111111,3.421,0.721631620833333,3.441,0.721594799166667,3.451
0.721908303333333,3.431,0.721909336944444,3.441,0.721872735555556,3.441
0.722186406666667,3.421,0.722187418333333,3.441,0.7221505,3.451
0.722464057777778,3.421,0.722465203611111,3.441,0.72242853,3.451
0.7227419925,3.421,0.722742967222222,3.441,0.722705996111111,3.451
0.723020100277778,3.421,0.723020794444444,3.441,0.722984184444444,3.451
0.723297498333333,3.421,0.723298971111111,3.441,0.723262044722222,3.451
0.723575551388889,3.421,0.723576763888889,3.441,0.723539617777778,3.451
0.723853371666667,3.431,0.723854677222222,3.441,0.723817578055556,3.451
0.724130953055556,3.421,0.724132342222222,3.441,0.724095556944444,3.451
0.72440927,3.421,0.7244104675,3.441,0.724373301944444,3.451
0.724686841944445,3.421,0.724688440555555,3.441,0.724651021944445,3.451
0.724964784444444,3.421,0.724966237222222,3.441,0.724928941388889,3.451
0.725242456388889,3.421,0.725243981388889,3.441,0.725206728333333,3.451
0.72552036,3.431,0.725522114722222,3.441,0.725485070277778,3.451
0.725798218055556,3.431,0.725799645833333,3.441,0.725762687777778,3.451
0.726075575277778,3.421,0.726077960555556,3.441,0.726040478611111,3.441
0.726354218055556,3.421,0.726355998333333,3.441,0.726318228333333,3.441
0.726631914444444,3.421,0.7266337875,3.441,0.726595904722222,3.451
0.726909886944444,3.431,0.7269112925,3.441,0.7268739625,3.451
0.727187785277778,3.421,0.727189386666667,3.441,0.727151994444444,3.441
0.727465801944444,3.431,0.727467417222222,3.441,0.727429640555555,3.451
0.727743876666667,3.421,0.727745321111111,3.441,0.727707575,3.451
0.728021655833333,3.421,0.728023167222222,3.441,0.727985435555556,3.451
0.728300020555556,3.421,0.728301087777778,3.441,0.728263611944444,3.451
0.728577876666667,3.421,0.728578855555556,3.441,0.7285412475,3.451
0.728855193611111,3.421,0.728856558333333,3.441,0.728819133611111,3.451
0.7291337925,3.421,0.729134624722222,3.441,0.729096943333333,3.451
0.729411422222222,3.421,0.7294126225,3.441,0.7293750025,3.451
0.729689481388889,3.421,0.729690411111111,3.441,0.729652669444444,3.441
0.729967483333333,3.431,0.729968121666667,3.441,0.729930821944444,3.451
0.730245628333333,3.421,0.730246124444444,3.441,0.730208635277778,3.451
0.730523246388889,3.421,0.730524215,3.441,0.730486373055556,3.451
0.730800830277778,3.421,0.730802053611111,3.441,0.7307637575,3.451
0.731078869166667,3.421,0.731079991388889,3.441,0.731041940833333,3.451
0.731356716111111,3.421,0.731357673888889,3.441,0.731319883055556,3.451
0.731634479444444,3.421,0.731635564722222,3.441,0.731597596944444,3.451
0.731911862222222,3.421,0.731913403888889,3.441,0.731875446666667,3.441
0.732189700277778,3.421,0.732191114722222,3.441,0.732153428333333,3.451
0.732467542777778,3.421,0.732469009722222,3.441,0.732430942222222,3.451
0.732745617777778,3.431,0.732746663888889,3.441,0.732708604166667,3.451
0.733023585,3.431,0.733024609722222,3.441,0.732986259722222,3.451
0.733301322222222,3.421,0.733302245833333,3.441,0.733264518055556,3.451
0.7335796175,3.421,0.733580191666667,3.441,0.733542273611111,3.451
0.733857928055555,3.431,0.733857995277778,3.441,0.733819906666667,3.451
0.734136181666667,3.421,0.734135683055556,3.441,0.734097820555556,3.451
0.734413802222222,3.431,0.7344134375,3.441,0.734375156111111,3.451
0.734691806388889,3.431,0.734691460277778,3.441,0.734652998055556,3.451
0.734969581111111,3.421,0.734969123333333,3.441,0.734931195,3.441
0.735247438333333,3.431,0.735246657222222,3.441,0.735209139722222,3.451
0.735525221666667,3.431,0.735524883888889,3.441,0.735487326388889,3.451
0.7358030475,3.431,0.7358021075,3.441,0.735765294166667,3.451
0.736080983333333,3.431,0.736079978055556,3.441,0.736042664722222,3.451
0.736358525833333,3.431,0.736357666944444,3.441,0.736320889722222,3.451
0.7366368725,3.431,0.736635685,3.441,0.736598863055556,3.451
0.736915076666667,3.421,0.7369136725,3.441,0.736876898611111,3.451
0.73719277,3.421,0.737191740555555,3.441,0.737154837222222,3.451
0.737470738888889,3.421,0.737469719444444,3.441,0.737432834722222,3.451
0.737748652222222,3.431,0.737748099166667,3.441,0.737710685,3.451
0.738026486666667,3.431,0.738025431666667,3.441,0.737988433888889,3.451
0.738304252222222,3.421,0.738303276388889,3.441,0.738266463055556,3.451
0.738582044166667,3.421,0.738581516944445,3.441,0.738544030555556,3.451
0.738859835555556,3.431,0.738859335555555,3.441,0.738822275,3.451
0.739137703333333,3.431,0.739137450833333,3.441,0.739099853611111,3.451
0.739415589444445,3.421,0.739415205277778,3.441,0.73937773,3.451
0.739693289722222,3.431,0.739693091111111,3.441,0.739655624166667,3.451
0.739971480555556,3.421,0.739970920277778,3.441,0.739933474166667,3.451
0.740249251388889,3.421,0.740248882222222,3.441,0.740211531111111,3.451
0.740526720555556,3.421,0.740526627222222,3.441,0.740489155555556,3.451
0.740804678333333,3.421,0.740804486388889,3.441,0.740767313888889,3.451
0.741082562777778,3.421,0.741082338611111,3.441,0.741044902222222,3.451
0.741360447777778,3.431,0.7413601425,3.441,0.7413226325,3.451
0.7416384,3.431,0.741638131388889,3.441,0.741600582222222,3.451
0.741916214722222,3.431,0.741915793888889,3.441,0.741877973888889,3.451
0.742193957222222,3.431,0.742193688055556,3.441,0.742155678611111,3.451
0.742471848888889,3.421,0.742471213611111,3.441,0.742433856388889,3.451
0.7427500175,3.431,0.742749217777778,3.441,0.742711638611111,3.451
0.743027688055556,3.431,0.743026868611111,3.441,0.742989781388889,3.451
0.743305736944444,3.431,0.743305429444444,3.441,0.743267147777778,3.451
0.743583704722222,3.421,0.743582706666667,3.441,0.743545396388889,3.451
0.743861083055556,3.431,0.743860861666667,3.441,0.743823171666667,3.451
0.7441390225,3.431,0.744138734166667,3.441,0.744101168333333,3.451
0.744416940277778,3.431,0.7444166325,3.441,0.744378913333333,3.451
0.744694857222222,3.421,0.744694411111111,3.441,0.744656446666667,3.451
0.744972291111111,3.421,0.744971908333333,3.441,0.744934472777778,3.451
0.745250017777778,3.431,0.74524984,3.441,0.745212316944444,3.451
0.745527773333333,3.421,0.745527599444444,3.441,0.745490286388889,3.451
0.745806110277778,3.431,0.745805565833333,3.441,0.745768010833333,3.451
0.746083958055556,3.431,0.746083725,3.441,0.746045603888889,3.451
0.746362363611111,3.431,0.7463613925,3.441,0.746323449444445,3.451
0.746640076111111,3.431,0.746639346111111,3.441,0.746601268888889,3.451
0.746917879444445,3.431,0.746917125555556,3.441,0.746879084166667,3.451
0.747195613888889,3.431,0.747194938333333,3.441,0.747157303611111,3.451
0.747473445,3.431,0.747472865555556,3.441,0.747434995,3.451
0.747750906944444,3.431,0.747751004166667,3.441,0.747712669444444,3.451
0.748028833888889,3.431,0.748029168055556,3.441,0.747990788611111,3.451
0.748306788333333,3.421,0.7483067275,3.441,0.748268539166667,3.451
0.748584209722222,3.431,0.748584786666667,3.441,0.748546640833333,3.451
0.748862146111111,3.431,0.748862375833333,3.441,0.748824448888889,3.451
0.749140147777778,3.431,0.749140384722222,3.441,0.749102271666667,3.451
0.749417607222222,3.421,0.749418466388889,3.441,0.7493802875,3.451
0.749695640833333,3.421,0.749696266944444,3.441,0.7496581675,3.451
0.749973203055555,3.431,0.749973874722222,3.441,0.749936166111111,3.451
0.750250753888889,3.431,0.750252009444444,3.441,0.750213845277778,3.451
0.750529206111111,3.431,0.750529656944445,3.441,0.750491885555555,3.451
0.750806628611111,3.431,0.7508075425,3.441,0.750770116388889,3.451
0.751084774722222,3.431,0.751085212777778,3.441,0.7510473625,3.451
0.751362506944444,3.431,0.751363340555556,3.441,0.751325621388889,3.451
0.751640597777778,3.421,0.751641107222222,3.441,0.751603825555556,3.451
0.751918187777778,3.421,0.751918965,3.441,0.7518814425,3.451
0.752196251666667,3.431,0.752197445833333,3.441,0.752159180277778,3.451
0.752474330833333,3.431,0.752475630277778,3.441,0.752437198333333,3.451
0.752752143333333,3.421,0.752753464722222,3.441,0.752714773888889,3.451
0.753029918055556,3.431,0.7530315825,3.441,0.752992857777778,3.451
0.753307765,3.421,0.753309650555556,3.441,0.753270440555555,3.451
0.753585550555556,3.421,0.753587396666667,3.441,0.753548645277778,3.451
0.753863329166667,3.431,0.75386532,3.441,0.753826105277778,3.451
0.754141221388889,3.431,0.754143117777778,3.441,0.754104081944444,3.451
0.754418584166667,3.421,0.754420886111111,3.441,0.754381993888889,3.451
0.754696386666667,3.431,0.754698810833333,3.441,0.754659431111111,3.451
0.75497433,3.431,0.754976827222222,3.441,0.754937123055556,3.451
0.755252594444444,3.431,0.755254675833333,3.441,0.755215277222222,3.451
0.755530445,3.431,0.755532560555556,3.441,0.755493613888889,3.451
0.755808019166667,3.421,0.755810244166667,3.441,0.755771502222222,3.451
0.756085986388889,3.431,0.756088398055555,3.441,0.756049043888889,3.451
0.756363638333333,3.431,0.756365805,3.441,0.756327116111111,3.451
0.756641799722222,3.431,0.756643910555556,3.441,0.756605170833333,3.451
0.756919676944444,3.431,0.756921575833333,3.441,0.756883117222222,3.451
0.757197944722222,3.421,0.757199911944444,3.441,0.757161295833333,3.451
0.757475653888889,3.421,0.757477501388889,3.441,0.757439165,3.451
0.757753040277778,3.421,0.757755604166667,3.441,0.757717071388889,3.451
0.758031269166667,3.431,0.758033446666667,3.441,0.757995088333333,3.451
0.758309163333333,3.431,0.758311713888889,3.441,0.758272541666667,3.451
0.758587155833333,3.431,0.758589601388889,3.441,0.758550448055556,3.451
0.758865021944444,3.431,0.758867144166667,3.441,0.758828645,3.451
0.75914265,3.431,0.759145238611111,3.441,0.759106265833333,3.451
0.759420704166667,3.431,0.759423140833333,3.441,0.759384226944445,3.451
0.759698115,3.431,0.7597007625,3.441,0.759662261944444,3.451
0.759976143333333,3.431,0.759978671944444,3.441,0.759939838055556,3.451
0.760253837777778,3.431,0.760256401111111,3.441,0.760217888888889,3.451
0.760531863611111,3.431,0.760534067222222,3.441,0.760495721111111,3.451
0.760809795833333,3.431,0.760812088333333,3.441,0.760773196111111,3.451
0.761087501111111,3.431,0.76108989,3.441,0.761051693333333,3.451
0.761365380833333,3.421,0.7613678875,3.441,0.761329260277778,3.451
0.761642903055556,3.431,0.761645623055555,3.441,0.761607508333333,3.451
0.761920965277778,3.431,0.76192349,3.441,0.761885385833333,3.451
0.762198606944444,3.431,0.762201421388889,3.441,0.762163405833333,3.451
0.762476390277778,3.431,0.762479379722222,3.441,0.762441458888889,3.451
0.762754054166667,3.431,0.762757364166667,3.441,0.762718787777778,3.451
0.763031910555556,3.431,0.763035263055556,3.441,0.762996987222222,3.451
0.763310174166667,3.431,0.763312702777778,3.441,0.763274984444445,3.451
0.763588028888889,3.431,0.763591070555556,3.441,0.763552714722222,3.451
0.76386595,3.431,0.763868745833333,3.441,0.763830545,3.451
0.764143540833333,3.431,0.764146775833333,3.441,0.764108550277778,3.451
0.764421841666667,3.431,0.764424585833333,3.441,0.764386026111111,3.451
0.764699772222222,3.431,0.764702603888889,3.441,0.764664128611111,3.451
0.764977847777778,3.431,0.764980291388889,3.441,0.764941939444444,3.451
0.765255501666667,3.431,0.765258368333333,3.451,0.765219374722222,3.451
0.7655333825,3.431,0.765536025277778,3.441,0.765497463888889,3.451
0.765810829166667,3.431,0.765813933055556,3.441,0.765775530277778,3.451
0.766089267777778,3.431,0.766091562777778,3.441,0.766053478888889,3.451
0.766366582777778,3.431,0.766369499166667,3.451,0.766331249444444,3.451
0.766644603888889,3.431,0.766647229444444,3.441,0.766609143888889,3.451
0.766922428888889,3.431,0.766924926111111,3.441,0.766886781388889,3.451
0.767200324444444,3.431,0.767202621944444,3.441,0.767164806944444,3.451
0.7674780275,3.431,0.767480711944444,3.441,0.767442295,3.451
0.767755969444444,3.431,0.767758511944444,3.441,0.7677199875,3.451
0.76803376,3.431,0.768036262222222,3.441,0.767998040277778,3.451
0.768311440555556,3.431,0.768314229166667,3.441,0.768276101666667,3.451
0.768589126666667,3.431,0.768592327222222,3.441,0.768553894722222,3.451
0.768867067222222,3.431,0.768870235555556,3.441,0.768832283888889,3.451
0.769145097222222,3.431,0.769148055555556,3.441,0.769110101388889,3.451
0.769422755277778,3.431,0.769425481944444,3.441,0.769387710833333,3.451
0.769700708055556,3.431,0.769703648611111,3.441,0.769665696666667,3.451
0.769978295277778,3.431,0.769981829166667,3.441,0.769943487222222,3.451
0.770256155555556,3.431,0.770259455,3.441,0.770221591666667,3.451
0.770533893888889,3.431,0.770537155833333,3.441,0.770499571666667,3.451
0.770811597222222,3.431,0.770815026111111,3.441,0.770777386388889,3.451
0.771089442777778,3.421,0.771092881388889,3.441,0.771055194722222,3.451
0.771367462222222,3.431,0.771371221944445,3.441,0.771333335,3.451
0.771645128333333,3.431,0.771649153611111,3.441,0.771611020833333,3.451
0.7719227175,3.431,0.771927054166667,3.441,0.771888970277778,3.451
0.772201224166667,3.431,0.772204595555556,3.441,0.772166837222222,3.451
0.772478596111111,3.431,0.77248216,3.441,0.772444705277778,3.451
0.772756891944444,3.421,0.772759956111111,3.441,0.772722387222222,3.451
0.773034428888889,3.431,0.773038257222222,3.441,0.773000046111111,3.451
0.773312731388889,3.431,0.7733160625,3.451,0.773277896111111,3.451
0.773590604444444,3.431,0.773594348888889,3.441,0.773555851111111,3.451
0.773868378888889,3.431,0.773872225,3.441,0.773833483055556,3.451
0.774146278333333,3.431,0.7741500125,3.441,0.774111153333333,3.451
0.7744241375,3.431,0.774427811111111,3.441,0.774389218888889,3.451
0.774701888611111,3.431,0.774705577222222,3.441,0.7746671625,3.451
0.774979913333333,3.431,0.7749831675,3.441,0.774945077777778,3.451
0.775257921666667,3.431,0.775261195,3.441,0.775222888611111,3.451
0.775535581111111,3.431,0.775538936944444,3.441,0.775500645277778,3.451
0.775813796666667,3.431,0.775816739166667,3.441,0.775778374722222,3.451
0.776091745833333,3.431,0.776094313055556,3.441,0.776056385277778,3.451
0.7763694925,3.431,0.776372261666667,3.441,0.776334321111111,3.451
0.776647689444444,3.431,0.776650109444444,3.441,0.776611993611111,3.451
0.776925608055556,3.421,0.7769274725,3.441,0.776889576944444,3.451
0.777203772777778,3.431,0.777205617222222,3.441,0.777167774722222,3.451
0.777481571111111,3.431,0.777483462777778,3.441,0.777445359444444,3.451
0.777759494166667,3.431,0.777761031388889,3.441,0.777723630833333,3.451
0.778037462777778,3.431,0.778039050277778,3.441,0.778001646944445,3.451
0.778315511111111,3.431,0.778316938611111,3.441,0.778279083611111,3.451
0.778593146666667,3.431,0.778594676388889,3.441,0.778557327777778,3.451
0.778871185833333,3.431,0.778872495833333,3.441,0.778835516111111,3.451
0.7791488825,3.431,0.779150194444444,3.441,0.779113273055556,3.451
0.779426688611111,3.431,0.779427736388889,3.441,0.779391000277778,3.451
0.779704820833333,3.431,0.779705934444444,3.441,0.779669102222222,3.451
0.779982692777778,3.431,0.779983851388889,3.441,0.779947007222222,3.451
0.780260053611111,3.431,0.780261910277778,3.441,0.7802248975,3.451
0.780538026944444,3.431,0.78053984,3.441,0.780502853888889,3.451
0.780815873055556,3.431,0.780818196944444,3.451,0.780780837777778,3.451
0.781094040833333,3.431,0.781095725277778,3.441,0.781058485,3.451
0.781371493055556,3.431,0.781373546666667,3.441,0.781336191944444,3.451
0.781649088333333,3.431,0.7816514675,3.441,0.781614536111111,3.451
0.781927419444444,3.431,0.781929504444444,3.441,0.781892128333333,3.451
0.782205934444444,3.431,0.782207278888889,3.441,0.782170060555556,3.451
0.7824838,3.431,0.782484857777778,3.441,0.782448103888889,3.451
0.782762050833333,3.431,0.782762746388889,3.441,0.782726239166667,3.451
0.783039729166667,3.431,0.783040845555556,3.441,0.783004085,3.451
0.783317571111111,3.431,0.783318840277778,3.441,0.783281931388889,3.451
0.783595282222222,3.431,0.783596756111111,3.451,0.7835597625,3.451
0.783873230277778,3.431,0.783874583055556,3.441,0.783837395555556,3.451
0.784150994722222,3.431,0.784152901944445,3.441,0.784115516666667,3.451
0.784428642777778,3.431,0.784430279722222,3.441,0.784393584166667,3.451
0.784707021111111,3.431,0.784708688333333,3.441,0.784671594722222,3.451
0.784985057777778,3.431,0.784986828611111,3.441,0.784949108888889,3.451
0.785262745833333,3.431,0.785264935277778,3.441,0.785226886388889,3.451
0.785540542222222,3.431,0.785542910833333,3.441,0.785505156944444,3.451
0.785818235833333,3.431,0.785820586388889,3.441,0.785783178611111,3.451
0.7860962125,3.431,0.786098625833333,3.441,0.786060735,3.451
0.786373846111111,3.431,0.786376224166667,3.451,0.786338862777778,3.451
0.786651560277778,3.431,0.786654143611111,3.441,0.786616461944444,3.451
0.786929448611111,3.431,0.786931850555556,3.451,0.786894299166667,3.451
0.787207220277778,3.431,0.787209877777778,3.441,0.787172189444444,3.451
0.787485439444444,3.431,0.787487574722222,3.441,0.787450064722222,3.451
0.787763343611111,3.421,0.787765429166667,3.441,0.787728116944444,3.451
0.788041041388889,3.431,0.788043071944444,3.441,0.788005925,3.451
0.788318992222222,3.431,0.788321024166667,3.441,0.788283537777778,3.451
0.788596722777778,3.431,0.788598918055556,3.441,0.788561373055556,3.451
0.788874285277778,3.431,0.788876422777778,3.441,0.788839809444445,3.451
0.789152289444444,3.431,0.789154588888889,3.441,0.789117696388889,3.451
0.789429777222222,3.431,0.789432436388889,3.441,0.789395506111111,3.451
0.789707777777778,3.431,0.789710219722222,3.441,0.789673220833333,3.451
0.789985735,3.431,0.789988045833333,3.441,0.789951115,3.451
0.790263559444444,3.431,0.7902661025,3.441,0.790228535277778,3.451
0.790541389166667,3.431,0.7905437825,3.441,0.7905065475,3.451
0.790819068055556,3.431,0.790821695,3.441,0.790784288888889,3.451
0.791096589166667,3.431,0.791099589722222,3.441,0.791062215,3.451
0.791374671388889,3.431,0.791377257777778,3.441,0.791340283888889,3.451
0.79165265,3.431,0.791655359166667,3.441,0.791618206388889,3.451
0.791930303888889,3.431,0.791933271666667,3.441,0.791895883055556,3.451
0.792208284722222,3.431,0.792210948611111,3.451,0.792173878333333,3.451
0.7924860825,3.431,0.792488816388889,3.441,0.792451600555556,3.451
0.792763849166667,3.431,0.792766497222222,3.451,0.792729493055556,3.451
0.793042076944445,3.431,0.793044495277778,3.441,0.793007105833333,3.451
0.793319648333333,3.431,0.793322363888889,3.441,0.793285197777778,3.451
0.793597528888889,3.431,0.793600062777778,3.451,0.793562923888889,3.451
0.793875134444444,3.431,0.793877676944444,3.441,0.793841299444444,3.451
0.794152950833333,3.431,0.794155835555556,3.451,0.794118975,3.451
0.794430546666667,3.431,0.794433689444444,3.451,0.794396596944444,3.451
0.794708905833333,3.431,0.794711678055556,3.451,0.794674781944445,3.451
0.794986496666667,3.431,0.794989921944444,3.451,0.794952385277778,3.451
0.795264610555556,3.431,0.795267725833333,3.451,0.795230653611111,3.451
0.795542236666667,3.431,0.795545381666667,3.441,0.795508322777778,3.451
0.795820470833333,3.431,0.795823401388889,3.451,0.795786529722222,3.451
0.796098196111111,3.431,0.796101208333333,3.441,0.796064201666667,3.451
0.796375812222222,3.431,0.796378595555556,3.441,0.796342113055556,3.451
0.796653749166667,3.431,0.796656791388889,3.451,0.796619951944444,3.451
0.796931615555556,3.431,0.796934914722222,3.441,0.796897775277778,3.451
0.797209478888889,3.431,0.797212660833333,3.451,0.797175625833333,3.451
0.797487150555556,3.431,0.797490275,3.451,0.797453363888889,3.451
0.797764660277778,3.431,0.797768368055556,3.441,0.797731231944444,3.451
0.798042699722222,3.431,0.798045903055556,3.451,0.798009055555556,3.451
0.798321018333333,3.431,0.798323920555555,3.451,0.798287227222222,3.451
0.798598769722222,3.431,0.798601630277778,3.441,0.798565021666667,3.451
0.798876358055556,3.431,0.798879304166667,3.451,0.798842900833333,3.451
0.799154374444444,3.431,0.799157210277778,3.441,0.799120987222222,3.451
0.799432001388889,3.431,0.799435105555556,3.441,0.799399206666667,3.451
0.799709743888889,3.431,0.799713011944444,3.441,0.799676854722222,3.451
0.799987998055556,3.431,0.7999907125,3.441,0.799954656111111,3.451
0.800265839166667,3.431,0.800268410833333,3.451,0.800232407222222,3.451
0.800544078611111,3.431,0.800546624444444,3.441,0.800509865833333,3.451
0.800821961111111,3.431,0.800824550833333,3.441,0.800787890555556,3.451
0.801099811944444,3.431,0.801101883055556,3.441,0.801066156388889,3.451
0.801377552222222,3.431,0.801380171388889,3.451,0.801344193611111,3.451
0.801655546388889,3.431,0.801657898333333,3.441,0.8016219,3.451
0.801933474166667,3.431,0.801935651944444,3.441,0.801899890277778,3.451
0.802211275555555,3.431,0.802213655,3.451,0.802177566388889,3.451
0.802488888888889,3.431,0.802491423611111,3.451,0.802455505833333,3.451
0.802766915,3.431,0.802768970277778,3.441,0.802733483611111,3.451
0.803045179166667,3.431,0.803047171388889,3.441,0.803011226944444,3.451
0.803322904722222,3.431,0.803324937777778,3.451,0.803288751666667,3.451
0.803600817222222,3.431,0.803602733055556,3.451,0.803567153611111,3.451
0.803878591388889,3.431,0.803880806666667,3.451,0.8038450075,3.451
0.804156751666667,3.431,0.804158689444444,3.451,0.804123101111111,3.451
0.804434665555556,3.431,0.8044367175,3.441,0.80440102,3.451
0.8047123175,3.431,0.804714483888889,3.451,0.804679131944444,3.451
0.804990058611111,3.431,0.804992236666667,3.451,0.8049569175,3.451
0.805268248888889,3.431,0.805270105555556,3.441,0.805234736666667,3.451
0.805546235833333,3.431,0.805547801388889,3.451,0.805512548333333,3.451
0.805823873611111,3.431,0.805825476111111,3.441,0.8057900475,3.451
0.806101903333333,3.431,0.806103545555556,3.451,0.806067928611111,3.451
0.8063799025,3.431,0.80638135,3.451,0.806345506944444,3.451
0.806657950277778,3.431,0.80665935,3.441,0.806623711944444,3.451
0.806935677777778,3.431,0.806937229444444,3.451,0.806901070277778,3.451
0.807213580277778,3.431,0.807215216388889,3.441,0.807179006111111,3.451
0.807491447777778,3.431,0.807492974166667,3.451,0.8074570575,3.451
0.807769139166667,3.431,0.807771157222222,3.441,0.807734682777778,3.451
0.808047616666667,3.431,0.808048775,3.441,0.808012891388889,3.451
0.808325664444444,3.431,0.808326656944444,3.451,0.808290903055556,3.451
0.8086034225,3.431,0.808604280277778,3.451,0.808568531388889,3.451
0.808880839166667,3.431,0.808881885,3.451,0.808846739166667,3.451
0.809158865,3.431,0.809160039166667,3.451,0.809124831388889,3.451
0.809436720833333,3.431,0.8094376875,3.441,0.809402405833333,3.451
0.809714818611111,3.431,0.809715712777778,3.441,0.809680363888889,3.451
0.809992379444444,3.431,0.8099935925,3.441,0.809958036944444,3.451
0.810269960833333,3.431,0.810271430833333,3.441,0.810236257777778,3.451
0.810547830277778,3.431,0.8105497975,3.451,0.810514179722222,3.451
0.810826265833333,3.431,0.810827528611111,3.451,0.810791566111111,3.451
0.811104307777778,3.431,0.811105036666667,3.451,0.8110696425,3.451
0.811381803333333,3.431,0.811383144722222,3.451,0.811347538333333,3.451
0.811659991666667,3.431,0.811661123333333,3.451,0.811625628055556,3.451
0.811937462777778,3.431,0.811939057777778,3.451,0.811903415833333,3.451
0.812215735833333,3.431,0.812216843611111,3.441,0.812180821388889,3.451
0.812493513055556,3.431,0.812494656388889,3.441,0.812459155,3.451
0.812771526388889,3.431,0.812772531388889,3.451,0.812737073888889,3.451
0.813049241944445,3.431,0.813050691111111,3.441,0.813014846944444,3.451
0.813327308333333,3.431,0.813328256388889,3.451,0.813292823611111,3.451
0.813605282777778,3.431,0.813606121944444,3.441,0.813570748055556,3.451
0.813883076666667,3.431,0.813884015555556,3.451,0.813848404444445,3.451
0.814161071111111,3.431,0.814161531388889,3.451,0.814126453055556,3.451
0.814438777222222,3.431,0.814439427777778,3.441,0.814404051388889,3.451
0.814716669444445,3.431,0.814717191666667,3.451,0.814681513888889,3.451
0.814994280555556,3.431,0.814994934166667,3.441,0.814959671944445,3.451
0.815272121111111,3.431,0.815272741944444,3.451,0.815237775,3.451
0.815550085833333,3.431,0.815550885833333,3.441,0.81551536,3.451
0.815827865277778,3.431,0.815829020277778,3.441,0.815793233333333,3.451
0.8161057525,3.431,0.816106628888889,3.451,0.816071019166667,3.451
0.816383352222222,3.431,0.816384525833333,3.451,0.816348843611111,3.451
0.816661209166667,3.431,0.816662770555556,3.451,0.816626506944444,3.451
0.816939335833333,3.431,0.816940582777778,3.451,0.816904409722222,3.451
0.817216885833333,3.431,0.817218336111111,3.451,0.817182053611111,3.451
0.817494777777778,3.431,0.817496064722222,3.451,0.817459948055556,3.451
0.817772681944444,3.431,0.817774008333333,3.451,0.817737773055556,3.451
0.818050383888889,3.431,0.818051767222222,3.451,0.818015892222222,3.451
0.818328053333333,3.431,0.818329184444444,3.441,0.818293744722222,3.451
0.818606167777778,3.431,0.818607332777778,3.451,0.818571680555556,3.451
0.818883674722222,3.431,0.818885421944444,3.451,0.818849298055556,3.451
0.819161890277778,3.431,0.819162957222222,3.451,0.819127409444445,3.451
0.819439776944444,3.431,0.819440819166667,3.441,0.819404922222222,3.451
0.819717451388889,3.431,0.819718504166667,3.451,0.819683044722222,3.451
0.819995686944444,3.431,0.819996368611111,3.451,0.819961295,3.451
0.820273801944444,3.431,0.820274508888889,3.441,0.820239191388889,3.451
0.820552040555556,3.431,0.820552215277778,3.451,0.820516656944444,3.451
0.820829911111111,3.431,0.820829685,3.451,0.820794491111111,3.451
0.821107948888889,3.431,0.821108100833333,3.451,0.8210726,3.451
0.821385978333333,3.431,0.821385928333333,3.451,0.821350400555556,3.451
0.821664063333333,3.431,0.821663953611111,3.451,0.82162812,3.451
0.821942098333333,3.431,0.821941692222222,3.451,0.821906370277778,3.451
0.822219758055556,3.431,0.822219809166667,3.451,0.822184495555556,3.451
0.822498108055555,3.431,0.822497728055556,3.451,0.822462068055556,3.451
0.822776006111111,3.431,0.822775371388889,3.451,0.822740028055556,3.451
0.823053538055556,3.431,0.82305326,3.451,0.823017718333333,3.451
0.823331819722222,3.431,0.823331114166667,3.451,0.823295580555556,3.451
0.823609858888889,3.431,0.823609043333333,3.451,0.823573195277778,3.451
0.823887531111111,3.431,0.823886893055556,3.451,0.823850961388889,3.451
0.824165423888889,3.431,0.824164633055556,3.451,0.824128740833333,3.451
0.824443466111111,3.431,0.824442816944444,3.451,0.824406994722222,3.451
0.824720924166667,3.431,0.824720246944444,3.441,0.824684560277778,3.451
0.824998781111111,3.431,0.824998141944445,3.451,0.824962529444444,3.451
0.825276428888889,3.431,0.825275723611111,3.451,0.825240601666667,3.451
0.825554637222222,3.431,0.8255540525,3.451,0.8255182475,3.451
0.825832258611111,3.431,0.825831861388889,3.451,0.825795989166667,3.451
0.826110510833333,3.431,0.826109609722222,3.451,0.826073868055556,3.451
0.826388734444444,3.431,0.826387550833333,3.451,0.826351245555556,3.451
0.826666314444444,3.431,0.826665390277778,3.451,0.826629444166667,3.451
0.826944293333333,3.431,0.8269433325,3.451,0.826907135555556,3.451
0.8272222775,3.431,0.827221239722222,3.451,0.827184662222222,3.451
0.827500012222222,3.431,0.827498970277778,3.451,0.827462698055556,3.451
0.8277775975,3.431,0.827776983333333,3.451,0.827740262222222,3.451
0.828055738888889,3.431,0.828054930277778,3.451,0.828018470277778,3.451
0.828333618888889,3.431,0.828332672777778,3.451,0.828296284722222,3.451
0.828611590555556,3.431,0.828610975277778,3.451,0.828574058888889,3.451
0.828889463333333,3.431,0.828889350277778,3.451,0.828851563055556,3.451
0.829167118888889,3.431,0.829167438611111,3.451,0.829129620277778,3.451
0.829444861111111,3.431,0.829445185833333,3.451,0.82940813,3.451
0.829722894722222,3.431,0.829723134722222,3.451,0.829686189722222,3.451
0.830000522777778,3.431,0.830000797222222,3.451,0.829963839722222,3.451
0.830278695,3.431,0.830279064166667,3.451,0.830241876111111,3.451
0.8305562425,3.431,0.830556960555556,3.451,0.830520013611111,3.451
0.830834580277778,3.431,0.830834736111111,3.441,0.830797427222222,3.451
0.831111899722222,3.431,0.831112123611111,3.451,0.831075747777778,3.451
0.831390279166667,3.431,0.831389898055556,3.451,0.8313534475,3.451
0.831668382222222,3.431,0.831668354722222,3.451,0.831631408333333,3.451
0.831946258888889,3.431,0.831946094722222,3.441,0.831908980555556,3.451
0.832224048611111,3.431,0.832224252777778,3.451,0.832186566944444,3.451
0.832501648055555,3.431,0.832501901111111,3.451,0.832464369444444,3.451
0.832779656111111,3.431,0.832780131666667,3.451,0.832742782777778,3.451
0.8330576225,3.431,0.833058073611111,3.441,0.833020915,3.451
0.833335271666667,3.431,0.833335856666667,3.451,0.833299151666667,3.451
0.833613526944444,3.431,0.833613553333333,3.451,0.833576557777778,3.451
0.833891378888889,3.431,0.833891441666667,3.451,0.833854798333333,3.451
0.834168850277778,3.431,0.834169194444444,3.451,0.834132565,3.451
0.834446988611111,3.431,0.834447397222222,3.451,0.834410774722222,3.451
0.83472489,3.441,0.834725601944444,3.451,0.834688578611111,3.451
0.83500214,3.431,0.835003709444444,3.451,0.834966296666667,3.451
0.835280105555556,3.431,0.835281206388889,3.451,0.835243813055556,3.451
0.835557890277778,3.431,0.835559109444445,3.451,0.835521897222222,3.451
0.8358359575,3.431,0.835837324722222,3.451,0.835799606111111,3.451
0.836113409722222,3.431,0.836115189722222,3.451,0.836077654722222,3.451
0.836391672222222,3.431,0.836393243888889,3.451,0.836355496388889,3.451
0.836669391388889,3.431,0.836670739444444,3.441,0.836633666111111,3.451
0.836947295277778,3.431,0.836948635833333,3.451,0.836911625277778,3.451
0.837225171111111,3.431,0.837226321944444,3.451,0.837189790277778,3.451
0.837502423888889,3.431,0.837503948611111,3.451,0.837467626111111,3.451
0.837780660833333,3.431,0.837781551666667,3.441,0.837745638055556,3.451
0.838058548888889,3.431,0.838059731388889,3.451,0.838023503888889,3.451
0.838336481111111,3.431,0.838337261666667,3.451,0.838301357222222,3.451
0.8386142575,3.431,0.838614918611111,3.451,0.838579287777778,3.451
0.838891915,3.431,0.838892770555556,3.451,0.838856865277778,3.451
0.839169996388889,3.431,0.839171237222222,3.451,0.839134693333333,3.451
0.839448104722222,3.431,0.839449188888889,3.451,0.839412185833333,3.451
0.839726201944444,3.431,0.839726846388889,3.451,0.839690338333333,3.451
0.840003640833333,3.431,0.840004666944445,3.451,0.839968399166667,3.451
0.840281828611111,3.431,0.840282182777778,3.451,0.840245989444444,3.451
0.840560103055556,3.431,0.840560400277778,3.451,0.840523846111111,3.451
0.840837750555556,3.431,0.840838652777778,3.451,0.840801719722222,3.451
0.84111542,3.431,0.841116306111111,3.451,0.841079719166667,3.451
0.841393255277778,3.431,0.841394419444444,3.451,0.841357326666667,3.451
0.841671245555556,3.431,0.841672441666667,3.451,0.841635280555556,3.451
0.841949196388889,3.431,0.841950072777778,3.451,0.841913198333333,3.451
0.842227021666667,3.431,0.842227689166667,3.451,0.842191510555556,3.451
0.842504858333333,3.431,0.842505616111111,3.451,0.842469334166667,3.451
0.8427828575,3.431,0.842783498611111,3.451,0.842747067222222,3.451
0.843060572222222,3.431,0.843061531111111,3.451,0.843025290277778,3.451
0.843338355277778,3.431,0.843338952777778,3.451,0.843303071944444,3.451
0.843616169444445,3.431,0.843616914166667,3.451,0.843580950555556,3.451
0.843893674722222,3.431,0.8438948975,3.451,0.843858991944444,3.451
0.844171840277778,3.431,0.844172965833333,3.451,0.844136741944444,3.451
0.844449447777778,3.431,0.844451001944444,3.451,0.844414502222222,3.451
0.844727585,3.431,0.844728806666667,3.451,0.844691900277778,3.451
0.845005226111111,3.441,0.845007070555556,3.451,0.844969785,3.451
0.845283373055556,3.431,0.845284680833333,3.451,0.845247849722222,3.451
0.845561361388889,3.431,0.845562642777778,3.451,0.845525438888889,3.451
0.845839241388889,3.431,0.845839962222222,3.451,0.845803319444445,3.451
0.8461169725,3.431,0.846118094722222,3.451,0.846081329722222,3.451
0.846394696388889,3.431,0.846396232777778,3.451,0.846359047222222,3.451
0.8466727225,3.431,0.846673774444444,3.451,0.846637003333333,3.451
0.846950485277778,3.431,0.846951873333333,3.451,0.846914586666667,3.451
0.847228415833333,3.431,0.8472301,3.451,0.847192611111111,3.451
0.847506143888889,3.431,0.847507697777778,3.451,0.847470446666667,3.451
0.847784435833333,3.431,0.847785925833333,3.451,0.847748338333333,3.451
0.848062333055556,3.431,0.848063516944444,3.451,0.848025822777778,3.451
0.848340326666667,3.431,0.848341727777778,3.441,0.848304008333333,3.451
0.848618160277778,3.431,0.848619246388889,3.451,0.848581478611111,3.451
0.848896111388889,3.431,0.848897036111111,3.451,0.848859484722222,3.451
0.849173731666667,3.431,0.849174946388889,3.451,0.849137337222222,3.451
0.849452049722222,3.431,0.849453096666667,3.451,0.849415550555556,3.451
0.849729658888889,3.431,0.849730967222222,3.451,0.849693308055556,3.451
0.850007140555555,3.431,0.850009050833333,3.451,0.849971178888889,3.451
0.850285265555556,3.431,0.850286928055556,3.451,0.850249166666667,3.451
0.850563114444444,3.431,0.850564870833333,3.451,0.850526935,3.451
0.850840829166667,3.431,0.850842823611111,3.451,0.850804775833333,3.451
0.851119074166667,3.431,0.851120302222222,3.451,0.851083139166667,3.451
0.851397085277778,3.441,0.851398176111111,3.451,0.851360811944444,3.451
0.851675128333333,3.431,0.851676078611111,3.451,0.851638775833333,3.451
0.851953000277778,3.431,0.851954123888889,3.451,0.851916606666667,3.451
0.852231160555556,3.431,0.852231763055555,3.451,0.852194109444445,3.451
0.852509332777778,3.431,0.852509805833333,3.451,0.852472484444444,3.451
0.852787095555556,3.431,0.852787747777778,3.451,0.852750116944444,3.451
0.853065243611111,3.431,0.853065496944444,3.451,0.853028074722222,3.451
0.853342957222222,3.431,0.853343715833333,3.451,0.853305697777778,3.451
0.853621036944444,3.431,0.853621565277778,3.451,0.853583568055556,3.451
0.853898870833333,3.431,0.853899467777778,3.451,0.853861295555555,3.451
0.854176694722222,3.431,0.85417733,3.451,0.854139059166667,3.451
0.854454502777778,3.431,0.854454941388889,3.451,0.854417218333333,3.451
0.854732705277778,3.431,0.854732886944444,3.451,0.854695253888889,3.451
0.855010656111111,3.431,0.855010763611111,3.451,0.854973170555556,3.451
0.855288266944444,3.431,0.855288731111111,3.451,0.855251051666667,3.451
0.855566343333333,3.431,0.855566393611111,3.451,0.855529005,3.451
0.855844065,3.441,0.855844204722222,3.451,0.855806834722222,3.451
0.856121924444444,3.431,0.856122344444444,3.451,0.856084578055556,3.451
0.856399648333333,3.431,0.85640079,3.451,0.856362606944444,3.451
0.856677281944444,3.431,0.856678680833333,3.451,0.856640735,3.451
0.856955682777778,3.431,0.856956358055555,3.451,0.856918967222222,3.451
0.857233071388889,3.431,0.857234567222222,3.451,0.857196530555556,3.451
0.8575113075,3.431,0.857512373333333,3.451,0.857474319166667,3.451
0.857789343611111,3.431,0.857790659166667,3.451,0.857752271666667,3.451
0.858066873888889,3.431,0.858068428333333,3.451,0.858030080555556,3.451
0.858345075,3.431,0.858345825,3.451,0.858307503611111,3.451
0.858622742777778,3.431,0.858624035,3.451,0.858585121388889,3.451
0.858900865,3.431,0.858902138888889,3.451,0.858863236944445,3.451
0.859178496944444,3.431,0.859179665,3.451,0.859141394166667,3.451
0.859456293055556,3.431,0.859457816388889,3.451,0.859419308611111,3.451
0.859734173611111,3.431,0.859735741111111,3.451,0.859696843055555,3.451
0.860011864722222,3.431,0.860013866944444,3.451,0.859974573333333,3.451
0.860290170555556,3.431,0.860291828888889,3.451,0.860252866111111,3.451
0.860568424444444,3.431,0.860569758055556,3.451,0.860530713333333,3.451
0.860846338611111,3.431,0.860847533611111,3.451,0.860808329166667,3.451
0.861124190833333,3.431,0.861124964722222,3.451,0.8610865075,3.451
0.861402048055556,3.431,0.861403085,3.451,0.861364127222222,3.451
0.861679703888889,3.431,0.861680715277778,3.451,0.861641990277778,3.451
0.861957313611111,3.431,0.861958256944444,3.451,0.861919911944444,3.451
0.862234941944444,3.431,0.86223632,3.451,0.86219741,3.451
0.862513220277778,3.431,0.862514578333333,3.451,0.862475561666667,3.451
0.862790775833333,3.431,0.862792323055556,3.451,0.862753267222222,3.451
0.863068789722222,3.431,0.863070009166667,3.451,0.863031042777778,3.451
0.863346656111111,3.431,0.86334781,3.451,0.863309278055555,3.451
0.863624487777778,3.431,0.863625900555556,3.451,0.863586866111111,3.451
0.863901988333333,3.431,0.863903495555556,3.451,0.863864733611111,3.451
0.864179951111111,3.431,0.864181301944444,3.451,0.86414266,3.451
0.864457813055556,3.431,0.864459390833333,3.451,0.864420608611111,3.451
0.864735653888889,3.441,0.864736887777778,3.451,0.864698551388889,3.451
0.865013502222222,3.431,0.865015058888889,3.451,0.864976285833333,3.451
0.865291466666667,3.431,0.865292634722222,3.451,0.865254140833333,3.451
0.865569378055556,3.431,0.865570478055556,3.451,0.865531941944444,3.461
0.865847667777778,3.431,0.865848115555556,3.451,0.865810042777778,3.451
0.8661249175,3.431,0.866126153055556,3.451,0.866087495555556,3.451
0.866403059722222,3.431,0.866403880555556,3.451,0.866365626388889,3.451
0.866680965277778,3.431,0.866681434444444,3.451,0.8666439225,3.451
0.866958599166667,3.431,0.866959815555556,3.451,0.866921860277778,3.451
0.867236349444444,3.431,0.867237239166667,3.451,0.867199577777778,3.451
0.8675144675,3.431,0.867515193888889,3.451,0.867477376111111,3.451
0.867792313333333,3.431,0.867793080277778,3.451,0.867755327777778,3.451
0.868069681388889,3.431,0.868070923888889,3.451,0.868033319166667,3.451
0.868347866111111,3.441,0.868348506111111,3.451,0.868311128611111,3.451
0.868625704444445,3.431,0.868626360833333,3.451,0.868589008055556,3.451
0.868903683611111,3.431,0.868904208611111,3.451,0.868866797222222,3.451
0.86918175,3.431,0.8691820675,3.451,0.869144856388889,3.451
0.869459436111111,3.431,0.869459781388889,3.451,0.869422630277778,3.451
0.869737328611111,3.431,0.869737556111111,3.451,0.869700370277778,3.451
0.870014926666667,3.441,0.870015615555556,3.451,0.869978664166667,3.451
0.870292728888889,3.431,0.870293475833333,3.451,0.870256434166667,3.451
0.870570268333333,3.431,0.870571342777778,3.451,0.870534029444444,3.451
0.870848107777778,3.431,0.870849318333333,3.451,0.870811779444444,3.451
0.8711261775,3.441,0.87112726,3.451,0.871089985,3.451
0.871403792777778,3.441,0.871405408055556,3.451,0.871367419166667,3.451
0.871681577222222,3.441,0.871682683611111,3.451,0.871645606388889,3.461
0.871959456111111,3.431,0.871960976666667,3.451,0.871924004722222,3.451
0.872237562222222,3.441,0.872238949444444,3.451,0.872201798611111,3.451
0.872515403611111,3.431,0.8725170325,3.451,0.872479739444444,3.451
0.872793408333333,3.431,0.872794458055556,3.451,0.872757215,3.451
0.873071281111111,3.431,0.873072335277778,3.451,0.873035314166667,3.451
0.873348809444444,3.441,0.873350358333333,3.451,0.873313265833333,3.451
0.873626617222222,3.431,0.873628427777778,3.451,0.873591116944444,3.451
0.8739045675,3.431,0.873905910277778,3.451,0.873869173888889,3.451
0.874182613055555,3.431,0.874184146666667,3.451,0.874147151666667,3.451
0.874460359166667,3.431,0.874461927222222,3.451,0.874424970555556,3.451
0.874737981666667,3.431,0.874739649166667,3.451,0.874702645555556,3.451
0.875016253611111,3.431,0.8750172675,3.451,0.8749808825,3.451
0.875293781388889,3.431,0.875295014444444,3.451,0.875259037222222,3.461
0.875571586666667,3.431,0.87557298,3.451,0.875536911388889,3.451
0.87584956,3.431,0.875850864444444,3.451,0.875814682222222,3.451
0.87612691,3.431,0.876128803611111,3.451,0.8760926125,3.451
0.876404756111111,3.431,0.876406368888889,3.451,0.876370176944444,3.451
0.876683156111111,3.431,0.876684370555555,3.451,0.876648202777778,3.451
0.876961018611111,3.441,0.876962086388889,3.451,0.876926136666667,3.451
0.8772387225,3.441,0.877239653055556,3.451,0.8772037375,3.451
0.877516946111111,3.441,0.877517859166667,3.451,0.877481621944444,3.461
0.877794773055556,3.441,0.877795532222222,3.451,0.877759238611111,3.451
0.878072624166667,3.431,0.8780737975,3.451,0.878037165833333,3.461
0.878350681388889,3.441,0.878351287777778,3.451,0.878314894722222,3.451
0.878628399166667,3.431,0.878629381111111,3.451,0.878592664166667,3.451
0.878906285277778,3.441,0.878907200555555,3.451,0.878870316944444,3.451
0.879183947222222,3.431,0.879185295277778,3.451,0.879148202222222,3.451
0.879461704444444,3.431,0.879463221111111,3.451,0.879426051111111,3.451
0.879739464444445,3.441,0.879740766944444,3.451,0.879703966111111,3.451
0.880017397222222,3.431,0.880019169722222,3.451,0.879981700555556,3.451
0.880295201944444,3.431,0.880296983055556,3.451,0.880259298888889,3.451
0.880573226944444,3.441,0.880575344722222,3.451,0.880536829722222,3.461
0.880850985277778,3.431,0.880853401944445,3.451,0.880815032222222,3.451
0.881128550277778,3.431,0.881131487222222,3.451,0.881092907777778,3.451
0.881406447777778,3.431,0.881409078055556,3.451,0.8813707625,3.451
0.881684263333333,3.431,0.881686826944444,3.451,0.881648878333333,3.451
0.881962334444444,3.431,0.8819646025,3.451,0.881926804444444,3.451
0.882240344444444,3.431,0.882242311388889,3.451,0.882204986944444,3.451
0.882518278888889,3.431,0.882520533611111,3.451,0.882482670277778,3.451
0.88279636,3.431,0.882798408055556,3.451,0.8827606675,3.461
0.883074665555556,3.431,0.883076023055556,3.451,0.883038283055556,3.451
0.8833525375,3.431,0.883354277222222,3.451,0.883316782777778,3.451
0.883630377777778,3.441,0.883631926111111,3.451,0.883594618888889,3.451
0.883908123333333,3.441,0.883909904722222,3.451,0.883872508888889,3.451
0.884185930277778,3.431,0.884187565833333,3.451,0.884149949444444,3.451
0.8844641175,3.441,0.884465763888889,3.451,0.884427623611111,3.451
0.884742327222222,3.441,0.884743459444444,3.451,0.884705940277778,3.451
0.885020042777778,3.431,0.885021415277778,3.451,0.884983650277778,3.451
0.8852980425,3.441,0.885299406111111,3.451,0.88526111,3.451
0.885575845833333,3.441,0.885577178611111,3.451,0.885539156388889,3.451
0.8858535875,3.431,0.885855118888889,3.451,0.885817104444445,3.451
0.886131730555556,3.431,0.886132885833333,3.451,0.886095143333333,3.451
0.886409896944444,3.431,0.886410537777778,3.451,0.886372915277778,3.451
0.886687288888889,3.441,0.886688223611111,3.451,0.886650682777778,3.451
0.886965373055556,3.441,0.886966469166667,3.451,0.886928372222222,3.451
0.887243001388889,3.431,0.887244304722222,3.451,0.887206550277778,3.451
0.887521132777778,3.441,0.887522253611111,3.451,0.887484271944444,3.451
0.887799057777778,3.431,0.887799661944444,3.451,0.887762069722222,3.451
0.888076759444444,3.431,0.888077791666667,3.451,0.888039829722222,3.461
0.888354696944444,3.441,0.8883556775,3.451,0.888317378611111,3.451
0.888632495277778,3.431,0.8886336425,3.451,0.888595618055556,3.451
0.888910300833333,3.441,0.888911269722222,3.451,0.8888730925,3.461
0.889187841666667,3.441,0.889189262222222,3.451,0.889151215555556,3.451
0.8894657975,3.431,0.889467115555556,3.451,0.889429019166667,3.451
0.889743789444445,3.441,0.889745348333333,3.451,0.889707355,3.451
0.890021365555556,3.431,0.890022938611111,3.451,0.889985120555556,3.461
0.890298908055556,3.441,0.890300731388889,3.451,0.890263054722222,3.451
0.890576878611111,3.441,0.890578512777778,3.451,0.890541085277778,3.461
0.890854613611111,3.431,0.890856025,3.451,0.890819328333333,3.451
0.891132721944444,3.441,0.891134021111111,3.451,0.891097036666667,3.451
0.8914106775,3.431,0.891412295277778,3.451,0.891375062222222,3.461
0.891688275,3.441,0.8916899725,3.451,0.8916531275,3.451
0.891966426388889,3.431,0.891967626388889,3.451,0.891930743055556,3.461
0.892244294166667,3.441,0.8922456225,3.451,0.892208366944444,3.451
0.892521917777778,3.441,0.892523418055555,3.451,0.892486387222222,3.461
0.892799830555556,3.441,0.892801056111111,3.451,0.892763809444444,3.451
0.893077738333333,3.431,0.893078643055556,3.451,0.893041992222222,3.451
0.893355733333333,3.431,0.893356764722222,3.451,0.893319646388889,3.451
0.893633524166667,3.431,0.8936343875,3.451,0.893597622222222,3.451
0.893911091111111,3.431,0.893912131111111,3.451,0.893875473611111,3.451
0.8941888925,3.441,0.8941901425,3.451,0.894153301666667,3.451
0.894467008055556,3.431,0.894467932222222,3.451,0.894431139444445,3.451
0.894745076666667,3.431,0.894745791944444,3.451,0.894709215555556,3.451
0.895022496666667,3.441,0.895023551111111,3.451,0.894986981666667,3.451
0.89530058,3.431,0.895301549444445,3.451,0.895264700833333,3.461
0.895578653888889,3.441,0.895579509444444,3.451,0.895542685,3.461
0.895856569166667,3.441,0.895857600833333,3.451,0.895820655833333,3.451
0.896134189166667,3.431,0.896135510277778,3.451,0.896098281944444,3.451
0.896411844166667,3.431,0.896413660555556,3.451,0.896376273055556,3.461
0.896689673055556,3.441,0.896691504166667,3.451,0.8966539775,3.451
0.896967699722222,3.441,0.896969645555556,3.451,0.896931823888889,3.451
0.897245337222222,3.441,0.897247388055555,3.451,0.897209639722222,3.451
0.8975234,3.441,0.897525546666667,3.451,0.897487420277778,3.451
0.897801196666667,3.441,0.897803329166667,3.451,0.897765350277778,3.461
0.898078966666667,3.441,0.898081030555556,3.451,0.898042871111111,3.451
0.898356738888889,3.441,0.898359214444444,3.451,0.898320730277778,3.451
0.898634601666667,3.441,0.898636970277778,3.451,0.898598561944444,3.451
0.8989120925,3.431,0.898914617222222,3.451,0.898876580833333,3.461
0.899189970277778,3.441,0.899192743611111,3.451,0.899154619166667,3.461
0.899467765277778,3.441,0.899470536111111,3.451,0.899432495,3.451
0.899745714722222,3.441,0.899748275277778,3.451,0.8997099425,3.451
0.900023503333333,3.431,0.900026517222222,3.451,0.899987959166667,3.451
0.900301324166667,3.441,0.900304345,3.451,0.900265471111111,3.451
0.900579423333333,3.441,0.900582091388889,3.451,0.900543570833333,3.451
0.900857144722222,3.441,0.900859506388889,3.451,0.900821533611111,3.461
0.90113479,3.441,0.901137845277778,3.451,0.901099334722222,3.451
0.901412798888889,3.441,0.901415637777778,3.451,0.901377001666667,3.461
0.901690535,3.441,0.901693789444444,3.451,0.901655006111111,3.461
0.901968672777778,3.441,0.901971713611111,3.451,0.901932563333333,3.451
0.902246494166667,3.441,0.902249335277778,3.451,0.902210291666667,3.451
0.902524149444444,3.441,0.902527321666667,3.451,0.902488402222222,3.461
0.902802140277778,3.431,0.902805100833333,3.451,0.902765975833333,3.451
0.903080126111111,3.441,0.903082951666667,3.451,0.903043760555556,3.451
0.903357489722222,3.441,0.903360668333333,3.451,0.90332153,3.451
0.903635630833333,3.431,0.903638553888889,3.451,0.903599951388889,3.451
0.903913311111111,3.431,0.90391653,3.451,0.903877903888889,3.461
0.904190769722222,3.431,0.904194504166667,3.451,0.904155743055555,3.461
0.904468845555556,3.431,0.904472139722222,3.451,0.904433511388889,3.451
0.904747115833333,3.441,0.904750002777778,3.451,0.904711296388889,3.451
0.905025090555556,3.441,0.905028077222222,3.451,0.904989321666667,3.451
0.90530265,3.441,0.905305753333333,3.451,0.9052671125,3.461
0.905580593611111,3.441,0.905583617222222,3.451,0.905544735,3.451
0.905858774166667,3.441,0.905861329722222,3.451,0.905822898055556,3.451
0.90613652,3.441,0.906139195,3.451,0.906100553055556,3.451
0.90641449,3.441,0.906416945,3.451,0.906378300833333,3.461
0.906692176388889,3.431,0.906694959444444,3.451,0.90665616,3.461
0.906970261666667,3.441,0.906973131388889,3.451,0.906934218055556,3.451
0.907248470555556,3.431,0.907251103611111,3.451,0.907212053611111,3.451
0.907525904722222,3.441,0.907528894166667,3.451,0.907490082777778,3.451
0.9078040125,3.431,0.907806378611111,3.451,0.907767827222222,3.461
0.908081859722222,3.431,0.9080845275,3.451,0.908045421666667,3.451
0.908359560555556,3.441,0.908362632777778,3.451,0.908323579166667,3.451
0.908637513055556,3.441,0.908640237777778,3.451,0.908601271111111,3.451
0.908915748333333,3.441,0.908917925277778,3.451,0.908879360833333,3.451
0.909193482777778,3.441,0.909195895833333,3.451,0.909157221944444,3.451
0.909471581111111,3.441,0.909473979166667,3.451,0.909435091944444,3.451
0.909749724166667,3.441,0.909751684722222,3.451,0.909713343611111,3.451
0.910027663055556,3.441,0.910029346666667,3.451,0.9099910775,3.451
0.910305266666667,3.441,0.910307239166667,3.451,0.910268956666667,3.461
0.91058301,3.441,0.910585019166667,3.451,0.910546423888889,3.461
0.910860961111111,3.441,0.910862964444444,3.451,0.910824149166667,3.461
0.911138341666667,3.441,0.911140880833333,3.451,0.911102424166667,3.451
0.91141655,3.441,0.911418774444444,3.451,0.911380355,3.461
0.911694174722222,3.441,0.911696406666667,3.451,0.911657916666667,3.461
0.911971901111111,3.441,0.911974135,3.451,0.911935783611111,3.451
0.912249811388889,3.441,0.912252324166667,3.451,0.912213240555556,3.461
0.912527252222222,3.431,0.912530578611111,3.451,0.912491704166667,3.461
0.912804994444444,3.441,0.912808167222222,3.451,0.912769466111111,3.461
0.913083087777778,3.441,0.913085876666667,3.451,0.913047327777778,3.451
0.913361152777778,3.441,0.913363665,3.451,0.913325369444444,3.461
0.913639016944444,3.441,0.91364163,3.451,0.913603395,3.451
0.913916586944444,3.441,0.913919621944444,3.451,0.913881459444444,3.461
0.914194591111111,3.441,0.914197690277778,3.451,0.9141591275,3.461
0.914472578611111,3.441,0.914475506388889,3.451,0.914436918611111,3.451
0.914750605555556,3.441,0.914753656944445,3.451,0.9147150475,3.461
0.915028315,3.441,0.915031708888889,3.451,0.914992991666667,3.451
0.915306181111111,3.441,0.915309456388889,3.451,0.915270980833333,3.461
0.915584041666667,3.441,0.915587318055556,3.451,0.915548950833333,3.451
0.915861653888889,3.441,0.915865575833333,3.451,0.915826544166667,3.461
0.916139717222222,3.431,0.916143168055556,3.451,0.916104398888889,3.451
0.916418015555556,3.441,0.916420765555556,3.451,0.916381806666667,3.461
0.916696242222222,3.431,0.916698818611111,3.451,0.916659643611111,3.451
0.916973731944444,3.441,0.916976894166667,3.451,0.916938095555555,3.451
0.917252105,3.431,0.917255025555556,3.451,0.917215894166667,3.461
0.917529780833333,3.441,0.917532616388889,3.451,0.917493803888889,3.461
0.9178076825,3.441,0.917810519166667,3.451,0.917771571666667,3.451
0.918085535,3.441,0.918088439722222,3.451,0.918049407777778,3.461
0.918363288055556,3.441,0.918366251944444,3.451,0.918327396666667,3.461
0.918640900555556,3.441,0.918644089166667,3.451,0.918605386111111,3.461
0.918918912777778,3.441,0.918922148333333,3.451,0.918883117777778,3.461
0.9191971575,3.431,0.9191996875,3.451,0.9191608925,3.461
0.919475309444444,3.441,0.919477551111111,3.451,0.919438614166667,3.461
0.919753251944444,3.441,0.919755588888889,3.451,0.9197165525,3.461
0.920031138055556,3.441,0.920033443333333,3.451,0.919994309444444,3.451
0.92030907,3.441,0.920311342777778,3.451,0.920272254722222,3.461
0.920587257777778,3.441,0.9205890425,3.451,0.920549849166667,3.451
0.920864914166667,3.441,0.920866808611111,3.451,0.920827749166667,3.461
0.9211431225,3.441,0.921145022222222,3.451,0.921105745,3.461
0.921420956111111,3.441,0.921422815833333,3.451,0.921383400277778,3.451
0.921698608055556,3.441,0.921700515833333,3.451,0.921661274166667,3.461
0.921976560555556,3.441,0.921978771944444,3.451,0.921939123888889,3.461
0.922254505555556,3.441,0.922256961666667,3.451,0.922217091388889,3.461
0.922531903888889,3.441,0.922534750277778,3.451,0.922495130277778,3.461
0.922809845833333,3.441,0.922812532777778,3.451,0.922773016111111,3.461
0.923087626666667,3.441,0.923090500277778,3.451,0.923050823611111,3.461
0.9233656575,3.441,0.923368285555556,3.451,0.923328606111111,3.451
0.923643430277778,3.441,0.923646369444444,3.451,0.923606358333333,3.461
0.923921411111111,3.441,0.923924305,3.451,0.923884093888889,3.461
0.9241988425,3.441,0.924201863611111,3.451,0.924161928611111,3.461
0.924476685277778,3.441,0.924480080555556,3.451,0.924439732777778,3.451
0.924755032222222,3.441,0.924757466666667,3.451,0.924717492777778,3.461
0.925032483611111,3.441,0.925035679166667,3.451,0.924995365277778,3.461
0.925310574722222,3.441,0.925313260833333,3.451,0.925273182777778,3.461
0.925588022222222,3.441,0.925591095555556,3.451,0.925551152777778,3.451
0.925866389722222,3.441,0.925868986111111,3.451,0.925828798611111,3.461
0.926144241111111,3.441,0.926146855277778,3.451,0.926106632777778,3.461
0.926421906666667,3.441,0.926424813888889,3.451,0.926384265833333,3.461
0.926699813611111,3.441,0.926702540833333,3.451,0.926661875,3.451
0.926977665,3.431,0.926980679166667,3.451,0.926940089722222,3.451
0.927255327222222,3.441,0.927258898055556,3.451,0.927217965277778,3.451
0.927533501111111,3.441,0.927536634444444,3.451,0.927495580277778,3.461
0.9278111275,3.441,0.927814589166667,3.451,0.927773554166667,3.461
0.928089076111111,3.431,0.928092456944444,3.451,0.928051180277778,3.461
0.928367357777778,3.441,0.928370124722222,3.451,0.928329087222222,3.461
0.928644901666667,3.441,0.928648163888889,3.451,0.928606757222222,3.451
0.928922810833333,3.441,0.928925830277778,3.451,0.928884711111111,3.461
0.9292006825,3.441,0.929204020277778,3.451,0.929162615277778,3.451
0.929478983055556,3.441,0.929481652777778,3.451,0.929440188611111,3.461
0.92975683,3.441,0.929759723333333,3.451,0.929718437777778,3.461
0.930034646388889,3.441,0.930037110555555,3.451,0.929996435555556,3.461
0.930313191666667,3.441,0.930315023611111,3.451,0.930274063611111,3.461
0.930590759444444,3.441,0.930592695,3.451,0.930551784444445,3.461
0.930868584444445,3.441,0.930870736111111,3.451,0.930829582777778,3.451
0.931146745277778,3.441,0.931148208888889,3.451,0.931107763055556,3.461
0.931424597777778,3.441,0.931426499166667,3.451,0.931385439444445,3.461
0.931701938055556,3.441,0.931704341666667,3.451,0.931663170555556,3.461
0.931980081388889,3.441,0.931982181666667,3.451,0.931940935,3.461
0.932257734166667,3.441,0.932260239166667,3.451,0.932219259444444,3.461
0.932535751944444,3.431,0.932538184722222,3.451,0.932497113333333,3.461
0.932813390277778,3.441,0.932815847222222,3.451,0.932774948611111,3.461
0.933091558888889,3.441,0.933093954166667,3.451,0.933052812222222,3.461
0.933369087777778,3.441,0.933371588055556,3.451,0.933330179444444,3.461
0.933647220277778,3.441,0.933649406944445,3.451,0.933608480277778,3.461
0.933925362777778,3.441,0.933927322222222,3.451,0.933886315555556,3.461
0.934203106111111,3.441,0.934205141666667,3.451,0.934164438611111,3.461
0.934481201111111,3.441,0.934483005,3.451,0.934442394722222,3.451
0.934758723055556,3.441,0.934760946111111,3.451,0.934720396666667,3.461
0.935036767777778,3.441,0.935038876388889,3.451,0.934998383888889,3.461
0.935314481388889,3.441,0.935316729444444,3.451,0.935275682777778,3.461
0.935592688055556,3.441,0.935594540555556,3.451,0.935554204722222,3.461
0.935870717222222,3.441,0.935872172222222,3.451,0.935831996111111,3.461
0.9361485825,3.441,0.936149831111111,3.451,0.936109356388889,3.451
0.936426260277778,3.441,0.9364277925,3.451,0.936387437777778,3.461
0.936704016666667,3.431,0.936705329166667,3.451,0.936665111111111,3.451
0.936981768611111,3.441,0.9369832525,3.451,0.936942868333333,3.461
0.937259803888889,3.441,0.937261235,3.451,0.937220903611111,3.461
0.937537232777778,3.441,0.937538857777778,3.451,0.937498460555556,3.461
0.937815079722222,3.441,0.937816539166667,3.451,0.937776259444444,3.461
0.938093158888889,3.441,0.938094494444444,3.451,0.938053979166667,3.461
0.938370482777778,3.441,0.938372298333333,3.451,0.938331663055555,3.461
0.938648694444444,3.441,0.938649908611111,3.451,0.938609833611111,3.451
0.938926729444444,3.441,0.938927743888889,3.451,0.938887286111111,3.461
0.939204613888889,3.441,0.939205618055556,3.451,0.939165557222222,3.451
0.939482655,3.441,0.939483080833333,3.451,0.939443420833333,3.461
0.939760671666667,3.441,0.939761443888889,3.451,0.9397213375,3.461
0.940038450555556,3.441,0.940039190277778,3.451,0.939999135555556,3.461
0.940316271388889,3.441,0.940316784444444,3.451,0.940277299444444,3.461
0.9405942425,3.441,0.940594525,3.451,0.940555209444444,3.461
0.940872180277778,3.441,0.940872560555556,3.451,0.94083334,3.461
0.941150244166667,3.441,0.941150662222222,3.451,0.941110775555556,3.461
0.941427841388889,3.441,0.941428762777778,3.451,0.941388860555556,3.461
0.941706119444444,3.441,0.941706724722222,3.451,0.941666269722222,3.451
0.941983921666667,3.441,0.941984521111111,3.451,0.941944109444445,3.461
0.9422616625,3.441,0.942262255833333,3.451,0.942222224444444,3.461
0.942539571388889,3.441,0.942540186944444,3.451,0.942500263333333,3.461
0.942817140555556,3.441,0.942818161944444,3.451,0.942778247222222,3.461
0.943095078333333,3.441,0.943096160555556,3.451,0.943056424444444,3.461
0.943372818888889,3.441,0.943373856388889,3.451,0.943334128333333,3.461
0.943650639166667,3.441,0.943651872222222,3.451,0.943611904722222,3.461
0.943928394444445,3.441,0.943929731111111,3.451,0.943889718888889,3.451
0.944205772777778,3.441,0.944207584444444,3.451,0.944167514444444,3.461
0.944483603888889,3.441,0.944485167222222,3.451,0.944444855,3.461
0.944761996111111,3.441,0.944763040833333,3.451,0.944723181388889,3.461
0.945039795,3.441,0.945041023888889,3.451,0.9450009325,3.461
0.945317425277778,3.441,0.945319187222222,3.451,0.945278681388889,3.461
0.945595279444444,3.441,0.9455966625,3.451,0.945556626111111,3.461
0.945872963333333,3.441,0.945875090555556,3.451,0.945834485555556,3.461
0.946150797777778,3.441,0.946153103055556,3.451,0.946111955,3.461
0.946428258611111,3.441,0.946431538055556,3.451,0.946389855555556,3.461
0.946706538611111,3.441,0.946709335833333,3.451,0.946667548055556,3.461
0.946984489444444,3.441,0.946987408333333,3.451,0.946945391111111,3.461
0.947262134166667,3.441,0.947265297222222,3.451,0.947223327222222,3.461
0.947540013888889,3.441,0.947542763611111,3.451,0.947500759444444,3.461
0.947817869166667,3.441,0.947820465,3.451,0.94777862,3.461
0.948095911666667,3.441,0.948098704444444,3.451,0.948056816666667,3.461
0.948373604722222,3.441,0.948376035555555,3.451,0.948334580833333,3.461
0.948651957222222,3.441,0.948654254444444,3.451,0.9486124125,3.461
0.9489297025,3.441,0.9489323525,3.451,0.948890246388889,3.461
0.949207631111111,3.441,0.949209870555556,3.451,0.9491679425,3.461
0.949485655555556,3.441,0.949487776111111,3.451,0.949445829166667,3.461
0.949763524166667,3.441,0.949765734166667,3.451,0.949723721944444,3.461
0.950041334444444,3.441,0.950043558611111,3.461,0.950001307222222,3.461
0.950319172222222,3.441,0.950321665555556,3.451,0.950279198333333,3.461
0.950596913333333,3.441,0.950599684444444,3.451,0.950557304444444,3.461
0.950874655,3.441,0.950877750833333,3.451,0.950834943611111,3.461
0.951152218888889,3.441,0.951155585,3.451,0.951113096666667,3.461
0.951429921666667,3.441,0.951433638888889,3.451,0.951390915277778,3.461
0.951708024166667,3.441,0.951711426388889,3.451,0.951668476388889,3.451
0.951985936666667,3.441,0.951989418333333,3.451,0.951946260833333,3.461
0.952263605555556,3.441,0.952267343888889,3.461,0.952224384444444,3.451
0.952541659722222,3.441,0.952544966388889,3.451,0.952502078055556,3.461
0.952819520833333,3.441,0.952822731666667,3.451,0.952780288611111,3.461
0.953097437222222,3.441,0.953100755277778,3.451,0.953058039166667,3.461
0.953375346111111,3.441,0.953378978055556,3.451,0.95333543,3.461
0.95365345,3.441,0.953656685277778,3.451,0.953613583055556,3.461
0.953931207777778,3.441,0.953934340833333,3.451,0.953891693888889,3.461
0.954208959166667,3.441,0.95421222,3.451,0.954169091111111,3.461
0.954486820555555,3.441,0.954489986666667,3.451,0.954447143611111,3.461
0.954764595277778,3.441,0.954767902777778,3.451,0.954725325,3.461
0.955042283055556,3.441,0.955045658333333,3.451,0.955003115,3.461
0.955320221388889,3.441,0.955323466666667,3.451,0.955280928611111,3.461
0.955598535555556,3.441,0.955601094166667,3.451,0.955558980833333,3.461
0.955876248611111,3.441,0.955878941111111,3.451,0.955836898055555,3.461
0.956154069166667,3.441,0.956156625833333,3.451,0.956114733611111,3.451
0.956432017777778,3.441,0.956434361388889,3.451,0.956392221111111,3.461
0.956710095555556,3.441,0.956712426666667,3.451,0.956670361388889,3.461
0.956987756111111,3.441,0.956990375555556,3.451,0.956948400277778,3.461
0.957265545,3.441,0.957267945833333,3.451,0.957226010555556,3.461
0.957543294444444,3.441,0.957545999444444,3.451,0.957504370833333,3.461
0.957821138888889,3.441,0.957824242777778,3.451,0.957782040277778,3.461
0.958098824444444,3.441,0.958101942777778,3.451,0.958060219444445,3.461
0.958376647222222,3.441,0.9583793825,3.451,0.9583376225,3.461
0.958654342777778,3.441,0.958657832777778,3.451,0.958615753333333,3.461
0.958932275833333,3.441,0.958935225555556,3.451,0.958893849722222,3.461
0.95921016,3.441,0.959213350555556,3.461,0.959171776944444,3.461
0.9594874375,3.441,0.959491183888889,3.451,0.959449580555556,3.461
0.959765231944444,3.441,0.959768506944444,3.451,0.959727264444444,3.461
0.960043485833333,3.441,0.960046308888889,3.461,0.960005120555556,3.461
0.960321491944444,3.441,0.960324492222222,3.451,0.960283088055556,3.461
0.960599059166667,3.441,0.960601979722222,3.451,0.960560708888889,3.451
0.960876618888889,3.441,0.960879793333333,3.451,0.960839002777778,3.461
0.961154702777778,3.441,0.961157460833333,3.451,0.961116561666667,3.461
0.961432605,3.441,0.961435556944444,3.451,0.9613946175,3.461
0.961710007777778,3.441,0.961713398611111,3.451,0.961672644166667,3.461
0.961987997777778,3.441,0.961991128888889,3.451,0.961950879166667,3.461
0.962265758333333,3.441,0.962268943333333,3.451,0.962228655833333,3.461
0.962544100277778,3.441,0.962546466111111,3.451,0.962506442777778,3.461
0.96282195,3.441,0.962824480555556,3.451,0.962784207777778,3.461
0.963099442222222,3.441,0.963102136111111,3.451,0.963061674722222,3.461
0.963377439166667,3.441,0.963380037777778,3.451,0.963339664444445,3.461
0.963655256111111,3.441,0.963657863888889,3.461,0.963617504166667,3.461
0.96393299,3.441,0.963935695277778,3.451,0.963895511111111,3.461
0.964210699444444,3.441,0.964213559444444,3.451,0.964173094444444,3.461
0.964488614722222,3.441,0.964491661388889,3.451,0.964450768333333,3.461
0.964766301666667,3.441,0.964769417222222,3.461,0.964728904722222,3.461
0.965044245555555,3.441,0.965047279444444,3.451,0.965006796666667,3.461
0.965321950277778,3.441,0.965325080555556,3.451,0.965284805,3.461
0.965599480277778,3.441,0.965602869444444,3.451,0.965562352222222,3.461
0.965877488055556,3.441,0.965880508888889,3.461,0.9658402575,3.461
0.966154925555556,3.441,0.9661581425,3.461,0.966117808888889,3.461
0.966433279166667,3.441,0.966436165833333,3.461,0.966395716111111,3.461
0.966711127777778,3.441,0.966713930555556,3.461,0.96667344,3.461
0.966989645555556,3.441,0.966991555277778,3.451,0.966951383611111,3.461
0.967267842777778,3.441,0.967269755,3.451,0.967228975277778,3.461
0.967545621388889,3.441,0.967547834166667,3.451,0.96750708,3.461
0.967823588333333,3.441,0.967825619166667,3.461,0.967785014444445,3.461
0.968101839166667,3.441,0.968103149166667,3.461,0.968062866388889,3.461
0.968379329722222,3.441,0.968381141944444,3.451,0.968341064166667,3.461
0.968657138611111,3.441,0.968658855277778,3.451,0.968618557222222,3.461
0.968934988611111,3.441,0.968936636944445,3.461,0.968896605833333,3.461
0.9692126125,3.441,0.969214303055556,3.451,0.969174346111111,3.461
0.969490471111111,3.441,0.969492171111111,3.451,0.969452089722222,3.461
0.969768406666667,3.441,0.969770400555556,3.451,0.969730077222222,3.461
0.970046253333333,3.441,0.970047743055556,3.451,0.970008368888889,3.461
0.970324153611111,3.441,0.970325981388889,3.451,0.970286011666667,3.461
0.970602020277778,3.441,0.970603621666667,3.461,0.970563771944444,3.461
0.970880143333333,3.441,0.970881358333333,3.461,0.970841511388889,3.461
0.971157660555556,3.441,0.971159388611111,3.451,0.971119758888889,3.461
0.971435241944444,3.441,0.97143714,3.461,0.9713973975,3.461
0.971713540277778,3.441,0.971715010555556,3.461,0.9716752,3.461
0.971991514166667,3.441,0.971992929166667,3.451,0.971953110833333,3.461
0.972269098333333,3.441,0.972270754722222,3.451,0.972231081666667,3.461
0.972546599722222,3.441,0.972548620277778,3.461,0.972508946388889,3.461
0.972824462222222,3.441,0.972826156944444,3.451,0.972786581111111,3.461
0.973102955555555,3.441,0.973103951944444,3.451,0.973064585555556,3.461
0.973380934722222,3.441,0.973381965833333,3.451,0.973342610555556,3.461
0.973658388888889,3.441,0.973659838611111,3.461,0.973620430555556,3.461
0.973936362777778,3.441,0.973937537222222,3.461,0.973898419444444,3.461
0.974214083333333,3.441,0.974215106111111,3.461,0.974175940555556,3.461
0.974492004444445,3.441,0.974492732777778,3.451,0.974453741666667,3.461
0.974769850277778,3.441,0.974770907777778,3.451,0.974731870833333,3.461
0.975047548888889,3.441,0.975048499444444,3.451,0.975009766666667,3.461
0.975325466388889,3.441,0.975326703055556,3.461,0.975287383611111,3.461
0.975603689166667,3.441,0.975604226111111,3.451,0.975565234166667,3.461
0.975881770555556,3.441,0.975882162222222,3.451,0.975843243055556,3.461
0.976159535833333,3.441,0.976159642222222,3.451,0.976121081666667,3.461
0.976437278333333,3.441,0.976437781944444,3.451,0.976398886111111,3.461
0.976715185555556,3.441,0.976715454444444,3.461,0.976676263888889,3.461
0.976993316944444,3.441,0.976993305555556,3.451,0.976954761666667,3.461
0.977271225277778,3.441,0.977271174166667,3.451,0.977232359722222,3.461
0.977548823611111,3.441,0.977549230833333,3.461,0.977510387777778,3.461
0.977826753055556,3.441,0.977827191388889,3.451,0.977788018333333,3.461
0.978104716666667,3.441,0.978104646388889,3.461,0.978065952777778,3.461
0.978382644722222,3.441,0.978382463055556,3.461,0.978343941388889,3.461
0.978660311388889,3.441,0.978660603611111,3.451,0.978621975833333,3.461
0.978937738055556,3.441,0.978938688333333,3.451,0.978899654444444,3.461
0.979215875833333,3.441,0.979216586388889,3.451,0.979177360555555,3.461
0.979493624444444,3.441,0.979494928333333,3.461,0.979455281111111,3.461
0.979771521111111,3.441,0.979772670833333,3.461,0.979733242222222,3.461
0.980049129166667,3.441,0.9800504425,3.461,0.980010881944444,3.461
0.980326816111111,3.441,0.980328308611111,3.451,0.980288466388889,3.461
0.980604669722222,3.441,0.980606358055556,3.451,0.980566538055556,3.461
0.980882273888889,3.441,0.980884258333333,3.451,0.980844340277778,3.461
0.981160077777778,3.441,0.981162030833333,3.461,0.9811225025,3.461
0.981437993888889,3.441,0.981439763333333,3.461,0.981400100833333,3.461
0.981715742222222,3.441,0.981717795277778,3.461,0.981678095555556,3.461
0.981993561388889,3.441,0.981995697222222,3.451,0.981955677777778,3.461
0.982272018055556,3.441,0.982273603611111,3.461,0.982233933611111,3.461
0.982549918333333,3.441,0.982551587222222,3.451,0.982512041666667,3.461
0.982827901944444,3.441,0.982829581388889,3.451,0.982789831944444,3.461
0.983105516388889,3.441,0.983107318333333,3.451,0.983067504722222,3.461
0.983383026944444,3.441,0.983384699444444,3.461,0.983345390277778,3.461
0.983661532777778,3.441,0.983662800277778,3.461,0.983623194444444,3.461
0.983938877777778,3.441,0.983940510833333,3.451,0.983900760555556,3.461
0.984216837222222,3.441,0.984218525833333,3.461,0.984178656111111,3.461
0.984494487777778,3.441,0.984496794444444,3.451,0.984456634722222,3.461
0.984772660555556,3.441,0.984775054722222,3.451,0.984734349722222,3.461
0.985050547777778,3.441,0.98505286,3.461,0.985012129166667,3.461
0.985328008888889,3.441,0.985330780833333,3.451,0.985289901666667,3.461
0.985606486666667,3.441,0.98560867,3.451,0.985567925833333,3.461
0.985884020555556,3.441,0.985886822777778,3.451,0.985846178333333,3.461
0.986162047222222,3.441,0.986164691111111,3.461,0.986124273611111,3.461
0.986439819444444,3.441,0.986442841944444,3.451,0.986402162222222,3.461
0.986717168611111,3.441,0.986720753888889,3.451,0.986680148055556,3.461
0.986995232222222,3.441,0.986998863888889,3.461,0.986958008611111,3.461
0.987273384166667,3.441,0.987276924166667,3.461,0.987235893888889,3.461
0.987551369722222,3.441,0.987554414722222,3.461,0.987513708055555,3.461
0.987829139722222,3.441,0.987832584722222,3.461,0.987791896388889,3.461
0.988107244444444,3.441,0.988110478333333,3.451,0.988069581666667,3.461
0.988385230555556,3.441,0.988388385,3.461,0.988347632777778,3.461
0.988662853888889,3.441,0.988666099166667,3.451,0.9886258275,3.461
0.988940989444444,3.441,0.988943584444444,3.461,0.988903970833333,3.461
0.989218591388889,3.441,0.989221821388889,3.451,0.989181853055556,3.461
0.9894964225,3.441,0.989499477222222,3.451,0.989459978611111,3.461
0.989774150277778,3.441,0.989777500277778,3.461,0.989737825555556,3.461
0.990052071944445,3.441,0.990054908888889,3.461,0.990015515555556,3.461
0.990329652777778,3.441,0.990333283055556,3.461,0.990293187777778,3.461
0.990607776666667,3.441,0.990611323888889,3.451,0.990571154166667,3.461
0.990885440277778,3.441,0.9908894675,3.461,0.990848995555556,3.461
0.991163471111111,3.441,0.991167145,3.461,0.991127026111111,3.461
0.991441615833333,3.441,0.991445369722222,3.451,0.991405036944444,3.461
0.991719345555556,3.441,0.991723319166667,3.461,0.991682973888889,3.461
0.991997644166667,3.441,0.992001247222222,3.461,0.991960406666667,3.461
0.992275300555555,3.441,0.992279096666667,3.461,0.992238989722222,3.461
0.99255305,3.451,0.992557296111111,3.451,0.9925165625,3.461
0.99283112,3.441,0.992834674444444,3.451,0.992794455833333,3.461
0.993108695,3.441,0.993112965,3.451,0.9930719475,3.461
0.993387151944444,3.451,0.99339069,3.461,0.993350000555556,3.461
0.993664395,3.441,0.993668276388889,3.461,0.993628053888889,3.461
0.993942483055556,3.441,0.993946434166667,3.461,0.993905432777778,3.461
0.994220651111111,3.441,0.994224181666667,3.461,0.994183384722222,3.461
0.994498759166667,3.441,0.994501938055556,3.461,0.994461319722222,3.461
0.994776773611111,3.441,0.994779945,3.461,0.994739229166667,3.461
0.995054738333333,3.441,0.995057800555556,3.461,0.995016983333333,3.461
0.995332810277778,3.441,0.995335281111111,3.461,0.995294580833333,3.461
0.995610699444444,3.441,0.995613410833333,3.461,0.995572629444444,3.461
0.995888633333333,3.441,0.995891549444444,3.461,0.995850829444444,3.461
0.996166128611111,3.441,0.996168788333333,3.451,0.996128766111111,3.461
0.996443938888889,3.441,0.9964469675,3.461,0.996406554444444,3.461
0.99672178,3.441,0.996724845555556,3.461,0.996684406388889,3.461
0.996999959166667,3.441,0.997002878055556,3.461,0.9969625325,3.461
0.997277690277778,3.441,0.997280561388889,3.461,0.997240658333333,3.461
0.997555435277778,3.441,0.997558323333333,3.461,0.997518771388889,3.461
0.997832991111111,3.441,0.997836080277778,3.461,0.997796569722222,3.461
0.998111444444444,3.441,0.998114118055556,3.461,0.998074386944445,3.461
0.998389309444444,3.441,0.998392374166667,3.461,0.998352353888889,3.461
0.9986671025,3.441,0.998670708888889,3.451,0.998630388888889,3.461
0.998944723888889,3.441,0.9989484575,3.461,0.998908188888889,3.461
0.999223104444444,3.441,0.999226304722222,3.461,0.999185818055556,3.461
0.999500502777778,3.441,0.999504181111111,3.461,0.999463728611111,3.461
0.999778925,3.441,0.999781885,3.461,0.999741291944444,3.461
1.00005662055556,3.441,1.00005975083333,3.451,1.00001940527778,3.461
1.00033473472222,3.441,1.00033739305556,3.461,1.00029724916667,3.461
1.00061287527778,3.441,1.00061544666667,3.461,1.00057529555556,3.461
1.00089063305556,3.441,1.00089361638889,3.461,1.00085300444444,3.461
1.001168425,3.441,1.00117158777778,3.461,1.00113071305556,3.461
1.00144612277778,3.441,1.00144981527778,3.461,1.00140868888889,3.461
1.00172400333333,3.441,1.00172766444444,3.461,1.00168635277778,3.461
1.00200138083333,3.441,1.00200562861111,3.461,1.00196407416667,3.461
1.00227973722222,3.441,1.00228339277778,3.461,1.00224205722222,3.461
1.00255779444444,3.441,1.00256116916667,3.451,1.00251989972222,3.461
1.0028356275,3.441,1.00283917972222,3.461,1.00279795027778,3.461
1.00311342722222,3.451,1.00311690388889,3.461,1.00307580055556,3.461
1.0033912675,3.441,1.00339508305556,3.461,1.0033536975,3.461
1.0036692425,3.441,1.00367301555556,3.461,1.00363186416667,3.461
1.00394687583333,3.441,1.00395073138889,3.461,1.00390974638889,3.461
1.004224755,3.441,1.00422883277778,3.461,1.00418745194444,3.461
1.00450249722222,3.441,1.00450653083333,3.461,1.00446514583333,3.461
1.00478035333333,3.441,1.00478415333333,3.461,1.00474278972222,3.461
1.00505819916667,3.441,1.00506211277778,3.461,1.00502074916667,3.461
1.00533593888889,3.441,1.00533971166667,3.461,1.00529889555556,3.461
1.00561386361111,3.441,1.00561781527778,3.461,1.00557641083333,3.461
1.00589159777778,3.451,1.00589550083333,3.461,1.00585471055556,3.461
1.00616945138889,3.441,1.00617338416667,3.451,1.00613245694444,3.461
1.0064472125,3.441,1.00645139416667,3.461,1.00641087944444,3.461
1.00672532638889,3.441,1.00672956722222,3.461,1.00668839527778,3.461
1.007003055,3.451,1.00700765194444,3.461,1.00696623861111,3.461
1.00728077027778,3.441,1.00728498777778,3.461,1.00724424305556,3.461
1.00755861833333,3.441,1.00756336916667,3.461,1.0075217275,3.461
1.00783686472222,3.441,1.00784130611111,3.451,1.00779985111111,3.461
1.00811460111111,3.441,1.0081189875,3.461,1.00807765527778,3.461
1.00839248916667,3.451,1.00839726361111,3.461,1.00835558027778,3.461
1.00867026444444,3.441,1.00867500277778,3.461,1.008632975,3.461
1.00894840805556,3.441,1.00895240388889,3.461,1.00891106555556,3.461
1.00922601805556,3.441,1.00923049194444,3.461,1.00918882833333,3.461
1.0095041625,3.441,1.00950838222222,3.461,1.00946680444444,3.461
1.00978202777778,3.451,1.00978604722222,3.461,1.00974466694444,3.461
1.01005971027778,3.441,1.01006387,3.461,1.01002235694444,3.461
1.0103376025,3.441,1.0103422375,3.461,1.01030024638889,3.461
1.01061513527778,3.441,1.01062020222222,3.461,1.01057796166667,3.461
1.01089300361111,3.441,1.0108979625,3.461,1.01085573,3.461
1.01117119555556,3.441,1.011176085,3.461,1.0111335825,3.461
1.01144904444444,3.441,1.01145401861111,3.461,1.0114115425,3.461
1.01172699138889,3.441,1.01173154194444,3.461,1.01168941166667,3.461
1.01200488166667,3.441,1.01200958,3.461,1.01196714833333,3.461
1.01228296583333,3.441,1.01228727888889,3.461,1.01224512194444,3.461
1.01256073138889,3.441,1.01256491833333,3.461,1.01252298944444,3.461
1.01283866472222,3.441,1.01284272583333,3.461,1.01280071444444,3.461
1.01311657194444,3.451,1.01312039611111,3.461,1.01307868722222,3.461
1.01339450638889,3.441,1.01339840666667,3.461,1.01335629166667,3.461
1.01367240111111,3.441,1.01367638861111,3.461,1.01363421888889,3.461
1.01395003583333,3.441,1.01395397083333,3.461,1.01391203972222,3.461
1.01422821805556,3.441,1.01423188833333,3.461,1.01418967194444,3.461
1.01450582777778,3.441,1.01450971055556,3.461,1.01446728027778,3.461
1.01478374388889,3.441,1.01478817277778,3.461,1.01474514555556,3.461
1.01506105472222,3.451,1.01506583361111,3.461,1.01502341194444,3.461
1.01533901527778,3.451,1.01534366055556,3.461,1.01530124,3.461
1.01561702277778,3.441,1.01562136666667,3.461,1.01557884833333,3.461
1.01589487222222,3.441,1.01589927333333,3.461,1.01585654611111,3.461
1.01617268138889,3.441,1.01617716361111,3.461,1.01613459138889,3.461
1.01645076166667,3.441,1.01645519111111,3.461,1.01641235805556,3.461
1.01672904388889,3.441,1.0167328975,3.461,1.01669042555556,3.461
1.01700683305556,3.441,1.01701085638889,3.461,1.01696819722222,3.461
1.01728472055556,3.441,1.01728861888889,3.461,1.01724635583333,3.461
1.0175627525,3.441,1.01756625194444,3.461,1.01752421166667,3.461
1.01784084222222,3.441,1.01784434333333,3.461,1.01780215388889,3.461
1.01811852694444,3.451,1.01812265111111,3.461,1.01808017777778,3.461
1.01839698305556,3.451,1.01840067083333,3.461,1.01835813277778,3.461
1.01867511611111,3.441,1.01867852805556,3.461,1.01863594638889,3.461
1.0189527625,3.451,1.01895639833333,3.461,1.01891349111111,3.461
1.0192306275,3.441,1.01923448972222,3.461,1.01919119638889,3.461
1.01950835611111,3.441,1.0195121675,3.461,1.01946915833333,3.461
1.01978577388889,3.441,1.019790265,3.461,1.01974722666667,3.461
1.02006397694444,3.441,1.02006799916667,3.461,1.02002552805556,3.461
1.02034168861111,3.441,1.02034584027778,3.461,1.02030294,3.461
1.02061956027778,3.441,1.02062389611111,3.461,1.02058070444444,3.461
1.02089746222222,3.451,1.02090195305556,3.461,1.02085898583333,3.461
1.02117565527778,3.441,1.02117983388889,3.461,1.02113686805556,3.461
1.02145367638889,3.451,1.02145768333333,3.461,1.02141466805556,3.461
1.02173153194444,3.441,1.02173525694444,3.461,1.02169220666667,3.461
1.02200929138889,3.441,1.02201327333333,3.461,1.02197043361111,3.461
1.02228689194444,3.441,1.02229110333333,3.461,1.02224835555556,3.461
1.02256448944444,3.451,1.02256905333333,3.461,1.02252609916667,3.461
1.02284287083333,3.441,1.02284686805556,3.461,1.02280361277778,3.461
1.02312069222222,3.451,1.02312471416667,3.461,1.02308149888889,3.461
1.02339881388889,3.451,1.02340255027778,3.461,1.02335957583333,3.461
1.02367702555556,3.451,1.02368041527778,3.461,1.02363764611111,3.461
1.02395489972222,3.451,1.02395801638889,3.461,1.02391586027778,3.461
1.02423300638889,3.441,1.02423562194444,3.461,1.0241933175,3.461
1.0245108275,3.451,1.02451322555556,3.461,1.02447097027778,3.461
1.0247888525,3.441,1.024791445,3.461,1.02474940972222,3.461
1.0250665125,3.441,1.02506958972222,3.461,1.02502707027778,3.461
1.02534445111111,3.441,1.02534784666667,3.461,1.02530504333333,3.461
1.02562202611111,3.441,1.02562551805556,3.461,1.02558262555556,3.461
1.02589992166667,3.441,1.02590347944444,3.461,1.02586042166667,3.461
1.02617772638889,3.441,1.02618127472222,3.461,1.02613849388889,3.461
1.02645555694444,3.451,1.02645958583333,3.461,1.02641658805556,3.461
1.02673340055556,3.441,1.02673712194444,3.461,1.02669451111111,3.461
1.02701114833333,3.441,1.02701505833333,3.461,1.02697220833333,3.461
1.02728900861111,3.441,1.02729314611111,3.461,1.02725011444444,3.461
1.0275671475,3.451,1.02757092027778,3.461,1.02752777138889,3.461
1.02784498583333,3.441,1.02784856777778,3.461,1.02780574944444,3.461
1.02812245527778,3.451,1.02812660833333,3.461,1.02808371222222,3.461
1.02840063388889,3.451,1.028404565,3.461,1.02836161833333,3.461
1.02867846666667,3.451,1.02868210361111,3.461,1.028639345,3.461
1.02895604833333,3.451,1.02896025833333,3.461,1.0289174875,3.461
1.02923398777778,3.451,1.02923811527778,3.461,1.02919514222222,3.461
1.02951234722222,3.451,1.02951642,3.461,1.02947331194444,3.461
1.02979022194444,3.451,1.02979429305556,3.461,1.02975112222222,3.461
1.03006819722222,3.451,1.03007213833333,3.461,1.030028475,3.461
1.03034601083333,3.451,1.03035008944444,3.461,1.03030657361111,3.461
1.03062360277778,3.451,1.03062758916667,3.461,1.03058469305556,3.461
1.03090168555556,3.451,1.03090542972222,3.461,1.03086239527778,3.461
1.03117962916667,3.441,1.031183315,3.461,1.03114051416667,3.461
1.03145740388889,3.451,1.03146110083333,3.461,1.03141846222222,3.461
1.0317355325,3.451,1.03173921722222,3.461,1.03169647027778,3.461
1.0320132275,3.451,1.03201724611111,3.461,1.03197403388889,3.461
1.03229148444444,3.451,1.0322947025,3.461,1.03225204527778,3.461
1.03256902611111,3.451,1.03257264583333,3.461,1.03253004305556,3.461
1.03284662472222,3.451,1.03285078388889,3.461,1.03280788388889,3.461
1.03312487583333,3.441,1.03312877083333,3.461,1.03308590361111,3.461
1.033402935,3.441,1.0334068125,3.461,1.03336364527778,3.461
1.03368024944444,3.451,1.03368445111111,3.461,1.03364193138889,3.461
1.03395831138889,3.451,1.03396184388889,3.461,1.03391970055556,3.461
1.03423613638889,3.451,1.03424015083333,3.461,1.03419724861111,3.461
1.03451427972222,3.441,1.03451790361111,3.461,1.03447490333333,3.461
1.03479198777778,3.451,1.03479585416667,3.461,1.03475310944444,3.461
1.03506986166667,3.451,1.03507355194444,3.461,1.03503122305556,3.461
1.03534792861111,3.451,1.03535133388889,3.461,1.03530905055556,3.461
1.03562522083333,3.451,1.03562900583333,3.461,1.03558681527778,3.461
1.03590379861111,3.451,1.0359068375,3.461,1.03586523861111,3.461
1.03618152638889,3.451,1.03618503222222,3.461,1.03614308472222,3.461
1.03645936833333,3.451,1.03646269555556,3.461,1.03642079833333,3.461
1.03673739305556,3.451,1.03674071388889,3.461,1.03669836166667,3.461
1.03701533333333,3.451,1.03701861333333,3.461,1.03697645083333,3.461
1.03729305388889,3.451,1.03729634694444,3.461,1.03725415888889,3.461
1.03757105083333,3.451,1.03757412055556,3.461,1.03753174916667,3.461
1.03784862,3.451,1.03785204611111,3.461,1.037809645,3.461
1.03812647,3.451,1.03813036694444,3.461,1.03808782138889,3.461
1.03840423361111,3.451,1.03840776083333,3.461,1.03836557527778,3.461
1.03868189805556,3.451,1.03868549638889,3.461,1.03864348361111,3.461
1.03895985583333,3.451,1.03896339027778,3.461,1.03892137972222,3.461
1.03923783416667,3.451,1.03924141888889,3.461,1.03919904222222,3.461
1.03951610722222,3.451,1.03951927222222,3.461,1.03947716083333,3.461
1.03979407555556,3.451,1.03979762611111,3.461,1.03975486888889,3.461
1.04007138472222,3.451,1.04007519777778,3.461,1.04003282138889,3.461
1.04034961638889,3.451,1.04035293944444,3.461,1.04031067,3.461
1.04062721027778,3.441,1.04063142138889,3.461,1.04058861111111,3.461
1.0409054375,3.451,1.04090935611111,3.461,1.04086623666667,3.461
1.04118296888889,3.451,1.04118730888889,3.461,1.04114451388889,3.461
1.04146073861111,3.451,1.04146482,3.461,1.04142218055556,3.461
1.04173848055556,3.451,1.04174289138889,3.461,1.04169985916667,3.461
1.04201670305556,3.451,1.04202060194444,3.461,1.04197754305556,3.461
1.04229477555556,3.451,1.04229821833333,3.461,1.042255405,3.461
1.04257263166667,3.451,1.04257656777778,3.461,1.04253322944444,3.461
1.04285064027778,3.451,1.04285424972222,3.461,1.04281073027778,3.461
1.04312833833333,3.451,1.04313235972222,3.461,1.043088835,3.461
1.04340581527778,3.441,1.04341018694444,3.461,1.0433668675,3.472
1.04368397305556,3.451,1.04368783888889,3.461,1.04364453416667,3.461
1.043961695,3.441,1.04396583583333,3.461,1.04392243055556,3.461
1.04423935388889,3.451,1.04424353916667,3.461,1.04420049972222,3.461
1.04451762888889,3.451,1.04452129611111,3.461,1.04447830361111,3.461
1.04479540472222,3.451,1.04479945194444,3.461,1.04475638694444,3.461
1.04507335805556,3.441,1.04507727972222,3.461,1.04503396444444,3.461
1.04535103333333,3.451,1.04535540166667,3.461,1.045311815,3.461
1.0456287325,3.451,1.04563316333333,3.461,1.04558957888889,3.461
1.04590694944444,3.451,1.04591066055556,3.461,1.04586786527778,3.461
1.04618439194444,3.451,1.04618868388889,3.461,1.04614544055556,3.461
1.04646254416667,3.451,1.04646681361111,3.461,1.046423185,3.461
1.04674016638889,3.441,1.04674446666667,3.461,1.04670126972222,3.472
1.04701822861111,3.451,1.04702181944444,3.461,1.04697922388889,3.461
1.04729579944444,3.451,1.04730004527778,3.461,1.04725693861111,3.461
1.04757385888889,3.451,1.04757778833333,3.461,1.04753500583333,3.461
1.04785165944444,3.451,1.04785521527778,3.461,1.04781314916667,3.461
1.048129495,3.451,1.04813322527778,3.461,1.048090935,3.461
1.04840736638889,3.451,1.04841077888889,3.461,1.04836894361111,3.461
1.04868512833333,3.451,1.04868906666667,3.461,1.04864640805556,3.461
1.04896284861111,3.441,1.04896699916667,3.461,1.04892437805556,3.461
1.04924052194444,3.451,1.04924468888889,3.461,1.04920211833333,3.461
1.04951831722222,3.451,1.04952256277778,3.461,1.04948034055556,3.461
1.04979644,3.451,1.04980054527778,3.461,1.04975818027778,3.461
1.05007409555556,3.451,1.05007814055556,3.461,1.0500362,3.461
1.05035203944444,3.451,1.05035634555556,3.461,1.05031383694444,3.461
1.05062963805556,3.451,1.05063429694444,3.461,1.05059135055556,3.461
1.05090749944444,3.451,1.05091209416667,3.461,1.05086928222222,3.461
1.05118504777778,3.451,1.05118984722222,3.461,1.0511472575,3.461
1.05146301638889,3.451,1.05146770861111,3.461,1.05142509805556,3.461
1.05174049583333,3.451,1.05174596416667,3.461,1.05170341083333,3.461
1.05201888916667,3.451,1.05202373166667,3.461,1.05198117055556,3.461
1.05229680138889,3.451,1.05230101638889,3.461,1.05225889611111,3.461
1.05257512055556,3.451,1.05257917805556,3.461,1.05253651694444,3.461
1.05285288277778,3.451,1.05285682944444,3.461,1.05281456333333,3.461
1.05313074,3.451,1.05313445527778,3.461,1.05309272388889,3.461
1.05340886166667,3.451,1.05341278972222,3.461,1.05337033333333,3.461
1.05368704833333,3.451,1.0536908025,3.461,1.053647925,3.461
1.05396476666667,3.451,1.05396859861111,3.461,1.05392614583333,3.461
1.05424282805556,3.441,1.05424629277778,3.461,1.0542039025,3.461
1.05452053111111,3.451,1.054524445,3.461,1.05448200694444,3.461
1.05479814055556,3.451,1.05480230861111,3.461,1.05475987833333,3.461
1.05507583972222,3.451,1.05508016694444,3.461,1.05503781805556,3.461
1.0553539225,3.451,1.0553580725,3.461,1.05531615527778,3.461
1.05563207555556,3.451,1.05563566388889,3.461,1.0555936325,3.461
1.05590957305556,3.451,1.05591321638889,3.461,1.05587152527778,3.461
1.05618750305556,3.451,1.05619174722222,3.461,1.05614938305556,3.472
1.0564655025,3.441,1.05646987777778,3.461,1.05642712777778,3.461
1.05674333388889,3.451,1.05674772777778,3.461,1.05670473611111,3.461
1.05702104722222,3.451,1.05702555944444,3.461,1.05698273027778,3.461
1.05729890527778,3.451,1.0573034725,3.461,1.05726037777778,3.461
1.05757673916667,3.451,1.057581455,3.461,1.05753819138889,3.461
1.05785503027778,3.451,1.05785947638889,3.461,1.05781613055556,3.461
1.05813300416667,3.451,1.05813686861111,3.461,1.05809426972222,3.461
1.0584107125,3.451,1.05841512222222,3.461,1.05837184611111,3.461
1.05868870694444,3.451,1.058693415,3.461,1.05864979083333,3.461
1.05896617444444,3.451,1.05897100444444,3.461,1.05892753611111,3.461
1.05924447166667,3.451,1.05924862055556,3.461,1.05920484388889,3.461
1.05952214583333,3.451,1.05952656722222,3.461,1.05948297916667,3.461
1.05980010444444,3.451,1.05980435194444,3.461,1.05976121694444,3.461
1.06007771305556,3.451,1.06008225138889,3.461,1.0600389125,3.461
1.06035546416667,3.451,1.06035997472222,3.461,1.06031710111111,3.472
1.0606337125,3.451,1.06063798277778,3.461,1.06059505833333,3.461
1.06091114611111,3.451,1.06091544305556,3.461,1.06087288583333,3.461
1.06118899805556,3.451,1.06119342,3.461,1.06115091833333,3.461
1.06146700388889,3.451,1.06147130444444,3.461,1.06142898305556,3.461
1.06174439083333,3.451,1.06174895222222,3.461,1.06170649305556,3.461
1.06202260361111,3.451,1.062026905,3.461,1.06198426416667,3.461
1.06230039333333,3.451,1.06230496527778,3.461,1.06226251472222,3.461
1.06257814222222,3.451,1.06258299972222,3.461,1.06254031638889,3.461
1.06285562555556,3.451,1.06286080527778,3.461,1.06281822055556,3.461
1.06313354472222,3.451,1.06313868166667,3.461,1.06309603805556,3.461
1.06341124805556,3.451,1.06341653583333,3.461,1.06337380833333,3.461
1.06368932694444,3.451,1.06369440861111,3.461,1.06365167527778,3.461
1.06396724388889,3.451,1.06397226166667,3.461,1.06392934277778,3.461
1.06424508111111,3.451,1.06425015277778,3.461,1.06420725555556,3.461
1.06452296138889,3.451,1.06452790055556,3.461,1.06448512527778,3.461
1.06480076027778,3.451,1.06480597888889,3.461,1.06476340888889,3.461
1.06507902138889,3.451,1.06508370166667,3.461,1.06504101833333,3.461
1.06535707972222,3.451,1.06536169972222,3.461,1.06531891527778,3.461
1.06563482583333,3.451,1.06563914055556,3.461,1.06559665583333,3.461
1.06591245166667,3.451,1.06591695694444,3.461,1.06587456972222,3.461
1.06619066555556,3.451,1.06619509611111,3.461,1.06615248472222,3.472
1.0664684575,3.451,1.06647242138889,3.461,1.06643057638889,3.461
1.0667463,3.451,1.06675054611111,3.461,1.06670878111111,3.461
1.067024345,3.451,1.06702859861111,3.461,1.06698629944444,3.461
1.06730200416667,3.451,1.06730625055556,3.461,1.06726440222222,3.461
1.06757988027778,3.451,1.06758422583333,3.461,1.0675422475,3.461
1.06785799583333,3.451,1.06786197166667,3.461,1.06782037611111,3.472
1.06813602222222,3.451,1.06814011305556,3.461,1.06809873138889,3.461
1.06841405777778,3.451,1.06841795722222,3.461,1.06837646305556,3.461
1.06869164361111,3.451,1.06869650111111,3.461,1.06865415,3.461
1.06896980777778,3.451,1.06897406138889,3.461,1.06893207277778,3.461
1.06924751083333,3.451,1.06925205138889,3.461,1.06920995694444,3.461
1.06952550805556,3.451,1.06952992666667,3.461,1.0694881175,3.461
1.06980337138889,3.451,1.06980777861111,3.461,1.06976595638889,3.461
1.07008078972222,3.451,1.07008560055556,3.461,1.07004421944444,3.472
1.07035869694444,3.451,1.07036341388889,3.461,1.07032235,3.461
1.07063658638889,3.451,1.070641045,3.461,1.07060025666667,3.472
1.07091442333333,3.451,1.07091892083333,3.461,1.07087768527778,3.461
1.07119211777778,3.451,1.07119712361111,3.461,1.07115564583333,3.461
1.07146998527778,3.451,1.07147506722222,3.461,1.07143349777778,3.461
1.07174748722222,3.451,1.07175280611111,3.461,1.07171148888889,3.461
1.07202567777778,3.451,1.07203097944444,3.461,1.07198926111111,3.472
1.07230389527778,3.451,1.07230856972222,3.461,1.07226717472222,3.461
1.07258174416667,3.451,1.07258626444444,3.461,1.07254462833333,3.461
1.07285984611111,3.451,1.07286454472222,3.461,1.07282259666667,3.461
1.07313766833333,3.451,1.07314251472222,3.461,1.07310012583333,3.461
1.07341569555556,3.451,1.07342016888889,3.461,1.07337853555556,3.472
1.07369355611111,3.451,1.07369813277778,3.461,1.07365650138889,3.461
1.07397137833333,3.451,1.073976105,3.461,1.07393463055556,3.461
1.07424926388889,3.451,1.07425358,3.461,1.07421267805556,3.472
1.07452703,3.451,1.07453137055556,3.461,1.07449042,3.461
1.074804705,3.451,1.07480951055556,3.461,1.07476833277778,3.461
1.075082495,3.451,1.07508744722222,3.461,1.07504579194444,3.461
1.07536062305556,3.451,1.07536539027778,3.461,1.07532407333333,3.461
1.07563850111111,3.451,1.07564297361111,3.461,1.0756020325,3.461
1.07591635861111,3.451,1.07592077333333,3.461,1.07587977361111,3.472
1.07619404805556,3.451,1.07619907111111,3.461,1.07615761166667,3.461
1.07647194666667,3.451,1.07647676666667,3.461,1.07643548166667,3.461
1.07674965805556,3.451,1.07675461611111,3.461,1.07671290138889,3.461
1.07702783194444,3.451,1.07703264944444,3.461,1.07699112833333,3.461
1.07730564805556,3.451,1.07731069,3.461,1.07726912138889,3.461
1.07758327916667,3.451,1.07758824305556,3.461,1.0775467775,3.461
1.0778615375,3.451,1.07786646388889,3.461,1.0778250125,3.472
1.07813959055556,3.451,1.07814426944444,3.461,1.07810261,3.461
1.07841713111111,3.451,1.0784224075,3.461,1.07838042305556,3.461
1.07869497444444,3.451,1.07870030333333,3.461,1.07865861361111,3.461
1.07897264388889,3.451,1.07897847083333,3.461,1.07893659888889,3.461
1.07925057777778,3.451,1.07925610138889,3.461,1.07921433194444,3.461
1.07952897555556,3.451,1.07953386138889,3.461,1.0794922225,3.472
1.07980655694444,3.451,1.07981176361111,3.461,1.07976995777778,3.461
1.08008453361111,3.451,1.08008936333333,3.461,1.08004764277778,3.461
1.08036241333333,3.441,1.08036781166667,3.461,1.08032577777778,3.461
1.08064010166667,3.451,1.08064564222222,3.461,1.08060368,3.461
1.080917745,3.451,1.08092346972222,3.461,1.08088177,3.472
1.08119576416667,3.451,1.08120161333333,3.461,1.08115979,3.461
1.08147402027778,3.451,1.08147933694444,3.472,1.08143768,3.461
1.08175183916667,3.451,1.08175720333333,3.461,1.08171545361111,3.472
1.08203008333333,3.451,1.08203493027778,3.461,1.08199311722222,3.472
1.08230777555556,3.451,1.08231266444444,3.461,1.08227099138889,3.461
1.08258569638889,3.451,1.08259063222222,3.461,1.08254910805556,3.461
1.08286350388889,3.451,1.08286848388889,3.461,1.08282704194444,3.472
1.08314134666667,3.451,1.08314670555556,3.461,1.08310465527778,3.461
1.08341946694444,3.451,1.08342445277778,3.461,1.08338265305556,3.472
1.08369729472222,3.451,1.08370234722222,3.461,1.083660165,3.461
1.0839751625,3.451,1.08398037944444,3.461,1.08393837111111,3.472
1.08425335888889,3.451,1.08425807694444,3.461,1.08421652916667,3.472
1.08453117472222,3.451,1.08453583555556,3.461,1.08449450555556,3.461
1.08480898861111,3.451,1.08481365777778,3.461,1.08477186305556,3.472
1.08508703722222,3.451,1.08509120611111,3.461,1.08504985361111,3.472
1.08536460277778,3.451,1.08536942416667,3.461,1.08532774472222,3.461
1.08564295888889,3.451,1.0856472325,3.461,1.08560565472222,3.472
1.085920985,3.451,1.08592468611111,3.461,1.08588375722222,3.472
1.08619898083333,3.451,1.08620282305556,3.461,1.086161715,3.461
1.08647644055556,3.451,1.08648117555556,3.461,1.08643952611111,3.461
1.08675450583333,3.451,1.08675888472222,3.461,1.08671746138889,3.461
1.08703296166667,3.451,1.08703655861111,3.461,1.08699523694444,3.472
1.08731095777778,3.451,1.08731490944444,3.461,1.08727288611111,3.461
1.08758826638889,3.451,1.08759266138889,3.472,1.08755094388889,3.472
1.08786633388889,3.451,1.08787031333333,3.461,1.08782886222222,3.461
1.08814423166667,3.451,1.08814825388889,3.461,1.08810667111111,3.461
1.08842174666667,3.451,1.088425955,3.461,1.0883844125,3.472
1.08869972611111,3.451,1.08870384805556,3.461,1.08866197833333,3.461
1.08897781027778,3.451,1.08898127722222,3.461,1.08894023527778,3.472
1.08925560944444,3.451,1.08925949361111,3.461,1.08921768888889,3.461
1.08953338583333,3.451,1.08953750888889,3.461,1.08949575666667,3.461
1.08981082111111,3.451,1.08981528138889,3.461,1.089773445,3.472
1.09008905388889,3.451,1.09009299722222,3.461,1.09005144166667,3.472
1.09036705861111,3.451,1.09037089777778,3.461,1.09032949055556,3.461
1.09064484527778,3.451,1.09064857388889,3.461,1.09060708916667,3.461
1.09092253833333,3.451,1.090926655,3.461,1.09088502833333,3.472
1.09120062694444,3.451,1.09120452861111,3.461,1.09116250722222,3.461
1.09147841833333,3.451,1.09148215472222,3.461,1.09144042888889,3.472
1.09175630694444,3.451,1.09176015722222,3.461,1.09171857611111,3.472
1.09203432472222,3.451,1.09203829916667,3.461,1.09199624305556,3.472
1.092311905,3.451,1.09231607277778,3.461,1.09227377944444,3.472
1.09259005444444,3.451,1.09259380555556,3.461,1.09255228694444,3.472
1.09286763166667,3.451,1.0928713475,3.461,1.09282985944444,3.461
1.09314531833333,3.451,1.09314952888889,3.461,1.09310782972222,3.472
1.09342369472222,3.451,1.09342724638889,3.461,1.0933856175,3.472
1.09370127916667,3.451,1.09370501166667,3.461,1.09366302222222,3.461
1.09397945805556,3.451,1.09398287222222,3.461,1.09394140444444,3.472
1.09425767138889,3.451,1.094260795,3.461,1.0942190425,3.472
1.09453566777778,3.451,1.09453826361111,3.461,1.09449697194444,3.472
1.09481323638889,3.451,1.09481664472222,3.461,1.09477469277778,3.461
1.09509138944444,3.451,1.09509466527778,3.461,1.09505236055556,3.461
1.09536919194444,3.451,1.09537285861111,3.472,1.09533072388889,3.472
1.095647325,3.451,1.09565053694444,3.461,1.09560867277778,3.472
1.09592494583333,3.451,1.09592823305556,3.461,1.09588632916667,3.461
1.09620290277778,3.451,1.09620615694444,3.461,1.09616453416667,3.472
1.0964808025,3.451,1.0964841375,3.472,1.09644206638889,3.472
1.09675902527778,3.451,1.09676226222222,3.472,1.09672019277778,3.472
1.09703702138889,3.451,1.09704003333333,3.461,1.09699804805556,3.461
1.09731450611111,3.451,1.09731763972222,3.461,1.09727614305556,3.461
1.09759249305556,3.451,1.09759593944444,3.472,1.09755378388889,3.472
1.09787012055556,3.451,1.09787350583333,3.461,1.09783189777778,3.461
1.09814777916667,3.451,1.09815143138889,3.461,1.09810944361111,3.472
1.09842589777778,3.451,1.09842952222222,3.472,1.09838751388889,3.472
1.09870389444444,3.451,1.09870717361111,3.461,1.09866514222222,3.472
1.09898180861111,3.451,1.09898514444444,3.472,1.09894291583333,3.472
1.09925972305556,3.451,1.09926318805556,3.461,1.09922108333333,3.472
1.09953766,3.451,1.09954107888889,3.461,1.09949892833333,3.472
1.09981491972222,3.451,1.09981852083333,3.461,1.09977665944444,3.472
1.10009313027778,3.451,1.10009672027778,3.461,1.10005412305556,3.472
1.10037077861111,3.451,1.10037438055556,3.461,1.10033245694444,3.461
1.10064917083333,3.451,1.10065214555556,3.472,1.10061003944444,3.472
1.10092723666667,3.451,1.10093009777778,3.461,1.10088766916667,3.461
1.10120527194444,3.451,1.10120773777778,3.461,1.10116604027778,3.461
1.10148323277778,3.451,1.10148585416667,3.461,1.10144396527778,3.472
1.101760805,3.451,1.10176393361111,3.461,1.10172205166667,3.461
1.10203922472222,3.451,1.10204133611111,3.472,1.10199981111111,3.472
1.10231687611111,3.451,1.10231949666667,3.461,1.10227770416667,3.472
1.10259462194444,3.451,1.10259712777778,3.461,1.10255555277778,3.461
1.10287220638889,3.451,1.10287517861111,3.472,1.10283322055556,3.461
1.10315034888889,3.451,1.10315327527778,3.461,1.10311099194444,3.472
1.10342800444444,3.451,1.10343119861111,3.461,1.10338915083333,3.472
1.10370578916667,3.451,1.10370926861111,3.472,1.10366721361111,3.472
1.10398358388889,3.451,1.10398722055556,3.461,1.10394467916667,3.472
1.10426123,3.451,1.10426502,3.461,1.10422243861111,3.461
1.10453910944444,3.451,1.10454308444444,3.461,1.10450033388889,3.461
1.10481717222222,3.451,1.10482081388889,3.461,1.10477821277778,3.472
1.10509505194444,3.451,1.10509885055556,3.472,1.10505606416667,3.461
1.10537279027778,3.451,1.10537628722222,3.461,1.10533409166667,3.461
1.10565065222222,3.451,1.10565455194444,3.461,1.10561198388889,3.461
1.10592819027778,3.451,1.105932275,3.461,1.10589026333333,3.461
1.10620606972222,3.451,1.10621018222222,3.461,1.10616789888889,3.472
1.10648393527778,3.451,1.1064882725,3.461,1.10644600444444,3.472
1.10676201333333,3.451,1.10676602361111,3.472,1.10672349055556,3.472
1.10703977972222,3.451,1.10704400833333,3.461,1.10700151138889,3.472
1.10731792833333,3.451,1.10732159055556,3.461,1.1072792575,3.472
1.10759580666667,3.451,1.10759947194444,3.472,1.10755689388889,3.472
1.10787388055556,3.451,1.1078773475,3.461,1.10783516583333,3.472
1.10815150611111,3.451,1.10815533138889,3.461,1.108112835,3.472
1.10842951138889,3.451,1.1084327,3.461,1.10839078166667,3.472
1.10870757638889,3.451,1.1087109725,3.461,1.10866830138889,3.472
1.10898529138889,3.451,1.10898900972222,3.472,1.10894597805556,3.461
1.10926291472222,3.451,1.10926698138889,3.472,1.10922373388889,3.472
1.10954046916667,3.451,1.10954493972222,3.461,1.10950183555556,3.472
1.10981827138889,3.451,1.10982306833333,3.461,1.10977972638889,3.472
1.11009643,3.451,1.11010056083333,3.461,1.11005736611111,3.472
1.11037383888889,3.451,1.11037857888889,3.461,1.11033584527778,3.472
1.11065207222222,3.451,1.11065646055556,3.461,1.11061395361111,3.472
1.11092989694444,3.451,1.110934175,3.461,1.11089143277778,3.472
1.11120743777778,3.451,1.11121232444444,3.472,1.11116950916667,3.472
1.11148550444444,3.451,1.11149053944444,3.472,1.11144702277778,3.461
1.11176377722222,3.451,1.11176807833333,3.461,1.11172488472222,3.461
1.11204150138889,3.451,1.11204621333333,3.461,1.11200273833333,3.472
1.11231964111111,3.451,1.11232383666667,3.461,1.11228087027778,3.472
1.11259731722222,3.451,1.11260163527778,3.472,1.11255847916667,3.472
1.11287536472222,3.451,1.11287952583333,3.472,1.11283691611111,3.461
1.11315349666667,3.451,1.11315714083333,3.461,1.1131147875,3.472
1.11343149777778,3.451,1.11343522666667,3.472,1.11339257833333,3.472
1.11370913055556,3.451,1.11371308388889,3.472,1.11367020444444,3.472
1.1139871925,3.451,1.11399080916667,3.461,1.11394798,3.472
1.114265295,3.451,1.11426857638889,3.461,1.11422614666667,3.472
1.11454322611111,3.451,1.11454667166667,3.472,1.11450394333333,3.472
1.114820855,3.451,1.11482459166667,3.472,1.11478180361111,3.472
1.11509880833333,3.451,1.11510211777778,3.472,1.11505965694444,3.472
1.11537665583333,3.451,1.11538003972222,3.472,1.11533747777778,3.472
1.11565424555556,3.451,1.11565796416667,3.461,1.11561534333333,3.472
1.11593190027778,3.451,1.11593594222222,3.472,1.11589327833333,3.472
1.11621021333333,3.451,1.11621343083333,3.472,1.11617098638889,3.472
1.11648843166667,3.451,1.116491765,3.472,1.1164487225,3.472
1.11676629222222,3.451,1.11676987166667,3.461,1.11672674638889,3.472
1.11704367277778,3.451,1.11704762111111,3.472,1.11700488833333,3.472
1.11732171916667,3.451,1.11732549638889,3.472,1.11728272888889,3.472
1.11759908333333,3.451,1.11760360611111,3.472,1.11756063388889,3.472
1.11787721138889,3.451,1.11788136888889,3.461,1.11783825416667,3.472
1.11815486444444,3.451,1.11815942388889,3.472,1.11811650333333,3.461
1.11843271694444,3.451,1.11843733638889,3.472,1.11839456083333,3.472
1.11871051611111,3.451,1.11871522138889,3.461,1.11867231444444,3.472
1.11898832916667,3.451,1.11899317333333,3.472,1.11895025694444,3.472
1.11926664277778,3.451,1.11927083888889,3.472,1.11922835555556,3.472
1.11954439388889,3.451,1.11954873611111,3.461,1.11950616111111,3.472
1.11982245472222,3.451,1.11982692638889,3.472,1.11978381527778,3.472
1.12010036861111,3.451,1.12010484472222,3.472,1.12006207722222,3.472
1.12037824833333,3.451,1.12038297444444,3.472,1.12033945277778,3.472
1.12065596138889,3.451,1.12066111138889,3.472,1.12061767222222,3.472
1.12093396666667,3.451,1.12093849944444,3.472,1.12089520194444,3.472
1.12121149444444,3.451,1.12121672,3.472,1.12117310527778,3.472
1.12148961555556,3.451,1.121494995,3.472,1.12145084638889,3.472
1.12176719055556,3.451,1.12177288361111,3.472,1.12172869972222,3.472
1.12204529861111,3.451,1.12205079194444,3.461,1.12200662361111,3.472
1.12232303444444,3.451,1.12232887305556,3.472,1.12228456111111,3.472
1.12260077083333,3.451,1.12260639916667,3.472,1.12256251361111,3.472
1.12287846027778,3.451,1.12288435027778,3.472,1.12284051944444,3.472
1.12315634222222,3.451,1.12316245555556,3.461,1.12311826888889,3.472
1.12343384472222,3.451,1.12344008722222,3.472,1.12339616805556,3.472
1.1237118025,3.451,1.12371846555556,3.472,1.12367457722222,3.472
1.12398952388889,3.451,1.1239960125,3.472,1.12395259055556,3.472
1.124267525,3.451,1.1242742025,3.461,1.12423045083333,3.472
1.12454564277778,3.451,1.12455210666667,3.472,1.12450837305556,3.472
1.12482333527778,3.451,1.12482967555556,3.472,1.12478620916667,3.472
1.12510106611111,3.451,1.12510748861111,3.472,1.12506408361111,3.472
1.12537897555556,3.451,1.12538526638889,3.472,1.1253420575,3.472
1.12565711527778,3.451,1.12566330305556,3.461,1.12562034,3.472
1.12593457638889,3.451,1.12594131638889,3.472,1.12589809722222,3.472
1.12621249527778,3.451,1.12621914583333,3.472,1.12617572416667,3.472
1.12649062583333,3.451,1.12649731416667,3.472,1.12645393666667,3.472
1.1267683475,3.451,1.12677487555556,3.472,1.12673185388889,3.472
1.12704609972222,3.451,1.12705331388889,3.472,1.12700958361111,3.472
1.12732400194444,3.451,1.12733138,3.472,1.1272874375,3.472
1.12760158777778,3.451,1.12760894666667,3.472,1.12756548916667,3.472
1.12787967166667,3.451,1.12788670388889,3.461,1.12784319416667,3.472
1.12815748916667,3.451,1.12816477916667,3.472,1.128121325,3.472
1.12843494027778,3.451,1.128443165,3.472,1.12839904138889,3.472
1.12871278194444,3.451,1.12872079277778,3.472,1.12867681111111,3.472
1.12899085805556,3.451,1.12899900722222,3.472,1.12895488805556,3.472
1.12926852583333,3.451,1.1292773425,3.472,1.12923298416667,3.472
1.12954652722222,3.451,1.12955498527778,3.472,1.12951100388889,3.472
1.12982440138889,3.451,1.12983320083333,3.472,1.12978896472222,3.472
1.13010234444444,3.451,1.13011064277778,3.461,1.13006679055556,3.472
1.13038005055556,3.451,1.13038903638889,3.472,1.13034474333333,3.472
1.13065746333333,3.451,1.13066668805556,3.472,1.13062255666667,3.472
1.13093547916667,3.451,1.130944735,3.472,1.13090041027778,3.472
1.13121338361111,3.451,1.13122239222222,3.472,1.13117807388889,3.472
1.13149113944444,3.451,1.13150052361111,3.472,1.13145613666667,3.472
1.13176899472222,3.451,1.13177853138889,3.472,1.13173390305556,3.472
1.13204665888889,3.451,1.13205632305556,3.461,1.13201153722222,3.472
1.13232475805556,3.451,1.13233403388889,3.472,1.13228974527778,3.472
1.13260261027778,3.451,1.13261194444444,3.472,1.13256775805556,3.472
1.13288017583333,3.451,1.13288962666667,3.472,1.13284580527778,3.472
1.13315796916667,3.451,1.13316751805556,3.472,1.13312384972222,3.472
1.13343583472222,3.451,1.13344602888889,3.472,1.13340177611111,3.472
1.13371337972222,3.451,1.13372399472222,3.472,1.13367976916667,3.472
1.13399126777778,3.451,1.13400188416667,3.472,1.13395761083333,3.472
1.13426880666667,3.451,1.13427994944444,3.472,1.13423549277778,3.472
1.1345471225,3.451,1.13455782694444,3.472,1.13451331805556,3.472
1.13482488527778,3.451,1.13483569527778,3.461,1.13479112638889,3.472
1.13510249416667,3.451,1.13511383138889,3.472,1.13506930277778,3.472
1.13538045722222,3.451,1.13539177055556,3.472,1.13534741833333,3.472
1.135658495,3.451,1.13566905583333,3.472,1.13562520305556,3.472
1.13593626333333,3.451,1.13594713638889,3.472,1.13590299666667,3.472
1.13621381666667,3.451,1.13622498083333,3.472,1.13618080555556,3.472
1.13649175916667,3.451,1.13650259138889,3.472,1.13645891527778,3.472
1.13676983694444,3.451,1.13678049416667,3.472,1.13673652277778,3.472
1.13704788694444,3.451,1.13705870527778,3.472,1.13701437416667,3.472
1.13732559055556,3.451,1.13733618611111,3.472,1.13729228805556,3.472
1.13760357777778,3.451,1.13761425555556,3.472,1.13756975055556,3.472
1.13788186333333,3.451,1.13789205611111,3.472,1.13784740305556,3.472
1.1381598675,3.451,1.13817002138889,3.472,1.13812567194444,3.472
1.13843759333333,3.451,1.13844804305556,3.472,1.13840358777778,3.472
1.13871549861111,3.451,1.13872583972222,3.472,1.1386815275,3.472
1.13899298972222,3.451,1.13900374,3.472,1.13895970083333,3.472
1.1392709975,3.451,1.13928154694444,3.472,1.13923735416667,3.472
1.13954872611111,3.451,1.13955954277778,3.472,1.13951516111111,3.472
1.13982669138889,3.451,1.13983749972222,3.472,1.13979304611111,3.472
1.14010421333333,3.451,1.14011539055556,3.472,1.14007087888889,3.472
1.14038192111111,3.451,1.14039328472222,3.472,1.14034870805556,3.472
1.14066007666667,3.451,1.14067105944444,3.472,1.14062666277778,3.472
1.14093806472222,3.451,1.14094914,3.472,1.14090401388889,3.472
1.14121592277778,3.451,1.14122691361111,3.472,1.14118214527778,3.472
1.14149327222222,3.451,1.14150487805556,3.472,1.14146018111111,3.472
1.14177160361111,3.451,1.14178281444444,3.472,1.14173828416667,3.472
1.14204923277778,3.451,1.14206103472222,3.472,1.14201608,3.472
1.14232758861111,3.451,1.14233916166667,3.472,1.14229373111111,3.472
1.14260536583333,3.451,1.14261690972222,3.472,1.14257151805556,3.472
1.14288319111111,3.451,1.14289443666667,3.472,1.14284989166667,3.472
1.14316065916667,3.451,1.14317257805556,3.472,1.14312747305556,3.472
1.14343886222222,3.451,1.14345062555556,3.472,1.14340549805556,3.472
1.14371677305556,3.451,1.14372883361111,3.472,1.14368349861111,3.472
1.14399467916667,3.451,1.14400649638889,3.472,1.14396134916667,3.472
1.14427272277778,3.451,1.14428449083333,3.472,1.14423914888889,3.472
1.14455069527778,3.451,1.14456242416667,3.472,1.14451671944444,3.472
1.14482828416667,3.451,1.14483999361111,3.472,1.1447946125,3.472
1.14510636888889,3.451,1.14511824027778,3.472,1.14507241638889,3.472
1.14538408527778,3.451,1.14539592083333,3.472,1.1453504275,3.472
1.1456623775,3.451,1.14567359333333,3.472,1.14562843472222,3.472
1.14594016416667,3.451,1.14595171777778,3.472,1.145906505,3.472
1.14621796055556,3.451,1.14622918,3.472,1.14618426138889,3.472
1.14649574944444,3.451,1.14650701611111,3.472,1.14646179694444,3.472
1.14677398888889,3.451,1.14678464388889,3.472,1.14673996833333,3.472
1.14705162472222,3.451,1.14706238055556,3.472,1.14701812833333,3.472
1.14732950361111,3.451,1.14734070027778,3.472,1.147295665,3.472
1.14760734916667,3.451,1.14761840027778,3.472,1.14757325583333,3.472
1.14788509111111,3.451,1.14789623388889,3.472,1.14785173666667,3.472
1.14816296333333,3.451,1.14817413944444,3.472,1.14812946083333,3.472
1.14844100777778,3.451,1.14845191527778,3.472,1.14840728972222,3.472
1.14871858472222,3.451,1.14872993194444,3.472,1.14868523416667,3.472
1.14899682888889,3.451,1.14900746527778,3.472,1.14896265722222,3.472
1.14927494361111,3.451,1.14928571027778,3.472,1.14924083472222,3.472
1.1495524975,3.451,1.14956339388889,3.472,1.14951888305556,3.472
1.14983090916667,3.461,1.14984137888889,3.472,1.14979682666667,3.472
1.1501085,3.451,1.15011877333333,3.472,1.15007463111111,3.472
1.15038650277778,3.451,1.1503970875,3.472,1.15035242611111,3.472
1.15066434,3.451,1.15067510916667,3.472,1.15063023472222,3.472
1.15094239833333,3.451,1.1509534475,3.472,1.15090811916667,3.472
1.15122037083333,3.451,1.15123088305556,3.472,1.15118619888889,3.472
1.15149777472222,3.451,1.15150892527778,3.472,1.15146402138889,3.472
1.15177610722222,3.451,1.15178655194444,3.472,1.15174151472222,3.472
1.15205389777778,3.451,1.15206445138889,3.472,1.15201930111111,3.472
1.15233177138889,3.451,1.15234259388889,3.472,1.15229777222222,3.482
1.15260954583333,3.451,1.15262038944444,3.472,1.15257570361111,3.472
1.15288737472222,3.451,1.15289793416667,3.472,1.15285380222222,3.472
1.15316546083333,3.451,1.15317609777778,3.472,1.15313126638889,3.472
1.15344335805556,3.451,1.15345404055556,3.472,1.15340920555556,3.472
1.15372154805556,3.451,1.15373198583333,3.472,1.15368699111111,3.472
1.15399970055556,3.451,1.15400973916667,3.472,1.15396439166667,3.472
1.15427745222222,3.451,1.15428781027778,3.472,1.15424247972222,3.472
1.15455557916667,3.451,1.15456558111111,3.472,1.15452037611111,3.472
1.154833665,3.451,1.15484326583333,3.472,1.15479805694444,3.482
1.155111415,3.451,1.15512110388889,3.472,1.15507596722222,3.472
1.15538960333333,3.451,1.15539916416667,3.472,1.15535389583333,3.472
1.15566694666667,3.451,1.15567691861111,3.472,1.15563156333333,3.472
1.15594552694444,3.451,1.15595487027778,3.472,1.15590939027778,3.472
1.15622332777778,3.451,1.1562328375,3.472,1.15618719861111,3.472
1.15650130916667,3.451,1.1565107525,3.472,1.15646504833333,3.472
1.15677875833333,3.451,1.15678873583333,3.472,1.15674308861111,3.472
1.15705655027778,3.451,1.15706682333333,3.472,1.15702089472222,3.472
1.15733446111111,3.451,1.15734490444444,3.472,1.15729847611111,3.472
1.15761186944444,3.451,1.15762282916667,3.472,1.15757641638889,3.472
1.15789012777778,3.451,1.15790081972222,3.472,1.157854185,3.472
1.15816787111111,3.451,1.158178995,3.472,1.15813178694444,3.472
1.15844613222222,3.451,1.158456575,3.472,1.15840994777778,3.472
1.15872353805556,3.451,1.15873416305556,3.472,1.15868760055556,3.472
1.15900160555556,3.451,1.15901210638889,3.472,1.15896562611111,3.472
1.15927935555556,3.451,1.15929016333333,3.472,1.15924348305556,3.472
1.15955721083333,3.451,1.15956838722222,3.472,1.15952096833333,3.472
1.15983530666667,3.451,1.1598460075,3.472,1.15979951638889,3.472
1.16011305694444,3.451,1.16012380083333,3.472,1.16007787861111,3.472
1.16039088111111,3.451,1.16040203027778,3.472,1.16035563083333,3.472
1.16066895472222,3.451,1.16067932166667,3.472,1.16063357222222,3.472
1.16094683722222,3.451,1.16095743166667,3.472,1.16091134861111,3.472
1.16122430027778,3.451,1.16123520527778,3.472,1.16118906611111,3.472
1.16150215361111,3.461,1.16151306861111,3.472,1.16146686138889,3.472
1.16178007,3.451,1.16179066555556,3.472,1.16174467,3.472
1.16205765833333,3.451,1.16206864083333,3.472,1.16202288694444,3.472
1.162335705,3.451,1.16234675944444,3.472,1.16230111416667,3.472
1.16261348777778,3.451,1.16262459277778,3.472,1.162578665,3.472
1.16289130166667,3.451,1.162901905,3.472,1.16285643777778,3.472
1.16316955472222,3.451,1.16317978888889,3.472,1.16313431333333,3.472
1.16344701666667,3.451,1.16345809833333,3.472,1.16341189305556,3.472
1.16372498916667,3.451,1.163736055,3.472,1.16369005527778,3.472
1.16400246916667,3.451,1.16401388055556,3.472,1.16396779888889,3.482
1.16428081166667,3.451,1.16429131666667,3.472,1.16424520861111,3.472
1.1645589225,3.451,1.16456958083333,3.472,1.16452309333333,3.472
1.16483683055556,3.451,1.16484738722222,3.472,1.16480068666667,3.472
1.1651150975,3.451,1.16512488583333,3.472,1.16507874666667,3.472
1.1653928175,3.451,1.16540339027778,3.472,1.16535644166667,3.472
1.16567073972222,3.461,1.16568112055556,3.472,1.16563435805556,3.472
1.16594881805556,3.451,1.16595898138889,3.472,1.16591205694444,3.472
1.16622670638889,3.451,1.16623657861111,3.472,1.16618982361111,3.472
1.16650428138889,3.451,1.16651486111111,3.472,1.16646778083333,3.472
1.166782285,3.451,1.16679213166667,3.472,1.16674538,3.472
1.16706022111111,3.451,1.16707023055556,3.472,1.16702330277778,3.482
1.16733818361111,3.451,1.16734810805556,3.472,1.16730121333333,3.472
1.16761607305556,3.461,1.16762605555556,3.472,1.16757948861111,3.472
1.16789405,3.451,1.16790405944444,3.472,1.16785705416667,3.472
1.16817186888889,3.451,1.16818204694444,3.472,1.1681350125,3.472
1.16845005777778,3.451,1.16845979666667,3.472,1.16841287277778,3.472
1.16872799194444,3.461,1.16873741138889,3.472,1.16869047444444,3.472
1.16900585166667,3.451,1.16901544638889,3.472,1.16896794694444,3.472
1.16928370944444,3.451,1.16929298638889,3.472,1.16924645444444,3.472
1.16956150333333,3.451,1.1695704525,3.472,1.16952411361111,3.472
1.16983920777778,3.451,1.1698487175,3.472,1.1698017825,3.472
1.17011663333333,3.451,1.17012644027778,3.472,1.1700799575,3.472
1.17039474916667,3.451,1.1704046275,3.472,1.17035781833333,3.472
1.17067246888889,3.451,1.1706828,3.472,1.17063565,3.472
1.17095032138889,3.451,1.17096051555556,3.472,1.17091364916667,3.472
1.17122840388889,3.451,1.17123860555556,3.472,1.17119129361111,3.482
1.17150623472222,3.451,1.1715164075,3.482,1.17146912527778,3.482
1.17178398638889,3.451,1.17179386611111,3.472,1.17174684944444,3.472
1.17206209555556,3.451,1.17207203916667,3.472,1.17202433416667,3.482
1.17234013138889,3.451,1.1723496175,3.472,1.17230237222222,3.472
1.17261767611111,3.451,1.1726273275,3.472,1.17258077138889,3.472
1.17289579194444,3.451,1.17290545777778,3.472,1.17285875916667,3.472
1.17317333222222,3.451,1.1731833325,3.472,1.17313661333333,3.472
1.17345163027778,3.451,1.17346117166667,3.472,1.17341454,3.472
1.1737295175,3.451,1.17373891805556,3.472,1.17369209722222,3.482
1.17400729638889,3.461,1.17401666444444,3.472,1.1739698375,3.472
1.17428494861111,3.451,1.17429462944444,3.482,1.17424798305556,3.482
1.17456272138889,3.451,1.17457282916667,3.482,1.1745256325,3.472
1.17484075166667,3.451,1.17485027611111,3.472,1.17480363083333,3.482
1.17511887083333,3.451,1.17512830388889,3.472,1.17508146,3.472
1.17539649611111,3.461,1.17540608694444,3.472,1.17535935805556,3.472
1.17567428805556,3.451,1.17568403888889,3.472,1.1756368025,3.472
1.17595193138889,3.451,1.17596174138889,3.472,1.17591493361111,3.472
1.17622971583333,3.451,1.17623965944444,3.472,1.17619273611111,3.482
1.17650812083333,3.451,1.17651756916667,3.472,1.17647080138889,3.472
1.17678575166667,3.451,1.17679522027778,3.472,1.17674838972222,3.472
1.17706380388889,3.451,1.1770731175,3.472,1.17702635083333,3.472
1.17734160333333,3.451,1.17735069583333,3.472,1.17730394944444,3.472
1.17761942916667,3.451,1.17762902333333,3.472,1.17758198361111,3.482
1.17789763694444,3.451,1.17790658722222,3.482,1.17785937777778,3.472
1.1781749325,3.461,1.17818439833333,3.472,1.17813741194444,3.472
1.17845326277778,3.451,1.17846220472222,3.472,1.17841507277778,3.482
1.17873149166667,3.451,1.17874039611111,3.472,1.17869304861111,3.472
1.17900961111111,3.461,1.17901831277778,3.472,1.17897064944444,3.472
1.17928762888889,3.451,1.17929621805556,3.482,1.17924844777778,3.482
1.17956530138889,3.461,1.17957394083333,3.472,1.17952638,3.482
1.17984316138889,3.461,1.17985158555556,3.482,1.17980411194444,3.472
1.18012078222222,3.451,1.180129455,3.482,1.18008158055556,3.472
1.18039868833333,3.461,1.18040726166667,3.472,1.18036010194444,3.472
1.18067671861111,3.461,1.18068515666667,3.472,1.18063750305556,3.472
1.18095488,3.461,1.18096322138889,3.472,1.18091560972222,3.472
1.18123275138889,3.451,1.18124130638889,3.472,1.18119372055556,3.482
1.18151045916667,3.451,1.18151958,3.482,1.18147126166667,3.472
1.18178848,3.451,1.18179683166667,3.482,1.18174901583333,3.472
1.18206615416667,3.461,1.182075035,3.482,1.18202684222222,3.472
1.18234409388889,3.461,1.18235275472222,3.472,1.18230489444444,3.472
1.18262172944444,3.461,1.1826304325,3.472,1.18258266388889,3.472
1.1828997175,3.461,1.18290823916667,3.472,1.18286083027778,3.472
1.18317722194444,3.461,1.18318645027778,3.472,1.18313843166667,3.472
1.18345537361111,3.451,1.18346426055556,3.472,1.18341654638889,3.472
1.1837330875,3.451,1.1837420125,3.472,1.18369429138889,3.472
1.18401078555556,3.461,1.18402010222222,3.482,1.18397200388889,3.482
1.1842887325,3.451,1.18429806083333,3.472,1.18424987555556,3.482
1.18456603555556,3.451,1.18457595833333,3.472,1.1845278025,3.472
1.18484400777778,3.451,1.18485381611111,3.482,1.18480569472222,3.482
1.18512168888889,3.451,1.18513166527778,3.482,1.18508359361111,3.472
1.18539957972222,3.451,1.18540944972222,3.482,1.18536146388889,3.482
1.18567753194444,3.461,1.18568732583333,3.472,1.18563907833333,3.472
1.18595520138889,3.451,1.18596518861111,3.472,1.18591727638889,3.472
1.18623305333333,3.451,1.18624292361111,3.472,1.1861952675,3.472
1.18651098638889,3.451,1.18652087583333,3.472,1.18647325027778,3.482
1.18678855527778,3.451,1.18679850916667,3.472,1.18675115972222,3.472
1.18706657083333,3.451,1.18707657333333,3.472,1.1870284825,3.472
1.18734412583333,3.451,1.18735440638889,3.472,1.1873068675,3.472
1.18762268722222,3.461,1.18763217444444,3.472,1.18758448222222,3.472
1.18790066444444,3.461,1.18790985833333,3.472,1.187862395,3.482
1.18817839416667,3.451,1.18818768666667,3.482,1.1881403875,3.472
1.18845600972222,3.451,1.1884659775,3.472,1.18841814055556,3.482
1.18873391888889,3.461,1.1887435275,3.482,1.18869648277778,3.472
1.18901198333333,3.451,1.18902161555556,3.482,1.18897418916667,3.482
1.18928964388889,3.461,1.18929956,3.472,1.18925200944444,3.472
1.18956767888889,3.451,1.18957685027778,3.472,1.18953009611111,3.472
1.1898455825,3.461,1.18985465083333,3.482,1.18980796111111,3.472
1.19012328555556,3.451,1.19013285611111,3.472,1.19008604305556,3.482
1.19040169527778,3.451,1.1904109175,3.482,1.19036354194444,3.472
1.19067966888889,3.461,1.19068859527778,3.482,1.19064160388889,3.482
1.19095788166667,3.461,1.19096605805556,3.482,1.19091918166667,3.482
1.19123569833333,3.461,1.19124383805556,3.482,1.19119737861111,3.482
1.19151392472222,3.451,1.19152154305556,3.472,1.19147514194444,3.482
1.19179130527778,3.461,1.19179974833333,3.482,1.19175304888889,3.482
1.19206929222222,3.461,1.19207716777778,3.472,1.19203073944444,3.472
1.19234694861111,3.461,1.19235570972222,3.482,1.19230895194444,3.472
1.19262496333333,3.451,1.19263336972222,3.482,1.19258703166667,3.472
1.19290291166667,3.461,1.19291108,3.482,1.19286467888889,3.472
1.19318026777778,3.451,1.19318901333333,3.472,1.19314288166667,3.482
1.19345848611111,3.451,1.19346627944444,3.482,1.19342032555556,3.482
1.19373611083333,3.461,1.19374441416667,3.482,1.19369828,3.482
1.19401381277778,3.461,1.19402246666667,3.482,1.19397595944444,3.482
1.19429166888889,3.461,1.19430021694444,3.482,1.1942539475,3.472
1.19456978055556,3.461,1.19457797555556,3.482,1.19453159805556,3.482
1.19484743,3.461,1.19485597027778,3.482,1.19480930222222,3.482
1.19512561111111,3.461,1.19513374694444,3.472,1.1950874675,3.472
1.19540329611111,3.461,1.195411345,3.482,1.19536493722222,3.472
1.19568146555556,3.461,1.19568936638889,3.482,1.19564316805556,3.482
1.19595923277778,3.461,1.19596718805556,3.472,1.19592087055556,3.482
1.19623695638889,3.461,1.19624491361111,3.482,1.196198365,3.472
1.19651470138889,3.451,1.19652262555556,3.482,1.19647634333333,3.472
1.19679261305556,3.451,1.19680026666667,3.482,1.19675405,3.482
1.19707033555556,3.451,1.19707848166667,3.472,1.19703212388889,3.482
1.19734770638889,3.461,1.19735627166667,3.472,1.19730970027778,3.482
1.19762612138889,3.461,1.19763436833333,3.482,1.19758780277778,3.482
1.19790399111111,3.461,1.1979122525,3.482,1.19786586305556,3.482
1.19818185194444,3.451,1.19819011222222,3.482,1.19814356833333,3.482
1.19845963666667,3.461,1.19846807305556,3.482,1.19842160527778,3.482
1.19873792055556,3.451,1.19874586694444,3.472,1.19869903472222,3.472
1.19901594916667,3.461,1.19902361916667,3.482,1.19897757305556,3.472
1.19929401888889,3.461,1.19930131166667,3.482,1.19925504555556,3.472
1.19957142166667,3.451,1.1995790575,3.482,1.199533185,3.472
1.19984916916667,3.461,1.19985700611111,3.482,1.199810925,3.482
1.20012705472222,3.451,1.20013439555556,3.472,1.20008896194444,3.472
1.20040474666667,3.461,1.20041254638889,3.482,1.20036663388889,3.482
1.20068259888889,3.451,1.20069021916667,3.482,1.20064407416667,3.482
1.20096020666667,3.451,1.20096822194444,3.482,1.20092216527778,3.482
1.20123857972222,3.461,1.20124604444444,3.482,1.20120061611111,3.472
1.20151628444444,3.461,1.20152410194444,3.482,1.20147844777778,3.472
1.20179419861111,3.461,1.201801945,3.482,1.20175603333333,3.472
1.20207202916667,3.461,1.20207941305556,3.482,1.20203412027778,3.482
1.20234975888889,3.461,1.20235755694444,3.472,1.20231198611111,3.482
1.20262740638889,3.461,1.20263540944444,3.482,1.20259009722222,3.482
1.20290507888889,3.461,1.2029133275,3.482,1.20286766777778,3.482
1.20318273833333,3.461,1.20319149694444,3.482,1.20314579805556,3.482
1.2034606775,3.461,1.20346921083333,3.482,1.20342386527778,3.472
1.20373842083333,3.451,1.20374714944444,3.482,1.20370143833333,3.482
1.20401627805556,3.461,1.20402526805556,3.482,1.20397914388889,3.482
1.20429383361111,3.461,1.20430274194444,3.482,1.20425718333333,3.482
1.20457208222222,3.461,1.2045810475,3.482,1.20453510527778,3.482
1.20484972805556,3.461,1.20485908861111,3.482,1.20481336611111,3.472
1.2051276,3.461,1.20513681861111,3.482,1.20509123166667,3.482
1.20540580388889,3.461,1.20541460527778,3.482,1.20536912694444,3.472
1.20568352333333,3.451,1.205692465,3.482,1.20564732444444,3.482
1.20596145361111,3.461,1.20597029138889,3.482,1.20592490722222,3.472
1.2062391725,3.461,1.20624818277778,3.482,1.20620277194444,3.482
1.20651697027778,3.451,1.20652553611111,3.482,1.20648074055556,3.472
1.20679508222222,3.461,1.20680353333333,3.482,1.20675841027778,3.482
1.20707278111111,3.451,1.20708158777778,3.482,1.20703644166667,3.482
1.20735030277778,3.461,1.20735935611111,3.482,1.20731438583333,3.482
1.20762868027778,3.461,1.20763714805556,3.482,1.20759255083333,3.482
1.20790614277778,3.461,1.20791521694444,3.482,1.20787049972222,3.482
1.20818407527778,3.461,1.20819333222222,3.472,1.20814833777778,3.482
1.20846186111111,3.461,1.20847116305556,3.482,1.20842613611111,3.482
1.20873987388889,3.461,1.20874872722222,3.482,1.20870377722222,3.482
1.20901759,3.461,1.20902669611111,3.482,1.20898196888889,3.482
1.20929539944444,3.461,1.20930412833333,3.482,1.20925955611111,3.482
1.20957345944444,3.461,1.209582325,3.482,1.20953716416667,3.482
1.20985076027778,3.461,1.20986042388889,3.482,1.20981531166667,3.482
1.21012900666667,3.461,1.21013843805556,3.482,1.21009316833333,3.482
1.21040674166667,3.461,1.21041613166667,3.482,1.21037074916667,3.472
1.21068437638889,3.461,1.21069390194444,3.482,1.21064854611111,3.482
1.21096190083333,3.461,1.21097175694444,3.482,1.21092634694444,3.482
1.21123993388889,3.461,1.21124974027778,3.482,1.21120422583333,3.482
1.2115180525,3.461,1.21152734138889,3.482,1.21148208944444,3.482
1.21179554694444,3.461,1.21180532583333,3.482,1.21176030055556,3.482
1.21207367861111,3.461,1.2120831125,3.482,1.21203842916667,3.482
1.212351485,3.461,1.21236065083333,3.482,1.21231629638889,3.482
1.21262926222222,3.461,1.21263864638889,3.482,1.21259403916667,3.482
1.21290692888889,3.461,1.21291677277778,3.482,1.21287196638889,3.482
1.21318484333333,3.451,1.21319448055556,3.482,1.21314971388889,3.482
1.21346244611111,3.461,1.213472055,3.482,1.2134277175,3.472
1.21374045861111,3.461,1.21375008583333,3.482,1.21370567083333,3.482
1.21401847111111,3.461,1.21402757583333,3.482,1.21398338972222,3.482
1.21429602861111,3.461,1.21430525166667,3.482,1.21426174055556,3.482
1.21457429027778,3.461,1.21458337333333,3.482,1.21453920722222,3.472
1.21485183,3.461,1.21486120583333,3.482,1.21481723694444,3.482
1.21512978111111,3.461,1.2151389475,3.482,1.21509493916667,3.482
1.21540758888889,3.461,1.21541659472222,3.482,1.21537288388889,3.482
1.21568535666667,3.461,1.21569448444444,3.482,1.21565088055556,3.482
1.21596322555556,3.461,1.215972115,3.482,1.21592897805556,3.482
1.21624120333333,3.461,1.21625003833333,3.482,1.21620655666667,3.482
1.21651891527778,3.461,1.21652772388889,3.482,1.2164842375,3.482
1.2167968,3.461,1.21680577888889,3.482,1.21676218472222,3.482
1.21707432055556,3.461,1.21708344555556,3.482,1.21704018555556,3.482
1.21735247555556,3.461,1.21736164722222,3.482,1.21731806055556,3.482
1.2176302825,3.461,1.2176392775,3.482,1.21759599055556,3.482
1.21790791166667,3.461,1.21791717611111,3.482,1.21787398555556,3.482
1.21818594194444,3.461,1.21819489166667,3.482,1.21815183638889,3.482
1.21846346722222,3.461,1.21847289722222,3.482,1.21842967138889,3.482
1.21874151444444,3.461,1.21875091138889,3.482,1.21870792194444,3.482
1.21901966472222,3.461,1.21902850194444,3.482,1.21898590472222,3.472
1.21929751,3.461,1.21930631638889,3.482,1.21926332805556,3.482
1.21957537111111,3.461,1.21958407138889,3.482,1.21954172305556,3.482
1.21985371666667,3.461,1.21986193611111,3.482,1.21981970222222,3.482
1.22013129222222,3.461,1.2201396275,3.482,1.22009758666667,3.482
1.22040900583333,3.461,1.22041752638889,3.482,1.22037495777778,3.472
1.22068707583333,3.461,1.22069546694444,3.482,1.22065297444444,3.482
1.22096517611111,3.451,1.2209732025,3.482,1.22093068166667,3.482
1.22124293472222,3.461,1.22125099166667,3.482,1.22120864055556,3.482
1.22152084388889,3.461,1.2215289425,3.482,1.22148654027778,3.482
1.22179851333333,3.461,1.22180652194444,3.482,1.22176462861111,3.482
1.22207682583333,3.461,1.22208434722222,3.482,1.22204249722222,3.482
1.22235453305556,3.461,1.22236257805556,3.482,1.22232014638889,3.482
1.22263221916667,3.461,1.22264018055556,3.482,1.22259844277778,3.482
1.22291002722222,3.461,1.22291830444444,3.482,1.22287597861111,3.482
1.22318771111111,3.461,1.22319617444444,3.482,1.22315428277778,3.482
1.22346545611111,3.461,1.22347381166667,3.482,1.22343251638889,3.482
1.22374333083333,3.461,1.2237517475,3.482,1.22370985555556,3.482
1.22402080944444,3.461,1.22402966194444,3.482,1.22398804027778,3.482
1.22429903666667,3.461,1.22430757,3.482,1.22426569138889,3.482
1.22457698194444,3.461,1.22458554222222,3.482,1.22454381916667,3.482
1.22485476277778,3.461,1.22486337277778,3.482,1.22482148666667,3.482
1.22513263027778,3.461,1.22514082083333,3.482,1.22509946666667,3.482
1.22541088611111,3.461,1.225418765,3.482,1.22537719638889,3.482
1.22568893805556,3.461,1.22569662888889,3.482,1.22565548333333,3.482
1.22596677194444,3.461,1.22597438083333,3.482,1.22593365555556,3.482
1.22624422583333,3.461,1.22625224638889,3.482,1.22621138833333,3.482
1.22652217555556,3.461,1.22653009416667,3.482,1.22648896888889,3.482
1.22679994777778,3.461,1.22680800277778,3.482,1.22676674472222,3.482
1.2270778975,3.461,1.22708615,3.482,1.2270447475,3.482
1.22735556638889,3.461,1.22736404111111,3.482,1.22732248611111,3.482
1.22763303527778,3.461,1.22764157972222,3.482,1.22760011694444,3.482
1.22791133138889,3.461,1.22791955777778,3.482,1.227877965,3.482
1.22818960333333,3.461,1.2281975125,3.482,1.22815608833333,3.482
1.22846758055556,3.461,1.22847567416667,3.482,1.22843401694444,3.482
1.22874509305556,3.461,1.228753265,3.482,1.22871190388889,3.482
1.22902339805556,3.461,1.22903121,3.482,1.2289898025,3.482
1.22930155916667,3.461,1.22930929694444,3.482,1.22926771055556,3.482
1.22957918222222,3.461,1.22958724611111,3.482,1.22954557027778,3.482
1.22985665444444,3.461,1.22986484722222,3.482,1.22982370472222,3.472
1.23013517222222,3.461,1.23014254361111,3.482,1.2301016275,3.482
1.230412845,3.461,1.23042067416667,3.482,1.23037938166667,3.482
1.23069054805556,3.461,1.2306985075,3.482,1.23065727555556,3.482
1.23096866277778,3.461,1.23097663472222,3.482,1.23093465472222,3.482
1.23124630472222,3.461,1.23125447333333,3.482,1.23121314861111,3.482
1.23152380444444,3.461,1.23153219888889,3.482,1.23149067916667,3.482
1.23180187805556,3.461,1.231810185,3.482,1.23176894361111,3.482
1.23207990777778,3.461,1.23208805277778,3.482,1.23204652944444,3.482
1.23235790333333,3.461,1.23236605666667,3.482,1.23232461055556,3.482
1.23263553583333,3.461,1.2326436525,3.482,1.23260282027778,3.482
1.23291345361111,3.461,1.23292156972222,3.482,1.23288042111111,3.482
1.23319101972222,3.461,1.23319935833333,3.482,1.23315849416667,3.482
1.23346879138889,3.461,1.23347715361111,3.482,1.23343632583333,3.482
1.23374681222222,3.461,1.23375534472222,3.482,1.23371443,3.482
1.23402471305556,3.461,1.23403321305556,3.482,1.23399229527778,3.482
1.23430266138889,3.461,1.23431131638889,3.482,1.23426986472222,3.482
1.23458027666667,3.461,1.23458940861111,3.482,1.23454793888889,3.482
1.23485808972222,3.461,1.23486727833333,3.482,1.23482602055556,3.482
1.23513579583333,3.461,1.23514498361111,3.482,1.23510393055556,3.482
1.23541363666667,3.461,1.23542316416667,3.482,1.23538178138889,3.482
1.23569164361111,3.461,1.2357010325,3.482,1.2356593075,3.482
1.23596959888889,3.461,1.23597883222222,3.482,1.23593680166667,3.482
1.2362472525,3.461,1.23625629861111,3.482,1.23621506861111,3.482
1.23652463583333,3.461,1.23653445111111,3.482,1.23649315055556,3.482
1.23680289722222,3.461,1.23681223555556,3.482,1.23677057694444,3.482
1.23708021666667,3.461,1.23708995166667,3.482,1.23704890527778,3.482
1.23735826361111,3.461,1.23736784111111,3.482,1.23732681388889,3.482
1.23763653916667,3.461,1.23764573166667,3.482,1.23760467916667,3.482
1.23791424583333,3.461,1.23792396361111,3.482,1.23788239583333,3.482
1.2381916225,3.461,1.23820162166667,3.482,1.23816015138889,3.482
1.23846967444444,3.461,1.23847969166667,3.482,1.23843793277778,3.482
1.23874785638889,3.461,1.23875746722222,3.482,1.23871587694444,3.482
1.23902535444444,3.461,1.23903548361111,3.482,1.23899355805556,3.482
1.23930349916667,3.461,1.23931327694444,3.482,1.23927141194444,3.482
1.23958176722222,3.461,1.23959175777778,3.482,1.23954932638889,3.482
1.23985936194444,3.461,1.23986947416667,3.482,1.23982704888889,3.482
1.24013732055556,3.461,1.24014689416667,3.482,1.24010496444444,3.482
1.24041515833333,3.461,1.24042483944444,3.482,1.24038318055556,3.482
1.24069310055556,3.461,1.24070282944444,3.482,1.24066071111111,3.482
1.24097082138889,3.461,1.24098059583333,3.482,1.24093881972222,3.482
1.24124875944444,3.461,1.24125835805556,3.482,1.24121645694444,3.482
1.24152652527778,3.461,1.24153596861111,3.482,1.24149443611111,3.482
1.24180488138889,3.461,1.24181389583333,3.482,1.24177249055556,3.482
1.24208287305556,3.461,1.24209168388889,3.482,1.24205046638889,3.482
1.24236048944444,3.461,1.24236941972222,3.482,1.24232824166667,3.482
1.24263824388889,3.461,1.24264721944444,3.482,1.24260621944444,3.482
1.24291625027778,3.461,1.24292501833333,3.482,1.24288413416667,3.482
1.24319390444444,3.461,1.24320291472222,3.482,1.24316184972222,3.482
1.24347230666667,3.461,1.24348115527778,3.482,1.24343981472222,3.482
1.24375007472222,3.461,1.24375920111111,3.482,1.24371711861111,3.482
1.24402847111111,3.461,1.24403695444444,3.482,1.24399516944444,3.482
1.24430663805556,3.461,1.24431459777778,3.482,1.24427339055556,3.482
1.24458464472222,3.461,1.24459313777778,3.482,1.24455107222222,3.482
1.24486239722222,3.461,1.24487092555556,3.482,1.24482879638889,3.482
1.24514003916667,3.461,1.24514852166667,3.482,1.24510652694444,3.482
1.24541781722222,3.461,1.24542630222222,3.482,1.24538406611111,3.482
1.24569600333333,3.461,1.24570385638889,3.482,1.24566253666667,3.482
1.24597407777778,3.461,1.24598156805556,3.482,1.24594036277778,3.482
1.24625190055556,3.461,1.24626009583333,3.482,1.24621806944444,3.482
1.24652986055556,3.461,1.24653766611111,3.482,1.24649585166667,3.482
1.24680776333333,3.461,1.24681552027778,3.482,1.24677370777778,3.482
1.24708583861111,3.461,1.2470931925,3.482,1.24705154888889,3.482
1.24736344083333,3.461,1.24737094166667,3.482,1.24732931055556,3.482
1.24764117583333,3.461,1.24764902444444,3.482,1.24760729222222,3.482
1.24791935722222,3.461,1.24792658805556,3.482,1.24788515111111,3.482
1.248197115,3.461,1.24820451055556,3.482,1.2481633325,3.482
1.24847458888889,3.461,1.24848207583333,3.482,1.24844108944444,3.482
1.24875214777778,3.461,1.2487598275,3.482,1.24871872972222,3.482
1.24903026666667,3.461,1.24903777388889,3.482,1.248996615,3.482
1.24930837583333,3.461,1.24931568027778,3.482,1.24927444777778,3.482
1.24958624638889,3.461,1.24959364222222,3.482,1.24955271055556,3.482
1.24986439166667,3.461,1.24987174,3.482,1.24983064055556,3.482
1.25014216611111,3.461,1.25014959277778,3.482,1.25010822388889,3.482
1.25042007194444,3.461,1.25042750305556,3.482,1.25038591472222,3.482
1.25069764277778,3.461,1.25070532916667,3.482,1.25066390722222,3.482
1.25097569666667,3.461,1.25098321527778,3.482,1.25094181861111,3.482
1.25125326583333,3.461,1.25126115527778,3.482,1.25121986416667,3.482
1.25153184055556,3.461,1.25153906611111,3.482,1.25149812805556,3.482
1.25180943694444,3.461,1.2518173225,3.482,1.25177576583333,3.482
1.25208708194444,3.461,1.25209493916667,3.482,1.25205387666667,3.482
1.25236498777778,3.461,1.25237319638889,3.482,1.25233174277778,3.482
1.25264280722222,3.461,1.25265082,3.482,1.252609355,3.482
1.25292060611111,3.461,1.25292849527778,3.482,1.25288752694444,3.482
1.25319827111111,3.461,1.25320622555556,3.482,1.25316524083333,3.482
1.25347604416667,3.461,1.2534838125,3.492,1.25344319833333,3.482
1.25375371444444,3.461,1.2537616975,3.482,1.25372095611111,3.482
1.25403204111111,3.461,1.25403942916667,3.482,1.25399880833333,3.482
1.25430943833333,3.461,1.25431715166667,3.482,1.25427668833333,3.482
1.25458775111111,3.461,1.25459556361111,3.482,1.25455476833333,3.482
1.2548656825,3.461,1.25487324194444,3.482,1.25483267555556,3.482
1.25514341638889,3.461,1.25515114055556,3.482,1.25511082583333,3.482
1.25542137138889,3.461,1.2554285125,3.482,1.25538850055556,3.482
1.25569941638889,3.461,1.25570692333333,3.492,1.25566632944444,3.482
1.25597727805556,3.461,1.25598512611111,3.482,1.25594415111111,3.482
1.25625476611111,3.461,1.25626254194444,3.482,1.25622220638889,3.482
1.25653288444444,3.461,1.25654063638889,3.482,1.25650012138889,3.482
1.25681092361111,3.461,1.25681812055556,3.482,1.25677812305556,3.482
1.25708913111111,3.461,1.2570963325,3.482,1.25705603527778,3.482
1.257367015,3.461,1.25737411916667,3.482,1.257333805,3.482
1.25764456944444,3.461,1.25765202333333,3.482,1.25761194277778,3.482
1.25792261111111,3.461,1.25793006472222,3.492,1.25789006694444,3.482
1.25820027555556,3.461,1.25820749638889,3.482,1.25816776722222,3.482
1.25847819777778,3.461,1.25848552,3.482,1.25844549277778,3.482
1.25875570416667,3.461,1.25876336944444,3.492,1.25872319666667,3.482
1.2590333225,3.461,1.25904130916667,3.482,1.25900107555556,3.482
1.25931112333333,3.461,1.25931919027778,3.492,1.25927888083333,3.482
1.25958909138889,3.461,1.25959675583333,3.492,1.25955673527778,3.482
1.2598670525,3.461,1.25987453805556,3.482,1.25983412694444,3.482
1.26014492305556,3.461,1.26015210055556,3.492,1.26011214166667,3.482
1.26042283055556,3.461,1.26043028111111,3.482,1.2603898725,3.482
1.2607008575,3.461,1.26070819888889,3.492,1.26066809055556,3.482
1.260978645,3.461,1.26098617388889,3.492,1.26094567555556,3.482
1.26125675611111,3.461,1.26126390416667,3.482,1.26122381583333,3.482
1.26153430888889,3.461,1.26154171833333,3.482,1.261501655,3.482
1.26181206833333,3.461,1.26181943972222,3.482,1.26177931083333,3.482
1.26209008444444,3.461,1.262097435,3.492,1.2620571725,3.482
1.26236746555556,3.461,1.26237513944444,3.482,1.26233492138889,3.482
1.26264589583333,3.461,1.26265346666667,3.482,1.26261270472222,3.482
1.26292375222222,3.461,1.26293143305556,3.482,1.26289047166667,3.482
1.26320107111111,3.461,1.26320884611111,3.482,1.26316824416667,3.482
1.26347920944444,3.461,1.2634870025,3.492,1.2634465,3.482
1.26375691861111,3.461,1.26376488555556,3.482,1.26372402972222,3.482
1.2640346,3.461,1.26404247083333,3.492,1.2640021025,3.482
1.26431272111111,3.461,1.26432062222222,3.492,1.26428037555556,3.482
1.26459099944444,3.461,1.26459884416667,3.482,1.2645579,3.482
1.26486852916667,3.461,1.26487687083333,3.482,1.26483571972222,3.482
1.26514654194444,3.461,1.26515463055556,3.492,1.26511399388889,3.482
1.26542452388889,3.461,1.26543210083333,3.482,1.26539195888889,3.482
1.26570237972222,3.461,1.26571033916667,3.492,1.2656693675,3.482
1.26598045583333,3.461,1.26598869,3.492,1.26594754638889,3.482
1.26625834027778,3.461,1.26626614777778,3.482,1.26622544944444,3.482
1.26653652333333,3.461,1.26654406861111,3.492,1.26650308027778,3.482
1.26681419611111,3.461,1.26682183527778,3.492,1.26678117722222,3.482
1.26709207944444,3.461,1.26709972527778,3.492,1.2670589925,3.482
1.26736989027778,3.461,1.26737757027778,3.482,1.26733691,3.482
1.26764794388889,3.461,1.26765569277778,3.492,1.26761452888889,3.482
1.26792600916667,3.461,1.26793325166667,3.492,1.26789265138889,3.482
1.2682038125,3.461,1.26821163194444,3.482,1.26817043,3.482
1.26848174527778,3.461,1.26848951416667,3.492,1.26844826166667,3.482
1.26875967361111,3.461,1.26876731,3.482,1.26872629277778,3.482
1.26903777611111,3.461,1.26904518861111,3.492,1.26900404777778,3.482
1.26931545583333,3.461,1.26932302194444,3.492,1.26928224833333,3.482
1.26959326055556,3.461,1.26960086138889,3.492,1.26956004083333,3.482
1.26987144694444,3.461,1.26987879222222,3.492,1.26983754583333,3.482
1.27014923194444,3.461,1.27015638388889,3.482,1.27011520361111,3.482
1.27042691555556,3.461,1.27043466388889,3.492,1.27039313527778,3.482
1.27070520083333,3.461,1.27071299138889,3.482,1.27067105888889,3.482
1.27098305055556,3.472,1.270990985,3.492,1.27094897638889,3.482
1.27126066194444,3.461,1.27126855694444,3.492,1.27122689388889,3.482
1.27153861444444,3.461,1.27154680555556,3.482,1.27150489527778,3.482
1.27181645472222,3.461,1.27182445027778,3.492,1.27178254805556,3.482
1.27209420555556,3.461,1.27210247916667,3.492,1.27206001083333,3.482
1.27237200277778,3.461,1.27238067611111,3.492,1.272337965,3.482
1.27265000361111,3.461,1.27265890916667,3.492,1.27261585805556,3.482
1.27292778833333,3.461,1.27293693972222,3.492,1.27289327361111,3.482
1.27320571138889,3.461,1.27321493833333,3.492,1.27317135277778,3.482
1.27348378027778,3.461,1.27349262583333,3.492,1.27344905944444,3.482
1.27376176527778,3.461,1.27377045027778,3.492,1.27372687055556,3.482
1.27403937222222,3.461,1.27404851611111,3.492,1.27400502444444,3.482
1.27431749111111,3.461,1.27432621916667,3.492,1.27428280583333,3.482
1.27459573944444,3.461,1.27460438027778,3.492,1.27456072027778,3.482
1.27487312194444,3.461,1.2748822775,3.492,1.27483897944444,3.482
1.27515139166667,3.461,1.27516002861111,3.492,1.27511653111111,3.482
1.2754292575,3.461,1.27543779972222,3.492,1.27539455694444,3.482
1.27570665333333,3.461,1.27571581833333,3.492,1.27567235027778,3.482
1.27598460055556,3.461,1.275993865,3.492,1.27595030805556,3.482
1.27626249138889,3.461,1.27627165666667,3.492,1.27622843722222,3.482
1.27654055805556,3.461,1.27654980388889,3.492,1.2765063,3.482
1.27681883388889,3.461,1.27682727611111,3.492,1.27678410055556,3.482
1.27709643222222,3.461,1.27710544972222,3.492,1.27706175222222,3.482
1.27737424972222,3.461,1.27738305722222,3.492,1.277339595,3.482
1.2776522625,3.461,1.2776609875,3.482,1.27761756527778,3.482
1.27793019416667,3.461,1.27793899916667,3.492,1.27789522972222,3.482
1.27820779944444,3.472,1.27821699388889,3.492,1.27817304083333,3.482
1.27848574666667,3.461,1.27849440638889,3.492,1.27845090333333,3.482
1.27876364638889,3.461,1.27877239583333,3.492,1.27872845388889,3.482
1.27904169972222,3.461,1.279050635,3.492,1.27900669305556,3.482
1.27931961305556,3.461,1.27932834,3.482,1.27928461416667,3.482
1.27959739388889,3.461,1.27960605555556,3.492,1.27956208083333,3.482
1.27987543527778,3.461,1.27988377055556,3.492,1.27983984527778,3.482
1.28015271722222,3.461,1.28016169555556,3.492,1.28011794444444,3.482
1.28043120694444,3.461,1.28043952527778,3.492,1.28039574722222,3.482
1.28070874777778,3.461,1.28071711666667,3.492,1.28067393722222,3.482
1.28098682777778,3.461,1.28099489527778,3.492,1.28095177611111,3.482
1.28126454166667,3.461,1.28127275916667,3.492,1.28122956972222,3.482
1.28154275361111,3.461,1.28155081916667,3.492,1.28150745888889,3.482
1.281820605,3.461,1.28182829111111,3.492,1.28178520138889,3.482
1.28209824583333,3.472,1.28210686,3.492,1.28206292111111,3.482
1.28237588777778,3.461,1.28238460194444,3.492,1.28234116361111,3.482
1.28265387944444,3.472,1.28266267916667,3.492,1.28261864416667,3.482
1.28293181916667,3.461,1.28294040694444,3.492,1.28289645611111,3.482
1.28320967333333,3.461,1.28321825527778,3.492,1.28317444027778,3.482
1.28348749472222,3.461,1.28349605555556,3.492,1.28345214666667,3.482
1.28376523277778,3.461,1.28377404916667,3.492,1.28373010277778,3.482
1.28404315583333,3.461,1.28405264055556,3.492,1.28400764527778,3.482
1.28432098361111,3.461,1.28433008472222,3.492,1.284285605,3.482
1.28459853277778,3.461,1.28460817388889,3.492,1.28456334444444,3.482
1.28487649444444,3.461,1.28488596277778,3.492,1.28484097,3.482
1.28515415916667,3.461,1.28516357388889,3.492,1.28511881166667,3.482
1.28543243444444,3.472,1.28544148527778,3.492,1.28539699388889,3.482
1.28571022861111,3.461,1.28571945,3.492,1.2856747125,3.482
1.28598817111111,3.461,1.28599739694444,3.492,1.28595229138889,3.482
1.28626586055556,3.461,1.28627497472222,3.492,1.28623031055556,3.482
1.28654365277778,3.461,1.28655275055556,3.492,1.28650766222222,3.482
1.28682151638889,3.461,1.286830605,3.492,1.28678593805556,3.482
1.28709959888889,3.461,1.28710861555556,3.492,1.28706378916667,3.482
1.28737769222222,3.461,1.28738662583333,3.492,1.28734184,3.482
1.28765570444444,3.461,1.28766452555556,3.492,1.28761969777778,3.482
1.28793342222222,3.461,1.28794220527778,3.492,1.28789743361111,3.482
1.28821111888889,3.461,1.28822037916667,3.492,1.28817535416667,3.482
1.28848937805556,3.461,1.28849808444444,3.492,1.28845304194444,3.482
1.28876698666667,3.461,1.28877580527778,3.492,1.28873084083333,3.482
1.28904495972222,3.472,1.28905349583333,3.492,1.28900892888889,3.482
1.28932281805556,3.461,1.28933144888889,3.492,1.28928646388889,3.482
1.28960085277778,3.461,1.28960939444444,3.492,1.28956437611111,3.482
1.28987933527778,3.461,1.28988730527778,3.492,1.28984179805556,3.482
1.29015710027778,3.461,1.29016470972222,3.492,1.29011997305556,3.482
1.2904348675,3.461,1.29044281916667,3.492,1.29039802638889,3.482
1.2907129125,3.472,1.290720545,3.492,1.29067612222222,3.482
1.29099025305556,3.461,1.29099879083333,3.492,1.29095355222222,3.482
1.29126841,3.461,1.29127648777778,3.492,1.29123131944444,3.482
1.29154628583333,3.461,1.29155431388889,3.492,1.29150931555556,3.482
1.29182357555556,3.461,1.29183246,3.492,1.29178716722222,3.482
1.29210151888889,3.461,1.29211064583333,3.492,1.292065305,3.482
1.29237937694444,3.461,1.29238848138889,3.492,1.2923430525,3.482
1.29265731472222,3.461,1.29266665055556,3.492,1.29262135611111,3.482
1.29293488194444,3.461,1.29294480583333,3.492,1.29289920305556,3.482
1.29321296666667,3.461,1.29322211472222,3.492,1.29317665722222,3.492
1.29349069333333,3.461,1.29350031722222,3.492,1.29345452027778,3.482
1.29376873305556,3.461,1.29377847027778,3.492,1.29373229722222,3.482
1.29404650333333,3.472,1.29405617027778,3.492,1.29401042444444,3.482
1.29432384055556,3.461,1.29433384138889,3.492,1.29428855666667,3.482
1.29460204805556,3.472,1.29461180583333,3.492,1.2945663375,3.482
1.29487969555556,3.461,1.29488937222222,3.492,1.29484387361111,3.482
1.29515798277778,3.461,1.29516723416667,3.492,1.29512177361111,3.482
1.29543547222222,3.461,1.29544558222222,3.492,1.29539990222222,3.482
1.29571366805556,3.472,1.29572339222222,3.492,1.29567774583333,3.482
1.29599158444444,3.461,1.29600082222222,3.492,1.29595580361111,3.482
1.296269735,3.461,1.29627924472222,3.492,1.29623360027778,3.492
1.29654758972222,3.461,1.29655718194444,3.492,1.29651188111111,3.482
1.29682572361111,3.472,1.29683493805556,3.492,1.29678975472222,3.492
1.29710334333333,3.472,1.29711301555556,3.492,1.2970674275,3.492
1.29738106944444,3.461,1.29739083083333,3.492,1.29734524777778,3.482
1.29765904916667,3.461,1.29766875611111,3.492,1.29762310527778,3.482
1.29793730583333,3.461,1.29794657972222,3.492,1.29790084277778,3.482
1.298215445,3.461,1.29822437222222,3.492,1.29817852805556,3.482
1.29849328055556,3.461,1.29850234083333,3.492,1.29845632027778,3.482
1.29877092694444,3.461,1.29878035944444,3.492,1.29873447833333,3.482
1.29904895666667,3.461,1.29905812777778,3.492,1.29901207111111,3.482
1.29932671833333,3.461,1.29933572166667,3.492,1.29928969222222,3.482
1.29960438833333,3.461,1.29961378972222,3.492,1.29956745611111,3.482
1.29988261361111,3.472,1.29989201166667,3.492,1.29984564194444,3.482
1.30016038305556,3.472,1.30016959666667,3.492,1.30012330916667,3.482
1.30043820777778,3.472,1.3004475375,3.492,1.3004012125,3.482
1.300715845,3.461,1.3007254525,3.492,1.30067886611111,3.482
1.30099406472222,3.472,1.30100318333333,3.492,1.30095673722222,3.482
1.30127158583333,3.472,1.301281135,3.492,1.30123463388889,3.482
1.30154950861111,3.461,1.30155922361111,3.492,1.30151254277778,3.482
1.301827155,3.472,1.30183709722222,3.492,1.30179014916667,3.482
1.3021052525,3.472,1.30211463972222,3.492,1.30206786888889,3.482
1.30238334555556,3.472,1.30239270972222,3.492,1.30234548555556,3.492
1.30266129472222,3.461,1.3026706175,3.492,1.30262353,3.492
1.30293913805556,3.461,1.30294823805556,3.492,1.30290125277778,3.492
1.30321726444444,3.472,1.30322598361111,3.492,1.30317890055556,3.482
1.30349469277778,3.461,1.30350402527778,3.492,1.30345654111111,3.492
1.30377306,3.472,1.30378209055556,3.492,1.30373486388889,3.492
1.30405086166667,3.472,1.30405974638889,3.492,1.30401284722222,3.482
1.30432880055556,3.472,1.30433796444444,3.492,1.30429064916667,3.482
1.30460667388889,3.461,1.30461574805556,3.492,1.30456846305556,3.482
1.30488475388889,3.472,1.30489321083333,3.492,1.30484670916667,3.482
1.30516279416667,3.472,1.30517126944444,3.492,1.30512467305556,3.482
1.30544073472222,3.461,1.30544928,3.492,1.30540275194444,3.482
1.30571830388889,3.461,1.30572721027778,3.492,1.305680725,3.482
1.30599650333333,3.472,1.30600481611111,3.492,1.30595847388889,3.482
1.30627434833333,3.461,1.30628256333333,3.492,1.30623643805556,3.482
1.30655217472222,3.461,1.30656043916667,3.492,1.30651476555556,3.492
1.30682998944444,3.472,1.30683864388889,3.492,1.30679251388889,3.482
1.30710795333333,3.472,1.307116105,3.492,1.30707071833333,3.482
1.30738602027778,3.472,1.30739423805556,3.492,1.30734893722222,3.482
1.30766373611111,3.472,1.3076722825,3.492,1.3076264075,3.482
1.30794115166667,3.472,1.30794990666667,3.492,1.30790447722222,3.482
1.30821912388889,3.461,1.308227835,3.492,1.30818205361111,3.482
1.30849765138889,3.472,1.3085056125,3.492,1.30845989833333,3.482
1.30877540972222,3.472,1.30878344694444,3.492,1.30873790916667,3.492
1.30905343916667,3.472,1.30906126916667,3.492,1.30901579305556,3.492
1.30933117666667,3.461,1.30933927222222,3.492,1.30929404916667,3.492
1.30960888694444,3.472,1.30961719361111,3.492,1.30957205944444,3.482
1.30988652222222,3.472,1.30989482833333,3.492,1.30984957388889,3.492
1.31016451833333,3.472,1.31017314611111,3.492,1.31012757555556,3.482
1.31044217527778,3.472,1.31045127333333,3.492,1.31040547805556,3.492
1.31071993777778,3.472,1.31072931527778,3.492,1.31068351333333,3.482
1.31099794472222,3.461,1.31100736694444,3.492,1.31096118888889,3.492
1.31127526833333,3.472,1.31128510055556,3.492,1.31123874111111,3.482
1.31155332555556,3.472,1.31156317638889,3.492,1.31151705333333,3.492
1.31183107305556,3.472,1.31184102694444,3.492,1.31179465638889,3.492
1.31210937694444,3.472,1.31211887861111,3.492,1.31207261444444,3.482
1.31238741222222,3.461,1.31239669472222,3.492,1.31235049111111,3.482
1.31266526166667,3.472,1.31267458,3.492,1.31262828,3.482
1.31294323222222,3.472,1.31295243138889,3.492,1.3129061425,3.482
1.313220925,3.472,1.31323065305556,3.492,1.31318394444444,3.492
1.31349864888889,3.472,1.31350840444444,3.492,1.31346169777778,3.482
1.31377603027778,3.472,1.31378607833333,3.492,1.31373949527778,3.492
1.314054265,3.472,1.31406370777778,3.492,1.31401701611111,3.492
1.31433240916667,3.472,1.31434171694444,3.492,1.31429473027778,3.482
1.31461042611111,3.472,1.31461944944444,3.492,1.31457236,3.492
1.31488810944444,3.472,1.31489732527778,3.502,1.314850565,3.482
1.31516579611111,3.472,1.31517497861111,3.492,1.3151282325,3.492
1.31544384055556,3.472,1.31545308805556,3.492,1.31540591555556,3.482
1.31572158861111,3.472,1.31573095944444,3.492,1.31568398916667,3.482
1.31599950805556,3.472,1.31600879972222,3.492,1.31596192138889,3.492
1.31627719583333,3.472,1.31628663805556,3.492,1.31623942083333,3.492
1.31655464805556,3.472,1.31656414777778,3.502,1.31651753694444,3.482
1.31683325388889,3.472,1.31684228305556,3.492,1.31679532916667,3.492
1.31711095222222,3.472,1.31712036916667,3.492,1.31707290916667,3.492
1.31738878777778,3.472,1.31739793305556,3.492,1.31735100138889,3.492
1.31766662055556,3.472,1.31767592527778,3.492,1.31762881472222,3.492
1.31794456833333,3.472,1.31795395361111,3.492,1.31790642944444,3.492
1.31822254472222,3.472,1.31823137472222,3.492,1.31818428805556,3.492
1.31850041166667,3.472,1.31850940527778,3.492,1.31846222638889,3.492
1.31877835916667,3.472,1.31878717027778,3.492,1.31874029277778,3.482
1.31905628305556,3.472,1.31906500666667,3.492,1.31901816805556,3.492
1.31933395083333,3.472,1.31934263333333,3.492,1.31929598111111,3.482
1.31961190638889,3.472,1.31962065611111,3.492,1.31957376833333,3.482
1.31989004361111,3.472,1.31989822638889,3.492,1.31985183388889,3.492
1.32016796861111,3.472,1.32017654833333,3.502,1.32012960666667,3.482
1.32044543,3.472,1.32045455972222,3.492,1.32040753805556,3.492
1.32072317611111,3.472,1.32073262888889,3.502,1.3206857625,3.482
1.32100109388889,3.472,1.32101036027778,3.492,1.3209635525,3.492
1.32127927555556,3.472,1.32128803083333,3.502,1.32124121611111,3.492
1.3215567675,3.472,1.32156619805556,3.492,1.32151903055556,3.492
1.32183491138889,3.472,1.32184423916667,3.502,1.32179716833333,3.492
1.32211289277778,3.472,1.32212198916667,3.492,1.32207513305556,3.492
1.32239030638889,3.472,1.32239961388889,3.492,1.32235317277778,3.492
1.32266832166667,3.472,1.3226773225,3.502,1.32263109277778,3.492
1.32294607944444,3.472,1.32295517222222,3.492,1.32290855527778,3.482
1.32322417555556,3.472,1.32323289277778,3.492,1.32318685694444,3.492
1.32350207277778,3.472,1.32351045777778,3.502,1.32346439194444,3.492
1.32378020222222,3.472,1.32378868222222,3.492,1.32374244277778,3.492
1.32405810166667,3.472,1.32406652,3.502,1.32402041944444,3.482
1.32433621222222,3.472,1.32434452527778,3.502,1.32429835,3.482
1.32461386916667,3.472,1.32462223222222,3.502,1.32457620083333,3.492
1.32489177611111,3.472,1.3249000425,3.492,1.32485389027778,3.482
1.3251695025,3.472,1.32517838722222,3.492,1.32513185833333,3.492
1.32544713138889,3.472,1.32545602944444,3.502,1.32540957416667,3.492
1.32572486722222,3.472,1.32573373972222,3.492,1.32568765861111,3.492
1.32600287,3.472,1.32601138861111,3.502,1.32596576166667,3.492
1.32628052,3.472,1.32628952638889,3.502,1.32624353,3.482
1.32655876166667,3.472,1.32656739916667,3.502,1.32652135027778,3.492
1.32683666694444,3.472,1.32684519222222,3.502,1.32679904222222,3.492
1.32711451861111,3.472,1.32712336361111,3.492,1.32707684805556,3.492
1.32739230361111,3.472,1.32740121472222,3.502,1.32735471444444,3.492
1.3276701625,3.472,1.32767916138889,3.502,1.32763257111111,3.492
1.32794790555556,3.472,1.32795694888889,3.502,1.32791017166667,3.492
1.32822573666667,3.472,1.32823464333333,3.502,1.328187925,3.492
1.32850327694444,3.472,1.32851261222222,3.502,1.32846552472222,3.492
1.32878122472222,3.472,1.32879021638889,3.502,1.32874358444444,3.492
1.32905896055556,3.472,1.32906814166667,3.502,1.32902153194444,3.492
1.3293365825,3.472,1.32934612055556,3.502,1.32929949694444,3.492
1.32961450361111,3.472,1.32962381138889,3.502,1.32957757194444,3.492
1.32989222333333,3.472,1.32990160305556,3.502,1.32985489194444,3.492
1.33017012166667,3.472,1.33017938611111,3.502,1.33013297888889,3.492
1.33044787055556,3.472,1.33045720666667,3.502,1.33041052583333,3.492
1.33072549861111,3.472,1.33073530888889,3.492,1.33068863805556,3.492
1.33100349611111,3.472,1.33101307611111,3.502,1.33096657333333,3.492
1.33128165611111,3.472,1.33129088555556,3.502,1.33124401111111,3.492
1.33155959111111,3.472,1.33156856555556,3.502,1.3315218725,3.492
1.33183716805556,3.472,1.33184670888889,3.502,1.33180017638889,3.492
1.33211492583333,3.472,1.33212483611111,3.502,1.33207791222222,3.492
1.33239319777778,3.472,1.33240210472222,3.502,1.33235625138889,3.492
1.33267077305556,3.472,1.33268021472222,3.502,1.33263421972222,3.492
1.33294891611111,3.472,1.33295797111111,3.502,1.3329122275,3.492
1.33322635027778,3.472,1.33323592777778,3.502,1.33318956833333,3.492
1.33350435416667,3.472,1.33351374361111,3.502,1.3334679025,3.492
1.33378203138889,3.472,1.33379135111111,3.502,1.33374569694444,3.492
1.33405986277778,3.472,1.334069415,3.502,1.33402350277778,3.492
1.33433769777778,3.472,1.33434708527778,3.502,1.33430172305556,3.492
1.3346156225,3.472,1.33462505277778,3.502,1.33457921583333,3.492
1.33489347305556,3.472,1.33490283583333,3.502,1.33485731694444,3.492
1.3351711025,3.472,1.33518045027778,3.502,1.33513463722222,3.492
1.33544902527778,3.472,1.33545815277778,3.502,1.33541285416667,3.492
1.33572672333333,3.472,1.33573619583333,3.502,1.33569046222222,3.492
1.33600496916667,3.472,1.33601377861111,3.502,1.33596803611111,3.492
1.33628315472222,3.472,1.33629173916667,3.502,1.33624617416667,3.492
1.33656079333333,3.472,1.33656935694444,3.502,1.33652387555556,3.492
1.3368387775,3.472,1.33684712027778,3.502,1.33680182305556,3.492
1.33711637194444,3.472,1.33712507222222,3.502,1.33707936027778,3.492
1.33739463027778,3.472,1.33740327222222,3.502,1.33735757805556,3.492
1.33767221833333,3.472,1.33768127666667,3.502,1.3376352025,3.492
1.33795018138889,3.472,1.337959465,3.502,1.33791321722222,3.492
1.33822819583333,3.472,1.33823698944444,3.502,1.33819109277778,3.492
1.33850613388889,3.472,1.33851520194444,3.502,1.33846914694444,3.492
1.33878419777778,3.472,1.33879315138889,3.502,1.33874709138889,3.492
1.33906220888889,3.472,1.33907052805556,3.502,1.33902504444444,3.492
1.33934031555556,3.472,1.33934858111111,3.502,1.33930311916667,3.492
1.33961827472222,3.472,1.33962646055556,3.502,1.33958081055556,3.492
1.33989613944444,3.472,1.33990441333333,3.502,1.33985852361111,3.492
1.34017405972222,3.472,1.34018229972222,3.502,1.34013629722222,3.492
1.34045210861111,3.472,1.34045989388889,3.502,1.34041407305556,3.492
1.34072987805556,3.472,1.34073786972222,3.502,1.34069176722222,3.492
1.34100764277778,3.472,1.34101565694444,3.502,1.34096978972222,3.492
1.34128548194444,3.472,1.34129370027778,3.502,1.34124760972222,3.492
1.34156337611111,3.472,1.34157159138889,3.502,1.34152537,3.492
1.34184094805556,3.472,1.34184951972222,3.502,1.34180340027778,3.492
1.34211911361111,3.472,1.34212714027778,3.502,1.34208088083333,3.492
1.34239708472222,3.472,1.34240494916667,3.502,1.34235897111111,3.492
1.34267500083333,3.472,1.34268316277778,3.502,1.34263670722222,3.492
1.34295269083333,3.472,1.3429609225,3.502,1.34291477861111,3.492
1.34323069972222,3.472,1.34323842194444,3.502,1.34319233916667,3.492
1.34350880194444,3.472,1.34351638222222,3.502,1.34347035305556,3.492
1.3437864725,3.472,1.34379380916667,3.502,1.34374835694444,3.492
1.34406436388889,3.472,1.34407183666667,3.502,1.34402612444444,3.492
1.34434231111111,3.472,1.34434972111111,3.502,1.34430399666667,3.492
1.34462006055556,3.472,1.34462710861111,3.502,1.34458197055556,3.492
1.34489780611111,3.472,1.34490515361111,3.502,1.34485968,3.492
1.34517542972222,3.482,1.34518288388889,3.502,1.34513716611111,3.492
1.34545327027778,3.472,1.34546094472222,3.502,1.34541542861111,3.492
1.34573102916667,3.482,1.34573850194444,3.502,1.34569321944444,3.492
1.34600899027778,3.472,1.3460165075,3.502,1.34597129277778,3.492
1.34628637583333,3.472,1.34629435222222,3.502,1.3462491125,3.492
1.3465644975,3.472,1.34657213527778,3.502,1.34652680361111,3.492
1.34684239472222,3.472,1.34685036972222,3.502,1.34680455388889,3.492
1.34712005305556,3.472,1.34712781611111,3.502,1.347082305,3.492
1.34739782944444,3.472,1.34740586,3.502,1.34736031027778,3.492
1.34767527611111,3.482,1.34768402472222,3.502,1.34763812194444,3.492
1.34795318416667,3.482,1.34796188722222,3.502,1.34791617388889,3.492
1.34823145777778,3.472,1.3482396775,3.502,1.3481938725,3.492
1.34850906333333,3.472,1.34851772638889,3.502,1.348471595,3.492
1.34878692722222,3.472,1.34879568527778,3.502,1.34874947305556,3.492
1.349064825,3.482,1.34907372388889,3.502,1.34902734527778,3.492
1.34934274555556,3.472,1.34935128361111,3.502,1.349305315,3.492
1.349620915,3.472,1.34962914972222,3.502,1.34958308833333,3.492
1.34989825166667,3.472,1.3499068725,3.502,1.34986073416667,3.492
1.35017633694444,3.472,1.35018461944444,3.502,1.35013859027778,3.492
1.35045435666667,3.472,1.35046262194444,3.502,1.35041646833333,3.492
1.35073213416667,3.472,1.350740075,3.502,1.35069390305556,3.492
1.35100998916667,3.482,1.35101795222222,3.502,1.3509719725,3.492
1.35128807083333,3.472,1.35129597472222,3.502,1.35124973277778,3.492
1.35156610583333,3.482,1.35157380666667,3.502,1.35152778333333,3.492
1.35184396777778,3.472,1.35185172361111,3.502,1.35180570805556,3.492
1.35212181361111,3.482,1.35212967972222,3.502,1.35208358361111,3.492
1.352399695,3.482,1.35240753638889,3.502,1.35236132472222,3.492
1.35267741527778,3.472,1.35268511833333,3.502,1.35263922055556,3.492
1.35295529472222,3.472,1.35296300694444,3.502,1.35291710416667,3.492
1.35323350222222,3.472,1.35324083416667,3.502,1.35319483361111,3.492
1.35351124333333,3.472,1.35351867805556,3.502,1.35347287388889,3.492
1.35378880833333,3.472,1.35379645694444,3.502,1.35375021166667,3.492
1.35406711444444,3.472,1.35407421833333,3.502,1.35402843833333,3.492
1.3543449825,3.482,1.35435184055556,3.502,1.3543059675,3.492
1.35462318166667,3.482,1.35462976277778,3.502,1.35458369833333,3.492
1.35490090888889,3.472,1.35490752722222,3.502,1.35486159,3.492
1.35517847777778,3.472,1.35518537083333,3.502,1.35513953333333,3.492
1.35545676027778,3.472,1.35546325777778,3.502,1.35541688027778,3.492
1.35573473972222,3.472,1.35574117472222,3.502,1.35569504888889,3.492
1.35601258333333,3.482,1.356019255,3.512,1.35597283416667,3.492
1.35629104666667,3.472,1.35629687638889,3.502,1.35625087,3.492
1.35656860861111,3.482,1.35657513444444,3.502,1.35652860111111,3.492
1.35684627333333,3.482,1.3568527975,3.502,1.35680624944444,3.492
1.35712438833333,3.482,1.35713061305556,3.512,1.35708422583333,3.492
1.35740233027778,3.482,1.35740845388889,3.502,1.35736233277778,3.492
1.35767969444444,3.482,1.35768636638889,3.512,1.35763992861111,3.492
1.35795753611111,3.482,1.35796450138889,3.502,1.35791785722222,3.492
1.35823598333333,3.482,1.35824190555556,3.502,1.35819569027778,3.492
1.35851340333333,3.482,1.35851985277778,3.512,1.35847370611111,3.492
1.3587913825,3.482,1.35879783611111,3.512,1.35875118527778,3.492
1.35906914805556,3.472,1.35907562527778,3.502,1.35902906611111,3.492
1.35934702444444,3.482,1.35935350277778,3.512,1.35930666555556,3.492
1.35962512555556,3.482,1.3596315425,3.512,1.3595846875,3.492
1.35990283027778,3.482,1.35990909361111,3.502,1.35986244361111,3.492
1.36018062361111,3.472,1.36018701861111,3.512,1.36014021861111,3.492
1.36045864944444,3.482,1.36046473694444,3.512,1.36041811555556,3.492
1.36073652305556,3.482,1.360742535,3.502,1.3606957425,3.492
1.36101401305556,3.482,1.36102034444444,3.512,1.36097359138889,3.492
1.36129188555556,3.472,1.36129800138889,3.512,1.36125110972222,3.492
1.36157007194444,3.482,1.36157616472222,3.512,1.3615291175,3.492
1.36184772388889,3.482,1.36185373722222,3.512,1.36180676055556,3.492
1.36212598861111,3.482,1.36213164944444,3.512,1.36208478194444,3.492
1.36240433944444,3.482,1.36240951583333,3.512,1.36236281333333,3.492
1.36268167694444,3.472,1.36268727638889,3.512,1.36264040555556,3.492
1.36295990583333,3.482,1.36296499944444,3.512,1.3629186725,3.492
1.36323793166667,3.482,1.3632434175,3.512,1.36319633666667,3.492
1.36351570833333,3.472,1.36352095555556,3.512,1.36347417777778,3.492
1.36379347833333,3.482,1.36379894222222,3.512,1.36375225777778,3.492
1.36407117416667,3.482,1.36407656722222,3.512,1.36402991638889,3.492
1.36434904416667,3.482,1.36435463555556,3.512,1.36430806305556,3.492
1.36462689111111,3.482,1.36463260361111,3.512,1.36458569916667,3.492
1.36490477972222,3.482,1.36491029027778,3.512,1.36486351916667,3.492
1.36518262555556,3.482,1.36518832166667,3.512,1.3651417525,3.492
1.36546063777778,3.482,1.36546624638889,3.512,1.36541939222222,3.492
1.36573852611111,3.482,1.36574423416667,3.512,1.36569680916667,3.492
1.36601669388889,3.482,1.36602202333333,3.512,1.36597496611111,3.492
1.36629485611111,3.482,1.366299695,3.512,1.366252905,3.492
1.3665724425,3.482,1.36657774583333,3.512,1.36653045361111,3.492
1.36685014555556,3.482,1.36685596333333,3.512,1.36680842027778,3.492
1.36712815611111,3.482,1.36713376,3.502,1.36708623916667,3.492
1.36740565166667,3.482,1.36741157583333,3.512,1.36736413222222,3.492
1.36768327194444,3.482,1.36768934194444,3.512,1.36764182,3.492
1.36796141027778,3.482,1.36796742833333,3.512,1.36791981444444,3.492
1.36823917138889,3.482,1.36824518305556,3.512,1.36819734361111,3.492
1.36851733027778,3.482,1.36852342111111,3.512,1.36847539583333,3.492
1.3687952075,3.482,1.36880116916667,3.512,1.36875294305556,3.492
1.36907287138889,3.482,1.36907885611111,3.512,1.36903090916667,3.492
1.36935022472222,3.482,1.36935705611111,3.512,1.36930913555556,3.492
1.36962859,3.482,1.36963471138889,3.512,1.36958651333333,3.492
1.36990661861111,3.482,1.36991291472222,3.512,1.36986456333333,3.492
1.37018453527778,3.482,1.37019084194444,3.512,1.37014248583333,3.492
1.37046275916667,3.482,1.37046846833333,3.512,1.37042018638889,3.492
1.37074036194444,3.482,1.370746525,3.512,1.37069762527778,3.492
1.3710182525,3.482,1.37102442833333,3.512,1.37097549694444,3.492
1.37129647666667,3.482,1.37130228472222,3.512,1.37125353333333,3.492
1.37157451166667,3.482,1.37157997027778,3.512,1.3715314025,3.492
1.37185264777778,3.482,1.37185777638889,3.512,1.37180907972222,3.492
1.37213017472222,3.482,1.37213544277778,3.512,1.37208652055556,3.492
1.37240805805556,3.482,1.37241321611111,3.512,1.37236431861111,3.492
1.37268592444444,3.482,1.37269179166667,3.512,1.37264256527778,3.492
1.37296365305556,3.482,1.3729692275,3.512,1.37292006722222,3.492
1.37324106138889,3.482,1.37324719083333,3.512,1.37319802277778,3.492
1.37351912222222,3.482,1.37352541638889,3.512,1.37347562305556,3.492
1.37379710555556,3.482,1.37380345888889,3.512,1.37375362666667,3.492
1.37407507361111,3.482,1.37408087166667,3.512,1.37403206638889,3.492
1.37435287888889,3.482,1.37435894611111,3.512,1.37430982472222,3.492
1.37463069666667,3.482,1.37463699833333,3.512,1.37458774305556,3.492
1.37490837111111,3.482,1.37491502972222,3.512,1.37486560722222,3.492
1.37518607388889,3.482,1.37519303305556,3.512,1.37514316222222,3.492
1.37546434555556,3.482,1.37547076833333,3.512,1.37542107694444,3.492
1.37574212222222,3.482,1.3757484025,3.512,1.37569898277778,3.492
1.37601996472222,3.482,1.37602677833333,3.512,1.375976535,3.492
1.37629788638889,3.482,1.37630437833333,3.512,1.37625429555556,3.492
1.37657596805556,3.482,1.37658245055556,3.512,1.37653229638889,3.492
1.37685386722222,3.482,1.37686034916667,3.512,1.37681025138889,3.492
1.37713185805556,3.482,1.37713833222222,3.512,1.37708806055556,3.492
1.37740958638889,3.482,1.3774157825,3.512,1.37736571027778,3.492
1.37768760805556,3.482,1.37769401305556,3.512,1.37764319861111,3.492
1.37796510333333,3.482,1.37797162638889,3.512,1.37792143972222,3.492
1.37824298555556,3.482,1.37824955694444,3.512,1.37819923027778,3.492
1.37852060138889,3.482,1.37852720666667,3.512,1.37847699416667,3.492
1.3787986975,3.482,1.37880510722222,3.512,1.37875451305556,3.492
1.37907657833333,3.482,1.37908284388889,3.512,1.37903217777778,3.492
1.37935453694444,3.482,1.37936078916667,3.512,1.37931021916667,3.492
1.3796321975,3.482,1.37963895222222,3.512,1.37958798388889,3.492
1.37991030388889,3.482,1.37991664138889,3.512,1.37986611388889,3.492
1.38018813166667,3.482,1.38019474638889,3.512,1.38014418972222,3.492
1.38046581388889,3.482,1.38047220472222,3.512,1.3804219325,3.492
1.38074405111111,3.482,1.38075051583333,3.523,1.38069929138889,3.492
1.38102191888889,3.482,1.38102820555556,3.512,1.38097708444444,3.492
1.38129969972222,3.482,1.38130631611111,3.512,1.38125532055556,3.492
1.38157771638889,3.482,1.38158458944444,3.512,1.38153309027778,3.492
1.38185603222222,3.482,1.38186200416667,3.523,1.38181070972222,3.492
1.38213415083333,3.482,1.38213998555556,3.512,1.38208852361111,3.492
1.38241229666667,3.482,1.38241783611111,3.512,1.38236660222222,3.492
1.38269013222222,3.482,1.38269547916667,3.512,1.3826447725,3.492
1.38296825416667,3.482,1.38297346361111,3.512,1.38292276666667,3.492
1.38324609083333,3.482,1.38325120472222,3.523,1.38320061444444,3.492
1.38352426083333,3.482,1.38352940583333,3.512,1.38347831,3.492
1.383801945,3.482,1.38380762083333,3.512,1.38375606805556,3.492
1.38407979916667,3.482,1.38408501638889,3.523,1.38403397083333,3.492
1.38435751166667,3.482,1.38436278027778,3.523,1.38431168305556,3.492
1.38463566472222,3.482,1.38464044861111,3.512,1.38458959416667,3.492
1.38491356444444,3.482,1.38491852833333,3.523,1.38486758944444,3.492
1.38519141,3.482,1.38519631138889,3.523,1.38514527805556,3.492
1.38546919472222,3.482,1.38547409083333,3.523,1.38542346527778,3.492
1.38574683222222,3.482,1.38575192305556,3.523,1.38570134972222,3.492
1.38602507583333,3.482,1.38603006833333,3.523,1.38597917,3.492
1.38630266055556,3.482,1.38630743527778,3.512,1.38625728944444,3.492
1.38658065055556,3.482,1.38658548222222,3.523,1.3865351175,3.492
1.38685833027778,3.482,1.38686329972222,3.523,1.38681291166667,3.492
1.38713609777778,3.482,1.38714084444444,3.523,1.38709079083333,3.492
1.38741355,3.482,1.387418745,3.523,1.38736871555556,3.492
1.38769157138889,3.482,1.38769681555556,3.523,1.38764679444444,3.492
1.38796942027778,3.482,1.38797476027778,3.523,1.3879245875,3.492
1.38824729694444,3.482,1.38825247444444,3.523,1.38820256888889,3.492
1.38852483388889,3.482,1.38853032472222,3.523,1.38848026388889,3.492
1.38880252222222,3.482,1.38880811027778,3.523,1.38875818444444,3.492
1.38908048,3.482,1.38908577638889,3.523,1.38903568833333,3.492
1.38935851388889,3.482,1.38936385666667,3.523,1.38931372916667,3.492
1.38963653555556,3.482,1.38964167027778,3.523,1.38959152055556,3.492
1.38991414666667,3.482,1.38991950611111,3.523,1.38986909722222,3.492
1.39019203138889,3.482,1.39019725861111,3.523,1.39014731138889,3.492
1.39047017444444,3.482,1.39047488305556,3.523,1.39042556611111,3.492
1.39074787083333,3.482,1.39075276694444,3.523,1.39070316222222,3.492
1.39102537194444,3.482,1.39103073027778,3.523,1.39098119305556,3.492
1.39130345277778,3.482,1.39130873527778,3.523,1.3912591625,3.492
1.39158117,3.482,1.39158677527778,3.523,1.39153692972222,3.492
1.39185888416667,3.482,1.39186487083333,3.523,1.39181454583333,3.502
1.39213728583333,3.482,1.39214249194444,3.523,1.39209221722222,3.502
1.39241491194444,3.482,1.39242033333333,3.523,1.39237010277778,3.492
1.39269314888889,3.482,1.39269786361111,3.523,1.39264803138889,3.492
1.3929709575,3.482,1.39297579138889,3.523,1.39292575611111,3.492
1.39324911694444,3.482,1.39325350083333,3.523,1.39320355416667,3.492
1.3935270775,3.482,1.39353180916667,3.523,1.39348162305556,3.492
1.39380478527778,3.482,1.39380949916667,3.523,1.39375947222222,3.492
1.3940821375,3.482,1.39408724111111,3.523,1.394037095,3.492
1.39436024361111,3.482,1.39436517805556,3.523,1.39431517777778,3.492
1.39463835472222,3.482,1.39464325888889,3.523,1.39459303111111,3.492
1.39491618166667,3.482,1.39492116388889,3.523,1.39487071527778,3.492
1.39519422333333,3.482,1.39519863805556,3.523,1.39514848388889,3.502
1.39547192777778,3.482,1.39547653055556,3.523,1.395426235,3.502
1.39574981777778,3.482,1.39575437055556,3.533,1.39570380916667,3.492
1.39602796944444,3.482,1.39603236388889,3.523,1.39598196861111,3.492
1.3963055375,3.482,1.39631059333333,3.523,1.39626019,3.502
1.39658361888889,3.482,1.39658847305556,3.523,1.39653813166667,3.492
1.39686105777778,3.482,1.39686638805556,3.523,1.39681601416667,3.492
1.39713933972222,3.482,1.39714451638889,3.523,1.397093965,3.492
1.39741701972222,3.482,1.39742241138889,3.523,1.39737158666667,3.492
1.39769464166667,3.482,1.39770030777778,3.523,1.39764963138889,3.492
1.39797281083333,3.482,1.39797804194444,3.523,1.39792808722222,3.492
1.39825075111111,3.482,1.39825646972222,3.523,1.39820590166667,3.492
1.39852894861111,3.482,1.39853388972222,3.533,1.39848387055556,3.502
1.39880652111111,3.482,1.39881156333333,3.533,1.39876157694444,3.492
1.39908443166667,3.482,1.39908955333333,3.523,1.399039785,3.502
1.39936243944444,3.482,1.39936758972222,3.533,1.39931772055556,3.502
1.39964046722222,3.482,1.39964533111111,3.533,1.39959564527778,3.502
1.39991843833333,3.482,1.39992280444444,3.523,1.39987354694444,3.492
1.40019602555556,3.482,1.40020071888889,3.523,1.40015132138889,3.492
1.40047410361111,3.482,1.40047855194444,3.533,1.40042903472222,3.502
1.40075220944444,3.482,1.40075656833333,3.523,1.40070660833333,3.492
1.40103008305556,3.482,1.40103417555556,3.523,1.40098462611111,3.492
1.40130813277778,3.482,1.40131203194444,3.533,1.40126245138889,3.492
1.40158577916667,3.482,1.40159008722222,3.533,1.40154084972222,3.502
1.40186372527778,3.482,1.40186776472222,3.533,1.40181847944444,3.492
1.40214131055556,3.482,1.40214557944444,3.533,1.40209628694444,3.502
1.40241929888889,3.482,1.40242331861111,3.533,1.40237413722222,3.492
1.40269717694444,3.482,1.40270098527778,3.533,1.40265185833333,3.502
1.40297487722222,3.482,1.40297883138889,3.533,1.40292975138889,3.492
1.40325280055556,3.482,1.40325654111111,3.533,1.4032076975,3.502
1.40353068944444,3.482,1.40353438166667,3.533,1.40348562416667,3.502
1.40380827472222,3.482,1.40381287861111,3.533,1.40376311777778,3.492
1.40408610138889,3.482,1.40409120166667,3.533,1.40404094861111,3.502
1.4043643,3.482,1.40436854277778,3.533,1.40431871277778,3.502
1.40464223972222,3.492,1.40464673527778,3.533,1.40459675944444,3.492
1.40491965638889,3.482,1.40492442388889,3.533,1.40487467916667,3.502
1.40519806583333,3.482,1.4052022475,3.533,1.40515233611111,3.502
1.40547555888889,3.482,1.40547969861111,3.533,1.405429955,3.502
1.40575348388889,3.482,1.40575779583333,3.533,1.405708095,3.502
1.40603132222222,3.482,1.40603538611111,3.533,1.4059855425,3.502
1.40630926972222,3.482,1.40631298194444,3.533,1.40626368361111,3.502
1.40658743694444,3.482,1.40659115916667,3.533,1.40654157638889,3.502
1.40686562583333,3.482,1.40686899027778,3.533,1.40681938777778,3.502
1.40714306777778,3.482,1.40714706916667,3.533,1.40709753083333,3.502
1.40742122694444,3.482,1.40742541472222,3.533,1.40737536694444,3.492
1.40769888833333,3.482,1.40770268611111,3.533,1.40765308361111,3.492
1.40797679333333,3.482,1.40798072166667,3.533,1.40793076888889,3.502
1.40825442416667,3.482,1.40825867083333,3.533,1.40820870944444,3.492
1.40853202944444,3.492,1.40853627777778,3.533,1.40848669166667,3.502
1.40880999638889,3.492,1.40881443583333,3.533,1.40876440944444,3.502
1.40908799222222,3.482,1.40909251583333,3.533,1.40904249222222,3.492
1.40936608944444,3.482,1.40937073694444,3.533,1.40931993,3.502
1.40964400833333,3.482,1.40964868472222,3.533,1.40959834138889,3.492
1.40992163722222,3.482,1.40992614111111,3.533,1.40987610472222,3.492
1.41019937555556,3.482,1.41020405222222,3.533,1.41015378888889,3.492
1.41047727055556,3.482,1.41048239833333,3.533,1.41043140611111,3.502
1.41075501805556,3.492,1.4107603175,3.533,1.41070943111111,3.502
1.41103297083333,3.482,1.41103816166667,3.533,1.41098749777778,3.502
1.41131077333333,3.492,1.41131624666667,3.533,1.41126531666667,3.502
1.41158904638889,3.482,1.41159402861111,3.533,1.411542875,3.502
1.41186660416667,3.482,1.41187198166667,3.533,1.41182087611111,3.492
1.41214474694444,3.482,1.412149825,3.533,1.41209900944444,3.502
1.41242256583333,3.482,1.41242742416667,3.533,1.41237736277778,3.502
1.41270042944444,3.482,1.41270583,3.533,1.41265539444444,3.502
1.41297803333333,3.492,1.41298357416667,3.533,1.41293341611111,3.502
1.41325590055556,3.482,1.41326174055556,3.533,1.4132116,3.502
1.41353394805556,3.482,1.41353928666667,3.533,1.41348935305556,3.502
1.41381162666667,3.482,1.41381712583333,3.533,1.41376721333333,3.502
1.41408968277778,3.482,1.41409488166667,3.533,1.41404478472222,3.502
1.41436763583333,3.482,1.41437288138889,3.533,1.41432264944444,3.502
1.41464576944444,3.482,1.41465047333333,3.543,1.41460022722222,3.502
1.41492360916667,3.492,1.41492840166667,3.543,1.41487800333333,3.502
1.41520127666667,3.482,1.41520604055556,3.533,1.41515617194444,3.502
1.41547917166667,3.482,1.41548416638889,3.543,1.41543381416667,3.502
1.41575689694444,3.482,1.41576198888889,3.543,1.41571165805556,3.502
1.41603435916667,3.492,1.41603976055556,3.543,1.41598935944444,3.502
1.41631236444444,3.492,1.416317135,3.543,1.41626734444444,3.502
1.41659026138889,3.492,1.41659560833333,3.543,1.41654505916667,3.502
1.41686825166667,3.492,1.41687333916667,3.533,1.41682292444444,3.502
1.41714622166667,3.492,1.41715120527778,3.543,1.41710057805556,3.502
1.41742427805556,3.492,1.4174292375,3.543,1.41737844972222,3.502
1.41770217472222,3.482,1.41770688055556,3.533,1.41765625138889,3.502
1.4179801575,3.492,1.4179848325,3.533,1.41793414111111,3.502
1.41825806777778,3.482,1.41826274388889,3.543,1.4182119375,3.502
1.41853588138889,3.492,1.41854036166667,3.543,1.41848968472222,3.502
1.41881356277778,3.482,1.41881835194444,3.543,1.41876754138889,3.502
1.419091785,3.492,1.41909618638889,3.543,1.41904599083333,3.502
1.41936960527778,3.492,1.419373795,3.543,1.41932395972222,3.502
1.41964712055556,3.482,1.41965213027778,3.543,1.41960174638889,3.502
1.41992520944444,3.492,1.41993032361111,3.543,1.41987958583333,3.502
1.42020340722222,3.492,1.42020817361111,3.543,1.42015734027778,3.502
1.42048118916667,3.492,1.42048648166667,3.543,1.42043563111111,3.502
1.4207593125,3.492,1.42076407083333,3.543,1.42071321055556,3.502
1.42103728805556,3.492,1.4210418,3.543,1.42099153694444,3.502
1.4213152,3.482,1.42131936277778,3.543,1.42126948638889,3.502
1.42159284083333,3.492,1.42159729083333,3.543,1.42154713805556,3.502
1.42187096277778,3.492,1.42187544277778,3.543,1.42182526888889,3.502
1.42214895638889,3.492,1.42215364138889,3.543,1.42210289916667,3.502
1.42242684138889,3.492,1.42243150888889,3.543,1.42238093805556,3.502
1.42270436472222,3.492,1.42270961277778,3.543,1.42265875444444,3.502
1.42298187055556,3.492,1.42298744833333,3.543,1.42293705388889,3.502
1.42325969555556,3.492,1.42326537805556,3.543,1.42321458083333,3.502
1.42353802194444,3.492,1.42354309555556,3.543,1.42349216944444,3.502
1.42381572027778,3.492,1.42382128583333,3.543,1.42377019611111,3.502
1.42409353055556,3.492,1.42409914416667,3.543,1.42404834027778,3.502
1.42437137861111,3.492,1.42437685166667,3.543,1.42432614472222,3.502
1.42464938777778,3.492,1.4246546825,3.543,1.42460398055556,3.502
1.42492703722222,3.492,1.42493291305556,3.543,1.42488176027778,3.502
1.42520533444444,3.492,1.42521053972222,3.543,1.42515964833333,3.502
1.42548270194444,3.492,1.42548832416667,3.543,1.42543758388889,3.502
1.42576049916667,3.492,1.42576621916667,3.543,1.42571536527778,3.502
1.42603834916667,3.492,1.42604451638889,3.543,1.42599317861111,3.502
1.42631664416667,3.492,1.42632218027778,3.543,1.42627101833333,3.502
1.42659446305556,3.492,1.42659994138889,3.543,1.42654845916667,3.502
1.42687217027778,3.482,1.42687757111111,3.543,1.42682673944444,3.502
1.42714971,3.482,1.42715548722222,3.543,1.42710446777778,3.502
1.42742775666667,3.492,1.42743344888889,3.543,1.42738257166667,3.502
1.42770555388889,3.492,1.42771118388889,3.543,1.42766007027778,3.502
1.42798305472222,3.492,1.42798953916667,3.543,1.42793842388889,3.502
1.42826142138889,3.492,1.42826711638889,3.543,1.42821619333333,3.502
1.42853893722222,3.492,1.42854489416667,3.543,1.42849435166667,3.502
1.42881685111111,3.492,1.42882312805556,3.543,1.42877233638889,3.502
1.429094865,3.492,1.42910075055556,3.543,1.42905035555556,3.502
1.42937236916667,3.492,1.4293787825,3.543,1.42932843666667,3.502
1.42964993972222,3.492,1.42965674166667,3.543,1.42960625722222,3.502
1.42992797527778,3.492,1.42993461305556,3.543,1.42988421361111,3.502
1.43020591916667,3.492,1.430212685,3.543,1.43016192138889,3.502
1.4304836525,3.492,1.43049090111111,3.543,1.43043975861111,3.502
1.43076158111111,3.492,1.43076828305556,3.553,1.43071744861111,3.502
1.43103919388889,3.492,1.43104639222222,3.543,1.43099534222222,3.502
1.43131715694444,3.492,1.43132424722222,3.543,1.43127315194444,3.502
1.43159529,3.492,1.43160206166667,3.553,1.43155073555556,3.502
1.43187306222222,3.492,1.43187961277778,3.543,1.43182896388889,3.502
1.43215110805556,3.492,1.43215739805556,3.553,1.43210655305556,3.502
1.43242881666667,3.492,1.43243534361111,3.543,1.4323846375,3.502
1.43270668111111,3.492,1.43271288361111,3.543,1.43266234583333,3.502
1.43298444611111,3.492,1.43299091888889,3.553,1.43294051611111,3.502
1.43326220694444,3.492,1.43326890111111,3.553,1.43321830416667,3.502
1.43354009833333,3.492,1.43354674083333,3.543,1.4334959725,3.502
1.43381773,3.492,1.43382431027778,3.543,1.43377417027778,3.502
1.43409581083333,3.492,1.43410221416667,3.553,1.43405185083333,3.502
1.434373985,3.492,1.43438011055556,3.543,1.43432957277778,3.502
1.43465192166667,3.492,1.43465767972222,3.553,1.43460708472222,3.502
1.434930095,3.492,1.43493598083333,3.553,1.43488514222222,3.502
1.43520804583333,3.492,1.43521387416667,3.543,1.435162705,3.502
1.43548592916667,3.492,1.43549158944444,3.543,1.43544073944444,3.502
1.43576339861111,3.492,1.4357696275,3.553,1.43571837638889,3.502
1.43604160861111,3.492,1.43604788083333,3.553,1.43599666,3.502
1.436319325,3.492,1.43632544305556,3.553,1.43627416472222,3.502
1.43659723861111,3.492,1.43660353277778,3.553,1.43655216083333,3.502
1.4368750875,3.492,1.43688141222222,3.553,1.436829915,3.502
1.43715271472222,3.492,1.43715909833333,3.553,1.43710784138889,3.502
1.43743065083333,3.492,1.43743745555556,3.553,1.43738559111111,3.502
1.43770832472222,3.492,1.43771536444444,3.553,1.43766319888889,3.502
1.43798623083333,3.492,1.43799316361111,3.553,1.43794117444444,3.502
1.43826395972222,3.492,1.43827056444444,3.553,1.43821884888889,3.502
1.43854158138889,3.492,1.43854874916667,3.553,1.43849688361111,3.502
1.43881959055556,3.492,1.43882693277778,3.553,1.43877494361111,3.502
1.43909741666667,3.492,1.43910443777778,3.553,1.43905265222222,3.502
1.4393754125,3.492,1.43938244194444,3.553,1.43933045916667,3.502
1.43965334027778,3.492,1.43966039611111,3.553,1.43960828444444,3.502
1.43993140277778,3.492,1.43993801333333,3.553,1.43988654972222,3.502
1.44020927555556,3.492,1.44021584638889,3.553,1.440164535,3.502
1.4404876,3.492,1.44049407027778,3.553,1.44044209333333,3.502
1.44076519305556,3.492,1.44077171277778,3.553,1.44071964944444,3.502
1.44104310638889,3.492,1.44104990277778,3.553,1.44099799805556,3.502
1.44132114694444,3.492,1.44132744555556,3.553,1.44127606555556,3.502
1.44159924166667,3.492,1.44160568,3.553,1.44155408777778,3.502
1.44187715333333,3.492,1.44188328194444,3.553,1.44183185416667,3.502
1.44215526916667,3.492,1.44216090805556,3.553,1.4421101125,3.502
1.44243324472222,3.492,1.44243889111111,3.553,1.44238774361111,3.502
1.44271075027778,3.492,1.44271654805556,3.553,1.44266586111111,3.502
1.44298904166667,3.492,1.44299492861111,3.553,1.44294356805556,3.502
1.44326688916667,3.492,1.44327265583333,3.553,1.44322129916667,3.502
1.44354446888889,3.492,1.44355064555556,3.553,1.44349907416667,3.502
1.443822785,3.492,1.44382830027778,3.553,1.44377684138889,3.502
1.44410092361111,3.492,1.44410579972222,3.563,1.44405516777778,3.502
1.44437853555556,3.492,1.44438407055556,3.553,1.44433275944444,3.502
1.44465650555556,3.492,1.44466211027778,3.553,1.44461085638889,3.502
1.44493446027778,3.492,1.44493960444444,3.553,1.44488892361111,3.502
1.44521215916667,3.492,1.44521734333333,3.563,1.44516668583333,3.502
1.44549018416667,3.492,1.44549574833333,3.553,1.44544463111111,3.502
1.44576808361111,3.492,1.44577358972222,3.553,1.44572243861111,3.502
1.44604577166667,3.492,1.44605105194444,3.553,1.44600032388889,3.502
1.44632338611111,3.492,1.44632929472222,3.553,1.44627867916667,3.502
1.44660141416667,3.492,1.44660695944444,3.563,1.44655663083333,3.502
1.44687931111111,3.492,1.44688473555556,3.563,1.44683456444444,3.502
1.44715722805556,3.492,1.44716218194444,3.563,1.44711212388889,3.502
1.44743491333333,3.492,1.44744001833333,3.563,1.44739027555556,3.502
1.44771313166667,3.492,1.44771840861111,3.553,1.44766832527778,3.502
1.44799101166667,3.492,1.44799609555556,3.563,1.44794614833333,3.502
1.44826862138889,3.492,1.44827377861111,3.563,1.44822401777778,3.502
1.448546035,3.492,1.44855161055556,3.563,1.448501945,3.502
1.44882424166667,3.492,1.44882948861111,3.563,1.44877938194444,3.502
1.44910223055556,3.492,1.44910740194444,3.563,1.44905755055556,3.502
1.44938031916667,3.492,1.44938546972222,3.563,1.44933537083333,3.502
1.44965824777778,3.492,1.44966338888889,3.563,1.44961294166667,3.502
1.44993582055556,3.492,1.44994082416667,3.563,1.44989100166667,3.502
1.45021358194444,3.492,1.450218495,3.563,1.45016877972222,3.502
1.45049156416667,3.492,1.45049678722222,3.563,1.45044668083333,3.502
1.45076925583333,3.492,1.45077447583333,3.563,1.45072486916667,3.502
1.45104659,3.492,1.4510522,3.563,1.45100294361111,3.502
1.45132490694444,3.492,1.45133031694444,3.563,1.45128089361111,3.502
1.45160289722222,3.492,1.45160794444444,3.563,1.45155879972222,3.502
1.45188067611111,3.492,1.45188604444444,3.563,1.45183676805556,3.502
1.45215802027778,3.492,1.45216399666667,3.563,1.4521143475,3.502
1.452436325,3.492,1.45244163861111,3.563,1.45239228833333,3.512
1.45271431611111,3.492,1.4527194,3.563,1.45267023138889,3.502
1.45299173805556,3.492,1.452997275,3.563,1.45294774527778,3.502
1.45326983388889,3.492,1.45327486916667,3.563,1.45322581166667,3.512
1.45354757055556,3.492,1.45355291388889,3.563,1.45350368527778,3.512
1.45382533166667,3.492,1.45383056861111,3.563,1.45378164444444,3.502
1.45410351444444,3.492,1.45410885388889,3.563,1.45405923472222,3.502
1.45438169861111,3.492,1.45438638583333,3.563,1.45433727416667,3.502
1.45465926583333,3.492,1.45466444972222,3.563,1.45461495694444,3.502
1.45493712972222,3.492,1.45494215361111,3.563,1.45489280833333,3.502
1.45521495222222,3.492,1.45521978222222,3.563,1.45517025472222,3.502
1.45549281694444,3.492,1.45549792888889,3.563,1.45544815138889,3.502
1.45577046472222,3.492,1.45577597916667,3.563,1.45572619361111,3.502
1.45604835888889,3.492,1.45605379388889,3.563,1.45600372277778,3.502
1.45632617361111,3.492,1.45633160416667,3.563,1.45628181527778,3.502
1.45660400555556,3.492,1.45660942888889,3.563,1.45655957194444,3.512
1.45688221305556,3.492,1.45688732166667,3.563,1.45683712833333,3.512
1.45716015166667,3.492,1.45716532027778,3.563,1.45711539194444,3.512
1.45743793861111,3.492,1.45744307361111,3.563,1.45739298777778,3.512
1.4577155025,3.502,1.45772049833333,3.563,1.45767118583333,3.502
1.45799369222222,3.492,1.45799843,3.563,1.45794894861111,3.502
1.45827123861111,3.502,1.458276535,3.563,1.45822673638889,3.502
1.4585488375,3.492,1.45855467722222,3.563,1.45850460583333,3.512
1.45882711861111,3.492,1.45883243916667,3.563,1.45878230055556,3.502
1.45910504444444,3.492,1.45911001833333,3.563,1.45906029277778,3.512
1.45938305777778,3.502,1.459388125,3.563,1.45933824944444,3.502
1.45966115277778,3.502,1.4596658775,3.563,1.45961641111111,3.512
1.45993903805556,3.492,1.45994350305556,3.574,1.45989462138889,3.512
1.46021747694444,3.492,1.46022153277778,3.563,1.46017262888889,3.502
1.46049497444444,3.502,1.4604994925,3.563,1.46045066472222,3.512
1.46077327611111,3.492,1.46077701666667,3.563,1.46072872722222,3.502
1.46105156138889,3.502,1.46105496083333,3.563,1.46100641888889,3.512
1.46132882416667,3.502,1.46133278944444,3.574,1.46128425472222,3.512
1.46160706361111,3.492,1.46161019638889,3.563,1.46156212055556,3.502
1.46188482583333,3.492,1.46188812444444,3.563,1.46183990333333,3.502
1.462162385,3.492,1.46216616722222,3.563,1.46211737083333,3.512
1.46244007027778,3.502,1.4624435625,3.563,1.46239565527778,3.502
1.46271797333333,3.502,1.46272177361111,3.574,1.46267344805556,3.512
1.46299587694444,3.502,1.4629997475,3.574,1.46295098555556,3.512
1.46327354055556,3.502,1.46327751166667,3.563,1.46322888416667,3.512
1.46355173277778,3.502,1.46355511361111,3.563,1.46350676416667,3.512
1.46382941361111,3.492,1.46383296277778,3.574,1.46378463916667,3.512
1.46410727777778,3.502,1.46411089638889,3.574,1.46406243444444,3.512
1.46438494361111,3.492,1.46438924555556,3.574,1.46434044222222,3.502
1.46466292361111,3.502,1.46466678194444,3.574,1.46461813305556,3.512
1.46494042194444,3.502,1.46494477027778,3.574,1.46489618027778,3.512
1.46521829,3.502,1.465222365,3.574,1.4651738225,3.512
1.46549630055556,3.502,1.46550024166667,3.574,1.46545157611111,3.512
1.46577427027778,3.502,1.46577848444444,3.574,1.46572969583333,3.512
1.46605193861111,3.502,1.46605591638889,3.574,1.46600747638889,3.512
1.46633010916667,3.502,1.466333805,3.574,1.46628520111111,3.502
1.46660822527778,3.502,1.46661204083333,3.574,1.46656312305556,3.512
1.46688622527778,3.492,1.46688981638889,3.574,1.46684069333333,3.502
1.4671642775,3.502,1.46716756083333,3.574,1.46711884,3.512
1.46744161666667,3.502,1.46744550194444,3.574,1.46739669833333,3.512
1.4677199525,3.502,1.46772314361111,3.574,1.46767442861111,3.502
1.46799824805556,3.502,1.46800081361111,3.574,1.4679522925,3.512
1.46827606138889,3.502,1.46827903555556,3.574,1.46822995583333,3.512
1.46855393777778,3.502,1.46855699277778,3.574,1.46850788861111,3.512
1.46883165888889,3.502,1.46883462444444,3.574,1.46878564611111,3.512
1.46910957611111,3.502,1.46911256416667,3.574,1.46906315944444,3.512
1.46938720111111,3.502,1.46939021388889,3.574,1.46934146694444,3.512
1.46966572944444,3.502,1.469668435,3.574,1.46961906388889,3.512
1.46994357833333,3.502,1.46994638833333,3.574,1.46989716138889,3.512
1.47022173472222,3.502,1.47022409944444,3.574,1.47017491722222,3.512
1.47049931472222,3.502,1.47050200444444,3.574,1.47045303027778,3.512
1.47077735,3.502,1.47078004305556,3.574,1.47073082944444,3.512
1.47105515805556,3.502,1.47105749777778,3.574,1.47100852194444,3.512
1.47133248416667,3.502,1.47133556444444,3.574,1.47128636722222,3.512
1.47161030194444,3.502,1.47161327472222,3.574,1.47156374138889,3.512
1.47188851027778,3.502,1.47189119027778,3.574,1.47184213694444,3.512
1.47216660361111,3.502,1.47216889833333,3.574,1.47211968027778,3.512
1.47244452027778,3.502,1.47244676166667,3.574,1.47239782055556,3.512
1.47272227694444,3.502,1.47272470055556,3.574,1.47267593027778,3.512
1.47299965305556,3.502,1.47300217166667,3.574,1.47295356361111,3.512
1.47327778111111,3.502,1.47328040638889,3.574,1.47323168944444,3.512
1.47355566166667,3.502,1.47355800583333,3.574,1.47350928638889,3.512
1.47383349916667,3.502,1.47383592722222,3.574,1.47378752805556,3.512
1.474111105,3.502,1.47411353277778,3.574,1.47406519611111,3.512
1.47438918,3.502,1.47439166722222,3.574,1.47434300888889,3.512
1.47466711388889,3.502,1.47466968305556,3.574,1.47462111444444,3.512
1.47494494138889,3.502,1.474947155,3.574,1.47489883583333,3.512
1.47522281,3.502,1.47522501666667,3.574,1.47517668611111,3.512
1.47550079222222,3.502,1.47550318527778,3.574,1.47545451138889,3.512
1.47577868833333,3.502,1.47578114972222,3.574,1.47573206833333,3.512
1.4760566475,3.502,1.47605889638889,3.574,1.47600987166667,3.512
1.47633440694444,3.502,1.47633664666667,3.574,1.47628822027778,3.512
1.47661238861111,3.502,1.47661484888889,3.574,1.47656611277778,3.512
1.47689032166667,3.502,1.47689270444444,3.574,1.47684420138889,3.512
1.4771685675,3.502,1.47717089138889,3.574,1.47712185222222,3.512
1.47744654222222,3.502,1.47744858833333,3.574,1.47739963833333,3.512
1.47772435916667,3.502,1.47772675777778,3.574,1.47767788166667,3.512
1.47800218777778,3.502,1.47800439027778,3.574,1.47795539944444,3.512
1.47828022277778,3.502,1.47828183722222,3.574,1.47823361,3.512
1.47855748055556,3.502,1.47855967027778,3.574,1.47851137555556,3.512
1.47883521333333,3.502,1.47883772777778,3.574,1.47878926388889,3.512
1.47911330138889,3.502,1.47911540638889,3.574,1.47906693555556,3.512
1.47939116472222,3.502,1.47939328583333,3.584,1.47934481833333,3.512
1.47966927555556,3.502,1.47967087277778,3.574,1.4796224125,3.512
1.47994688666667,3.502,1.47994912611111,3.574,1.47990078527778,3.512
1.48022490444444,3.502,1.48022709583333,3.574,1.48017853416667,3.512
1.48050288833333,3.502,1.48050469916667,3.574,1.48045650083333,3.512
1.48078099388889,3.502,1.48078258111111,3.574,1.48073441833333,3.512
1.48105906777778,3.502,1.48105994388889,3.584,1.48101217,3.512
1.48133657416667,3.502,1.48133779611111,3.584,1.48128975416667,3.512
1.48161446472222,3.502,1.48161606388889,3.574,1.48156738527778,3.512
1.48189213138889,3.502,1.48189408027778,3.574,1.48184530472222,3.512
1.48217006833333,3.502,1.4821720425,3.584,1.48212321083333,3.512
1.48244787666667,3.502,1.48244956361111,3.584,1.48240130361111,3.512
1.48272561666667,3.502,1.48272743333333,3.584,1.48267916083333,3.512
1.483003195,3.502,1.4830053725,3.584,1.48295713722222,3.512
1.48328102861111,3.502,1.48328349055556,3.584,1.48323488583333,3.512
1.48355893277778,3.502,1.48356093416667,3.574,1.48351256166667,3.512
1.48383666361111,3.502,1.48383889666667,3.584,1.48379044638889,3.512
1.48411463555556,3.502,1.48411644611111,3.584,1.48406829527778,3.512
1.48439251305556,3.502,1.48439439861111,3.584,1.48434569916667,3.512
1.48467050277778,3.502,1.48467228777778,3.574,1.48462392166667,3.512
1.48494873111111,3.502,1.48495038666667,3.574,1.48490162777778,3.512
1.48522637916667,3.502,1.485228295,3.584,1.48517977638889,3.512
1.48550440388889,3.502,1.48550616833333,3.584,1.48545749444444,3.512
1.48578228916667,3.502,1.48578390388889,3.584,1.4857355575,3.512
1.48606015111111,3.502,1.48606137805556,3.584,1.48601331361111,3.512
1.48633812055556,3.502,1.48633917333333,3.584,1.48629110944444,3.512
1.48661602555556,3.502,1.48661738583333,3.584,1.486568795,3.512
1.4868937725,3.502,1.48689534972222,3.584,1.48684703111111,3.512
1.48717178777778,3.512,1.48717301333333,3.584,1.48712505944444,3.512
1.4874493325,3.512,1.48745075083333,3.584,1.48740282527778,3.512
1.48772720916667,3.512,1.48772863916667,3.584,1.48768048611111,3.512
1.48800568555556,3.502,1.488006275,3.584,1.48795856555556,3.512
1.48828331527778,3.502,1.48828447583333,3.584,1.48823643972222,3.512
1.48856123777778,3.502,1.488562195,3.584,1.48851426722222,3.512
1.48883884027778,3.502,1.48884049194444,3.584,1.48879189444444,3.512
1.48911667166667,3.502,1.48911864388889,3.584,1.48906974083333,3.512
1.48939471333333,3.512,1.48939619805556,3.584,1.4893473575,3.512
1.48967257611111,3.512,1.4896743475,3.584,1.48962519777778,3.512
1.489950215,3.502,1.48995231138889,3.584,1.48990291361111,3.512
1.49022778194444,3.512,1.49022997277778,3.584,1.49018124944444,3.512
1.49050613888889,3.512,1.49050816861111,3.584,1.49045888583333,3.512
1.49078391833333,3.502,1.49078585222222,3.584,1.49073666638889,3.512
1.49106164944444,3.502,1.49106375888889,3.584,1.491014835,3.512
1.49133923611111,3.512,1.49134171305556,3.584,1.49129251083333,3.512
1.49161731694444,3.512,1.49161937583333,3.584,1.49157034305556,3.512
1.49189536277778,3.512,1.49189733111111,3.584,1.49184819194444,3.512
1.49217309222222,3.512,1.49217560972222,3.584,1.49212621472222,3.512
1.49245119055556,3.502,1.49245340361111,3.584,1.49240415638889,3.512
1.4927287475,3.502,1.49273133138889,3.584,1.49268193472222,3.512
1.49300692527778,3.512,1.49300920472222,3.584,1.49295976583333,3.512
1.49328439805556,3.512,1.49328685944444,3.584,1.49323753888889,3.523
1.49356233472222,3.512,1.4935648725,3.584,1.49351513194444,3.523
1.49384020222222,3.512,1.49384304222222,3.584,1.49379332638889,3.523
1.49411836777778,3.512,1.49412094277778,3.584,1.49407070111111,3.512
1.49439598111111,3.512,1.49439824805556,3.584,1.49434864,3.512
1.49467406166667,3.512,1.49467653777778,3.584,1.49462661388889,3.512
1.49495202083333,3.512,1.49495455166667,3.584,1.49490454416667,3.512
1.49522982527778,3.512,1.49523254583333,3.584,1.49518180277778,3.512
1.49550755222222,3.512,1.49551007472222,3.584,1.49546013305556,3.523
1.49578547277778,3.512,1.49578813388889,3.584,1.49573785416667,3.512
1.49606374277778,3.512,1.49606590638889,3.584,1.49601573222222,3.523
1.49634157361111,3.512,1.49634358805556,3.584,1.49629387611111,3.523
1.49661914611111,3.512,1.49662117111111,3.584,1.49657173222222,3.523
1.49689736527778,3.512,1.49689913138889,3.584,1.4968495525,3.523
1.49717547027778,3.512,1.49717655611111,3.584,1.49712751277778,3.523
1.49745328861111,3.512,1.49745487,3.584,1.49740510861111,3.523
1.49773120083333,3.512,1.49773276805556,3.584,1.49768308972222,3.523
1.49800904472222,3.512,1.49801063583333,3.584,1.49796040833333,3.523
1.49828738694444,3.512,1.49828829361111,3.584,1.4982382775,3.512
1.49856493361111,3.512,1.49856588055556,3.584,1.49851622527778,3.523
1.49884348083333,3.512,1.49884400722222,3.584,1.49879400361111,3.523
1.49912105722222,3.512,1.49912202916667,3.584,1.49907206861111,3.523
1.49939926833333,3.512,1.49939944916667,3.584,1.49934998416667,3.512
1.49967734222222,3.512,1.49967730611111,3.594,1.49962788805556,3.523
1.49995525527778,3.512,1.49995493916667,3.584,1.49990621944444,3.523
1.50023311888889,3.512,1.50023343055556,3.594,1.50018378527778,3.512
1.50051121888889,3.512,1.50051120916667,3.594,1.50046154861111,3.512
1.50078893527778,3.512,1.50078858833333,3.584,1.50073953694444,3.523
1.50106680277778,3.512,1.50106658722222,3.594,1.50101724194444,3.523
1.50134470694444,3.512,1.50134424083333,3.594,1.50129546472222,3.523
1.50162239277778,3.512,1.50162219138889,3.584,1.50157345,3.512
1.50190022861111,3.512,1.50190007611111,3.584,1.50185137222222,3.523
1.50217812416667,3.512,1.5021778125,3.584,1.5021290875,3.523
1.50245559916667,3.512,1.50245526194444,3.594,1.50240698472222,3.523
1.50273374222222,3.512,1.50273343333333,3.594,1.50268429333333,3.523
1.50301184694444,3.512,1.50301118583333,3.584,1.50296207444444,3.523
1.50328951583333,3.512,1.5032891475,3.584,1.50324056666667,3.523
1.50356734222222,3.512,1.50356723083333,3.594,1.50351795583333,3.523
1.50384519916667,3.512,1.503845265,3.594,1.503795815,3.523
1.50412324055556,3.512,1.50412337972222,3.594,1.50407354027778,3.523
1.50440117722222,3.512,1.50440115611111,3.584,1.50435164611111,3.523
1.50467900944444,3.512,1.50467915388889,3.594,1.50462983944444,3.523
1.50495666111111,3.512,1.50495658055556,3.594,1.50490777888889,3.523
1.50523431166667,3.512,1.50523449916667,3.584,1.50518560916667,3.523
1.50551212777778,3.512,1.50551279361111,3.594,1.50546347027778,3.523
1.50579012444444,3.512,1.50579062444444,3.584,1.50574143027778,3.523
1.50606816638889,3.512,1.50606824722222,3.594,1.50601896416667,3.523
1.50634561666667,3.512,1.50634619416667,3.594,1.50629666083333,3.523
1.50662377888889,3.512,1.50662400472222,3.594,1.50657503055556,3.523
1.50690154166667,3.512,1.50690152416667,3.594,1.50685275527778,3.523
1.50717917055556,3.512,1.50717951722222,3.594,1.50713060472222,3.523
1.50745713666667,3.512,1.50745741861111,3.594,1.50740799888889,3.523
1.50773503527778,3.512,1.5077356,3.594,1.507686385,3.523
1.50801317305556,3.512,1.50801329083333,3.594,1.50796443694444,3.523
1.50829060472222,3.523,1.50829106388889,3.594,1.50824219444444,3.523
1.50856869777778,3.512,1.50856897444444,3.594,1.50852007833333,3.523
1.50884692472222,3.512,1.50884669527778,3.594,1.50879778111111,3.523
1.50912485777778,3.512,1.5091246775,3.594,1.50907570611111,3.523
1.50940263083333,3.512,1.50940245527778,3.594,1.50935366472222,3.523
1.50968027722222,3.512,1.50968031388889,3.594,1.50963100611111,3.523
1.509958525,3.523,1.5099577925,3.594,1.50990919944444,3.523
1.51023636222222,3.523,1.510235445,3.594,1.51018680805556,3.523
1.51051442555556,3.523,1.51051356944444,3.594,1.51046474666667,3.523
1.51079221277778,3.523,1.51079129805556,3.594,1.51074236472222,3.523
1.51107001111111,3.512,1.511069445,3.594,1.51102014944444,3.523
1.51134814472222,3.523,1.51134712861111,3.594,1.51129839111111,3.523
1.51162575944444,3.512,1.51162516694444,3.594,1.51157635722222,3.523
1.51190383638889,3.523,1.5119029025,3.594,1.51185426583333,3.523
1.51218193388889,3.523,1.51218118944444,3.594,1.51213163861111,3.523
1.51245987972222,3.523,1.51245903027778,3.594,1.51240952027778,3.523
1.51273772138889,3.523,1.51273705277778,3.594,1.51268721277778,3.523
1.51301562166667,3.523,1.51301464361111,3.594,1.51296536361111,3.523
1.5132936575,3.523,1.51329240472222,3.594,1.51324288888889,3.523
1.51357152305556,3.523,1.51357047111111,3.594,1.51352117944444,3.523
1.51384883638889,3.523,1.51384852083333,3.594,1.51379845416667,3.523
1.51412689083333,3.523,1.51412653388889,3.594,1.5140764025,3.523
1.51440457555556,3.523,1.51440455388889,3.594,1.51435448111111,3.533
1.51468237444444,3.523,1.51468263944444,3.594,1.51463222805556,3.523
1.51496048583333,3.523,1.51496044583333,3.594,1.51491011861111,3.523
1.51523841305556,3.523,1.51523829805556,3.594,1.51518806611111,3.523
1.51551640916667,3.523,1.51551586972222,3.594,1.51546622916667,3.523
1.51579431555556,3.523,1.51579378472222,3.594,1.51574390055556,3.523
1.51607192638889,3.523,1.51607175972222,3.594,1.51602163972222,3.523
1.516350085,3.523,1.51634930833333,3.594,1.51629951472222,3.533
1.51662790027778,3.523,1.51662726083333,3.594,1.51657729111111,3.523
1.5169060125,3.523,1.51690499416667,3.594,1.51685535611111,3.533
1.51718371277778,3.523,1.51718246,3.594,1.51713290694444,3.523
1.51746179583333,3.523,1.51746021388889,3.594,1.51741094277778,3.523
1.51773944861111,3.523,1.517738735,3.594,1.51768900277778,3.523
1.51801714944444,3.523,1.51801664666667,3.594,1.51796677333333,3.523
1.51829520194444,3.523,1.51829467472222,3.594,1.51824467916667,3.533
1.51857345833333,3.523,1.51857236166667,3.594,1.51852216361111,3.533
1.51885096583333,3.523,1.518850265,3.604,1.5187999425,3.533
1.51912879666667,3.523,1.51912807944444,3.604,1.51907787305556,3.523
1.51940672805556,3.523,1.51940620527778,3.594,1.51935568305556,3.523
1.51968467,3.523,1.51968411027778,3.594,1.51963365166667,3.523
1.51996255055556,3.523,1.51996201083333,3.594,1.51991162638889,3.533
1.52024037416667,3.523,1.52024011055556,3.594,1.52018967916667,3.523
1.52051778416667,3.523,1.52051782833333,3.594,1.52046716833333,3.523
1.52079586666667,3.523,1.52079568361111,3.594,1.52074540805556,3.523
1.52107362416667,3.523,1.52107366166667,3.594,1.52102296861111,3.533
1.52135202694444,3.523,1.52135178722222,3.594,1.52130071722222,3.523
1.52162982888889,3.533,1.52162963027778,3.594,1.52157895472222,3.523
1.52190804666667,3.523,1.52190737388889,3.604,1.52185666111111,3.523
1.52218598333333,3.523,1.52218517388889,3.594,1.52213422638889,3.533
1.52246347611111,3.523,1.5224630175,3.604,1.52241230805556,3.523
1.52274157888889,3.523,1.52274054777778,3.604,1.52269005583333,3.523
1.52301950222222,3.523,1.52301820916667,3.594,1.52296775111111,3.533
1.52329741694444,3.523,1.52329642277778,3.604,1.52324610083333,3.523
1.52357560722222,3.533,1.52357438944444,3.604,1.52352374555556,3.523
1.52385304611111,3.523,1.52385185888889,3.604,1.52380181555556,3.533
1.52413135972222,3.523,1.52413036666667,3.604,1.52407998861111,3.523
1.52440908138889,3.533,1.52440833666667,3.594,1.52435736472222,3.523
1.52468708638889,3.523,1.52468596277778,3.604,1.52463562777778,3.533
1.52496499916667,3.523,1.52496386361111,3.594,1.52491328777778,3.523
1.52524306,3.523,1.52524173166667,3.604,1.5251911275,3.533
1.52552152777778,3.523,1.52551994611111,3.604,1.52546903694444,3.533
1.52579936472222,3.533,1.52579767583333,3.604,1.52574687361111,3.523
1.52607743027778,3.533,1.52607579111111,3.594,1.52602507583333,3.533
1.5263557375,3.533,1.52635358805556,3.604,1.52630305055556,3.533
1.52663350361111,3.533,1.52663166611111,3.604,1.52658101611111,3.533
1.52691094694444,3.533,1.52690939111111,3.604,1.52685886916667,3.533
1.52718855666667,3.533,1.52718725527778,3.604,1.52713659166667,3.533
1.52746677805556,3.533,1.52746502583333,3.604,1.52741436944444,3.533
1.52774412944444,3.533,1.52774271333333,3.604,1.52769235027778,3.533
1.52802193611111,3.533,1.52802055722222,3.604,1.52797028138889,3.533
1.52830001777778,3.533,1.52829853972222,3.604,1.52824775472222,3.533
1.52857778055556,3.523,1.52857645972222,3.604,1.52852540833333,3.533
1.52885569611111,3.533,1.5288541325,3.604,1.52880364722222,3.533
1.52913355111111,3.533,1.52913188833333,3.604,1.52908125333333,3.533
1.52941110805556,3.533,1.52940994,3.604,1.52935888583333,3.533
1.52968924805556,3.533,1.52968769611111,3.604,1.52963699527778,3.533
1.52996686416667,3.533,1.52996544305556,3.604,1.52991464555556,3.533
1.53024485722222,3.533,1.53024325722222,3.604,1.53019239722222,3.533
1.53052235,3.533,1.53052123,3.604,1.53047063861111,3.533
1.53080033138889,3.523,1.53079884722222,3.604,1.53074839083333,3.533
1.5310784825,3.533,1.53107675555556,3.604,1.53102628388889,3.533
1.53135597083333,3.533,1.53135443527778,3.604,1.53130442305556,3.533
1.53163373611111,3.533,1.53163236805556,3.604,1.5315822575,3.533
1.53191173277778,3.533,1.53191028944444,3.604,1.531859665,3.533
1.53218918722222,3.533,1.53218826861111,3.604,1.532137565,3.533
1.53246686944444,3.533,1.53246619722222,3.604,1.53241575222222,3.533
1.53274513083333,3.533,1.532743855,3.604,1.53269352972222,3.533
1.5330227775,3.533,1.53302133805556,3.604,1.53297117833333,3.533
1.5333007025,3.533,1.53329956361111,3.604,1.53324926388889,3.533
1.53357797472222,3.533,1.53357733666667,3.604,1.53352681472222,3.533
1.53385629,3.533,1.53385515861111,3.604,1.53380468333333,3.533
1.53413404361111,3.533,1.53413314472222,3.604,1.53408260833333,3.533
1.53441173444444,3.533,1.53441071611111,3.604,1.53436082138889,3.533
1.53468984166667,3.533,1.53468852694444,3.604,1.5346384675,3.533
1.53496765666667,3.533,1.53496627055556,3.604,1.53491641416667,3.533
1.53524592611111,3.533,1.53524428583333,3.604,1.53519413055556,3.533
1.53552351138889,3.533,1.53552188833333,3.604,1.53547194444444,3.533
1.53580124277778,3.533,1.53580005888889,3.604,1.53574972055556,3.533
1.53607935583333,3.533,1.53607770972222,3.604,1.53602746055556,3.533
1.53635720777778,3.533,1.53635599444444,3.604,1.53630523583333,3.533
1.53663541694444,3.533,1.53663371972222,3.604,1.53658294611111,3.533
1.53691319638889,3.533,1.53691158638889,3.604,1.53686090472222,3.533
1.53719154305556,3.533,1.53718937111111,3.614,1.53713864277778,3.533
1.5374688725,3.533,1.53746724027778,3.604,1.5374162425,3.533
1.53774719611111,3.533,1.53774555805556,3.604,1.53769441388889,3.533
1.53802465472222,3.533,1.53802367222222,3.604,1.53797194861111,3.533
1.53830249833333,3.533,1.53830126611111,3.604,1.53824960527778,3.533
1.53858043611111,3.533,1.53857896805556,3.604,1.53852770861111,3.533
1.53885847944444,3.533,1.53885686916667,3.604,1.53880518666667,3.533
1.53913638333333,3.533,1.53913475305556,3.614,1.53908334083333,3.533
1.53941458333333,3.533,1.53941244972222,3.614,1.53936104305556,3.533
1.53969232611111,3.533,1.53969011888889,3.614,1.53963857305556,3.533
1.53996989166667,3.533,1.53996809722222,3.604,1.53991623333333,3.533
1.54024764777778,3.543,1.54024589388889,3.614,1.54019437166667,3.533
1.54052557111111,3.533,1.54052350555556,3.614,1.54047210833333,3.533
1.54080304916667,3.543,1.54080129055556,3.604,1.54074987055556,3.533
1.54108086222222,3.533,1.54107913277778,3.614,1.54102775111111,3.533
1.54135892416667,3.533,1.54135719027778,3.614,1.54130568194444,3.533
1.54163662083333,3.543,1.54163487277778,3.614,1.54158329555556,3.533
1.54191433611111,3.533,1.54191264777778,3.604,1.54186138472222,3.533
1.54219237166667,3.533,1.5421905025,3.604,1.54213894138889,3.533
1.54247051111111,3.533,1.54246834361111,3.614,1.54241688861111,3.543
1.54274822388889,3.543,1.54274615916667,3.614,1.54269486805556,3.533
1.54302615555556,3.543,1.54302409527778,3.614,1.54297281583333,3.533
1.54330391777778,3.543,1.54330185361111,3.614,1.54325084638889,3.543
1.54358130527778,3.533,1.5435796675,3.614,1.54352894833333,3.533
1.54385942805556,3.543,1.54385757777778,3.614,1.54380636361111,3.533
1.5441369725,3.533,1.54413545472222,3.614,1.54408424833333,3.543
1.54441480055556,3.543,1.5444133625,3.604,1.54436219027778,3.533
1.54469277305556,3.543,1.54469099694444,3.614,1.54464067472222,3.533
1.54497061277778,3.543,1.54496889833333,3.614,1.54491823444444,3.533
1.54524877527778,3.543,1.54524634805556,3.614,1.54519628194444,3.543
1.54552649361111,3.543,1.54552455361111,3.614,1.54547393027778,3.543
1.54580450638889,3.543,1.54580243555556,3.614,1.54575203611111,3.533
1.54608213805556,3.543,1.54608047055556,3.614,1.54602973416667,3.543
1.54636027833333,3.543,1.54635869722222,3.614,1.54630746166667,3.543
1.54663807444444,3.543,1.54663701944444,3.614,1.54658508944444,3.543
1.54691598055556,3.543,1.54691462666667,3.614,1.54686332027778,3.543
1.54719412361111,3.543,1.54719251805556,3.614,1.54714105666667,3.543
1.54747203388889,3.543,1.5474704475,3.614,1.54741867361111,3.543
1.54775024055556,3.543,1.54774839388889,3.614,1.54769654722222,3.543
1.54802822777778,3.543,1.54802626611111,3.614,1.54797437611111,3.533
1.54830586138889,3.543,1.54830377333333,3.614,1.5482520175,3.543
1.54858368472222,3.543,1.5485821375,3.614,1.54852999833333,3.543
1.54886148527778,3.543,1.54885991583333,3.614,1.54880757805556,3.543
1.54913961555556,3.543,1.54913775916667,3.614,1.54908592027778,3.543
1.54941761305556,3.543,1.5494158325,3.614,1.54936319972222,3.543
1.549695185,3.543,1.54969366138889,3.614,1.54964153305556,3.543
1.54997320111111,3.543,1.54997104166667,3.614,1.54991965694444,3.543
1.55025131361111,3.543,1.55024920111111,3.614,1.55019750083333,3.543
1.55052934222222,3.543,1.55052664277778,3.614,1.55047530055556,3.543
1.55080694055556,3.543,1.55080473027778,3.614,1.55075304833333,3.543
1.55108497138889,3.543,1.55108251083333,3.614,1.55103082138889,3.543
1.55136293805556,3.543,1.55136065527778,3.614,1.55130844722222,3.543
1.55164055361111,3.543,1.55163813083333,3.614,1.55158620777778,3.543
1.55191880138889,3.543,1.55191611416667,3.614,1.55186417333333,3.543
1.55219685222222,3.543,1.55219389916667,3.614,1.55214180805556,3.543
1.55247469833333,3.543,1.55247131277778,3.614,1.55241961694444,3.543
1.55275283444444,3.543,1.55274939027778,3.614,1.55269709472222,3.543
1.55303046472222,3.543,1.55302729361111,3.614,1.55297556083333,3.543
1.553308475,3.543,1.55330492722222,3.614,1.55325317305556,3.543
1.55358672166667,3.543,1.55358244,3.614,1.55353124444444,3.543
1.5538644175,3.543,1.5538605,3.614,1.55380913472222,3.543
1.55414227472222,3.543,1.55413822944444,3.614,1.55408693805556,3.543
1.55442016777778,3.543,1.55441645194444,3.614,1.55436480611111,3.543
1.55469793027778,3.543,1.55469405055556,3.614,1.55464269777778,3.543
1.55497572277778,3.543,1.55497159083333,3.614,1.55492037833333,3.543
1.55525369722222,3.543,1.55524938527778,3.614,1.55519854111111,3.543
1.55553149194444,3.543,1.55552778111111,3.614,1.555476395,3.543
1.55580925472222,3.543,1.55580561388889,3.614,1.55575419972222,3.543
1.55608725333333,3.543,1.55608301944444,3.614,1.55603207138889,3.543
1.55636497777778,3.543,1.55636115638889,3.614,1.55631014194444,3.543
1.55664307305556,3.543,1.55663880361111,3.614,1.55658833444444,3.543
1.55692077416667,3.543,1.55691671805556,3.614,1.55686594361111,3.543
1.55719839388889,3.543,1.55719435611111,3.614,1.55714400222222,3.543
1.55747650833333,3.543,1.55747191722222,3.614,1.55742165972222,3.543
1.557754305,3.543,1.55774996916667,3.614,1.55769906388889,3.543
1.55803203388889,3.543,1.55802791027778,3.614,1.55797705361111,3.543
1.55830974861111,3.543,1.55830569027778,3.614,1.55825520416667,3.543
1.55858778805556,3.543,1.55858321055556,3.614,1.55853291611111,3.543
1.55886532333333,3.543,1.55886150861111,3.614,1.55881092277778,3.543
1.55914304388889,3.543,1.55913931027778,3.614,1.55908890333333,3.543
1.55942127916667,3.543,1.55941713944444,3.614,1.55936667333333,3.543
1.55969865666667,3.543,1.55969525833333,3.614,1.55964446388889,3.543
1.55997660166667,3.543,1.55997298027778,3.614,1.55992214666667,3.543
1.56025456388889,3.543,1.56025089777778,3.614,1.56020012611111,3.543
1.56053215833333,3.543,1.56052862388889,3.614,1.56047780805556,3.543
1.56081008472222,3.543,1.56080663833333,3.614,1.56075578666667,3.543
1.56108783472222,3.543,1.56108443194444,3.614,1.56103325555556,3.543
1.56136562472222,3.543,1.56136231833333,3.614,1.56131125972222,3.543
1.56164379305556,3.543,1.56164009722222,3.614,1.5615894525,3.543
1.56192169694444,3.543,1.561917875,3.614,1.56186719722222,3.543
1.562199175,3.543,1.56219614916667,3.614,1.5621447875,3.543
1.56247737416667,3.543,1.56247357166667,3.614,1.56242271416667,3.543
1.56275492694444,3.543,1.56275158138889,3.614,1.56270061055556,3.543
1.56303302916667,3.543,1.56302969944444,3.614,1.56297854916667,3.543
1.56331064194444,3.543,1.56330761194444,3.614,1.563256125,3.543
1.56358868611111,3.543,1.56358561777778,3.614,1.56353428361111,3.543
1.56386672527778,3.543,1.56386333722222,3.614,1.56381255611111,3.543
1.56414516388889,3.543,1.56414098583333,3.614,1.56409027305556,3.543
1.56442279583333,3.543,1.56441894166667,3.614,1.56436831055556,3.543
1.56470037166667,3.543,1.56469633694444,3.614,1.564646235,3.543
1.56497838222222,3.553,1.56497431583333,3.614,1.56492378027778,3.543
1.56525582694444,3.543,1.56525215583333,3.614,1.56520127694444,3.543
1.56553408916667,3.543,1.56553004416667,3.614,1.56547917944444,3.543
1.56581197222222,3.553,1.565807935,3.614,1.56575728416667,3.543
1.5660900725,3.553,1.56608557527778,3.614,1.56603512805556,3.543
1.56636788777778,3.543,1.56636335222222,3.614,1.56631301138889,3.543
1.56664601611111,3.543,1.566641055,3.614,1.566590685,3.543
1.56692382361111,3.543,1.56691891805556,3.614,1.56686878333333,3.543
1.56720203083333,3.553,1.567196555,3.614,1.56714697611111,3.543
1.56747997083333,3.553,1.56747409277778,3.614,1.56742473805556,3.543
1.56775783,3.553,1.56775234083333,3.625,1.56770260111111,3.543
1.56803602416667,3.543,1.56803039472222,3.614,1.56798062222222,3.543
1.56831394527778,3.553,1.56830797805556,3.625,1.56825876722222,3.543
1.5685915975,3.553,1.56858612277778,3.614,1.56853653944444,3.543
1.56886978722222,3.553,1.56886417083333,3.614,1.56881437944444,3.543
1.56914735333333,3.553,1.56914180861111,3.614,1.56909237083333,3.543
1.56942543666667,3.543,1.56941986888889,3.614,1.5693705725,3.553
1.56970309833333,3.553,1.56969762666667,3.625,1.56964819027778,3.543
1.5699809875,3.553,1.56997514666667,3.614,1.56992618027778,3.543
1.57025829,3.553,1.5702530075,3.614,1.57020374361111,3.543
1.57053629916667,3.553,1.57053098694444,3.614,1.57048144888889,3.543
1.57081418638889,3.553,1.5708087975,3.614,1.57075925638889,3.543
1.57109234138889,3.553,1.57108626444444,3.625,1.57103715333333,3.543
1.57136981555556,3.553,1.57136471611111,3.625,1.57131459027778,3.553
1.57164773833333,3.553,1.57164282472222,3.625,1.57159281111111,3.543
1.57192538527778,3.553,1.57192072472222,3.625,1.57187051277778,3.553
1.57220313638889,3.543,1.57219875166667,3.625,1.57214811166667,3.553
1.57248104666667,3.553,1.57247698138889,3.625,1.57242602277778,3.543
1.57275866916667,3.553,1.57275468138889,3.625,1.572704135,3.553
1.57303633138889,3.553,1.57303264,3.625,1.57298183638889,3.553
1.57331458111111,3.553,1.57331029277778,3.614,1.57326020555556,3.553
1.57359187472222,3.553,1.57358870638889,3.625,1.57353841805556,3.543
1.57386979333333,3.553,1.57386652027778,3.625,1.57381603805556,3.553
1.57414789055556,3.553,1.57414405972222,3.625,1.57409437,3.553
1.5744259475,3.553,1.57442235277778,3.625,1.57437243361111,3.553
1.57470369388889,3.553,1.57470004361111,3.614,1.57465026472222,3.553
1.57498140805556,3.553,1.57497773833333,3.625,1.57492844055556,3.553
1.575259255,3.553,1.57525567694444,3.625,1.57520642777778,3.553
1.57553706055556,3.553,1.57553329277778,3.614,1.57548414138889,3.553
1.57581505138889,3.553,1.57581155,3.614,1.57576197388889,3.553
1.57609294,3.553,1.57608924583333,3.625,1.57603980055556,3.553
1.57637053805556,3.553,1.57636678833333,3.625,1.57631732583333,3.553
1.57664871472222,3.553,1.57664486444444,3.625,1.57659514722222,3.553
1.57692606888889,3.553,1.57692275833333,3.625,1.57687301722222,3.553
1.57720412416667,3.553,1.57720084083333,3.625,1.57715073444444,3.553
1.57748225666667,3.553,1.5774783075,3.625,1.57742867805556,3.543
1.57776011805556,3.553,1.57775636527778,3.625,1.57770627777778,3.553
1.5780375175,3.553,1.57803436388889,3.625,1.57798385888889,3.553
1.57831529277778,3.553,1.57831244666667,3.625,1.57826224388889,3.553
1.57859375194444,3.563,1.57859033527778,3.625,1.57853961277778,3.553
1.57887166861111,3.563,1.57886807333333,3.625,1.57881784611111,3.553
1.57914941361111,3.553,1.57914628888889,3.625,1.57909517388889,3.553
1.57942792138889,3.563,1.57942364027778,3.625,1.57937342527778,3.553
1.57970542027778,3.563,1.57970132138889,3.625,1.57965116861111,3.553
1.57998340555556,3.553,1.57997908777778,3.625,1.57992890583333,3.553
1.58026151361111,3.553,1.58025697,3.625,1.58020703277778,3.553
1.58053908638889,3.563,1.5805346725,3.625,1.580484565,3.553
1.58081692138889,3.563,1.5808129475,3.625,1.58076232805556,3.553
1.58109480805556,3.563,1.58109057694444,3.625,1.58103985888889,3.553
1.58137254444444,3.553,1.58136824166667,3.625,1.58131777472222,3.553
1.58165009777778,3.553,1.58164591611111,3.625,1.58159599861111,3.553
1.58192798916667,3.563,1.58192390583333,3.625,1.58187402138889,3.553
1.58220556388889,3.563,1.58220160055556,3.625,1.58215204722222,3.553
1.58248331583333,3.563,1.58247968722222,3.625,1.58242948305556,3.553
1.58276139027778,3.563,1.58275758805556,3.625,1.58270736972222,3.553
1.58303913611111,3.563,1.58303549694444,3.625,1.58298560944444,3.553
1.58331691972222,3.563,1.58331343583333,3.625,1.58326333555556,3.553
1.58359478111111,3.563,1.58359169027778,3.625,1.58354147944444,3.563
1.58387233888889,3.563,1.58386976,3.625,1.5838191375,3.553
1.58415026083333,3.563,1.58414712083333,3.625,1.58409700194444,3.553
1.58442798,3.563,1.58442503055556,3.625,1.58437452555556,3.553
1.58470582,3.563,1.58470307,3.625,1.5846525475,3.553
1.58498403138889,3.563,1.58498083027778,3.625,1.58493055305556,3.553
1.58526192388889,3.553,1.58525879694444,3.625,1.58520793166667,3.553
1.58553996027778,3.563,1.58553678444444,3.625,1.58548651472222,3.553
1.58581775055556,3.563,1.58581444083333,3.625,1.58576458944444,3.553
1.58609551888889,3.563,1.58609255805556,3.625,1.58604226611111,3.553
1.58637351638889,3.563,1.58637050888889,3.625,1.58632014444444,3.553
1.58665112527778,3.563,1.58664828555556,3.625,1.58659813722222,3.563
1.58692926555556,3.563,1.58692606527778,3.625,1.58687595611111,3.553
1.58720733333333,3.563,1.58720419083333,3.625,1.58715406555556,3.553
1.5874849375,3.563,1.58748189666667,3.625,1.58743204555556,3.563
1.58776293,3.563,1.58776006583333,3.625,1.58770989944444,3.563
1.58804086555556,3.563,1.58803766388889,3.625,1.58798779916667,3.553
1.58831881194444,3.563,1.58831563472222,3.625,1.58826553027778,3.553
1.58859676277778,3.563,1.58859334222222,3.625,1.58854341694444,3.563
1.58887422833333,3.563,1.58887151111111,3.625,1.58882136916667,3.553
1.58915213861111,3.563,1.58914906305556,3.625,1.58909982138889,3.563
1.58942996916667,3.563,1.58942658416667,3.625,1.58937715111111,3.563
1.58970780416667,3.563,1.58970510111111,3.625,1.58965525583333,3.563
1.58998583388889,3.563,1.58998249027778,3.625,1.58993331777778,3.563
1.59026373333333,3.563,1.59026046694444,3.625,1.59021122722222,3.563
1.59054183555556,3.563,1.59053847777778,3.625,1.59048906,3.563
1.59081937361111,3.563,1.59081634027778,3.625,1.59076681388889,3.563
1.59109744777778,3.563,1.59109426361111,3.625,1.59104465472222,3.563
1.59137547055556,3.563,1.59137182972222,3.625,1.59132237888889,3.553
1.59165345138889,3.563,1.59164935472222,3.625,1.59160036416667,3.563
1.59193111194444,3.563,1.59192758138889,3.625,1.5918780325,3.563
1.59220893972222,3.563,1.59220553055556,3.625,1.5921554,3.563
1.59248663833333,3.563,1.59248321083333,3.625,1.59243380972222,3.553
1.59276489944444,3.563,1.5927610675,3.625,1.59271182722222,3.563
1.59304251611111,3.563,1.59303903027778,3.625,1.59298973472222,3.563
1.59332075888889,3.563,1.59331678388889,3.625,1.59326751555556,3.563
1.59359853277778,3.563,1.59359451722222,3.625,1.59354513472222,3.563
1.59387662472222,3.563,1.59387243472222,3.625,1.59382310722222,3.563
1.594154615,3.563,1.59415034861111,3.625,1.59410119277778,3.563
1.59443244527778,3.563,1.59442812333333,3.625,1.59437905638889,3.563
1.59471019277778,3.563,1.5947058025,3.625,1.5946570825,3.563
1.59498839083333,3.563,1.59498394027778,3.625,1.59493513638889,3.563
1.59526638944444,3.563,1.59526173861111,3.625,1.59521291277778,3.563
1.5955441175,3.563,1.59553933388889,3.625,1.59549074361111,3.563
1.595822205,3.563,1.59581712166667,3.625,1.59576893277778,3.563
1.59610017805556,3.563,1.5960951525,3.625,1.59604658083333,3.563
1.59637790611111,3.563,1.59637306527778,3.625,1.59632426944444,3.563
1.5966558025,3.563,1.59665066361111,3.625,1.59660237888889,3.563
1.59693372555556,3.563,1.5969287425,3.625,1.59688035861111,3.563
1.59721157416667,3.563,1.59720655333333,3.625,1.59715794111111,3.563
1.59748934888889,3.563,1.59748503194444,3.625,1.59743584888889,3.563
1.59776686388889,3.563,1.59776294722222,3.625,1.59771363083333,3.563
1.5980450875,3.563,1.59804078138889,3.625,1.59799143694444,3.563
1.59832283944444,3.563,1.59831868277778,3.625,1.59826924694444,3.563
1.59860048055556,3.574,1.59859684277778,3.625,1.59854737555556,3.563
1.59887859972222,3.563,1.59887454,3.625,1.59882499055556,3.563
1.59915672388889,3.563,1.59915259555556,3.625,1.59910238083333,3.563
1.59943484777778,3.563,1.59943031944444,3.625,1.59938046472222,3.563
1.59971254,3.574,1.59970820833333,3.625,1.59965801,3.563
1.5999904375,3.574,1.59998612861111,3.625,1.59993592527778,3.563
1.60026821472222,3.563,1.60026389722222,3.625,1.60021417527778,3.563
1.60054589777778,3.563,1.60054170527778,3.625,1.60049187611111,3.563
1.60082356805556,3.574,1.6008194125,3.625,1.60076957194444,3.563
1.60110140583333,3.574,1.60109707888889,3.625,1.6010471925,3.563
1.60137931027778,3.563,1.60137495361111,3.625,1.6013252775,3.563
1.60165716944444,3.574,1.60165306472222,3.635,1.60160312277778,3.563
1.60193465916667,3.574,1.60193071972222,3.625,1.60188047333333,3.563
1.60221296611111,3.563,1.60220855527778,3.625,1.60215841472222,3.563
1.60249076444444,3.574,1.60248642055556,3.625,1.60243629694444,3.563
1.60276864583333,3.574,1.60276459138889,3.625,1.60271428944444,3.563
1.60304634472222,3.574,1.60304235472222,3.625,1.60299222194444,3.563
1.60332448,3.574,1.60332015805556,3.625,1.60327032611111,3.563
1.60360196777778,3.574,1.60359804944444,3.625,1.60354770388889,3.563
1.60388013361111,3.574,1.60387581055556,3.625,1.60382572777778,3.563
1.6041579825,3.574,1.60415398027778,3.625,1.60410426361111,3.563
1.60443587194444,3.574,1.60443156111111,3.625,1.60438169305556,3.563
1.60471367916667,3.574,1.60470948277778,3.625,1.60465958777778,3.563
1.60499122916667,3.574,1.60498708222222,3.625,1.60493744472222,3.563
1.60526880527778,3.574,1.60526509527778,3.635,1.60521526833333,3.563
1.60554696055556,3.574,1.60554265194444,3.625,1.60549294638889,3.563
1.60582472888889,3.574,1.60582057611111,3.635,1.60577131972222,3.563
1.60610290527778,3.574,1.60609854083333,3.625,1.60604905388889,3.563
1.60638047,3.574,1.60637636916667,3.635,1.60632681611111,3.563
1.60665872583333,3.574,1.60665411111111,3.625,1.60660462138889,3.563
1.60693650694444,3.574,1.60693203388889,3.625,1.6068827025,3.563
1.60721483944444,3.574,1.60720990527778,3.625,1.60716020638889,3.574
1.60749268222222,3.574,1.60748787944444,3.625,1.60743868805556,3.563
1.60777055888889,3.574,1.607765645,3.625,1.60771596138889,3.574
1.60804862694444,3.574,1.60804395361111,3.625,1.60799437555556,3.563
1.60832651111111,3.574,1.60832151333333,3.625,1.60827197694444,3.563
1.60860419944444,3.574,1.60859928583333,3.625,1.60855023222222,3.574
1.60888184138889,3.574,1.60887723194444,3.625,1.6088280525,3.563
1.60915973888889,3.574,1.60915503472222,3.635,1.60910626027778,3.563
1.60943773388889,3.574,1.60943287666667,3.625,1.60938448472222,3.563
1.60971564027778,3.574,1.60971087972222,3.635,1.60966207944444,3.563
1.60999379638889,3.574,1.60998888944444,3.625,1.60994034777778,3.574
1.61027207888889,3.574,1.61026677583333,3.625,1.61021792861111,3.563
1.61054980055556,3.574,1.61054437833333,3.635,1.6104957875,3.563
1.61082745361111,3.574,1.61082226388889,3.635,1.61077396805556,3.563
1.61110544111111,3.574,1.61110009916667,3.625,1.611051685,3.563
1.61138273833333,3.574,1.61137753777778,3.635,1.61132947333333,3.563
1.61166075,3.574,1.61165555527778,3.625,1.61160727861111,3.574
1.61193846972222,3.574,1.61193326666667,3.625,1.61188540166667,3.574
1.61221643305556,3.574,1.6122111125,3.635,1.61216335333333,3.563
1.61249422583333,3.574,1.61248895027778,3.625,1.61244073861111,3.563
1.61277203166667,3.574,1.61276700805556,3.635,1.61271854555556,3.574
1.61304972138889,3.574,1.61304451861111,3.625,1.61299663361111,3.574
1.61332747833333,3.574,1.61332243361111,3.625,1.61327450583333,3.574
1.61360562305556,3.574,1.61360028222222,3.635,1.61355207222222,3.574
1.61388402222222,3.574,1.61387815138889,3.635,1.61383014166667,3.574
1.61416177777778,3.574,1.61415568805556,3.625,1.61410794055556,3.574
1.61443919555556,3.574,1.61443351194444,3.635,1.61438607944444,3.574
1.614717555,3.574,1.61471128611111,3.635,1.61466396972222,3.574
1.61499534694444,3.574,1.61498943111111,3.635,1.61494154777778,3.574
1.61527321472222,3.574,1.61526756027778,3.635,1.61521930305556,3.574
1.61555120472222,3.574,1.61554498944444,3.625,1.61549722583333,3.574
1.61582875027778,3.574,1.61582331805556,3.625,1.6157751475,3.574
1.61610666694444,3.574,1.61610120583333,3.625,1.61605318805556,3.574
1.6163843775,3.574,1.61637893944444,3.635,1.61633124527778,3.574
1.61666259833333,3.574,1.61665657944444,3.635,1.61660918027778,3.574
1.61694001694444,3.574,1.61693480833333,3.635,1.61688705805556,3.574
1.61721771972222,3.584,1.61721266888889,3.635,1.61716514638889,3.574
1.61749593861111,3.574,1.6174907875,3.635,1.61744296388889,3.574
1.61777333444444,3.574,1.61776854972222,3.635,1.61772082277778,3.574
1.61805118777778,3.574,1.61804680527778,3.635,1.61799877916667,3.574
1.61832929444444,3.574,1.61832448833333,3.635,1.61827665805556,3.574
1.6186076825,3.574,1.61860224305556,3.635,1.61855436138889,3.574
1.61888514722222,3.574,1.61888032527778,3.635,1.618832165,3.574
1.61916315694444,3.574,1.6191581525,3.635,1.61910963027778,3.574
1.61944093472222,3.574,1.61943594916667,3.635,1.61938778527778,3.574
1.61971900944444,3.574,1.61971389888889,3.635,1.6196657725,3.574
1.61999670944444,3.574,1.619991745,3.635,1.61994368861111,3.574
1.62027476666667,3.574,1.62026933694444,3.635,1.62022131472222,3.574
1.62055292527778,3.574,1.62054713805556,3.635,1.62049875027778,3.574
1.62083100083333,3.574,1.62082483944444,3.635,1.62077718111111,3.574
1.62110829611111,3.574,1.62110241416667,3.635,1.62105496,3.574
1.62138650861111,3.584,1.62138043416667,3.635,1.62133265777778,3.574
1.62166449083333,3.574,1.6216582775,3.635,1.62161013083333,3.574
1.62194200916667,3.574,1.62193612138889,3.635,1.62188845972222,3.574
1.62222015583333,3.584,1.62221407361111,3.635,1.62216646666667,3.574
1.62249775138889,3.574,1.62249226722222,3.635,1.62244403027778,3.574
1.62277572,3.574,1.62277022527778,3.635,1.62272214777778,3.574
1.62305338416667,3.574,1.6230480125,3.635,1.62300043027778,3.574
1.62333089055556,3.574,1.62332595833333,3.635,1.6232786825,3.574
1.62360890055556,3.584,1.62360352972222,3.635,1.62355630555556,3.574
1.62388679583333,3.584,1.62388133361111,3.635,1.62383439472222,3.574
1.62416424027778,3.574,1.62415933722222,3.635,1.6241123325,3.574
1.62444231,3.574,1.62443728222222,3.635,1.62439006916667,3.574
1.62472028138889,3.584,1.62471487361111,3.635,1.62466779027778,3.574
1.62499830555556,3.584,1.62499278055556,3.635,1.62494533166667,3.574
1.62527608361111,3.584,1.62527038888889,3.635,1.625223235,3.574
1.62555382916667,3.584,1.62554843194444,3.635,1.62550129444444,3.574
1.62583175,3.584,1.62582604527778,3.635,1.62577901472222,3.574
1.62610955111111,3.584,1.62610362388889,3.635,1.62605709916667,3.574
1.62638742555556,3.584,1.6263815725,3.635,1.62633503694444,3.574
1.6266652125,3.584,1.62665941638889,3.635,1.62661285611111,3.574
1.62694326555556,3.584,1.62693735361111,3.635,1.62689079722222,3.574
1.62722125055556,3.584,1.62721540583333,3.635,1.62716853472222,3.574
1.62749886305556,3.584,1.62749334666667,3.635,1.62744625833333,3.574
1.6277767425,3.584,1.62777074527778,3.635,1.62772436388889,3.574
1.62805438472222,3.584,1.62804897666667,3.635,1.62800219194444,3.574
1.62833237138889,3.584,1.62832645861111,3.635,1.62828020055556,3.574
1.62861,3.574,1.62860421805556,3.635,1.62855841472222,3.574
1.62888790944444,3.584,1.62888256138889,3.635,1.62883611861111,3.574
1.62916550388889,3.584,1.62916054722222,3.635,1.62911421722222,3.574
1.6294435525,3.584,1.62943847138889,3.635,1.62939199555556,3.574
1.62972157805556,3.584,1.6297164375,3.635,1.62966955194444,3.574
1.62999916527778,3.584,1.62999390138889,3.635,1.62994775111111,3.574
1.63027707777778,3.584,1.63027201027778,3.635,1.63022517138889,3.574
1.63055450888889,3.584,1.63055014138889,3.635,1.63050297611111,3.574
1.63083257305556,3.584,1.6308278325,3.635,1.63078109055556,3.574
1.63111023611111,3.584,1.63110545916667,3.635,1.63105868166667,3.574
1.63138807222222,3.584,1.63138364666667,3.635,1.63133676027778,3.574
1.6316657925,3.584,1.63166165611111,3.635,1.63161482694444,3.574
1.63194353111111,3.584,1.63193996527778,3.635,1.63189226777778,3.574
1.6322213625,3.584,1.63221797944444,3.635,1.63217018666667,3.574
1.63249943611111,3.584,1.63249580277778,3.635,1.63244828916667,3.574
1.63277713555556,3.584,1.63277370944444,3.635,1.63272618055556,3.574
1.63305501277778,3.584,1.633051435,3.635,1.63300387194444,3.574
1.63333288388889,3.584,1.63332909555556,3.635,1.63328149638889,3.584
1.63361086333333,3.584,1.63360708777778,3.635,1.63355951416667,3.574
1.63388890638889,3.584,1.63388441083333,3.635,1.63383707972222,3.574
1.63416665611111,3.584,1.63416254277778,3.635,1.63411496833333,3.574
1.63444451666667,3.584,1.63444054361111,3.635,1.63439249833333,3.574
1.63472245472222,3.584,1.6347185425,3.635,1.63467044777778,3.574
1.63500052361111,3.584,1.63499649888889,3.635,1.63494858111111,3.574
1.63527869361111,3.584,1.63527424777778,3.635,1.63522665611111,3.584
1.63555635472222,3.584,1.63555188277778,3.635,1.63550452305556,3.584
1.63583449,3.584,1.63582970166667,3.635,1.63578250888889,3.584
1.636112335,3.584,1.63610763055556,3.635,1.63606028166667,3.584
1.63639013583333,3.584,1.6363855325,3.635,1.63633804194444,3.574
1.63666822777778,3.584,1.63666340055556,3.635,1.63661612472222,3.574
1.63694611166667,3.584,1.63694114055556,3.635,1.63689394,3.584
1.63722401305556,3.584,1.63721884194444,3.635,1.63717160027778,3.584
1.63750159666667,3.584,1.63749672194444,3.635,1.63744956833333,3.584
1.637779365,3.584,1.63777442388889,3.645,1.63772749611111,3.574
1.63805710777778,3.584,1.63805232777778,3.635,1.63800558,3.584
1.63833503527778,3.584,1.638330035,3.635,1.63828320666667,3.584
1.63861259472222,3.584,1.63860813861111,3.635,1.63856105861111,3.584
1.63889033777778,3.584,1.63888595388889,3.635,1.63883904277778,3.584
1.63916806777778,3.584,1.63916333555556,3.635,1.63911678,3.584
1.63944612583333,3.594,1.63944151388889,3.635,1.63939461388889,3.584
1.63972386333333,3.584,1.63971933166667,3.635,1.63967278972222,3.584
1.64000176166667,3.584,1.639997265,3.635,1.63995063166667,3.584
1.64027941,3.584,1.64027506666667,3.635,1.64022817083333,3.584
1.64055708638889,3.584,1.64055312222222,3.635,1.64050602916667,3.584
1.64083505833333,3.584,1.64083086861111,3.635,1.64078386055556,3.584
1.64111281944444,3.584,1.64110867222222,3.635,1.6410614375,3.584
1.64139042777778,3.584,1.64138671861111,3.635,1.64133939611111,3.584
1.64166841916667,3.584,1.64166417416667,3.635,1.641617395,3.584
1.64194640333333,3.584,1.64194222222222,3.635,1.64189520944444,3.584
1.64222416722222,3.584,1.64221999305556,3.635,1.64217308388889,3.584
1.6425016225,3.584,1.64249773833333,3.635,1.64245102166667,3.584
1.64278001694444,3.584,1.64277549305556,3.635,1.6427286525,3.584
1.64305808333333,3.584,1.64305368861111,3.635,1.64300639527778,3.584
1.64333593472222,3.584,1.6433313125,3.635,1.64328440888889,3.584
1.64361404277778,3.584,1.64360912861111,3.635,1.64356247444444,3.584
1.64389214527778,3.584,1.64388760944444,3.635,1.64384033333333,3.584
1.64417022333333,3.584,1.644165055,3.635,1.64411810527778,3.584
1.64444805888889,3.594,1.64444271861111,3.635,1.64439601,3.584
1.64472590055556,3.594,1.64472064666667,3.635,1.644674245,3.584
1.64500353805556,3.584,1.64499854666667,3.635,1.64495228555556,3.584
1.64528160277778,3.584,1.64527637083333,3.635,1.64522992694444,3.584
1.64555937555556,3.584,1.64555382444444,3.635,1.6455074675,3.584
1.64583743805556,3.594,1.64583203111111,3.635,1.645785255,3.584
1.64611564194444,3.594,1.64610960916667,3.635,1.64606337194444,3.584
1.64639352861111,3.594,1.6463875475,3.635,1.64634083944444,3.584
1.64667134027778,3.594,1.64666525777778,3.635,1.64661895361111,3.584
1.64694948861111,3.584,1.64694342222222,3.635,1.64689634194444,3.584
1.64722723944444,3.584,1.64722074138889,3.635,1.64717432555556,3.584
1.64750517,3.594,1.64749884194444,3.635,1.64745226027778,3.584
1.64778273333333,3.594,1.64777628388889,3.645,1.64772987777778,3.584
1.648060965,3.594,1.64805477333333,3.635,1.64800797583333,3.584
1.64833841666667,3.584,1.64833241722222,3.635,1.64828571861111,3.584
1.64861619361111,3.584,1.64861075083333,3.635,1.64856398777778,3.584
1.64889395555556,3.594,1.6488885325,3.635,1.648841665,3.584
1.64917205333333,3.584,1.649166515,3.635,1.64911948361111,3.584
1.649450115,3.594,1.6494447275,3.635,1.64939728472222,3.584
1.64972771166667,3.594,1.64972260138889,3.635,1.64967532555556,3.584
1.65000564666667,3.594,1.65000088916667,3.635,1.64995304694444,3.584
1.65028347611111,3.594,1.65027859416667,3.635,1.65023117111111,3.584
1.65056144416667,3.594,1.65055642111111,3.635,1.65050885888889,3.584
1.65083932694444,3.594,1.65083430777778,3.635,1.65078683638889,3.584
1.65111731861111,3.594,1.65111196277778,3.635,1.65106471444444,3.584
1.65139502555556,3.584,1.65139013777778,3.635,1.65134245111111,3.584
1.65167285277778,3.594,1.65166823305556,3.635,1.65162002416667,3.584
1.65195027777778,3.594,1.65194600222222,3.635,1.65189789194444,3.584
1.65222834972222,3.594,1.65222410694444,3.635,1.65217591777778,3.584
1.65250657,3.594,1.65250189527778,3.635,1.65245365777778,3.584
1.65278412138889,3.594,1.65277985305556,3.645,1.65273151361111,3.584
1.65306243305556,3.594,1.65305774861111,3.635,1.65300946944444,3.584
1.65334048638889,3.594,1.6533357025,3.635,1.65328731972222,3.584
1.65361845666667,3.594,1.65361355027778,3.635,1.65356572444444,3.584
1.65389606472222,3.594,1.65389159888889,3.635,1.65384378194444,3.584
1.65417442833333,3.594,1.65416946722222,3.645,1.65412157,3.584
1.65445203472222,3.594,1.65444755166667,3.645,1.654399045,3.584
1.65473004583333,3.594,1.65472524583333,3.635,1.65467725361111,3.594
1.65500800944444,3.594,1.65500328194444,3.645,1.65495512944444,3.584
1.65528573138889,3.594,1.65528146916667,3.635,1.65523290083333,3.584
1.65556347305556,3.594,1.65555923472222,3.635,1.65551060777778,3.584
1.65584121111111,3.594,1.65583689333333,3.635,1.65578847611111,3.594
1.65611924,3.594,1.65611471638889,3.635,1.65606646555556,3.584
1.65639677416667,3.594,1.65639261805556,3.645,1.65634441611111,3.584
1.6566747125,3.594,1.65666996527778,3.635,1.65662205944444,3.594
1.65695225527778,3.594,1.65694844138889,3.635,1.65689982083333,3.584
1.65723019361111,3.594,1.65722625944444,3.645,1.65717782472222,3.594
1.65750810388889,3.594,1.65750417138889,3.635,1.65745561611111,3.584
1.65778623722222,3.594,1.657782485,3.645,1.65773336944444,3.584
1.65806381888889,3.594,1.65805997611111,3.635,1.65801128972222,3.594
1.65834189166667,3.594,1.65833799361111,3.635,1.65828946055556,3.594
1.65862030416667,3.594,1.65861610777778,3.635,1.65856753138889,3.594
1.65889809555556,3.594,1.65889372583333,3.635,1.65884508805556,3.584
1.65917602333333,3.594,1.65917182194444,3.645,1.65912297638889,3.594
1.65945396527778,3.594,1.65944982416667,3.635,1.65940100611111,3.594
1.65973180611111,3.594,1.65972717833333,3.645,1.6596785075,3.584
1.66000957888889,3.594,1.66000541583333,3.635,1.65995635555556,3.594
1.66028772555556,3.594,1.66028305055556,3.635,1.66023403055556,3.584
1.66056576472222,3.594,1.66056104027778,3.635,1.66051191916667,3.594
1.66084340194444,3.594,1.66083892916667,3.645,1.66078973416667,3.594
1.66112174916667,3.594,1.66111675444444,3.645,1.66106758888889,3.594
1.66139938111111,3.594,1.66139427277778,3.645,1.66134554944444,3.594
1.66167738333333,3.594,1.66167212222222,3.635,1.66162290638889,3.594
1.66195492944444,3.594,1.66195033472222,3.645,1.66190096972222,3.594
1.66223324388889,3.594,1.66222820361111,3.645,1.66217856638889,3.594
1.66251107638889,3.594,1.66250597472222,3.635,1.66245663527778,3.594
1.66278882638889,3.594,1.66278395333333,3.635,1.66273443777778,3.584
1.66306676638889,3.594,1.66306194694444,3.635,1.66301233361111,3.594
1.66334462888889,3.594,1.6633399075,3.645,1.6632901225,3.594
1.66362266472222,3.594,1.66361780472222,3.635,1.66356833055556,3.594
1.66390011444444,3.594,1.66389544138889,3.645,1.66384623138889,3.594
1.66417774,3.594,1.66417331611111,3.645,1.66412376305556,3.594
1.66445598583333,3.594,1.66445110583333,3.645,1.66440182972222,3.594
1.66473363555556,3.604,1.66472892361111,3.635,1.66467951166667,3.594
1.66501105666667,3.594,1.66500673888889,3.635,1.66495749722222,3.594
1.66528909583333,3.594,1.66528421361111,3.645,1.66523540055556,3.594
1.66556729666667,3.594,1.66556235888889,3.635,1.66551336388889,3.594
1.66584511138889,3.604,1.66584036222222,3.635,1.66579113388889,3.594
1.66612287416667,3.594,1.6661180325,3.645,1.66606863916667,3.594
1.66640063638889,3.594,1.66639616722222,3.635,1.66634673055556,3.594
1.66667832833333,3.594,1.66667376472222,3.635,1.66662429944444,3.594
1.66695652972222,3.594,1.66695165888889,3.635,1.66690229083333,3.594
1.66723415055556,3.594,1.66722933972222,3.635,1.66717994861111,3.594
1.66751226888889,3.594,1.66750717916667,3.635,1.6674578675,3.594
1.66779021583333,3.594,1.66778505638889,3.645,1.66773535277778,3.594
1.66806838,3.594,1.66806294111111,3.635,1.66801355638889,3.594
1.66834624277778,3.594,1.66834079583333,3.645,1.66829116972222,3.594
1.66862391333333,3.594,1.66861931694444,3.645,1.66856899583333,3.594
1.66890203722222,3.604,1.66889724222222,3.635,1.66884711166667,3.594
1.66917949111111,3.594,1.669175075,3.635,1.66912517277778,3.594
1.66945730888889,3.604,1.66945309916667,3.645,1.66940317472222,3.594
1.66973537222222,3.594,1.66973075444444,3.635,1.66968138833333,3.594
1.67001294055556,3.604,1.67000900305556,3.645,1.66995923583333,3.594
1.67029074611111,3.594,1.670286595,3.645,1.67023703083333,3.594
1.67056857527778,3.594,1.6705645625,3.645,1.67051464305556,3.594
1.67084683777778,3.604,1.67084189388889,3.645,1.67079262083333,3.594
1.67112489888889,3.594,1.67111984111111,3.645,1.67107044888889,3.594
1.6714027075,3.604,1.67139747055556,3.645,1.67134865222222,3.594
1.67168071166667,3.604,1.67167517444444,3.635,1.6716265,3.594
1.67195844638889,3.604,1.67195347416667,3.635,1.67190453416667,3.594
1.67223625166667,3.594,1.67223163055556,3.645,1.6721822575,3.594
1.67251471472222,3.604,1.67250932638889,3.645,1.67246016361111,3.594
1.67279281055556,3.604,1.67278718833333,3.635,1.6727379875,3.594
1.67307029916667,3.604,1.67306506111111,3.645,1.67301623527778,3.594
1.67334846861111,3.604,1.67334266527778,3.645,1.67329366861111,3.594
1.67362652861111,3.604,1.67362078166667,3.635,1.67357151972222,3.594
1.67390415944444,3.604,1.6738987425,3.645,1.67384930611111,3.594
1.67418210416667,3.604,1.67417680916667,3.635,1.67412736861111,3.594
1.67445964861111,3.604,1.67445482722222,3.635,1.67440529361111,3.594
1.67473761111111,3.604,1.67473244972222,3.635,1.67468292638889,3.594
1.67501544583333,3.604,1.67501040527778,3.645,1.67496093833333,3.594
1.67529333527778,3.604,1.67528832,3.645,1.67523879333333,3.594
1.67557094916667,3.604,1.67556618027778,3.635,1.67551671916667,3.594
1.67584907277778,3.604,1.67584373416667,3.645,1.6757945025,3.594
1.67612701111111,3.604,1.67612149694444,3.645,1.67607251861111,3.594
1.67640478027778,3.604,1.67639949972222,3.635,1.67635036972222,3.594
1.67668244944444,3.604,1.67667734444444,3.635,1.67662777861111,3.594
1.67696048222222,3.604,1.67695523416667,3.645,1.67690554666667,3.594
1.67723854638889,3.604,1.67723314777778,3.635,1.67718339361111,3.594
1.6775167275,3.604,1.6775104475,3.645,1.67746111444444,3.594
1.67779461972222,3.604,1.67778843,3.645,1.6777391075,3.594
1.6780724425,3.604,1.6780662725,3.645,1.67801731833333,3.594
1.67834998972222,3.604,1.6783443625,3.645,1.67829480722222,3.594
1.67862803555556,3.604,1.67862231833333,3.645,1.6785728925,3.594
1.6789056475,3.604,1.67890017888889,3.635,1.67885087777778,3.594
1.67918370888889,3.604,1.67917847583333,3.635,1.67912866083333,3.594
1.67946149611111,3.604,1.67945614138889,3.635,1.67940640888889,3.594
1.6797396325,3.604,1.67973424611111,3.635,1.67968430444444,3.594
1.68001754194444,3.604,1.68001204361111,3.645,1.67996219694444,3.604
1.68029540527778,3.604,1.68028992416667,3.635,1.68024023916667,3.604
1.68057308638889,3.604,1.68056772666667,3.645,1.68051815972222,3.604
1.68085075166667,3.604,1.68084571944444,3.635,1.68079613527778,3.594
1.68112855222222,3.604,1.68112355055556,3.635,1.68107372083333,3.604
1.68140688555556,3.604,1.68140105527778,3.645,1.68135140388889,3.594
1.68168458027778,3.604,1.68167913611111,3.645,1.68162973305556,3.594
1.68196250388889,3.604,1.68195715111111,3.645,1.68190750694444,3.594
1.68224042305556,3.604,1.6822346025,3.635,1.68218513833333,3.604
1.68251798611111,3.604,1.68251292,3.645,1.68246324583333,3.604
1.6827958725,3.604,1.68279068055556,3.635,1.68274119416667,3.594
1.68307366888889,3.604,1.68306851333333,3.635,1.68301900361111,3.594
1.68335178888889,3.604,1.68334631222222,3.645,1.68329671888889,3.604
1.68362941111111,3.604,1.68362384722222,3.645,1.68357456194444,3.604
1.68390738888889,3.604,1.68390203833333,3.635,1.68385239138889,3.594
1.68418549388889,3.604,1.68418004694444,3.645,1.68413037722222,3.604
1.68446361027778,3.604,1.68445744388889,3.645,1.68440784055556,3.604
1.68474156472222,3.604,1.68473522111111,3.645,1.68468616111111,3.604
1.68501919,3.604,1.68501344277778,3.635,1.68496380944444,3.604
1.68529662944444,3.604,1.68529116638889,3.645,1.68524153388889,3.604
1.68557476666667,3.604,1.68556918388889,3.645,1.68551945027778,3.604
1.68585242555556,3.614,1.68584733555556,3.645,1.68579750583333,3.604
1.68613043,3.604,1.68612512472222,3.645,1.68607536527778,3.604
1.68640830416667,3.604,1.68640333805556,3.635,1.68635336861111,3.604
1.68668576111111,3.614,1.68668150194444,3.635,1.68663116666667,3.604
1.68696394666667,3.604,1.68695907666667,3.645,1.68690846666667,3.604
1.68724179611111,3.604,1.68723700861111,3.635,1.68718648333333,3.594
1.68751977833333,3.604,1.68751475388889,3.645,1.68746447611111,3.594
1.68779761333333,3.614,1.68779272305556,3.635,1.68774215861111,3.604
1.68807533333333,3.604,1.6880706975,3.645,1.68801992388889,3.604
1.68835314777778,3.604,1.68834903916667,3.645,1.68829778805556,3.594
1.688630955,3.604,1.68862687083333,3.645,1.68857571194444,3.604
1.68890860416667,3.614,1.68890468555556,3.645,1.68885391472222,3.604
1.68918659888889,3.614,1.68918246472222,3.635,1.68913202638889,3.604
1.68946450861111,3.614,1.68946070888889,3.645,1.68940956305556,3.604
1.68974212611111,3.604,1.68973852916667,3.645,1.68968751388889,3.604
1.69002019555556,3.614,1.69001674583333,3.645,1.68996557194444,3.604
1.69029801,3.604,1.69029482444444,3.635,1.69024292416667,3.604
1.69057625194444,3.604,1.69057240333333,3.645,1.69052132722222,3.604
1.69085361055556,3.614,1.69085037361111,3.645,1.69079907388889,3.604
1.69113166972222,3.614,1.6911279575,3.645,1.69107698277778,3.604
1.69140956,3.604,1.69140567055556,3.645,1.69135458972222,3.604
1.69168739583333,3.614,1.69168391305556,3.645,1.69163241,3.604
1.69196529777778,3.614,1.69196193611111,3.645,1.69191016583333,3.604
1.69224322,3.604,1.69223953055556,3.645,1.69218829805556,3.604
1.69252131555556,3.604,1.69251757777778,3.635,1.69246629555556,3.604
1.69279938166667,3.614,1.6927951725,3.645,1.69274419277778,3.604
1.69307732694444,3.614,1.69307302583333,3.645,1.69302178833333,3.604
1.69335540194444,3.614,1.69335097638889,3.645,1.69329968611111,3.604
1.69363325527778,3.614,1.69362852194444,3.645,1.69357744416667,3.604
1.69391119583333,3.614,1.69390624138889,3.645,1.69385511416667,3.604
1.69418901055556,3.614,1.69418410777778,3.635,1.6941331975,3.604
1.694466865,3.614,1.69446223055556,3.645,1.69441070361111,3.604
1.69474515166667,3.614,1.69474003583333,3.645,1.69468918055556,3.604
1.69502311666667,3.614,1.69501795861111,3.645,1.69496734861111,3.604
1.69530122611111,3.614,1.69529571583333,3.645,1.69524519222222,3.604
1.69557859444444,3.614,1.69557384611111,3.645,1.69552280888889,3.604
1.69585678222222,3.614,1.69585179888889,3.645,1.69580063833333,3.604
1.69613449111111,3.614,1.69612945861111,3.645,1.69607889083333,3.604
1.69641235722222,3.614,1.69640716194444,3.645,1.69635663888889,3.604
1.696690105,3.614,1.69668475722222,3.645,1.69663443861111,3.604
1.69696782361111,3.614,1.69696284833333,3.635,1.69691206583333,3.604
1.69724593027778,3.614,1.69724079055556,3.645,1.6971902525,3.604
1.69752388972222,3.604,1.69751864416667,3.645,1.69746831472222,3.604
1.69780176361111,3.614,1.69779631194444,3.645,1.69774620444444,3.604
1.69807938055556,3.614,1.69807418111111,3.645,1.69802426333333,3.604
1.69835750916667,3.614,1.6983519125,3.645,1.69830191611111,3.604
1.69863493416667,3.614,1.69863003638889,3.645,1.69857998611111,3.604
1.69891295027778,3.614,1.69890818861111,3.635,1.69885818055556,3.604
1.69919098472222,3.614,1.69918588694444,3.645,1.69913601111111,3.604
1.69946854027778,3.614,1.69946381055556,3.645,1.69941393194444,3.604
1.69974654861111,3.614,1.69974161305556,3.645,1.69969132138889,3.604
1.70002383694444,3.614,1.70001957833333,3.635,1.69996911305556,3.614
1.70030185916667,3.614,1.70029704388889,3.645,1.70024680388889,3.604
1.70057991055556,3.614,1.70057499777778,3.635,1.7005249275,3.604
1.70085787305556,3.614,1.70085310722222,3.645,1.70080331583333,3.604
1.70113558027778,3.614,1.70113098888889,3.645,1.70108105944444,3.604
1.70141330611111,3.614,1.70140877861111,3.645,1.70135865333333,3.604
1.70169109694444,3.614,1.70168674972222,3.645,1.70163657277778,3.614
1.701969555,3.614,1.70196465194444,3.645,1.70191441722222,3.604
1.70224719333333,3.614,1.70224236222222,3.645,1.70219283972222,3.604
1.70252479055556,3.614,1.7025200375,3.635,1.70247033583333,3.604
1.70280282583333,3.614,1.70279794638889,3.645,1.70274831388889,3.604
1.70308072222222,3.614,1.70307614138889,3.645,1.70302611027778,3.604
1.70335855166667,3.614,1.70335399055556,3.635,1.70330392055556,3.604
1.70363687555556,3.614,1.70363155416667,3.635,1.70358179055556,3.604
1.70391468611111,3.614,1.70390977944444,3.635,1.70385961138889,3.604
1.70419268138889,3.614,1.70418743527778,3.645,1.70413764444444,3.604
1.70447106944444,3.614,1.70446550055556,3.635,1.70441542361111,3.604
1.70474872638889,3.614,1.70474333111111,3.645,1.70469344,3.604
1.7050266125,3.614,1.70502108833333,3.645,1.70497107638889,3.614
1.70530475944444,3.614,1.70529883888889,3.645,1.70524896583333,3.604
1.70558279333333,3.614,1.70557706166667,3.635,1.705526545,3.604
1.7058606275,3.614,1.70585474805556,3.645,1.70580438944444,3.614
1.70613862166667,3.614,1.70613254527778,3.645,1.70608188416667,3.614
1.70641633666667,3.614,1.70641011805556,3.645,1.70636034833333,3.604
1.70669426611111,3.614,1.70668817722222,3.645,1.70663811222222,3.604
1.70697187666667,3.614,1.70696579138889,3.645,1.70691576083333,3.614
1.70724986416667,3.614,1.70724356916667,3.645,1.70719356527778,3.604
1.70752778972222,3.614,1.70752153888889,3.645,1.70747170583333,3.604
1.70780532111111,3.614,1.70779916722222,3.645,1.70774914,3.604
1.70808351055556,3.614,1.70807693361111,3.645,1.70802724805556,3.614
1.70836110083333,3.614,1.70835523333333,3.645,1.70830509138889,3.614
1.70863906055556,3.614,1.70863316944444,3.645,1.7085826625,3.614
1.70891647611111,3.614,1.70891064611111,3.645,1.70886040805556,3.614
1.70919412416667,3.614,1.70918870138889,3.645,1.709138545,3.604
1.70947220277778,3.614,1.70946674444444,3.635,1.70941641833333,3.604
1.70974983138889,3.614,1.70974458777778,3.645,1.70969432416667,3.614
1.71002748888889,3.614,1.71002246916667,3.635,1.70997215361111,3.614
1.71030547305556,3.614,1.71030060944444,3.645,1.71025008361111,3.604
1.71058329583333,3.614,1.71057796111111,3.645,1.7105277875,3.614
1.71086112222222,3.614,1.71085604805556,3.645,1.710805925,3.604
1.71113900833333,3.614,1.71113384055556,3.635,1.71108395694444,3.614
1.71141664,3.614,1.71141190916667,3.645,1.71136177138889,3.614
1.71169459361111,3.614,1.71168996638889,3.645,1.71163966611111,3.614
1.71197239527778,3.614,1.71196783333333,3.645,1.71191755055556,3.614
1.71225020305556,3.614,1.71224527916667,3.645,1.71219534277778,3.614
1.71252842305556,3.614,1.71252324888889,3.645,1.71247305527778,3.614
1.71280624888889,3.614,1.71280105638889,3.635,1.71275074222222,3.614
1.71308428722222,3.614,1.71307875944444,3.645,1.71302888805556,3.614
1.71336194805556,3.614,1.71335666222222,3.645,1.71330667888889,3.614
1.71364001805556,3.614,1.71363459444444,3.645,1.71358428611111,3.614
1.71391790694444,3.614,1.71391260027778,3.645,1.71386226722222,3.614
1.71419564416667,3.614,1.71419069138889,3.645,1.71413966361111,3.614
1.71447365972222,3.614,1.71446808166667,3.645,1.71441789555556,3.614
1.71475154916667,3.614,1.71474629722222,3.645,1.71469565944444,3.614
1.71502958444444,3.614,1.71502401,3.645,1.7149734875,3.614
1.71530765,3.614,1.71530184055556,3.645,1.71525144194444,3.614
1.7155852725,3.614,1.71557981833333,3.645,1.71552924416667,3.614
1.71586314472222,3.614,1.7158574225,3.645,1.71580713916667,3.614
1.71614087916667,3.614,1.71613548027778,3.645,1.71608556388889,3.614
1.71641863,3.614,1.71641357583333,3.645,1.71636327916667,3.614
1.71669670722222,3.614,1.7166914625,3.645,1.71664098777778,3.614
1.71697478111111,3.614,1.71696995833333,3.645,1.7169194725,3.614
1.71725248444444,3.614,1.71724782416667,3.645,1.71719711722222,3.614
1.71753017722222,3.614,1.71752522861111,3.645,1.71747484805556,3.614
1.71780823722222,3.614,1.71780334111111,3.645,1.71775295861111,3.614
1.71808615111111,3.614,1.71808147277778,3.645,1.71803082805556,3.614
1.71836396055556,3.614,1.71835932305556,3.645,1.71830898722222,3.614
1.7186421975,3.614,1.71863705472222,3.645,1.71858669916667,3.614
1.71891986,3.614,1.71891472055556,3.645,1.718864235,3.614
1.71919786555556,3.614,1.71919243027778,3.645,1.71914214388889,3.614
1.71947591583333,3.614,1.71947026583333,3.645,1.71941989527778,3.614
1.71975382,3.614,1.71974826638889,3.645,1.71969767944444,3.614
1.72003153583333,3.614,1.72002643444444,3.645,1.71997562444444,3.614
1.72030931472222,3.614,1.72030425416667,3.645,1.72025327527778,3.614
1.72058726416667,3.614,1.720582045,3.645,1.72053109583333,3.614
1.72086531805556,3.614,1.72085976666667,3.645,1.7208087625,3.614
1.72114318527778,3.614,1.72113784194444,3.645,1.7210865725,3.614
1.72142088694444,3.614,1.72141515277778,3.645,1.72136431083333,3.614
1.72169862861111,3.614,1.72169337916667,3.645,1.72164269805556,3.614
1.72197713611111,3.614,1.72197128388889,3.635,1.72192058194444,3.614
1.72225438166667,3.614,1.72224914805556,3.645,1.7221985675,3.614
1.72253244555556,3.614,1.72252716777778,3.635,1.72247623638889,3.614
1.722810375,3.625,1.72280509416667,3.645,1.72275383388889,3.614
1.72308820055556,3.614,1.72308286166667,3.645,1.72303178944444,3.614
1.72336616222222,3.614,1.72336081111111,3.645,1.72331001111111,3.614
1.72364431694444,3.614,1.72363863638889,3.645,1.72358809944444,3.614
1.72392228694444,3.625,1.72391635805556,3.645,1.72386564944444,3.614
1.72420013388889,3.614,1.72419421916667,3.635,1.72414352472222,3.614
1.72447812472222,3.614,1.72447212638889,3.645,1.72442144305556,3.614
1.72475599583333,3.614,1.7247501075,3.645,1.72469918444444,3.614
1.72503402277778,3.614,1.72502774555556,3.645,1.72497676888889,3.614
1.72531137055556,3.614,1.72530543527778,3.645,1.72525463833333,3.614
1.72558948583333,3.614,1.725583805,3.645,1.72553236666667,3.614
1.72586765694444,3.614,1.72586132666667,3.645,1.72580993666667,3.614
1.726145585,3.614,1.72613912972222,3.645,1.72608832694444,3.614
1.72642406194444,3.625,1.72641690583333,3.645,1.72636609472222,3.614
1.72670136555556,3.625,1.72669511722222,3.645,1.72664373944444,3.614
1.72697956111111,3.614,1.72697277694444,3.645,1.72692161305556,3.614
1.72725765305556,3.614,1.72725124805556,3.645,1.72719971916667,3.614
1.72753521805556,3.614,1.72752858222222,3.645,1.72747745388889,3.614
1.72781331861111,3.625,1.7278062725,3.645,1.72775560388889,3.614
1.72809136083333,3.614,1.72808404583333,3.645,1.72803292888889,3.614
1.728369225,3.625,1.72836227,3.645,1.72831119638889,3.614
1.72864735611111,3.614,1.72863972972222,3.645,1.72858894833333,3.614
1.72892473222222,3.614,1.72891780472222,3.645,1.72886666611111,3.614
1.72920278916667,3.614,1.72919589861111,3.645,1.72914461416667,3.614
1.72948058527778,3.625,1.72947422277778,3.645,1.72942222694444,3.614
1.72975840583333,3.614,1.7297519525,3.645,1.7297,3.614
1.73003635166667,3.614,1.73002986444444,3.635,1.72997799916667,3.614
1.73031448916667,3.614,1.73030722361111,3.645,1.73025608611111,3.614
1.73059232277778,3.625,1.73058526,3.645,1.73053385277778,3.614
1.73087013916667,3.625,1.73086297305556,3.645,1.73081171055556,3.614
1.73114795055556,3.614,1.73114108722222,3.645,1.7310890975,3.614
1.73142569166667,3.625,1.73141921944444,3.645,1.73136742555556,3.614
1.73170398388889,3.625,1.73169660277778,3.645,1.73164531194444,3.614
1.7319816575,3.625,1.73197479388889,3.645,1.73192272305556,3.614
1.73225953305556,3.614,1.73225255277778,3.635,1.73220059555556,3.614
1.73253736527778,3.614,1.73253035111111,3.645,1.73247844861111,3.614
1.73281494222222,3.625,1.73280804527778,3.635,1.73275616722222,3.614
1.7330928,3.625,1.73308588027778,3.645,1.73303385888889,3.614
1.73337056805556,3.625,1.73336330833333,3.645,1.73331177472222,3.614
1.73364873694444,3.625,1.7336415,3.645,1.73358935333333,3.614
1.73392665,3.625,1.73391946388889,3.645,1.73386769333333,3.614
1.73420452527778,3.625,1.73419735277778,3.645,1.73414556166667,3.614
1.73448204138889,3.625,1.7344751925,3.645,1.73442294555556,3.614
1.73475998138889,3.625,1.73475302527778,3.645,1.73470070583333,3.614
1.73503760083333,3.625,1.73503079527778,3.645,1.73497908055556,3.614
1.73531523805556,3.625,1.73530886833333,3.645,1.73525679055556,3.614
1.73559341555556,3.625,1.73558659083333,3.645,1.735534895,3.614
1.73587111722222,3.625,1.7358644275,3.635,1.7358125575,3.614
1.73614900805556,3.625,1.73614211722222,3.635,1.73609064944444,3.614
1.73642720527778,3.625,1.73641987333333,3.645,1.73636792166667,3.614
1.73670494,3.625,1.73669769083333,3.645,1.73664610416667,3.614
1.73698291805556,3.625,1.73697582972222,3.645,1.736923865,3.614
1.73726050916667,3.625,1.73725397361111,3.645,1.73720133333333,3.614
1.73753879527778,3.625,1.73753202361111,3.645,1.73747953444444,3.614
1.737816335,3.625,1.73780968944444,3.645,1.7377574975,3.614
1.73809458361111,3.625,1.7380879075,3.645,1.73803524472222,3.614
1.73837223666667,3.625,1.73836604444444,3.645,1.7383127325,3.614
1.73864997444444,3.625,1.73864383333333,3.645,1.73859091916667,3.614
1.73892777694444,3.625,1.73892178083333,3.645,1.73886854861111,3.625
1.73920569611111,3.625,1.73919971055556,3.645,1.73914625027778,3.614
1.73948346944444,3.625,1.7394775925,3.645,1.73942448694444,3.614
1.73976185527778,3.625,1.73975565055556,3.645,1.73970223111111,3.614
1.74003913888889,3.625,1.74003339277778,3.645,1.73998002222222,3.614
1.74031738638889,3.625,1.740311145,3.645,1.74025772111111,3.614
1.74059508138889,3.625,1.74058894388889,3.645,1.74053553833333,3.614
1.74087282916667,3.625,1.74086674194444,3.645,1.74081397583333,3.614
1.74115063777778,3.625,1.74114415944444,3.645,1.74109185611111,3.614
1.74142833083333,3.625,1.741422655,3.635,1.74136959638889,3.614
1.74170621916667,3.625,1.74170046138889,3.645,1.74164746027778,3.614
1.74198381027778,3.625,1.74197823777778,3.645,1.74192550805556,3.614
1.74226174916667,3.625,1.74225631,3.645,1.74220319666667,3.614
1.74253942611111,3.625,1.7425341475,3.645,1.74248098944444,3.614
1.74281727555556,3.625,1.7428119875,3.635,1.74275922277778,3.614
1.74309515527778,3.625,1.74308967416667,3.645,1.74303695611111,3.614
1.7433731725,3.625,1.74336751083333,3.645,1.74331431777778,3.614
1.7436507825,3.625,1.74364519611111,3.645,1.74359236055556,3.614
1.7439288625,3.625,1.74392294055556,3.635,1.74387008111111,3.625
1.74420698777778,3.625,1.74420057833333,3.645,1.74414807138889,3.625
1.74448460222222,3.625,1.74447829,3.645,1.74442579833333,3.614
1.74476249361111,3.625,1.74475632444444,3.645,1.74470319138889,3.625
1.74504021444444,3.625,1.74503447166667,3.645,1.74498156694444,3.614
1.74531810166667,3.625,1.74531239305556,3.645,1.74525907027778,3.614
1.74559621722222,3.625,1.74558992027778,3.645,1.74553729972222,3.614
1.74587375694444,3.625,1.745867925,3.645,1.74581511,3.625
1.74615176444444,3.625,1.74614581194444,3.645,1.74609299916667,3.614
1.74642961222222,3.625,1.746423445,3.645,1.74637087833333,3.614
1.74670733805556,3.625,1.74670177777778,3.645,1.74664880055556,3.625
1.746985105,3.625,1.74697996388889,3.645,1.74692655805556,3.614
1.74726295694444,3.625,1.74725783361111,3.645,1.74720461333333,3.614
1.74754045555556,3.625,1.74753529694444,3.645,1.74748271111111,3.625
1.74781818722222,3.625,1.74781339916667,3.645,1.74776054305556,3.614
1.74809610777778,3.625,1.74809137527778,3.645,1.74803852305556,3.614
1.74837394111111,3.625,1.74836926194444,3.645,1.74831649722222,3.625
1.74865150361111,3.625,1.74864665277778,3.645,1.74859431361111,3.625
1.74892918722222,3.625,1.74892468305556,3.645,1.748872155,3.614
1.74920759444444,3.625,1.74920215666667,3.645,1.74914969277778,3.614
1.74948495055556,3.625,1.74948036861111,3.645,1.74942772888889,3.625
1.74976317527778,3.625,1.74975836916667,3.645,1.74970513583333,3.614
1.75004095472222,3.625,1.75003604305556,3.645,1.74998301277778,3.614
1.75031879583333,3.625,1.75031363388889,3.645,1.75026095,3.625
1.75059681277778,3.625,1.750591785,3.645,1.75053868666667,3.614
1.75087471027778,3.625,1.75087007277778,3.645,1.75081672666667,3.625
1.75115256416667,3.625,1.75114745055556,3.645,1.75109407861111,3.625
1.75143010888889,3.625,1.75142546694444,3.645,1.75137241333333,3.625
1.751708135,3.625,1.7517034825,3.645,1.75165024583333,3.625
1.75198561333333,3.625,1.75198159083333,3.645,1.75192841916667,3.625
1.75226351527778,3.625,1.75225930916667,3.645,1.75220621333333,3.614
1.75254132805556,3.625,1.75253707694444,3.645,1.75248374305556,3.625
1.75281887777778,3.625,1.75281518111111,3.645,1.75276184805556,3.625
1.75309681055556,3.625,1.75309293027778,3.645,1.75303941583333,3.625
1.75337469,3.625,1.75337055916667,3.645,1.75331753972222,3.625
1.75365255694444,3.625,1.75364863944444,3.645,1.75359486388889,3.625
1.75393035222222,3.625,1.75392640555556,3.645,1.75387288472222,3.614
1.75420836027778,3.625,1.75420401055556,3.645,1.75415076138889,3.614
1.75448616722222,3.625,1.75448191694444,3.645,1.75442853027778,3.625
1.7547639975,3.625,1.75476008361111,3.645,1.75470606055556,3.614
1.75504216916667,3.625,1.75503823805556,3.645,1.75498413611111,3.614
1.75532043777778,3.625,1.75531598777778,3.645,1.75526165027778,3.625
1.75559823916667,3.625,1.75559368111111,3.645,1.75553960388889,3.625
1.755875845,3.625,1.75587159361111,3.645,1.75581748916667,3.614
1.75615383861111,3.625,1.756149725,3.645,1.75609550611111,3.625
1.75643187805556,3.625,1.75642761805556,3.645,1.75637355972222,3.625
1.75670993083333,3.625,1.75670537777778,3.645,1.75665133027778,3.625
1.75698800222222,3.625,1.75698328083333,3.645,1.75692927472222,3.625
1.75726599722222,3.625,1.7572611225,3.645,1.75720692138889,3.625
1.75754384416667,3.625,1.75753907277778,3.645,1.75748429916667,3.625
1.75782157611111,3.625,1.75781727972222,3.645,1.75776233527778,3.625
1.75809948111111,3.625,1.75809524916667,3.645,1.75804060833333,3.625
1.75837718861111,3.625,1.75837292111111,3.645,1.75831816194444,3.614
1.75865527916667,3.625,1.75865091138889,3.645,1.75859616194444,3.625
1.75893250611111,3.625,1.75892822555556,3.645,1.7588738075,3.625
1.75921058972222,3.625,1.75920656972222,3.645,1.7591516475,3.625
1.75948882416667,3.625,1.75948429555556,3.645,1.75942935833333,3.614
1.75976681444444,3.625,1.75976213777778,3.645,1.75970744,3.614
1.76004464166667,3.625,1.76003998916667,3.645,1.75998536194444,3.625
1.76032228138889,3.625,1.76031787361111,3.645,1.76026329694444,3.625
1.76060038444444,3.625,1.76059549888889,3.645,1.76054126527778,3.625
1.76087819694444,3.625,1.76087349777778,3.645,1.76081927583333,3.625
1.76115546916667,3.625,1.76115130472222,3.645,1.7610969225,3.625
1.76143333555556,3.625,1.76142885055556,3.645,1.76137466055556,3.625
1.76171139472222,3.625,1.76170683027778,3.645,1.76165261138889,3.625
1.76198891722222,3.625,1.76198474111111,3.645,1.76193035555556,3.625
1.76226703388889,3.625,1.76226244972222,3.645,1.76220822416667,3.625
1.76254522111111,3.625,1.76254053694444,3.645,1.76248628805556,3.625
1.76282314722222,3.625,1.76281808333333,3.645,1.76276425416667,3.625
1.76310094777778,3.625,1.76309612472222,3.645,1.76304214972222,3.625
1.76337906361111,3.625,1.76337389666667,3.645,1.76332019638889,3.625
1.7636572625,3.625,1.76365211138889,3.645,1.76359825694444,3.614
1.76393497111111,3.625,1.76392970611111,3.645,1.763876185,3.625
1.76421310583333,3.625,1.76420739694444,3.645,1.76415417,3.625
1.76449091638889,3.625,1.76448521916667,3.645,1.76443184055556,3.625
1.76476895222222,3.625,1.76476339055556,3.645,1.76470988416667,3.625
1.76504693916667,3.625,1.76504100388889,3.645,1.76498780555556,3.614
1.76532513777778,3.625,1.7653189325,3.645,1.76526588138889,3.625
1.76560300083333,3.625,1.76559683583333,3.645,1.76554395916667,3.625
1.76588057777778,3.625,1.76587475805556,3.645,1.76582181972222,3.625
1.76615873277778,3.625,1.76615260222222,3.645,1.76609938277778,3.625
1.76643664027778,3.625,1.76643046944444,3.645,1.76637717277778,3.625
1.76671452611111,3.625,1.76670846861111,3.635,1.76665496444444,3.625
1.76699187,3.625,1.76698631194444,3.635,1.76693235472222,3.625
1.76727024888889,3.625,,,1.76721057527778,3.625
1.76754850611111,3.625,,,1.76748819972222,3.625
1.76782626666667,3.625,,,1.7677662675,3.625
1.76810390666667,3.625,,,1.76804412666667,3.625
1.76838159388889,3.625,,,1.76832226277778,3.625
1.76865951888889,3.625,,,1.76860032666667,3.625
1.7689376025,3.625,,,1.76887811555556,3.625
1.76921527833333,3.625,,,1.76915573638889,3.625
1.76949339444444,3.625,,,1.76943364166667,3.625
1.76977077222222,3.625,,,1.76971142722222,3.625
1.77004899416667,3.625,,,1.76998900888889,3.625
1.77032630638889,3.625,,,1.77026691388889,3.625
1.77060421583333,3.625,,,1.77054484388889,3.625
1.77088197861111,3.625,,,1.77082284583333,3.625
1.77115997916667,3.625,,,1.77110069805556,3.625
1.77143774555556,3.625,,,1.77137840694444,3.625
1.7717156775,3.625,,,1.77165640333333,3.625
1.77199325805556,3.625,,,1.77193420583333,3.625
1.77227136916667,3.625,,,1.77221227138889,3.625
1.77254911666667,3.625,,,1.77249025666667,3.625
1.7728272275,3.625,,,1.77276808166667,3.625
1.773105145,3.625,,,1.77304576166667,3.625
1.7733829,3.625,,,1.77332369111111,3.625
1.77366081944444,3.625,,,1.77360138888889,3.625
1.77393881361111,3.625,,,1.77387902472222,3.625
1.77421654111111,3.625,,,1.77415681388889,3.625
1.77449401222222,3.625,,,1.77443521138889,3.625
1.77477207555556,3.625,,,1.77471295972222,3.625
1.775049895,3.625,,,1.77499062555556,3.625
1.77532798222222,3.625,,,1.77526859388889,3.625
1.77560570388889,3.625,,,1.77554599805556,3.625
1.77588344388889,3.625,,,1.77582440611111,3.625
1.77616155777778,3.625,,,1.77610220111111,3.625
1.77643927805556,3.625,,,1.77638012472222,3.625
1.77671768583333,3.625,,,1.77665780527778,3.625
1.77699546694444,3.625,,,1.77693580083333,3.625
1.77727301138889,3.625,,,1.77721375916667,3.625
1.77755095944444,3.625,,,1.77749172666667,3.625
1.77782885194444,3.625,,,1.77776986972222,3.625
1.77810662722222,3.625,,,1.77804763861111,3.625
1.77838470694444,3.625,,,1.77832584138889,3.625
1.77866248027778,3.625,,,1.7786032625,3.625
1.77894029833333,3.625,,,1.77888125194444,3.625
1.77921829888889,3.625,,,1.779159155,3.625
1.7794962825,3.625,,,1.77943669777778,3.625
1.77977414,3.635,,,1.77971480722222,3.625
1.78005192222222,3.625,,,1.77999232694444,3.625
1.78032988083333,3.625,,,1.78027011277778,3.625
1.78060754361111,3.625,,,1.78054802361111,3.625
1.7808859125,3.625,,,1.78082569444444,3.625
1.78116407888889,3.625,,,1.7811038975,3.625
1.78144170027778,3.625,,,1.78138140361111,3.625
1.78171944138889,3.625,,,1.78165954027778,3.625
1.78199717694444,3.625,,,1.78193748027778,3.625
1.78227512805556,3.625,,,1.78221516611111,3.625
1.78255311944444,3.625,,,1.78249329083333,3.625
1.7828307175,3.625,,,1.78277120194444,3.625
1.78310910916667,3.625,,,1.78304891083333,3.625
1.78338688055556,3.635,,,1.78332659555556,3.625
1.78366490388889,3.625,,,1.78360434833333,3.625
1.78394232166667,3.625,,,1.78388266166667,3.625
1.78422012861111,3.625,,,1.78416038277778,3.625
1.7844980525,3.625,,,1.78443827527778,3.625
1.78477624944444,3.625,,,1.78471607583333,3.625
1.78505384361111,3.635,,,1.78499370583333,3.625
1.78533177694444,3.625,,,1.78527137166667,3.625
1.78560987611111,3.625,,,1.78554908111111,3.625
1.7858878375,3.635,,,1.78582722361111,3.625
1.78616552861111,3.635,,,1.78610532972222,3.625
1.78644333194444,3.625,,,1.78638311944444,3.625
1.78672115777778,3.635,,,1.78666118222222,3.625
1.78699872055556,3.625,,,1.78693854611111,3.625
1.78727679222222,3.625,,,1.78721628388889,3.625
1.78755461083333,3.625,,,1.78749406583333,3.625
1.7878322725,3.625,,,1.787772215,3.625
1.78811010666667,3.625,,,1.78804986166667,3.625
1.78838805472222,3.635,,,1.78832800277778,3.625
1.78866571916667,3.635,,,1.78860587083333,3.625
1.78894356055556,3.625,,,1.78888347861111,3.625
1.78922141777778,3.625,,,1.78916123638889,3.625
1.78949898583333,3.635,,,1.78943880361111,3.625
1.78977706305556,3.625,,,1.78971705583333,3.625
1.79005473444444,3.625,,,1.78999512361111,3.625
1.79033273638889,3.625,,,1.79027314,3.625
1.79061062388889,3.625,,,1.79055099,3.625
1.79088827805556,3.625,,,1.79082890472222,3.625
1.79116610777778,3.635,,,1.79110657888889,3.625
1.791444325,3.625,,,1.79138469055556,3.625
1.79172206277778,3.625,,,1.79166237388889,3.625
1.79200043333333,3.625,,,1.79194059916667,3.625
1.79227772,3.625,,,1.79221794472222,3.625
1.79255617305556,3.625,,,1.79249648083333,3.625
1.79283433083333,3.625,,,1.79277402277778,3.625
1.79311163611111,3.635,,,1.793051865,3.625
1.79338982277778,3.625,,,1.79332969,3.625
1.793667935,3.635,,,1.79360710888889,3.625
1.79394574166667,3.625,,,1.79388537138889,3.625
1.79422307666667,3.625,,,1.79416327027778,3.625
1.79450155722222,3.625,,,1.79444160083333,3.625
1.79477926666667,3.635,,,1.79471932027778,3.625
1.79505740777778,3.625,,,1.79499728277778,3.625
1.79533506777778,3.625,,,1.79527502583333,3.625
1.79561277944444,3.635,,,1.79555274972222,3.625
1.79589064972222,3.635,,,1.79583049444444,3.625
1.79616829,3.635,,,1.7961086525,3.625
1.79644603888889,3.625,,,1.79638662527778,3.625
1.79672380638889,3.625,,,1.79666446305556,3.625
1.79700168722222,3.625,,,1.79694263472222,3.625
1.7972796275,3.635,,,1.79722021361111,3.625
1.79755779472222,3.635,,,1.79749818722222,3.625
1.79783565666667,3.635,,,1.79777578666667,3.625
1.79811336805556,3.625,,,1.79805365694444,3.625
1.79839126333333,3.625,,,1.7983317725,3.625
1.79866898777778,3.625,,,1.79860902194444,3.625
1.79894735944444,3.625,,,1.79888720138889,3.625
1.79922472305556,3.635,,,1.79916553444444,3.625
1.79950294444444,3.635,,,1.79944322972222,3.625
1.79978081,3.625,,,1.79972136138889,3.625
1.8000583,3.635,,,1.79999904194444,3.625
1.80033649416667,3.635,,,1.80027708833333,3.635
1.80061397777778,3.635,,,1.80055495027778,3.625
1.80089162583333,3.635,,,1.80083310138889,3.635
1.80116989583333,3.635,,,1.8011109025,3.625
1.80144790333333,3.625,,,1.80138854277778,3.625
1.80172528861111,3.625,,,1.80166648694444,3.625
1.80200336527778,3.635,,,1.80194431888889,3.625
1.80228131083333,3.625,,,1.8022221425,3.625
1.80255953166667,3.625,,,1.80250026583333,3.625
1.80283719083333,3.635,,,1.80277844444444,3.625
1.80311497805556,3.625,,,1.80305605305556,3.625
1.80339285611111,3.625,,,1.80333370861111,3.625
1.80367023527778,3.635,,,1.80361157333333,3.625
1.8039480725,3.625,,,1.80388927388889,3.635
1.80422650805556,3.635,,,1.80416715083333,3.625
1.80450428361111,3.635,,,1.80444483055556,3.625
1.80478223722222,3.635,,,1.80472246166667,3.625
1.8050600825,3.635,,,1.80500068888889,3.625
1.80533825138889,3.635,,,1.80527795555556,3.625
1.80561600027778,3.635,,,1.80555621833333,3.625
1.80589391611111,3.625,,,1.80583374611111,3.625
1.80617211472222,3.635,,,1.80611204111111,3.625
1.80645002166667,3.635,,,1.80638963805556,3.625
1.80672805055556,3.635,,,1.80666738583333,3.625
1.80700605472222,3.635,,,1.80694493361111,3.625
1.80728398583333,3.635,,,1.80722308611111,3.625
1.80756181472222,3.625,,,1.80750043833333,3.625
1.80783952333333,3.635,,,1.80777817777778,3.625
1.80811722333333,3.635,,,1.80805627916667,3.635
1.808395275,3.635,,,1.80833412444444,3.625
1.80867330555556,3.635,,,1.80861152583333,3.635
1.80895087944444,3.625,,,1.80888933194444,3.635
1.80922879861111,3.635,,,1.80916746638889,3.625
1.80950638111111,3.635,,,1.80944525111111,3.625
1.80978438805556,3.635,,,1.80972298805556,3.625
1.81006226305556,3.625,,,1.8100009575,3.625
1.81034037166667,3.635,,,1.81027864611111,3.625
1.81061823777778,3.635,,,1.81055682916667,3.625
1.81089585527778,3.635,,,1.81083455194444,3.625
1.81117407055556,3.635,,,1.811112505,3.625
1.81145200694444,3.635,,,1.81139032972222,3.625
1.8117299425,3.625,,,1.81166836916667,3.625
1.81200783833333,3.635,,,1.81194610444444,3.625
1.81228560222222,3.635,,,1.8122238525,3.625
1.81256332638889,3.635,,,1.81250168833333,3.625
1.81284125027778,3.635,,,1.81277926555556,3.625
1.81311889666667,3.635,,,1.8130571675,3.625
1.81339701972222,3.635,,,1.81333518444444,3.625
1.81367479805556,3.635,,,1.81361340194444,3.635
1.81395264805556,3.635,,,1.81389097638889,3.625
1.81423063305556,3.635,,,1.81416901833333,3.625
1.81450844111111,3.635,,,1.81444646805556,3.635
1.81478684527778,3.635,,,1.81472434805556,3.635
1.81506458861111,3.635,,,1.81500234944444,3.625
1.81534260083333,3.635,,,1.81528001722222,3.635
1.81562023111111,3.635,,,1.81555797055556,3.625
1.81589841916667,3.635,,,1.81583598083333,3.635
1.8161760725,3.635,,,1.81611422055556,3.625
1.81645398916667,3.635,,,1.81639178694444,3.625
1.81673190361111,3.635,,,1.81666970138889,3.635
1.81700984027778,3.635,,,1.81694760861111,3.635
1.81728761972222,3.625,,,1.81722543361111,3.625
1.81756508027778,3.635,,,1.81750334805556,3.635
1.81784332027778,3.635,,,1.81778081055556,3.635
1.81812096277778,3.635,,,1.81805901888889,3.635
1.81839899583333,3.635,,,1.81833660916667,3.635
1.81867688472222,3.635,,,1.81861434805556,3.635
1.81895438333333,3.625,,,1.81889257972222,3.635
1.81923232861111,3.635,,,1.81917012361111,3.625
1.81951036583333,3.625,,,1.81944835861111,3.625
1.81978789222222,3.635,,,1.81972648472222,3.635
1.82006593472222,3.635,,,1.82000418805556,3.635
1.82034369,3.635,,,1.8202824125,3.635
1.82062140805556,3.635,,,1.82056029361111,3.625
1.82089980916667,3.635,,,1.82083802527778,3.635
1.82117752027778,3.635,,,1.82111616722222,3.635
1.82145562138889,3.635,,,1.82139435194444,3.625
1.82173322083333,3.635,,,1.82167212388889,3.625
1.82201115194444,3.635,,,1.82194986805556,3.625
1.82228926916667,3.635,,,1.82222740416667,3.635
1.82256687972222,3.635,,,1.82250512361111,3.625
1.82284457472222,3.635,,,1.82278350666667,3.635
1.82312295,3.635,,,1.82306141277778,3.635
1.82340037777778,3.635,,,1.82333919916667,3.635
1.82367841388889,3.635,,,1.82361664944444,3.635
1.82395612472222,3.635,,,1.82389502305556,3.625
1.82423395222222,3.635,,,1.82417274833333,3.635
1.82451160972222,3.635,,,1.82445052388889,3.635
1.82478973055556,3.635,,,1.82472793777778,3.635
1.82506743361111,3.635,,,1.825006215,3.625
1.82534517861111,3.635,,,1.82528380944444,3.625
1.82562327916667,3.635,,,1.82556170916667,3.635
1.82590119833333,3.635,,,1.82583931333333,3.635
1.82617894138889,3.635,,,1.82611681916667,3.635
1.82645701166667,3.635,,,1.8263950025,3.635
1.82673538527778,3.635,,,1.82667273138889,3.635
1.82701269611111,3.635,,,1.82695061888889,3.635
1.82729074555556,3.635,,,1.82722846166667,3.635
1.82756849611111,3.635,,,1.82750654805556,3.635
1.82784655277778,3.635,,,1.82778452027778,3.635
1.82812448611111,3.635,,,1.82806252166667,3.635
1.8284025775,3.635,,,1.82834020277778,3.625
1.82867998055556,3.635,,,1.82861806194444,3.625
1.82895771722222,3.635,,,1.82889570222222,3.635
1.82923598638889,3.635,,,1.82917347555556,3.625
1.82951428666667,3.635,,,1.82945161138889,3.635
1.829791895,3.635,,,1.82972937194444,3.635
1.83007008361111,3.635,,,1.83000722472222,3.635
1.8303479475,3.635,,,1.83028498583333,3.635
1.830625855,3.635,,,1.83056274361111,3.635
1.83090382583333,3.635,,,1.83084088888889,3.635
1.83118164888889,3.635,,,1.83111847138889,3.635
1.8314596325,3.635,,,1.83139630638889,3.625
1.83173776361111,3.635,,,1.83167380666667,3.635
1.83201561166667,3.635,,,1.83195232333333,3.635
1.83229347527778,3.635,,,1.83223008055556,3.635
1.83257146472222,3.635,,,1.83250807222222,3.635
1.83284928194444,3.635,,,1.83278593333333,3.635
1.83312689194444,3.635,,,1.83306350527778,3.635
1.83340506555556,3.635,,,1.83334138333333,3.635
1.83368275805556,3.635,,,1.833619155,3.635
1.833960505,3.635,,,1.8338971825,3.635
1.83423879277778,3.635,,,1.83417482333333,3.635
1.83451675111111,3.635,,,1.83445288694444,3.635
1.834795045,3.635,,,1.83473083333333,3.635
1.83507263833333,3.635,,,1.83500879527778,3.635
1.83535068,3.635,,,1.83528702888889,3.635
1.83562897583333,3.635,,,1.83556509,3.635
1.83590674111111,3.635,,,1.83584288861111,3.635
1.8361845225,3.635,,,1.83612059333333,3.635
1.83646260166667,3.635,,,1.83639861666667,3.635
1.83674039583333,3.635,,,1.836676685,3.635
1.837018275,3.635,,,1.8369546175,3.635
1.83729593388889,3.635,,,1.83723271277778,3.635
1.83757407583333,3.635,,,1.83751068805556,3.635
1.83785177277778,3.635,,,1.83778852333333,3.635
1.83812990916667,3.635,,,1.83806628722222,3.635
1.83840763972222,3.635,,,1.83834402972222,3.635
1.83868558944444,3.635,,,1.83862199194444,3.635
1.83896343,3.635,,,1.83889989138889,3.635
1.83924108,3.635,,,1.83917795722222,3.625
1.83951916472222,3.635,,,1.839455505,3.635
1.83979755444444,3.635,,,1.83973372333333,3.635
1.8400757375,3.635,,,1.84001144222222,3.625
1.84035347861111,3.635,,,1.84028892277778,3.635
1.84063159111111,3.635,,,1.84056690583333,3.635
1.84090940888889,3.635,,,1.84084495916667,3.635
1.84118745361111,3.635,,,1.84112315,3.635
1.84146585333333,3.635,,,1.84140078138889,3.635
1.84174353805556,3.635,,,1.84167826138889,3.635
1.84202178666667,3.635,,,1.84195646222222,3.635
1.84229941694444,3.635,,,1.84223433,3.635
1.84257754944444,3.635,,,1.84251256472222,3.635
1.842855495,3.635,,,1.84279014805556,3.635
1.84313346555556,3.635,,,1.84306818472222,3.635
1.84341142777778,3.635,,,1.84334542555556,3.635
1.84368910222222,3.635,,,1.84362353111111,3.635
1.84396682805556,3.635,,,1.84390123,3.635
1.844245105,3.635,,,1.84417894472222,3.635
1.84452268638889,3.635,,,1.84445658277778,3.635
1.84480071361111,3.635,,,1.84473470944444,3.635
1.84507869888889,3.635,,,1.84501251527778,3.635
1.84535610805556,3.635,,,1.84529047166667,3.625
1.8456338425,3.635,,,1.8455683075,3.625
1.84591212888889,3.635
1.84618996805556,3.635
1.84646778694444,3.635
1.84674597138889,3.635
1.8470239325,3.635
1.84730194055556,3.635
1.847579895,3.635
1.84785743805556,3.635
1.84813508805556,3.635
1.848413195,3.635
1.84869076944444,3.635
1.84896906111111,3.635
1.84924693833333,3.635
1.849524825,3.635
1.84980270472222,3.635
1.850080215,3.635
1.85035845166667,3.635
1.85063641722222,3.635
1.8509142275,3.635
1.85119186611111,3.635
1.85147009444444,3.635
1.85174781444444,3.635
1.85202595222222,3.635
1.852303705,3.635
1.8525814975,3.635
1.85285954166667,3.635
1.85313726472222,3.635
1.85341482055556,3.635
1.85369287111111,3.635
1.85397092944444,3.635
1.85424859888889,3.635
1.85452658888889,3.635
1.85480478833333,3.635
1.85508225,3.635
1.85536073666667,3.635
1.85563873583333,3.635
1.85591660722222,3.635
1.85619489583333,3.635
1.85647261138889,3.635
1.85675030833333,3.635
1.85702835944444,3.635
1.85730623916667,3.635
1.85758460916667,3.635
1.85786234194444,3.635
1.85814002111111,3.635
1.85841799055556,3.635
1.8586956725,3.635
1.85897362944444,3.635
1.859251355,3.635
1.85952909527778,3.635
1.85980723972222,3.635
1.86008504388889,3.635
1.86036284277778,3.635
1.86064084,3.635
1.86091844527778,3.635
1.86119631916667,3.635
1.86147447166667,3.635
1.86175267138889,3.635
1.86203034,3.635
1.86230819833333,3.635
1.86258614277778,3.635
1.86286401166667,3.635
1.86314193555556,3.635
1.86341996444444,3.635
1.86369759916667,3.635
1.86397553916667,3.635
1.86425344972222,3.635
1.86453101583333,3.635
1.86480867027778,3.635
1.86508635277778,3.635
1.8653645425,3.635
1.86564196666667,3.635
1.865919785,3.635
1.86619779944444,3.635
1.86647588916667,3.635
1.8667539875,3.635
1.86703181944444,3.635
1.86730978416667,3.635
1.8675875625,3.635
1.8678656575,3.645
1.86814347416667,3.635
1.86842141194444,3.645
1.86869898333333,3.635
1.868976815,3.635
1.869254595,3.635
1.86953233472222,3.635
1.86981072888889,3.635
1.87008814277778,3.635
1.87036587388889,3.635
1.87064401194444,3.635
1.8709218525,3.635
1.87119982222222,3.635
1.8714776375,3.635
1.87175539361111,3.635
1.8720332825,3.635
1.87231114305556,3.635
1.8725890775,3.635
1.87286685972222,3.635
1.87314474611111,3.635
1.87342243861111,3.635
1.87370029083333,3.635
1.87397783083333,3.635
1.87425578166667,3.635
1.87453377027778,3.635
1.87481142638889,3.645
1.87508912583333,3.635
1.87536758694444,3.635
1.87564533888889,3.635
1.87592312666667,3.635
1.87620062583333,3.635
1.87647875611111,3.635
1.87675651777778,3.635
1.87703433805556,3.635
1.87731210833333,3.635
1.87759003388889,3.645
1.87786792583333,3.635
1.87814565166667,3.635
1.87842368138889,3.635
1.87870163027778,3.635
1.87897924388889,3.635
1.87925735166667,3.635
1.87953502527778,3.635
1.87981261277778,3.635
1.88009050166667,3.635
1.88036865555556,3.635
1.88064662472222,3.635
1.88092464222222,3.645
1.88120237388889,3.635
1.88148023472222,3.635
1.88175810611111,3.635
1.88203623222222,3.635
1.88231377083333,3.635
1.88259177916667,3.645
1.88286974972222,3.635
1.88314761277778,3.645
1.88342548777778,3.635
1.88370334083333,3.635
1.88398106083333,3.635
1.88425892166667,3.635
1.88453656555556,3.635
1.88481426138889,3.635
1.88509216611111,3.635
1.88537002444444,3.635
1.88564786833333,3.635
1.88592561638889,3.635
1.88620335222222,3.635
1.88648199416667,3.635
1.88675939111111,3.635
1.88703729583333,3.635
1.88731521305556,3.635
1.88759297305556,3.645
1.88787099944444,3.635
1.88814902666667,3.635
1.88842687611111,3.635
1.88870494055556,3.635
1.88898291083333,3.635
1.88926049444444,3.635
1.88953850694444,3.635
1.88981634861111,3.635
1.89009388222222,3.635
1.89037193416667,3.635
1.89064954666667,3.645
1.89092738416667,3.635
1.89120531722222,3.645
1.89148309388889,3.635
1.89176077166667,3.635
1.89203884194444,3.635
1.89231673805556,3.635
1.89259484833333,3.635
1.89287290111111,3.635
1.89315029138889,3.645
1.89342817138889,3.635
1.89370619083333,3.635
1.89398388361111,3.635
1.89426205805556,3.635
1.89454016777778,3.635
1.89481769888889,3.645
1.89509575888889,3.635
1.895373605,3.645
1.89565152583333,3.635
1.8959288075,3.635
1.89620712694444,3.635
1.89648510222222,3.635
1.89676284555556,3.635
1.89704062027778,3.635
1.8973180375,3.635
1.8975962525,3.635
1.89787386777778,3.635
1.89815192166667,3.635
1.8984296025,3.635
1.89870726055556,3.635
1.89898506722222,3.635
1.89926350555556,3.635
1.89954126861111,3.645
1.89981910611111,3.645
1.90009691055556,3.635
1.90037447555556,3.635
1.90065283916667,3.635
1.90093071166667,3.635
1.90120877277778,3.635
1.90148632527778,3.635
1.90176443833333,3.635
1.90204209333333,3.635
1.90232002944444,3.645
1.90259786805556,3.635
1.90287578055556,3.635
1.90315364222222,3.635
1.90343164277778,3.635
1.90370943305556,3.635
1.90398757166667,3.635
1.90426562166667,3.635
1.90454329722222,3.635
1.90482138055556,3.635
1.90509974277778,3.635
1.90537718805556,3.645
1.90565535527778,3.645
1.90593317888889,3.635
1.906211085,3.645
1.90648855361111,3.635
1.90676669111111,3.635
1.90704435194444,3.635
1.907322165,3.635
1.90760039694444,3.645
1.90787823333333,3.645
1.9081556475,3.635
1.90843368611111,3.645
1.90871168666667,3.635
1.90898958166667,3.635
1.90926738722222,3.635
1.90954515027778,3.635
1.9098227325,3.635
1.91010089472222,3.635
1.91037829333333,3.635
1.91065647277778,3.635
1.91093459416667,3.645
1.91121235777778,3.645
1.91148998861111,3.645
1.91176812694444,3.645
1.91204628138889,3.645
1.91232387944444,3.635
1.91260213333333,3.645
1.91287965861111,3.635
1.91315741833333,3.635
1.91343526027778,3.635
1.91371337583333,3.635
1.91399137222222,3.645
1.91426932805556,3.635
1.9145472875,3.645
1.91482492,3.635
1.91510276833333,3.645
1.91538061194444,3.635
1.915658385,3.635
1.91593643666667,3.635
1.91621414416667,3.645
1.91649231361111,3.635
1.9167705375,3.645
1.91704841166667,3.645
1.91732601944444,3.645
1.91760388666667,3.635
1.91788158138889,3.645
1.91815925777778,3.645
1.91843730916667,3.635
1.91871479527778,3.645
1.91899264722222,3.645
1.91927066055556,3.645
1.91954816861111,3.635
1.91982649055556,3.635
1.92010425555556,3.635
1.9203820375,3.635
1.92065946333333,3.635
1.9209374375,3.635
1.92121544944444,3.635
1.92149308861111,3.635
1.92177092194444,3.635
1.9220487825,3.635
1.92232650555556,3.635
1.92260412111111,3.635
1.92288197472222,3.645
1.92315976333333,3.645
1.92343742805556,3.635
1.923715025,3.645
1.9239931375,3.645
1.92427078722222,3.645
1.92454874861111,3.635
1.92482657388889,3.635
1.92510421944444,3.645
1.92538239277778,3.635
1.92566047222222,3.635
1.92593816305556,3.635
1.92621619833333,3.645
1.92649415055556,3.645
1.9267719325,3.635
1.92704941444444,3.645
1.92732793888889,3.645
1.92760583611111,3.635
1.92788388277778,3.635
1.92816179222222,3.635
1.9284393825,3.645
1.92871737611111,3.645
1.92899465083333,3.635
1.92927317222222,3.645
1.92955115694444,3.635
1.92982891583333,3.645
1.93010657972222,3.645
1.93038471361111,3.635
1.930662415,3.635
1.93094065111111,3.645
1.93121805722222,3.645
1.93149577722222,3.645
1.93177353833333,3.645
1.93205173444444,3.635
1.93232974888889,3.635
1.93260728888889,3.645
1.93288500888889,3.645
1.93316348194444,3.645
1.93344092833333,3.645
1.93371916416667,3.645
1.93399649611111,3.645
1.93427476555556,3.645
1.93455248027778,3.635
1.93482997138889,3.635
1.93510821638889,3.645
1.93538608722222,3.645
1.93566386694444,3.645
1.93594176527778,3.635
1.93621938305556,3.645
1.93649777416667,3.645
1.93677549611111,3.635
1.93705370805556,3.645
1.93733144333333,3.635
1.93760884777778,3.645
1.93788661388889,3.635
1.9381649425,3.645
1.93844248944444,3.645
1.93872072638889,3.645
1.93899846611111,3.645
1.93927653472222,3.635
1.93955423194444,3.645
1.93983236611111,3.635
1.94011026361111,3.645
1.94038809333333,3.635
1.94066582694444,3.645
1.94094405694444,3.635
1.94122165861111,3.645
1.94149940916667,3.635
1.94177725638889,3.635
1.94205480583333,3.645
1.94233324472222,3.635
1.94261090833333,3.635
1.94288902611111,3.635
1.94316664194444,3.645
1.94344433805556,3.635
1.94372222638889,3.645
1.94399997583333,3.645
1.94427811583333,3.645
1.94455565666667,3.645
1.94483367027778,3.645
1.9451111,3.635
1.94538953833333,3.645
1.94566728166667,3.635
1.9459451125,3.645
1.94622294277778,3.635
1.94650093,3.635
1.94677876333333,3.635
1.94705655111111,3.645
1.94733451138889,3.645
1.94761217166667,3.645
1.94788985694444,3.645
1.94816793583333,3.635
1.94844590666667,3.635
1.9487237075,3.645
1.9490017125,3.645
1.94927943805556,3.645
1.94955716444444,3.645
1.94983515694444,3.645
1.95011312722222,3.635
1.95039080388889,3.645
1.95066830361111,3.645
1.95094679277778,3.645
1.95122454361111,3.645
1.95150251166667,3.645
1.95178059722222,3.635
1.95205830944444,3.645
1.95233626472222,3.635
1.95261405083333,3.645
1.95289200638889,3.645
1.95316976722222,3.635
1.953447485,3.645
1.95372567555556,3.645
1.95400359583333,3.645
1.95428176138889,3.645
1.95455909527778,3.645
1.95483758833333,3.635
1.95511551833333,3.635
1.95539350861111,3.635
1.95567117666667,3.645
1.955949165,3.635
1.95622704583333,3.645
1.95650503611111,3.635
1.9567832475,3.645
1.95706053916667,3.635
1.95733867722222,3.635
1.95761684166667,3.645
1.95789436194444,3.645
1.95817234277778,3.645
1.95845044666667,3.645
1.95872816388889,3.635
1.95900599694444,3.635
1.95928398694444,3.645
1.95956166888889,3.645
1.95983920388889,3.645
1.96011761694444,3.645
1.96039564333333,3.645
1.96067353277778,3.635
1.96095148027778,3.635
1.96122942027778,3.645
1.96150755861111,3.645
1.96178511277778,3.635
1.96206333333333,3.645
1.96234116666667,3.635
1.96261876694444,3.645
1.96289685333333,3.645
1.96317457416667,3.635
1.963452185,3.635
1.96373026777778,3.645
1.96400802611111,3.645
1.96428566194444,3.645
1.96456361833333,3.645
1.96484139916667,3.645
1.96511926444444,3.645
1.96539733194444,3.645
1.96567493666667,3.645
1.9659528525,3.635
1.96623068694444,3.635
1.96650805,3.645
1.96678585222222,3.635
1.96706383666667,3.645
1.96734168138889,3.645
1.96761958777778,3.635
1.96789740277778,3.645
1.9681753075,3.645
1.96845327444444,3.645
1.96873084611111,3.645
1.96900904305556,3.645
1.96928658027778,3.645
1.96956455944444,3.645
1.96984222444444,3.645
1.97012037611111,3.645
1.97039799555556,3.645
1.97067619277778,3.645
1.97095364861111,3.645
1.97123216111111,3.645
1.97151008555556,3.635
1.97178769972222,3.645
1.9720659025,3.645
1.97234342333333,3.645
1.97262131805556,3.645
1.97289946972222,3.645
1.97317721138889,3.645
1.97345498833333,3.645
1.97373310916667,3.645
1.97401118,3.645
1.9742887275,3.645
1.97456708277778,3.635
1.97484523361111,3.645
1.97512328222222,3.645
1.97540110388889,3.635
