Timestamp_1 [h],BATT_010_CC1 [V],Timestamp_2 [h],BATT_010_CC2 [V],Timestamp_3 [h],BATT_010_CC3 [V]
0,3.156,0,1.454,0,2.911
0.000215455555555556,3.156,0.000275623611111111,1.332,0.000276303611111111,2.911
0.00049316,3.156,0.000553279444444444,1.311,0.000554040833333333,2.911
0.000771092222222222,3.156,0.000831104166666667,1.311,0.000832027777777778,2.911
0.00104865388888889,3.156,0.00110889555555556,1.332,0.00110994361111111,3.033
0.00132659305555556,3.247,0.00138667833333333,1.332,0.00138741694444444,3.054
0.00160403527777778,3.258,0.00166457916666667,1.332,0.00166561305555556,3.054
0.00188200277777778,3.268,0.00194205,1.403,0.00194373555555556,3.064
0.00215985194444444,3.278,0.00221989527777778,1.332,0.00222137416666667,3.074
0.00243770972222222,3.278,0.00249814444444444,1.322,0.00249880527777778,3.074
0.00271550833333333,3.288,0.00277574416666667,1.322,0.00277690611111111,3.084
0.00299357722222222,3.288,0.00305417388888889,1.311,0.00305511611111111,3.084
0.00327092805555556,3.288,0.00333212472222222,1.393,0.00333276972222222,3.084
0.00354917972222222,3.298,0.00360981166666667,1.403,0.00361086194444444,3.095
0.00382707527777778,3.298,0.00388773944444444,1.311,0.0038887025,3.105
0.00410549944444444,3.298,0.00416565444444444,1.301,0.00416628833333333,3.105
0.00438326388888889,3.309,0.00444339472222222,1.301,0.00444382083333333,3.105
0.00466092805555555,3.298,0.00472150027777778,1.322,0.00472232333333333,3.105
0.00493843527777778,3.309,0.00499888916666667,1.322,0.00500003777777778,3.115
0.005216915,3.309,0.00527716416666667,1.322,0.00527783555555556,3.115
0.00549474305555556,3.309,0.00555483194444445,1.322,0.00555575222222222,3.125
0.00577268611111111,3.309,0.00583288805555556,1.311,0.00583343611111111,3.125
0.00605033527777778,3.309,0.00611084805555556,1.311,0.006111575,3.125
0.00632801527777778,3.309,0.00638862444444444,1.301,0.00638965972222222,3.125
0.00660608194444444,3.319,0.00666633083333333,1.311,0.00666748277777778,3.135
0.00688384333333333,3.319,0.00694432166666667,1.322,0.00694528583333333,3.135
0.007161435,3.319,0.00722203916666667,1.332,0.00722297055555556,3.135
0.00743937694444444,3.319,0.00750002194444444,1.332,0.007501165,3.146
0.0077169475,3.319,0.00777787833333333,1.342,0.0077792775,3.146
0.00799484277777778,3.319,0.00805565638888889,1.383,0.0080568975,3.146
0.00827232333333333,3.319,0.00833304944444445,1.362,0.00833495277777778,3.146
0.00855056277777778,3.319,0.00861121583333333,1.403,0.00861285722222222,3.156
0.00882835333333333,3.319,0.00888889,1.423,0.00889091611111111,3.156
0.00910657388888889,3.329,0.00916721833333333,1.454,0.00916925861111111,3.156
0.00938428916666667,3.319,0.00944523916666667,1.474,0.00944761277777778,3.156
0.00966201805555556,3.319,0.00972293611111111,1.474,0.00972524972222222,3.166
0.00993992611111111,3.329,0.0100007977777778,1.485,0.0100030577777778,3.166
0.0102176777777778,3.329,0.0102786869444444,1.485,0.0102808113888889,3.166
0.0104958125,3.329,0.0105564052777778,1.495,0.0105586030555556,3.166
0.0107737144444444,3.329,0.0108342163888889,1.505,0.0108364808333333,3.166
0.01105161,3.329,0.0111119919444444,1.495,0.0111140605555556,3.166
0.0113291947222222,3.329,0.0113901913888889,1.495,0.0113923633333333,3.176
0.0116071686111111,3.329,0.0116684880555556,1.495,0.0116700488888889,3.176
0.0118847188888889,3.329,0.0119460558333333,1.495,0.0119478125,3.176
0.0121623827777778,3.329,0.0122239097222222,1.495,0.0122253680555556,3.176
0.0124403138888889,3.339,0.0125017380555556,1.495,0.0125029697222222,3.186
0.0127183883333333,3.339,0.0127794716666667,2.911,0.0127808436111111,3.186
0.0129961397222222,3.339,0.0130573633333333,2.911,0.0130591133333333,3.186
0.0132740819444444,3.339,0.0133351488888889,2.911,0.0133370586111111,3.186
0.0135519633333333,3.339,0.0136127038888889,2.911,0.0136148308333333,3.197
0.013830175,3.339,0.0138910116666667,2.911,0.0138924122222222,3.197
0.0141081088888889,3.339,0.0141689969444444,2.911,0.0141705375,3.197
0.0143859680555556,3.339,0.0144469613888889,2.911,0.0144482597222222,3.197
0.0146639558333333,3.339,0.0147249813888889,2.911,0.0147259275,3.197
0.0149417188888889,3.339,0.0150031633333333,2.911,0.0150039147222222,3.207
0.0152194861111111,3.339,0.0152807413888889,2.911,0.0152816005555556,3.207
0.015497345,3.339,0.015558705,2.911,0.0155593669444444,3.207
0.0157753222222222,3.339,0.0158364405555556,2.911,0.0158375819444444,3.207
0.0160535433333333,3.339,0.0161140836111111,2.911,0.0161152863888889,3.217
0.0163314597222222,3.339,0.0163917166666667,3.033,0.0163930030555556,3.217
0.0166094719444444,3.339,0.0166696633333333,3.044,0.0166711338888889,3.217
0.0168871163888889,3.339,0.0169471463888889,3.054,0.0169490933333333,3.217
0.0171652686111111,3.339,0.0172254538888889,3.064,0.0172267816666667,3.217
0.0174433505555556,3.339,0.0175029838888889,3.064,0.0175046672222222,3.217
0.0177216144444444,3.339,0.0177807436111111,3.074,0.0177826036111111,3.217
0.0179994508333333,3.339,0.0180587391666667,3.074,0.0180605666666667,3.227
0.0182769280555556,3.339,0.0183366058333333,3.084,0.0183384247222222,3.217
0.0185548613888889,3.339,0.0186143483333333,3.084,0.0186164938888889,3.227
0.0188327813888889,3.339,0.0188923013888889,3.095,0.0188938580555556,3.227
0.0191106041666667,3.339,0.0191701113888889,3.095,0.0191722880555556,3.237
0.0193887111111111,3.339,0.0194479969444444,3.095,0.01945018,3.227
0.0196665063888889,3.349,0.0197261844444444,3.105,0.0197277088888889,3.237
0.0199446497222222,3.349,0.0200042611111111,3.105,0.0200061791666667,3.237
0.0202225233333333,3.339,0.0202820677777778,3.105,0.0202840688888889,3.237
0.0205004113888889,3.339,0.0205597508333333,3.115,0.0205620341666667,3.237
0.0207783166666667,3.349,0.0208376516666667,3.115,0.0208396533333333,3.237
0.0210564025,3.349,0.0211155325,3.125,0.0211178894444444,3.237
0.02133373,3.349,0.0213935369444444,3.125,0.0213955163888889,3.247
0.0216122691666667,3.339,0.0216715394444444,3.125,0.0216733466666667,3.247
0.0218902972222222,3.349,0.0219492761111111,3.125,0.0219508136111111,3.247
0.0221683491666667,3.349,0.0222273213888889,3.135,0.0222286283333333,3.247
0.0224460325,3.349,0.0225051169444444,3.135,0.0225067811111111,3.247
0.0227236788888889,3.349,0.0227831422222222,3.135,0.0227843777777778,3.258
0.0230014819444444,3.349,0.0230607880555556,3.146,0.02306234,3.247
0.0232791033333333,3.349,0.0233386147222222,3.146,0.0233402444444444,3.247
0.0235572525,3.349,0.0236164205555556,3.146,0.0236181683333333,3.258
0.0238350536111111,3.349,0.02389411,3.156,0.0238958622222222,3.258
0.0241133655555556,3.349,0.0241723644444444,3.156,0.0241739280555556,3.258
0.0243910602777778,3.349,0.0244499091666667,3.156,0.0244516516666667,3.258
0.0246689111111111,3.349,0.0247277108333333,3.156,0.0247297872222222,3.258
0.0249467663888889,3.349,0.0250053763888889,3.166,0.0250074597222222,3.258
0.0252247180555556,3.349,0.0252837225,3.166,0.0252852775,3.258
0.0255023519444444,3.349,0.0255616180555556,3.166,0.0255629430555556,3.268
0.0257805286111111,3.349,0.0258396013888889,3.166,0.0258410130555556,3.258
0.0260585994444444,3.349,0.0261176419444444,3.166,0.0261189333333333,3.258
0.0263363386111111,3.349,0.0263951438888889,3.176,0.0263966491666667,3.268
0.0266142583333333,3.349,0.0266731080555556,3.176,0.0266743258333333,3.268
0.0268920277777778,3.349,0.0269511502777778,3.176,0.0269518636111111,3.268
0.0271697505555556,3.349,0.0272289622222222,3.176,0.0272298961111111,3.268
0.0274479516666667,3.349,0.0275068705555556,3.176,0.0275075083333333,3.268
0.0277258722222222,3.349,0.0277847633333333,3.186,0.0277854141666667,3.278
0.0280033633333333,3.349,0.028062665,3.186,0.0280632188888889,3.278
0.0282815091666667,3.349,0.0283406980555556,3.186,0.0283412894444444,3.278
0.0285594505555556,3.349,0.0286188080555556,3.186,0.0286192625,3.278
0.0288372108333333,3.349,0.0288965197222222,3.197,0.0288968922222222,3.278
0.0291154366666667,3.349,0.0291746113888889,3.197,0.02917523,3.278
0.0293928905555556,3.349,0.0294524783333333,3.197,0.0294528802777778,3.278
0.0296709158333333,3.349,0.0297302761111111,3.197,0.0297305852777778,3.288
0.0299489786111111,3.349,0.0300081066666667,3.207,0.0300084144444444,3.288
0.0302270105555556,3.349,0.0302860041666667,3.207,0.0302863527777778,3.288
0.03050487,3.349,0.0305639113888889,3.207,0.0305643933333333,3.288
0.0307825219444444,3.349,0.0308417752777778,3.207,0.0308425197222222,3.288
0.0310602719444444,3.36,0.0311192577777778,3.207,0.0311202033333333,3.288
0.0313383430555556,3.349,0.0313972383333333,3.207,0.0313981858333333,3.288
0.0316162969444444,3.349,0.0316752563888889,3.217,0.0316762633333333,3.288
0.0318940094444444,3.349,0.0319533994444444,3.217,0.0319541211111111,3.288
0.032172245,3.349,0.0322314358333333,3.217,0.0322319758333333,3.288
0.0324501238888889,3.349,0.0325095058333333,3.217,0.0325097869444444,3.288
0.0327280041666667,3.349,0.0327872966666667,3.217,0.0327874536111111,3.298
0.0330056544444444,3.36,0.0330652088888889,3.217,0.0330651555555556,3.298
0.0332838361111111,3.349,0.0333430861111111,3.217,0.0333428386111111,3.298
0.0335615213888889,3.349,0.0336212438888889,3.227,0.0336209172222222,3.298
0.0338394033333333,3.349,0.0338989075,3.227,0.0338989761111111,3.298
0.0341170691666667,3.349,0.0341763722222222,3.227,0.0341765980555556,3.298
0.0343948358333333,3.36,0.0344541658333333,3.237,0.0344543227777778,3.298
0.0346724772222222,3.349,0.0347322366666667,3.237,0.0347324991666667,3.298
0.034950605,3.349,0.0350100872222222,3.237,0.0350103772222222,3.298
0.0352285727777778,3.349,0.0352880377777778,3.237,0.0352879602777778,3.298
0.0355066566666667,3.349,0.0355660591666667,3.237,0.0355658266666667,3.298
0.0357842427777778,3.36,0.0358440252777778,3.237,0.0358436919444445,3.298
0.0360618175,3.349,0.0361216094444444,3.247,0.0361216833333333,3.309
0.0363397363888889,3.349,0.0363996388888889,3.247,0.0363991130555556,3.309
0.0366176969444444,3.36,0.0366773155555556,3.247,0.0366772886111111,3.309
0.0368953902777778,3.349,0.0369547958333333,3.247,0.0369546822222222,3.309
0.0371734130555556,3.36,0.0372328622222222,3.247,0.0372327591666667,3.309
0.0374514638888889,3.349,0.0375107616666667,3.247,0.0375102138888889,3.309
0.0377290797222222,3.349,0.0377888088888889,3.247,0.0377883141666667,3.319
0.0380069147222222,3.36,0.0380668105555556,3.247,0.0380658091666667,3.319
0.0382847794444444,3.349,0.0383443780555556,3.258,0.0383436716666667,3.319
0.0385628386111111,3.349,0.0386224280555556,3.258,0.0386217866666667,3.319
0.0388405405555556,3.36,0.0388999308333333,3.258,0.0388994,3.319
0.0391186136111111,3.349,0.0391782658333333,3.258,0.0391773208333333,3.319
0.0393963038888889,3.349,0.0394561947222222,3.258,0.0394550180555556,3.319
0.0396741533333333,3.36,0.03973391,3.258,0.0397331827777778,3.319
0.0399519255555556,3.349,0.0400114833333333,3.258,0.0400106136111111,3.319
0.0402296625,3.349,0.0402893647222222,3.258,0.0402886244444444,3.319
0.0405075552777778,3.36,0.0405671622222222,3.268,0.0405667288888889,3.329
0.0407853372222222,3.36,0.0408450502777778,3.268,0.0408445786111111,3.329
0.0410635086111111,3.349,0.0411229772222222,3.268,0.0411223005555556,3.329
0.0413412494444444,3.36,0.0414009702777778,3.268,0.0414001961111111,3.329
0.0416194661111111,3.36,0.0416784597222222,3.268,0.0416784719444444,3.329
0.0418969988888889,3.349,0.0419563797222222,3.268,0.0419562813888889,3.329
0.0421749172222222,3.349,0.0422342772222222,3.268,0.0422341105555556,3.329
0.0424526997222222,3.36,0.0425121077777778,3.268,0.0425123736111111,3.329
0.0427304863888889,3.36,0.0427900708333333,3.278,0.0427899963888889,3.329
0.0430082813888889,3.36,0.0430682075,3.278,0.0430680105555556,3.329
0.0432857841666667,3.349,0.0433456008333333,3.278,0.0433457983333333,3.329
0.0435636525,3.36,0.0436235469444444,3.278,0.0436235008333333,3.329
0.0438412675,3.349,0.0439013497222222,3.278,0.0439014544444444,3.339
0.0441195913888889,3.349,0.0441792763888889,3.278,0.0441791316666667,3.339
0.0443975755555556,3.349,0.0444569447222222,3.288,0.044457055,3.329
0.0446752494444444,3.36,0.0447352366666667,3.288,0.0447351319444444,3.339
0.0449535916666667,3.36,0.0450132586111111,3.288,0.0450126816666667,3.339
0.0452311011111111,3.36,0.0452913063888889,3.288,0.0452907547222222,3.339
0.0455088561111111,3.36,0.0455694355555556,3.288,0.0455690777777778,3.339
0.0457867172222222,3.36,0.0458471658333333,3.288,0.0458470261111111,3.339
0.0460645780555556,3.36,0.0461250672222222,3.288,0.0461243594444444,3.339
0.0463424805555556,3.36,0.0464032391666667,3.288,0.0464026130555556,3.339
0.0466203475,3.36,0.0466816041666667,3.288,0.0466805475,3.339
0.0468981880555556,3.36,0.0469591438888889,3.288,0.0469582933333333,3.339
0.0471763455555556,3.36,0.0472373141666667,3.288,0.0472360794444444,3.339
0.0474542230555556,3.36,0.0475150361111111,3.288,0.0475140872222222,3.339
0.0477320944444444,3.36,0.0477931341666667,3.298,0.0477922780555556,3.339
0.0480097769444444,3.36,0.0480709925,3.298,0.0480698286111111,3.339
0.0482875491666667,3.36,0.0483488455555556,3.298,0.0483480680555556,3.339
0.0485655777777778,3.36,0.0486267944444444,3.298,0.0486257961111111,3.339
0.0488437388888889,3.36,0.0489042166666667,3.298,0.0489037136111111,3.339
0.0491212522222222,3.36,0.0491825786111111,3.298,0.0491813572222222,3.339
0.0493991727777778,3.36,0.0494603388888889,3.298,0.0494588055555556,3.339
0.0496771527777778,3.349,0.0497383,3.298,0.0497371311111111,3.339
0.0499548641666667,3.36,0.0500164936111111,3.309,0.0500146002777778,3.349
0.0502324816666667,3.36,0.0502942661111111,3.309,0.0502931105555556,3.339
0.0505103388888889,3.36,0.0505718913888889,3.309,0.0505712008333333,3.349
0.0507882497222222,3.36,0.0508496633333333,3.309,0.0508485208333333,3.339
0.0510662144444444,3.36,0.0511275072222222,3.309,0.0511265894444444,3.349
0.0513444413888889,3.36,0.0514057136111111,3.319,0.0514046811111111,3.349
0.0516227008333333,3.36,0.0516833244444444,3.309,0.0516821638888889,3.349
0.0519004919444444,3.36,0.0519609866666667,3.319,0.0519601847222222,3.349
0.0521778688888889,3.36,0.0522389394444444,3.309,0.0522380972222222,3.349
0.0524561352777778,3.36,0.0525165741666667,3.319,0.0525159605555556,3.349
0.0527341658333333,3.36,0.05279453,3.319,0.0527937122222222,3.349
0.0530116125,3.36,0.0530723269444444,3.319,0.0530715458333333,3.349
0.0532895202777778,3.36,0.0533502027777778,3.319,0.0533491175,3.349
0.0535675911111111,3.36,0.0536283752777778,3.319,0.0536273111111111,3.349
0.05384535,3.36,0.0539061305555556,3.319,0.0539048916666667,3.349
0.0541232363888889,3.36,0.0541839758333333,3.319,0.0541832683333333,3.349
0.0544008627777778,3.36,0.0544617586111111,3.319,0.0544607247222222,3.349
0.0546788766666667,3.36,0.0547394741666667,3.319,0.0547390027777778,3.349
0.0549571694444444,3.36,0.0550172847222222,3.329,0.0550168883333333,3.349
0.0552350136111111,3.36,0.0552948463888889,3.329,0.0552946775,3.349
0.0555129875,3.36,0.0555726433333333,3.329,0.0555726163888889,3.349
0.0557908866666667,3.36,0.0558506219444444,3.329,0.0558499683333333,3.349
0.0560685363888889,3.36,0.0561283105555556,3.329,0.0561282575,3.349
0.0563462583333333,3.36,0.0564062258333333,3.329,0.0564059636111111,3.349
0.0566242722222222,3.36,0.0566841255555556,3.329,0.0566839205555556,3.349
0.0569025191666667,3.36,0.0569613144444444,3.329,0.0569618461111111,3.349
0.0571807341666667,3.36,0.0572398172222222,3.329,0.0572395236111111,3.36
0.0574584625,3.36,0.0575174919444444,3.339,0.0575175477777778,3.36
0.0577362447222222,3.36,0.0577952322222222,3.339,0.0577956383333333,3.36
0.0580142486111111,3.36,0.0580734630555556,3.329,0.0580733727777778,3.36
0.0582921283333333,3.36,0.0583513452777778,3.329,0.0583513166666667,3.36
0.0585701586111111,3.36,0.05862913,3.339,0.0586298402777778,3.349
0.0588483036111111,3.36,0.0589070505555556,3.339,0.0589073983333333,3.36
0.0591266066666667,3.36,0.0591851122222222,3.339,0.0591850780555556,3.36
0.0594044008333333,3.36,0.0594626691666667,3.339,0.0594627813888889,3.36
0.0596821480555556,3.36,0.0597405461111111,3.339,0.0597405169444444,3.36
0.0599599680555556,3.36,0.0600183475,3.339,0.0600186425,3.36
0.0602374813888889,3.36,0.0602963147222222,3.339,0.0602966266666667,3.36
0.0605155383333333,3.36,0.0605743388888889,3.339,0.0605745841666667,3.36
0.0607934261111111,3.36,0.0608521919444444,3.339,0.0608523447222222,3.36
0.0610711902777778,3.36,0.0611299533333333,3.339,0.0611305838888889,3.36
0.0613491116666667,3.36,0.0614077936111111,3.339,0.0614084836111111,3.36
0.0616268513888889,3.36,0.0616856416666667,3.339,0.0616860958333333,3.36
0.0619048897222222,3.36,0.0619634280555556,3.339,0.0619643169444444,3.36
0.0621831438888889,3.36,0.0622411569444444,3.339,0.0622416291666667,3.36
0.0624607625,3.36,0.0625191036111111,3.339,0.0625194877777778,3.36
0.0627384238888889,3.36,0.0627971661111111,3.339,0.0627978666666667,3.36
0.0630166441666667,3.36,0.0630749575,3.339,0.0630758111111111,3.36
0.0632942291666667,3.36,0.0633530202777778,3.339,0.0633539094444444,3.36
0.0635722475,3.36,0.0636312225,3.349,0.0636318741666667,3.36
0.0638501697222222,3.36,0.0639086636111111,3.349,0.0639099675,3.36
0.0641280780555556,3.36,0.0641865852777778,3.339,0.0641878597222222,3.36
0.0644058772222222,3.36,0.0644644316666667,3.349,0.0644651780555556,3.36
0.0646838038888889,3.36,0.0647422958333333,3.349,0.0647434416666667,3.36
0.0649616802777778,3.36,0.0650201344444444,3.339,0.0650211716666667,3.36
0.0652394905555556,3.36,0.0652979161111111,3.339,0.0652988827777778,3.36
0.0655174408333333,3.36,0.0655760333333333,3.339,0.0655771652777778,3.36
0.0657955655555556,3.36,0.0658540041666667,3.349,0.0658548819444444,3.36
0.0660733416666667,3.36,0.0661317177777778,3.349,0.0661327533333333,3.36
0.0663512316666667,3.36,0.0664095130555556,3.349,0.0664104708333333,3.36
0.0666291288888889,3.36,0.0666873616666667,3.349,0.0666883122222222,3.36
0.0669068172222222,3.36,0.0669655511111111,3.349,0.0669661458333333,3.37
0.0671847291666667,3.36,0.0672435586111111,3.349,0.0672437691666667,3.36
0.0674625163888889,3.36,0.0675214211111111,3.349,0.0675215791666667,3.37
0.0677402644444444,3.36,0.0677997213888889,3.349,0.0677992369444445,3.36
0.0680182941666667,3.36,0.068077625,3.349,0.0680774147222222,3.36
0.0682958883333333,3.36,0.0683549461111111,3.349,0.0683552830555555,3.36
0.0685740358333333,3.36,0.0686330908333333,3.349,0.0686329572222222,3.36
0.0688519786111111,3.36,0.0689112352777778,3.349,0.0689107941666667,3.36
0.0691297458333333,3.36,0.0691889222222222,3.349,0.0691885147222222,3.36
0.0694077308333333,3.36,0.0694667955555556,3.349,0.0694664288888889,3.36
0.0696851811111111,3.37,0.0697447625,3.349,0.0697438575,3.36
0.0699632797222222,3.37,0.0700226222222222,3.349,0.070022015,3.36
0.0702407494444444,3.36,0.0703004083333333,3.349,0.0702998344444444,3.36
0.0705189375,3.36,0.0705781294444444,3.349,0.0705771755555556,3.36
0.0707969975,3.36,0.070856065,3.349,0.0708553394444444,3.37
0.0710752366666667,3.36,0.0711339558333333,3.349,0.0711329972222222,3.36
0.0713533202777778,3.36,0.0714115286111111,3.36,0.0714108461111111,3.36
0.0716309119444444,3.37,0.0716894238888889,3.36,0.0716882680555556,3.36
0.0719090005555556,3.36,0.0719670272222222,3.36,0.0719662886111111,3.37
0.0721869847222222,3.36,0.0722447211111111,3.349,0.0722442202777778,3.36
0.0724643541666667,3.37,0.0725225416666667,3.36,0.0725220708333333,3.37
0.0727424616666667,3.36,0.07280044,3.36,0.0727995197222222,3.37
0.0730202555555556,3.37,0.0730779822222222,3.36,0.0730776230555556,3.36
0.0732979766666667,3.36,0.0733560186111111,3.36,0.0733552391666667,3.36
0.0735758877777778,3.36,0.0736340416666667,3.36,0.0736329863888889,3.36
0.073853725,3.37,0.073911715,3.36,0.0739109247222222,3.37
0.0741319552777778,3.37,0.0741894236111111,3.36,0.0741886202777778,3.37
0.0744099594444445,3.36,0.0744675805555556,3.36,0.0744665452777778,3.37
0.074687715,3.37,0.0747455716666667,3.36,0.0747444986111111,3.37
0.0749650922222222,3.36,0.0750232441666667,3.36,0.0750226222222222,3.37
0.0752435313888889,3.37,0.0753008947222222,3.36,0.0752999488888889,3.37
0.0755215097222222,3.36,0.0755788775,3.36,0.0755783444444444,3.37
0.0757996775,3.37,0.0758569311111111,3.36,0.0758558125,3.37
0.0760772430555556,3.37,0.0761349961111111,3.36,0.0761342736111111,3.36
0.0763556936111111,3.37,0.0764129738888889,3.36,0.0764118752777778,3.37
0.0766335930555556,3.37,0.0766905477777778,3.36,0.0766899047222222,3.37
0.0769110752777778,3.37,0.0769680369444444,3.36,0.0769675608333333,3.37
0.0771889741666667,3.37,0.0772457519444444,3.36,0.0772454633333333,3.37
0.0774668241666667,3.37,0.077524075,3.36,0.0775236611111111,3.37
0.0777450041666667,3.37,0.0778014308333333,3.36,0.0778016091666667,3.37
0.0780228452777778,3.37,0.0780794438888889,3.36,0.0780793794444444,3.37
0.0783003486111111,3.37,0.0783573988888889,3.36,0.0783571002777778,3.37
0.0785782408333333,3.37,0.0786352825,3.36,0.0786348569444444,3.37
0.0788559705555555,3.37,0.0789135377777778,3.36,0.0789128291666667,3.37
0.0791343894444444,3.37,0.0791915022222222,3.36,0.0791904608333333,3.37
0.0794120475,3.37,0.0794691091666667,3.36,0.0794686116666667,3.37
0.0796897052777778,3.37,0.0797469294444444,3.36,0.0797462902777778,3.37
0.0799678116666667,3.37,0.0800247705555556,3.37,0.0800243736111111,3.37
0.0802455252777778,3.37,0.0803026327777778,3.36,0.0803025208333333,3.37
0.0805231341666667,3.37,0.0805803305555556,3.36,0.0805801261111111,3.37
0.0808010238888889,3.37,0.0808587697222222,3.36,0.0808579094444444,3.37
0.0810789308333333,3.37,0.0811364477777778,3.36,0.0811356269444444,3.37
0.0813569783333333,3.37,0.0814143241666667,3.36,0.0814135605555556,3.37
0.0816348644444444,3.37,0.0816918738888889,3.36,0.0816914286111111,3.37
0.0819130625,3.37,0.0819699213888889,3.36,0.0819690283333333,3.37
0.082190635,3.37,0.0822478441666667,3.36,0.0822469327777778,3.37
0.0824686136111111,3.37,0.0825258305555556,3.37,0.0825246613888889,3.37
0.0827463266666667,3.37,0.082803585,3.37,0.0828025288888889,3.37
0.0830242480555556,3.37,0.0830815058333333,3.36,0.0830805902777778,3.37
0.0833021508333333,3.37,0.08335941,3.36,0.0833583711111111,3.37
0.0835798233333333,3.37,0.0836370333333333,3.36,0.0836358622222222,3.37
0.0838576513888889,3.37,0.083914945,3.36,0.0839139680555556,3.37
0.0841354175,3.37,0.0841928177777778,3.36,0.0841920080555556,3.37
0.0844128877777778,3.37,0.0844708216666667,3.36,0.0844697466666667,3.37
0.084691035,3.37,0.0847482666666667,3.36,0.0847477925,3.37
0.0849688494444444,3.37,0.0850264033333333,3.37,0.0850253347222222,3.37
0.0852466094444444,3.37,0.0853042169444445,3.36,0.0853032463888889,3.37
0.0855243836111111,3.37,0.0855822866666667,3.36,0.0855810641666667,3.37
0.0858024647222222,3.37,0.0858597644444444,3.37,0.0858588955555556,3.37
0.0860800744444444,3.37,0.0861378975,3.36,0.0861369047222222,3.37
0.0863580202777778,3.37,0.0864156144444444,3.37,0.0864147180555556,3.37
0.0866357375,3.37,0.0866936777777778,3.36,0.0866926219444444,3.37
0.0869135441666667,3.37,0.0869713180555556,3.37,0.0869703627777778,3.37
0.0871916638888889,3.37,0.0872488108333333,3.36,0.0872481008333333,3.37
0.0874695252777778,3.37,0.0875271458333333,3.37,0.0875257508333333,3.37
0.0877472769444444,3.37,0.0878050866666667,3.36,0.0878038013888889,3.37
0.0880251786111111,3.37,0.0880829325,3.36,0.0880816155555556,3.37
0.0883031383333333,3.37,0.08836036,3.36,0.0883596338888889,3.37
0.0885809172222222,3.37,0.0886386005555555,3.36,0.0886375441666667,3.37
0.0888588394444444,3.37,0.0889166061111111,3.36,0.0889152386111111,3.37
0.0891365005555556,3.37,0.0891944913888889,3.37,0.0891931694444444,3.37
0.0894143958333333,3.37,0.0894719730555556,3.37,0.089470755,3.37
0.089692525,3.37,0.0897497111111111,3.37,0.0897482172222222,3.37
0.0899700938888889,3.37,0.0900278952777778,3.37,0.0900262397222222,3.37
0.0902480533333333,3.37,0.0903052352777778,3.36,0.0903042619444444,3.37
0.0905256597222222,3.37,0.0905832933333333,3.37,0.0905816561111111,3.37
0.0908038719444444,3.37,0.0908608147222222,3.37,0.0908596586111111,3.37
0.0910822275,3.37,0.0911390702777778,3.37,0.0911375005555556,3.37
0.0913600927777778,3.37,0.0914166591666667,3.37,0.0914159333333333,3.37
0.0916382675,3.37,0.0916944758333333,3.37,0.0916935625,3.37
0.0919156594444444,3.37,0.0919719494444445,3.37,0.0919713141666667,3.37
0.0921938983333333,3.37,0.0922501380555556,3.37,0.0922493722222222,3.37
0.0924715344444444,3.37,0.0925276366666667,3.37,0.0925269555555556,3.37
0.0927493652777778,3.37,0.0928055280555556,3.37,0.0928046608333333,3.37
0.0930269016666667,3.37,0.0930831669444444,3.37,0.0930826877777778,3.37
0.0933052530555556,3.37,0.0933610269444444,3.36,0.0933605152777778,3.37
0.0935833386111111,3.37,0.0936390186111111,3.36,0.0936382536111111,3.37
0.093860975,3.37,0.0939170036111111,3.37,0.093916465,3.37
0.094138415,3.37,0.0941950797222222,3.37,0.0941937675,3.37
0.0944168186111111,3.37,0.0944727130555556,3.37,0.0944717669444445,3.37
0.0946944841666667,3.37,0.0947507847222222,3.37,0.094749685,3.37
0.0949722519444444,3.37,0.0950286463888889,3.37,0.0950273133333333,3.37
0.0952499908333333,3.37,0.0953065013888889,3.37,0.0953053402777778,3.37
0.0955276086111111,3.37,0.0955843569444444,3.37,0.0955830822222222,3.37
0.0958057530555556,3.37,0.095861645,3.37,0.0958609730555556,3.37
0.0960838977777778,3.37,0.0961396222222222,3.37,0.0961387011111111,3.37
0.0963614883333333,3.37,0.0964177672222222,3.37,0.0964170441666667,3.37
0.0966396327777778,3.37,0.0966955316666667,3.37,0.0966946016666667,3.38
0.0969177772222222,3.37,0.0969735588888889,3.37,0.0969731,3.37
0.0971953677777778,3.37,0.0972518872222222,3.37,0.0972507325,3.37
0.0974734294444444,3.37,0.0975298102777778,3.37,0.0975283491666667,3.37
0.0977511663888889,3.37,0.0978075566666667,3.37,0.0978064558333333,3.38
0.0980291583333333,3.37,0.0980853502777778,3.37,0.0980839191666667,3.37
0.0983072422222222,3.37,0.0983631936111111,3.37,0.0983618741666667,3.37
0.0985848411111111,3.37,0.0986408044444445,3.37,0.0986393375,3.37
0.09886255,3.37,0.0989187105555556,3.37,0.0989174708333333,3.38
0.0991405711111111,3.37,0.0991967372222222,3.37,0.0991951458333333,3.37
0.0994182119444444,3.37,0.0994745886111111,3.37,0.0994729683333333,3.37
0.0996960780555556,3.37,0.09975214,3.37,0.0997507766666667,3.37
0.0999737211111111,3.37,0.1000299825,3.37,0.100028744722222,3.37
0.100251965555556,3.37,0.100308143611111,3.37,0.100306559166667,3.37
0.100529556111111,3.37,0.100585719166667,3.37,0.100584411944444,3.37
0.100807700555556,3.38,0.100863264722222,3.37,0.100862639166667,3.37
0.101085575833333,3.37,0.101141408055556,3.37,0.101140691388889,3.37
0.101363158611111,3.38,0.101419788611111,3.37,0.101418304722222,3.37
0.101641302777778,3.37,0.101697556111111,3.37,0.101695829444444,3.37
0.101919447222222,3.37,0.101975255555556,3.37,0.101973956666667,3.37
0.102197175,3.37,0.102253061944444,3.37,0.102251880277778,3.37
0.102475291666667,3.37,0.102531129722222,3.37,0.102529645555556,3.37
0.102753046388889,3.37,0.102808958333333,3.37,0.102807889722222,3.37
0.1030307825,3.37,0.103086432777778,3.37,0.103086049444444,3.37
0.103308867777778,3.38,0.103364525833333,3.37,0.103363596944444,3.37
0.103586977777778,3.37,0.103642259444444,3.37,0.103641718333333,3.38
0.103864518055556,3.37,0.103920075833333,3.37,0.103919792777778,3.38
0.104142622777778,3.37,0.104197716666667,3.37,0.104197520555556,3.38
0.104420323611111,3.37,0.104475824444444,3.37,0.104475456111111,3.37
0.104698209722222,3.37,0.104753740277778,3.37,0.104752941388889,3.38
0.104975946111111,3.37,0.105031654444444,3.37,0.105031213888889,3.37
0.105254015277778,3.37,0.105309361944444,3.37,0.105309149166667,3.37
0.105531750833333,3.37,0.105587088611111,3.37,0.105586896666667,3.37
0.105809792222222,3.37,0.105865075833333,3.37,0.1058651125,3.37
0.106087704722222,3.37,0.106143124444444,3.37,0.106143061111111,3.37
0.106365395,3.37,0.106420851111111,3.37,0.106420835,3.37
0.106643535,3.37,0.106699019444444,3.37,0.106698571944444,3.37
0.106921670555556,3.37,0.106976843333333,3.37,0.106976273611111,3.37
0.107199349444444,3.38,0.107254806944444,3.37,0.107254061944444,3.38
0.107476998055556,3.37,0.107532887777778,3.37,0.107531867222222,3.38
0.107755085,3.38,0.107810624444444,3.37,0.107809603055556,3.37
0.108033361944444,3.38,0.108088285,3.37,0.108087746388889,3.38
0.108310973055556,3.38,0.108366159444444,3.37,0.108366195277778,3.37
0.108589116944444,3.37,0.108643986388889,3.38,0.108643643611111,3.38
0.108867183611111,3.37,0.108921893888889,3.37,0.108921578611111,3.37
0.109145036944444,3.38,0.109199994166667,3.37,0.109199713333333,3.37
0.109423090555556,3.38,0.109477941388889,3.37,0.109477486666667,3.38
0.109700821111111,3.37,0.109755693055556,3.37,0.109755554444444,3.37
0.109978921666667,3.38,0.110033566388889,3.37,0.110033244444444,3.38
0.110256496944444,3.38,0.110311309166667,3.37,0.110311197777778,3.37
0.110534213055556,3.37,0.110588894722222,3.37,0.110588641666667,3.38
0.110811999166667,3.37,0.110866934722222,3.37,0.110866841944444,3.38
0.111090060277778,3.38,0.111145053611111,3.37,0.111144933333333,3.38
0.111368240277778,3.37,0.111423250833333,3.37,0.111423102222222,3.38
0.111645936388889,3.38,0.111701323888889,3.37,0.111700882777778,3.38
0.111924001944444,3.38,0.1119794625,3.37,0.111978923611111,3.38
0.112201798055556,3.38,0.112257318333333,3.37,0.112256898333333,3.38
0.112479778611111,3.37,0.112535043611111,3.37,0.112534860555556,3.38
0.112757854722222,3.38,0.112812797222222,3.37,0.112812577222222,3.38
0.113035334166667,3.38,0.113090474444444,3.37,0.113090626111111,3.38
0.113313262777778,3.38,0.113368783611111,3.37,0.1133686725,3.38
0.113591369444444,3.38,0.113646355277778,3.38,0.113646107222222,3.38
0.113868935,3.38,0.113924147222222,3.38,0.113924254444444,3.38
0.114146748055556,3.37,0.11420243,3.37,0.114202075,3.38
0.114424814166667,3.38,0.114480288888889,3.37,0.114480076111111,3.38
0.114702491944444,3.38,0.114758330555556,3.37,0.11475768,3.38
0.114980545277778,3.38,0.115036496111111,3.38,0.115035595277778,3.38
0.11525829,3.38,0.115314266944444,3.37,0.115313348888889,3.38
0.1155360725,3.38,0.115591895,3.37,0.115591095833333,3.38
0.115813893888889,3.38,0.115870048333333,3.37,0.1158691675,3.38
0.11609172,3.38,0.116148154722222,3.38,0.116147285,3.38
0.116369316388889,3.38,0.116425911111111,3.37,0.116424823611111,3.38
0.116646994166667,3.38,0.11670402,3.37,0.116702931666667,3.38
0.116924890833333,3.38,0.116981838055556,3.37,0.116980566944444,3.38
0.1172028675,3.38,0.117259970555556,3.38,0.117257988333333,3.38
0.117480695555556,3.38,0.1175381275,3.37,0.117536235833333,3.38
0.117758663333333,3.38,0.117815577222222,3.38,0.117813966944444,3.38
0.118036502222222,3.38,0.118093505555556,3.37,0.118091371666667,3.38
0.118314519444444,3.38,0.118371511944444,3.38,0.118369330833333,3.38
0.118592458611111,3.38,0.118649272777778,3.38,0.1186473625,3.38
0.1188702875,3.38,0.1189272925,3.37,0.118925381388889,3.38
0.119147773888889,3.38,0.119204808888889,3.37,0.119203271666667,3.38
0.119425518611111,3.38,0.119483015277778,3.38,0.119481328055556,3.38
0.119703646666667,3.38,0.1197605,3.38,0.119759176944444,3.38
0.119981504444444,3.38,0.120038775555556,3.38,0.120037061111111,3.38
0.120259016944444,3.37,0.120316805555556,3.37,0.120314921111111,3.38
0.120537211666667,3.38,0.120594373055556,3.37,0.120592786944444,3.38
0.120814760555556,3.38,0.120872858055556,3.38,0.120870743055556,3.37
0.121092454722222,3.38,0.121150569722222,3.38,0.121148722777778,3.38
0.121370891944444,3.38,0.121428514722222,3.38,0.1214267075,3.38
0.121648750833333,3.38,0.121706040277778,3.38,0.121704300277778,3.38
0.121926800555556,3.38,0.121984613888889,3.38,0.121982389444444,3.38
0.122204578333333,3.38,0.1222623925,3.38,0.122260635277778,3.38
0.122482524722222,3.38,0.122540621666667,3.37,0.122537979444444,3.38
0.122760151666667,3.38,0.122818308055556,3.38,0.122816191388889,3.38
0.123037836388889,3.38,0.123096151944444,3.38,0.123093784166667,3.38
0.123316295277778,3.38,0.123374,3.38,0.123372008055556,3.38
0.123593945,3.38,0.123651859444444,3.38,0.12364966,3.38
0.123871984166667,3.38,0.123930127222222,3.38,0.123927313888889,3.38
0.124149748888889,3.38,0.124207421666667,3.38,0.124205118055556,3.38
0.1244275625,3.38,0.124485697777778,3.38,0.124482948055556,3.38
0.124705721944444,3.38,0.124763349166667,3.38,0.124761200555556,3.38
0.124983424722222,3.38,0.125041565,3.38,0.125038951388889,3.38
0.125261244166667,3.38,0.125319428888889,3.38,0.125316601666667,3.38
0.125539168611111,3.38,0.125597315833333,3.38,0.125595032777778,3.38
0.125817038055556,3.38,0.125874993611111,3.37,0.125872788055556,3.38
0.126094697222222,3.38,0.126152658888889,3.38,0.126150720833333,3.38
0.126372666666667,3.38,0.12643049,3.38,0.12642821,3.38
0.126650458611111,3.38,0.126708265833333,3.38,0.126706465555556,3.38
0.126928345,3.38,0.126986055833333,3.38,0.126984533611111,3.38
0.127205733888889,3.38,0.127264285833333,3.38,0.1272622325,3.38
0.127483691111111,3.38,0.127542203888889,3.38,0.127539883333333,3.38
0.127761507222222,3.38,0.1278203725,3.38,0.127817873611111,3.38
0.128039045555556,3.38,0.128098057777778,3.38,0.128095480555556,3.38
0.128316804166667,3.38,0.128375633611111,3.38,0.128373380833333,3.38
0.128594927777778,3.38,0.128653808333333,3.38,0.128651038611111,3.38
0.128872788333333,3.38,0.128931736111111,3.38,0.128928947777778,3.38
0.129150491944444,3.38,0.129209289166667,3.38,0.129207086111111,3.38
0.129428341666667,3.38,0.129487383888889,3.38,0.129484630833333,3.38
0.129706235555556,3.38,0.129765253055556,3.38,0.129763104444444,3.38
0.129984391666667,3.38,0.130042850277778,3.38,0.130040982777778,3.38
0.130262326944444,3.38,0.130321037222222,3.38,0.130318439166667,3.38
0.130539978333333,3.38,0.13059925,3.38,0.130596305277778,3.38
0.130817802222222,3.38,0.130876973611111,3.38,0.130874250277778,3.38
0.131095650277778,3.38,0.131154693888889,3.38,0.131151895833333,3.38
0.131373489166667,3.38,0.131432776388889,3.38,0.131429777777778,3.38
0.131651784166667,3.38,0.131710536944444,3.38,0.131707735555556,3.38
0.131929685833333,3.38,0.131988434722222,3.38,0.131985658333333,3.38
0.132207678333333,3.38,0.132266287777778,3.38,0.132263470555556,3.38
0.132485394444444,3.38,0.132544038888889,3.38,0.132541203888889,3.38
0.132763225555556,3.38,0.132822030277778,3.38,0.132818902222222,3.38
0.133041181111111,3.38,0.133099853055556,3.38,0.133096556388889,3.38
0.133318666388889,3.38,0.133377565277778,3.38,0.133374851944444,3.38
0.133597251388889,3.38,0.133655548611111,3.38,0.133652565277778,3.38
0.133874503055556,3.38,0.133933005833333,3.38,0.133930449166667,3.38
0.134152562777778,3.38,0.134211151666667,3.38,0.1342083625,3.38
0.134430574722222,3.38,0.134489,3.38,0.134486846944444,3.38
0.134708457222222,3.38,0.134766763333333,3.38,0.134764985,3.38
0.134986305555556,3.38,0.135044856388889,3.38,0.135042923055556,3.38
0.135264060555556,3.38,0.135322590555556,3.38,0.135320966944444,3.38
0.135541886111111,3.38,0.135600342222222,3.38,0.135598404444444,3.38
0.1358197375,3.38,0.135878454166667,3.38,0.135876544722222,3.38
0.136097660833333,3.38,0.136156487222222,3.38,0.136154095833333,3.38
0.136375485277778,3.38,0.136434161111111,3.38,0.136432060833333,3.38
0.136653346111111,3.38,0.136712453888889,3.38,0.136709780555556,3.38
0.136931436111111,3.38,0.136989908055556,3.38,0.136987158611111,3.38
0.137209462777778,3.38,0.137267899166667,3.38,0.137264964722222,3.38
0.137487206388889,3.38,0.137545658333333,3.38,0.137542676388889,3.38
0.137765310555556,3.38,0.137823774444444,3.38,0.137820751111111,3.38
0.138043405833333,3.38,0.138101345277778,3.38,0.138098668055556,3.38
0.138321142777778,3.38,0.138379451666667,3.38,0.138376711388889,3.38
0.138599285555556,3.38,0.138657475277778,3.38,0.138654202777778,3.38
0.138877437222222,3.38,0.138935105,3.38,0.138932178611111,3.38
0.139155061111111,3.38,0.139213240277778,3.38,0.139209953055556,3.38
0.139433012222222,3.38,0.139491338888889,3.38,0.139488320555556,3.38
0.139710662222222,3.38,0.139768978333333,3.38,0.139765860833333,3.38
0.139988377777778,3.38,0.140046865555556,3.38,0.140043762222222,3.38
0.140266354166667,3.38,0.140324733888889,3.38,0.140321706388889,3.38
0.140544114166667,3.38,0.140602466111111,3.38,0.140599562222222,3.38
0.140821854444444,3.38,0.140880381666667,3.38,0.140877198333333,3.38
0.141099772777778,3.38,0.141158215,3.38,0.141155363055556,3.38
0.141377628333333,3.38,0.141436091388889,3.38,0.141432763888889,3.38
0.141655478333333,3.38,0.141713835555556,3.38,0.141710544166667,3.38
0.141933888333333,3.38,0.1419917675,3.38,0.141988630555556,3.38
0.142211676388889,3.38,0.142269602777778,3.38,0.142266821944444,3.38
0.142489800277778,3.38,0.142547603333333,3.38,0.142544589166667,3.38
0.14276771,3.38,0.1428249725,3.38,0.142822449722222,3.38
0.143045573888889,3.38,0.143103358333333,3.38,0.143100321944444,3.38
0.143322928611111,3.38,0.143381569722222,3.38,0.143378416111111,3.38
0.143601123055556,3.38,0.143659675833333,3.38,0.143656301666667,3.38
0.143878790277778,3.38,0.1439375525,3.38,0.143934406944444,3.38
0.144156519166667,3.38,0.144215058888889,3.38,0.144212349444444,3.38
0.144434371111111,3.38,0.144492778611111,3.38,0.1444900125,3.38
0.144711987777778,3.38,0.1447706175,3.38,0.144767962777778,3.38
0.144989917222222,3.38,0.145048465277778,3.38,0.145045726388889,3.38
0.145267723333333,3.38,0.145326424722222,3.38,0.145324115,3.38
0.145545861388889,3.38,0.145603989444444,3.38,0.145602241388889,3.38
0.145823406388889,3.38,0.145881756388889,3.38,0.145879876388889,3.38
0.146101313055556,3.38,0.146159443611111,3.38,0.146157736111111,3.38
0.146378935833333,3.38,0.146437673333333,3.38,0.146435348333333,3.38
0.146656457222222,3.38,0.146715641111111,3.38,0.146713433333333,3.38
0.146934657222222,3.38,0.1469933725,3.38,0.146991575833333,3.38
0.147212338333333,3.38,0.147271229166667,3.38,0.147269379444444,3.38
0.147489878333333,3.38,0.147548989444444,3.38,0.147547268333333,3.38
0.147768356388889,3.38,0.147826685555556,3.38,0.147825036944444,3.38
0.148046373055556,3.38,0.148104778611111,3.38,0.148102764444444,3.38
0.14832416,3.38,0.148382305,3.38,0.148380506666667,3.39
0.148602203611111,3.38,0.148660000833333,3.38,0.148658283888889,3.39
0.148880253888889,3.38,0.148938172777778,3.38,0.148936081666667,3.38
0.149157989166667,3.38,0.149216011111111,3.38,0.149213671388889,3.38
0.149435615555556,3.38,0.149494077222222,3.38,0.149491683611111,3.39
0.149713128055556,3.38,0.149771752222222,3.38,0.149769862222222,3.38
0.149991183611111,3.38,0.150049504722222,3.38,0.150047509166667,3.38
0.150269115,3.38,0.150327387222222,3.38,0.150325137222222,3.38
0.150547290555556,3.38,0.150605208888889,3.38,0.150603031111111,3.38
0.150825544444444,3.38,0.150883049444444,3.38,0.150880969722222,3.38
0.151103215277778,3.38,0.151160735555556,3.38,0.151159170555556,3.39
0.151381088888889,3.38,0.151438607777778,3.38,0.151437132222222,3.39
0.151659009722222,3.38,0.1517164425,3.38,0.151714874722222,3.38
0.151936808888889,3.38,0.151994089444444,3.38,0.151992989166667,3.38
0.152214214166667,3.38,0.152271976944444,3.38,0.15227047,3.38
0.152492411666667,3.38,0.152549696944444,3.38,0.152548723055556,3.39
0.152770425277778,3.38,0.152827762222222,3.38,0.152826305833333,3.39
0.153048095555556,3.38,0.153105839166667,3.38,0.153104188888889,3.38
0.153326091388889,3.38,0.153383948333333,3.38,0.153382065833333,3.39
0.153603860833333,3.38,0.153661791111111,3.38,0.153660001111111,3.38
0.153881464444444,3.38,0.153939526388889,3.38,0.153937702777778,3.38
0.154159553055556,3.38,0.154217253055556,3.38,0.154215935,3.39
0.154437513888889,3.39,0.154494938333333,3.38,0.154493907222222,3.38
0.154715071111111,3.39,0.154772558888889,3.38,0.154771902222222,3.39
0.154993100277778,3.38,0.155050564166667,3.38,0.155050037222222,3.39
0.155270969722222,3.39,0.155328721944444,3.38,0.155327865,3.39
0.155548693888889,3.38,0.155606338055556,3.39,0.1556059575,3.39
0.155826424166667,3.38,0.155884358333333,3.38,0.155883466111111,3.39
0.156104321666667,3.38,0.156162318333333,3.38,0.15616185,3.39
0.156382056388889,3.38,0.156440787222222,3.38,0.156439988055556,3.39
0.156659733611111,3.38,0.156718606944444,3.39,0.156718139444444,3.39
0.156937342777778,3.39,0.156996327777778,3.38,0.156995915555556,3.39
0.157215303055556,3.39,0.157274196666667,3.38,0.157273629444444,3.39
0.157493178611111,3.38,0.1575520475,3.38,0.157551071666667,3.38
0.157770698888889,3.39,0.157829644444444,3.39,0.157829173888889,3.38
0.158048888055556,3.38,0.158107538611111,3.38,0.158106965277778,3.39
0.158326789722222,3.39,0.158385391944444,3.38,0.1583850675,3.39
0.158604639722222,3.39,0.158662950555556,3.38,0.158662767222222,3.38
0.1588825525,3.38,0.158940727777778,3.38,0.15894037,3.38
0.159160417777778,3.38,0.159218729166667,3.38,0.159218468333333,3.39
0.159438322777778,3.38,0.159496929444444,3.38,0.159496276944444,3.39
0.159715822222222,3.39,0.159774812777778,3.38,0.159774356388889,3.39
0.159993871666667,3.38,0.160052541388889,3.38,0.160052131944444,3.39
0.160271444722222,3.38,0.160330527222222,3.38,0.160329955277778,3.39
0.160549433055556,3.38,0.160608233055556,3.38,0.160608045,3.39
0.160827400555556,3.38,0.160886107777778,3.38,0.160886223888889,3.39
0.161105285555556,3.39,0.161163953611111,3.38,0.161163836666667,3.39
0.161383210555556,3.38,0.161441783611111,3.39,0.161441998888889,3.39
0.161660799166667,3.38,0.161719548055556,3.38,0.161719532777778,3.39
0.161938710833333,3.39,0.161997296111111,3.38,0.1619978825,3.39
0.162216469722222,3.39,0.162274731388889,3.38,0.162275391944444,3.39
0.162494122777778,3.39,0.162553174166667,3.38,0.162553595555556,3.39
0.162772266111111,3.38,0.162830990833333,3.38,0.162831214722222,3.39
0.163049997222222,3.39,0.163108549444444,3.38,0.163109287222222,3.39
0.163327995,3.39,0.163386803888889,3.38,0.1633873225,3.39
0.1636056025,3.39,0.163664602777778,3.38,0.163665247222222,3.39
0.163883706388889,3.38,0.163942915277778,3.39,0.163942953055556,3.39
0.164161553611111,3.39,0.164220453888889,3.39,0.164220891111111,3.39
0.164439020555556,3.39,0.164498448333333,3.39,0.164498512222222,3.39
0.164717172777778,3.39,0.164776127777778,3.39,0.164776591388889,3.39
0.164994725,3.39,0.1650541925,3.39,0.165054581666667,3.39
0.1652727725,3.38,0.165332068888889,3.38,0.165332591666667,3.39
0.165550285833333,3.39,0.165609943611111,3.38,0.165610295,3.39
0.1658282775,3.39,0.1658878925,3.39,0.165887924166667,3.39
0.1661060075,3.39,0.166165641666667,3.38,0.166165716666667,3.39
0.166383905277778,3.38,0.166443736666667,3.38,0.166443660277778,3.39
0.166661703333333,3.39,0.16672135,3.39,0.166721603055556,3.39
0.166939574166667,3.39,0.166999140555556,3.39,0.166999049722222,3.39
0.167217324166667,3.39,0.1672769525,3.38,0.167277435833333,3.39
0.167495036388889,3.38,0.167555074444444,3.39,0.167555387777778,3.39
0.1677726125,3.39,0.167833185,3.38,0.167832813333333,3.39
0.168050837777778,3.39,0.168110672222222,3.39,0.168110738888889,3.39
0.168328539166667,3.39,0.168388543611111,3.38,0.168388696111111,3.39
0.1686064275,3.39,0.168666805833333,3.38,0.168666291388889,3.39
0.168884381388889,3.39,0.1689444125,3.39,0.168944328333333,3.39
0.1691623975,3.39,0.1692223525,3.38,0.169222033888889,3.38
0.169440321944444,3.39,0.169499993333333,3.39,0.169499911388889,3.39
0.169718230277778,3.39,0.169778123888889,3.39,0.169777845,3.39
0.169995984722222,3.39,0.170055782777778,3.39,0.170055807222222,3.39
0.170273551944444,3.39,0.170333406111111,3.39,0.170334029722222,3.39
0.17055155,3.39,0.170611315277778,3.39,0.170611705833333,3.39
0.170829314444444,3.39,0.170889065277778,3.39,0.170889527222222,3.39
0.171106742222222,3.39,0.171166596111111,3.39,0.171167139722222,3.39
0.171384857222222,3.39,0.1714450175,3.39,0.171445179166667,3.39
0.171662698055556,3.39,0.171722719444444,3.39,0.171723434166667,3.39
0.171940522777778,3.39,0.172000809166667,3.39,0.172001043611111,3.39
0.172218420277778,3.39,0.172278666388889,3.38,0.172278944444444,3.39
0.172496291666667,3.39,0.172556073055556,3.39,0.172556700833333,3.39
0.172773876111111,3.39,0.172834169444444,3.39,0.172834551944444,3.39
0.173051684444444,3.39,0.173111983333333,3.39,0.173112425,3.4
0.173329793611111,3.39,0.173389745,3.39,0.173390310555556,3.39
0.173607785555556,3.39,0.173667772222222,3.39,0.173667905,3.39
0.173885536388889,3.39,0.1739457425,3.39,0.173946148611111,3.39
0.174163373888889,3.39,0.174223262222222,3.39,0.174223530833333,3.39
0.174441298333333,3.39,0.174501483333333,3.39,0.174501552777778,3.39
0.174718974722222,3.39,0.174779259722222,3.39,0.174779539444444,3.39
0.174996848611111,3.39,0.175057040555556,3.39,0.175057431944444,3.39
0.175274939444444,3.39,0.175334624444444,3.39,0.175335321944444,3.39
0.175552610555556,3.39,0.1756126125,3.39,0.175613334722222,3.39
0.175830406111111,3.39,0.175890479166667,3.39,0.175891278333333,3.39
0.176107934444444,3.39,0.176168452222222,3.39,0.176169201666667,3.4
0.176385910833333,3.39,0.176446220555556,3.39,0.176447070277778,3.39
0.176663704722222,3.39,0.176724423611111,3.39,0.176725023333333,3.39
0.176941198611111,3.39,0.177002173333333,3.39,0.177002749166667,3.39
0.177219562777778,3.39,0.177280138611111,3.39,0.177280284722222,3.39
0.177497275,3.39,0.177557415277778,3.39,0.177558321944444,3.39
0.177775059444444,3.39,0.177835561388889,3.39,0.177835985555556,3.4
0.178052915,3.39,0.178113706388889,3.39,0.178113888611111,3.39
0.178330596944444,3.39,0.178391626388889,3.39,0.178391656111111,3.4
0.178608264722222,3.39,0.178669406388889,3.39,0.178669156111111,3.39
0.178886551388889,3.39,0.178947131666667,3.39,0.178947118611111,3.39
0.179164384444444,3.39,0.179224899444444,3.39,0.179224917222222,3.39
0.179442127777778,3.39,0.179502615,3.39,0.179502936388889,3.4
0.179719784722222,3.39,0.179780727222222,3.39,0.179780762222222,3.39
0.179997765555556,3.39,0.1800587025,3.39,0.180058673055556,3.39
0.180275068333333,3.39,0.180336398333333,3.39,0.180336140555556,3.39
0.18055313,3.39,0.180614155555556,3.39,0.180614376388889,3.39
0.1808310725,3.39,0.180892226111111,3.39,0.18089229,3.4
0.181108713333333,3.39,0.181170075277778,3.39,0.181170688055556,3.39
0.181386464166667,3.39,0.181447699166667,3.39,0.181448794722222,3.4
0.181664471388889,3.39,0.181725669166667,3.4,0.18172676,3.39
0.181942526944444,3.39,0.182002998055556,3.39,0.1820048725,3.4
0.182220114166667,3.39,0.18228145,3.39,0.182282880277778,3.4
0.182498083055556,3.39,0.182558813888889,3.39,0.182560445,3.4
0.182775974444444,3.39,0.182837434722222,3.39,0.182838761944444,3.4
0.1830539075,3.39,0.183115493333333,3.39,0.183116141388889,3.39
0.183331891666667,3.39,0.183393705277778,3.39,0.183394108333333,3.4
0.183609249166667,3.39,0.183671336388889,3.39,0.183671885,3.4
0.183887482222222,3.39,0.183949088611111,3.39,0.183950046111111,3.4
0.184164800833333,3.39,0.184226788333333,3.39,0.184227956666667,3.4
0.184442915833333,3.39,0.184504770833333,3.39,0.184505615277778,3.4
0.184720607222222,3.39,0.184782477222222,3.4,0.184783169444444,3.4
0.184998451111111,3.39,0.185060480555556,3.39,0.185061093888889,3.4
0.185276290555556,3.39,0.185338463055556,3.4,0.185338766388889,3.4
0.185553735,3.39,0.185616290277778,3.39,0.185616649444444,3.4
0.185831976111111,3.39,0.185894136111111,3.39,0.185894063611111,3.4
0.186110406388889,3.39,0.186172320555556,3.39,0.186172422777778,3.4
0.186388606388889,3.39,0.1864501825,3.39,0.186450159166667,3.4
0.186666185277778,3.39,0.186728201111111,3.4,0.186727696111111,3.4
0.186944450277778,3.39,0.187006120833333,3.39,0.187005916111111,3.4
0.187222599722222,3.4,0.187283915,3.4,0.187284239166667,3.4
0.187500151388889,3.39,0.187561615277778,3.4,0.187561825,3.4
0.187778381944444,3.4,0.187839763333333,3.39,0.187839792222222,3.4
0.188056377222222,3.39,0.188117867777778,3.39,0.188117405833333,3.4
0.188333917222222,3.39,0.188396061666667,3.39,0.188395384722222,3.4
0.188611871666667,3.39,0.188673381944444,3.39,0.188673133611111,3.4
0.188890036944444,3.39,0.188951526944444,3.39,0.188950518611111,3.4
0.189168380833333,3.39,0.189229111944444,3.39,0.189228614444444,3.4
0.189446003888889,3.39,0.189507282222222,3.39,0.189506622777778,3.4
0.189723865555556,3.4,0.189785025277778,3.4,0.18978441,3.4
0.190001256944444,3.4,0.190063028055556,3.39,0.190062464444444,3.4
0.190279423888889,3.4,0.190340548333333,3.39,0.190340618611111,3.4
0.190557129444444,3.4,0.190618544722222,3.39,0.190618249444444,3.4
0.190835048611111,3.4,0.190896409444444,3.4,0.190896180555556,3.4
0.191112346388889,3.4,0.191174101388889,3.39,0.191174265555556,3.4
0.191390681666667,3.39,0.191451894722222,3.39,0.191452374166667,3.4
0.191668373611111,3.39,0.191730080555556,3.39,0.19172996,3.4
0.191946394166667,3.39,0.192007743333333,3.4,0.192008035277778,3.4
0.192224296111111,3.39,0.192285338611111,3.4,0.192286065833333,3.4
0.192502113888889,3.4,0.192563251388889,3.4,0.192564233611111,3.4
0.192780143611111,3.4,0.192840915833333,3.4,0.192841585,3.4
0.193057901944444,3.39,0.193118905277778,3.4,0.193120120277778,3.4
0.193335534166667,3.39,0.193396326944444,3.39,0.193398026666667,3.4
0.193613411388889,3.4,0.193674230833333,3.4,0.193675900833333,3.4
0.193890947222222,3.39,0.193951873055556,3.4,0.193954031388889,3.4
0.194168894722222,3.4,0.1942301075,3.4,0.194231951388889,3.4
0.194446880833333,3.4,0.194507658333333,3.39,0.194509399722222,3.4
0.194724611111111,3.39,0.194785935833333,3.4,0.194787488055556,3.4
0.19500238,3.4,0.195063805555556,3.39,0.195065311666667,3.4
0.195279830555556,3.4,0.195341372222222,3.4,0.195343200555556,3.4
0.195558189444444,3.39,0.19561923,3.4,0.195620945277778,3.4
0.195836012777778,3.4,0.195896778611111,3.4,0.195898706388889,3.4
0.196113663888889,3.4,0.196174716944444,3.39,0.196176462222222,3.4
0.196391467777778,3.4,0.196452470833333,3.4,0.196454645277778,3.4
0.196669459722222,3.4,0.196730270833333,3.4,0.196732281666667,3.4
0.1969475175,3.4,0.197007891111111,3.4,0.197010216944444,3.4
0.197225561944444,3.4,0.197286070833333,3.4,0.197288169722222,3.4
0.197503610833333,3.4,0.197563834722222,3.4,0.197565622777778,3.4
0.197781190277778,3.4,0.1978420475,3.4,0.197843547777778,3.4
0.198059060555556,3.4,0.198119596666667,3.4,0.19812158,3.4
0.198336721666667,3.4,0.198397598888889,3.4,0.198399588333333,3.4
0.198614749444444,3.4,0.1986752325,3.4,0.198677324722222,3.4
0.198892264722222,3.4,0.198953483888889,3.4,0.198955039166667,3.4
0.199170043888889,3.4,0.19923112,3.4,0.199232723611111,3.4
0.199448358611111,3.4,0.199509355833333,3.4,0.199510898888889,3.4
0.199726062777778,3.4,0.199787251944444,3.4,0.199788689722222,3.4
0.200003672777778,3.4,0.200064886944444,3.4,0.200066665833333,3.4
0.200281423055556,3.4,0.200342807222222,3.4,0.200344151666667,3.4
0.200559058611111,3.4,0.200620699166667,3.4,0.200622538333333,3.4
0.200837039166667,3.4,0.200898763333333,3.4,0.200900565833333,3.4
0.201115409722222,3.4,0.201176824722222,3.4,0.201178481666667,3.4
0.201393238055556,3.4,0.201454415555556,3.4,0.201456185833333,3.4
0.201670888055556,3.4,0.20173231,3.4,0.20173398,3.4
0.201948789166667,3.4,0.202010292222222,3.4,0.202011590833333,3.4
0.202226536944444,3.4,0.202288312777778,3.4,0.202289691388889,3.4
0.202504756666667,3.4,0.202566445833333,3.4,0.202567643333333,3.4
0.202782850833333,3.4,0.202843856388889,3.4,0.202845745555556,3.4
0.203061078055556,3.4,0.203122276944444,3.4,0.203123543055556,3.4
0.203338415833333,3.4,0.203400174722222,3.4,0.203401177222222,3.4
0.203616546388889,3.4,0.203678485,3.4,0.203678802777778,3.4
0.203894263611111,3.4,0.203956093611111,3.4,0.203956826111111,3.4
0.204172203333333,3.4,0.204234280833333,3.4,0.204234732777778,3.4
0.204449932777778,3.4,0.204512176944444,3.4,0.2045125725,3.4
0.204727778055556,3.4,0.204789855555556,3.4,0.204790312777778,3.4
0.2050057575,3.4,0.205067710555556,3.4,0.205067706388889,3.4
0.205283363055556,3.4,0.205345787222222,3.4,0.205345784166667,3.4
0.205561336111111,3.4,0.205623914166667,3.4,0.205623642222222,3.4
0.205839230555556,3.4,0.205902043333333,3.4,0.205901583055556,3.4
0.20611681,3.4,0.206179659166667,3.4,0.206179515277778,3.4
0.206394782777778,3.4,0.206457687222222,3.4,0.206457130277778,3.4
0.206672443888889,3.4,0.206735595,3.4,0.206735271944444,3.4
0.206950514166667,3.4,0.207013276944444,3.4,0.207013116111111,3.4
0.207228198055556,3.4,0.207291109444444,3.4,0.207290799166667,3.4
0.207505936111111,3.4,0.207569053888889,3.4,0.207568590833333,3.4
0.207783805,3.39,0.207847033333333,3.4,0.20784685,3.4
0.208061590833333,3.4,0.208124452222222,3.4,0.208124785833333,3.4
0.208339013055556,3.4,0.208402375,3.4,0.208402648888889,3.4
0.208617124444444,3.4,0.2086801325,3.4,0.208680592777778,3.4
0.208894806388889,3.4,0.208958060555556,3.4,0.208958089722222,3.4
0.209172459444444,3.4,0.2092358525,3.4,0.209236035277778,3.4
0.2094507775,3.4,0.209514163611111,3.4,0.209514054444444,3.4
0.20972885,3.4,0.209792238611111,3.4,0.209792278888889,3.4
0.210006943888889,3.4,0.210070160277778,3.4,0.210069891388889,3.4
0.210284990833333,3.4,0.210347808888889,3.4,0.210348096944444,3.4
0.210562651388889,3.4,0.210626280833333,3.4,0.210625758333333,3.4
0.210840245,3.4,0.2109041575,3.4,0.210903588611111,3.4
0.211118085833333,3.4,0.211181965555556,3.4,0.211181756111111,3.4
0.211396305833333,3.4,0.211459682777778,3.4,0.211459365833333,3.4
0.211674056388889,3.4,0.211737923888889,3.4,0.211737276388889,3.4
0.211951918611111,3.4,0.212015272777778,3.4,0.212015146666667,3.4
0.212229694166667,3.4,0.212293453611111,3.4,0.212292726666667,3.411
0.212507636666667,3.4,0.212571034722222,3.4,0.212570813888889,3.4
0.212785403055556,3.4,0.212848597777778,3.4,0.212848530555556,3.4
0.213063558611111,3.4,0.213126803888889,3.4,0.213126736388889,3.4
0.213341333055556,3.4,0.21340475,3.4,0.213404504722222,3.4
0.213618874722222,3.4,0.213682408333333,3.4,0.213682285833333,3.4
0.21389679,3.4,0.213960452222222,3.4,0.213960089166667,3.4
0.214174246944444,3.4,0.214238459166667,3.4,0.214237940277778,3.4
0.214452579722222,3.4,0.214515888333333,3.4,0.214515824722222,3.4
0.214730241388889,3.4,0.214793928333333,3.4,0.214793570833333,3.4
0.215008502777778,3.4,0.2150717925,3.4,0.215071344166667,3.411
0.215286264166667,3.4,0.215349542777778,3.4,0.2153497525,3.4
0.215564555833333,3.4,0.215627352777778,3.4,0.215627429444444,3.4
0.215842410833333,3.4,0.215905410555556,3.4,0.215905041944444,3.4
0.216120545833333,3.4,0.216183049444444,3.4,0.216183013888889,3.4
0.216398121666667,3.4,0.216461105833333,3.4,0.216460735833333,3.4
0.2166759575,3.4,0.216738915277778,3.4,0.216739249722222,3.4
0.216953940555556,3.4,0.217016606111111,3.4,0.217016987222222,3.4
0.217231631666667,3.4,0.217295178611111,3.4,0.217294736666667,3.4
0.217509504444444,3.4,0.217572598055556,3.4,0.217572673333333,3.411
0.217787356388889,3.4,0.217850483611111,3.4,0.217850953611111,3.4
0.218065378333333,3.4,0.218128500833333,3.4,0.218128373888889,3.4
0.218343084722222,3.4,0.218406068888889,3.4,0.218406108055556,3.411
0.218621185833333,3.4,0.218684489444444,3.4,0.218684246388889,3.411
0.218898926944444,3.4,0.218961949444444,3.4,0.218961986111111,3.411
0.219176768333333,3.4,0.219239948611111,3.4,0.219239339722222,3.4
0.219454726111111,3.4,0.219518188888889,3.4,0.219517521666667,3.4
0.219732712222222,3.4,0.219795836111111,3.4,0.219795680833333,3.4
0.220010522777778,3.4,0.220073709722222,3.4,0.220073506944444,3.4
0.220288121666667,3.4,0.220351496666667,3.4,0.220351541944444,3.4
0.220565952777778,3.4,0.220629115555556,3.4,0.220629194444444,3.4
0.220843835277778,3.4,0.2209068975,3.4,0.220906851111111,3.4
0.221121308333333,3.4,0.221184961666667,3.4,0.221184704722222,3.4
0.221399643611111,3.4,0.221462978888889,3.4,0.2214626575,3.4
0.221677554722222,3.4,0.221740961944444,3.4,0.221740627222222,3.4
0.221955360833333,3.4,0.222018806388889,3.4,0.222018365,3.4
0.222233679166667,3.4,0.222296613333333,3.4,0.222296024444444,3.4
0.222511233055556,3.4,0.222574485833333,3.4,0.222573974166667,3.4
0.222788953333333,3.4,0.222852326944444,3.4,0.222851641666667,3.4
0.223067244722222,3.4,0.223129821111111,3.4,0.223129645,3.4
0.223345386944444,3.4,0.223407772222222,3.4,0.223407580833333,3.4
0.223623130833333,3.4,0.223685483888889,3.4,0.223685346666667,3.411
0.223900991944444,3.4,0.223963362777778,3.4,0.223963453333333,3.411
0.224178835,3.4,0.224240917222222,3.4,0.224241495833333,3.411
0.224456429722222,3.4,0.224518913333333,3.4,0.224519458055556,3.411
0.224734464444444,3.4,0.224796354722222,3.4,0.224797549166667,3.4
0.225012781388889,3.4,0.225074616111111,3.4,0.225075443611111,3.411
0.225290196944444,3.4,0.225352508611111,3.4,0.2253533525,3.4
0.225568112777778,3.4,0.225630534444444,3.4,0.225630766944444,3.4
0.225846208333333,3.4,0.225908435555556,3.4,0.225909266944444,3.411
0.226124238333333,3.4,0.226185959166667,3.4,0.226186961388889,3.411
0.226401766944444,3.4,0.226464022777778,3.4,0.226464825277778,3.411
0.226679937222222,3.4,0.226742075555556,3.4,0.226742519722222,3.4
0.226957568333333,3.4,0.2270195625,3.411,0.227020231388889,3.411
0.227235766388889,3.4,0.227297929722222,3.4,0.227298021111111,3.411
0.227513740555556,3.4,0.22757563,3.4,0.227575816666667,3.411
0.2277918025,3.4,0.227853271111111,3.4,0.227853793888889,3.411
0.228069715833333,3.4,0.228131282222222,3.4,0.228131648055556,3.411
0.228347471388889,3.4,0.22840888,3.4,0.228409386944444,3.411
0.228625088611111,3.4,0.228686831388889,3.411,0.228687463611111,3.4
0.228903148055556,3.4,0.228964557222222,3.4,0.228964968888889,3.4
0.229180788611111,3.4,0.229241966666667,3.411,0.229243204722222,3.411
0.229458831944444,3.4,0.229520403611111,3.4,0.229521088888889,3.411
0.229736795555556,3.4,0.229798148055556,3.4,0.229798936666667,3.411
0.230014284166667,3.4,0.2300760325,3.4,0.230076839444444,3.4
0.230292544722222,3.4,0.230354432777778,3.4,0.230355200555556,3.411
0.230570505,3.4,0.230632326666667,3.4,0.230633089166667,3.411
0.2308478875,3.4,0.230910035555556,3.411,0.230911144166667,3.4
0.231126111944444,3.4,0.231187715277778,3.4,0.231188806666667,3.411
0.23140418,3.4,0.2314655775,3.4,0.231466739722222,3.411
0.231681883333333,3.4,0.231743412222222,3.4,0.231744371388889,3.4
0.231960027222222,3.4,0.232021391388889,3.4,0.232022357777778,3.411
0.232237663333333,3.4,0.232299384166667,3.4,0.232300152777778,3.4
0.232515832777778,3.4,0.232577306388889,3.4,0.232578373888889,3.4
0.232793523888889,3.4,0.232855126666667,3.4,0.232855940277778,3.411
0.233071449166667,3.4,0.233132855277778,3.411,0.233133801944444,3.411
0.233349728611111,3.4,0.233410321666667,3.4,0.233411771666667,3.411
0.233627440555556,3.4,0.233688375833333,3.411,0.233689541944444,3.411
0.233905292777778,3.4,0.233966531111111,3.411,0.233967206666667,3.411
0.23418315,3.4,0.234243863888889,3.411,0.23424497,3.4
0.234460828888889,3.4,0.234521960555556,3.411,0.23452264,3.411
0.234739008611111,3.4,0.234799649722222,3.411,0.234800682222222,3.411
0.235016598055556,3.4,0.235078118611111,3.4,0.235078292777778,3.411
0.235294573888889,3.4,0.235355839444444,3.4,0.235356366111111,3.411
0.235572495555556,3.4,0.235633733888889,3.4,0.235634468055556,3.411
0.235850048611111,3.4,0.235911364166667,3.411,0.2359119475,3.411
0.236127896111111,3.4,0.236189022777778,3.411,0.236190164166667,3.411
0.236406101388889,3.4,0.2364671125,3.4,0.236468180555556,3.411
0.236683665277778,3.4,0.236744640833333,3.4,0.236745548611111,3.411
0.236961635,3.4,0.237022793888889,3.411,0.237023997777778,3.411
0.237239474722222,3.4,0.237300621666667,3.4,0.237301550277778,3.411
0.237517528333333,3.4,0.237578327777778,3.411,0.237579589444444,3.411
0.237795128888889,3.4,0.237856206944444,3.411,0.237857422222222,3.411
0.238073023611111,3.4,0.23813379,3.4,0.238135438888889,3.411
0.238350801944444,3.4,0.238411616944444,3.411,0.238413301388889,3.411
0.238628478888889,3.4,0.238689565277778,3.411,0.238691422777778,3.411
0.238906330555556,3.4,0.238967383611111,3.4,0.238969193888889,3.411
0.239184181111111,3.4,0.239244895833333,3.411,0.239247056388889,3.411
0.239461771111111,3.4,0.239522963611111,3.4,0.239525133333333,3.411
0.239739419444444,3.4,0.239801007222222,3.4,0.239802425,3.411
0.240017238333333,3.4,0.240078986388889,3.4,0.240080833888889,3.411
0.240294898611111,3.4,0.240356713611111,3.411,0.240358407222222,3.411
0.240572768055556,3.4,0.240634720277778,3.4,0.240636348888889,3.411
0.240851013888889,3.4,0.2409121575,3.4,0.240914145833333,3.411
0.241128452222222,3.4,0.241190720277778,3.411,0.241192006944444,3.411
0.241406633888889,3.4,0.241468560277778,3.411,0.241469868888889,3.411
0.241684318055556,3.4,0.241746029166667,3.411,0.241747737777778,3.411
0.241961901388889,3.411,0.242024253888889,3.411,0.24202605,3.411
0.24223995,3.4,0.242302228333333,3.411,0.242304258055556,3.411
0.242517791666667,3.4,0.242579857777778,3.411,0.242581890555556,3.411
0.242795829722222,3.4,0.242857812777778,3.4,0.242859906388889,3.411
0.243073825555556,3.4,0.243135479722222,3.411,0.243137666111111,3.411
0.243351639722222,3.4,0.243413665555556,3.411,0.243415526944444,3.411
0.243629255833333,3.4,0.243691841388889,3.411,0.243693658611111,3.411
0.243906926388889,3.4,0.243969090555556,3.411,0.243971262777778,3.411
0.244184709444444,3.4,0.244247385,3.411,0.244249285555556,3.411
0.244462881388889,3.411,0.244525257777778,3.411,0.244527563055556,3.411
0.244740779722222,3.4,0.244802746111111,3.411,0.244805156388889,3.411
0.245018608611111,3.4,0.245080766944444,3.411,0.245083285,3.411
0.245296685833333,3.4,0.245359006944444,3.4,0.245361538055556,3.411
0.245574346666667,3.4,0.245636765555556,3.411,0.245638976666667,3.411
0.2458521125,3.411,0.245914783611111,3.411,0.245917262777778,3.411
0.246130033888889,3.4,0.246192675,3.411,0.246195024166667,3.411
0.246407851388889,3.411,0.246470507777778,3.411,0.2464731475,3.411
0.246685723333333,3.411,0.246748478333333,3.411,0.246750998055556,3.411
0.246963832222222,3.411,0.24702643,3.411,0.24702932,3.411
0.247241756111111,3.4,0.247304438333333,3.411,0.247307295833333,3.411
0.247519750833333,3.4,0.247582135,3.411,0.247584927222222,3.411
0.247797598055556,3.4,0.247860472777778,3.411,0.2478628625,3.411
0.248075410555556,3.4,0.248138129444444,3.4,0.248140325555556,3.411
0.248353111388889,3.4,0.248416111388889,3.411,0.248418506111111,3.411
0.248631296111111,3.4,0.248693878611111,3.411,0.248696689722222,3.411
0.248909216111111,3.4,0.248971648888889,3.411,0.248974425277778,3.411
0.2491875525,3.411,0.2492495425,3.411,0.249252203888889,3.411
0.249465703888889,3.4,0.249527471388889,3.411,0.249529968888889,3.411
0.249743425555556,3.4,0.249805712222222,3.411,0.249807928333333,3.411
0.250021436388889,3.4,0.250083661111111,3.411,0.250085745833333,3.411
0.250299044722222,3.411,0.250361281944444,3.411,0.250363568888889,3.411
0.250576469722222,3.4,0.250639258888889,3.411,0.250641263888889,3.411
0.250854722222222,3.411,0.250916848888889,3.411,0.250919266944444,3.411
0.251132427777778,3.4,0.251194677777778,3.411,0.251196993611111,3.411
0.251410470277778,3.411,0.251472361666667,3.411,0.251475091111111,3.411
0.2516878825,3.4,0.251750332222222,3.411,0.251753189166667,3.411
0.2519659975,3.4,0.252028028055556,3.411,0.252031466944444,3.411
0.252243917222222,3.4,0.252306111388889,3.411,0.2523091325,3.411
0.252521790833333,3.4,0.252584004166667,3.411,0.252586610833333,3.411
0.252799483055556,3.411,0.252861760277778,3.411,0.252864495833333,3.411
0.253077392222222,3.411,0.253139534722222,3.411,0.253142493888889,3.411
0.253355126111111,3.411,0.253417513333333,3.411,0.2534201875,3.411
0.253632951944444,3.4,0.253695095277778,3.411,0.253697848055556,3.411
0.253910852777778,3.411,0.253973093611111,3.411,0.253975888611111,3.411
0.25418846,3.411,0.254250853055556,3.411,0.254253745833333,3.411
0.254466861944444,3.411,0.254528768888889,3.411,0.254531546388889,3.411
0.254744799722222,3.4,0.254806477222222,3.411,0.254809733611111,3.411
0.255022783888889,3.411,0.255084517222222,3.411,0.255087401666667,3.411
0.255300586388889,3.411,0.25536213,3.411,0.255365638611111,3.411
0.255578425555556,3.4,0.255639881666667,3.411,0.2556433525,3.411
0.255856301944444,3.4,0.255917769722222,3.411,0.255921514722222,3.411
0.256134393333333,3.411,0.256195941944444,3.411,0.256199304444444,3.411
0.256411978611111,3.4,0.256473718333333,3.411,0.256476885277778,3.411
0.256689902222222,3.411,0.25675142,3.411,0.256754996111111,3.411
0.256967880277778,3.4,0.257029395277778,3.411,0.257033086666667,3.411
0.257246070555556,3.411,0.257307334166667,3.411,0.257310828333333,3.411
0.257523829166667,3.411,0.257585063888889,3.411,0.257588738888889,3.411
0.25780161,3.411,0.257863113333333,3.411,0.257866701111111,3.411
0.258079448055556,3.4,0.258140781944444,3.411,0.258144512777778,3.411
0.25835731,3.411,0.258419073611111,3.411,0.2584223225,3.411
0.258634538055556,3.4,0.258697024444444,3.411,0.258700019444444,3.411
0.258912554444444,3.411,0.25897484,3.411,0.258977958055556,3.411
0.259190278055556,3.411,0.259252491111111,3.411,0.259255708611111,3.411
0.259467837777778,3.4,0.259530354444444,3.411,0.259533722222222,3.411
0.259746166388889,3.4,0.259807907222222,3.411,0.259811450555556,3.411
0.260023446944444,3.411,0.260086326388889,3.411,0.260089040555556,3.411
0.260301434722222,3.411,0.260364114166667,3.411,0.260367071666667,3.411
0.2605793775,3.411,0.260642088055556,3.411,0.2606451375,3.411
0.260857593888889,3.4,0.260919655277778,3.411,0.260923344444444,3.411
0.261135636388889,3.411,0.261197744166667,3.411,0.261201185277778,3.411
0.261413316111111,3.411,0.261475491666667,3.411,0.261478798333333,3.411
0.261691190833333,3.411,0.261753448888889,3.411,0.261756605,3.411
0.261969032777778,3.411,0.262031268611111,3.411,0.26203464,3.411
0.262246989722222,3.411,0.262309621388889,3.411,0.262312416944444,3.411
0.262524893055556,3.4,0.262587275277778,3.411,0.262590178055556,3.411
0.262802534722222,3.411,0.262865098611111,3.411,0.262867943333333,3.411
0.263080347222222,3.411,0.263142580277778,3.411,0.263145903611111,3.411
0.263358233055556,3.411,0.263420396111111,3.411,0.263423923055556,3.421
0.263636072777778,3.411,0.263698651388889,3.411,0.263701920277778,3.411
0.263913458055556,3.411,0.263976484722222,3.411,0.263979348611111,3.411
0.264191691111111,3.4,0.264254590277778,3.411,0.264257653333333,3.411
0.264469571944444,3.411,0.264532343333333,3.411,0.264535403333333,3.411
0.264747441111111,3.411,0.264810195833333,3.411,0.264813360833333,3.411
0.265025400277778,3.411,0.265088030277778,3.411,0.265090770277778,3.411
0.265303144166667,3.4,0.265365731944444,3.411,0.265369262222222,3.411
0.265580861944444,3.4,0.265643687777778,3.411,0.265647311666667,3.411
0.265858732777778,3.411,0.265921359444444,3.411,0.265925049166667,3.411
0.266136536111111,3.411,0.266199623055556,3.411,0.266203226388889,3.411
0.266414667777778,3.4,0.266477643888889,3.411,0.266480805,3.411
0.266692885277778,3.411,0.266755499444444,3.411,0.266759041944444,3.411
0.266971061388889,3.411,0.267033544722222,3.411,0.267037017777778,3.421
0.267248833611111,3.411,0.267311386944444,3.411,0.267314611944444,3.411
0.267526453888889,3.4,0.267589451388889,3.411,0.267592515555556,3.411
0.267804388333333,3.411,0.267867165833333,3.411,0.267870578611111,3.411
0.268082015277778,3.4,0.268144733611111,3.411,0.268148409722222,3.411
0.268359898055556,3.411,0.268422728888889,3.411,0.268426721388889,3.411
0.268637589166667,3.411,0.268700598055556,3.411,0.268704191111111,3.421
0.268915185555556,3.411,0.26897799,3.411,0.268982465555556,3.411
0.269193157222222,3.411,0.269256180555556,3.411,0.269260705833333,3.411
0.269471326111111,3.411,0.269533952222222,3.411,0.26953837,3.421
0.269748925277778,3.411,0.269811732222222,3.411,0.269816285,3.411
0.270026790833333,3.411,0.270089754722222,3.411,0.270094558888889,3.421
0.270304544166667,3.411,0.2703675425,3.411,0.270372560277778,3.421
0.270582439444444,3.411,0.270645334722222,3.411,0.270650687777778,3.411
0.270860506944444,3.411,0.2709233625,3.411,0.2709284925,3.411
0.271138101388889,3.411,0.271201287777778,3.411,0.271206582777778,3.411
0.271416008611111,3.411,0.271479560833333,3.411,0.271484362222222,3.411
0.271694075833333,3.411,0.27175745,3.411,0.271762664166667,3.421
0.271972016944444,3.411,0.272035259444444,3.411,0.272040463888889,3.411
0.272250109444444,3.411,0.272313041666667,3.411,0.272318271666667,3.421
0.272527746388889,3.411,0.272590894444444,3.411,0.272596009722222,3.411
0.272805730833333,3.411,0.272868752222222,3.411,0.272873921388889,3.411
0.273083606666667,3.411,0.273146401666667,3.411,0.273151605833333,3.411
0.273361743611111,3.411,0.273424603611111,3.411,0.2734293225,3.421
0.273639781388889,3.411,0.273701927222222,3.411,0.273707470555556,3.411
0.273917713333333,3.411,0.273979953611111,3.411,0.273985423333333,3.411
0.274195554166667,3.411,0.274258173055556,3.411,0.274263385833333,3.421
0.274473630555556,3.411,0.274535836666667,3.411,0.274541321111111,3.411
0.274751525833333,3.411,0.274813806944444,3.411,0.274818932222222,3.411
0.275029735833333,3.411,0.275091363055556,3.411,0.275097134722222,3.411
0.275307721111111,3.411,0.275369315833333,3.411,0.275375050833333,3.411
0.275585488333333,3.411,0.275646901111111,3.411,0.275653051666667,3.411
0.275863066666667,3.411,0.275925056666667,3.411,0.2759310725,3.411
0.276140865,3.411,0.2762027925,3.411,0.2762089425,3.421
0.276418651666667,3.411,0.276480375555556,3.411,0.276486555,3.411
0.276696438333333,3.411,0.276758335277778,3.411,0.2767647275,3.411
0.27697405,3.411,0.277036238055556,3.411,0.277042875277778,3.411
0.277252227222222,3.411,0.277313826944444,3.411,0.277320418333333,3.421
0.277529712222222,3.411,0.277591849166667,3.411,0.277598337777778,3.411
0.277807762777778,3.411,0.277869785833333,3.411,0.277876000833333,3.411
0.2780855475,3.411,0.278147443611111,3.421,0.278153933055556,3.411
0.278363172777778,3.411,0.278425235833333,3.411,0.278431795277778,3.411
0.278641356111111,3.411,0.278702759166667,3.411,0.278709511388889,3.411
0.278919118055556,3.411,0.278980620555556,3.411,0.278987279722222,3.421
0.279196687777778,3.411,0.27925847,3.411,0.279265445,3.411
0.279474235,3.411,0.279536291388889,3.411,0.279543213055556,3.421
0.279752266944444,3.411,0.279814224722222,3.411,0.279821088333333,3.411
0.280030184166667,3.411,0.280092073055556,3.411,0.280099291666667,3.421
0.2803075825,3.411,0.280370128055556,3.411,0.280377173333333,3.421
0.280585691666667,3.411,0.280648061666667,3.411,0.280655016111111,3.411
0.280863831944444,3.411,0.280926069444444,3.411,0.280932925,3.421
0.281141944166667,3.411,0.281203905,3.421,0.281210438333333,3.421
0.281419924166667,3.411,0.281481636666667,3.421,0.281488650277778,3.421
0.281697855555556,3.411,0.281759766111111,3.411,0.281766145,3.411
0.281975918611111,3.411,0.282037589444444,3.421,0.282044070277778,3.411
0.282253756388889,3.411,0.282315459166667,3.421,0.282322106666667,3.421
0.282531516944444,3.411,0.282593553333333,3.411,0.282600160833333,3.411
0.282809311944444,3.411,0.282871588333333,3.411,0.282878279166667,3.421
0.283087476111111,3.411,0.283149446388889,3.421,0.283156351388889,3.421
0.283365106111111,3.411,0.283427713888889,3.411,0.283434200833333,3.411
0.283643093333333,3.411,0.283705413055556,3.411,0.283711866388889,3.421
0.283921197222222,3.411,0.283983304166667,3.411,0.283989500555556,3.421
0.284199015833333,3.411,0.28426124,3.411,0.284267586111111,3.411
0.284476789444444,3.411,0.284538671388889,3.411,0.2845453975,3.421
0.284754471666667,3.411,0.284816841944444,3.411,0.284823340555556,3.421
0.285032498888889,3.411,0.285094139444444,3.411,0.285101069444444,3.411
0.2853102675,3.411,0.285372305277778,3.411,0.2853788025,3.411
0.285588,3.411,0.285649830277778,3.421,0.285656893611111,3.421
0.285866056944444,3.411,0.285927844166667,3.411,0.285934631666667,3.411
0.286143461944444,3.411,0.286205621944444,3.411,0.286212577222222,3.411
0.286421668333333,3.411,0.286483546388889,3.411,0.286490184444444,3.411
0.286699342222222,3.411,0.286761247222222,3.411,0.286768247222222,3.421
0.286976723055556,3.411,0.287039273888889,3.421,0.2870460975,3.421
0.287254572777778,3.411,0.287317082222222,3.421,0.287323830833333,3.421
0.287532374722222,3.411,0.287594783333333,3.411,0.287601925277778,3.421
0.287810272222222,3.411,0.287872241388889,3.421,0.287879817222222,3.421
0.2880882925,3.411,0.288150364722222,3.411,0.288157416111111,3.421
0.288366358888889,3.411,0.288427985833333,3.411,0.288435215833333,3.421
0.288644139722222,3.411,0.288705517222222,3.421,0.288713218055556,3.421
0.2889219575,3.411,0.288983835833333,3.411,0.288990823055556,3.421
0.289199987222222,3.411,0.289261570833333,3.421,0.289268615,3.421
0.289477818055556,3.411,0.289539596944444,3.411,0.289546710555556,3.421
0.289755705555556,3.411,0.289817273888889,3.411,0.289824421666667,3.421
0.290033704444444,3.411,0.290094774166667,3.421,0.290102149444444,3.421
0.290311462222222,3.411,0.290372723055556,3.411,0.290380048055556,3.421
0.290589954722222,3.411,0.290650465277778,3.421,0.290657835,3.421
0.290868019444444,3.411,0.290928339722222,3.421,0.290935835277778,3.421
0.291145698611111,3.411,0.291206215833333,3.421,0.291213296944444,3.411
0.291423533888889,3.411,0.291483905833333,3.421,0.291491297777778,3.421
0.291701270833333,3.411,0.291761333611111,3.421,0.291769340277778,3.421
0.291978970277778,3.411,0.292039898611111,3.421,0.292047398333333,3.421
0.292257064166667,3.411,0.292317588888889,3.411,0.292325425277778,3.421
0.292534901944444,3.411,0.292595632222222,3.411,0.292602704722222,3.411
0.292812691666667,3.411,0.292873405833333,3.411,0.292881175833333,3.411
0.293090555,3.411,0.29315082,3.411,0.293158608055556,3.411
0.293368262777778,3.411,0.293428940833333,3.411,0.293436596388889,3.421
0.293646353055556,3.411,0.293706584722222,3.411,0.29371453,3.421
0.293924163888889,3.411,0.293985095277778,3.421,0.293992881111111,3.411
0.294201729444444,3.411,0.294262776666667,3.421,0.294270214444444,3.421
0.294479604166667,3.411,0.294540476388889,3.411,0.294548403055556,3.421
0.294757542222222,3.411,0.294818463055556,3.421,0.294826035555556,3.421
0.295035140555556,3.411,0.295096092777778,3.421,0.295103863611111,3.421
0.295312749166667,3.411,0.295373916111111,3.421,0.295382096388889,3.421
0.295590613333333,3.411,0.295651676666667,3.421,0.295660132777778,3.421
0.295868446111111,3.411,0.295929523055556,3.411,0.295938080555556,3.421
0.296146339444444,3.411,0.296207605,3.421,0.296216143055556,3.421
0.296424510833333,3.411,0.296485145833333,3.411,0.2964940075,3.421
0.296702423611111,3.411,0.296763034722222,3.421,0.296771576944444,3.421
0.296980476666667,3.411,0.297040970833333,3.421,0.297049358055556,3.421
0.29725811,3.411,0.297318850555556,3.421,0.297327139166667,3.411
0.297536126111111,3.411,0.297597032777778,3.421,0.297604696666667,3.421
0.2978138325,3.411,0.297874714444444,3.421,0.297882875833333,3.421
0.298091888611111,3.411,0.29815284,3.421,0.298160894166667,3.421
0.298369961388889,3.411,0.298430920555556,3.421,0.298438557222222,3.421
0.298647480555556,3.411,0.298708698055555,3.421,0.298716414444444,3.421
0.29892539,3.411,0.298986744722222,3.421,0.298994523888889,3.421
0.299203436388889,3.411,0.2992648925,3.411,0.299272354722222,3.421
0.299481356388889,3.411,0.299542665277778,3.421,0.2995502375,3.421
0.299759264722222,3.411,0.299820491666667,3.411,0.299828291666667,3.421
0.300037171944444,3.411,0.300098203055556,3.421,0.300106125833333,3.421
0.300315258333333,3.411,0.300376117777778,3.421,0.300383781666667,3.421
0.300593135,3.411,0.300653653611111,3.411,0.300661576111111,3.421
0.3008713775,3.411,0.300931747222222,3.421,0.300939446388889,3.421
0.301149511666667,3.411,0.3012094925,3.421,0.301217196388889,3.421
0.301427363888889,3.411,0.301487913611111,3.421,0.301495342777778,3.421
0.3017051425,3.411,0.301765648611111,3.421,0.301773138888889,3.421
0.301982854166667,3.411,0.302043318333333,3.421,0.302050926944444,3.421
0.302260565277778,3.411,0.302321296111111,3.421,0.302328566944444,3.421
0.302538719722222,3.411,0.302599239722222,3.421,0.3026067125,3.421
0.302816601388889,3.411,0.30287748,3.421,0.302884380555556,3.421
0.303094206944444,3.411,0.30315531,3.421,0.303162123611111,3.421
0.303372089444444,3.411,0.303433513888889,3.421,0.303440146111111,3.421
0.303649866111111,3.411,0.303711101111111,3.411,0.303717665833333,3.421
0.303927666111111,3.411,0.303989309444444,3.421,0.303995899444444,3.421
0.304205427777778,3.411,0.304266890555556,3.421,0.3042735125,3.421
0.304483128888889,3.411,0.304544801388889,3.421,0.304551542222222,3.421
0.304760690833333,3.411,0.304822516944444,3.421,0.304829775277778,3.421
0.305038745555556,3.411,0.305100543888889,3.421,0.305107563611111,3.421
0.305316796666667,3.411,0.305378457777778,3.421,0.305385181944444,3.421
0.305594669722222,3.411,0.305656270833333,3.421,0.305663034444444,3.421
0.305872808611111,3.411,0.305933651666667,3.421,0.305940713333333,3.421
0.306150549166667,3.411,0.306211404722222,3.421,0.306218497222222,3.421
0.306428379166667,3.411,0.306489481111111,3.421,0.306496801388889,3.421
0.306706139722222,3.411,0.306767300277778,3.421,0.306774544722222,3.421
0.306983833333333,3.411,0.307045473333333,3.421,0.307052265277778,3.421
0.307261609166667,3.411,0.307323556111111,3.421,0.307329748611111,3.421
0.307539258611111,3.411,0.307601408888889,3.421,0.307607793888889,3.421
0.307817470833333,3.411,0.307879159444444,3.421,0.307885436388889,3.421
0.308095346944444,3.411,0.308156670277778,3.421,0.308163278055556,3.421
0.3083732275,3.411,0.308434773333333,3.421,0.308441268611111,3.421
0.308651155,3.411,0.308712419444444,3.421,0.308718998333333,3.421
0.308928840833333,3.411,0.308990461944444,3.421,0.308996805833333,3.421
0.309206359166667,3.411,0.309268143611111,3.421,0.309274901944444,3.421
0.309484380277778,3.411,0.309546060555556,3.411,0.309552808333333,3.421
0.309761821944444,3.411,0.309823924444444,3.421,0.309830566111111,3.421
0.3100398125,3.411,0.310101631111111,3.421,0.310108391666667,3.421
0.310318051388889,3.411,0.310379745833333,3.421,0.3103857225,3.421
0.310595653333333,3.411,0.310657813611111,3.421,0.310663724722222,3.421
0.310873544166667,3.411,0.310935764166667,3.421,0.310941725,3.421
0.311151272222222,3.411,0.311213963611111,3.421,0.311219603888889,3.421
0.311429128333333,3.411,0.3114917475,3.421,0.311497539166667,3.421
0.311707584722222,3.411,0.311769675555556,3.421,0.311775694722222,3.421
0.311985428333333,3.411,0.312047479444444,3.421,0.312053340833333,3.421
0.31226356,3.411,0.312325366111111,3.421,0.312331110833333,3.421
0.312541329444444,3.411,0.312603335277778,3.411,0.312608547777778,3.421
0.312818886944444,3.411,0.312881009166667,3.421,0.312886679444444,3.421
0.313096628055556,3.411,0.313159170277778,3.421,0.313164345555556,3.421
0.313374574444444,3.411,0.313437111111111,3.421,0.313442456666667,3.421
0.313652019722222,3.411,0.313714855833333,3.421,0.313720329166667,3.421
0.313930499722222,3.411,0.313992825833333,3.421,0.313997962777778,3.421
0.314208424444444,3.411,0.314270908055556,3.421,0.314275738888889,3.421
0.314486259166667,3.411,0.314548866944444,3.421,0.314553831111111,3.421
0.314764055277778,3.411,0.314826684166667,3.421,0.314831815,3.421
0.3150420275,3.411,0.315104387777778,3.421,0.315109282777778,3.421
0.3153197825,3.411,0.315382740833333,3.421,0.315387496111111,3.421
0.315597638611111,3.411,0.315660530833333,3.421,0.315665360833333,3.421
0.315875543888889,3.411,0.315939014722222,3.421,0.3159432125,3.421
0.316153149166667,3.411,0.316216804444444,3.421,0.316221143888889,3.421
0.316431041111111,3.411,0.316494830833333,3.421,0.316499056111111,3.421
0.3167086875,3.411,0.316772684444444,3.421,0.316776919444444,3.421
0.316986553333333,3.411,0.317050666944444,3.421,0.317054767222222,3.421
0.317264690555556,3.411,0.317328730555556,3.421,0.317332464722222,3.421
0.317542319722222,3.411,0.317606575,3.421,0.317610192777778,3.421
0.317820560833333,3.411,0.317884570833333,3.421,0.31788861,3.421
0.318098598888889,3.411,0.318162719722222,3.421,0.318166424722222,3.421
0.318376445833333,3.411,0.318440622222222,3.421,0.318443927222222,3.421
0.318654015277778,3.411,0.318718505833333,3.421,0.318721565833333,3.421
0.3189320425,3.411,0.318996105,3.421,0.319000128611111,3.421
0.319209951111111,3.411,0.319273938333333,3.421,0.319277475833333,3.421
0.319487635,3.411,0.319552068055556,3.421,0.31955545,3.421
0.319765565555556,3.411,0.319829876111111,3.421,0.319833353888889,3.421
0.320043641944444,3.411,0.320107599722222,3.421,0.320111141666667,3.421
0.320321224444444,3.411,0.320385612777778,3.421,0.320388635555556,3.421
0.320599200833333,3.411,0.320663523055556,3.421,0.320666986111111,3.421
0.320877209722222,3.411,0.320941305,3.421,0.320944326666667,3.421
0.321154965833333,3.411,0.321219184722222,3.421,0.321222540277778,3.421
0.321432783055556,3.411,0.321496899722222,3.421,0.321500616388889,3.421
0.321710609722222,3.411,0.321775001388889,3.421,0.321778395833333,3.421
0.321988645,3.411,0.322052422777778,3.421,0.32205614,3.421
0.322266546666667,3.411,0.322330575833333,3.421,0.322333716111111,3.421
0.322544558888889,3.411,0.322608449444444,3.421,0.322611619444444,3.421
0.322822593611111,3.411,0.322885988055556,3.421,0.32288942,3.421
0.323100408888889,3.411,0.323164307777778,3.421,0.323167220833333,3.421
0.323378310833333,3.411,0.3234417675,3.421,0.323445337222222,3.421
0.323656003333333,3.411,0.323720121388889,3.421,0.323722963611111,3.421
0.323933693611111,3.411,0.323998016666667,3.421,0.324000961666667,3.421
0.324211273611111,3.411,0.324275988333333,3.421,0.324278684444444,3.421
0.3244892275,3.411,0.324553576944444,3.421,0.324556821388889,3.421
0.324767203333333,3.411,0.324831261944444,3.421,0.324834971666667,3.421
0.325044593888889,3.411,0.325109153888889,3.421,0.325112604444444,3.421
0.325322653888889,3.411,0.325387371111111,3.421,0.325390707777778,3.421
0.325600633333333,3.411,0.3256651375,3.421,0.325668853611111,3.421
0.325878526944444,3.411,0.325942973055556,3.421,0.325946723055556,3.421
0.326156802222222,3.411,0.326221036666667,3.421,0.326224315,3.421
0.326434867777778,3.411,0.326498623611111,3.421,0.326502101388889,3.421
0.326712518611111,3.411,0.326776135555556,3.421,0.326780371666667,3.421
0.326990259444444,3.411,0.327054320277778,3.421,0.327057986666667,3.421
0.327268081111111,3.411,0.327332096944444,3.421,0.327335723055556,3.421
0.327546370277778,3.411,0.327610031666667,3.421,0.327614003888889,3.421
0.327824301944444,3.411,0.327887715277778,3.421,0.327892266944444,3.421
0.328102070555556,3.411,0.328165930833333,3.421,0.328170051666667,3.421
0.328380281111111,3.411,0.328443868055556,3.421,0.328447759444444,3.421
0.328657984166667,3.411,0.328721820555556,3.421,0.328726096944444,3.421
0.328935415,3.411,0.328999731666667,3.421,0.329004080833333,3.421
0.329213651944444,3.411,0.329277289444444,3.421,0.329281948611111,3.421
0.329491195,3.411,0.329555289166667,3.421,0.329559671944444,3.421
0.329769233888889,3.411,0.329833039722222,3.421,0.329837557222222,3.421
0.330046801666667,3.411,0.330110994166667,3.421,0.330115294444444,3.421
0.330324508611111,3.411,0.330388735555556,3.421,0.330392929722222,3.421
0.330602375,3.411,0.330666374722222,3.421,0.330670724166667,3.421
0.330880305,3.411,0.330944176944444,3.421,0.330948495277778,3.421
0.331158289722222,3.411,0.331222255,3.421,0.331226795555556,3.421
0.331436203333333,3.411,0.331499924722222,3.421,0.331504661666667,3.421
0.331714030833333,3.411,0.331777488611111,3.421,0.331782224444444,3.421
0.331992239166667,3.411,0.332055697777778,3.421,0.332060519166667,3.421
0.332269710833333,3.411,0.332333707777778,3.421,0.332338214444444,3.421
0.332547353055556,3.411,0.332611525555556,3.421,0.332616401944444,3.421
0.332825228611111,3.411,0.332889501388889,3.421,0.332894123333333,3.421
0.333103361944444,3.411,0.333167226388889,3.421,0.333172713611111,3.421
0.333381452777778,3.411,0.333444785,3.421,0.333450481388889,3.421
0.333659394722222,3.411,0.3337230025,3.421,0.333728756388889,3.421
0.333937059722222,3.411,0.334000581666667,3.421,0.33400603,3.421
0.334214768888889,3.411,0.334278334722222,3.421,0.334284250277778,3.421
0.334492746666667,3.411,0.334556082777778,3.421,0.334562286388889,3.421
0.334770495277778,3.411,0.334833850833333,3.421,0.334839937222222,3.421
0.335047825277778,3.411,0.335111633611111,3.421,0.335118195,3.421
0.335325996111111,3.411,0.335389425,3.421,0.335395718333333,3.421
0.335603580277778,3.411,0.335667300555556,3.421,0.335673673611111,3.421
0.335881941111111,3.411,0.335945283888889,3.421,0.335951124166667,3.421
0.336159907222222,3.411,0.336223307222222,3.421,0.336229119444444,3.421
0.336437788611111,3.411,0.336500994722222,3.421,0.33650685,3.421
0.336715696388889,3.411,0.336778953055556,3.421,0.336784854166667,3.421
0.336993426111111,3.411,0.337056734166667,3.421,0.337062458333333,3.421
0.337271600555556,3.411,0.3373342925,3.421,0.337340341111111,3.421
0.337549243333333,3.411,0.337612543611111,3.421,0.337617938888889,3.421
0.337827120833333,3.411,0.337890489166667,3.421,0.337895806944444,3.421
0.3381049575,3.411,0.338168665555556,3.421,0.338173913333333,3.421
0.338382278333333,3.411,0.338446328055556,3.421,0.338452059166667,3.421
0.338660808611111,3.411,0.338724167222222,3.421,0.338729493888889,3.421
0.3389389075,3.411,0.339001955555556,3.421,0.339007461111111,3.421
0.339216632777778,3.411,0.339279685555556,3.421,0.339285261388889,3.421
0.339494252222222,3.411,0.339557633888889,3.421,0.339563000555556,3.421
0.339772036111111,3.411,0.339835433888889,3.421,0.339840808611111,3.421
0.34004989,3.411,0.340113027777778,3.421,0.340118768611111,3.421
0.340327769444444,3.411,0.340391148888889,3.421,0.340396817777778,3.421
0.340605793333333,3.411,0.3406690775,3.421,0.340674643055556,3.421
0.34088378,3.411,0.340946327777778,3.421,0.340952842777778,3.421
0.341161188611111,3.411,0.341224596944444,3.421,0.341231045833333,3.421
0.341439119722222,3.411,0.341502580277778,3.421,0.341508876944444,3.421
0.341717121944444,3.411,0.341780514166667,3.421,0.341786275833333,3.421
0.341994843611111,3.411,0.342058606388889,3.421,0.3420648225,3.421
0.342272790277778,3.411,0.342336458055556,3.421,0.342342680833333,3.421
0.342550392777778,3.411,0.342614136944444,3.421,0.342620326666667,3.421
0.342828255,3.411,0.342891803888889,3.421,0.342898319166667,3.421
0.343106092222222,3.411,0.343169760277778,3.421,0.343176219166667,3.421
0.343383833888889,3.411,0.3434472575,3.421,0.343453869166667,3.421
0.34366194,3.411,0.343725415277778,3.421,0.343731803888889,3.421
0.343939366388889,3.411,0.344003280555556,3.421,0.344009546666667,3.421
0.344217495555556,3.411,0.344281199722222,3.421,0.344287840277778,3.421
0.344495294166667,3.411,0.344559093888889,3.421,0.344565183055556,3.421
0.3447732825,3.411,0.344836757777778,3.421,0.344843299444444,3.421
0.345051046111111,3.411,0.345114475,3.421,0.345121252222222,3.421
0.345328740833333,3.421,0.345392329166667,3.421,0.34539871,3.421
0.345606605277778,3.411,0.345670165277778,3.421,0.345676842222222,3.421
0.345884088611111,3.411,0.345947539722222,3.421,0.345954690833333,3.421
0.346162070555556,3.411,0.346225611111111,3.421,0.346232398611111,3.421
0.346439677222222,3.411,0.346503183055556,3.421,0.346510037222222,3.421
0.346717738611111,3.411,0.346781290833333,3.421,0.346788259166667,3.421
0.346995112222222,3.411,0.347058540833333,3.421,0.347066175833333,3.421
0.347273258333333,3.411,0.347336941666667,3.421,0.347344087222222,3.421
0.347551703055556,3.411,0.347614611388889,3.421,0.3476222875,3.421
0.347828996388889,3.411,0.347892609166667,3.421,0.347899896388889,3.421
0.348107168611111,3.411,0.348170296388889,3.421,0.348177760833333,3.421
0.3483845875,3.411,0.348448095277778,3.421,0.348455156944444,3.421
0.348662975277778,3.411,0.348726321388889,3.421,0.348733225555556,3.421
0.348940700555556,3.411,0.349004204444444,3.421,0.3490111725,3.421
0.3492186,3.411,0.349282229722222,3.421,0.349288962222222,3.421
0.349496707222222,3.421,0.349560213888889,3.421,0.349566299166667,3.421
0.349774264722222,3.411,0.349838288055556,3.421,0.349844775,3.421
0.350052341388889,3.411,0.350116090833333,3.421,0.350122675,3.421
0.3503300975,3.411,0.350393911666667,3.421,0.350400535,3.421
0.350607940277778,3.411,0.350671463333333,3.421,0.350678439166667,3.421
0.350886120833333,3.411,0.350949276388889,3.421,0.350956499166667,3.421
0.351163624166667,3.411,0.351227263888889,3.421,0.3512340375,3.421
0.351441191944444,3.411,0.351505112222222,3.421,0.351511871944444,3.421
0.3523875025,3.411,0.351783511666667,3.421,0.351789543055556,3.421
0.352664698611111,3.411,0.352061228888889,3.421,0.352067550555556,3.421
0.352942810277778,3.411,0.3523392875,3.421,0.3523453725,3.421
0.353221090277778,3.411,0.352617035,3.421,0.352623437777778,3.421
0.353498563055556,3.411,0.352894881388889,3.421,0.352901139444444,3.421
0.353776829722222,3.411,0.353172662222222,3.421,0.353179293055556,3.421
0.354054299722222,3.411,0.353450416944444,3.421,0.353456954722222,3.421
0.354332223055556,3.411,0.353728249166667,3.421,0.353734716388889,3.421
0.354610280833333,3.411,0.354005764444444,3.421,0.354012591666667,3.421
0.354888021111111,3.411,0.354283675,3.421,0.354290798888889,3.421
0.355165896111111,3.411,0.354561779166667,3.421,0.354568746944444,3.421
0.355443713055556,3.411,0.354839515,3.421,0.354846351666667,3.421
0.355721906944444,3.411,0.355117112777778,3.421,0.355124355277778,3.421
0.355999523611111,3.411,0.355395033888889,3.421,0.355402512222222,3.421
0.356277006111111,3.411,0.355672923888889,3.421,0.355680584166667,3.421
0.356555439444444,3.411,0.355950766111111,3.421,0.355958741388889,3.421
0.356833353055556,3.411,0.356228641388889,3.421,0.356236069444444,3.421
0.357111203333333,3.411,0.356506066944444,3.421,0.356514124722222,3.421
0.357388766388889,3.411,0.356784147222222,3.421,0.356792098055556,3.421
0.35766693,3.411,0.357061950277778,3.421,0.357069966388889,3.421
0.357944988333333,3.411,0.357339800277778,3.421,0.357347680833333,3.421
0.358223071388889,3.411,0.357617564444444,3.421,0.357625846388889,3.421
0.358500696666667,3.411,0.357895143611111,3.421,0.3579035825,3.421
0.358778881944444,3.411,0.358173450833333,3.421,0.358181471944444,3.421
0.359056523611111,3.411,0.35845152,3.421,0.358459394444444,3.421
0.359334568055556,3.411,0.358729180277778,3.421,0.358737125,3.421
0.359612352777778,3.411,0.359007098611111,3.421,0.359015209444444,3.421
0.359890230833333,3.411,0.359284886944444,3.421,0.359293198055556,3.421
0.360168228888889,3.411,0.359563242222222,3.421,0.359571170555556,3.421
0.360446375277778,3.411,0.359840758333333,3.421,0.359848983055556,3.421
0.360724300833333,3.411,0.360118726944444,3.421,0.360126423611111,3.421
0.36100206,3.411,0.360396365555556,3.421,0.360404611388889,3.421
0.3612796575,3.411,0.360674508888889,3.421,0.3606824275,3.421
0.3615574225,3.411,0.3609523125,3.421,0.360960511111111,3.421
0.361835050833333,3.411,0.361229874722222,3.421,0.361238661111111,3.421
0.362113133055556,3.411,0.361507726111111,3.421,0.3615162175,3.421
0.362390978888889,3.411,0.361785841388889,3.421,0.361794195,3.421
0.362668978333333,3.411,0.362064050277778,3.421,0.362072137777778,3.421
0.362946780555556,3.411,0.36234166,3.421,0.362349833055556,3.421
0.3632249375,3.411,0.362619821944444,3.421,0.3626276525,3.421
0.363503131944444,3.411,0.362897488888889,3.421,0.362905511111111,3.421
0.363780913333333,3.411,0.363175309166667,3.421,0.363183411666667,3.421
0.364058960277778,3.411,0.363453168888889,3.421,0.363461061944444,3.421
0.364337091111111,3.411,0.363730515,3.421,0.363738784166667,3.421
0.364614752222222,3.411,0.364008653611111,3.421,0.364017086111111,3.421
0.364893009722222,3.411,0.36428645,3.421,0.364294689444444,3.421
0.365170558333333,3.411,0.364564210833333,3.421,0.364572470277778,3.421
0.365448731388889,3.411,0.364841997777778,3.421,0.364850659444444,3.421
0.365726371111111,3.411,0.365120095555556,3.421,0.365128359444444,3.421
0.366004327222222,3.411,0.365397831944444,3.421,0.365406128888889,3.421
0.366282112777778,3.411,0.3656759275,3.421,0.365683972222222,3.421
0.366559860277778,3.411,0.365953986388889,3.421,0.365961746944444,3.421
0.366837680277778,3.411,0.366232058333333,3.421,0.366239622777778,3.421
0.367115406944444,3.411,0.366509605,3.421,0.366517714166667,3.421
0.367393359722222,3.411,0.366787668333333,3.421,0.3667952825,3.421
0.367670938055556,3.411,0.367065275555556,3.421,0.367073339722222,3.421
0.367948744722222,3.411,0.367343473888889,3.421,0.367351066388889,3.421
0.368226444166667,3.411,0.367620870555556,3.421,0.367629233055556,3.421
0.3685047825,3.411,0.367898816111111,3.421,0.367907044722222,3.421
0.368782997222222,3.411,0.368176601111111,3.421,0.368184901944444,3.421
0.369060346666667,3.411,0.368454600833333,3.421,0.368462676111111,3.421
0.369338700277778,3.411,0.368732662222222,3.421,0.368740869722222,3.421
0.369616946944444,3.411,0.369010928055556,3.421,0.369018838333333,3.421
0.369894581111111,3.411,0.369288825833333,3.421,0.369296599166667,3.421
0.370172433888889,3.411,0.369566572777778,3.421,0.369574511111111,3.421
0.370450381111111,3.411,0.369844556111111,3.421,0.369851941111111,3.421
0.370727876111111,3.411,0.370122126944444,3.421,0.370130106111111,3.421
0.371005922777778,3.411,0.370399722777778,3.421,0.370407964722222,3.421
0.371283818333333,3.421,0.370677949444444,3.421,0.370685770555556,3.421
0.371561623888889,3.411,0.370955752222222,3.421,0.370963421666667,3.421
0.371839261111111,3.411,0.371233321666667,3.421,0.371241514444444,3.421
0.372117003611111,3.411,0.371511332222222,3.421,0.371519496666667,3.421
0.372394820555556,3.411,0.371789408055556,3.421,0.371797266388889,3.421
0.372672622222222,3.421,0.372067151944444,3.421,0.372075005555556,3.421
0.372950421944444,3.411,0.372344687777778,3.421,0.372352828888889,3.421
0.373228297777778,3.411,0.372623367222222,3.421,0.372630608333333,3.421
0.373505936111111,3.421,0.372901479722222,3.421,0.372908331111111,3.421
0.373783744444444,3.421,0.373179133055556,3.421,0.373186134722222,3.421
0.374061811666667,3.421,0.373457159166667,3.421,0.373464096388889,3.421
0.374339578611111,3.411,0.373735356666667,3.421,0.373742148055556,3.421
0.374617523055556,3.411,0.374013211388889,3.421,0.374020056666667,3.421
0.374895561388889,3.421,0.374291243611111,3.421,0.374297955277778,3.421
0.375173299166667,3.411,0.37456873,3.421,0.374575444444444,3.421
0.375451315,3.411,0.374846966666667,3.421,0.374853673055556,3.421
0.375729120833333,3.411,0.375124696666667,3.421,0.375131633888889,3.421
0.376007148055556,3.421,0.375402585555556,3.421,0.375409358888889,3.421
0.376284782777778,3.411,0.375680238611111,3.421,0.375687166944444,3.421
0.376562568055556,3.421,0.375958451944444,3.421,0.375964868055556,3.421
0.3768406,3.411,0.376236447222222,3.421,0.376242782777778,3.421
0.377118718333333,3.421,0.376514356944444,3.421,0.376520538055556,3.421
0.377396511666667,3.421,0.3767920675,3.421,0.376798526111111,3.421
0.377674668611111,3.421,0.377069609722222,3.421,0.377076620833333,3.421
0.377952624166667,3.411,0.377347485833333,3.421,0.377354320277778,3.421
0.378230631666667,3.411,0.377625178888889,3.421,0.377632513333333,3.421
0.378508448055556,3.421,0.377903006944444,3.421,0.377910206388889,3.421
0.378786381666667,3.421,0.378180864166667,3.421,0.378188081388889,3.421
0.379063665277778,3.421,0.378458723055556,3.421,0.378465845833333,3.421
0.379341695833333,3.411,0.378736349166667,3.421,0.3787436975,3.421
0.379619881944444,3.421,0.379014279444444,3.421,0.379021381388889,3.421
0.379897814166667,3.411,0.379291686944444,3.421,0.379299351388889,3.421
0.3801759425,3.421,0.379569404166667,3.421,0.379577288611111,3.421
0.380453760833333,3.411,0.379847411111111,3.421,0.379854857777778,3.421
0.3807311975,3.421,0.380125326111111,3.421,0.380132736111111,3.421
0.3810093825,3.411,0.380403475833333,3.421,0.380410705277778,3.421
0.381287101111111,3.411,0.3806811725,3.421,0.380688323611111,3.421
0.381564736111111,3.411,0.380959368333333,3.421,0.380966744166667,3.421
0.381842611111111,3.421,0.381236959166667,3.421,0.381244608888889,3.421
0.382120180277778,3.411,0.381515136666667,3.421,0.381522271666667,3.421
0.382398366111111,3.411,0.381792712222222,3.421,0.3818002525,3.421
0.382675803888889,3.411,0.3820704325,3.421,0.382078298888889,3.421
0.382953801944444,3.411,0.382348683888889,3.421,0.382356449444444,3.421
0.383231227222222,3.421,0.3826262025,3.421,0.382634077777778,3.421
0.383509674444444,3.411,0.382904319166667,3.421,0.3829118725,3.421
0.3837877025,3.411,0.3831822375,3.421,0.383189972777778,3.421
0.384065084166667,3.411,0.383460059166667,3.421,0.383468070555556,3.421
0.384343631944444,3.411,0.383737722777778,3.421,0.383745767222222,3.421
0.384621103333333,3.411,0.384015689722222,3.421,0.384024069444444,3.421
0.384898786944444,3.421,0.384293675,3.421,0.384302326111111,3.421
0.385176696111111,3.411,0.384571580277778,3.421,0.384580331388889,3.421
0.385454724444444,3.421,0.384849825833333,3.421,0.384858154722222,3.421
0.385732555555556,3.411,0.385127610277778,3.421,0.385136131944444,3.421
0.386010449166667,3.411,0.385405105833333,3.421,0.385414011666667,3.421
0.386288149722222,3.411,0.385682973055556,3.421,0.3856921725,3.421
0.386565983888889,3.411,0.38596075,3.421,0.385969864722222,3.421
0.386844074166667,3.411,0.386238700277778,3.421,0.386247810277778,3.421
0.387122021666667,3.411,0.386516546944444,3.421,0.386525490555556,3.421
0.387399778888889,3.421,0.386794118333333,3.421,0.386803745,3.421
0.387678008611111,3.411,0.387072289444444,3.421,0.387081373333333,3.421
0.387955385555556,3.411,0.387350064722222,3.421,0.387359352777778,3.421
0.388233458888889,3.411,0.387628016666667,3.421,0.387637326111111,3.421
0.388511280833333,3.411,0.387905911388889,3.421,0.387915173333333,3.421
0.388789161944444,3.411,0.388183545555556,3.421,0.388193160555556,3.421
0.389066591666667,3.411,0.388461510833333,3.421,0.388471299166667,3.421
0.389344681666667,3.421,0.38873951,3.421,0.388749301388889,3.421
0.389622478611111,3.421,0.389017330277778,3.421,0.389027546388889,3.421
0.389900188055556,3.411,0.389295180555556,3.421,0.389305255277778,3.421
0.390178145555556,3.411,0.389572491666667,3.421,0.389583105555556,3.421
0.390455692777778,3.411,0.389850805,3.421,0.389860631944444,3.421
0.390733668333333,3.411,0.390128915833333,3.421,0.390138676111111,3.421
0.391011626944444,3.421,0.390406583888889,3.421,0.390416419444444,3.421
0.391289319166667,3.411,0.390684667777778,3.421,0.390694218611111,3.421
0.391567209166667,3.411,0.390962580833333,3.421,0.390972256111111,3.421
0.391845073611111,3.421,0.391240395833333,3.421,0.391249669166667,3.421
0.392122983611111,3.411,0.391518317222222,3.431,0.391527703055556,3.421
0.392400693055556,3.411,0.391796538333333,3.421,0.391805536111111,3.421
0.392678395833333,3.421,0.392074328611111,3.421,0.392083601666667,3.421
0.392956259444444,3.411,0.392351847777778,3.421,0.392361327777778,3.421
0.393233941666667,3.421,0.392629414722222,3.421,0.392639289166667,3.421
0.393511791388889,3.411,0.392907664166667,3.421,0.392917143333333,3.421
0.393789504166667,3.411,0.393185729722222,3.421,0.393195056944444,3.421
0.394067288055556,3.421,0.393463854722222,3.421,0.393473338611111,3.421
0.394345162222222,3.421,0.393741670833333,3.421,0.393751424444444,3.421
0.394623080277778,3.411,0.394019530277778,3.421,0.394028846666667,3.421
0.394900646666667,3.411,0.394297556111111,3.421,0.394306698611111,3.421
0.395178546111111,3.411,0.394575419722222,3.421,0.394584501666667,3.421
0.395456379722222,3.411,0.394853448055556,3.421,0.3948622025,3.421
0.395734370555556,3.411,0.395130951666667,3.421,0.395139941388889,3.421
0.396012393888889,3.421,0.395408884444444,3.421,0.395418072777778,3.421
0.396290229444444,3.421,0.395686805277778,3.421,0.395696330277778,3.421
0.396568251944444,3.411,0.395964504166667,3.421,0.3959741925,3.421
0.396845916944444,3.411,0.396242851388889,3.421,0.396252316666667,3.421
0.397123696666667,3.411,0.396520576111111,3.421,0.396530173055556,3.421
0.397401688611111,3.421,0.396798226666667,3.421,0.396808103055556,3.421
0.397679310833333,3.411,0.3970757725,3.421,0.397086028333333,3.421
0.397957117222222,3.421,0.397353865277778,3.421,0.397364008055556,3.421
0.398234903055556,3.421,0.39763222,3.421,0.397641556388889,3.421
0.398512976388889,3.411,0.397910158888889,3.421,0.397919596111111,3.421
0.398791103333333,3.421,0.398188150277778,3.421,0.398197804444444,3.421
0.399068744166667,3.421,0.3984660625,3.421,0.398475202777778,3.421
0.399346438611111,3.411,0.398743922222222,3.421,0.398753265277778,3.421
0.399624036388889,3.421,0.399021624166667,3.421,0.399030791111111,3.421
0.399902073333333,3.421,0.399299802222222,3.421,0.399308806388889,3.421
0.400179811944444,3.421,0.399577460833333,3.421,0.399587058611111,3.421
0.400457655277778,3.421,0.399855754722222,3.421,0.399865115833333,3.421
0.400735526944444,3.421,0.400133420555556,3.421,0.400142761666667,3.421
0.401013252222222,3.411,0.400411333333333,3.421,0.400420430555556,3.421
0.401290859444444,3.421,0.400689346666667,3.421,0.400698220833333,3.421
0.401568619444444,3.411,0.400967116944444,3.421,0.400975904166667,3.421
0.401846527777778,3.411,0.401244770277778,3.421,0.401253775555556,3.421
0.402124704722222,3.411,0.401522816666667,3.421,0.401531518055556,3.421
0.402402325833333,3.411,0.401800655555556,3.421,0.401809452777778,3.421
0.402680150833333,3.421,0.402078795555556,3.421,0.402087264722222,3.421
0.40295804,3.421,0.402356750555556,3.421,0.402365085,3.421
0.403235718055556,3.421,0.402634626388889,3.421,0.402642939444444,3.421
0.403513472777778,3.421,0.402912501111111,3.421,0.402920815555556,3.421
0.403791196666667,3.421,0.403190309444444,3.421,0.403198891111111,3.421
0.404069313055556,3.411,0.403468247222222,3.421,0.403476832777778,3.421
0.404347242777778,3.411,0.403745805555556,3.421,0.403754758611111,3.421
0.404624894722222,3.421,0.404023706666667,3.421,0.404032600833333,3.421
0.404902832222222,3.421,0.4043013575,3.421,0.404310179722222,3.421
0.405180617222222,3.411,0.404579293055556,3.421,0.404587928611111,3.421
0.405458223333333,3.421,0.404857018333333,3.421,0.404865796666667,3.421
0.405736208333333,3.421,0.405134843888889,3.421,0.405143563888889,3.421
0.406014041111111,3.421,0.4054129575,3.431,0.405421436111111,3.421
0.406291797222222,3.421,0.405690840277778,3.421,0.405699072222222,3.421
0.406569764166667,3.421,0.405968713333333,3.421,0.405976830555556,3.421
0.406847975555556,3.411,0.406246101388889,3.421,0.406254716944444,3.421
0.407125873333333,3.421,0.406524005277778,3.421,0.406532651666667,3.421
0.407403865833333,3.421,0.406802317777778,3.421,0.406810715555556,3.421
0.407681576388889,3.411,0.407079653333333,3.421,0.407088435,3.421
0.407959286111111,3.421,0.407357441111111,3.421,0.407366262777778,3.421
0.408237165555556,3.411,0.407635545555556,3.421,0.407644371944444,3.421
0.408514906666667,3.421,0.407913548888889,3.421,0.407922256944444,3.421
0.408793152222222,3.421,0.408191195833333,3.421,0.408199922222222,3.421
0.409071304444444,3.411,0.408469070277778,3.421,0.408478000555556,3.421
0.409349071944444,3.421,0.408746477222222,3.421,0.408755650833333,3.421
0.409627142777778,3.421,0.40902437,3.421,0.409033499444444,3.421
0.409905209444444,3.421,0.409302319722222,3.421,0.4093115,3.421
0.410182930277778,3.421,0.409580541944444,3.421,0.409589447222222,3.421
0.4104607325,3.411,0.409858426666667,3.421,0.409867642222222,3.421
0.410738715555556,3.411,0.410136289444444,3.421,0.410145254166667,3.421
0.411016666944444,3.411,0.410414066666667,3.421,0.410423265833333,3.421
0.411294060277778,3.411,0.410692348333333,3.421,0.4107009125,3.421
0.411572031388889,3.421,0.410969951944444,3.421,0.410978770277778,3.421
0.411849951111111,3.421,0.4112478975,3.421,0.411257027222222,3.431
0.412127412222222,3.411,0.411525822222222,3.421,0.411534698055556,3.421
0.41240552,3.421,0.411803567777778,3.421,0.411812807777778,3.421
0.412683286388889,3.411,0.412081609166667,3.421,0.41209046,3.431
0.412961148611111,3.421,0.4123599675,3.421,0.412368616388889,3.421
0.413239046111111,3.411,0.412637544722222,3.421,0.412646333055556,3.421
0.413516625833333,3.421,0.412915248333333,3.421,0.412924103611111,3.421
0.413794738055556,3.411,0.413193326666667,3.421,0.413201805277778,3.421
0.414072476666667,3.421,0.413471510833333,3.421,0.413479815555556,3.421
0.414350588888889,3.411,0.41374924,3.421,0.413757796944444,3.421
0.414628421666667,3.421,0.414027104166667,3.421,0.414035946944444,3.421
0.414906284722222,3.421,0.414304988055556,3.421,0.414313538333333,3.421
0.4151841375,3.411,0.414582682777778,3.421,0.414591699444444,3.421
0.415462055,3.421,0.414861113611111,3.421,0.414869788055556,3.421
0.415739546666667,3.421,0.415138818611111,3.421,0.415147605,3.421
0.416017985277778,3.421,0.415416693611111,3.431,0.415425350277778,3.421
0.416296053888889,3.421,0.415694707222222,3.421,0.415703199444444,3.421
0.416573693888889,3.421,0.415972436388889,3.421,0.4159809075,3.421
0.416851745833333,3.421,0.416249933333333,3.421,0.416258722222222,3.421
0.417129833888889,3.421,0.416527898055556,3.421,0.416536767222222,3.431
0.417407790555556,3.421,0.416805793611111,3.421,0.416814774444444,3.421
0.417685536944444,3.411,0.41708333,3.421,0.417092578055556,3.421
0.417962865555556,3.421,0.417361375555556,3.421,0.417370373888889,3.421
0.418241084444444,3.421,0.417639130277778,3.421,0.417647864166667,3.421
0.418518959444444,3.421,0.417916998333333,3.421,0.417925659166667,3.421
0.418796911111111,3.411,0.418195056111111,3.421,0.418203973333333,3.421
0.419074668611111,3.411,0.418473415,3.421,0.418481728055556,3.421
0.419352350833333,3.421,0.418751101388889,3.421,0.418759123333333,3.421
0.419630335833333,3.411,0.419028958888889,3.421,0.419036838611111,3.421
0.419908233055556,3.411,0.4193069325,3.421,0.419315360555556,3.421
0.420186088611111,3.421,0.419584628888889,3.421,0.419593025277778,3.421
0.420463900833333,3.421,0.419862953055556,3.421,0.419870764444444,3.421
0.420741349444444,3.411,0.420140623888889,3.421,0.420149013055556,3.421
0.421019364166667,3.421,0.420418387777778,3.421,0.420426888888889,3.421
0.421297326666667,3.421,0.4206964425,3.421,0.420705118888889,3.421
0.421574905555556,3.411,0.420974086944444,3.421,0.420982888611111,3.421
0.421853032222222,3.421,0.421251654444444,3.421,0.421260790555556,3.421
0.422130850555556,3.421,0.421529840277778,3.421,0.421538516111111,3.421
0.422408925277778,3.411,0.421807437777778,3.421,0.421816289444444,3.421
0.422686491111111,3.421,0.422085213055556,3.421,0.422094155833333,3.421
0.422964965833333,3.421,0.422363490555556,3.421,0.422372209722222,3.421
0.423242318611111,3.421,0.422640970833333,3.421,0.4226499675,3.421
0.423520875,3.421,0.42291918,3.431,0.422927760555556,3.421
0.423798880833333,3.421,0.423196974722222,3.421,0.4232052575,3.421
0.424076379444444,3.421,0.423474807777778,3.421,0.423482963888889,3.421
0.424354211666667,3.421,0.423752416388889,3.421,0.423761126388889,3.421
0.424631729444444,3.421,0.424030855277778,3.421,0.424038708611111,3.421
0.424909847222222,3.421,0.424308595,3.421,0.424316623055556,3.421
0.425188008055556,3.421,0.424586528611111,3.421,0.424594603611111,3.421
0.425466113333333,3.411,0.424864295555556,3.421,0.424872423611111,3.421
0.42574389,3.421,0.425141585277778,3.421,0.425150460833333,3.421
0.426021329166667,3.421,0.425419763055556,3.421,0.425428539444444,3.421
0.426299144166667,3.411,0.4256979,3.421,0.425706524722222,3.421
0.426577125555556,3.421,0.425975230833333,3.421,0.425984495,3.421
0.4268549675,3.421,0.426253696666667,3.431,0.426262134722222,3.421
0.427132708888889,3.411,0.426531469166667,3.421,0.426540298333333,3.421
0.427410404444444,3.421,0.426809356388889,3.421,0.426818081666667,3.421
0.427688162777778,3.411,0.427087056944444,3.421,0.427095747222222,3.421
0.427965865833333,3.411,0.427364671111111,3.421,0.4273739975,3.421
0.4282434175,3.421,0.427642536111111,3.421,0.427651708333333,3.421
0.428521800833333,3.421,0.427920307777778,3.421,0.427929471111111,3.421
0.428799676388889,3.421,0.428197783611111,3.431,0.428207270833333,3.421
0.429077335,3.421,0.428476019444444,3.431,0.428484885555556,3.421
0.4293554975,3.421,0.428754019444444,3.421,0.428762673333333,3.421
0.429633275,3.421,0.429031810833333,3.421,0.429041071944444,3.421
0.4299112425,3.421,0.429309886388889,3.421,0.429318551111111,3.421
0.430189036388889,3.421,0.429587814722222,3.421,0.429596620833333,3.421
0.430466782777778,3.411,0.429865647222222,3.421,0.429874485277778,3.421
0.430744725555556,3.421,0.430143248055556,3.421,0.430152245,3.421
0.431022548333333,3.421,0.430421292777778,3.421,0.430430416666667,3.421
0.431300365,3.421,0.4306990275,3.421,0.430707872777778,3.421
0.431578135277778,3.421,0.430976866944444,3.421,0.430985745555556,3.421
0.431856381944444,3.411,0.431254674166667,3.421,0.431263515,3.421
0.432133955,3.421,0.431532307777778,3.421,0.431541593055556,3.421
0.4324116525,3.411,0.431810090277778,3.421,0.431819419722222,3.421
0.432689507777778,3.421,0.432087978055556,3.421,0.432097111666667,3.421
0.432967341666667,3.421,0.432365828333333,3.421,0.432374946388889,3.421
0.433245331111111,3.421,0.432644060555556,3.431,0.432653320555556,3.421
0.433523171944444,3.421,0.432921904166667,3.421,0.432931556111111,3.421
0.433801302777778,3.421,0.433199878333333,3.421,0.433209239444444,3.421
0.434079218333333,3.421,0.433477517222222,3.431,0.433487559722222,3.421
0.434357173611111,3.421,0.433755392222222,3.421,0.4337651625,3.421
0.434635072777778,3.421,0.434033049444444,3.421,0.434043206111111,3.431
0.434913425833333,3.421,0.434310818611111,3.421,0.434321006666667,3.421
0.435191172777778,3.421,0.434588649166667,3.421,0.434599445833333,3.421
0.435469226388889,3.421,0.434866601944444,3.421,0.434877258333333,3.421
0.435747080277778,3.411,0.435144675,3.421,0.435154985,3.421
0.436024711111111,3.421,0.435422601666667,3.421,0.435432733333333,3.421
0.436302566111111,3.421,0.435700076666667,3.421,0.435710473333333,3.421
0.436580076944444,3.421,0.435977965555556,3.421,0.435988385277778,3.421
0.436858105,3.421,0.436256298333333,3.421,0.436266049722222,3.421
0.437136313333333,3.411,0.436533898055556,3.431,0.436543995833333,3.421
0.437413930833333,3.411,0.436811806944444,3.431,0.436821723611111,3.421
0.437691619722222,3.411,0.437089438333333,3.421,0.437099474444444,3.421
0.437969614722222,3.421,0.437367346388889,3.421,0.437377386666667,3.421
0.438247790555556,3.421,0.437645054722222,3.421,0.4376551725,3.421
0.438525821666667,3.421,0.437922695555556,3.421,0.4379331925,3.421
0.438803490555556,3.421,0.438200839722222,3.421,0.438211111944444,3.421
0.439081480277778,3.421,0.438479076944444,3.421,0.438488639166667,3.421
0.439359255,3.421,0.438756764722222,3.421,0.438766749166667,3.421
0.439637123055556,3.421,0.439034842222222,3.421,0.439044557222222,3.421
0.439914646111111,3.421,0.439312872777778,3.421,0.439322056388889,3.421
0.440192961111111,3.411,0.439590701388889,3.421,0.439600118055556,3.421
0.440471088611111,3.421,0.439868413888889,3.431,0.439878028611111,3.421
0.440748819722222,3.421,0.440146570277778,3.431,0.440156119166667,3.421
0.441026381388889,3.421,0.440424203611111,3.421,0.4404339425,3.421
0.441304418055556,3.421,0.440702779722222,3.421,0.440712042777778,3.421
0.441582378333333,3.421,0.440980433611111,3.421,0.440989511944444,3.421
0.441859981944444,3.421,0.441258369166667,3.431,0.441267529722222,3.421
0.442137818333333,3.421,0.441535845,3.431,0.441545638333333,3.421
0.442415593888889,3.421,0.441813868055556,3.421,0.441823293055556,3.421
0.442693536388889,3.421,0.442092043333333,3.421,0.442100968611111,3.421
0.442971158333333,3.411,0.442369993055556,3.431,0.442378709722222,3.421
0.443249186111111,3.421,0.442647656388889,3.421,0.442656708055556,3.421
0.4435273375,3.421,0.442925470277778,3.431,0.442934372777778,3.421
0.443804986388889,3.421,0.4432037125,3.421,0.443212244444444,3.421
0.444082945555556,3.421,0.443481761111111,3.421,0.443490409722222,3.421
0.44436059,3.421,0.443759495555556,3.431,0.443768413611111,3.421
0.444638465555556,3.421,0.444037567777778,3.421,0.444046232777778,3.421
0.444916342777778,3.421,0.444315505555556,3.431,0.444324111388889,3.421
0.445194499166667,3.421,0.444593333888889,3.421,0.444602339722222,3.431
0.445471993611111,3.421,0.444871419722222,3.421,0.444880006666667,3.421
0.445749731666667,3.421,0.445149121944444,3.421,0.445157581388889,3.421
0.446027399444444,3.411,0.445426665277778,3.421,0.445435556111111,3.421
0.446305329444444,3.411,0.445704886111111,3.421,0.445713258333333,3.421
0.446583281111111,3.421,0.445982951111111,3.421,0.445990764166667,3.421
0.446861373888889,3.421,0.446260838333333,3.421,0.446268516944444,3.421
0.447139091666667,3.421,0.446538611388889,3.431,0.446546603611111,3.421
0.447416795555556,3.421,0.446816550833333,3.431,0.446825026666667,3.421
0.447694495,3.421,0.447094133888889,3.431,0.44710238,3.421
0.447972617777778,3.421,0.4473719275,3.431,0.447380658611111,3.421
0.448250431388889,3.421,0.447650415833333,3.431,0.447658340833333,3.421
0.448528571388889,3.421,0.447928195555556,3.431,0.447936148055556,3.421
0.448806161944444,3.421,0.448206055277778,3.431,0.448214031944444,3.421
0.449084264166667,3.421,0.448483825833333,3.421,0.448491559166667,3.421
0.449362188055556,3.421,0.448761841111111,3.421,0.448769771388889,3.431
0.449639962222222,3.421,0.449040001111111,3.431,0.449047746944444,3.431
0.449917785277778,3.421,0.449318203611111,3.421,0.449325618888889,3.421
0.450195676111111,3.411,0.449595873888889,3.421,0.449603546388889,3.421
0.450473854166667,3.421,0.449873266666667,3.421,0.44988104,3.421
0.450751706666667,3.421,0.450151583333333,3.421,0.450159173055556,3.421
0.4510292475,3.421,0.450429166388889,3.431,0.450437151666667,3.431
0.451307128611111,3.421,0.450706927222222,3.431,0.450715098611111,3.421
0.451584801944444,3.421,0.450984976111111,3.431,0.450992628055556,3.421
0.451863075833333,3.421,0.451263041944444,3.421,0.451270464444444,3.421
0.452140683333333,3.421,0.451540941388889,3.431,0.451548259166667,3.421
0.452418318333333,3.421,0.451819324722222,3.421,0.451826242777778,3.421
0.452695936111111,3.421,0.452096924722222,3.421,0.452103769722222,3.421
0.452973715,3.421,0.452375092222222,3.431,0.452382256666667,3.421
0.453251933055556,3.421,0.45265256,3.421,0.452660206111111,3.421
0.453529599722222,3.421,0.452930732777778,3.421,0.452937703611111,3.421
0.453807621944444,3.421,0.453208768055556,3.421,0.453215935,3.421
0.454085696388889,3.421,0.453486752222222,3.431,0.453494018055556,3.421
0.454363400833333,3.421,0.453764368055556,3.421,0.453771781388889,3.431
0.4546415525,3.421,0.454042864166667,3.421,0.454049686111111,3.421
0.454918935555556,3.421,0.454320257222222,3.421,0.454327753333333,3.431
0.455196880555556,3.421,0.454598443888889,3.431,0.454605441388889,3.421
0.455474879722222,3.421,0.454876573611111,3.421,0.454883239722222,3.421
0.455753005555556,3.411,0.455153845555556,3.431,0.455161581666667,3.421
0.456030664444444,3.421,0.455432298055556,3.421,0.455439091666667,3.421
0.45630834,3.421,0.45571004,3.421,0.455717060833333,3.421
0.456586316944444,3.421,0.455987885833333,3.421,0.455994811666667,3.421
0.456864361666667,3.421,0.456265503611111,3.421,0.4562727925,3.421
0.457142042222222,3.421,0.456543291944444,3.421,0.456550779166667,3.431
0.457420217777778,3.421,0.456821276388889,3.431,0.456828245,3.421
0.457698179166667,3.421,0.457099250277778,3.421,0.457106411111111,3.421
0.457976245,3.421,0.45737712,3.421,0.457384314166667,3.421
0.4582543,3.421,0.457655270555556,3.421,0.457662217777778,3.421
0.458532302777778,3.421,0.457933167777778,3.431,0.457940113888889,3.421
0.458810147777778,3.421,0.458210939166667,3.421,0.458217804444444,3.421
0.459088277222222,3.421,0.458488259166667,3.431,0.458495643888889,3.421
0.459366206111111,3.421,0.458766350833333,3.431,0.458773245277778,3.431
0.459643985,3.411,0.459044285833333,3.421,0.4590514725,3.421
0.459921691944444,3.421,0.459322271388889,3.431,0.459329075555556,3.421
0.460199604722222,3.421,0.459600052777778,3.431,0.459606839166667,3.421
0.460477695833333,3.421,0.459878202222222,3.421,0.459884808333333,3.421
0.4607555175,3.421,0.460155955,3.421,0.460162736666667,3.431
0.461033213888889,3.421,0.460434279444444,3.421,0.460440913888889,3.421
0.461311001944444,3.421,0.4607117275,3.421,0.460718713611111,3.421
0.461588634722222,3.421,0.460989650277778,3.421,0.460996274444444,3.421
0.461866906666667,3.421,0.461267146944444,3.421,0.461274264444444,3.431
0.462144993055556,3.421,0.461545286666667,3.421,0.461552195833333,3.421
0.462422906944444,3.421,0.461823121944444,3.421,0.46183008,3.421
0.4627011075,3.421,0.462101009444444,3.431,0.462107386944444,3.421
0.462978624722222,3.421,0.462378446111111,3.431,0.462385489166667,3.421
0.463256453888889,3.421,0.462656346944444,3.431,0.462663308333333,3.421
0.463534213888889,3.421,0.462934289444444,3.431,0.462941024444444,3.421
0.463812008611111,3.421,0.463212201944444,3.421,0.463219159444444,3.421
0.464090194166667,3.421,0.463490144722222,3.421,0.463497017222222,3.421
0.464367835277778,3.421,0.463767455,3.421,0.463775432777778,3.431
0.464645598611111,3.421,0.464045490833333,3.421,0.464053315,3.431
0.464923700555556,3.421,0.464323604722222,3.431,0.4643315575,3.421
0.465201521388889,3.421,0.464601409166667,3.431,0.464609328611111,3.421
0.465479555,3.421,0.464879546111111,3.431,0.464887043611111,3.421
0.465757281111111,3.421,0.465156933055556,3.421,0.465165080555556,3.431
0.466035411944444,3.421,0.465435076388889,3.421,0.465442988611111,3.421
0.466313164722222,3.421,0.465712977222222,3.421,0.465720613611111,3.431
0.466591556111111,3.421,0.465990709166667,3.421,0.465998701388889,3.421
0.466869510277778,3.421,0.466268778333333,3.421,0.466276270277778,3.421
0.467147348055556,3.421,0.466546503888889,3.431,0.466554045555556,3.421
0.467425398611111,3.421,0.466824830833333,3.431,0.466831991111111,3.431
0.467703051944444,3.421,0.467102550833333,3.431,0.4671096075,3.421
0.467981009166667,3.421,0.467380003611111,3.431,0.467387166388889,3.421
0.46825877,3.421,0.467658003888889,3.431,0.467665264722222,3.421
0.468536918611111,3.421,0.467935779444444,3.431,0.467942721666667,3.431
0.468814529444444,3.421,0.468213559722222,3.431,0.468220933611111,3.421
0.469092558888889,3.421,0.468491286111111,3.431,0.46849902,3.421
0.469370665555556,3.421,0.468769256388889,3.421,0.468776552222222,3.431
0.469648703055556,3.421,0.469046900833333,3.421,0.469054528888889,3.421
0.469926520555556,3.421,0.469325044166667,3.431,0.4693323825,3.431
0.470204282777778,3.421,0.469603028888889,3.421,0.469610386666667,3.421
0.470482116944444,3.421,0.469880936944444,3.431,0.469887848055556,3.421
0.470759888888889,3.421,0.470158719166667,3.421,0.470165444722222,3.431
0.471037991944444,3.421,0.470436206111111,3.421,0.470443578611111,3.421
0.4713154925,3.421,0.470713982777778,3.421,0.470721106388889,3.431
0.471593641111111,3.421,0.470992158888889,3.431,0.470999100277778,3.421
0.471871749444444,3.421,0.471269897777778,3.421,0.471276653333333,3.431
0.472149704722222,3.421,0.471547774722222,3.431,0.471554840833333,3.431
0.472427426111111,3.421,0.471825323888889,3.431,0.471832711388889,3.421
0.472705036388889,3.421,0.472103173333333,3.431,0.472110429166667,3.421
0.472983179444444,3.421,0.472381314444444,3.421,0.4723883375,3.431
0.473261398611111,3.421,0.472659408611111,3.431,0.472666090555556,3.421
0.473539362222222,3.421,0.472936889444444,3.431,0.472943779166667,3.431
0.473816761111111,3.421,0.473214758333333,3.431,0.473221687777778,3.431
0.474094899722222,3.421,0.473493018333333,3.421,0.473499455555556,3.421
0.474372662777778,3.421,0.473771197777778,3.431,0.47377742,3.421
0.474650590833333,3.421,0.474049320555556,3.431,0.474055347222222,3.431
0.474928188888889,3.421,0.474326761388889,3.421,0.474333178888889,3.421
0.475206089444444,3.421,0.474604682777778,3.431,0.474610946666667,3.421
0.475483836666667,3.421,0.474882655,3.421,0.474888850833333,3.421
0.475761210555556,3.421,0.475160507222222,3.431,0.475166777222222,3.421
0.476039245,3.421,0.475438219722222,3.431,0.475444731666667,3.431
0.476317106388889,3.421,0.475715995833333,3.431,0.475722743055556,3.431
0.476595023611111,3.421,0.475993817777778,3.421,0.476000219166667,3.421
0.476873085555556,3.421,0.476271461388889,3.431,0.476278470555556,3.421
0.4771508375,3.421,0.476549360277778,3.421,0.476556293055556,3.421
0.477428239722222,3.421,0.4768271425,3.421,0.4768338525,3.431
0.477705962222222,3.421,0.477105018055556,3.431,0.477111746666667,3.431
0.477984406666667,3.421,0.4773827925,3.421,0.477390076944444,3.421
0.478262175555556,3.421,0.477660683888889,3.421,0.477667685277778,3.431
0.478539608888889,3.421,0.4779383,3.431,0.477945524444444,3.421
0.478817446388889,3.421,0.47821604,3.421,0.478223289166667,3.421
0.479095326944444,3.421,0.478494229444444,3.431,0.4785013825,3.421
0.479373300833333,3.421,0.478772026944444,3.431,0.478779150555556,3.431
0.479651379166667,3.421,0.479049919166667,3.421,0.479056859166667,3.431
0.479929135277778,3.421,0.479327683333333,3.431,0.4793347225,3.431
0.480206728888889,3.421,0.479605490833333,3.431,0.4796127875,3.421
0.480484993888889,3.421,0.479883475555556,3.431,0.479890701944444,3.431
0.480762692777778,3.421,0.4801611125,3.431,0.480168643055556,3.421
0.481040408888889,3.421,0.480439046388889,3.431,0.480446348333333,3.431
0.481318203055556,3.421,0.480716881666667,3.421,0.480724114444444,3.431
0.481596242777778,3.421,0.480994788055556,3.431,0.481001855277778,3.431
0.481874279444444,3.421,0.481272638333333,3.431,0.481279711666667,3.421
0.482152062222222,3.421,0.481550481944444,3.421,0.481557400277778,3.431
0.482429955833333,3.421,0.481828354722222,3.421,0.481835500277778,3.431
0.482707569722222,3.421,0.482106719722222,3.431,0.482113669444444,3.431
0.482985386111111,3.421,0.482384373611111,3.431,0.482391273611111,3.431
0.483263662222222,3.421,0.4826625125,3.421,0.482669105,3.431
0.483541824444444,3.421,0.482940665277778,3.431,0.482946578333333,3.431
0.483819547777778,3.421,0.4832183325,3.421,0.483224746388889,3.431
0.484097835833333,3.421,0.483496189166667,3.431,0.483502589722222,3.431
0.4843761125,3.421,0.4837739825,3.431,0.48378051,3.431
0.484653772777778,3.421,0.484051714444444,3.421,0.484058474722222,3.431
0.484931635833333,3.421,0.48432947,3.421,0.484336169166667,3.431
0.485209021388889,3.421,0.484607141666667,3.431,0.484613944444444,3.431
0.485487254722222,3.421,0.484884702222222,3.431,0.484891583888889,3.421
0.485764878055556,3.421,0.485162739166667,3.431,0.485169489444444,3.431
0.486042624166667,3.421,0.4854404325,3.431,0.4854473275,3.431
0.486320478333333,3.421,0.485718450833333,3.431,0.485725073055556,3.431
0.486598265833333,3.421,0.4859964575,3.431,0.486002705833333,3.431
0.4868762425,3.421,0.486274263333333,3.421,0.486280685555556,3.431
0.487154078055556,3.421,0.486552212777778,3.431,0.486558762777778,3.431
0.487431837222222,3.421,0.486830262222222,3.431,0.486836461666667,3.421
0.487709793611111,3.421,0.487108245833333,3.431,0.487114258888889,3.431
0.487987709444444,3.421,0.487385844722222,3.431,0.4873923125,3.421
0.488265551666667,3.421,0.487663811944444,3.421,0.487670121666667,3.431
0.488543149166667,3.421,0.487941702222222,3.431,0.487948286388889,3.421
0.488820904722222,3.421,0.488219370277778,3.421,0.488226215,3.421
0.489099045,3.421,0.488497331666667,3.431,0.488503713055556,3.431
0.489376967222222,3.421,0.488775474722222,3.431,0.488781669722222,3.431
0.489654508611111,3.421,0.4890527025,3.431,0.489059591944444,3.431
0.489932462777778,3.421,0.489330832222222,3.431,0.489337487222222,3.431
0.490210392777778,3.421,0.489609001388889,3.431,0.489615455833333,3.431
0.490488149722222,3.421,0.489886639444444,3.431,0.48989341,3.431
0.490766342222222,3.421,0.490164742222222,3.431,0.490171011944444,3.431
0.491043695277778,3.421,0.490442480833333,3.431,0.490449175833333,3.421
0.491321876666667,3.421,0.490720536388889,3.431,0.490726898888889,3.431
0.4915997875,3.421,0.490998670833333,3.431,0.491004328333333,3.421
0.491877743333333,3.421,0.491276183611111,3.431,0.491282571666667,3.431
0.492156159722222,3.421,0.491553788055556,3.431,0.491559919444444,3.421
0.492433711944444,3.421,0.491831851666667,3.431,0.491838472777778,3.431
0.492711938333333,3.421,0.492109506944444,3.431,0.492116140555556,3.431
0.492989506388889,3.421,0.492387233611111,3.431,0.492393898611111,3.431
0.493267723055556,3.421,0.492665236944444,3.421,0.492671276666667,3.431
0.493545479444444,3.421,0.492943096111111,3.431,0.492949576111111,3.431
0.493823137777778,3.421,0.493220925,3.431,0.493227526388889,3.431
0.494100908333333,3.421,0.493499138333333,3.431,0.493505249166667,3.431
0.494378823888889,3.421,0.493776922777778,3.421,0.493783151666667,3.421
0.494656726388889,3.421,0.494054825277778,3.431,0.494060730833333,3.431
0.494934579444444,3.421,0.4943325975,3.431,0.494338426666667,3.421
0.495212548333333,3.421,0.494610389444444,3.421,0.494616870277778,3.421
0.4954901675,3.421,0.494888187222222,3.431,0.494894631944444,3.431
0.495768559722222,3.421,0.495165755277778,3.431,0.495172799166667,3.431
0.496046338888889,3.421,0.495443746388889,3.431,0.495450671666667,3.421
0.496324185833333,3.421,0.495722068333333,3.431,0.495728501666667,3.431
0.496602159444444,3.421,0.495999801944444,3.431,0.496006546944444,3.421
0.496880031666667,3.421,0.496277515,3.431,0.496284515,3.421
0.497158090277778,3.421,0.496555683611111,3.431,0.496562117777778,3.431
0.497435916666667,3.421,0.4968333825,3.431,0.496839769444444,3.431
0.497713388333333,3.421,0.497111298611111,3.431,0.497117525,3.431
0.497991570277778,3.421,0.497389285277778,3.431,0.49739524,3.431
0.498269408611111,3.421,0.497667395,3.431,0.497673453055556,3.421
0.498547263888889,3.421,0.497945355833333,3.431,0.497951347222222,3.431
0.498824862777778,3.421,0.498223181388889,3.431,0.498229119722222,3.431
0.499103001388889,3.421,0.498501078888889,3.431,0.498507108333333,3.421
0.499380615833333,3.421,0.498778771388889,3.431,0.498785016944444,3.431
0.499658498055556,3.421,0.499056756388889,3.431,0.499062586111111,3.431
0.499936176944444,3.421,0.499334356666667,3.431,0.499340635277778,3.431
0.5002139625,3.421,0.4996123125,3.431,0.499618745555556,3.431
0.500491748333333,3.421,0.499890174722222,3.431,0.4998963375,3.431
0.500769525555556,3.421,0.500168034722222,3.431,0.500174272777778,3.431
0.501047425,3.421,0.500446026666667,3.431,0.500452368333333,3.431
0.501325156388889,3.421,0.500724115277778,3.431,0.500729937222222,3.431
0.501603250555556,3.421,0.501002058055556,3.431,0.501007673333333,3.431
0.501880965555556,3.421,0.501279698888889,3.431,0.5012852675,3.431
0.502158821944444,3.421,0.501557429166667,3.431,0.501563433888889,3.421
0.5024365475,3.421,0.501835331388889,3.431,0.501841454722222,3.431
0.502714243055556,3.421,0.502113005833333,3.431,0.502118775833333,3.431
0.502992221111111,3.421,0.502391138333333,3.431,0.502396989444444,3.431
0.503270208611111,3.421,0.502669283611111,3.431,0.5026750825,3.421
0.503547993888889,3.421,0.502947408333333,3.431,0.502953122777778,3.431
0.503825903888889,3.421,0.503225282777778,3.431,0.503231216388889,3.431
0.504103538611111,3.421,0.503503397777778,3.431,0.503508831944444,3.421
0.504381546666667,3.421,0.503781091666667,3.431,0.503786806944444,3.421
0.504659665833333,3.421,0.504059221944444,3.431,0.504064506666667,3.421
0.504937341944445,3.421,0.504337339166667,3.431,0.504342316944444,3.431
0.505215237777778,3.421,0.504614936944444,3.431,0.504620004444444,3.431
0.5054933325,3.421,0.5048929075,3.431,0.504898260833333,3.431
0.505771222222222,3.421,0.505170683055556,3.431,0.505175967222222,3.431
0.506048845277778,3.421,0.505448341111111,3.431,0.505453941666667,3.431
0.506326755,3.421,0.50572607,3.431,0.505731971111111,3.431
0.506604636944444,3.421,0.506003840277778,3.431,0.506009823611111,3.431
0.506882556944445,3.421,0.506282311944444,3.431,0.506287669722222,3.431
0.507160832222222,3.421,0.506560091388889,3.431,0.506565929444444,3.421
0.507438399166667,3.421,0.506837847222222,3.431,0.506843632777778,3.421
0.507716015833333,3.421,0.507116185,3.431,0.507121771944444,3.431
0.507994022222222,3.421,0.507394031944444,3.431,0.507399778333333,3.421
0.508271928611111,3.421,0.50767203,3.431,0.507677098888889,3.431
0.508549655833333,3.421,0.507949571666667,3.431,0.507955303888889,3.421
0.508827541388889,3.421,0.508227505,3.431,0.5082329175,3.431
0.509105559722222,3.421,0.508505288888889,3.421,0.50851085,3.431
0.509383284166667,3.421,0.508783345555556,3.431,0.508788788055556,3.421
0.509660910833333,3.421,0.509061086944444,3.431,0.509066548888889,3.431
0.509938711388889,3.421,0.509338880277778,3.431,0.509344616388889,3.421
0.510216238611111,3.421,0.5096167475,3.431,0.509622326388889,3.431
0.510494469444444,3.421,0.509894628888889,3.431,0.509900029722222,3.431
0.510772027222222,3.421,0.510172567777778,3.431,0.510177620277778,3.431
0.511049821666667,3.421,0.510450558055556,3.431,0.510455513333333,3.431
0.511327718055556,3.421,0.510728433611111,3.431,0.510733343888889,3.431
0.511605337222222,3.421,0.511006344166667,3.431,0.511011264722222,3.431
0.511883469166667,3.421,0.511284374444444,3.431,0.511289079444444,3.421
0.512161243055556,3.421,0.511562566388889,3.431,0.511566559722222,3.431
0.512439293888889,3.421,0.511840698055556,3.431,0.511845043888889,3.431
0.512717497222222,3.421,0.512118407222222,3.431,0.512122681666667,3.431
0.512995341666667,3.421,0.512396111388889,3.431,0.5124005275,3.431
0.513273112777778,3.421,0.512673986388889,3.431,0.512678470555555,3.431
0.513551250277778,3.421,0.512951904722222,3.431,0.512956248055556,3.421
0.513829197222222,3.421,0.513229818888889,3.431,0.513234115555556,3.431
0.514107013888889,3.421,0.513507521388889,3.431,0.513512083055556,3.431
0.514384841666667,3.421,0.513785166944444,3.431,0.513789700555556,3.431
0.514662675277778,3.421,0.514063330277778,3.431,0.514067909722222,3.431
0.514940381111111,3.421,0.51434131,3.431,0.514345493055556,3.431
0.515218318888889,3.421,0.514618939166667,3.431,0.514623547222222,3.421
0.515496503333333,3.421,0.514896610833333,3.431,0.514901457777778,3.431
0.515774224722222,3.421,0.515174363333333,3.431,0.515179434722222,3.431
0.516052358055556,3.421,0.515452308055556,3.431,0.515457153611111,3.421
0.516330261111111,3.421,0.515730167222222,3.431,0.515735356944445,3.431
0.516608089722222,3.421,0.516007504166667,3.431,0.516012847777778,3.431
0.516885658333333,3.421,0.516285338333333,3.431,0.516290854444444,3.431
0.5171638475,3.421,0.516563298611111,3.431,0.516568826111111,3.431
0.517441656666667,3.421,0.516841329444444,3.431,0.516847036388889,3.431
0.5177193925,3.421,0.517119088333333,3.431,0.517124931388889,3.431
0.517997129722222,3.421,0.517397065555556,3.431,0.517402845555555,3.431
0.518274877222222,3.421,0.517674576666667,3.431,0.517680759722222,3.431
0.518552834166667,3.421,0.5179526175,3.431,0.517958429722222,3.431
0.518830703333333,3.421,0.518230396388889,3.431,0.518236296666667,3.431
0.519108194444444,3.421,0.518508518611111,3.431,0.518514448611111,3.421
0.519386405555556,3.421,0.518786273888889,3.431,0.518792133055556,3.431
0.519664017222222,3.421,0.5190642625,3.431,0.519069836388889,3.431
0.519941978055556,3.421,0.519341875833333,3.431,0.519347780277778,3.431
0.520219870277778,3.421,0.519619582222222,3.431,0.519625789444444,3.431
0.520497831944444,3.421,0.519897633611111,3.431,0.51990387,3.431
0.520775605555556,3.421,0.520175794722222,3.431,0.520181566666667,3.431
0.5210535875,3.421,0.520453245833333,3.431,0.520459449722222,3.431
0.5213312025,3.421,0.520731050833333,3.431,0.520737268333333,3.431
0.521609033055556,3.421,0.521008865277778,3.431,0.521014975555556,3.431
0.521887204444444,3.421,0.521286421666667,3.431,0.521293180555556,3.431
0.522164813888889,3.421,0.521564581388889,3.431,0.521570715,3.431
0.522443059722222,3.421,0.521842074722222,3.431,0.521848891944445,3.431
0.522721073333333,3.421,0.522120404722222,3.431,0.522126425555556,3.431
0.522998965833333,3.421,0.522397735833333,3.431,0.522404243888889,3.431
0.523277111666667,3.421,0.5226759025,3.431,0.522682318888889,3.431
0.523555333055556,3.421,0.522954035,3.431,0.522959988611111,3.431
0.523833140833333,3.421,0.523231323611111,3.431,0.523237907777778,3.431
0.524110909722222,3.421,0.523509515555556,3.431,0.523515690833333,3.431
0.524388959722222,3.421,0.523786990833333,3.431,0.523793374166667,3.431
0.524666434722222,3.421,0.524064833333333,3.431,0.524071068611111,3.431
0.524944581944444,3.421,0.524342758888889,3.431,0.524349139444444,3.431
0.525222195,3.421,0.5246207175,3.431,0.524626948888889,3.431
0.525500111944444,3.421,0.524898725,3.431,0.524905157222222,3.431
0.525778280277778,3.421,0.525176085833333,3.431,0.525182929166667,3.431
0.526056203055556,3.421,0.525454143611111,3.431,0.525460612777778,3.431
0.526334004166667,3.421,0.525731978055556,3.431,0.525738413055556,3.431
0.526611852222222,3.421,0.526009827222222,3.431,0.526016323055556,3.431
0.526889539166667,3.421,0.526287585833333,3.431,0.526294075555556,3.431
0.527167576388889,3.421,0.526565959444444,3.431,0.526571549444445,3.421
0.527445868888889,3.421,0.526843380833333,3.431,0.526849993333333,3.431
0.527723771944444,3.421,0.527121035555556,3.431,0.527127408055556,3.431
0.528001708333333,3.421,0.527399349444444,3.431,0.527405541666667,3.431
0.528279924722222,3.421,0.527677414444444,3.431,0.527683665277778,3.431
0.528557670555556,3.421,0.527955173333333,3.431,0.527961060555556,3.431
0.528835511388889,3.421,0.528233074444444,3.431,0.528239577222222,3.431
0.529112962222222,3.421,0.528510590555556,3.431,0.528517296944444,3.431
0.529391035,3.421,0.5287887925,3.431,0.528795394166667,3.431
0.529669169722222,3.421,0.529066304722222,3.431,0.529073073333333,3.431
0.529946755833333,3.421,0.529344138888889,3.431,0.529351200277778,3.431
0.530225041944444,3.421,0.529622329166667,3.431,0.529629298055556,3.431
0.530502961111111,3.421,0.529899773333333,3.431,0.5299071425,3.431
0.530781153888889,3.421,0.530177475277778,3.431,0.530184772222222,3.431
0.531058779722222,3.421,0.530455604166667,3.431,0.530462935833333,3.431
0.5313368225,3.421,0.530733740277778,3.431,0.530740825833333,3.431
0.531614257777778,3.421,0.531011541944444,3.431,0.531018635277778,3.431
0.5318923825,3.421,0.531289395833333,3.431,0.531296236666667,3.431
0.532170713333333,3.421,0.531567173888889,3.431,0.531574147222222,3.431
0.532448514722222,3.421,0.531845165555555,3.431,0.531851941666667,3.431
0.5327265375,3.421,0.532123036666667,3.431,0.532129505,3.431
0.533004684444444,3.421,0.532400721111111,3.431,0.532407606111111,3.431
0.533282120833333,3.421,0.532678419166667,3.431,0.532685486666667,3.431
0.533559957777778,3.421,0.532956259722222,3.431,0.5329637575,3.431
0.533837833055556,3.421,0.533234545,3.431,0.533241067777778,3.431
0.534115723333333,3.421,0.5335121925,3.431,0.533519309444444,3.431
0.534393353888889,3.421,0.533790223055556,3.431,0.533797209722222,3.431
0.534671620277778,3.421,0.534067702222222,3.431,0.534075116666667,3.431
0.534949243333333,3.421,0.534345803055556,3.431,0.534353436944444,3.431
0.535226963888889,3.421,0.534623416666667,3.431,0.534631144444444,3.431
0.535505092222222,3.421,0.534901298333333,3.431,0.534908883611111,3.431
0.535782800833333,3.421,0.5351789225,3.431,0.535186506388889,3.431
0.536060511666667,3.421,0.535456693333333,3.431,0.535464391388889,3.431
0.536338327777778,3.421,0.535734893611111,3.431,0.535742091666667,3.431
0.536615918333333,3.421,0.536012692222222,3.431,0.5360196325,3.431
0.536893935277778,3.421,0.536290653611111,3.431,0.536297853055556,3.431
0.537171286944444,3.421,0.536568536944445,3.431,0.536575530555556,3.431
0.537449236111111,3.421,0.536846403888889,3.431,0.536853317222222,3.431
0.537727406944444,3.421,0.537124031388889,3.431,0.537130715833333,3.431
0.5380050775,3.421,0.5374020125,3.431,0.537408951388889,3.431
0.538283454166667,3.421,0.537679755,3.431,0.537686709166667,3.431
0.538561370555556,3.421,0.537957533055556,3.431,0.537964346111111,3.431
0.538838993888889,3.421,0.538235025833333,3.431,0.538242066666667,3.431
0.539117003611111,3.421,0.538513058055556,3.431,0.538519936388889,3.431
0.539395001666667,3.421,0.538790773055556,3.431,0.5387978725,3.431
0.539672617222222,3.421,0.539068589444444,3.431,0.539075446388889,3.431
0.539950472777778,3.421,0.539346968333333,3.431,0.539353698888889,3.431
0.540228496388889,3.421,0.539624742777778,3.431,0.539631325277778,3.431
0.54050642,3.421,0.539902743888889,3.431,0.539909078333333,3.431
0.540784289444444,3.421,0.540180763888889,3.431,0.540186874722222,3.431
0.541062214166667,3.421,0.54045864,3.431,0.540465055,3.431
0.541339951944444,3.421,0.540736444722222,3.431,0.540742888055556,3.421
0.54161775,3.421,0.541014196944444,3.431,0.541020919166667,3.431
0.541895415277778,3.421,0.541291888333333,3.431,0.541298584166667,3.431
0.542173260833333,3.421,0.541569988333333,3.431,0.541576596111111,3.431
0.542450993888889,3.421,0.541847532777778,3.431,0.5418544625,3.431
0.542728841944444,3.421,0.542125697222222,3.431,0.542131939444444,3.431
0.5430065575,3.421,0.542403516944444,3.431,0.54240965,3.431
0.543284314722222,3.421,0.5426814075,3.431,0.542687816388889,3.431
0.543562213888889,3.421,0.542959114722222,3.431,0.542965530555556,3.431
0.543840210277778,3.421,0.543237110277778,3.431,0.543243526666667,3.431
0.544118288888889,3.421,0.543515114166667,3.431,0.543521286944444,3.431
0.544396250277778,3.421,0.543792741388889,3.431,0.543799552222222,3.431
0.544674278333333,3.421,0.544070599166667,3.431,0.544077504166667,3.431
0.544952229166667,3.421,0.544348801111111,3.431,0.544355289166667,3.431
0.545230377222222,3.421,0.544626437222222,3.431,0.544633166666667,3.431
0.545508748888889,3.421,0.544904465,3.431,0.544910818333333,3.431
0.545786705,3.421,0.545182491111111,3.431,0.545188233611111,3.431
0.546064710833333,3.421,0.545460348055556,3.431,0.545466307222222,3.431
0.546342811111111,3.421,0.545737949444444,3.431,0.545744355833333,3.431
0.546620488888889,3.421,0.546015991944444,3.431,0.546022185555556,3.431
0.546898299722222,3.421,0.546293713333333,3.431,0.546300105555556,3.431
0.547176604722222,3.421,0.546571501111111,3.431,0.546577666666667,3.431
0.547454222777778,3.421,0.546849129722222,3.431,0.546855441388889,3.431
0.547732481666667,3.421,0.547126666944444,3.431,0.547133243888889,3.431
0.54801048,3.421,0.547404540833333,3.431,0.547411390277778,3.431
0.548288222777778,3.421,0.547682143611111,3.431,0.547689659166667,3.431
0.548566026388889,3.421,0.547960480555556,3.431,0.547967565555556,3.431
0.548843922777778,3.421,0.548238414722222,3.431,0.548245220277778,3.431
0.549121961666667,3.421,0.548516204444444,3.431,0.548523160277778,3.431
0.5493996275,3.421,0.548793970833333,3.431,0.548800765833333,3.431
0.549677340833333,3.421,0.549071816944444,3.431,0.549078580277778,3.431
0.549955271666667,3.421,0.549349619722222,3.431,0.549356476388889,3.431
0.550232718611111,3.421,0.549627510555556,3.431,0.549634370277778,3.431
0.550511056111111,3.421,0.549905275833333,3.431,0.549912558611111,3.431
0.5507884725,3.421,0.550182901111111,3.431,0.550190431944445,3.431
0.551066631666667,3.421,0.550460743333333,3.431,0.550468398055555,3.431
0.551344474166667,3.421,0.550738714444444,3.431,0.5507460225,3.431
0.551622361666667,3.421,0.551016322777778,3.431,0.551023978333333,3.431
0.551900289722222,3.421,0.5512946075,3.431,0.551301816944444,3.431
0.552178066388889,3.421,0.5515725725,3.431,0.551579539722222,3.431
0.552455685277778,3.421,0.551850620833333,3.431,0.551857358611111,3.431
0.5527334425,3.421,0.552128447777778,3.431,0.552135230833333,3.431
0.553011507222222,3.421,0.552405780555556,3.431,0.552413022777778,3.431
0.553289690833333,3.421,0.552683625,3.431,0.552690957777778,3.431
0.553567458333333,3.421,0.552961831388889,3.431,0.552968555555556,3.431
0.553845285833333,3.421,0.553239522777778,3.431,0.553246475555556,3.431
0.554123238888889,3.421,0.553517237777778,3.431,0.553524029444444,3.431
0.554400979166667,3.421,0.553795457222222,3.431,0.553802088611111,3.431
0.554678886111111,3.421,0.554073231111111,3.431,0.554079649444444,3.431
0.554956578611111,3.421,0.55435078,3.431,0.554357849166667,3.431
0.555234365277778,3.421,0.554629067777778,3.431,0.554635409722222,3.431
0.555512313888889,3.421,0.554906976666667,3.431,0.554913030555556,3.431
0.555790195277778,3.421,0.555184713333333,3.431,0.555190983611111,3.431
0.5560680125,3.421,0.555462717222222,3.431,0.555468808055556,3.431
0.556345770555556,3.421,0.555740585555555,3.431,0.555746840833333,3.431
0.55662341,3.421,0.556018601944445,3.431,0.556024607222222,3.431
0.556901675,3.421,0.55629644,3.431,0.556302812222222,3.431
0.55717917,3.421,0.556574463333333,3.431,0.556580701666667,3.431
0.557457084166667,3.421,0.556852347222222,3.431,0.556858063333333,3.431
0.557735379166667,3.421,0.557130238333333,3.431,0.55713608,3.431
0.558013170555556,3.421,0.557408301944444,3.431,0.557413905,3.431
0.558290915277778,3.421,0.557686411388889,3.431,0.557691986944444,3.431
0.558569059722222,3.421,0.557963974722222,3.431,0.557969323611111,3.431
0.558846961388889,3.421,0.558241612777778,3.431,0.558247387222222,3.431
0.5591249275,3.421,0.558519782777778,3.431,0.558525136388889,3.431
0.559403059444444,3.421,0.558797879166667,3.431,0.558803271388889,3.431
0.559680530555556,3.421,0.559075484722222,3.431,0.559080720555556,3.431
0.559958336111111,3.421,0.559353726111111,3.431,0.559359066944444,3.431
0.560236233611111,3.421,0.559631393888889,3.431,0.559636604166667,3.431
0.560514127777778,3.421,0.559909583611111,3.431,0.559914773055556,3.431
0.560791823888889,3.421,0.560187289444444,3.431,0.560193074444444,3.431
0.561069324166667,3.421,0.560465095833333,3.431,0.560470923888889,3.431
0.561347726944444,3.421,0.560742887222222,3.431,0.560748473055556,3.431
0.561625405555556,3.421,0.561021104722222,3.431,0.561026133333333,3.431
0.5619035475,3.421,0.561299021388889,3.431,0.561304096944444,3.431
0.562181547222222,3.421,0.561576546944444,3.431,0.561582085277778,3.431
0.562459410555555,3.421,0.561854385555556,3.431,0.561859976111111,3.431
0.562737581666667,3.421,0.562132297777778,3.431,0.562138147777778,3.431
0.563015504722222,3.421,0.562409913888889,3.431,0.56241616,3.431
0.563293121388889,3.421,0.562687704722222,3.431,0.562693918333333,3.431
0.563571096388889,3.421,0.562965542222222,3.431,0.562971763611111,3.431
0.5638487225,3.421,0.563243208333333,3.431,0.563249738611111,3.431
0.564126991666667,3.421,0.563521340555555,3.431,0.563527556944444,3.431
0.564404672777778,3.421,0.5637994175,3.431,0.563805211666667,3.431
0.564682822777778,3.421,0.564077372222222,3.431,0.564083082777778,3.431
0.564961011944444,3.421,0.564355314166667,3.431,0.5643609775,3.431
0.56523884,3.421,0.564633006111111,3.431,0.5646386025,3.431
0.565516713611111,3.421,0.564910977222222,3.431,0.564916816111111,3.431
0.565794624444445,3.421,0.5651888525,3.431,0.565194700833333,3.431
0.566072398055556,3.421,0.565466839722222,3.431,0.565472519166667,3.431
0.566350398888889,3.421,0.5657446225,3.431,0.565750148055556,3.431
0.5666283625,3.421,0.566022637777778,3.431,0.566027981111111,3.431
0.566906360833333,3.421,0.566300207777778,3.431,0.566305821666667,3.431
0.567184008611111,3.421,0.566578037777778,3.431,0.566584004722222,3.431
0.567461645833333,3.421,0.5668560125,3.431,0.566861758888889,3.431
0.567739649166667,3.421,0.567133569444444,3.431,0.567139594722222,3.431
0.568017605277778,3.421,0.567411745,3.431,0.567417696111111,3.431
0.568295653888889,3.421,0.567689369722222,3.431,0.5676958875,3.431
0.568573254166667,3.421,0.567967606388889,3.431,0.567973638333333,3.431
0.568850953888889,3.421,0.568245651388889,3.431,0.568251652777778,3.431
0.569129196666667,3.421,0.568523380277778,3.431,0.568529580555556,3.431
0.569407017777778,3.421,0.568800893888889,3.431,0.568807150833333,3.431
0.569684826666667,3.421,0.569078613611111,3.431,0.569085048333333,3.431
0.569963055,3.421,0.569356381111111,3.431,0.569362700277778,3.431
0.570240793888889,3.421,0.569634311111111,3.431,0.569640403055556,3.431
0.570518746111111,3.421,0.569912205277778,3.431,0.569917992222222,3.431
0.570796455277778,3.421,0.5701896525,3.431,0.570196021111111,3.431
0.571074358888889,3.421,0.570467719166667,3.431,0.570473872222222,3.431
0.571352402777778,3.421,0.570745359444444,3.431,0.570751856111111,3.431
0.571630719444444,3.421,0.571023579722222,3.431,0.571029819166667,3.431
0.5719086175,3.421,0.571301594166667,3.431,0.571307404722222,3.431
0.572186504166667,3.421,0.571579256944444,3.431,0.571585115833333,3.431
0.572464755555556,3.421,0.571857623888889,3.431,0.571862971388889,3.431
0.572742934722222,3.421,0.572135585555556,3.431,0.572141162777778,3.431
0.573020521388889,3.421,0.572413436111111,3.431,0.572418639444444,3.431
0.573297978333333,3.421,0.572691804444444,3.431,0.572696775833333,3.431
0.573575970833333,3.421,0.572969428611111,3.431,0.572974418333333,3.431
0.573853708611111,3.421,0.573247445555556,3.431,0.573252271666667,3.431
0.574131997222222,3.421,0.573525641944444,3.431,0.573529933611111,3.431
0.574409506388889,3.421,0.573803267777778,3.431,0.573807799444444,3.431
0.574687843055556,3.421,0.574081270833333,3.431,0.574086008333333,3.431
0.574965452777778,3.421,0.5743594075,3.431,0.574363553333333,3.431
0.575243252777778,3.421,0.574637296388889,3.431,0.574641691666667,3.431
0.575520989444445,3.421,0.574915276666667,3.431,0.574919168888889,3.431
0.575798664444444,3.421,0.575193250833333,3.431,0.575196819444444,3.431
0.576076627222222,3.421,0.575471043611111,3.431,0.575475104444444,3.431
0.576354700277778,3.421,0.575749179166667,3.431,0.5757523775,3.431
0.576632399166667,3.421,0.576027294444444,3.431,0.576030702222222,3.431
0.576910441388889,3.421,0.576305171666667,3.431,0.576308705277778,3.431
0.5771882,3.421,0.576583054722222,3.431,0.576586692777778,3.431
0.577466315833333,3.421,0.576860858055556,3.431,0.576864513888889,3.431
0.577743973888889,3.421,0.577138700555555,3.431,0.577142124166667,3.431
0.578022004444444,3.421,0.577416476666667,3.431,0.577420114722222,3.431
0.578299716111111,3.421,0.577693943055556,3.431,0.577697585555556,3.431
0.578577830555556,3.421,0.577971908333333,3.431,0.5779754525,3.431
0.578855500833333,3.421,0.578249669166667,3.431,0.578253888055556,3.431
0.579133356944444,3.421,0.578527925555556,3.431,0.578531658333333,3.431
0.579410888888889,3.421,0.578805636388889,3.431,0.578809786111111,3.431
0.579689049722222,3.421,0.579083666388889,3.431,0.579088055277778,3.431
0.579966641111111,3.421,0.579361576666667,3.431,0.579365899166667,3.431
0.5802445125,3.421,0.579639399444444,3.431,0.579643487222222,3.431
0.580522512222222,3.421,0.579917004166667,3.431,0.579921541666667,3.431
0.580800364166667,3.421,0.580195244166667,3.431,0.580199106666667,3.431
0.581078121666667,3.421,0.580473047777778,3.431,0.580477175833333,3.431
0.581356291111111,3.421,0.580750725,3.431,0.580755078333333,3.431
0.581634176388889,3.421,0.581028880277778,3.431,0.581032839166667,3.431
0.5819119675,3.421,0.581306558055556,3.431,0.581310716666667,3.431
0.582189574722222,3.421,0.581584235833333,3.431,0.581588590833333,3.431
0.582467635,3.421,0.5818626625,3.431,0.581866860555556,3.431
0.582745514722222,3.421,0.582140146111111,3.431,0.582144451388889,3.431
0.583023220555556,3.421,0.582417990833333,3.431,0.582422438611111,3.431
0.583301088333333,3.421,0.582695967222222,3.431,0.582699924166667,3.431
0.583578966388889,3.421,0.582973838611111,3.431,0.582977848611111,3.431
0.583856931111111,3.421,0.583252131666667,3.431,0.583255502777778,3.431
0.584134803333333,3.421,0.583529819722222,3.431,0.583533431666667,3.431
0.584412358888889,3.421,0.583807535833333,3.431,0.583811725,3.431
0.584690820277778,3.421,0.584085333611111,3.431,0.584089433888889,3.431
0.584968702222222,3.421,0.5843633375,3.431,0.584367491666667,3.431
0.585246861666667,3.421,0.584641298055556,3.431,0.584645148888889,3.431
0.585525009166667,3.421,0.584919195277778,3.431,0.584923369444444,3.431
0.585802283333333,3.421,0.585197221111111,3.431,0.585201061111111,3.431
0.586080594444444,3.421,0.5854750775,3.431,0.585478677222222,3.431
0.5863587575,3.421,0.585752828611111,3.431,0.585756375277778,3.431
0.586636756666667,3.421,0.586030489444444,3.431,0.586034580277778,3.431
0.586914800555556,3.421,0.5863083825,3.431,0.586312638333333,3.431
0.587192715277778,3.421,0.586586016666667,3.431,0.586590424166667,3.431
0.587470529166667,3.421,0.586863982222222,3.431,0.586868380833333,3.431
0.587748587222222,3.421,0.587142013888889,3.431,0.587145982777778,3.431
0.58802631,3.421,0.587420025833333,3.431,0.587423738333333,3.431
0.588304078888889,3.421,0.587698075,3.431,0.587701482222222,3.431
0.588581614444444,3.421,0.587975798611111,3.431,0.587979170555556,3.431
0.588859253055556,3.421,0.588253756944444,3.431,0.588256853611111,3.431
0.589137318333333,3.421,0.588531399166667,3.431,0.588535008611111,3.431
0.589415520833333,3.421,0.588809254444444,3.431,0.588812857222222,3.431
0.589693217222222,3.421,0.589086866944444,3.431,0.589090606111111,3.431
0.589970976944444,3.421,0.589364951388889,3.431,0.589368075,3.431
0.590248682777778,3.421,0.589642638055556,3.431,0.589645741944444,3.431
0.5905266675,3.421,0.589920492777778,3.431,0.589923639166667,3.431
0.590804451944444,3.421,0.590198406944444,3.431,0.590201500277778,3.431
0.591082398888889,3.421,0.590476799166667,3.431,0.590479363055556,3.431
0.591360044722222,3.421,0.590754270555556,3.441,0.590757246111111,3.431
0.591638006111111,3.421,0.591032159722222,3.431,0.591035409444444,3.431
0.59191587,3.421,0.591310198611111,3.431,0.591313288055555,3.431
0.592193950833333,3.421,0.591587926666667,3.431,0.591591058888889,3.431
0.592471860555556,3.421,0.591865718333333,3.431,0.591868928333333,3.431
0.592749595555556,3.421,0.592143571388889,3.431,0.592146607777778,3.431
0.593027564722222,3.421,0.592421238888889,3.431,0.592424365555556,3.431
0.593305510277778,3.421,0.592699085277778,3.431,0.592702254166667,3.431
0.593583201944444,3.421,0.592976925555555,3.431,0.592980103611111,3.431
0.593861038055556,3.421,0.593254913611111,3.431,0.593257677222222,3.431
0.594138410833333,3.421,0.593532614444444,3.431,0.593535715555556,3.431
0.594416710833333,3.421,0.593810197222222,3.431,0.593813743888889,3.431
0.594694160833333,3.421,0.594088241388889,3.431,0.594091256666667,3.431
0.594972020833333,3.421,0.594366038055556,3.431,0.594368959444444,3.431
0.595249820555556,3.421,0.59464382,3.431,0.5946471125,3.431
0.595527776111111,3.421,0.594922021944444,3.431,0.594924869444444,3.431
0.595805877777778,3.421,0.5951996175,3.431,0.595202829166667,3.431
0.596083678888889,3.421,0.595477631666667,3.431,0.595480219444445,3.431
0.596361794166667,3.421,0.595755101944444,3.431,0.595758387222222,3.431
0.596639597222222,3.421,0.596032904444444,3.431,0.596036016111111,3.431
0.596917648333333,3.421,0.596310827777778,3.431,0.596313840833333,3.431
0.597195302222222,3.421,0.596588260555555,3.431,0.596591575277778,3.431
0.597473637222222,3.421,0.596866256666667,3.431,0.596869114166667,3.431
0.597751707222222,3.421,0.597144127777778,3.431,0.59714724,3.431
0.598029734166667,3.421,0.597421968055556,3.431,0.597424776111111,3.431
0.598307294166667,3.421,0.597700034166667,3.431,0.597702438611111,3.431
0.598585370833333,3.421,0.597977954722222,3.431,0.597980586111111,3.431
0.598863204166667,3.421,0.5982556975,3.431,0.5982582425,3.431
0.599140870277778,3.421,0.598533476666667,3.431,0.598536229722222,3.431
0.599418804722222,3.421,0.598811482222222,3.431,0.598814262222222,3.431
0.599696529444444,3.421,0.599089103611111,3.431,0.599092207222222,3.431
0.599974511111111,3.421,0.599367275833333,3.431,0.599369778333333,3.431
0.600252173055556,3.421,0.599645420555555,3.431,0.599648198611111,3.431
0.6005302675,3.421,0.599923311388889,3.431,0.599926078888889,3.431
0.600807694444444,3.421,0.600201114444444,3.431,0.600203564166667,3.431
0.60108563,3.421,0.600478836388889,3.431,0.600482074444444,3.431
0.601363711666667,3.421,0.600756577777778,3.431,0.600759973888889,3.431
0.601641272222222,3.421,0.601034679166667,3.431,0.601037761111111,3.431
0.601919277777778,3.421,0.601312780833333,3.431,0.601315816111111,3.431
0.602197016666667,3.421,0.601590625277778,3.431,0.601593604166667,3.431
0.602474872222222,3.421,0.601868233888889,3.431,0.601871161944444,3.431
0.602752539444444,3.421,0.602146245,3.431,0.6021491775,3.431
0.603030438055556,3.421,0.602423681388889,3.431,0.602426884166667,3.431
0.603308266388889,3.421,0.602701629444444,3.431,0.602704966666667,3.431
0.603586206944444,3.421,0.602979624166667,3.431,0.602982672222222,3.431
0.6038639775,3.421,0.603257142777778,3.431,0.603260621111111,3.431
0.604141746388889,3.421,0.603535281666667,3.441,0.6035384,3.431
0.604419591944444,3.421,0.603813021388889,3.431,0.603816159444444,3.431
0.604697226944444,3.421,0.604090735833333,3.431,0.604093603333333,3.431
0.604975189722222,3.421,0.604368475,3.431,0.604371664444444,3.431
0.605252901111111,3.421,0.604646213888889,3.431,0.604649382222222,3.431
0.605530826111111,3.421,0.604924039722222,3.441,0.604927293055556,3.431
0.605808733055555,3.421,0.605201988055555,3.431,0.605204627777778,3.431
0.606086472222222,3.421,0.605480341944444,3.431,0.605483109166667,3.431
0.606364311388889,3.421,0.605758018888889,3.431,0.605761055277778,3.431
0.606642231944444,3.421,0.606036013055556,3.431,0.606038934166667,3.431
0.606919795277778,3.421,0.606313628611111,3.431,0.606316805277778,3.431
0.607197556944444,3.421,0.606591683055556,3.431,0.606594777222222,3.431
0.607475536388889,3.421,0.606869249166667,3.431,0.606872818611111,3.431
0.607752888055556,3.421,0.607147309444444,3.431,0.607150601944444,3.431
0.608030952222222,3.421,0.607425436388889,3.431,0.607428258333333,3.431
0.608308864722222,3.421,0.607703392222222,3.431,0.607706230277778,3.431
0.608586943611111,3.421,0.607981230555556,3.441,0.607984569722222,3.431
0.608864918333333,3.421,0.608259223611111,3.441,0.608262430833333,3.431
0.609142756944444,3.421,0.608536841388889,3.431,0.608540145833333,3.431
0.609420450555556,3.421,0.608814807222222,3.431,0.608817995555556,3.431
0.609698131388889,3.421,0.609092672777778,3.431,0.609095934722222,3.431
0.609975873888889,3.421,0.609370610833333,3.431,0.609373834444444,3.431
0.6102534275,3.421,0.6096484675,3.431,0.609651801388889,3.431
0.610531709166667,3.421,0.609926203888889,3.431,0.60992956,3.431
0.610809727777778,3.421,0.610204096111111,3.431,0.610207395555555,3.431
0.611088047222222,3.421,0.610482119444445,3.431,0.610485302777778,3.431
0.61136576,3.421,0.6107598375,3.441,0.610763049444444,3.431
0.611644070833333,3.421,0.611037433611111,3.431,0.611040636666667,3.431
0.611921774722222,3.421,0.611315418333333,3.441,0.611318529444444,3.431
0.612199611666667,3.421,0.611593303611111,3.431,0.611596120277778,3.431
0.612477549722222,3.421,0.611871550277778,3.431,0.611873965555556,3.431
0.612755159166667,3.421,0.612149645277778,3.431,0.612151925555556,3.431
0.613032833055556,3.421,0.612427461388889,3.441,0.612429676388889,3.431
0.613310703333333,3.421,0.612705032777778,3.431,0.612707550555556,3.431
0.613589018055556,3.421,0.612983161944444,3.431,0.612985095,3.431
0.613866879444445,3.421,0.613260536666667,3.431,0.613263181388889,3.431
0.614144280833333,3.421,0.613538733333333,3.431,0.613541040833333,3.431
0.614422301111111,3.421,0.613816298888889,3.431,0.613818873611111,3.431
0.614700444722222,3.421,0.614094182222222,3.431,0.614096838055556,3.431
0.614978258611111,3.421,0.614371945555556,3.431,0.614374835555556,3.431
0.6152559275,3.421,0.614650259444444,3.431,0.614652668333333,3.431
0.615533892222222,3.421,0.614928204444444,3.431,0.614930581111111,3.431
0.6158118425,3.421,0.615206208888889,3.431,0.615208286666667,3.431
0.6160894475,3.431,0.615483935,3.441,0.615486314722222,3.431
0.6163678225,3.421,0.615761349444444,3.431,0.615764539444445,3.431
0.616645888333333,3.421,0.616039786388889,3.441,0.616042155,3.431
0.616923767222222,3.421,0.616317504722222,3.441,0.616319914166667,3.431
0.617201631666667,3.421,0.616595574722222,3.431,0.616597729444444,3.431
0.617479040833333,3.421,0.616873745277778,3.431,0.616875643611111,3.431
0.617757224166667,3.421,0.617151191666667,3.431,0.617153511111111,3.431
0.61803482,3.421,0.617429224444444,3.431,0.6174311375,3.431
0.618312901111111,3.421,0.617707181388889,3.441,0.617709026388889,3.431
0.6185906475,3.421,0.617984839166667,3.431,0.617987083333333,3.441
0.618868874444444,3.421,0.618262703333333,3.431,0.618264335833333,3.431
0.619146818055556,3.421,0.618540729166667,3.431,0.618542617222222,3.431
0.619424589166667,3.421,0.618818734166667,3.431,0.618820948333333,3.431
0.619702230555556,3.421,0.619096356944444,3.431,0.619098731944444,3.431
0.619980093611111,3.421,0.619374374166667,3.431,0.619376375555555,3.431
0.620258180277778,3.421,0.619652386666667,3.431,0.619654075277778,3.431
0.620536109722222,3.421,0.619930285555556,3.441,0.619932007222222,3.441
0.620813837222222,3.421,0.620208133888889,3.431,0.620209678888889,3.431
0.621091380833333,3.421,0.620486555,3.431,0.620487585277778,3.431
0.621369052222222,3.421,0.620763960277778,3.441,0.620765669444444,3.431
0.621647243333333,3.421,0.621041877777778,3.431,0.621043634444444,3.431
0.6219248875,3.421,0.621319687222222,3.431,0.621321048333333,3.431
0.622202987777778,3.421,0.621597899722222,3.441,0.621599255277778,3.431
0.622480885277778,3.421,0.621875937222222,3.431,0.621876840555555,3.431
0.622758764444444,3.421,0.622153869722222,3.431,0.622154961666667,3.431
0.623036478055556,3.421,0.622431388055556,3.441,0.622432395833333,3.431
0.623314275,3.421,0.622709523888889,3.431,0.622710523611111,3.431
0.623592077222222,3.421,0.622986946944444,3.431,0.622988408333333,3.431
0.623869989444444,3.421,0.62326503,3.431,0.623266265555556,3.431
0.624147715555555,3.431,0.623543038611111,3.441,0.623544423611111,3.431
0.624425538333333,3.421,0.623820843611111,3.431,0.623822469722222,3.431
0.624703270833333,3.421,0.624098921944444,3.431,0.624100068055556,3.431
0.624981116666667,3.431,0.624376824166667,3.431,0.624378483055556,3.431
0.625258700833333,3.421,0.624654918888889,3.441,0.6246561825,3.431
0.625536617777778,3.421,0.624932650277778,3.431,0.624933849166667,3.431
0.625814693055555,3.421,0.625210743333333,3.431,0.6252115475,3.431
0.626092031666667,3.421,0.62548863,3.431,0.6254893825,3.431
0.626370390277778,3.421,0.625766772222222,3.431,0.625767136944444,3.431
0.626647870833333,3.421,0.626044525277778,3.441,0.626045154722222,3.431
0.626925949166667,3.421,0.626322180277778,3.431,0.626323233611111,3.431
0.627203964722222,3.421,0.626600119166667,3.431,0.626601280555556,3.431
0.627481693333333,3.421,0.626877638333333,3.431,0.626879066111111,3.431
0.627759688611111,3.421,0.627155593611111,3.441,0.627156765555556,3.431
0.628037697222222,3.421,0.627433291388889,3.431,0.627434694166667,3.431
0.628315615555556,3.421,0.627711195555556,3.431,0.6277125025,3.431
0.628593539166667,3.421,0.627989005,3.441,0.627990434722222,3.431
0.628871084166667,3.421,0.6282668775,3.431,0.628268364444444,3.441
0.629148840833333,3.421,0.628544825833333,3.431,0.628545930277778,3.431
0.629426860555556,3.421,0.628822396944444,3.431,0.628823828611111,3.431
0.629704491666667,3.421,0.629100135555556,3.441,0.629102134166667,3.431
0.629982032777778,3.421,0.629378079166667,3.431,0.629380086388889,3.431
0.630259973055556,3.421,0.629656250833333,3.441,0.629657735,3.441
0.630537954722222,3.421,0.629934325833333,3.431,0.629935649722222,3.431
0.630816093888889,3.421,0.630212200833333,3.431,0.630213210555556,3.431
0.631093401944445,3.421,0.630490240833333,3.431,0.630491070555556,3.431
0.631371431666667,3.421,0.630768180833333,3.441,0.630769035833333,3.431
0.631649293055556,3.421,0.631045785833333,3.441,0.631046635277778,3.431
0.631927491666667,3.421,0.631323491388889,3.441,0.631324437777778,3.431
0.632204856944444,3.421,0.631601601111111,3.431,0.631602363611111,3.441
0.632482854444444,3.421,0.631879606666667,3.431,0.631880378333333,3.431
0.632760727222222,3.421,0.632157261388889,3.431,0.632158196111111,3.441
0.633038402777778,3.421,0.632435280277778,3.441,0.6324357525,3.431
0.633316170555555,3.421,0.632713171111111,3.441,0.632713489722222,3.431
0.633593928333333,3.421,0.632990783333333,3.441,0.6329917075,3.431
0.633871984166667,3.421,0.633268633055556,3.441,0.633269288333333,3.431
0.634150147222222,3.431,0.633546093333333,3.431,0.633547269444444,3.431
0.634427566944444,3.421,0.633824207777778,3.431,0.633824960833333,3.431
0.6347058825,3.421,0.63410193,3.441,0.634102895555556,3.431
0.634983443888889,3.421,0.634379725277778,3.431,0.634381051666667,3.431
0.635261613888889,3.421,0.634657413888889,3.431,0.634658946111111,3.431
0.635539383055556,3.421,0.634935768055556,3.441,0.634937252222222,3.431
0.635816861111111,3.421,0.635213446666667,3.441,0.635214822777778,3.431
0.636094850555555,3.421,0.635491499166667,3.441,0.635492973611111,3.431
0.636372621111111,3.421,0.635769361388889,3.431,0.635770949722222,3.431
0.636650090277778,3.421,0.63604719,3.431,0.636048791944444,3.431
0.636928218611111,3.421,0.636325393888889,3.441,0.636326735,3.441
0.637206124722222,3.431,0.636602832777778,3.431,0.636604951388889,3.431
0.637484130277778,3.421,0.636880720555556,3.441,0.6368826675,3.431
0.6377620375,3.421,0.637158755,3.441,0.637160673055556,3.431
0.638039746944444,3.421,0.637436331944444,3.431,0.637438488611111,3.441
0.638317653055556,3.421,0.637714520555556,3.431,0.637716413055555,3.431
0.638595438333333,3.421,0.637991893888889,3.431,0.63799379,3.441
0.638873332777778,3.421,0.638269949722222,3.431,0.638272018055556,3.431
0.639151196666667,3.421,0.638548206944444,3.441,0.638550033611111,3.431
0.639429484166667,3.421,0.638825752222222,3.441,0.638827384166667,3.431
0.639706732777778,3.421,0.639103736944444,3.441,0.63910559,3.431
0.639984997777778,3.421,0.639381751111111,3.431,0.639383679166667,3.441
0.640263134166667,3.421,0.6396592975,3.431,0.639661309722222,3.431
0.640540886111111,3.421,0.639937187777778,3.431,0.639939204444444,3.441
0.640819169722222,3.421,0.640215652777778,3.441,0.64021707,3.431
0.641096529166667,3.421,0.640493032222222,3.441,0.640494686944444,3.431
0.641374775833333,3.421,0.640771174444445,3.441,0.640772802222222,3.431
0.641652746111111,3.421,0.641048958888889,3.441,0.641050828888889,3.431
0.641930411666667,3.431,0.641326393055556,3.441,0.641328328333333,3.441
0.6422083225,3.421,0.641604185277778,3.441,0.641606268055556,3.431
0.642486355833333,3.421,0.641882103055556,3.441,0.641884534166667,3.431
0.642764024722222,3.421,0.642159788333333,3.431,0.642162021111111,3.441
0.643041904166667,3.421,0.642437569444445,3.441,0.642439929166667,3.441
0.643319314722222,3.421,0.642715607777778,3.431,0.642718163333333,3.441
0.643597431944444,3.421,0.642993553888889,3.431,0.642995439444444,3.431
0.643875367777778,3.421,0.643271559166667,3.441,0.643273735833333,3.431
0.644153338888889,3.421,0.643549415277778,3.431,0.643551855555556,3.441
0.644430914166667,3.421,0.643827244166667,3.431,0.643829528055556,3.441
0.644708734166667,3.421,0.644104921666667,3.431,0.644107626944444,3.441
0.644986581666667,3.431,0.6443827975,3.431,0.644385350833333,3.441
0.645263966388889,3.421,0.644660796944445,3.441,0.644663383333333,3.431
0.645542229722222,3.421,0.644938612222222,3.431,0.644941169444444,3.441
0.645820045833333,3.431,0.645216356666667,3.431,0.6452188275,3.431
0.646098079166667,3.431,0.645494090833333,3.441,0.645496733611111,3.441
0.646376128333333,3.431,0.645771975555556,3.431,0.645774220833333,3.441
0.646654079444444,3.421,0.646049896388889,3.431,0.6460518825,3.431
0.646932203611111,3.421,0.646327867222222,3.441,0.646330329444444,3.431
0.647209916388889,3.421,0.646605660277778,3.441,0.646608332222222,3.441
0.647487814444444,3.421,0.646883094444444,3.441,0.646886163888889,3.431
0.647765543888889,3.431,0.647161450277778,3.441,0.647163979722222,3.431
0.64804353,3.421,0.647439294722222,3.441,0.647441755555556,3.431
0.648321599166667,3.421,0.647716888055555,3.441,0.647719781111111,3.431
0.6485990025,3.421,0.647995092222222,3.441,0.647997576666667,3.431
0.648877247222222,3.421,0.648272868055556,3.441,0.648275287777778,3.441
0.649154861666667,3.421,0.648550412777778,3.441,0.648552709444444,3.431
0.649432774166667,3.421,0.648828027777778,3.441,0.648830929166667,3.431
0.649710412222222,3.421,0.649105983055556,3.431,0.649108820555556,3.431
0.6499882725,3.431,0.649383546111111,3.441,0.649386557222222,3.441
0.650265756666667,3.421,0.649661620555556,3.431,0.649664961388889,3.441
0.650543636944444,3.421,0.649939626944445,3.431,0.649942808888889,3.441
0.650821328055555,3.431,0.6502171475,3.441,0.650220773055555,3.441
0.651098946388889,3.431,0.650495123888889,3.441,0.650498488055556,3.431
0.651377527222222,3.421,0.650772621944444,3.431,0.650776466388889,3.431
0.651655041944444,3.421,0.651051000555556,3.441,0.651054375277778,3.431
0.651932851666667,3.421,0.651328509722222,3.431,0.651331608888889,3.431
0.6522109275,3.421,0.651606620277778,3.431,0.651610056388889,3.431
0.652488761666667,3.421,0.651884470277778,3.431,0.651887658333333,3.441
0.652766531944444,3.421,0.652162189166667,3.441,0.652165565,3.431
0.653043957777778,3.421,0.652440081944444,3.441,0.652443491388889,3.431
0.653322238611111,3.421,0.652718252222222,3.431,0.652721372222222,3.441
0.653600092777778,3.431,0.652996245,3.441,0.652999093055555,3.431
0.653877691666667,3.421,0.653273971111111,3.441,0.653277341111111,3.431
0.654155608333333,3.421,0.653551695,3.441,0.653554763055556,3.431
0.654433478611111,3.421,0.653829401666667,3.441,0.6538328375,3.431
0.654711642777778,3.421,0.654107438333333,3.441,0.654110193611111,3.431
0.654989651111111,3.421,0.654385488333333,3.441,0.654388340833333,3.441
0.655267439722222,3.421,0.654663501111111,3.441,0.654666186111111,3.431
0.655545433055555,3.421,0.654941738888889,3.441,0.654943978333333,3.441
0.655823153055555,3.431,0.655219150277778,3.441,0.655221834166667,3.441
0.656100880277778,3.421,0.65549736,3.431,0.655499761111111,3.441
0.656378946111111,3.421,0.655775224444444,3.441,0.65577766,3.441
0.656656979722222,3.431,0.656053146111111,3.441,0.656055523055556,3.441
0.656934896666667,3.421,0.656330780277778,3.441,0.656333476944444,3.441
0.657212574166667,3.431,0.656608649166667,3.441,0.6566111525,3.431
0.657490583888889,3.431,0.65688651,3.441,0.656888946666667,3.431
0.657768491111111,3.421,0.657164888055556,3.441,0.657166685,3.441
0.658046338333333,3.431,0.65744257,3.441,0.657444521111111,3.431
0.658323846944444,3.421,0.657720301666667,3.441,0.657722316388889,3.431
0.658601766388889,3.421,0.657998465277778,3.431,0.657999660833333,3.441
0.65888005,3.431,0.658276077777778,3.441,0.658278048888889,3.441
0.659157898888889,3.431,0.658553740555556,3.431,0.658556073888889,3.441
0.659436234166667,3.421,0.658831727222222,3.431,0.658833746666667,3.431
0.659714026666667,3.431,0.6591096625,3.441,0.65911136,3.431
0.659991943888889,3.421,0.659387576666667,3.441,0.659389255277778,3.431
0.660269536111111,3.431,0.659665204444444,3.441,0.659667501666667,3.431
0.660547889166667,3.431,0.659943172222222,3.441,0.659945391388889,3.441
0.660825825,3.421,0.660220883611111,3.431,0.660223285277778,3.431
0.661103517777778,3.431,0.660498830277778,3.441,0.660500770833333,3.441
0.661381327777778,3.421,0.660776406111111,3.441,0.66077932,3.431
0.661659501111111,3.431,0.661054541111111,3.441,0.661056925,3.441
0.661937825,3.431,0.661332143333333,3.441,0.661334611944444,3.431
0.662216066388889,3.431,0.661610139722222,3.441,0.661612540277778,3.441
0.662493817222222,3.431,0.661887706666667,3.431,0.661890331388889,3.441
0.662771859166667,3.431,0.662165900555556,3.441,0.662168213888889,3.441
0.663049675,3.431,0.662443321666667,3.441,0.662446060833333,3.441
0.663327543055556,3.431,0.662721159444444,3.441,0.662724044166667,3.431
0.663605445,3.431,0.662999191111111,3.441,0.663001841666667,3.431
0.66388336,3.431,0.663277080833333,3.441,0.663279727222222,3.441
0.664161232222222,3.421,0.663554801666667,3.441,0.663557459166667,3.441
0.664439268611111,3.431,0.663832628888889,3.431,0.663835238611111,3.441
0.664717188333333,3.421,0.664110667777778,3.441,0.664113301388889,3.441
0.664995358611111,3.431,0.664388263888889,3.441,0.664391052222222,3.431
0.665273271111111,3.431,0.664666027777778,3.431,0.664668904722222,3.441
0.665551316944444,3.431,0.664944146111111,3.441,0.664946584444444,3.431
0.665828995,3.431,0.665221934444444,3.441,0.665224125833333,3.431
0.666106802777778,3.431,0.665499702777778,3.441,0.665502178333333,3.431
0.666384899444444,3.431,0.665777774722222,3.441,0.665780403055556,3.431
0.66666308,3.421,0.666055622222222,3.441,0.666058153611111,3.441
0.666940402777778,3.421,0.666333496944444,3.441,0.666335923333333,3.441
0.667218613888889,3.431,0.666611511388889,3.441,0.666613486944444,3.431
0.667496375,3.431,0.666888921111111,3.441,0.6668911775,3.441
0.667773945555555,3.431,0.667167056111111,3.441,0.667169103888889,3.441
0.668052189444444,3.431,0.667445369444445,3.441,0.667446834166667,3.441
0.668329839444444,3.421,0.667723180277778,3.431,0.667724369444444,3.431
0.668607837777778,3.431,0.668001079444445,3.441,0.668002574444444,3.441
0.6688860375,3.431,0.668278571111111,3.441,0.668280334444444,3.431
0.669164013888889,3.421,0.668556776388889,3.441,0.66855812,3.441
0.669441955,3.431,0.6688344025,3.441,0.668835736666667,3.441
0.669719738333333,3.421,0.669112136944444,3.431,0.669113435277778,3.441
0.669997318333333,3.421,0.669389886666667,3.441,0.669391517222222,3.441
0.670275203333333,3.431,0.669667715833333,3.441,0.6696690425,3.431
0.670552877222222,3.421,0.669945555,3.441,0.669946864444444,3.441
0.670830678333333,3.431,0.670223665833333,3.441,0.6702245075,3.441
0.671108463611111,3.431,0.670501393611111,3.441,0.670502843055556,3.441
0.671386593888889,3.431,0.670779098333333,3.441,0.670780604722222,3.441
0.671664288611111,3.431,0.671057160555556,3.441,0.671058253055556,3.431
0.671941738055556,3.421,0.671335389166667,3.441,0.671335864166667,3.431
0.672220058333333,3.421,0.671613111111111,3.441,0.671613946944445,3.441
0.672498268333333,3.431,0.671891281944444,3.441,0.671891690555556,3.441
0.672776066944444,3.431,0.672168788888889,3.431,0.672169429722222,3.441
0.673054015,3.431,0.672446536111111,3.441,0.672447228055555,3.441
0.673332000833333,3.431,0.672724204166667,3.441,0.672725001944444,3.441
0.673610395555556,3.431,0.673002265,3.441,0.673003015,3.441
0.673888231388889,3.431,0.673280084722222,3.441,0.6732807825,3.431
0.6741660925,3.431,0.673558412777778,3.441,0.673558739444444,3.441
0.674443692777778,3.431,0.673836534166667,3.441,0.6738365025,3.441
0.674721689722222,3.431,0.674114120555556,3.441,0.6741141625,3.441
0.674999265277778,3.431,0.674392326666667,3.441,0.674392126388889,3.441
0.675277595,3.431,0.674670003333333,3.431,0.674670109166667,3.431
0.675555438888889,3.421,0.674947930555556,3.441,0.674947753611111,3.441
0.675833379166667,3.421,0.675225345,3.441,0.675225250833333,3.441
0.676111408055556,3.421,0.675503022222222,3.441,0.675503373888889,3.441
0.676389415,3.431,0.675781123055555,3.441,0.675781254722222,3.441
0.676667005,3.431,0.676059448055556,3.431,0.676059271944444,3.441
0.676944816666667,3.431,0.676337377222222,3.441,0.676337335555556,3.441
0.677222323611111,3.431,0.6766154575,3.441,0.6766146275,3.441
0.677500088611111,3.421,0.676892696111111,3.441,0.676892685277778,3.441
0.677778054722222,3.421,0.677170681111111,3.441,0.677170721944444,3.441
0.678056251111111,3.431,0.677448754444445,3.441,0.677448724722222,3.441
0.678334180277778,3.431,0.677726433333333,3.441,0.677725998055556,3.441
0.678611744722222,3.431,0.678004085,3.441,0.678004406111111,3.441
0.678889549166667,3.431,0.678282196666667,3.441,0.678281836666667,3.441
0.67916711,3.421,0.678560364444444,3.441,0.678560028333333,3.441
0.679445070555556,3.431,0.678837999722222,3.441,0.678838131944444,3.431
0.679723145277778,3.431,0.679115761388889,3.441,0.679115994166667,3.441
0.680000875833333,3.431,0.679393620277778,3.441,0.6793939825,3.441
0.680278855,3.431,0.679671580555556,3.441,0.6796715475,3.441
0.680556411666667,3.431,0.679949364722222,3.431,0.679949500555556,3.441
0.680834404444444,3.431,0.680227352222222,3.441,0.680227598055556,3.441
0.681111985277778,3.431,0.680505320833333,3.441,0.680505199166667,3.431
0.681389873055556,3.421,0.680783171388889,3.441,0.680783321944444,3.441
0.681668058611111,3.431,0.681061275,3.441,0.681060845,3.431
0.681946036388889,3.431,0.681338978888889,3.441,0.681338898611111,3.431
0.682223837222222,3.421,0.681616734444444,3.441,0.681616567777778,3.441
0.682501505,3.431,0.6818946,3.441,0.681894311944444,3.441
0.682779353611111,3.431,0.682172279444444,3.441,0.682172265,3.431
0.683057160833333,3.431,0.682449841111111,3.441,0.682450111666667,3.431
0.683335213055556,3.421,0.682727835833333,3.441,0.68272824,3.441
0.683613147222222,3.431,0.683005815555556,3.441,0.683006205277778,3.441
0.683890881666667,3.431,0.683283741111111,3.441,0.683283945277778,3.431
0.684168831111111,3.431,0.683561738611111,3.441,0.683561765277778,3.441
0.684446565555555,3.431,0.683839644722222,3.441,0.683839668333333,3.431
0.684724904166667,3.431,0.684117603611111,3.441,0.684117628333333,3.441
0.685002619166667,3.431,0.684395636111111,3.441,0.684395402777778,3.441
0.6852804825,3.431,0.684673280277778,3.441,0.684673108333333,3.441
0.685558419444445,3.431,0.684950807777778,3.441,0.684951168333333,3.441
0.685836175,3.431,0.685228891111111,3.441,0.685229033611111,3.431
0.686113844166667,3.431,0.685506457777778,3.441,0.685506746666667,3.441
0.686392189444444,3.421,0.685784482222222,3.441,0.685785009444445,3.441
0.686669871388889,3.431,0.686062155,3.441,0.686062660555556,3.441
0.686947635555556,3.431,0.686340415,3.441,0.686340628888889,3.441
0.687225541666667,3.431,0.686618396111111,3.441,0.686618363055556,3.441
0.6875031575,3.431,0.686896555555556,3.441,0.6868961375,3.441
0.687780963888889,3.431,0.687174296111111,3.441,0.687173541944444,3.441
0.688058546388889,3.431,0.687451923055556,3.441,0.687451603888889,3.431
0.688336673888889,3.431,0.687729461111111,3.441,0.687729369166667,3.441
0.688614388611111,3.431,0.688007300555556,3.441,0.688006992777778,3.441
0.688892300277778,3.431,0.688285408611111,3.441,0.688285197777778,3.441
0.689170496666667,3.431,0.688563260555556,3.441,0.688563143611111,3.431
0.689448310277778,3.431,0.688840905833333,3.441,0.688841305,3.441
0.689725967222222,3.431,0.689119102777778,3.441,0.689119169722222,3.441
0.690003453333333,3.431,0.689397084722222,3.441,0.689397304166667,3.441
0.69028195,3.431,0.689675108611111,3.441,0.689675007222222,3.441
0.690559886388889,3.431,0.689953028055555,3.441,0.689952698611111,3.441
0.690837517222222,3.431,0.690230899166667,3.441,0.690230648333333,3.441
0.691115357777778,3.421,0.690509064166667,3.441,0.690508641666667,3.441
0.691393278333333,3.431,0.690787124722222,3.441,0.690786581111111,3.441
0.691670919444444,3.431,0.691064816944444,3.441,0.691064531666667,3.441
0.691949188611111,3.431,0.691342706388889,3.441,0.691342858888889,3.441
0.692226779444445,3.431,0.691620224444444,3.441,0.691620927222222,3.441
0.692504629722222,3.431,0.691898388888889,3.441,0.691898714166667,3.441
0.69278259,3.421,0.692176143888889,3.441,0.692176509166667,3.441
0.693060715833333,3.421,0.692454335277778,3.441,0.692454858333333,3.441
0.693338455277778,3.431,0.69273195,3.441,0.692732474722222,3.441
0.693616738055556,3.431,0.693009688888889,3.441,0.693010245833333,3.441
0.693894578055556,3.431,0.693287725833333,3.441,0.6932883925,3.441
0.694172535555555,3.421,0.693565404722222,3.441,0.693566123333333,3.431
0.694450407777778,3.431,0.693843272222222,3.441,0.693844189444444,3.441
0.694728375555556,3.431,0.694120778055555,3.441,0.6941223925,3.441
0.695006241666667,3.431,0.694398975833333,3.441,0.694400206944444,3.441
0.695284467222222,3.431,0.694676895833333,3.441,0.694678008055556,3.441
0.695561951666667,3.431,0.694954985833333,3.441,0.694955917777778,3.441
0.695839785555556,3.431,0.695232729444444,3.441,0.695233639722222,3.441
0.696117808333333,3.421,0.695510510277778,3.441,0.695511246388889,3.441
0.696395437222222,3.431,0.695788356944444,3.441,0.695789159444445,3.441
0.6966732,3.431,0.6960660275,3.441,0.696067247777778,3.441
0.696951139722222,3.431,0.6963440525,3.441,0.696345351944444,3.441
0.697228745,3.431,0.696621718888889,3.441,0.696623391944444,3.441
0.697506346111111,3.431,0.696899711944444,3.441,0.696901092222222,3.441
0.697784469444444,3.431,0.697177600833333,3.441,0.697178836666667,3.441
0.698062024166667,3.431,0.6974552675,3.441,0.697456814722222,3.441
0.698340312222222,3.421,0.697733518611111,3.441,0.697734872222222,3.441
0.698617987222222,3.431,0.6980115475,3.441,0.698012540555556,3.441
0.698895768333333,3.431,0.698289509166667,3.441,0.698290343888889,3.441
0.699173794444444,3.431,0.698567454444444,3.441,0.698568421111111,3.441
0.699451694444444,3.431,0.698845333888889,3.441,0.698846373888889,3.441
0.699729349722222,3.431,0.699122793611111,3.441,0.699124378611111,3.441
0.700006935555556,3.431,0.699400853888889,3.441,0.699402547222222,3.441
0.700284724444444,3.431,0.699678692222222,3.441,0.699679917222222,3.441
0.700562834722222,3.431,0.699956414166667,3.441,0.69995787,3.441
0.700841163055556,3.431,0.700234200833333,3.441,0.700235881666667,3.441
0.701119178611111,3.431,0.700512093055556,3.441,0.700513635833333,3.441
0.701397045555556,3.431,0.700790060277778,3.441,0.700791293333333,3.441
0.70167454,3.431,0.701068295,3.441,0.701069068888889,3.441
0.701952833055556,3.431,0.701346147777778,3.441,0.701346935,3.441
0.702230748333333,3.431,0.701624056111111,3.441,0.701624775555556,3.441
0.702508408611111,3.431,0.701901929444445,3.441,0.7019026,3.441
0.702786329722222,3.431,0.702179857222222,3.441,0.702180044444444,3.441
0.703064313888889,3.431,0.702457588333333,3.441,0.702458106666667,3.441
0.703342226388889,3.431,0.702735295,3.441,0.702735989166667,3.441
0.703619829722222,3.431,0.703012766388889,3.441,0.703013959722222,3.441
0.703897681666667,3.431,0.703290994722222,3.441,0.703291741666667,3.441
0.704175169444444,3.431,0.703568805555555,3.441,0.703569419444444,3.441
0.704453430833333,3.421,0.703846801666667,3.441,0.703847866666667,3.441
0.704731341944444,3.431,0.704124451388889,3.441,0.704125984444444,3.441
0.705008951944444,3.431,0.704402241388889,3.441,0.704403738055556,3.441
0.705287148333333,3.431,0.704680238333333,3.441,0.704681318055556,3.441
0.7055649375,3.431,0.704958481111111,3.441,0.704959204722222,3.441
0.705843044722222,3.431,0.705236527777778,3.441,0.705237214722222,3.441
0.706120833611111,3.431,0.7055143525,3.441,0.705515144444444,3.441
0.706398815,3.431,0.705792178888889,3.441,0.705793127222222,3.441
0.706676510833333,3.431,0.706070447222222,3.441,0.706070442222222,3.441
0.706954505555556,3.431,0.706348235833333,3.451,0.706348587222222,3.441
0.707232034722222,3.431,0.706626113333333,3.441,0.706626439166667,3.441
0.7075098775,3.431,0.706904148611111,3.441,0.706904146111111,3.441
0.707787609166667,3.431,0.707182086388889,3.441,0.707182544444445,3.441
0.708065679722222,3.431,0.707459765,3.441,0.707460280277778,3.441
0.708343798055555,3.431,0.707737593333333,3.441,0.707737695,3.441
0.708621486388889,3.431,0.708015683888889,3.441,0.708015716944444,3.441
0.708899730833333,3.431,0.708293390277778,3.441,0.708293681388889,3.441
0.709177478611111,3.431,0.708571047222222,3.441,0.708571101388889,3.441
0.709455231944444,3.431,0.708848822222222,3.441,0.708849353888889,3.441
0.709733374166667,3.431,0.7091266925,3.441,0.709127283055556,3.441
0.710010866944444,3.431,0.709404385833333,3.441,0.709404906388889,3.441
0.710289096388889,3.431,0.709682322777778,3.441,0.709683059444444,3.441
0.710566948611111,3.431,0.709960288333333,3.441,0.709960865555556,3.441
0.710844948055556,3.431,0.710238483611111,3.441,0.710238711388889,3.441
0.7111229625,3.431,0.710516055833333,3.441,0.710516701388889,3.441
0.711400753333333,3.431,0.710794216388889,3.441,0.710794070555556,3.441
0.711678625833333,3.431,0.71107193,3.441,0.711072280277778,3.441
0.711956384722222,3.431,0.711350005277778,3.441,0.711349965,3.441
0.712233916111111,3.431,0.711627549722222,3.441,0.711628130277778,3.441
0.712511918333333,3.431,0.711905341666667,3.441,0.711906087222222,3.441
0.712789846944444,3.431,0.712183353888889,3.441,0.712183763611111,3.441
0.713067740833333,3.431,0.712460820277778,3.441,0.712461993333333,3.441
0.713345433333333,3.431,0.712738984722222,3.441,0.712740124166667,3.441
0.713623283055556,3.421,0.713017114722222,3.441,0.713017687222222,3.441
0.713901002222222,3.431,0.7132947075,3.441,0.713295729166667,3.441
0.714178646111111,3.431,0.713572644444444,3.441,0.713573493888889,3.441
0.714456533055555,3.431,0.713850120555556,3.441,0.713851470555556,3.441
0.714734118333333,3.431,0.714128471388889,3.441,0.714129367777778,3.441
0.715012025555556,3.431,0.714406123333333,3.441,0.714407274722222,3.441
0.715290278055556,3.431,0.714683983333333,3.441,0.714685246944444,3.441
0.715567928611111,3.431,0.714961669722222,3.441,0.714963320833333,3.441
0.715845816666667,3.431,0.715239646944444,3.441,0.715241206666667,3.441
0.716123305277778,3.431,0.715517905277778,3.441,0.7155190625,3.441
0.716401479722222,3.431,0.715795473611111,3.441,0.715797031666667,3.441
0.716679003055556,3.431,0.716073256111111,3.441,0.716074840555556,3.441
0.716957039166667,3.431,0.7163511575,3.441,0.716352250555556,3.441
0.717235240277778,3.431,0.716628528055556,3.441,0.716630012777778,3.441
0.717512895,3.431,0.716906573611111,3.441,0.716908159444444,3.441
0.717790590277778,3.431,0.717184573611111,3.441,0.717185732222222,3.441
0.718068535277778,3.431,0.71746233,3.441,0.717463657777778,3.441
0.718346396666667,3.431,0.717740115833333,3.441,0.717741400277778,3.441
0.718624300555556,3.431,0.718017416666667,3.441,0.718019074166667,3.441
0.7189019725,3.431,0.718295899166667,3.441,0.718297026111111,3.441
0.719179965277778,3.431,0.718573550277778,3.441,0.718574609444444,3.441
0.719457788333333,3.431,0.718851768333333,3.441,0.718852323333333,3.441
0.719735674166667,3.431,0.719129238055556,3.441,0.719130421388889,3.441
0.720013352222222,3.431,0.719407274722222,3.441,0.719408739722222,3.441
0.720291281944444,3.431,0.719685158333333,3.441,0.719686538333333,3.441
0.720569118611111,3.431,0.719963235833333,3.441,0.719964718055556,3.441
0.7208469775,3.431,0.720240699444444,3.441,0.720242368333333,3.441
0.721124795277778,3.431,0.720518966666667,3.441,0.720520470277778,3.441
0.721402633888889,3.431,0.720796583333333,3.441,0.720798595,3.441
0.721680398611111,3.431,0.721074424722222,3.441,0.721076298055556,3.441
0.721958578333333,3.431,0.721352553055555,3.441,0.721354273333333,3.441
0.722236484722222,3.431,0.721630291111111,3.441,0.721631620833333,3.441
0.722514398888889,3.431,0.721908303333333,3.441,0.721909336944444,3.441
0.722792165277778,3.431,0.722186406666667,3.441,0.722187418333333,3.441
0.723069699166667,3.431,0.722464057777778,3.441,0.722465203611111,3.441
0.723347667222222,3.431,0.7227419925,3.441,0.722742967222222,3.441
0.723625649166667,3.431,0.723020100277778,3.441,0.723020794444444,3.441
0.723903418333333,3.431,0.723297498333333,3.441,0.723298971111111,3.441
0.724181183055556,3.431,0.723575551388889,3.441,0.723576763888889,3.441
0.724459041666667,3.431,0.723853371666667,3.441,0.723854677222222,3.441
0.724737198333333,3.431,0.724130953055556,3.441,0.724132342222222,3.441
0.725015002777778,3.431,0.72440927,3.441,0.7244104675,3.441
0.725292606111111,3.431,0.724686841944445,3.441,0.724688440555555,3.441
0.725570689444444,3.431,0.724964784444444,3.441,0.724966237222222,3.441
0.725848371388889,3.431,0.725242456388889,3.441,0.725243981388889,3.441
0.726126342222222,3.431,0.72552036,3.441,0.725522114722222,3.441
0.726404277222222,3.431,0.725798218055556,3.441,0.725799645833333,3.441
0.726682276111111,3.431,0.726075575277778,3.441,0.726077960555556,3.441
0.726960194722222,3.431,0.726354218055556,3.441,0.726355998333333,3.441
0.727237874722222,3.431,0.726631914444444,3.441,0.7266337875,3.441
0.727515840555556,3.431,0.726909886944444,3.441,0.7269112925,3.441
0.727793613055556,3.431,0.727187785277778,3.441,0.727189386666667,3.441
0.728071258888889,3.431,0.727465801944444,3.441,0.727467417222222,3.441
0.728349302777778,3.431,0.727743876666667,3.441,0.727745321111111,3.441
0.728626905277778,3.431,0.728021655833333,3.441,0.728023167222222,3.441
0.728905045833333,3.431,0.728300020555556,3.441,0.728301087777778,3.441
0.7291826375,3.431,0.728577876666667,3.441,0.728578855555556,3.441
0.729460540833333,3.431,0.728855193611111,3.441,0.728856558333333,3.441
0.729738352222222,3.431,0.7291337925,3.441,0.729134624722222,3.441
0.730016135,3.431,0.729411422222222,3.441,0.7294126225,3.441
0.730294121388889,3.431,0.729689481388889,3.441,0.729690411111111,3.441
0.730572276111111,3.431,0.729967483333333,3.441,0.729968121666667,3.441
0.730849698888889,3.431,0.730245628333333,3.441,0.730246124444444,3.441
0.731127511666667,3.421,0.730523246388889,3.441,0.730524215,3.441
0.731405258888889,3.431,0.730800830277778,3.441,0.730802053611111,3.441
0.731682919722222,3.431,0.731078869166667,3.441,0.731079991388889,3.441
0.7319609525,3.431,0.731356716111111,3.441,0.731357673888889,3.441
0.732238780555555,3.431,0.731634479444444,3.441,0.731635564722222,3.441
0.732516710833333,3.431,0.731911862222222,3.441,0.731913403888889,3.441
0.732794705555555,3.431,0.732189700277778,3.441,0.732191114722222,3.441
0.733072468888889,3.431,0.732467542777778,3.441,0.732469009722222,3.441
0.733350184166667,3.431,0.732745617777778,3.441,0.732746663888889,3.441
0.733627889444444,3.431,0.733023585,3.441,0.733024609722222,3.441
0.733905452222222,3.431,0.733301322222222,3.441,0.733302245833333,3.441
0.734183654444445,3.431,0.7335796175,3.441,0.733580191666667,3.441
0.734461869722222,3.431,0.733857928055555,3.441,0.733857995277778,3.441
0.734739927777778,3.431,0.734136181666667,3.441,0.734135683055556,3.441
0.735018040277778,3.431,0.734413802222222,3.441,0.7344134375,3.441
0.735295701666667,3.431,0.734691806388889,3.441,0.734691460277778,3.441
0.735573827222222,3.431,0.734969581111111,3.441,0.734969123333333,3.441
0.735851878055556,3.431,0.735247438333333,3.441,0.735246657222222,3.441
0.736129591666667,3.431,0.735525221666667,3.441,0.735524883888889,3.441
0.736407791388889,3.431,0.7358030475,3.441,0.7358021075,3.441
0.736685445277778,3.431,0.736080983333333,3.441,0.736079978055556,3.441
0.736963229444444,3.431,0.736358525833333,3.441,0.736357666944444,3.441
0.737241033888889,3.431,0.7366368725,3.441,0.736635685,3.441
0.737518941666667,3.431,0.736915076666667,3.441,0.7369136725,3.441
0.737796554444444,3.431,0.73719277,3.441,0.737191740555555,3.441
0.738074323055556,3.431,0.737470738888889,3.441,0.737469719444444,3.441
0.738352336666667,3.431,0.737748652222222,3.441,0.737748099166667,3.441
0.738630158888889,3.431,0.738026486666667,3.441,0.738025431666667,3.441
0.738908268888889,3.431,0.738304252222222,3.441,0.738303276388889,3.441
0.739185890833333,3.431,0.738582044166667,3.441,0.738581516944445,3.441
0.739463769444444,3.431,0.738859835555556,3.441,0.738859335555555,3.441
0.739741451944444,3.431,0.739137703333333,3.441,0.739137450833333,3.441
0.740019466111111,3.431,0.739415589444445,3.441,0.739415205277778,3.441
0.740297051666667,3.431,0.739693289722222,3.441,0.739693091111111,3.441
0.740574984166667,3.431,0.739971480555556,3.441,0.739970920277778,3.441
0.740852742222222,3.431,0.740249251388889,3.441,0.740248882222222,3.441
0.741130622777778,3.431,0.740526720555556,3.441,0.740526627222222,3.441
0.741408589166667,3.431,0.740804678333333,3.441,0.740804486388889,3.441
0.741686312777778,3.431,0.741082562777778,3.441,0.741082338611111,3.441
0.741964107222222,3.431,0.741360447777778,3.441,0.7413601425,3.441
0.7422420075,3.431,0.7416384,3.441,0.741638131388889,3.441
0.742519602222222,3.431,0.741916214722222,3.441,0.741915793888889,3.441
0.742797781666667,3.431,0.742193957222222,3.441,0.742193688055556,3.441
0.74307601,3.431,0.742471848888889,3.441,0.742471213611111,3.441
0.7433536675,3.431,0.7427500175,3.441,0.742749217777778,3.441
0.743631539444444,3.431,0.743027688055556,3.441,0.743026868611111,3.441
0.743909397222222,3.431,0.743305736944444,3.441,0.743305429444444,3.441
0.744187045277778,3.431,0.743583704722222,3.441,0.743582706666667,3.441
0.744465153611111,3.431,0.743861083055556,3.441,0.743860861666667,3.441
0.744743174722222,3.431,0.7441390225,3.451,0.744138734166667,3.441
0.745020758888889,3.431,0.744416940277778,3.441,0.7444166325,3.441
0.745298865,3.431,0.744694857222222,3.441,0.744694411111111,3.441
0.745576425,3.431,0.744972291111111,3.441,0.744971908333333,3.441
0.745853936111111,3.431,0.745250017777778,3.441,0.74524984,3.441
0.746132421666667,3.431,0.745527773333333,3.441,0.745527599444444,3.441
0.746410130833333,3.431,0.745806110277778,3.441,0.745805565833333,3.441
0.7466876775,3.431,0.746083958055556,3.441,0.746083725,3.441
0.746965536388889,3.431,0.746362363611111,3.441,0.7463613925,3.441
0.747243369166667,3.431,0.746640076111111,3.441,0.746639346111111,3.441
0.747521345277778,3.431,0.746917879444445,3.441,0.746917125555556,3.441
0.747799221111111,3.431,0.747195613888889,3.441,0.747194938333333,3.441
0.748077050277778,3.431,0.747473445,3.441,0.747472865555556,3.451
0.748354821944444,3.431,0.747750906944444,3.441,0.747751004166667,3.441
0.748632785555556,3.431,0.748028833888889,3.441,0.748029168055556,3.441
0.748910599722222,3.431,0.748306788333333,3.441,0.7483067275,3.441
0.749188905555556,3.431,0.748584209722222,3.451,0.748584786666667,3.441
0.749466756111111,3.431,0.748862146111111,3.441,0.748862375833333,3.441
0.749744663611111,3.431,0.749140147777778,3.441,0.749140384722222,3.441
0.750022324444444,3.431,0.749417607222222,3.441,0.749418466388889,3.441
0.750300276666667,3.431,0.749695640833333,3.441,0.749696266944444,3.441
0.750578124722222,3.431,0.749973203055555,3.441,0.749973874722222,3.441
0.750856341388889,3.431,0.750250753888889,3.441,0.750252009444444,3.441
0.751133955833333,3.431,0.750529206111111,3.441,0.750529656944445,3.441
0.751411620277778,3.431,0.750806628611111,3.441,0.7508075425,3.441
0.751689515833333,3.431,0.751084774722222,3.441,0.751085212777778,3.451
0.751967738055556,3.431,0.751362506944444,3.441,0.751363340555556,3.441
0.752245597777778,3.431,0.751640597777778,3.441,0.751641107222222,3.441
0.752523245277778,3.431,0.751918187777778,3.451,0.751918965,3.441
0.752801311666667,3.431,0.752196251666667,3.441,0.752197445833333,3.441
0.753079180833333,3.431,0.752474330833333,3.441,0.752475630277778,3.441
0.753356971944444,3.431,0.752752143333333,3.441,0.752753464722222,3.441
0.753634881944445,3.431,0.753029918055556,3.441,0.7530315825,3.441
0.753912998333333,3.431,0.753307765,3.441,0.753309650555556,3.441
0.754190786388889,3.431,0.753585550555556,3.441,0.753587396666667,3.441
0.754468258055556,3.431,0.753863329166667,3.441,0.75386532,3.441
0.7547462075,3.431,0.754141221388889,3.441,0.754143117777778,3.441
0.755024078055556,3.431,0.754418584166667,3.441,0.754420886111111,3.441
0.755302020555556,3.431,0.754696386666667,3.441,0.754698810833333,3.441
0.755579662777778,3.431,0.75497433,3.441,0.754976827222222,3.441
0.755857567777778,3.431,0.755252594444444,3.441,0.755254675833333,3.441
0.7561354275,3.431,0.755530445,3.441,0.755532560555556,3.441
0.756413105277778,3.431,0.755808019166667,3.441,0.755810244166667,3.441
0.756691148888889,3.431,0.756085986388889,3.441,0.756088398055555,3.441
0.756968772222222,3.431,0.756363638333333,3.441,0.756365805,3.441
0.7572469975,3.431,0.756641799722222,3.441,0.756643910555556,3.441
0.757524674444444,3.431,0.756919676944444,3.441,0.756921575833333,3.451
0.757802785555556,3.431,0.757197944722222,3.441,0.757199911944444,3.441
0.758080345,3.431,0.757475653888889,3.451,0.757477501388889,3.441
0.758358213055556,3.431,0.757753040277778,3.451,0.757755604166667,3.441
0.758636173055556,3.431,0.758031269166667,3.441,0.758033446666667,3.451
0.758914079444444,3.431,0.758309163333333,3.441,0.758311713888889,3.441
0.759191708333333,3.431,0.758587155833333,3.441,0.758589601388889,3.441
0.759469353055556,3.431,0.758865021944444,3.441,0.758867144166667,3.441
0.759747276111111,3.431,0.75914265,3.441,0.759145238611111,3.441
0.760025107222222,3.431,0.759420704166667,3.441,0.759423140833333,3.451
0.760303368055556,3.431,0.759698115,3.441,0.7597007625,3.441
0.7605816575,3.431,0.759976143333333,3.441,0.759978671944444,3.451
0.760859399722222,3.431,0.760253837777778,3.441,0.760256401111111,3.441
0.761137099166667,3.431,0.760531863611111,3.441,0.760534067222222,3.441
0.761414905,3.431,0.760809795833333,3.441,0.760812088333333,3.441
0.761692856388889,3.431,0.761087501111111,3.441,0.76108989,3.441
0.761970969166667,3.431,0.761365380833333,3.451,0.7613678875,3.441
0.762249048888889,3.431,0.761642903055556,3.451,0.761645623055555,3.441
0.762526765277778,3.431,0.761920965277778,3.441,0.76192349,3.441
0.762805080277778,3.431,0.762198606944444,3.441,0.762201421388889,3.441
0.763082547777778,3.431,0.762476390277778,3.441,0.762479379722222,3.441
0.763360894166667,3.431,0.762754054166667,3.441,0.762757364166667,3.451
0.7636390325,3.431,0.763031910555556,3.451,0.763035263055556,3.441
0.763916703333333,3.431,0.763310174166667,3.441,0.763312702777778,3.441
0.764194586388889,3.431,0.763588028888889,3.441,0.763591070555556,3.441
0.764472378611111,3.431,0.76386595,3.441,0.763868745833333,3.441
0.764750329722222,3.431,0.764143540833333,3.441,0.764146775833333,3.441
0.765028156388889,3.431,0.764421841666667,3.441,0.764424585833333,3.441
0.765305959444444,3.431,0.764699772222222,3.441,0.764702603888889,3.441
0.765583816944444,3.431,0.764977847777778,3.441,0.764980291388889,3.451
0.76586184,3.431,0.765255501666667,3.441,0.765258368333333,3.441
0.766139610277778,3.431,0.7655333825,3.441,0.765536025277778,3.441
0.766417055555556,3.431,0.765810829166667,3.451,0.765813933055556,3.441
0.766695174444444,3.431,0.766089267777778,3.441,0.766091562777778,3.441
0.766972945,3.431,0.766366582777778,3.441,0.766369499166667,3.441
0.767250644444444,3.431,0.766644603888889,3.441,0.766647229444444,3.441
0.767528602222222,3.431,0.766922428888889,3.441,0.766924926111111,3.441
0.767806181666667,3.431,0.767200324444444,3.441,0.767202621944444,3.441
0.768083771388889,3.431,0.7674780275,3.441,0.767480711944444,3.441
0.768361639444444,3.431,0.767755969444444,3.441,0.767758511944444,3.441
0.768639754722222,3.431,0.76803376,3.441,0.768036262222222,3.441
0.768917443888889,3.431,0.768311440555556,3.441,0.768314229166667,3.441
0.769195738611111,3.431,0.768589126666667,3.441,0.768592327222222,3.451
0.769473836388889,3.431,0.768867067222222,3.441,0.768870235555556,3.441
0.769751432222222,3.431,0.769145097222222,3.451,0.769148055555556,3.441
0.770029433055556,3.431,0.769422755277778,3.441,0.769425481944444,3.451
0.77030717,3.431,0.769700708055556,3.441,0.769703648611111,3.441
0.770584907777778,3.431,0.769978295277778,3.441,0.769981829166667,3.441
0.770863071944444,3.431,0.770256155555556,3.441,0.770259455,3.441
0.771140808333333,3.431,0.770533893888889,3.441,0.770537155833333,3.441
0.771418357222222,3.431,0.770811597222222,3.441,0.770815026111111,3.451
0.771696473888889,3.431,0.771089442777778,3.441,0.771092881388889,3.441
0.771974246111111,3.431,0.771367462222222,3.441,0.771371221944445,3.441
0.772252230833333,3.431,0.771645128333333,3.441,0.771649153611111,3.441
0.772529770555556,3.431,0.7719227175,3.441,0.771927054166667,3.441
0.772808113333333,3.431,0.772201224166667,3.441,0.772204595555556,3.441
0.773086245,3.431,0.772478596111111,3.441,0.77248216,3.441
0.773364201388889,3.431,0.772756891944444,3.441,0.772759956111111,3.441
0.773642098055556,3.431,0.773034428888889,3.441,0.773038257222222,3.441
0.773920032222222,3.431,0.773312731388889,3.441,0.7733160625,3.441
0.774198143611111,3.431,0.773590604444444,3.441,0.773594348888889,3.441
0.774476010277778,3.431,0.773868378888889,3.441,0.773872225,3.441
0.774753595277778,3.431,0.774146278333333,3.441,0.7741500125,3.441
0.775031605277778,3.431,0.7744241375,3.441,0.774427811111111,3.441
0.775309465277778,3.431,0.774701888611111,3.441,0.774705577222222,3.441
0.7755871525,3.431,0.774979913333333,3.441,0.7749831675,3.441
0.775864816111111,3.431,0.775257921666667,3.441,0.775261195,3.451
0.77614261,3.431,0.775535581111111,3.441,0.775538936944444,3.441
0.776420530833333,3.431,0.775813796666667,3.441,0.775816739166667,3.441
0.776698224166667,3.431,0.776091745833333,3.441,0.776094313055556,3.441
0.776975891111111,3.431,0.7763694925,3.441,0.776372261666667,3.441
0.7772540575,3.431,0.776647689444444,3.451,0.776650109444444,3.441
0.7775317025,3.431,0.776925608055556,3.441,0.7769274725,3.441
0.777809861666667,3.431,0.777203772777778,3.441,0.777205617222222,3.441
0.778087989722222,3.431,0.777481571111111,3.451,0.777483462777778,3.451
0.778365617222222,3.431,0.777759494166667,3.451,0.777761031388889,3.441
0.778643641666667,3.431,0.778037462777778,3.441,0.778039050277778,3.441
0.778921394722222,3.431,0.778315511111111,3.441,0.778316938611111,3.441
0.779199698055555,3.431,0.778593146666667,3.441,0.778594676388889,3.441
0.779477266388889,3.431,0.778871185833333,3.441,0.778872495833333,3.441
0.779755195277778,3.431,0.7791488825,3.441,0.779150194444444,3.441
0.780033281944444,3.431,0.779426688611111,3.441,0.779427736388889,3.451
0.780311230833333,3.431,0.779704820833333,3.441,0.779705934444444,3.441
0.780589209444444,3.431,0.779982692777778,3.441,0.779983851388889,3.441
0.7808672375,3.431,0.780260053611111,3.451,0.780261910277778,3.441
0.781145361666667,3.431,0.780538026944444,3.451,0.78053984,3.441
0.781423218611111,3.431,0.780815873055556,3.441,0.780818196944444,3.441
0.781700743055556,3.431,0.781094040833333,3.441,0.781095725277778,3.441
0.781978915555556,3.431,0.781371493055556,3.441,0.781373546666667,3.441
0.782256430277778,3.431,0.781649088333333,3.451,0.7816514675,3.451
0.782534107222222,3.431,0.781927419444444,3.451,0.781929504444444,3.441
0.78281204,3.431,0.782205934444444,3.451,0.782207278888889,3.441
0.783089798888889,3.441,0.7824838,3.451,0.782484857777778,3.441
0.783367619444444,3.431,0.782762050833333,3.441,0.782762746388889,3.441
0.783645448333333,3.431,0.783039729166667,3.441,0.783040845555556,3.451
0.783922926111111,3.431,0.783317571111111,3.441,0.783318840277778,3.441
0.784201173611111,3.431,0.783595282222222,3.451,0.783596756111111,3.441
0.784478406944444,3.431,0.783873230277778,3.441,0.783874583055556,3.451
0.784756485833333,3.431,0.784150994722222,3.441,0.784152901944445,3.441
0.785034446388889,3.441,0.784428642777778,3.451,0.784430279722222,3.441
0.785312623611111,3.431,0.784707021111111,3.441,0.784708688333333,3.441
0.785590573888889,3.431,0.784985057777778,3.441,0.784986828611111,3.441
0.785868488611111,3.431,0.785262745833333,3.451,0.785264935277778,3.441
0.786146623333333,3.431,0.785540542222222,3.451,0.785542910833333,3.441
0.786424459166667,3.431,0.785818235833333,3.441,0.785820586388889,3.441
0.786702305,3.431,0.7860962125,3.451,0.786098625833333,3.451
0.786980208888889,3.431,0.786373846111111,3.451,0.786376224166667,3.441
0.7872580925,3.431,0.786651560277778,3.451,0.786654143611111,3.451
0.787535948888889,3.431,0.786929448611111,3.451,0.786931850555556,3.451
0.787813920833333,3.431,0.787207220277778,3.441,0.787209877777778,3.451
0.788091633611111,3.431,0.787485439444444,3.451,0.787487574722222,3.441
0.788369465277778,3.431,0.787763343611111,3.441,0.787765429166667,3.441
0.788647010555556,3.431,0.788041041388889,3.451,0.788043071944444,3.451
0.788925082222222,3.431,0.788318992222222,3.451,0.788321024166667,3.451
0.789202586666667,3.431,0.788596722777778,3.441,0.788598918055556,3.441
0.789480518611111,3.431,0.788874285277778,3.441,0.788876422777778,3.441
0.789758125555556,3.431,0.789152289444444,3.451,0.789154588888889,3.451
0.790035907777778,3.431,0.789429777222222,3.451,0.789432436388889,3.441
0.790313695555556,3.431,0.789707777777778,3.451,0.789710219722222,3.441
0.790591720277778,3.431,0.789985735,3.441,0.789988045833333,3.441
0.790869545833333,3.431,0.790263559444444,3.441,0.7902661025,3.451
0.791147796111111,3.431,0.790541389166667,3.451,0.7905437825,3.451
0.791425646388889,3.431,0.790819068055556,3.441,0.790821695,3.441
0.791703845,3.431,0.791096589166667,3.441,0.791099589722222,3.441
0.791981469444444,3.431,0.791374671388889,3.441,0.791377257777778,3.441
0.792259520277778,3.431,0.79165265,3.441,0.791655359166667,3.451
0.792537013055556,3.431,0.791930303888889,3.451,0.791933271666667,3.441
0.792814911388889,3.431,0.792208284722222,3.451,0.792210948611111,3.451
0.793092647777778,3.431,0.7924860825,3.451,0.792488816388889,3.451
0.793370673055556,3.431,0.792763849166667,3.451,0.792766497222222,3.451
0.793648388611111,3.431,0.793042076944445,3.451,0.793044495277778,3.441
0.793926678611111,3.431,0.793319648333333,3.451,0.793322363888889,3.441
0.794204272222222,3.431,0.793597528888889,3.441,0.793600062777778,3.441
0.794482563888889,3.431,0.793875134444444,3.451,0.793877676944444,3.441
0.794760055833333,3.431,0.794152950833333,3.451,0.794155835555556,3.441
0.7950385825,3.431,0.794430546666667,3.441,0.794433689444444,3.441
0.795316164722222,3.431,0.794708905833333,3.451,0.794711678055556,3.451
0.795594156666667,3.431,0.794986496666667,3.451,0.794989921944444,3.441
0.7958719625,3.431,0.795264610555556,3.451,0.795267725833333,3.451
0.796149734166667,3.431,0.795542236666667,3.451,0.795545381666667,3.451
0.796427630555556,3.431,0.795820470833333,3.451,0.795823401388889,3.441
0.796705513055555,3.431,0.796098196111111,3.451,0.796101208333333,3.441
0.796983449722222,3.441,0.796375812222222,3.451,0.796378595555556,3.441
0.797261270833333,3.431,0.796653749166667,3.451,0.796656791388889,3.441
0.797538813611111,3.431,0.796931615555556,3.441,0.796934914722222,3.451
0.797816801666667,3.431,0.797209478888889,3.451,0.797212660833333,3.451
0.798094578888889,3.431,0.797487150555556,3.441,0.797490275,3.451
0.798372353055556,3.431,0.797764660277778,3.451,0.797768368055556,3.451
0.798650403333333,3.431,0.798042699722222,3.441,0.798045903055556,3.451
0.798928345277778,3.431,0.798321018333333,3.451,0.798323920555555,3.451
0.799206054722222,3.441,0.798598769722222,3.441,0.798601630277778,3.451
0.799484184166667,3.441,0.798876358055556,3.441,0.798879304166667,3.441
0.799762246666667,3.431,0.799154374444444,3.441,0.799157210277778,3.451
0.800040200555556,3.431,0.799432001388889,3.441,0.799435105555556,3.451
0.800317899444444,3.441,0.799709743888889,3.451,0.799713011944444,3.451
0.800595849722222,3.431,0.799987998055556,3.441,0.7999907125,3.441
0.800873799722222,3.431,0.800265839166667,3.451,0.800268410833333,3.451
0.80115155,3.431,0.800544078611111,3.451,0.800546624444444,3.441
0.801429591111111,3.431,0.800821961111111,3.451,0.800824550833333,3.451
0.801707066944444,3.431,0.801099811944444,3.451,0.801101883055556,3.441
0.801985199722222,3.431,0.801377552222222,3.451,0.801380171388889,3.441
0.802262746666667,3.441,0.801655546388889,3.451,0.801657898333333,3.451
0.802540562222222,3.431,0.801933474166667,3.451,0.801935651944444,3.451
0.802818977222222,3.441,0.802211275555555,3.451,0.802213655,3.451
0.803096662222222,3.441,0.802488888888889,3.451,0.802491423611111,3.451
0.803374809166667,3.431,0.802766915,3.451,0.802768970277778,3.441
0.803652818055556,3.431,0.803045179166667,3.441,0.803047171388889,3.441
0.803930851666667,3.431,0.803322904722222,3.441,0.803324937777778,3.441
0.804208353055556,3.431,0.803600817222222,3.441,0.803602733055556,3.451
0.804486254722222,3.431,0.803878591388889,3.451,0.803880806666667,3.451
0.804764528055556,3.431,0.804156751666667,3.451,0.804158689444444,3.451
0.805042406944445,3.441,0.804434665555556,3.451,0.8044367175,3.451
0.805320465555555,3.431,0.8047123175,3.441,0.804714483888889,3.441
0.805598306388889,3.431,0.804990058611111,3.451,0.804992236666667,3.451
0.8058760825,3.431,0.805268248888889,3.451,0.805270105555556,3.451
0.806154081944444,3.441,0.805546235833333,3.441,0.805547801388889,3.451
0.806431938333333,3.431,0.805823873611111,3.441,0.805825476111111,3.451
0.806709717777778,3.431,0.806101903333333,3.441,0.806103545555556,3.451
0.80698765,3.431,0.8063799025,3.441,0.80638135,3.451
0.807265463888889,3.431,0.806657950277778,3.451,0.80665935,3.441
0.807543288333333,3.441,0.806935677777778,3.451,0.806937229444444,3.451
0.807820623888889,3.431,0.807213580277778,3.451,0.807215216388889,3.451
0.808098929166667,3.431,0.807491447777778,3.451,0.807492974166667,3.451
0.808376446944444,3.431,0.807769139166667,3.451,0.807771157222222,3.441
0.808654598611111,3.431,0.808047616666667,3.451,0.808048775,3.451
0.808932608611111,3.431,0.808325664444444,3.451,0.808326656944444,3.451
0.809210351388889,3.431,0.8086034225,3.451,0.808604280277778,3.451
0.809488494444444,3.431,0.808880839166667,3.451,0.808881885,3.451
0.809766099722222,3.431,0.809158865,3.451,0.809160039166667,3.451
0.810043906944445,3.441,0.809436720833333,3.451,0.8094376875,3.451
0.810321741944444,3.431,0.809714818611111,3.451,0.809715712777778,3.451
0.810599426388889,3.431,0.809992379444444,3.451,0.8099935925,3.451
0.810877129444444,3.431,0.810269960833333,3.451,0.810271430833333,3.451
0.811155131666667,3.431,0.810547830277778,3.451,0.8105497975,3.451
0.811432550833333,3.431,0.810826265833333,3.451,0.810827528611111,3.451
0.811710398055556,3.431,0.811104307777778,3.451,0.811105036666667,3.451
0.811988392222222,3.431,0.811381803333333,3.451,0.811383144722222,3.441
0.812266338611111,3.431,0.811659991666667,3.451,0.811661123333333,3.441
0.812544209444444,3.431,0.811937462777778,3.451,0.811939057777778,3.451
0.812822201666667,3.441,0.812215735833333,3.451,0.812216843611111,3.451
0.813099848333333,3.431,0.812493513055556,3.451,0.812494656388889,3.451
0.813377774166667,3.431,0.812771526388889,3.451,0.812772531388889,3.451
0.813655174166667,3.431,0.813049241944445,3.451,0.813050691111111,3.441
0.813933166666667,3.441,0.813327308333333,3.451,0.813328256388889,3.451
0.814211103333333,3.431,0.813605282777778,3.451,0.813606121944444,3.451
0.814488888888889,3.431,0.813883076666667,3.451,0.813884015555556,3.451
0.814766958888889,3.431,0.814161071111111,3.451,0.814161531388889,3.451
0.815044510833333,3.431,0.814438777222222,3.451,0.814439427777778,3.441
0.815322569722222,3.441,0.814716669444445,3.451,0.814717191666667,3.451
0.815600368333333,3.431,0.814994280555556,3.451,0.814994934166667,3.441
0.815878341111111,3.431,0.815272121111111,3.451,0.815272741944444,3.451
0.816156334722222,3.431,0.815550085833333,3.451,0.815550885833333,3.441
0.816433842777778,3.441,0.815827865277778,3.451,0.815829020277778,3.451
0.816711885,3.431,0.8161057525,3.451,0.816106628888889,3.451
0.816989768333333,3.431,0.816383352222222,3.451,0.816384525833333,3.451
0.817268036666667,3.441,0.816661209166667,3.451,0.816662770555556,3.451
0.8175456125,3.431,0.816939335833333,3.451,0.816940582777778,3.451
0.817823815,3.431,0.817216885833333,3.451,0.817218336111111,3.451
0.818101288611111,3.441,0.817494777777778,3.451,0.817496064722222,3.451
0.818379205,3.431,0.817772681944444,3.451,0.817774008333333,3.451
0.818657064444444,3.431,0.818050383888889,3.451,0.818051767222222,3.451
0.818934633888889,3.431,0.818328053333333,3.451,0.818329184444444,3.441
0.819212620277778,3.441,0.818606167777778,3.451,0.818607332777778,3.451
0.819490387777778,3.441,0.818883674722222,3.451,0.818885421944444,3.451
0.819768114444444,3.431,0.819161890277778,3.441,0.819162957222222,3.451
0.820046126666667,3.431,0.819439776944444,3.451,0.819440819166667,3.451
0.820323866388889,3.431,0.819717451388889,3.451,0.819718504166667,3.451
0.820602086388889,3.431,0.819995686944444,3.451,0.819996368611111,3.451
0.820879765,3.431,0.820273801944444,3.451,0.820274508888889,3.451
0.821157556111111,3.431,0.820552040555556,3.451,0.820552215277778,3.451
0.821435856388889,3.431,0.820829911111111,3.451,0.820829685,3.451
0.821713778333333,3.431,0.821107948888889,3.451,0.821108100833333,3.451
0.821991553611111,3.431,0.821385978333333,3.451,0.821385928333333,3.451
0.822269358888889,3.431,0.821664063333333,3.451,0.821663953611111,3.441
0.822547046111111,3.431,0.821942098333333,3.451,0.821941692222222,3.441
0.822824527777778,3.441,0.822219758055556,3.451,0.822219809166667,3.441
0.823102532222222,3.431,0.822498108055555,3.451,0.822497728055556,3.451
0.823380483055556,3.431,0.822776006111111,3.441,0.822775371388889,3.451
0.823657855555555,3.431,0.823053538055556,3.451,0.82305326,3.451
0.823935976388889,3.431,0.823331819722222,3.451,0.823331114166667,3.451
0.824213425277778,3.431,0.823609858888889,3.451,0.823609043333333,3.451
0.824491792222222,3.431,0.823887531111111,3.451,0.823886893055556,3.451
0.824769608055556,3.431,0.824165423888889,3.451,0.824164633055556,3.451
0.8250472525,3.431,0.824443466111111,3.451,0.824442816944444,3.451
0.825325134166667,3.431,0.824720924166667,3.451,0.824720246944444,3.451
0.8256028975,3.441,0.824998781111111,3.451,0.824998141944445,3.451
0.825881400833333,3.431,0.825276428888889,3.441,0.825275723611111,3.451
0.826158678888889,3.431,0.825554637222222,3.451,0.8255540525,3.451
0.826436938611111,3.431,0.825832258611111,3.451,0.825831861388889,3.451
0.826714427777778,3.441,0.826110510833333,3.441,0.826109609722222,3.451
0.826992517222222,3.441,0.826388734444444,3.451,0.826387550833333,3.451
0.827270529722222,3.441,0.826666314444444,3.451,0.826665390277778,3.451
0.82754805,3.431,0.826944293333333,3.451,0.8269433325,3.451
0.827825968333333,3.431,0.8272222775,3.451,0.827221239722222,3.451
0.828104141111111,3.431,0.827500012222222,3.451,0.827498970277778,3.451
0.828382113611111,3.431,0.8277775975,3.451,0.827776983333333,3.451
0.828659801388889,3.431,0.828055738888889,3.451,0.828054930277778,3.451
0.828937581388889,3.431,0.828333618888889,3.451,0.828332672777778,3.451
0.829215307777778,3.431,0.828611590555556,3.451,0.828610975277778,3.451
0.829493420833333,3.431,0.828889463333333,3.451,0.828889350277778,3.451
0.829771367222222,3.431,0.829167118888889,3.451,0.829167438611111,3.451
0.830049215277778,3.431,0.829444861111111,3.451,0.829445185833333,3.451
0.830327135277778,3.431,0.829722894722222,3.451,0.829723134722222,3.451
0.830604810833333,3.441,0.830000522777778,3.451,0.830000797222222,3.451
0.830882653611111,3.431,0.830278695,3.451,0.830279064166667,3.451
0.831160420833333,3.431,0.8305562425,3.451,0.830556960555556,3.451
0.831438451388889,3.441,0.830834580277778,3.451,0.830834736111111,3.451
0.831716035,3.431,0.831111899722222,3.451,0.831112123611111,3.441
0.831994171111111,3.441,0.831390279166667,3.451,0.831389898055556,3.451
0.832271770555556,3.431,0.831668382222222,3.451,0.831668354722222,3.451
0.832549819444444,3.441,0.831946258888889,3.451,0.831946094722222,3.451
0.832827843611111,3.431,0.832224048611111,3.451,0.832224252777778,3.451
0.833105438055555,3.431,0.832501648055555,3.451,0.832501901111111,3.451
0.833383472222222,3.441,0.832779656111111,3.451,0.832780131666667,3.451
0.833661575277778,3.441,0.8330576225,3.451,0.833058073611111,3.451
0.833939538055556,3.441,0.833335271666667,3.441,0.833335856666667,3.441
0.834217539166667,3.441,0.833613526944444,3.451,0.833613553333333,3.451
0.834495119166667,3.431,0.833891378888889,3.451,0.833891441666667,3.451
0.834773311666667,3.441,0.834168850277778,3.451,0.834169194444444,3.451
0.835051141944444,3.441,0.834446988611111,3.441,0.834447397222222,3.441
0.835329270555556,3.431,0.83472489,3.451,0.834725601944444,3.451
0.835607087222222,3.441,0.83500214,3.451,0.835003709444444,3.451
0.835884678611111,3.431,0.835280105555556,3.451,0.835281206388889,3.451
0.836162454722222,3.441,0.835557890277778,3.451,0.835559109444445,3.451
0.836440102777778,3.441,0.8358359575,3.451,0.835837324722222,3.451
0.836718268055556,3.441,0.836113409722222,3.451,0.836115189722222,3.451
0.836996061111111,3.441,0.836391672222222,3.451,0.836393243888889,3.451
0.837273799444444,3.431,0.836669391388889,3.451,0.836670739444444,3.451
0.837551871666667,3.431,0.836947295277778,3.451,0.836948635833333,3.451
0.837829968888889,3.441,0.837225171111111,3.451,0.837226321944444,3.451
0.838108230277778,3.441,0.837502423888889,3.451,0.837503948611111,3.451
0.838385766111111,3.441,0.837780660833333,3.451,0.837781551666667,3.451
0.838663894166667,3.431,0.838058548888889,3.451,0.838059731388889,3.451
0.838941928333333,3.431,0.838336481111111,3.451,0.838337261666667,3.451
0.839219276111111,3.431,0.8386142575,3.451,0.838614918611111,3.451
0.839497491388889,3.441,0.838891915,3.451,0.838892770555556,3.451
0.839775086111111,3.431,0.839169996388889,3.451,0.839171237222222,3.451
0.84005331,3.441,0.839448104722222,3.451,0.839449188888889,3.451
0.8403308475,3.431,0.839726201944444,3.451,0.839726846388889,3.451
0.840608871944444,3.441,0.840003640833333,3.451,0.840004666944445,3.441
0.8408864425,3.431,0.840281828611111,3.451,0.840282182777778,3.451
0.841164543055556,3.441,0.840560103055556,3.451,0.840560400277778,3.451
0.841442910277778,3.441,0.840837750555556,3.451,0.840838652777778,3.451
0.841720731944444,3.431,0.84111542,3.451,0.841116306111111,3.451
0.841998833055556,3.431,0.841393255277778,3.451,0.841394419444444,3.451
0.842276466666667,3.431,0.841671245555556,3.451,0.841672441666667,3.451
0.842554845277778,3.441,0.841949196388889,3.451,0.841950072777778,3.451
0.842832328888889,3.441,0.842227021666667,3.451,0.842227689166667,3.451
0.843110415833333,3.441,0.842504858333333,3.451,0.842505616111111,3.451
0.843388571944444,3.431,0.8427828575,3.451,0.842783498611111,3.451
0.843665910555556,3.441,0.843060572222222,3.451,0.843061531111111,3.451
0.843944471666667,3.441,0.843338355277778,3.451,0.843338952777778,3.451
0.844222303888889,3.441,0.843616169444445,3.451,0.843616914166667,3.451
0.844499936111111,3.431,0.843893674722222,3.451,0.8438948975,3.451
0.844778086111111,3.431,0.844171840277778,3.451,0.844172965833333,3.451
0.845055680833333,3.441,0.844449447777778,3.451,0.844451001944444,3.451
0.845333535833333,3.431,0.844727585,3.451,0.844728806666667,3.451
0.845611164166667,3.431,0.845005226111111,3.451,0.845007070555556,3.451
0.845888991111111,3.441,0.845283373055556,3.451,0.845284680833333,3.451
0.846166793888889,3.431,0.845561361388889,3.451,0.845562642777778,3.451
0.846444621388889,3.441,0.845839241388889,3.451,0.845839962222222,3.451
0.846722717222222,3.441,0.8461169725,3.451,0.846118094722222,3.451
0.847000313888889,3.441,0.846394696388889,3.451,0.846396232777778,3.451
0.847278015277778,3.441,0.8466727225,3.451,0.846673774444444,3.451
0.847556143888889,3.431,0.846950485277778,3.451,0.846951873333333,3.451
0.847834017777778,3.441,0.847228415833333,3.451,0.8472301,3.451
0.848111702777778,3.431,0.847506143888889,3.451,0.847507697777778,3.451
0.8483892975,3.441,0.847784435833333,3.451,0.847785925833333,3.451
0.848667271666667,3.441,0.848062333055556,3.451,0.848063516944444,3.451
0.848944768333333,3.441,0.848340326666667,3.451,0.848341727777778,3.451
0.849223318611111,3.431,0.848618160277778,3.451,0.848619246388889,3.451
0.849501325,3.441,0.848896111388889,3.451,0.848897036111111,3.451
0.849778810277778,3.441,0.849173731666667,3.451,0.849174946388889,3.451
0.850057154722222,3.441,0.849452049722222,3.451,0.849453096666667,3.451
0.850335133055556,3.441,0.849729658888889,3.451,0.849730967222222,3.451
0.850613012222222,3.441,0.850007140555555,3.451,0.850009050833333,3.451
0.850890930833333,3.441,0.850285265555556,3.451,0.850286928055556,3.451
0.851168729722222,3.441,0.850563114444444,3.451,0.850564870833333,3.451
0.851446455277778,3.431,0.850840829166667,3.451,0.850842823611111,3.451
0.851724815833333,3.441,0.851119074166667,3.451,0.851120302222222,3.451
0.852002331944445,3.441,0.851397085277778,3.451,0.851398176111111,3.451
0.852280433055556,3.441,0.851675128333333,3.451,0.851676078611111,3.451
0.852558142777778,3.441,0.851953000277778,3.451,0.851954123888889,3.451
0.852835681944444,3.441,0.852231160555556,3.451,0.852231763055555,3.451
0.853113827222222,3.441,0.852509332777778,3.451,0.852509805833333,3.451
0.853391476944444,3.431,0.852787095555556,3.451,0.852787747777778,3.451
0.853669528333333,3.441,0.853065243611111,3.451,0.853065496944444,3.451
0.853947308333333,3.441,0.853342957222222,3.451,0.853343715833333,3.451
0.854225284722222,3.441,0.853621036944444,3.451,0.853621565277778,3.451
0.854503253888889,3.441,0.853898870833333,3.451,0.853899467777778,3.451
0.854780674722222,3.441,0.854176694722222,3.451,0.85417733,3.451
0.855058852777778,3.441,0.854454502777778,3.451,0.854454941388889,3.451
0.855336615277778,3.441,0.854732705277778,3.451,0.854732886944444,3.451
0.855614746388889,3.441,0.855010656111111,3.451,0.855010763611111,3.451
0.855892299166667,3.441,0.855288266944444,3.451,0.855288731111111,3.451
0.856170127777778,3.441,0.855566343333333,3.451,0.855566393611111,3.451
0.856447909444444,3.441,0.855844065,3.451,0.855844204722222,3.451
0.856725634722222,3.441,0.856121924444444,3.451,0.856122344444444,3.451
0.857003839166667,3.441,0.856399648333333,3.451,0.85640079,3.451
0.857281428888889,3.431,0.856677281944444,3.451,0.856678680833333,3.451
0.8575593275,3.441,0.856955682777778,3.451,0.856956358055555,3.451
0.857837059166667,3.431,0.857233071388889,3.451,0.857234567222222,3.451
0.858114603333333,3.441,0.8575113075,3.451,0.857512373333333,3.451
0.858392716388889,3.431,0.857789343611111,3.451,0.857790659166667,3.451
0.858670868333333,3.441,0.858066873888889,3.451,0.858068428333333,3.451
0.8589489375,3.441,0.858345075,3.451,0.858345825,3.451
0.859226673888889,3.441,0.858622742777778,3.451,0.858624035,3.451
0.859504463333333,3.441,0.858900865,3.451,0.858902138888889,3.451
0.859782605833333,3.441,0.859178496944444,3.451,0.859179665,3.451
0.860060093611111,3.441,0.859456293055556,3.451,0.859457816388889,3.451
0.860337859722222,3.441,0.859734173611111,3.451,0.859735741111111,3.451
0.860615820833333,3.441,0.860011864722222,3.451,0.860013866944444,3.451
0.860893421944445,3.441,0.860290170555556,3.451,0.860291828888889,3.451
0.861171310277778,3.441,0.860568424444444,3.451,0.860569758055556,3.451
0.861449396666667,3.441,0.860846338611111,3.451,0.860847533611111,3.451
0.861727015277778,3.441,0.861124190833333,3.451,0.861124964722222,3.451
0.862004938055556,3.441,0.861402048055556,3.451,0.861403085,3.451
0.862282860277778,3.441,0.861679703888889,3.451,0.861680715277778,3.451
0.862560671944444,3.431,0.861957313611111,3.451,0.861958256944444,3.451
0.862838656944444,3.441,0.862234941944444,3.451,0.86223632,3.451
0.8631165025,3.441,0.862513220277778,3.451,0.862514578333333,3.451
0.8633943975,3.441,0.862790775833333,3.451,0.862792323055556,3.451
0.863672175277778,3.441,0.863068789722222,3.451,0.863070009166667,3.451
0.863949841388889,3.441,0.863346656111111,3.451,0.86334781,3.451
0.864227995277778,3.441,0.863624487777778,3.451,0.863625900555556,3.451
0.864505759444444,3.441,0.863901988333333,3.451,0.863903495555556,3.451
0.864783585833333,3.441,0.864179951111111,3.451,0.864181301944444,3.451
0.865061577222222,3.441,0.864457813055556,3.451,0.864459390833333,3.451
0.865339449444444,3.441,0.864735653888889,3.451,0.864736887777778,3.451
0.865617309166667,3.441,0.865013502222222,3.451,0.865015058888889,3.451
0.865895057222222,3.441,0.865291466666667,3.451,0.865292634722222,3.451
0.866172953055556,3.441,0.865569378055556,3.451,0.865570478055556,3.451
0.866450995,3.441,0.865847667777778,3.451,0.865848115555556,3.451
0.866728796666667,3.441,0.8661249175,3.451,0.866126153055556,3.451
0.867006698055556,3.441,0.866403059722222,3.451,0.866403880555556,3.451
0.867283981944444,3.441,0.866680965277778,3.451,0.866681434444444,3.451
0.867562104166667,3.431,0.866958599166667,3.451,0.866959815555556,3.451
0.867840055555556,3.441,0.867236349444444,3.451,0.867237239166667,3.451
0.868117979166667,3.441,0.8675144675,3.451,0.867515193888889,3.451
0.868395989722222,3.431,0.867792313333333,3.451,0.867793080277778,3.451
0.86867339,3.441,0.868069681388889,3.451,0.868070923888889,3.451
0.868951500277778,3.441,0.868347866111111,3.451,0.868348506111111,3.451
0.869229245555556,3.441,0.868625704444445,3.451,0.868626360833333,3.451
0.869507194444444,3.441,0.868903683611111,3.451,0.868904208611111,3.451
0.869784944722222,3.441,0.86918175,3.451,0.8691820675,3.451
0.870063113611111,3.441,0.869459436111111,3.451,0.869459781388889,3.451
0.870341035833333,3.441,0.869737328611111,3.451,0.869737556111111,3.451
0.870618595,3.441,0.870014926666667,3.451,0.870015615555556,3.451
0.870896713055556,3.441,0.870292728888889,3.451,0.870293475833333,3.451
0.871174741111111,3.431,0.870570268333333,3.451,0.870571342777778,3.451
0.871452587777778,3.441,0.870848107777778,3.451,0.870849318333333,3.451
0.871730660277778,3.441,0.8711261775,3.451,0.87112726,3.451
0.872008553888889,3.441,0.871403792777778,3.451,0.871405408055556,3.451
0.872286158333333,3.441,0.871681577222222,3.451,0.871682683611111,3.451
0.872564393333333,3.441,0.871959456111111,3.451,0.871960976666667,3.451
0.872842225555556,3.441,0.872237562222222,3.451,0.872238949444444,3.451
0.873120292777778,3.441,0.872515403611111,3.451,0.8725170325,3.451
0.873397975277778,3.441,0.872793408333333,3.451,0.872794458055556,3.451
0.873675890833333,3.441,0.873071281111111,3.451,0.873072335277778,3.451
0.873954199444444,3.441,0.873348809444444,3.451,0.873350358333333,3.451
0.874232113055556,3.441,0.873626617222222,3.451,0.873628427777778,3.451
0.874509864166667,3.441,0.8739045675,3.451,0.873905910277778,3.451
0.874787843333333,3.441,0.874182613055555,3.451,0.874184146666667,3.451
0.875066173055556,3.441,0.874460359166667,3.451,0.874461927222222,3.451
0.875344298055556,3.441,0.874737981666667,3.451,0.874739649166667,3.451
0.875622236388889,3.441,0.875016253611111,3.451,0.8750172675,3.451
0.875899933888889,3.441,0.875293781388889,3.451,0.875295014444444,3.451
0.876177746388889,3.441,0.875571586666667,3.451,0.87557298,3.451
0.876455279444444,3.441,0.87584956,3.451,0.875850864444444,3.451
0.876733223055556,3.441,0.87612691,3.451,0.876128803611111,3.451
0.877011161388889,3.441,0.876404756111111,3.451,0.876406368888889,3.451
0.877288799166667,3.441,0.876683156111111,3.451,0.876684370555555,3.451
0.877566918055556,3.441,0.876961018611111,3.451,0.876962086388889,3.451
0.877844571666667,3.441,0.8772387225,3.451,0.877239653055556,3.451
0.878122358611111,3.441,0.877516946111111,3.451,0.877517859166667,3.451
0.878400134166667,3.441,0.877794773055556,3.451,0.877795532222222,3.451
0.878677909722222,3.441,0.878072624166667,3.451,0.8780737975,3.451
0.8789558625,3.441,0.878350681388889,3.451,0.878351287777778,3.451
0.879233313888889,3.441,0.878628399166667,3.451,0.878629381111111,3.451
0.879511628888889,3.441,0.878906285277778,3.451,0.878907200555555,3.451
0.879789265833333,3.441,0.879183947222222,3.451,0.879185295277778,3.451
0.88006704,3.441,0.879461704444444,3.451,0.879463221111111,3.451
0.880344880555556,3.441,0.879739464444445,3.451,0.879740766944444,3.451
0.880623049722222,3.441,0.880017397222222,3.451,0.880019169722222,3.451
0.880900637222222,3.441,0.880295201944444,3.451,0.880296983055556,3.451
0.881178298611111,3.441,0.880573226944444,3.451,0.880575344722222,3.451
0.881456179722222,3.441,0.880850985277778,3.451,0.880853401944445,3.451
0.881733698611111,3.441,0.881128550277778,3.451,0.881131487222222,3.451
0.882011655277778,3.441,0.881406447777778,3.451,0.881409078055556,3.451
0.882289605555556,3.441,0.881684263333333,3.451,0.881686826944444,3.451
0.882567314722222,3.441,0.881962334444444,3.451,0.8819646025,3.451
0.882845261666667,3.441,0.882240344444444,3.451,0.882242311388889,3.451
0.883123338611111,3.441,0.882518278888889,3.451,0.882520533611111,3.451
0.883401020277778,3.441,0.88279636,3.451,0.882798408055556,3.451
0.883678486388889,3.441,0.883074665555556,3.451,0.883076023055556,3.451
0.883956670833333,3.441,0.8833525375,3.451,0.883354277222222,3.451
0.884234510833333,3.441,0.883630377777778,3.451,0.883631926111111,3.451
0.884512310555556,3.441,0.883908123333333,3.451,0.883909904722222,3.451
0.884790498333333,3.441,0.884185930277778,3.451,0.884187565833333,3.451
0.885068159444445,3.441,0.8844641175,3.451,0.884465763888889,3.451
0.885346185,3.441,0.884742327222222,3.451,0.884743459444444,3.451
0.885623985555556,3.441,0.885020042777778,3.451,0.885021415277778,3.451
0.885901744166667,3.441,0.8852980425,3.451,0.885299406111111,3.451
0.886179839444444,3.441,0.885575845833333,3.451,0.885577178611111,3.451
0.886457571111111,3.441,0.8858535875,3.451,0.885855118888889,3.451
0.886735672222222,3.441,0.886131730555556,3.451,0.886132885833333,3.451
0.887013366111111,3.441,0.886409896944444,3.451,0.886410537777778,3.451
0.887291679444444,3.441,0.886687288888889,3.451,0.886688223611111,3.451
0.887569302777778,3.441,0.886965373055556,3.451,0.886966469166667,3.451
0.887846940833333,3.441,0.887243001388889,3.451,0.887244304722222,3.451
0.888124826388889,3.441,0.887521132777778,3.451,0.887522253611111,3.451
0.888402594166667,3.441,0.887799057777778,3.451,0.887799661944444,3.451
0.888680108055556,3.441,0.888076759444444,3.451,0.888077791666667,3.451
0.888958453333333,3.441,0.888354696944444,3.451,0.8883556775,3.451
0.889236566388889,3.441,0.888632495277778,3.451,0.8886336425,3.451
0.889514406388889,3.441,0.888910300833333,3.451,0.888911269722222,3.451
0.889791749166667,3.441,0.889187841666667,3.451,0.889189262222222,3.451
0.890070209722222,3.441,0.8894657975,3.451,0.889467115555556,3.451
0.890348138333333,3.441,0.889743789444445,3.451,0.889745348333333,3.451
0.890626151944444,3.441,0.890021365555556,3.451,0.890022938611111,3.451
0.8909035525,3.441,0.890298908055556,3.451,0.890300731388889,3.451
0.891181287777778,3.441,0.890576878611111,3.451,0.890578512777778,3.451
0.891459048055556,3.441,0.890854613611111,3.451,0.890856025,3.451
0.891737512222222,3.441,0.891132721944444,3.451,0.891134021111111,3.451
0.892015163055556,3.441,0.8914106775,3.451,0.891412295277778,3.451
0.892293214722222,3.441,0.891688275,3.451,0.8916899725,3.451
0.892571339722222,3.441,0.891966426388889,3.451,0.891967626388889,3.451
0.892848983333333,3.441,0.892244294166667,3.451,0.8922456225,3.451
0.893126981388889,3.441,0.892521917777778,3.451,0.892523418055555,3.451
0.893404904166667,3.441,0.892799830555556,3.451,0.892801056111111,3.451
0.893682475,3.441,0.893077738333333,3.451,0.893078643055556,3.451
0.893960450833333,3.441,0.893355733333333,3.451,0.893356764722222,3.451
0.894238339166667,3.441,0.893633524166667,3.451,0.8936343875,3.451
0.894516073055555,3.441,0.893911091111111,3.451,0.893912131111111,3.451
0.894793939722222,3.441,0.8941888925,3.451,0.8941901425,3.451
0.895071817222222,3.441,0.894467008055556,3.451,0.894467932222222,3.451
0.895349275277778,3.441,0.894745076666667,3.451,0.894745791944444,3.451
0.895627331944444,3.441,0.895022496666667,3.451,0.895023551111111,3.451
0.895905090833333,3.441,0.89530058,3.451,0.895301549444445,3.451
0.896183077777778,3.441,0.895578653888889,3.451,0.895579509444444,3.451
0.896461133611111,3.441,0.895856569166667,3.451,0.895857600833333,3.451
0.896739005277778,3.441,0.896134189166667,3.451,0.896135510277778,3.451
0.897016753055556,3.441,0.896411844166667,3.451,0.896413660555556,3.451
0.897295021111111,3.441,0.896689673055556,3.451,0.896691504166667,3.451
0.897572961666667,3.441,0.896967699722222,3.451,0.896969645555556,3.451
0.897850323333333,3.441,0.897245337222222,3.451,0.897247388055555,3.451
0.898128694166667,3.441,0.8975234,3.451,0.897525546666667,3.451
0.898406569722222,3.441,0.897801196666667,3.451,0.897803329166667,3.451
0.898684107777778,3.441,0.898078966666667,3.451,0.898081030555556,3.451
0.898962101666667,3.441,0.898356738888889,3.451,0.898359214444444,3.451
0.899239781944444,3.441,0.898634601666667,3.451,0.898636970277778,3.451
0.899517725833333,3.441,0.8989120925,3.451,0.898914617222222,3.451
0.899795961666667,3.441,0.899189970277778,3.451,0.899192743611111,3.451
0.900074022777778,3.441,0.899467765277778,3.451,0.899470536111111,3.451
0.900352079722222,3.441,0.899745714722222,3.451,0.899748275277778,3.451
0.900630162222222,3.441,0.900023503333333,3.451,0.900026517222222,3.451
0.900908023611111,3.441,0.900301324166667,3.451,0.900304345,3.451
0.901185645555556,3.441,0.900579423333333,3.451,0.900582091388889,3.451
0.901463553888889,3.441,0.900857144722222,3.451,0.900859506388889,3.451
0.901741290833333,3.441,0.90113479,3.451,0.901137845277778,3.451
0.902018912222222,3.441,0.901412798888889,3.451,0.901415637777778,3.451
0.902296904166667,3.441,0.901690535,3.451,0.901693789444444,3.451
0.902574679722222,3.441,0.901968672777778,3.451,0.901971713611111,3.451
0.902852314166667,3.441,0.902246494166667,3.451,0.902249335277778,3.451
0.9031301075,3.441,0.902524149444444,3.451,0.902527321666667,3.451
0.903408028333333,3.441,0.902802140277778,3.451,0.902805100833333,3.451
0.903685642777778,3.441,0.903080126111111,3.451,0.903082951666667,3.451
0.903963725277778,3.441,0.903357489722222,3.451,0.903360668333333,3.451
0.904241628611111,3.441,0.903635630833333,3.451,0.903638553888889,3.451
0.904519281666667,3.441,0.903913311111111,3.451,0.90391653,3.451
0.904797382777778,3.441,0.904190769722222,3.451,0.904194504166667,3.451
0.905075138333333,3.441,0.904468845555556,3.451,0.904472139722222,3.451
0.905353056111111,3.441,0.904747115833333,3.451,0.904750002777778,3.451
0.905630671388889,3.441,0.905025090555556,3.451,0.905028077222222,3.451
0.905908519166667,3.441,0.90530265,3.451,0.905305753333333,3.451
0.906186541111111,3.441,0.905580593611111,3.451,0.905583617222222,3.451
0.906464441666667,3.441,0.905858774166667,3.451,0.905861329722222,3.451
0.906742099444444,3.441,0.90613652,3.451,0.906139195,3.451
0.907020121944444,3.441,0.90641449,3.451,0.906416945,3.451
0.90729778,3.441,0.906692176388889,3.451,0.906694959444444,3.451
0.907576055833333,3.441,0.906970261666667,3.451,0.906973131388889,3.451
0.907853716111111,3.441,0.907248470555556,3.451,0.907251103611111,3.451
0.908131658333333,3.441,0.907525904722222,3.451,0.907528894166667,3.451
0.908409796388889,3.441,0.9078040125,3.451,0.907806378611111,3.451
0.908687701944444,3.441,0.908081859722222,3.451,0.9080845275,3.451
0.908965378333333,3.441,0.908359560555556,3.451,0.908362632777778,3.451
0.909243255833333,3.441,0.908637513055556,3.451,0.908640237777778,3.451
0.909520631666667,3.441,0.908915748333333,3.451,0.908917925277778,3.451
0.909798565555556,3.441,0.909193482777778,3.451,0.909195895833333,3.451
0.9100763625,3.441,0.909471581111111,3.451,0.909473979166667,3.451
0.910354307777778,3.441,0.909749724166667,3.451,0.909751684722222,3.451
0.910632045555556,3.441,0.910027663055556,3.451,0.910029346666667,3.451
0.9109099375,3.441,0.910305266666667,3.451,0.910307239166667,3.451
0.911187628611111,3.441,0.91058301,3.451,0.910585019166667,3.451
0.911465138888889,3.441,0.910860961111111,3.451,0.910862964444444,3.451
0.911742961944444,3.441,0.911138341666667,3.451,0.911140880833333,3.451
0.9120211475,3.441,0.91141655,3.451,0.911418774444444,3.451
0.9122986025,3.441,0.911694174722222,3.451,0.911696406666667,3.451
0.912576481944444,3.441,0.911971901111111,3.451,0.911974135,3.451
0.912854610555556,3.441,0.912249811388889,3.451,0.912252324166667,3.451
0.913132441944444,3.441,0.912527252222222,3.451,0.912530578611111,3.451
0.913410191666667,3.441,0.912804994444444,3.451,0.912808167222222,3.451
0.9136878375,3.441,0.913083087777778,3.451,0.913085876666667,3.451
0.913966233333333,3.441,0.913361152777778,3.451,0.913363665,3.451
0.9142438925,3.441,0.913639016944444,3.451,0.91364163,3.451
0.914521296666667,3.441,0.913916586944444,3.451,0.913919621944444,3.451
0.9147994775,3.441,0.914194591111111,3.451,0.914197690277778,3.451
0.915077009722222,3.441,0.914472578611111,3.451,0.914475506388889,3.451
0.915355285277778,3.441,0.914750605555556,3.451,0.914753656944445,3.451
0.915633088611111,3.441,0.915028315,3.451,0.915031708888889,3.451
0.915911145277778,3.441,0.915306181111111,3.451,0.915309456388889,3.451
0.916189159444444,3.441,0.915584041666667,3.451,0.915587318055556,3.451
0.9164670275,3.441,0.915861653888889,3.451,0.915865575833333,3.451
0.916745041944444,3.441,0.916139717222222,3.451,0.916143168055556,3.451
0.9170230275,3.441,0.916418015555556,3.451,0.916420765555556,3.451
0.917300682777778,3.441,0.916696242222222,3.451,0.916698818611111,3.451
0.917578361111111,3.441,0.916973731944444,3.451,0.916976894166667,3.451
0.917856192777778,3.441,0.917252105,3.451,0.917255025555556,3.451
0.918133860277778,3.441,0.917529780833333,3.451,0.917532616388889,3.451
0.918411733888889,3.441,0.9178076825,3.451,0.917810519166667,3.451
0.918689563888889,3.441,0.918085535,3.451,0.918088439722222,3.451
0.9189675475,3.441,0.918363288055556,3.451,0.918366251944444,3.451
0.919245614166667,3.441,0.918640900555556,3.451,0.918644089166667,3.451
0.919523305277778,3.441,0.918918912777778,3.451,0.918922148333333,3.451
0.919801153055556,3.441,0.9191971575,3.451,0.9191996875,3.451
0.920079440277778,3.441,0.919475309444444,3.451,0.919477551111111,3.451
0.920357081111111,3.441,0.919753251944444,3.451,0.919755588888889,3.451
0.920634983333333,3.441,0.920031138055556,3.451,0.920033443333333,3.451
0.920913105277778,3.441,0.92030907,3.451,0.920311342777778,3.451
0.921190689722222,3.441,0.920587257777778,3.451,0.9205890425,3.451
0.921468486111111,3.441,0.920864914166667,3.451,0.920866808611111,3.451
0.921746177222222,3.441,0.9211431225,3.451,0.921145022222222,3.451
0.9220239575,3.441,0.921420956111111,3.451,0.921422815833333,3.451
0.922302056944444,3.441,0.921698608055556,3.451,0.921700515833333,3.451
0.922579853611111,3.441,0.921976560555556,3.451,0.921978771944444,3.451
0.922857752222222,3.441,0.922254505555556,3.451,0.922256961666667,3.451
0.923135863333333,3.441,0.922531903888889,3.451,0.922534750277778,3.451
0.923413819722222,3.441,0.922809845833333,3.451,0.922812532777778,3.451
0.923691324166667,3.441,0.923087626666667,3.451,0.923090500277778,3.451
0.9239692175,3.441,0.9233656575,3.451,0.923368285555556,3.451
0.924247342777778,3.441,0.923643430277778,3.451,0.923646369444444,3.451
0.924525118333333,3.441,0.923921411111111,3.451,0.923924305,3.451
0.9248030375,3.441,0.9241988425,3.451,0.924201863611111,3.451
0.925080813055556,3.441,0.924476685277778,3.451,0.924480080555556,3.451
0.92535841,3.441,0.924755032222222,3.451,0.924757466666667,3.451
0.925636609444444,3.441,0.925032483611111,3.451,0.925035679166667,3.451
0.9259146325,3.441,0.925310574722222,3.451,0.925313260833333,3.451
0.926192393888889,3.441,0.925588022222222,3.451,0.925591095555556,3.451
0.926470398055556,3.441,0.925866389722222,3.451,0.925868986111111,3.451
0.926747980277778,3.441,0.926144241111111,3.451,0.926146855277778,3.451
0.927026413888889,3.441,0.926421906666667,3.451,0.926424813888889,3.451
0.927304087222222,3.441,0.926699813611111,3.451,0.926702540833333,3.451
0.927582169166667,3.441,0.926977665,3.451,0.926980679166667,3.451
0.927859941944444,3.441,0.927255327222222,3.451,0.927258898055556,3.451
0.9281380525,3.441,0.927533501111111,3.451,0.927536634444444,3.451
0.928415629166667,3.441,0.9278111275,3.451,0.927814589166667,3.451
0.928693507777778,3.441,0.928089076111111,3.451,0.928092456944444,3.451
0.928971332222222,3.441,0.928367357777778,3.451,0.928370124722222,3.451
0.929249432777778,3.441,0.928644901666667,3.451,0.928648163888889,3.451
0.929527268333333,3.441,0.928922810833333,3.451,0.928925830277778,3.451
0.929805315277778,3.441,0.9292006825,3.451,0.929204020277778,3.451
0.930082609444445,3.441,0.929478983055556,3.451,0.929481652777778,3.451
0.930360672222222,3.441,0.92975683,3.451,0.929759723333333,3.451
0.930638463055556,3.441,0.930034646388889,3.451,0.930037110555555,3.451
0.930916603888889,3.441,0.930313191666667,3.451,0.930315023611111,3.451
0.931194530833333,3.441,0.930590759444444,3.451,0.930592695,3.451
0.931472483055556,3.451,0.930868584444445,3.451,0.930870736111111,3.451
0.9317499225,3.441,0.931146745277778,3.451,0.931148208888889,3.451
0.932028069444444,3.441,0.931424597777778,3.451,0.931426499166667,3.451
0.932305975833333,3.441,0.931701938055556,3.451,0.931704341666667,3.451
0.932583785,3.441,0.931980081388889,3.451,0.931982181666667,3.451
0.932861207222222,3.441,0.932257734166667,3.451,0.932260239166667,3.451
0.933139432777778,3.441,0.932535751944444,3.451,0.932538184722222,3.451
0.9334175075,3.441,0.932813390277778,3.451,0.932815847222222,3.451
0.933695013611111,3.441,0.933091558888889,3.451,0.933093954166667,3.451
0.933973276388889,3.441,0.933369087777778,3.451,0.933371588055556,3.451
0.934250939444444,3.441,0.933647220277778,3.451,0.933649406944445,3.451
0.934528878055556,3.441,0.933925362777778,3.451,0.933927322222222,3.451
0.934806505,3.441,0.934203106111111,3.461,0.934205141666667,3.451
0.935084313611111,3.441,0.934481201111111,3.451,0.934483005,3.451
0.935361892222222,3.441,0.934758723055556,3.451,0.934760946111111,3.451
0.935639842777778,3.441,0.935036767777778,3.451,0.935038876388889,3.451
0.935917803055555,3.441,0.935314481388889,3.451,0.935316729444444,3.451
0.936195755555556,3.441,0.935592688055556,3.451,0.935594540555556,3.451
0.936473719444444,3.441,0.935870717222222,3.451,0.935872172222222,3.451
0.936751436388889,3.441,0.9361485825,3.451,0.936149831111111,3.451
0.937029271388889,3.441,0.936426260277778,3.451,0.9364277925,3.451
0.937307566666667,3.441,0.936704016666667,3.451,0.936705329166667,3.451
0.937585471666667,3.441,0.936981768611111,3.451,0.9369832525,3.451
0.937863441944444,3.441,0.937259803888889,3.451,0.937261235,3.451
0.9381412775,3.441,0.937537232777778,3.451,0.937538857777778,3.451
0.938418919444444,3.441,0.937815079722222,3.451,0.937816539166667,3.451
0.938696903611111,3.441,0.938093158888889,3.451,0.938094494444444,3.451
0.938974798888889,3.441,0.938370482777778,3.451,0.938372298333333,3.461
0.939253078611111,3.441,0.938648694444444,3.451,0.938649908611111,3.451
0.9395303975,3.441,0.938926729444444,3.451,0.938927743888889,3.451
0.939808580833333,3.441,0.939204613888889,3.451,0.939205618055556,3.451
0.940086958611111,3.441,0.939482655,3.451,0.939483080833333,3.461
0.940364728611111,3.441,0.939760671666667,3.451,0.939761443888889,3.451
0.940642359444444,3.441,0.940038450555556,3.451,0.940039190277778,3.451
0.940920566111111,3.441,0.940316271388889,3.451,0.940316784444444,3.451
0.941197834444444,3.441,0.9405942425,3.451,0.940594525,3.451
0.941475925,3.441,0.940872180277778,3.451,0.940872560555556,3.451
0.941753796944444,3.441,0.941150244166667,3.451,0.941150662222222,3.451
0.942031533333333,3.441,0.941427841388889,3.451,0.941428762777778,3.451
0.942309410555556,3.441,0.941706119444444,3.451,0.941706724722222,3.451
0.942587118888889,3.451,0.941983921666667,3.451,0.941984521111111,3.451
0.942864910555556,3.441,0.9422616625,3.451,0.942262255833333,3.451
0.943142643333333,3.451,0.942539571388889,3.451,0.942540186944444,3.451
0.943420265833333,3.441,0.942817140555556,3.451,0.942818161944444,3.451
0.943698014722222,3.441,0.943095078333333,3.451,0.943096160555556,3.451
0.943975650833333,3.441,0.943372818888889,3.451,0.943373856388889,3.451
0.944253571388889,3.441,0.943650639166667,3.451,0.943651872222222,3.451
0.944531557222222,3.441,0.943928394444445,3.451,0.943929731111111,3.451
0.9448094575,3.441,0.944205772777778,3.451,0.944207584444444,3.451
0.945087029166667,3.441,0.944483603888889,3.451,0.944485167222222,3.451
0.945364859722222,3.441,0.944761996111111,3.451,0.944763040833333,3.451
0.945642706666667,3.441,0.945039795,3.451,0.945041023888889,3.451
0.945920259444444,3.441,0.945317425277778,3.451,0.945319187222222,3.451
0.946197983055556,3.441,0.945595279444444,3.451,0.9455966625,3.451
0.946476045555556,3.451,0.945872963333333,3.451,0.945875090555556,3.451
0.946754392222222,3.441,0.946150797777778,3.451,0.946153103055556,3.451
0.947032050833333,3.441,0.946428258611111,3.451,0.946431538055556,3.451
0.947309812777778,3.441,0.946706538611111,3.451,0.946709335833333,3.451
0.947587955555556,3.441,0.946984489444444,3.451,0.946987408333333,3.451
0.947865672777778,3.451,0.947262134166667,3.451,0.947265297222222,3.451
0.948143618333333,3.451,0.947540013888889,3.451,0.947542763611111,3.451
0.9484211225,3.441,0.947817869166667,3.451,0.947820465,3.461
0.948699438333333,3.441,0.948095911666667,3.451,0.948098704444444,3.451
0.948977249166667,3.441,0.948373604722222,3.451,0.948376035555555,3.451
0.949254791111111,3.441,0.948651957222222,3.451,0.948654254444444,3.451
0.949532906111111,3.441,0.9489297025,3.451,0.9489323525,3.451
0.949810659444444,3.441,0.949207631111111,3.451,0.949209870555556,3.451
0.950088306111111,3.441,0.949485655555556,3.451,0.949487776111111,3.451
0.950366227777778,3.441,0.949763524166667,3.451,0.949765734166667,3.451
0.950644313888889,3.441,0.950041334444444,3.451,0.950043558611111,3.451
0.950922239444444,3.441,0.950319172222222,3.451,0.950321665555556,3.451
0.951200261944445,3.451,0.950596913333333,3.451,0.950599684444444,3.451
0.951477794166667,3.441,0.950874655,3.451,0.950877750833333,3.451
0.9517556425,3.441,0.951152218888889,3.451,0.951155585,3.451
0.952033343888889,3.441,0.951429921666667,3.451,0.951433638888889,3.461
0.952311095,3.451,0.951708024166667,3.451,0.951711426388889,3.451
0.952589289166667,3.451,0.951985936666667,3.451,0.951989418333333,3.451
0.952867241388889,3.441,0.952263605555556,3.451,0.952267343888889,3.451
0.953145647222222,3.441,0.952541659722222,3.451,0.952544966388889,3.451
0.953423401388889,3.441,0.952819520833333,3.451,0.952822731666667,3.451
0.953701159166667,3.441,0.953097437222222,3.451,0.953100755277778,3.451
0.9539789475,3.451,0.953375346111111,3.451,0.953378978055556,3.451
0.95425693,3.441,0.95365345,3.461,0.953656685277778,3.451
0.954534870833333,3.441,0.953931207777778,3.451,0.953934340833333,3.451
0.954812693333333,3.441,0.954208959166667,3.451,0.95421222,3.451
0.955090877777778,3.441,0.954486820555555,3.451,0.954489986666667,3.451
0.955368883611111,3.441,0.954764595277778,3.451,0.954767902777778,3.451
0.955646494166667,3.441,0.955042283055556,3.451,0.955045658333333,3.451
0.955924539166667,3.441,0.955320221388889,3.451,0.955323466666667,3.451
0.956202174166667,3.441,0.955598535555556,3.451,0.955601094166667,3.451
0.9564796575,3.451,0.955876248611111,3.451,0.955878941111111,3.451
0.956757658055556,3.451,0.956154069166667,3.461,0.956156625833333,3.461
0.957035400833333,3.441,0.956432017777778,3.451,0.956434361388889,3.451
0.957313231666667,3.441,0.956710095555556,3.451,0.956712426666667,3.451
0.957591061111111,3.441,0.956987756111111,3.451,0.956990375555556,3.461
0.957868802777778,3.441,0.957265545,3.451,0.957267945833333,3.451
0.958146469166667,3.441,0.957543294444444,3.451,0.957545999444444,3.451
0.958424498055556,3.451,0.957821138888889,3.451,0.957824242777778,3.451
0.958702601111111,3.441,0.958098824444444,3.451,0.958101942777778,3.451
0.958980671944444,3.441,0.958376647222222,3.451,0.9583793825,3.451
0.959258455555556,3.441,0.958654342777778,3.451,0.958657832777778,3.451
0.959536245277778,3.451,0.958932275833333,3.451,0.958935225555556,3.451
0.959814202222222,3.441,0.95921016,3.451,0.959213350555556,3.451
0.960091971111111,3.441,0.9594874375,3.451,0.959491183888889,3.451
0.960370194444444,3.451,0.959765231944444,3.451,0.959768506944444,3.461
0.960647956388889,3.441,0.960043485833333,3.451,0.960046308888889,3.451
0.960925734166667,3.441,0.960321491944444,3.451,0.960324492222222,3.451
0.961203816111111,3.441,0.960599059166667,3.451,0.960601979722222,3.461
0.961481418333333,3.441,0.960876618888889,3.451,0.960879793333333,3.451
0.961759330833333,3.441,0.961154702777778,3.451,0.961157460833333,3.451
0.962036753333333,3.441,0.961432605,3.451,0.961435556944444,3.451
0.962315123611111,3.451,0.961710007777778,3.451,0.961713398611111,3.451
0.962592791388889,3.441,0.961987997777778,3.451,0.961991128888889,3.451
0.9628710825,3.451,0.962265758333333,3.451,0.962268943333333,3.451
0.963148771666667,3.441,0.962544100277778,3.451,0.962546466111111,3.451
0.963426434166667,3.441,0.96282195,3.451,0.962824480555556,3.451
0.963704586111111,3.441,0.963099442222222,3.451,0.963102136111111,3.451
0.963982235833333,3.441,0.963377439166667,3.451,0.963380037777778,3.451
0.9642600575,3.441,0.963655256111111,3.451,0.963657863888889,3.451
0.964537633611111,3.451,0.96393299,3.451,0.963935695277778,3.451
0.964815739444445,3.441,0.964210699444444,3.461,0.964213559444444,3.451
0.965093492222222,3.441,0.964488614722222,3.451,0.964491661388889,3.451
0.9653711425,3.451,0.964766301666667,3.461,0.964769417222222,3.451
0.965649023333333,3.441,0.965044245555555,3.451,0.965047279444444,3.451
0.965926775,3.451,0.965321950277778,3.451,0.965325080555556,3.451
0.966204962777778,3.441,0.965599480277778,3.451,0.965602869444444,3.451
0.966482489722222,3.441,0.965877488055556,3.451,0.965880508888889,3.451
0.96676041,3.441,0.966154925555556,3.451,0.9661581425,3.451
0.967038557777778,3.441,0.966433279166667,3.451,0.966436165833333,3.451
0.967315834166667,3.441,0.966711127777778,3.451,0.966713930555556,3.461
0.967593826111111,3.441,0.966989645555556,3.451,0.966991555277778,3.451
0.967871430833333,3.451,0.967267842777778,3.451,0.967269755,3.461
0.968149228611111,3.451,0.967545621388889,3.451,0.967547834166667,3.451
0.968426821944444,3.441,0.967823588333333,3.451,0.967825619166667,3.461
0.968704990555556,3.441,0.968101839166667,3.451,0.968103149166667,3.461
0.968982510555556,3.441,0.968379329722222,3.451,0.968381141944444,3.451
0.969260385833333,3.441,0.968657138611111,3.461,0.968658855277778,3.461
0.969538168888889,3.451,0.968934988611111,3.461,0.968936636944445,3.451
0.969815826944444,3.451,0.9692126125,3.451,0.969214303055556,3.451
0.970093760833333,3.441,0.969490471111111,3.451,0.969492171111111,3.461
0.970371747777778,3.451,0.969768406666667,3.451,0.969770400555556,3.451
0.970649681666667,3.441,0.970046253333333,3.451,0.970047743055556,3.461
0.970927970277778,3.441,0.970324153611111,3.451,0.970325981388889,3.451
0.971206144722222,3.441,0.970602020277778,3.461,0.970603621666667,3.451
0.971483791388889,3.451,0.970880143333333,3.451,0.970881358333333,3.461
0.971761810555556,3.441,0.971157660555556,3.451,0.971159388611111,3.461
0.972040010833333,3.441,0.971435241944444,3.451,0.97143714,3.451
0.972317685833333,3.451,0.971713540277778,3.461,0.971715010555556,3.451
0.972595805555556,3.451,0.971991514166667,3.461,0.971992929166667,3.461
0.9728733725,3.451,0.972269098333333,3.461,0.972270754722222,3.451
0.973151366111111,3.451,0.972546599722222,3.451,0.972548620277778,3.451
0.973428999166667,3.451,0.972824462222222,3.451,0.972826156944444,3.451
0.973706978888889,3.441,0.973102955555555,3.451,0.973103951944444,3.461
0.973984762777778,3.441,0.973380934722222,3.451,0.973381965833333,3.451
0.974262787222222,3.441,0.973658388888889,3.461,0.973659838611111,3.461
0.974540639444444,3.451,0.973936362777778,3.451,0.973937537222222,3.451
0.974818646388889,3.451,0.974214083333333,3.451,0.974215106111111,3.451
0.975096023888889,3.441,0.974492004444445,3.451,0.974492732777778,3.451
0.975374082777778,3.441,0.974769850277778,3.451,0.974770907777778,3.451
0.975651845555556,3.451,0.975047548888889,3.461,0.975048499444444,3.451
0.975929925833333,3.441,0.975325466388889,3.461,0.975326703055556,3.451
0.976207557222222,3.441,0.975603689166667,3.451,0.975604226111111,3.461
0.976485432222222,3.451,0.975881770555556,3.461,0.975882162222222,3.451
0.976762893888889,3.451,0.976159535833333,3.451,0.976159642222222,3.451
0.9770410675,3.441,0.976437278333333,3.451,0.976437781944444,3.451
0.977319028888889,3.451,0.976715185555556,3.451,0.976715454444444,3.451
0.977596921666667,3.451,0.976993316944444,3.461,0.976993305555556,3.451
0.977874821666667,3.451,0.977271225277778,3.461,0.977271174166667,3.461
0.978153042222222,3.441,0.977548823611111,3.451,0.977549230833333,3.451
0.978430740555555,3.441,0.977826753055556,3.451,0.977827191388889,3.451
0.978708559444444,3.441,0.978104716666667,3.451,0.978104646388889,3.451
0.978986483333333,3.451,0.978382644722222,3.451,0.978382463055556,3.451
0.979264461944444,3.441,0.978660311388889,3.451,0.978660603611111,3.461
0.979542067222222,3.451,0.978937738055556,3.451,0.978938688333333,3.451
0.979819845,3.451,0.979215875833333,3.451,0.979216586388889,3.451
0.980097730833333,3.451,0.979493624444444,3.461,0.979494928333333,3.461
0.980375800833333,3.451,0.979771521111111,3.451,0.979772670833333,3.461
0.980653433611111,3.451,0.980049129166667,3.461,0.9800504425,3.451
0.980931180277778,3.451,0.980326816111111,3.451,0.980328308611111,3.461
0.981209024166667,3.451,0.980604669722222,3.451,0.980606358055556,3.451
0.981487078333333,3.441,0.980882273888889,3.451,0.980884258333333,3.461
0.981764956388889,3.451,0.981160077777778,3.451,0.981162030833333,3.461
0.982042769444444,3.451,0.981437993888889,3.451,0.981439763333333,3.451
0.982321095833333,3.441,0.981715742222222,3.451,0.981717795277778,3.461
0.982598706111111,3.451,0.981993561388889,3.461,0.981995697222222,3.461
0.982876423055556,3.441,0.982272018055556,3.451,0.982273603611111,3.461
0.983154319444445,3.441,0.982549918333333,3.461,0.982551587222222,3.451
0.983431735,3.441,0.982827901944444,3.461,0.982829581388889,3.461
0.983710085833333,3.451,0.983105516388889,3.451,0.983107318333333,3.451
0.983987834444444,3.441,0.983383026944444,3.461,0.983384699444444,3.451
0.984265507222222,3.451,0.983661532777778,3.451,0.983662800277778,3.451
0.984543436388889,3.441,0.983938877777778,3.451,0.983940510833333,3.451
0.984821292222222,3.441,0.984216837222222,3.461,0.984218525833333,3.451
0.985098966666667,3.451,0.984494487777778,3.451,0.984496794444444,3.451
0.985376768611111,3.451,0.984772660555556,3.451,0.984775054722222,3.451
0.985654759444444,3.451,0.985050547777778,3.451,0.98505286,3.461
0.985932586111111,3.451,0.985328008888889,3.461,0.985330780833333,3.451
0.986210324166667,3.451,0.985606486666667,3.461,0.98560867,3.461
0.986488276111111,3.451,0.985884020555556,3.461,0.985886822777778,3.461
0.986766106111111,3.451,0.986162047222222,3.461,0.986164691111111,3.451
0.987043761666667,3.441,0.986439819444444,3.461,0.986442841944444,3.451
0.987321658611111,3.451,0.986717168611111,3.461,0.986720753888889,3.451
0.987599674166667,3.441,0.986995232222222,3.461,0.986998863888889,3.461
0.987877087222222,3.451,0.987273384166667,3.461,0.987276924166667,3.461
0.988155571666667,3.441,0.987551369722222,3.451,0.987554414722222,3.461
0.988433155,3.451,0.987829139722222,3.451,0.987832584722222,3.461
0.988711055,3.441,0.988107244444444,3.461,0.988110478333333,3.461
0.988988820277778,3.451,0.988385230555556,3.451,0.988388385,3.451
0.989266907222222,3.451,0.988662853888889,3.451,0.988666099166667,3.461
0.989544221944444,3.451,0.988940989444444,3.451,0.988943584444444,3.451
0.989822514166667,3.451,0.989218591388889,3.451,0.989221821388889,3.451
0.990100068888889,3.451,0.9894964225,3.461,0.989499477222222,3.461
0.990378276111111,3.451,0.989774150277778,3.451,0.989777500277778,3.451
0.990655684166667,3.441,0.990052071944445,3.451,0.990054908888889,3.461
0.9909336675,3.441,0.990329652777778,3.461,0.990333283055556,3.461
0.991211601944444,3.451,0.990607776666667,3.451,0.990611323888889,3.451
0.991489489722222,3.451,0.990885440277778,3.461,0.9908894675,3.451
0.991767273888889,3.441,0.991163471111111,3.451,0.991167145,3.451
0.992044999166667,3.441,0.991441615833333,3.461,0.991445369722222,3.451
0.992323020277778,3.451,0.991719345555556,3.461,0.991723319166667,3.461
0.992600637222222,3.451,0.991997644166667,3.451,0.992001247222222,3.461
0.992878897222222,3.451,0.992275300555555,3.451,0.992279096666667,3.451
0.993156580833333,3.451,0.99255305,3.461,0.992557296111111,3.461
0.993434476388889,3.451,0.99283112,3.461,0.992834674444444,3.461
0.993712099444444,3.451,0.993108695,3.461,0.993112965,3.451
0.993990303055556,3.451,0.993387151944444,3.451,0.99339069,3.461
0.994268269444444,3.451,0.993664395,3.461,0.993668276388889,3.461
0.994545921666667,3.451,0.993942483055556,3.461,0.993946434166667,3.461
0.994823949722222,3.451,0.994220651111111,3.461,0.994224181666667,3.461
0.995102142222222,3.451,0.994498759166667,3.461,0.994501938055556,3.451
0.9953798525,3.441,0.994776773611111,3.461,0.994779945,3.461
0.995657683888889,3.451,0.995054738333333,3.451,0.995057800555556,3.461
0.995935408333333,3.451,0.995332810277778,3.461,0.995335281111111,3.461
0.996213293055556,3.441,0.995610699444444,3.461,0.995613410833333,3.461
0.996491248611111,3.441,0.995888633333333,3.461,0.995891549444444,3.451
0.996769315277778,3.451,0.996166128611111,3.451,0.996168788333333,3.461
0.997047166388889,3.451,0.996443938888889,3.451,0.9964469675,3.461
0.997325185277778,3.451,0.99672178,3.461,0.996724845555556,3.451
0.997603168888889,3.441,0.996999959166667,3.451,0.997002878055556,3.451
0.997880674722222,3.451,0.997277690277778,3.461,0.997280561388889,3.461
0.998158384444444,3.451,0.997555435277778,3.461,0.997558323333333,3.451
0.998436943333333,3.451,0.997832991111111,3.461,0.997836080277778,3.461
0.998714704444445,3.451,0.998111444444444,3.461,0.998114118055556,3.461
0.998992347777778,3.451,0.998389309444444,3.461,0.998392374166667,3.451
0.999270453333333,3.451,0.9986671025,3.451,0.998670708888889,3.451
0.999547980555556,3.451,0.998944723888889,3.461,0.9989484575,3.461
0.999825899166667,3.451,0.999223104444444,3.461,0.999226304722222,3.461
1.00010398305556,3.451,0.999500502777778,3.461,0.999504181111111,3.461
1.00038174083333,3.451,0.999778925,3.461,0.999781885,3.461
1.00065983777778,3.451,1.00005662055556,3.461,1.00005975083333,3.461
1.00093747166667,3.451,1.00033473472222,3.461,1.00033739305556,3.461
1.00121532888889,3.451,1.00061287527778,3.461,1.00061544666667,3.461
1.00149337944444,3.451,1.00089063305556,3.461,1.00089361638889,3.451
1.00177136527778,3.451,1.001168425,3.461,1.00117158777778,3.451
1.00204878666667,3.451,1.00144612277778,3.461,1.00144981527778,3.461
1.00232709166667,3.451,1.00172400333333,3.461,1.00172766444444,3.461
1.00260471611111,3.451,1.00200138083333,3.461,1.00200562861111,3.461
1.00288259388889,3.451,1.00227973722222,3.451,1.00228339277778,3.461
1.00316054305556,3.451,1.00255779444444,3.461,1.00256116916667,3.461
1.00343824527778,3.451,1.0028356275,3.461,1.00283917972222,3.461
1.00371609527778,3.451,1.00311342722222,3.461,1.00311690388889,3.451
1.00399404194444,3.441,1.0033912675,3.451,1.00339508305556,3.461
1.00427148055556,3.441,1.0036692425,3.461,1.00367301555556,3.461
1.00454978472222,3.451,1.00394687583333,3.461,1.00395073138889,3.461
1.00482786555556,3.451,1.004224755,3.461,1.00422883277778,3.451
1.005105685,3.451,1.00450249722222,3.461,1.00450653083333,3.461
1.00538374416667,3.451,1.00478035333333,3.461,1.00478415333333,3.461
1.00566176555556,3.451,1.00505819916667,3.461,1.00506211277778,3.461
1.00593945861111,3.451,1.00533593888889,3.451,1.00533971166667,3.461
1.00621702527778,3.451,1.00561386361111,3.451,1.00561781527778,3.461
1.00649506333333,3.451,1.00589159777778,3.461,1.00589550083333,3.451
1.00677302611111,3.451,1.00616945138889,3.461,1.00617338416667,3.461
1.00705141527778,3.451,1.0064472125,3.461,1.00645139416667,3.461
1.00732897611111,3.451,1.00672532638889,3.461,1.00672956722222,3.461
1.00760693972222,3.451,1.007003055,3.461,1.00700765194444,3.461
1.00788459305556,3.451,1.00728077027778,3.461,1.00728498777778,3.461
1.00816301,3.451,1.00755861833333,3.461,1.00756336916667,3.461
1.00844074777778,3.451,1.00783686472222,3.461,1.00784130611111,3.461
1.00871861472222,3.451,1.00811460111111,3.461,1.0081189875,3.461
1.00899623527778,3.451,1.00839248916667,3.461,1.00839726361111,3.461
1.009274535,3.451,1.00867026444444,3.461,1.00867500277778,3.451
1.00955269972222,3.451,1.00894840805556,3.461,1.00895240388889,3.461
1.00983054111111,3.451,1.00922601805556,3.461,1.00923049194444,3.461
1.01010810444444,3.451,1.0095041625,3.461,1.00950838222222,3.461
1.01038611333333,3.451,1.00978202777778,3.461,1.00978604722222,3.461
1.01066398916667,3.451,1.01005971027778,3.461,1.01006387,3.461
1.01094179472222,3.451,1.0103376025,3.461,1.0103422375,3.451
1.01121964305556,3.451,1.01061513527778,3.461,1.01062020222222,3.461
1.01149729833333,3.451,1.01089300361111,3.461,1.0108979625,3.451
1.01177501083333,3.451,1.01117119555556,3.461,1.011176085,3.461
1.01205316222222,3.451,1.01144904444444,3.461,1.01145401861111,3.461
1.01233100638889,3.451,1.01172699138889,3.461,1.01173154194444,3.461
1.0126088675,3.451,1.01200488166667,3.461,1.01200958,3.461
1.01288678722222,3.451,1.01228296583333,3.461,1.01228727888889,3.461
1.01316498333333,3.451,1.01256073138889,3.461,1.01256491833333,3.461
1.01344293194444,3.451,1.01283866472222,3.461,1.01284272583333,3.461
1.01372041055556,3.451,1.01311657194444,3.461,1.01312039611111,3.461
1.01399891388889,3.451,1.01339450638889,3.461,1.01339840666667,3.461
1.01427633277778,3.451,1.01367240111111,3.461,1.01367638861111,3.461
1.01455424555556,3.451,1.01395003583333,3.461,1.01395397083333,3.461
1.01483198833333,3.451,1.01422821805556,3.461,1.01423188833333,3.451
1.01511037305556,3.451,1.01450582777778,3.461,1.01450971055556,3.461
1.01538792777778,3.451,1.01478374388889,3.461,1.01478817277778,3.461
1.01566600638889,3.451,1.01506105472222,3.461,1.01506583361111,3.461
1.01594414222222,3.451,1.01533901527778,3.461,1.01534366055556,3.461
1.01622203527778,3.451,1.01561702277778,3.451,1.01562136666667,3.451
1.01649983333333,3.451,1.01589487222222,3.461,1.01589927333333,3.461
1.016777515,3.451,1.01617268138889,3.461,1.01617716361111,3.461
1.01705525916667,3.451,1.01645076166667,3.461,1.01645519111111,3.461
1.01733341027778,3.451,1.01672904388889,3.461,1.0167328975,3.461
1.01761142861111,3.451,1.01700683305556,3.461,1.01701085638889,3.461
1.01788897444444,3.451,1.01728472055556,3.461,1.01728861888889,3.461
1.01816680666667,3.451,1.0175627525,3.461,1.01756625194444,3.461
1.0184445825,3.451,1.01784084222222,3.461,1.01784434333333,3.461
1.01872272805556,3.451,1.01811852694444,3.461,1.01812265111111,3.461
1.01900085944444,3.451,1.01839698305556,3.461,1.01840067083333,3.461
1.01927857722222,3.451,1.01867511611111,3.461,1.01867852805556,3.461
1.01955652194444,3.451,1.0189527625,3.461,1.01895639833333,3.461
1.01983459972222,3.451,1.0192306275,3.461,1.01923448972222,3.461
1.02011271944444,3.451,1.01950835611111,3.461,1.0195121675,3.461
1.02039036694444,3.451,1.01978577388889,3.461,1.019790265,3.461
1.02066814583333,3.451,1.02006397694444,3.461,1.02006799916667,3.461
1.02094589305556,3.451,1.02034168861111,3.461,1.02034584027778,3.461
1.02122382055556,3.451,1.02061956027778,3.451,1.02062389611111,3.461
1.02150144277778,3.451,1.02089746222222,3.461,1.02090195305556,3.461
1.02177941055556,3.451,1.02117565527778,3.461,1.02117983388889,3.461
1.02205711472222,3.451,1.02145367638889,3.461,1.02145768333333,3.461
1.02233477138889,3.451,1.02173153194444,3.461,1.02173525694444,3.461
1.02261278333333,3.451,1.02200929138889,3.461,1.02201327333333,3.461
1.02289068,3.451,1.02228689194444,3.461,1.02229110333333,3.461
1.02316884083333,3.451,1.02256448944444,3.461,1.02256905333333,3.461
1.02344622055556,3.451,1.02284287083333,3.461,1.02284686805556,3.461
1.02372423222222,3.451,1.02312069222222,3.461,1.02312471416667,3.461
1.02400248305556,3.451,1.02339881388889,3.461,1.02340255027778,3.461
1.02427979694444,3.451,1.02367702555556,3.461,1.02368041527778,3.461
1.02455784472222,3.451,1.02395489972222,3.461,1.02395801638889,3.461
1.02483587388889,3.451,1.02423300638889,3.461,1.02423562194444,3.461
1.02511362972222,3.451,1.0245108275,3.461,1.02451322555556,3.461
1.02539172111111,3.451,1.0247888525,3.461,1.024791445,3.461
1.02566948138889,3.451,1.0250665125,3.461,1.02506958972222,3.461
1.0259469925,3.451,1.02534445111111,3.461,1.02534784666667,3.461
1.02622504277778,3.451,1.02562202611111,3.461,1.02562551805556,3.461
1.0265028425,3.451,1.02589992166667,3.461,1.02590347944444,3.461
1.02678074388889,3.451,1.02617772638889,3.461,1.02618127472222,3.461
1.02705843388889,3.451,1.02645555694444,3.461,1.02645958583333,3.461
1.02733667138889,3.451,1.02673340055556,3.461,1.02673712194444,3.461
1.02761436194444,3.451,1.02701114833333,3.461,1.02701505833333,3.461
1.02789201555556,3.451,1.02728900861111,3.451,1.02729314611111,3.461
1.0281699975,3.451,1.0275671475,3.461,1.02757092027778,3.461
1.02844837222222,3.451,1.02784498583333,3.461,1.02784856777778,3.461
1.02872619527778,3.451,1.02812245527778,3.461,1.02812660833333,3.461
1.02900419527778,3.451,1.02840063388889,3.461,1.028404565,3.461
1.02928222861111,3.451,1.02867846666667,3.461,1.02868210361111,3.461
1.02955999638889,3.451,1.02895604833333,3.461,1.02896025833333,3.461
1.02983742083333,3.451,1.02923398777778,3.461,1.02923811527778,3.461
1.03011570166667,3.451,1.02951234722222,3.461,1.02951642,3.461
1.03039364388889,3.451,1.02979022194444,3.461,1.02979429305556,3.461
1.03067128472222,3.451,1.03006819722222,3.461,1.03007213833333,3.461
1.03094906555556,3.451,1.03034601083333,3.461,1.03035008944444,3.461
1.03122702638889,3.451,1.03062360277778,3.461,1.03062758916667,3.461
1.03150449416667,3.451,1.03090168555556,3.461,1.03090542972222,3.461
1.03178235305556,3.451,1.03117962916667,3.461,1.031183315,3.461
1.03206017361111,3.451,1.03145740388889,3.461,1.03146110083333,3.461
1.03233825444444,3.451,1.0317355325,3.461,1.03173921722222,3.461
1.03261589,3.451,1.0320132275,3.461,1.03201724611111,3.461
1.03289380361111,3.451,1.03229148444444,3.461,1.0322947025,3.461
1.03317204,3.451,1.03256902611111,3.461,1.03257264583333,3.461
1.03344998555556,3.451,1.03284662472222,3.461,1.03285078388889,3.461
1.03372790638889,3.451,1.03312487583333,3.461,1.03312877083333,3.461
1.03400564083333,3.451,1.033402935,3.461,1.0334068125,3.461
1.03428412111111,3.451,1.03368024944444,3.461,1.03368445111111,3.461
1.03456197138889,3.451,1.03395831138889,3.461,1.03396184388889,3.461
1.03483988333333,3.451,1.03423613638889,3.461,1.03424015083333,3.461
1.03511772055556,3.451,1.03451427972222,3.461,1.03451790361111,3.461
1.03539549194444,3.451,1.03479198777778,3.461,1.03479585416667,3.461
1.03567332861111,3.451,1.03506986166667,3.461,1.03507355194444,3.461
1.03595159833333,3.451,1.03534792861111,3.461,1.03535133388889,3.461
1.03622900194444,3.451,1.03562522083333,3.461,1.03562900583333,3.461
1.03650689972222,3.451,1.03590379861111,3.461,1.0359068375,3.461
1.03678475361111,3.451,1.03618152638889,3.461,1.03618503222222,3.461
1.03706300611111,3.451,1.03645936833333,3.461,1.03646269555556,3.461
1.03734085194444,3.451,1.03673739305556,3.461,1.03674071388889,3.461
1.03761874888889,3.451,1.03701533333333,3.461,1.03701861333333,3.461
1.03789656166667,3.451,1.03729305388889,3.461,1.03729634694444,3.461
1.03817425416667,3.451,1.03757105083333,3.461,1.03757412055556,3.461
1.03845243138889,3.451,1.03784862,3.461,1.03785204611111,3.461
1.03873030611111,3.451,1.03812647,3.461,1.03813036694444,3.461
1.03900787944444,3.451,1.03840423361111,3.461,1.03840776083333,3.461
1.03928585722222,3.451,1.03868189805556,3.461,1.03868549638889,3.461
1.03956344444444,3.451,1.03895985583333,3.461,1.03896339027778,3.461
1.0398411825,3.451,1.03923783416667,3.461,1.03924141888889,3.461
1.04011905444444,3.451,1.03951610722222,3.461,1.03951927222222,3.461
1.04039681944444,3.451,1.03979407555556,3.461,1.03979762611111,3.461
1.04067474111111,3.451,1.04007138472222,3.461,1.04007519777778,3.461
1.04095260861111,3.451,1.04034961638889,3.461,1.04035293944444,3.461
1.04123058222222,3.451,1.04062721027778,3.461,1.04063142138889,3.461
1.04150865694444,3.451,1.0409054375,3.461,1.04090935611111,3.461
1.0417861125,3.451,1.04118296888889,3.461,1.04118730888889,3.461
1.04206368777778,3.451,1.04146073861111,3.461,1.04146482,3.461
1.04234182583333,3.451,1.04173848055556,3.461,1.04174289138889,3.461
1.04261991361111,3.451,1.04201670305556,3.461,1.04202060194444,3.461
1.04289780527778,3.451,1.04229477555556,3.461,1.04229821833333,3.461
1.04317570083333,3.451,1.04257263166667,3.461,1.04257656777778,3.461
1.04345381972222,3.451,1.04285064027778,3.461,1.04285424972222,3.461
1.04373151166667,3.451,1.04312833833333,3.461,1.04313235972222,3.461
1.04400927472222,3.451,1.04340581527778,3.461,1.04341018694444,3.461
1.04428724805556,3.451,1.04368397305556,3.461,1.04368783888889,3.461
1.04456505305556,3.451,1.043961695,3.461,1.04396583583333,3.461
1.04484295722222,3.451,1.04423935388889,3.461,1.04424353916667,3.461
1.04512070916667,3.451,1.04451762888889,3.461,1.04452129611111,3.461
1.04539864916667,3.451,1.04479540472222,3.461,1.04479945194444,3.461
1.04567666722222,3.451,1.04507335805556,3.461,1.04507727972222,3.461
1.04595464722222,3.451,1.04535103333333,3.461,1.04535540166667,3.461
1.04623261638889,3.451,1.0456287325,3.461,1.04563316333333,3.461
1.04651042555556,3.451,1.04590694944444,3.461,1.04591066055556,3.461
1.04678834944444,3.451,1.04618439194444,3.461,1.04618868388889,3.461
1.04706605972222,3.451,1.04646254416667,3.461,1.04646681361111,3.461
1.04734368611111,3.451,1.04674016638889,3.461,1.04674446666667,3.461
1.04762154833333,3.451,1.04701822861111,3.461,1.04702181944444,3.461
1.04789949638889,3.451,1.04729579944444,3.461,1.04730004527778,3.461
1.04817753972222,3.451,1.04757385888889,3.461,1.04757778833333,3.461
1.04845565888889,3.451,1.04785165944444,3.461,1.04785521527778,3.461
1.04873340611111,3.451,1.048129495,3.461,1.04813322527778,3.461
1.04901138,3.451,1.04840736638889,3.461,1.04841077888889,3.461
1.04928937027778,3.451,1.04868512833333,3.461,1.04868906666667,3.461
1.04956723861111,3.451,1.04896284861111,3.461,1.04896699916667,3.461
1.04984480694444,3.451,1.04924052194444,3.461,1.04924468888889,3.461
1.05012263444444,3.451,1.04951831722222,3.461,1.04952256277778,3.461
1.05040060388889,3.451,1.04979644,3.461,1.04980054527778,3.461
1.05067853277778,3.451,1.05007409555556,3.461,1.05007814055556,3.461
1.05095674611111,3.451,1.05035203944444,3.461,1.05035634555556,3.461
1.05123455083333,3.451,1.05062963805556,3.461,1.05063429694444,3.461
1.05151283833333,3.451,1.05090749944444,3.461,1.05091209416667,3.461
1.05179068833333,3.451,1.05118504777778,3.461,1.05118984722222,3.461
1.05206858277778,3.451,1.05146301638889,3.461,1.05146770861111,3.461
1.05234589583333,3.451,1.05174049583333,3.461,1.05174596416667,3.461
1.05262415611111,3.451,1.05201888916667,3.461,1.05202373166667,3.461
1.0529021525,3.451,1.05229680138889,3.461,1.05230101638889,3.461
1.05317982361111,3.451,1.05257512055556,3.461,1.05257917805556,3.461
1.05345805083333,3.451,1.05285288277778,3.461,1.05285682944444,3.461
1.05373651638889,3.451,1.05313074,3.461,1.05313445527778,3.461
1.0540147475,3.451,1.05340886166667,3.461,1.05341278972222,3.461
1.05429202194444,3.451,1.05368704833333,3.461,1.0536908025,3.461
1.05457033944444,3.451,1.05396476666667,3.461,1.05396859861111,3.461
1.05484838944444,3.451,1.05424282805556,3.461,1.05424629277778,3.461
1.05512643944444,3.451,1.05452053111111,3.461,1.054524445,3.461
1.05540437638889,3.451,1.05479814055556,3.461,1.05480230861111,3.461
1.05568217138889,3.451,1.05507583972222,3.461,1.05508016694444,3.461
1.05595980472222,3.451,1.0553539225,3.461,1.0553580725,3.461
1.05623731333333,3.451,1.05563207555556,3.461,1.05563566388889,3.461
1.05651540166667,3.451,1.05590957305556,3.461,1.05591321638889,3.461
1.05679315805556,3.451,1.05618750305556,3.461,1.05619174722222,3.461
1.05707136583333,3.451,1.0564655025,3.461,1.05646987777778,3.461
1.057348835,3.451,1.05674333388889,3.461,1.05674772777778,3.461
1.05762706611111,3.451,1.05702104722222,3.461,1.05702555944444,3.461
1.05790506138889,3.451,1.05729890527778,3.461,1.0573034725,3.461
1.05818322666667,3.451,1.05757673916667,3.461,1.057581455,3.461
1.05846119138889,3.451,1.05785503027778,3.461,1.05785947638889,3.461
1.05873876944444,3.451,1.05813300416667,3.461,1.05813686861111,3.461
1.05901687888889,3.451,1.0584107125,3.461,1.05841512222222,3.461
1.05929507555556,3.451,1.05868870694444,3.461,1.058693415,3.461
1.05957294027778,3.451,1.05896617444444,3.461,1.05897100444444,3.461
1.05985107055556,3.451,1.05924447166667,3.461,1.05924862055556,3.461
1.06012911916667,3.451,1.05952214583333,3.461,1.05952656722222,3.461
1.06040691972222,3.451,1.05980010444444,3.461,1.05980435194444,3.461
1.06068493777778,3.451,1.06007771305556,3.461,1.06008225138889,3.461
1.06096252555556,3.451,1.06035546416667,3.461,1.06035997472222,3.461
1.06124032555556,3.451,1.0606337125,3.461,1.06063798277778,3.461
1.0615184325,3.451,1.06091114611111,3.461,1.06091544305556,3.461
1.06179642916667,3.451,1.06118899805556,3.461,1.06119342,3.461
1.06207460833333,3.451,1.06146700388889,3.461,1.06147130444444,3.461
1.06235274861111,3.451,1.06174439083333,3.461,1.06174895222222,3.461
1.06263062527778,3.451,1.06202260361111,3.461,1.062026905,3.461
1.06290862,3.451,1.06230039333333,3.461,1.06230496527778,3.461
1.06318648583333,3.451,1.06257814222222,3.461,1.06258299972222,3.461
1.06346433694444,3.451,1.06285562555556,3.461,1.06286080527778,3.461
1.06374224361111,3.451,1.06313354472222,3.461,1.06313868166667,3.461
1.06402025555556,3.451,1.06341124805556,3.461,1.06341653583333,3.461
1.06429796472222,3.451,1.06368932694444,3.461,1.06369440861111,3.461
1.06457563361111,3.451,1.06396724388889,3.461,1.06397226166667,3.461
1.06485370111111,3.451,1.06424508111111,3.461,1.06425015277778,3.461
1.06513190222222,3.451,1.06452296138889,3.461,1.06452790055556,3.461
1.06541001,3.451,1.06480076027778,3.461,1.06480597888889,3.461
1.06568772416667,3.451,1.06507902138889,3.461,1.06508370166667,3.461
1.06596507111111,3.451,1.06535707972222,3.461,1.06536169972222,3.461
1.066243575,3.451,1.06563482583333,3.461,1.06563914055556,3.461
1.06652149611111,3.451,1.06591245166667,3.461,1.06591695694444,3.461
1.06679933861111,3.451,1.06619066555556,3.461,1.06619509611111,3.461
1.06707706361111,3.451,1.0664684575,3.461,1.06647242138889,3.461
1.06735510722222,3.451,1.0667463,3.461,1.06675054611111,3.461
1.06763310916667,3.451,1.067024345,3.461,1.06702859861111,3.461
1.06791104444444,3.451,1.06730200416667,3.461,1.06730625055556,3.461
1.06818900722222,3.451,1.06757988027778,3.461,1.06758422583333,3.461
1.06846668722222,3.451,1.06785799583333,3.461,1.06786197166667,3.461
1.06874476805556,3.451,1.06813602222222,3.461,1.06814011305556,3.461
1.06902286555556,3.451,1.06841405777778,3.461,1.06841795722222,3.461
1.06930080111111,3.451,1.06869164361111,3.461,1.06869650111111,3.461
1.06957889583333,3.451,1.06896980777778,3.461,1.06897406138889,3.461
1.06985663166667,3.451,1.06924751083333,3.461,1.06925205138889,3.461
1.07013444833333,3.451,1.06952550805556,3.461,1.06952992666667,3.461
1.0704121225,3.451,1.06980337138889,3.461,1.06980777861111,3.461
1.07068983972222,3.451,1.07008078972222,3.461,1.07008560055556,3.461
1.07096773916667,3.451,1.07035869694444,3.461,1.07036341388889,3.461
1.0712454725,3.451,1.07063658638889,3.461,1.070641045,3.461
1.07152287333333,3.451,1.07091442333333,3.461,1.07091892083333,3.461
1.0718014175,3.451,1.07119211777778,3.461,1.07119712361111,3.461
1.072079135,3.451,1.07146998527778,3.461,1.07147506722222,3.461
1.07235678916667,3.451,1.07174748722222,3.461,1.07175280611111,3.461
1.07263488,3.451,1.07202567777778,3.461,1.07203097944444,3.461
1.07291267194444,3.451,1.07230389527778,3.461,1.07230856972222,3.461
1.07319070694444,3.451,1.07258174416667,3.461,1.07258626444444,3.461
1.07346875305556,3.451,1.07285984611111,3.461,1.07286454472222,3.461
1.07374640166667,3.451,1.07313766833333,3.461,1.07314251472222,3.461
1.07402479944444,3.451,1.07341569555556,3.461,1.07342016888889,3.461
1.07430257055556,3.451,1.07369355611111,3.461,1.07369813277778,3.461
1.07458069722222,3.451,1.07397137833333,3.461,1.073976105,3.461
1.07485839666667,3.451,1.07424926388889,3.461,1.07425358,3.461
1.07513659583333,3.451,1.07452703,3.461,1.07453137055556,3.461
1.07541400555556,3.451,1.074804705,3.461,1.07480951055556,3.461
1.07569213694444,3.451,1.075082495,3.461,1.07508744722222,3.461
1.07596996527778,3.451,1.07536062305556,3.461,1.07536539027778,3.461
1.07624805361111,3.451,1.07563850111111,3.461,1.07564297361111,3.461
1.07652582694444,3.451,1.07591635861111,3.461,1.07592077333333,3.461
1.07680350833333,3.451,1.07619404805556,3.461,1.07619907111111,3.461
1.07708133472222,3.451,1.07647194666667,3.461,1.07647676666667,3.461
1.07735943277778,3.451,1.07674965805556,3.461,1.07675461611111,3.461
1.07763684305556,3.451,1.07702783194444,3.461,1.07703264944444,3.461
1.07791477527778,3.451,1.07730564805556,3.461,1.07731069,3.461
1.07819257583333,3.451,1.07758327916667,3.461,1.07758824305556,3.461
1.07847046277778,3.451,1.0778615375,3.461,1.07786646388889,3.461
1.07874847888889,3.451,1.07813959055556,3.461,1.07814426944444,3.461
1.079026805,3.451,1.07841713111111,3.461,1.0784224075,3.461
1.07930467833333,3.451,1.07869497444444,3.461,1.07870030333333,3.461
1.07958217361111,3.451,1.07897264388889,3.461,1.07897847083333,3.461
1.07986027805556,3.451,1.07925057777778,3.461,1.07925610138889,3.461
1.08013767305556,3.451,1.07952897555556,3.461,1.07953386138889,3.461
1.08041533944444,3.451,1.07980655694444,3.461,1.07981176361111,3.461
1.0806932425,3.451,1.08008453361111,3.461,1.08008936333333,3.461
1.08097132694444,3.451,1.08036241333333,3.461,1.08036781166667,3.461
1.08124911361111,3.451,1.08064010166667,3.461,1.08064564222222,3.461
1.08152649833333,3.451,1.080917745,3.461,1.08092346972222,3.461
1.08180439027778,3.451,1.08119576416667,3.461,1.08120161333333,3.461
1.08208200916667,3.451,1.08147402027778,3.461,1.08147933694444,3.472
1.08236013805556,3.451,1.08175183916667,3.461,1.08175720333333,3.461
1.08263818916667,3.451,1.08203008333333,3.461,1.08203493027778,3.461
1.08291623111111,3.451,1.08230777555556,3.461,1.08231266444444,3.461
1.08319438361111,3.451,1.08258569638889,3.461,1.08259063222222,3.461
1.08347181555556,3.451,1.08286350388889,3.461,1.08286848388889,3.461
1.0837498675,3.451,1.08314134666667,3.461,1.08314670555556,3.461
1.08402834194444,3.451,1.08341946694444,3.461,1.08342445277778,3.461
1.08430601194444,3.451,1.08369729472222,3.461,1.08370234722222,3.461
1.08458366111111,3.451,1.0839751625,3.461,1.08398037944444,3.461
1.0848618175,3.451,1.08425335888889,3.461,1.08425807694444,3.461
1.08514029194444,3.451,1.08453117472222,3.461,1.08453583555556,3.461
1.08541829194444,3.451,1.08480898861111,3.461,1.08481365777778,3.461
1.08569564277778,3.451,1.08508703722222,3.461,1.08509120611111,3.461
1.08597374777778,3.451,1.08536460277778,3.461,1.08536942416667,3.461
1.08625159,3.451,1.08564295888889,3.461,1.0856472325,3.461
1.08652938111111,3.451,1.085920985,3.461,1.08592468611111,3.461
1.08680719277778,3.451,1.08619898083333,3.461,1.08620282305556,3.461
1.08708520611111,3.451,1.08647644055556,3.461,1.08648117555556,3.461
1.08736315361111,3.451,1.08675450583333,3.461,1.08675888472222,3.461
1.08764107777778,3.451,1.08703296166667,3.461,1.08703655861111,3.461
1.0879187625,3.451,1.08731095777778,3.461,1.08731490944444,3.461
1.08819690388889,3.451,1.08758826638889,3.461,1.08759266138889,3.461
1.08847480083333,3.451,1.08786633388889,3.461,1.08787031333333,3.461
1.08875268083333,3.451,1.08814423166667,3.461,1.08814825388889,3.461
1.08903085055556,3.451,1.08842174666667,3.461,1.088425955,3.461
1.08930837805556,3.451,1.08869972611111,3.461,1.08870384805556,3.461
1.08958630694444,3.451,1.08897781027778,3.461,1.08898127722222,3.461
1.0898640825,3.451,1.08925560944444,3.461,1.08925949361111,3.461
1.09014187305556,3.451,1.08953338583333,3.461,1.08953750888889,3.461
1.0904195025,3.451,1.08981082111111,3.461,1.08981528138889,3.461
1.09069763222222,3.451,1.09008905388889,3.461,1.09009299722222,3.461
1.09097585722222,3.451,1.09036705861111,3.461,1.09037089777778,3.461
1.09125355305556,3.451,1.09064484527778,3.461,1.09064857388889,3.461
1.09153128972222,3.451,1.09092253833333,3.461,1.090926655,3.461
1.09180917888889,3.451,1.09120062694444,3.461,1.09120452861111,3.461
1.092086825,3.451,1.09147841833333,3.461,1.09148215472222,3.461
1.09236485861111,3.451,1.09175630694444,3.461,1.09176015722222,3.461
1.09264233583333,3.451,1.09203432472222,3.461,1.09203829916667,3.461
1.09292047583333,3.451,1.092311905,3.461,1.09231607277778,3.461
1.09319830333333,3.451,1.09259005444444,3.461,1.09259380555556,3.461
1.09347564194444,3.451,1.09286763166667,3.461,1.0928713475,3.461
1.09375389416667,3.451,1.09314531833333,3.461,1.09314952888889,3.461
1.09403157555556,3.451,1.09342369472222,3.461,1.09342724638889,3.461
1.09430939583333,3.451,1.09370127916667,3.461,1.09370501166667,3.461
1.09458680472222,3.451,1.09397945805556,3.461,1.09398287222222,3.461
1.09486521638889,3.451,1.09425767138889,3.461,1.094260795,3.461
1.09514315777778,3.451,1.09453566777778,3.461,1.09453826361111,3.461
1.09542102305556,3.451,1.09481323638889,3.461,1.09481664472222,3.461
1.09569898138889,3.451,1.09509138944444,3.461,1.09509466527778,3.461
1.09597675638889,3.451,1.09536919194444,3.461,1.09537285861111,3.461
1.09625463555556,3.451,1.095647325,3.461,1.09565053694444,3.461
1.0965327975,3.451,1.09592494583333,3.461,1.09592823305556,3.461
1.09681032194444,3.451,1.09620290277778,3.461,1.09620615694444,3.461
1.09708788722222,3.451,1.0964808025,3.461,1.0964841375,3.461
1.097366075,3.451,1.09675902527778,3.461,1.09676226222222,3.472
1.09764370777778,3.451,1.09703702138889,3.461,1.09704003333333,3.461
1.09792185888889,3.451,1.09731450611111,3.461,1.09731763972222,3.461
1.09819955527778,3.451,1.09759249305556,3.461,1.09759593944444,3.461
1.09847734388889,3.451,1.09787012055556,3.461,1.09787350583333,3.461
1.09875554305556,3.451,1.09814777916667,3.461,1.09815143138889,3.461
1.0990334475,3.451,1.09842589777778,3.461,1.09842952222222,3.461
1.09931156527778,3.451,1.09870389444444,3.461,1.09870717361111,3.461
1.09958931277778,3.451,1.09898180861111,3.461,1.09898514444444,3.461
1.09986671611111,3.451,1.09925972305556,3.461,1.09926318805556,3.461
1.10014478361111,3.451,1.09953766,3.461,1.09954107888889,3.461
1.10042278611111,3.451,1.09981491972222,3.461,1.09981852083333,3.461
1.10070013194444,3.451,1.10009313027778,3.461,1.10009672027778,3.461
1.10097818611111,3.451,1.10037077861111,3.461,1.10037438055556,3.461
1.10125639861111,3.451,1.10064917083333,3.461,1.10065214555556,3.461
1.10153395361111,3.451,1.10092723666667,3.461,1.10093009777778,3.461
1.10181189333333,3.451,1.10120527194444,3.461,1.10120773777778,3.461
1.10208952666667,3.451,1.10148323277778,3.461,1.10148585416667,3.461
1.10236777027778,3.451,1.101760805,3.461,1.10176393361111,3.461
1.10264538388889,3.451,1.10203922472222,3.472,1.10204133611111,3.461
1.10292324666667,3.451,1.10231687611111,3.461,1.10231949666667,3.461
1.1032007575,3.451,1.10259462194444,3.461,1.10259712777778,3.461
1.10347889666667,3.451,1.10287220638889,3.461,1.10287517861111,3.461
1.10375654361111,3.451,1.10315034888889,3.461,1.10315327527778,3.461
1.10403468777778,3.451,1.10342800444444,3.461,1.10343119861111,3.461
1.104312015,3.451,1.10370578916667,3.461,1.10370926861111,3.461
1.1045904175,3.451,1.10398358388889,3.461,1.10398722055556,3.461
1.10486786444444,3.451,1.10426123,3.461,1.10426502,3.461
1.10514639916667,3.451,1.10453910944444,3.461,1.10454308444444,3.461
1.10542370638889,3.451,1.10481717222222,3.461,1.10482081388889,3.461
1.10570152805556,3.451,1.10509505194444,3.461,1.10509885055556,3.461
1.10597963972222,3.451,1.10537279027778,3.461,1.10537628722222,3.461
1.10625748055556,3.451,1.10565065222222,3.461,1.10565455194444,3.461
1.10653544083333,3.451,1.10592819027778,3.461,1.105932275,3.461
1.10681336194444,3.451,1.10620606972222,3.461,1.10621018222222,3.461
1.10709117888889,3.451,1.10648393527778,3.461,1.1064882725,3.461
1.10736887166667,3.451,1.10676201333333,3.461,1.10676602361111,3.461
1.10764709555556,3.451,1.10703977972222,3.461,1.10704400833333,3.461
1.10792480555556,3.451,1.10731792833333,3.461,1.10732159055556,3.461
1.10820232666667,3.451,1.10759580666667,3.461,1.10759947194444,3.461
1.1084803075,3.451,1.10787388055556,3.472,1.1078773475,3.461
1.10875830805556,3.451,1.10815150611111,3.461,1.10815533138889,3.461
1.10903603111111,3.451,1.10842951138889,3.461,1.1084327,3.472
1.10931418638889,3.451,1.10870757638889,3.461,1.1087109725,3.461
1.10959250166667,3.451,1.10898529138889,3.461,1.10898900972222,3.461
1.10987005083333,3.451,1.10926291472222,3.461,1.10926698138889,3.461
1.11014784972222,3.451,1.10954046916667,3.461,1.10954493972222,3.461
1.11042574638889,3.451,1.10981827138889,3.461,1.10982306833333,3.461
1.11070363805556,3.451,1.11009643,3.461,1.11010056083333,3.461
1.11098091055556,3.451,1.11037383888889,3.461,1.11037857888889,3.461
1.11125908666667,3.451,1.11065207222222,3.461,1.11065646055556,3.461
1.11153724027778,3.451,1.11092989694444,3.461,1.110934175,3.472
1.11181536111111,3.451,1.11120743777778,3.461,1.11121232444444,3.461
1.11209322194444,3.451,1.11148550444444,3.461,1.11149053944444,3.461
1.11237098416667,3.451,1.11176377722222,3.461,1.11176807833333,3.461
1.11264877944444,3.451,1.11204150138889,3.461,1.11204621333333,3.472
1.1129267775,3.451,1.11231964111111,3.461,1.11232383666667,3.461
1.11320483,3.451,1.11259731722222,3.461,1.11260163527778,3.461
1.1134824925,3.451,1.11287536472222,3.461,1.11287952583333,3.461
1.11376066472222,3.451,1.11315349666667,3.461,1.11315714083333,3.472
1.11403839638889,3.451,1.11343149777778,3.461,1.11343522666667,3.461
1.11431652638889,3.451,1.11370913055556,3.461,1.11371308388889,3.472
1.11459466916667,3.451,1.1139871925,3.461,1.11399080916667,3.461
1.11487253861111,3.451,1.114265295,3.461,1.11426857638889,3.461
1.11515043472222,3.451,1.11454322611111,3.461,1.11454667166667,3.461
1.11542857111111,3.451,1.114820855,3.461,1.11482459166667,3.472
1.11570622305556,3.451,1.11509880833333,3.461,1.11510211777778,3.461
1.11598385722222,3.451,1.11537665583333,3.461,1.11538003972222,3.461
1.11626170833333,3.451,1.11565424555556,3.472,1.11565796416667,3.472
1.116539275,3.451,1.11593190027778,3.461,1.11593594222222,3.461
1.11681728111111,3.451,1.11621021333333,3.461,1.11621343083333,3.461
1.1170954225,3.451,1.11648843166667,3.461,1.116491765,3.472
1.11737357055556,3.461,1.11676629222222,3.461,1.11676987166667,3.461
1.11765154861111,3.451,1.11704367277778,3.472,1.11704762111111,3.461
1.11792939333333,3.451,1.11732171916667,3.461,1.11732549638889,3.461
1.11820745055556,3.451,1.11759908333333,3.461,1.11760360611111,3.461
1.1184853175,3.451,1.11787721138889,3.461,1.11788136888889,3.472
1.11876303638889,3.451,1.11815486444444,3.461,1.11815942388889,3.461
1.11904112944444,3.461,1.11843271694444,3.461,1.11843733638889,3.461
1.11931923972222,3.451,1.11871051611111,3.461,1.11871522138889,3.461
1.1195970375,3.451,1.11898832916667,3.461,1.11899317333333,3.461
1.11987501833333,3.451,1.11926664277778,3.461,1.11927083888889,3.461
1.1201528825,3.451,1.11954439388889,3.461,1.11954873611111,3.461
1.12043095111111,3.451,1.11982245472222,3.461,1.11982692638889,3.461
1.12070882027778,3.451,1.12010036861111,3.461,1.12010484472222,3.472
1.12098645611111,3.451,1.12037824833333,3.461,1.12038297444444,3.461
1.12126449027778,3.451,1.12065596138889,3.461,1.12066111138889,3.472
1.12154233277778,3.451,1.12093396666667,3.461,1.12093849944444,3.461
1.12181978333333,3.451,1.12121149444444,3.461,1.12121672,3.472
1.1220977725,3.461,1.12148961555556,3.461,1.121494995,3.461
1.1223759025,3.451,1.12176719055556,3.461,1.12177288361111,3.461
1.12265408916667,3.451,1.12204529861111,3.461,1.12205079194444,3.461
1.12293226583333,3.451,1.12232303444444,3.461,1.12232887305556,3.461
1.12321033444444,3.451,1.12260077083333,3.472,1.12260639916667,3.472
1.12348818944444,3.451,1.12287846027778,3.461,1.12288435027778,3.461
1.12376566472222,3.451,1.12315634222222,3.461,1.12316245555556,3.461
1.12404369416667,3.451,1.12343384472222,3.461,1.12344008722222,3.461
1.12432162333333,3.451,1.1237118025,3.461,1.12371846555556,3.472
1.12459939666667,3.451,1.12398952388889,3.461,1.1239960125,3.461
1.12487729083333,3.451,1.124267525,3.461,1.1242742025,3.461
1.12515532055556,3.451,1.12454564277778,3.461,1.12455210666667,3.461
1.12543322638889,3.451,1.12482333527778,3.472,1.12482967555556,3.461
1.12571131416667,3.451,1.12510106611111,3.472,1.12510748861111,3.472
1.12598910888889,3.451,1.12537897555556,3.461,1.12538526638889,3.472
1.12626705333333,3.451,1.12565711527778,3.461,1.12566330305556,3.461
1.12654469527778,3.451,1.12593457638889,3.461,1.12594131638889,3.461
1.12682234472222,3.461,1.12621249527778,3.461,1.12621914583333,3.461
1.12710021611111,3.451,1.12649062583333,3.461,1.12649731416667,3.472
1.12737817277778,3.461,1.1267683475,3.472,1.12677487555556,3.472
1.12765594972222,3.451,1.12704609972222,3.461,1.12705331388889,3.461
1.12793420138889,3.451,1.12732400194444,3.461,1.12733138,3.461
1.12821179638889,3.461,1.12760158777778,3.461,1.12760894666667,3.461
1.12848963972222,3.451,1.12787967166667,3.472,1.12788670388889,3.461
1.12876726305556,3.451,1.12815748916667,3.461,1.12816477916667,3.472
1.12904535333333,3.451,1.12843494027778,3.461,1.128443165,3.472
1.12932323527778,3.451,1.12871278194444,3.461,1.12872079277778,3.472
1.1296007225,3.451,1.12899085805556,3.461,1.12899900722222,3.461
1.12987881222222,3.451,1.12926852583333,3.461,1.1292773425,3.461
1.13015667583333,3.451,1.12954652722222,3.461,1.12955498527778,3.461
1.13043468944444,3.451,1.12982440138889,3.472,1.12983320083333,3.461
1.13071247972222,3.451,1.13010234444444,3.461,1.13011064277778,3.472
1.13098978833333,3.451,1.13038005055556,3.461,1.13038903638889,3.461
1.13126783666667,3.451,1.13065746333333,3.461,1.13066668805556,3.461
1.13154613527778,3.461,1.13093547916667,3.461,1.130944735,3.461
1.131824325,3.451,1.13121338361111,3.461,1.13122239222222,3.461
1.13210180277778,3.451,1.13149113944444,3.461,1.13150052361111,3.472
1.13237983305556,3.451,1.13176899472222,3.461,1.13177853138889,3.472
1.13265754555556,3.451,1.13204665888889,3.472,1.13205632305556,3.461
1.1329354875,3.451,1.13232475805556,3.461,1.13233403388889,3.461
1.13321326666667,3.461,1.13260261027778,3.461,1.13261194444444,3.472
1.13349126138889,3.451,1.13288017583333,3.472,1.13288962666667,3.461
1.13376918916667,3.451,1.13315796916667,3.472,1.13316751805556,3.472
1.13404686277778,3.461,1.13343583472222,3.461,1.13344602888889,3.472
1.13432486138889,3.451,1.13371337972222,3.461,1.13372399472222,3.472
1.13460282388889,3.451,1.13399126777778,3.461,1.13400188416667,3.472
1.13488113944444,3.451,1.13426880666667,3.461,1.13427994944444,3.472
1.13515886444444,3.451,1.1345471225,3.461,1.13455782694444,3.472
1.13543667027778,3.451,1.13482488527778,3.472,1.13483569527778,3.461
1.13571447138889,3.451,1.13510249416667,3.472,1.13511383138889,3.472
1.1359921975,3.451,1.13538045722222,3.461,1.13539177055556,3.461
1.13626979861111,3.451,1.135658495,3.461,1.13566905583333,3.461
1.13654798861111,3.451,1.13593626333333,3.461,1.13594713638889,3.472
1.13682598833333,3.461,1.13621381666667,3.461,1.13622498083333,3.472
1.13710373222222,3.451,1.13649175916667,3.472,1.13650259138889,3.472
1.13738150166667,3.451,1.13676983694444,3.461,1.13678049416667,3.461
1.1376596575,3.461,1.13704788694444,3.461,1.13705870527778,3.472
1.13793765611111,3.451,1.13732559055556,3.461,1.13733618611111,3.472
1.138215795,3.451,1.13760357777778,3.461,1.13761425555556,3.461
1.13849348916667,3.461,1.13788186333333,3.461,1.13789205611111,3.472
1.13877108805556,3.461,1.1381598675,3.461,1.13817002138889,3.461
1.13904865777778,3.451,1.13843759333333,3.472,1.13844804305556,3.472
1.13932708805556,3.461,1.13871549861111,3.461,1.13872583972222,3.472
1.13960509611111,3.451,1.13899298972222,3.461,1.13900374,3.472
1.13988295027778,3.451,1.1392709975,3.472,1.13928154694444,3.472
1.14016066055556,3.451,1.13954872611111,3.461,1.13955954277778,3.461
1.14043840638889,3.451,1.13982669138889,3.472,1.13983749972222,3.472
1.14071638916667,3.451,1.14010421333333,3.461,1.14011539055556,3.461
1.14099402416667,3.451,1.14038192111111,3.472,1.14039328472222,3.472
1.141271785,3.451,1.14066007666667,3.472,1.14067105944444,3.461
1.14154965444444,3.451,1.14093806472222,3.461,1.14094914,3.472
1.14182729055556,3.451,1.14121592277778,3.472,1.14122691361111,3.472
1.14210556722222,3.451,1.14149327222222,3.472,1.14150487805556,3.461
1.14238302444444,3.461,1.14177160361111,3.461,1.14178281444444,3.472
1.142661155,3.451,1.14204923277778,3.461,1.14206103472222,3.472
1.142938945,3.451,1.14232758861111,3.461,1.14233916166667,3.461
1.14321671361111,3.461,1.14260536583333,3.461,1.14261690972222,3.472
1.1434943625,3.461,1.14288319111111,3.472,1.14289443666667,3.472
1.14377233722222,3.461,1.14316065916667,3.472,1.14317257805556,3.472
1.14405029083333,3.451,1.14343886222222,3.461,1.14345062555556,3.461
1.14432825777778,3.461,1.14371677305556,3.461,1.14372883361111,3.472
1.14460586555556,3.451,1.14399467916667,3.461,1.14400649638889,3.472
1.14488373027778,3.461,1.14427272277778,3.461,1.14428449083333,3.472
1.14516163611111,3.461,1.14455069527778,3.461,1.14456242416667,3.461
1.14543919722222,3.451,1.14482828416667,3.461,1.14483999361111,3.472
1.145716895,3.451,1.14510636888889,3.472,1.14511824027778,3.472
1.14599473527778,3.451,1.14538408527778,3.472,1.14539592083333,3.461
1.1462730075,3.461,1.1456623775,3.472,1.14567359333333,3.472
1.14655065138889,3.451,1.14594016416667,3.472,1.14595171777778,3.472
1.14682851333333,3.451,1.14621796055556,3.472,1.14622918,3.472
1.147106465,3.451,1.14649574944444,3.472,1.14650701611111,3.472
1.1473843475,3.461,1.14677398888889,3.472,1.14678464388889,3.461
1.14766181694444,3.451,1.14705162472222,3.461,1.14706238055556,3.472
1.14793961055556,3.461,1.14732950361111,3.461,1.14734070027778,3.461
1.14821750861111,3.451,1.14760734916667,3.472,1.14761840027778,3.461
1.14849515805556,3.451,1.14788509111111,3.472,1.14789623388889,3.472
1.14877322861111,3.451,1.14816296333333,3.461,1.14817413944444,3.472
1.14905092916667,3.451,1.14844100777778,3.472,1.14845191527778,3.472
1.14932937222222,3.461,1.14871858472222,3.461,1.14872993194444,3.472
1.14960696472222,3.461,1.14899682888889,3.472,1.14900746527778,3.472
1.14988491222222,3.451,1.14927494361111,3.461,1.14928571027778,3.472
1.15016274694444,3.461,1.1495524975,3.472,1.14956339388889,3.472
1.15044067527778,3.461,1.14983090916667,3.472,1.14984137888889,3.472
1.150718465,3.451,1.1501085,3.472,1.15011877333333,3.472
1.15099633361111,3.451,1.15038650277778,3.472,1.1503970875,3.472
1.15127450416667,3.461,1.15066434,3.461,1.15067510916667,3.472
1.15155249472222,3.451,1.15094239833333,3.461,1.1509534475,3.472
1.15182977388889,3.451,1.15122037083333,3.472,1.15123088305556,3.472
1.15210788,3.461,1.15149777472222,3.472,1.15150892527778,3.472
1.15238559083333,3.461,1.15177610722222,3.472,1.15178655194444,3.472
1.15266336083333,3.461,1.15205389777778,3.472,1.15206445138889,3.472
1.15294112138889,3.461,1.15233177138889,3.472,1.15234259388889,3.461
1.15321905527778,3.451,1.15260954583333,3.472,1.15262038944444,3.472
1.15349688694444,3.451,1.15288737472222,3.461,1.15289793416667,3.472
1.15377462055556,3.451,1.15316546083333,3.472,1.15317609777778,3.472
1.15405231555556,3.451,1.15344335805556,3.472,1.15345404055556,3.472
1.15432994388889,3.451,1.15372154805556,3.472,1.15373198583333,3.472
1.15460777194444,3.451,1.15399970055556,3.461,1.15400973916667,3.472
1.15488561305556,3.461,1.15427745222222,3.472,1.15428781027778,3.472
1.15516335194444,3.451,1.15455557916667,3.472,1.15456558111111,3.461
1.15544116305556,3.451,1.154833665,3.461,1.15484326583333,3.461
1.15571896305556,3.461,1.155111415,3.472,1.15512110388889,3.461
1.15599664138889,3.461,1.15538960333333,3.461,1.15539916416667,3.472
1.15627438527778,3.461,1.15566694666667,3.461,1.15567691861111,3.472
1.15655235527778,3.461,1.15594552694444,3.472,1.15595487027778,3.472
1.15683028222222,3.461,1.15622332777778,3.472,1.1562328375,3.461
1.15710789138889,3.461,1.15650130916667,3.472,1.1565107525,3.472
1.15738597611111,3.461,1.15677875833333,3.461,1.15678873583333,3.472
1.15766369944444,3.461,1.15705655027778,3.461,1.15706682333333,3.472
1.15794118111111,3.461,1.15733446111111,3.472,1.15734490444444,3.472
1.15821923083333,3.461,1.15761186944444,3.472,1.15762282916667,3.472
1.15849717805556,3.451,1.15789012777778,3.472,1.15790081972222,3.472
1.15877513027778,3.451,1.15816787111111,3.472,1.158178995,3.472
1.15905329305556,3.461,1.15844613222222,3.472,1.158456575,3.472
1.15933095638889,3.451,1.15872353805556,3.472,1.15873416305556,3.472
1.15960871416667,3.461,1.15900160555556,3.472,1.15901210638889,3.472
1.15988695027778,3.461,1.15927935555556,3.472,1.15929016333333,3.472
1.1601645925,3.451,1.15955721083333,3.461,1.15956838722222,3.472
1.1604427075,3.461,1.15983530666667,3.472,1.1598460075,3.472
1.16071992361111,3.461,1.16011305694444,3.472,1.16012380083333,3.472
1.1609976225,3.461,1.16039088111111,3.461,1.16040203027778,3.461
1.16127589527778,3.461,1.16066895472222,3.472,1.16067932166667,3.472
1.16155371333333,3.451,1.16094683722222,3.472,1.16095743166667,3.472
1.16183146722222,3.461,1.16122430027778,3.472,1.16123520527778,3.472
1.16210919805556,3.461,1.16150215361111,3.472,1.16151306861111,3.472
1.16238708277778,3.461,1.16178007,3.472,1.16179066555556,3.472
1.16266479222222,3.461,1.16205765833333,3.472,1.16206864083333,3.472
1.16294272166667,3.461,1.162335705,3.472,1.16234675944444,3.472
1.16322044583333,3.451,1.16261348777778,3.472,1.16262459277778,3.472
1.16349810555556,3.461,1.16289130166667,3.472,1.162901905,3.472
1.16377600972222,3.461,1.16316955472222,3.472,1.16317978888889,3.472
1.16405399861111,3.461,1.16344701666667,3.472,1.16345809833333,3.472
1.1643313825,3.461,1.16372498916667,3.472,1.163736055,3.472
1.16460937833333,3.451,1.16400246916667,3.472,1.16401388055556,3.472
1.16488745833333,3.461,1.16428081166667,3.472,1.16429131666667,3.472
1.16516555861111,3.461,1.1645589225,3.472,1.16456958083333,3.472
1.16544315722222,3.461,1.16483683055556,3.472,1.16484738722222,3.472
1.16572140833333,3.461,1.1651150975,3.472,1.16512488583333,3.472
1.16599889944444,3.451,1.1653928175,3.472,1.16540339027778,3.472
1.166276795,3.461,1.16567073972222,3.472,1.16568112055556,3.472
1.16655493555556,3.461,1.16594881805556,3.472,1.16595898138889,3.472
1.16683278222222,3.461,1.16622670638889,3.461,1.16623657861111,3.472
1.16711055166667,3.461,1.16650428138889,3.472,1.16651486111111,3.472
1.16738829305556,3.461,1.166782285,3.472,1.16679213166667,3.472
1.16766600972222,3.461,1.16706022111111,3.472,1.16707023055556,3.472
1.16794365666667,3.461,1.16733818361111,3.472,1.16734810805556,3.472
1.16822149194444,3.461,1.16761607305556,3.472,1.16762605555556,3.472
1.16849940833333,3.461,1.16789405,3.472,1.16790405944444,3.472
1.16877718416667,3.461,1.16817186888889,3.472,1.16818204694444,3.472
1.16905549361111,3.461,1.16845005777778,3.472,1.16845979666667,3.472
1.16933285361111,3.461,1.16872799194444,3.472,1.16873741138889,3.472
1.16961091166667,3.461,1.16900585166667,3.472,1.16901544638889,3.472
1.16988905694444,3.461,1.16928370944444,3.472,1.16929298638889,3.472
1.17016681972222,3.461,1.16956150333333,3.472,1.1695704525,3.472
1.17044449805556,3.461,1.16983920777778,3.472,1.1698487175,3.472
1.17072230416667,3.461,1.17011663333333,3.472,1.17012644027778,3.472
1.17100050527778,3.461,1.17039474916667,3.472,1.1704046275,3.472
1.17127817638889,3.461,1.17067246888889,3.461,1.1706828,3.472
1.17155595027778,3.461,1.17095032138889,3.472,1.17096051555556,3.472
1.17183345888889,3.461,1.17122840388889,3.472,1.17123860555556,3.472
1.17211143694444,3.461,1.17150623472222,3.472,1.1715164075,3.472
1.17238924055556,3.461,1.17178398638889,3.472,1.17179386611111,3.472
1.17266737694444,3.461,1.17206209555556,3.472,1.17207203916667,3.472
1.17294508638889,3.461,1.17234013138889,3.472,1.1723496175,3.472
1.17322328277778,3.461,1.17261767611111,3.472,1.1726273275,3.472
1.17350078777778,3.461,1.17289579194444,3.472,1.17290545777778,3.472
1.17377901527778,3.461,1.17317333222222,3.472,1.1731833325,3.472
1.17405686805556,3.461,1.17345163027778,3.472,1.17346117166667,3.472
1.17433461277778,3.461,1.1737295175,3.472,1.17373891805556,3.472
1.17461289888889,3.461,1.17400729638889,3.472,1.17401666444444,3.472
1.17489061055556,3.461,1.17428494861111,3.472,1.17429462944444,3.472
1.17516854666667,3.461,1.17456272138889,3.472,1.17457282916667,3.472
1.17544654194444,3.461,1.17484075166667,3.472,1.17485027611111,3.472
1.17572454277778,3.461,1.17511887083333,3.472,1.17512830388889,3.472
1.17600245444444,3.451,1.17539649611111,3.472,1.17540608694444,3.472
1.17628018472222,3.461,1.17567428805556,3.472,1.17568403888889,3.472
1.17655796416667,3.461,1.17595193138889,3.472,1.17596174138889,3.472
1.17683569361111,3.461,1.17622971583333,3.472,1.17623965944444,3.472
1.17711360611111,3.461,1.17650812083333,3.472,1.17651756916667,3.472
1.17739134277778,3.461,1.17678575166667,3.472,1.17679522027778,3.472
1.17766910444444,3.461,1.17706380388889,3.472,1.1770731175,3.472
1.17794704694444,3.461,1.17734160333333,3.472,1.17735069583333,3.472
1.17822472111111,3.461,1.17761942916667,3.472,1.17762902333333,3.472
1.1785026225,3.461,1.17789763694444,3.472,1.17790658722222,3.472
1.17878045305556,3.461,1.1781749325,3.472,1.17818439833333,3.472
1.17905788555556,3.461,1.17845326277778,3.461,1.17846220472222,3.472
1.17933603138889,3.461,1.17873149166667,3.472,1.17874039611111,3.472
1.17961390916667,3.461,1.17900961111111,3.472,1.17901831277778,3.472
1.17989145833333,3.461,1.17928762888889,3.472,1.17929621805556,3.472
1.18016936861111,3.461,1.17956530138889,3.472,1.17957394083333,3.472
1.18044710861111,3.461,1.17984316138889,3.472,1.17985158555556,3.472
1.18072518388889,3.461,1.18012078222222,3.472,1.180129455,3.472
1.18100330944444,3.461,1.18039868833333,3.472,1.18040726166667,3.472
1.18128134333333,3.461,1.18067671861111,3.472,1.18068515666667,3.472
1.18155887055556,3.461,1.18095488,3.472,1.18096322138889,3.472
1.18183692472222,3.461,1.18123275138889,3.472,1.18124130638889,3.472
1.18211461305556,3.461,1.18151045916667,3.472,1.18151958,3.472
1.18239251444444,3.461,1.18178848,3.472,1.18179683166667,3.472
1.18267047,3.461,1.18206615416667,3.472,1.182075035,3.461
1.18294828,3.461,1.18234409388889,3.472,1.18235275472222,3.472
1.18322565722222,3.461,1.18262172944444,3.472,1.1826304325,3.472
1.18350385277778,3.461,1.1828997175,3.472,1.18290823916667,3.472
1.18378153805556,3.461,1.18317722194444,3.472,1.18318645027778,3.472
1.18405926722222,3.461,1.18345537361111,3.472,1.18346426055556,3.472
1.18433706527778,3.461,1.1837330875,3.472,1.1837420125,3.472
1.1846145775,3.461,1.18401078555556,3.472,1.18402010222222,3.472
1.18489284277778,3.461,1.1842887325,3.472,1.18429806083333,3.472
1.18517055,3.461,1.18456603555556,3.472,1.18457595833333,3.472
1.18544818694444,3.461,1.18484400777778,3.472,1.18485381611111,3.482
1.18572599777778,3.461,1.18512168888889,3.472,1.18513166527778,3.472
1.18600372972222,3.461,1.18539957972222,3.472,1.18540944972222,3.472
1.18628193083333,3.461,1.18567753194444,3.472,1.18568732583333,3.472
1.18655964277778,3.461,1.18595520138889,3.472,1.18596518861111,3.472
1.18683767388889,3.461,1.18623305333333,3.472,1.18624292361111,3.472
1.18711588861111,3.461,1.18651098638889,3.472,1.18652087583333,3.472
1.18739351388889,3.461,1.18678855527778,3.472,1.18679850916667,3.472
1.18767142611111,3.461,1.18706657083333,3.472,1.18707657333333,3.472
1.18794948833333,3.461,1.18734412583333,3.472,1.18735440638889,3.472
1.18822727694444,3.461,1.18762268722222,3.472,1.18763217444444,3.472
1.18850519111111,3.461,1.18790066444444,3.472,1.18790985833333,3.472
1.18878298138889,3.461,1.18817839416667,3.472,1.18818768666667,3.472
1.18906076194444,3.461,1.18845600972222,3.472,1.1884659775,3.472
1.18933868777778,3.461,1.18873391888889,3.472,1.1887435275,3.482
1.18961659972222,3.461,1.18901198333333,3.472,1.18902161555556,3.482
1.18989423722222,3.461,1.18928964388889,3.472,1.18929956,3.472
1.19017217,3.461,1.18956767888889,3.472,1.18957685027778,3.472
1.19044957972222,3.461,1.1898455825,3.472,1.18985465083333,3.472
1.19072774861111,3.461,1.19012328555556,3.472,1.19013285611111,3.472
1.19100568222222,3.461,1.19040169527778,3.472,1.1904109175,3.472
1.19128365944444,3.461,1.19067966888889,3.472,1.19068859527778,3.472
1.19156154027778,3.461,1.19095788166667,3.472,1.19096605805556,3.472
1.19183933694444,3.461,1.19123569833333,3.472,1.19124383805556,3.472
1.19211704555556,3.461,1.19151392472222,3.472,1.19152154305556,3.472
1.19239520444444,3.461,1.19179130527778,3.472,1.19179974833333,3.472
1.19267260416667,3.461,1.19206929222222,3.472,1.19207716777778,3.472
1.19295052305556,3.461,1.19234694861111,3.472,1.19235570972222,3.472
1.19322854166667,3.461,1.19262496333333,3.472,1.19263336972222,3.472
1.19350594222222,3.461,1.19290291166667,3.472,1.19291108,3.472
1.19378437305556,3.461,1.19318026777778,3.472,1.19318901333333,3.472
1.19406211083333,3.461,1.19345848611111,3.472,1.19346627944444,3.472
1.194339845,3.461,1.19373611083333,3.472,1.19374441416667,3.472
1.19461752361111,3.461,1.19401381277778,3.472,1.19402246666667,3.472
1.19489543972222,3.461,1.19429166888889,3.472,1.19430021694444,3.472
1.19517319722222,3.461,1.19456978055556,3.472,1.19457797555556,3.472
1.19545100916667,3.461,1.19484743,3.472,1.19485597027778,3.472
1.19572877916667,3.461,1.19512561111111,3.472,1.19513374694444,3.472
1.19600615944444,3.461,1.19540329611111,3.472,1.195411345,3.472
1.19628440722222,3.461,1.19568146555556,3.472,1.19568936638889,3.472
1.19656178527778,3.461,1.19595923277778,3.472,1.19596718805556,3.472
1.196839885,3.461,1.19623695638889,3.472,1.19624491361111,3.472
1.19711755833333,3.461,1.19651470138889,3.472,1.19652262555556,3.472
1.19739543388889,3.461,1.19679261305556,3.472,1.19680026666667,3.472
1.19767357972222,3.461,1.19707033555556,3.472,1.19707848166667,3.472
1.1979514125,3.461,1.19734770638889,3.472,1.19735627166667,3.472
1.19822906722222,3.461,1.19762612138889,3.472,1.19763436833333,3.472
1.19850699416667,3.461,1.19790399111111,3.472,1.1979122525,3.482
1.19878525777778,3.461,1.19818185194444,3.472,1.19819011222222,3.472
1.19906318833333,3.461,1.19845963666667,3.472,1.19846807305556,3.472
1.19934121694444,3.461,1.19873792055556,3.472,1.19874586694444,3.472
1.19961906527778,3.461,1.19901594916667,3.472,1.19902361916667,3.472
1.19989645222222,3.461,1.19929401888889,3.472,1.19930131166667,3.472
1.2001744775,3.461,1.19957142166667,3.472,1.1995790575,3.472
1.20045242972222,3.461,1.19984916916667,3.472,1.19985700611111,3.472
1.2007302075,3.461,1.20012705472222,3.472,1.20013439555556,3.482
1.20100778527778,3.461,1.20040474666667,3.472,1.20041254638889,3.472
1.2012856075,3.461,1.20068259888889,3.472,1.20069021916667,3.472
1.20156339055556,3.461,1.20096020666667,3.472,1.20096822194444,3.472
1.20184166277778,3.461,1.20123857972222,3.472,1.20124604444444,3.472
1.20211969722222,3.461,1.20151628444444,3.472,1.20152410194444,3.482
1.20239743861111,3.461,1.20179419861111,3.472,1.201801945,3.472
1.20267513611111,3.461,1.20207202916667,3.472,1.20207941305556,3.472
1.20295355,3.461,1.20234975888889,3.472,1.20235755694444,3.472
1.20323140833333,3.461,1.20262740638889,3.472,1.20263540944444,3.472
1.20350953111111,3.461,1.20290507888889,3.472,1.2029133275,3.472
1.203787325,3.461,1.20318273833333,3.472,1.20319149694444,3.472
1.20406520083333,3.461,1.2034606775,3.472,1.20346921083333,3.472
1.2043428075,3.461,1.20373842083333,3.472,1.20374714944444,3.472
1.20462071638889,3.461,1.20401627805556,3.472,1.20402526805556,3.472
1.20489850722222,3.461,1.20429383361111,3.472,1.20430274194444,3.472
1.20517653222222,3.461,1.20457208222222,3.472,1.2045810475,3.472
1.20545426694444,3.461,1.20484972805556,3.472,1.20485908861111,3.472
1.20573213777778,3.461,1.2051276,3.472,1.20513681861111,3.472
1.20601033027778,3.461,1.20540580388889,3.472,1.20541460527778,3.472
1.20628837416667,3.461,1.20568352333333,3.472,1.205692465,3.472
1.20656613833333,3.461,1.20596145361111,3.472,1.20597029138889,3.472
1.20684394166667,3.461,1.2062391725,3.472,1.20624818277778,3.472
1.2071215375,3.461,1.20651697027778,3.472,1.20652553611111,3.472
1.20739957361111,3.461,1.20679508222222,3.472,1.20680353333333,3.482
1.20767779527778,3.461,1.20707278111111,3.472,1.20708158777778,3.472
1.20795567777778,3.461,1.20735030277778,3.472,1.20735935611111,3.472
1.20823359805556,3.461,1.20762868027778,3.472,1.20763714805556,3.472
1.20851122527778,3.461,1.20790614277778,3.472,1.20791521694444,3.472
1.2087891025,3.461,1.20818407527778,3.472,1.20819333222222,3.472
1.20906680972222,3.461,1.20846186111111,3.482,1.20847116305556,3.482
1.20934503138889,3.461,1.20873987388889,3.472,1.20874872722222,3.472
1.20962304861111,3.461,1.20901759,3.472,1.20902669611111,3.482
1.20990109694444,3.461,1.20929539944444,3.472,1.20930412833333,3.472
1.21017882527778,3.461,1.20957345944444,3.472,1.209582325,3.482
1.2104568575,3.461,1.20985076027778,3.472,1.20986042388889,3.482
1.21073476611111,3.461,1.21012900666667,3.472,1.21013843805556,3.482
1.21101270916667,3.461,1.21040674166667,3.482,1.21041613166667,3.472
1.21129006611111,3.461,1.21068437638889,3.472,1.21069390194444,3.482
1.21156800305556,3.461,1.21096190083333,3.482,1.21097175694444,3.472
1.21184562805556,3.461,1.21123993388889,3.472,1.21124974027778,3.472
1.21212381555556,3.461,1.2115180525,3.472,1.21152734138889,3.472
1.21240155916667,3.461,1.21179554694444,3.472,1.21180532583333,3.482
1.21267967027778,3.461,1.21207367861111,3.472,1.2120831125,3.482
1.21295702638889,3.461,1.212351485,3.472,1.21236065083333,3.472
1.21323514416667,3.461,1.21262926222222,3.472,1.21263864638889,3.472
1.2135132,3.461,1.21290692888889,3.472,1.21291677277778,3.472
1.21379091,3.461,1.21318484333333,3.472,1.21319448055556,3.472
1.21406871666667,3.461,1.21346244611111,3.472,1.213472055,3.472
1.21434677694444,3.461,1.21374045861111,3.472,1.21375008583333,3.472
1.21462454583333,3.461,1.21401847111111,3.472,1.21402757583333,3.482
1.214902745,3.461,1.21429602861111,3.472,1.21430525166667,3.472
1.21518052416667,3.461,1.21457429027778,3.472,1.21458337333333,3.472
1.2154581075,3.461,1.21485183,3.472,1.21486120583333,3.482
1.21573614333333,3.461,1.21512978111111,3.482,1.2151389475,3.472
1.21601381861111,3.461,1.21540758888889,3.472,1.21541659472222,3.472
1.21629152583333,3.461,1.21568535666667,3.472,1.21569448444444,3.482
1.21656938666667,3.461,1.21596322555556,3.482,1.215972115,3.472
1.21684732944444,3.461,1.21624120333333,3.472,1.21625003833333,3.472
1.21712523472222,3.461,1.21651891527778,3.472,1.21652772388889,3.472
1.21740285166667,3.461,1.2167968,3.472,1.21680577888889,3.472
1.21768067277778,3.461,1.21707432055556,3.472,1.21708344555556,3.472
1.21795885416667,3.461,1.21735247555556,3.472,1.21736164722222,3.472
1.21823642083333,3.461,1.2176302825,3.472,1.2176392775,3.472
1.21851425388889,3.461,1.21790791166667,3.472,1.21791717611111,3.482
1.21879244027778,3.461,1.21818594194444,3.472,1.21819489166667,3.482
1.21907013638889,3.461,1.21846346722222,3.472,1.21847289722222,3.482
1.21934769833333,3.461,1.21874151444444,3.472,1.21875091138889,3.472
1.21962584666667,3.461,1.21901966472222,3.472,1.21902850194444,3.482
1.21990379861111,3.461,1.21929751,3.482,1.21930631638889,3.482
1.22018145694444,3.461,1.21957537111111,3.472,1.21958407138889,3.482
1.22045961833333,3.461,1.21985371666667,3.472,1.21986193611111,3.472
1.22073755583333,3.461,1.22013129222222,3.472,1.2201396275,3.472
1.22101551694444,3.461,1.22040900583333,3.472,1.22041752638889,3.472
1.22129361055556,3.461,1.22068707583333,3.472,1.22069546694444,3.472
1.22157134027778,3.461,1.22096517611111,3.472,1.2209732025,3.482
1.22184906416667,3.461,1.22124293472222,3.472,1.22125099166667,3.482
1.22212683222222,3.461,1.22152084388889,3.482,1.2215289425,3.472
1.22240485972222,3.461,1.22179851333333,3.472,1.22180652194444,3.482
1.2226825125,3.461,1.22207682583333,3.472,1.22208434722222,3.482
1.22296033861111,3.461,1.22235453305556,3.472,1.22236257805556,3.472
1.22323844194444,3.461,1.22263221916667,3.472,1.22264018055556,3.472
1.22351604638889,3.461,1.22291002722222,3.472,1.22291830444444,3.472
1.22379427388889,3.461,1.22318771111111,3.482,1.22319617444444,3.472
1.22407221444444,3.461,1.22346545611111,3.482,1.22347381166667,3.482
1.22434986083333,3.461,1.22374333083333,3.472,1.2237517475,3.472
1.22462774611111,3.461,1.22402080944444,3.482,1.22402966194444,3.482
1.22490574277778,3.461,1.22429903666667,3.482,1.22430757,3.482
1.22518389194444,3.461,1.22457698194444,3.482,1.22458554222222,3.472
1.22546197888889,3.461,1.22485476277778,3.482,1.22486337277778,3.482
1.22573978583333,3.461,1.22513263027778,3.472,1.22514082083333,3.472
1.22601781138889,3.461,1.22541088611111,3.482,1.225418765,3.482
1.226295325,3.461,1.22568893805556,3.482,1.22569662888889,3.482
1.22657372527778,3.461,1.22596677194444,3.472,1.22597438083333,3.482
1.22685147111111,3.461,1.22624422583333,3.472,1.22625224638889,3.482
1.22712935527778,3.461,1.22652217555556,3.472,1.22653009416667,3.472
1.22740718361111,3.461,1.22679994777778,3.472,1.22680800277778,3.482
1.227684715,3.461,1.2270778975,3.482,1.22708615,3.482
1.22796257666667,3.461,1.22735556638889,3.472,1.22736404111111,3.472
1.22824073222222,3.461,1.22763303527778,3.472,1.22764157972222,3.482
1.22851863277778,3.461,1.22791133138889,3.472,1.22791955777778,3.482
1.22879614916667,3.461,1.22818960333333,3.472,1.2281975125,3.482
1.22907427888889,3.461,1.22846758055556,3.482,1.22847567416667,3.472
1.22935222138889,3.461,1.22874509305556,3.482,1.228753265,3.482
1.22963020166667,3.461,1.22902339805556,3.472,1.22903121,3.482
1.22990788055556,3.461,1.22930155916667,3.472,1.22930929694444,3.482
1.23018610305556,3.461,1.22957918222222,3.482,1.22958724611111,3.482
1.23046384861111,3.461,1.22985665444444,3.472,1.22986484722222,3.482
1.23074142361111,3.461,1.23013517222222,3.482,1.23014254361111,3.482
1.23101939305556,3.461,1.230412845,3.472,1.23042067416667,3.482
1.23129702527778,3.461,1.23069054805556,3.482,1.2306985075,3.482
1.23157496611111,3.461,1.23096866277778,3.482,1.23097663472222,3.482
1.23185291361111,3.461,1.23124630472222,3.472,1.23125447333333,3.482
1.23213086777778,3.461,1.23152380444444,3.482,1.23153219888889,3.482
1.23240835972222,3.461,1.23180187805556,3.482,1.231810185,3.482
1.23268629388889,3.461,1.23207990777778,3.472,1.23208805277778,3.482
1.23296396083333,3.461,1.23235790333333,3.472,1.23236605666667,3.482
1.23324182694444,3.461,1.23263553583333,3.472,1.2326436525,3.482
1.23351957166667,3.461,1.23291345361111,3.472,1.23292156972222,3.472
1.23379732861111,3.461,1.23319101972222,3.482,1.23319935833333,3.482
1.23407521333333,3.461,1.23346879138889,3.472,1.23347715361111,3.472
1.2343526025,3.461,1.23374681222222,3.482,1.23375534472222,3.482
1.23463072111111,3.461,1.23402471305556,3.482,1.23403321305556,3.482
1.23490845277778,3.461,1.23430266138889,3.482,1.23431131638889,3.482
1.23518642027778,3.461,1.23458027666667,3.472,1.23458940861111,3.482
1.2354644775,3.461,1.23485808972222,3.482,1.23486727833333,3.482
1.23574240166667,3.461,1.23513579583333,3.482,1.23514498361111,3.482
1.23602003388889,3.461,1.23541363666667,3.472,1.23542316416667,3.482
1.23629789472222,3.461,1.23569164361111,3.482,1.2357010325,3.482
1.23657553444444,3.461,1.23596959888889,3.472,1.23597883222222,3.472
1.23685346222222,3.461,1.2362472525,3.472,1.23625629861111,3.482
1.2371310675,3.461,1.23652463583333,3.472,1.23653445111111,3.482
1.23740920666667,3.461,1.23680289722222,3.482,1.23681223555556,3.482
1.23768683416667,3.461,1.23708021666667,3.482,1.23708995166667,3.482
1.23796455555556,3.461,1.23735826361111,3.482,1.23736784111111,3.482
1.23824237861111,3.461,1.23763653916667,3.472,1.23764573166667,3.482
1.238520525,3.461,1.23791424583333,3.482,1.23792396361111,3.482
1.23879850305556,3.461,1.2381916225,3.482,1.23820162166667,3.472
1.23907593388889,3.461,1.23846967444444,3.482,1.23847969166667,3.482
1.23935425583333,3.461,1.23874785638889,3.482,1.23875746722222,3.482
1.23963175305556,3.461,1.23902535444444,3.482,1.23903548361111,3.482
1.23990979027778,3.472,1.23930349916667,3.472,1.23931327694444,3.482
1.24018804583333,3.461,1.23958176722222,3.482,1.23959175777778,3.482
1.24046603416667,3.461,1.23985936194444,3.482,1.23986947416667,3.482
1.24074388722222,3.461,1.24013732055556,3.482,1.24014689416667,3.482
1.24102151305556,3.461,1.24041515833333,3.482,1.24042483944444,3.482
1.24129970416667,3.461,1.24069310055556,3.472,1.24070282944444,3.482
1.24157751138889,3.461,1.24097082138889,3.482,1.24098059583333,3.482
1.24185548472222,3.461,1.24124875944444,3.472,1.24125835805556,3.472
1.24213320722222,3.461,1.24152652527778,3.482,1.24153596861111,3.482
1.24241109611111,3.461,1.24180488138889,3.482,1.24181389583333,3.472
1.24268909944444,3.461,1.24208287305556,3.472,1.24209168388889,3.482
1.24296673833333,3.461,1.24236048944444,3.472,1.24236941972222,3.482
1.24324488416667,3.461,1.24263824388889,3.482,1.24264721944444,3.482
1.24352275583333,3.461,1.24291625027778,3.482,1.24292501833333,3.482
1.24380087916667,3.461,1.24319390444444,3.482,1.24320291472222,3.482
1.24407865833333,3.461,1.24347230666667,3.482,1.24348115527778,3.482
1.24435669611111,3.461,1.24375007472222,3.482,1.24375920111111,3.482
1.24463459388889,3.461,1.24402847111111,3.482,1.24403695444444,3.482
1.24491275055556,3.461,1.24430663805556,3.482,1.24431459777778,3.482
1.24519025611111,3.461,1.24458464472222,3.472,1.24459313777778,3.482
1.245468495,3.461,1.24486239722222,3.472,1.24487092555556,3.472
1.24574640527778,3.461,1.24514003916667,3.482,1.24514852166667,3.482
1.24602403111111,3.461,1.24541781722222,3.482,1.24542630222222,3.482
1.24630203027778,3.461,1.24569600333333,3.482,1.24570385638889,3.482
1.24657991694444,3.472,1.24597407777778,3.472,1.24598156805556,3.482
1.24685772666667,3.461,1.24625190055556,3.482,1.24626009583333,3.482
1.24713572611111,3.461,1.24652986055556,3.482,1.24653766611111,3.482
1.24741359833333,3.461,1.24680776333333,3.482,1.24681552027778,3.482
1.24769118555556,3.461,1.24708583861111,3.482,1.2470931925,3.482
1.24796939805556,3.461,1.24736344083333,3.482,1.24737094166667,3.482
1.24824745805556,3.461,1.24764117583333,3.482,1.24764902444444,3.482
1.24852504888889,3.461,1.24791935722222,3.482,1.24792658805556,3.482
1.24880295166667,3.472,1.248197115,3.482,1.24820451055556,3.482
1.24908053888889,3.461,1.24847458888889,3.472,1.24848207583333,3.482
1.24935851666667,3.461,1.24875214777778,3.482,1.2487598275,3.482
1.2496363625,3.461,1.24903026666667,3.482,1.24903777388889,3.482
1.24991436416667,3.461,1.24930837583333,3.482,1.24931568027778,3.482
1.2501925625,3.461,1.24958624638889,3.482,1.24959364222222,3.482
1.25047040583333,3.461,1.24986439166667,3.482,1.24987174,3.482
1.250747865,3.472,1.25014216611111,3.482,1.25014959277778,3.482
1.25102598055556,3.461,1.25042007194444,3.482,1.25042750305556,3.482
1.25130388472222,3.461,1.25069764277778,3.482,1.25070532916667,3.482
1.25158158805556,3.461,1.25097569666667,3.482,1.25098321527778,3.482
1.25185939222222,3.461,1.25125326583333,3.482,1.25126115527778,3.482
1.25213698944444,3.461,1.25153184055556,3.482,1.25153906611111,3.482
1.25241525944444,3.461,1.25180943694444,3.482,1.2518173225,3.482
1.252693085,3.461,1.25208708194444,3.482,1.25209493916667,3.482
1.25297076722222,3.461,1.25236498777778,3.482,1.25237319638889,3.482
1.25324886166667,3.461,1.25264280722222,3.482,1.25265082,3.482
1.25352662888889,3.461,1.25292060611111,3.482,1.25292849527778,3.482
1.25380443472222,3.472,1.25319827111111,3.482,1.25320622555556,3.482
1.25408228444444,3.461,1.25347604416667,3.482,1.2534838125,3.482
1.25436006583333,3.461,1.25375371444444,3.482,1.2537616975,3.482
1.25463808527778,3.461,1.25403204111111,3.482,1.25403942916667,3.482
1.25491584555556,3.461,1.25430943833333,3.482,1.25431715166667,3.482
1.25519343222222,3.461,1.25458775111111,3.482,1.25459556361111,3.482
1.25547128111111,3.461,1.2548656825,3.482,1.25487324194444,3.482
1.25574917527778,3.461,1.25514341638889,3.482,1.25515114055556,3.482
1.25602718305556,3.461,1.25542137138889,3.482,1.2554285125,3.482
1.25630473083333,3.472,1.25569941638889,3.482,1.25570692333333,3.482
1.25658301222222,3.461,1.25597727805556,3.482,1.25598512611111,3.482
1.25686088111111,3.461,1.25625476611111,3.482,1.25626254194444,3.482
1.25713867388889,3.472,1.25653288444444,3.482,1.25654063638889,3.482
1.25741669888889,3.461,1.25681092361111,3.482,1.25681812055556,3.482
1.25769428111111,3.461,1.25708913111111,3.482,1.2570963325,3.482
1.25797225944444,3.472,1.257367015,3.482,1.25737411916667,3.482
1.25825023666667,3.461,1.25764456944444,3.482,1.25765202333333,3.482
1.25852842972222,3.461,1.25792261111111,3.482,1.25793006472222,3.482
1.25880627861111,3.461,1.25820027555556,3.482,1.25820749638889,3.482
1.2590842475,3.461,1.25847819777778,3.482,1.25848552,3.482
1.25936222194444,3.461,1.25875570416667,3.482,1.25876336944444,3.482
1.25964014861111,3.461,1.2590333225,3.482,1.25904130916667,3.482
1.25991803138889,3.461,1.25931112333333,3.482,1.25931919027778,3.482
1.26019556416667,3.461,1.25958909138889,3.482,1.25959675583333,3.482
1.26047382333333,3.461,1.2598670525,3.482,1.25987453805556,3.482
1.26075173166667,3.461,1.26014492305556,3.482,1.26015210055556,3.482
1.26102983277778,3.461,1.26042283055556,3.482,1.26043028111111,3.482
1.26130761111111,3.472,1.2607008575,3.482,1.26070819888889,3.482
1.26158558333333,3.461,1.260978645,3.482,1.26098617388889,3.482
1.26186305555556,3.472,1.26125675611111,3.482,1.26126390416667,3.482
1.26214105611111,3.461,1.26153430888889,3.482,1.26154171833333,3.482
1.26241870666667,3.461,1.26181206833333,3.482,1.26181943972222,3.482
1.26269689166667,3.461,1.26209008444444,3.482,1.262097435,3.482
1.26297460833333,3.461,1.26236746555556,3.482,1.26237513944444,3.482
1.26325299222222,3.461,1.26264589583333,3.482,1.26265346666667,3.482
1.26353075777778,3.472,1.26292375222222,3.482,1.26293143305556,3.482
1.26380861861111,3.461,1.26320107111111,3.482,1.26320884611111,3.482
1.26408651555556,3.472,1.26347920944444,3.482,1.2634870025,3.482
1.26436430833333,3.472,1.26375691861111,3.482,1.26376488555556,3.482
1.26464246611111,3.461,1.2640346,3.482,1.26404247083333,3.482
1.26492006527778,3.461,1.26431272111111,3.482,1.26432062222222,3.482
1.26519792944444,3.472,1.26459099944444,3.482,1.26459884416667,3.482
1.26547564805556,3.461,1.26486852916667,3.482,1.26487687083333,3.482
1.26575348416667,3.461,1.26514654194444,3.482,1.26515463055556,3.482
1.26603167222222,3.461,1.26542452388889,3.482,1.26543210083333,3.482
1.26630968444444,3.461,1.26570237972222,3.482,1.26571033916667,3.482
1.2665874575,3.461,1.26598045583333,3.482,1.26598869,3.482
1.26686540444444,3.472,1.26625834027778,3.482,1.26626614777778,3.482
1.26714303861111,3.461,1.26653652333333,3.482,1.26654406861111,3.482
1.26742094277778,3.461,1.26681419611111,3.482,1.26682183527778,3.482
1.26769902916667,3.472,1.26709207944444,3.482,1.26709972527778,3.482
1.26797694888889,3.461,1.26736989027778,3.482,1.26737757027778,3.482
1.26825501361111,3.461,1.26764794388889,3.482,1.26765569277778,3.482
1.26853281638889,3.461,1.26792600916667,3.482,1.26793325166667,3.482
1.2688106375,3.461,1.2682038125,3.482,1.26821163194444,3.482
1.26908891611111,3.461,1.26848174527778,3.482,1.26848951416667,3.482
1.26936689416667,3.472,1.26875967361111,3.482,1.26876731,3.482
1.26964463194444,3.461,1.26903777611111,3.482,1.26904518861111,3.482
1.26992253055556,3.472,1.26931545583333,3.482,1.26932302194444,3.482
1.27020013388889,3.472,1.26959326055556,3.482,1.26960086138889,3.482
1.27047799444444,3.461,1.26987144694444,3.482,1.26987879222222,3.482
1.27075588888889,3.472,1.27014923194444,3.482,1.27015638388889,3.482
1.27103340222222,3.472,1.27042691555556,3.482,1.27043466388889,3.482
1.27131161388889,3.472,1.27070520083333,3.482,1.27071299138889,3.482
1.27158945805556,3.472,1.27098305055556,3.482,1.270990985,3.482
1.27186753694444,3.472,1.27126066194444,3.482,1.27126855694444,3.482
1.27214550111111,3.461,1.27153861444444,3.482,1.27154680555556,3.482
1.27242340305556,3.472,1.27181645472222,3.482,1.27182445027778,3.482
1.27270097222222,3.472,1.27209420555556,3.482,1.27210247916667,3.482
1.27297868027778,3.472,1.27237200277778,3.482,1.27238067611111,3.482
1.27325620305556,3.472,1.27265000361111,3.482,1.27265890916667,3.482
1.27353442805556,3.472,1.27292778833333,3.482,1.27293693972222,3.482
1.27381201555556,3.461,1.27320571138889,3.482,1.27321493833333,3.482
1.27408961,3.461,1.27348378027778,3.482,1.27349262583333,3.482
1.27436765416667,3.472,1.27376176527778,3.482,1.27377045027778,3.482
1.27464534111111,3.472,1.27403937222222,3.482,1.27404851611111,3.482
1.27492312083333,3.472,1.27431749111111,3.482,1.27432621916667,3.482
1.27520098611111,3.472,1.27459573944444,3.482,1.27460438027778,3.482
1.27547865972222,3.472,1.27487312194444,3.482,1.2748822775,3.482
1.27575661722222,3.472,1.27515139166667,3.482,1.27516002861111,3.482
1.27603429888889,3.472,1.2754292575,3.482,1.27543779972222,3.482
1.27631207805556,3.472,1.27570665333333,3.482,1.27571581833333,3.482
1.27658994472222,3.472,1.27598460055556,3.482,1.275993865,3.482
1.2768677875,3.461,1.27626249138889,3.482,1.27627165666667,3.482
1.2771455225,3.472,1.27654055805556,3.482,1.27654980388889,3.482
1.27742320138889,3.461,1.27681883388889,3.482,1.27682727611111,3.482
1.27770103861111,3.472,1.27709643222222,3.482,1.27710544972222,3.482
1.27797949888889,3.472,1.27737424972222,3.482,1.27738305722222,3.482
1.27825731638889,3.472,1.2776522625,3.482,1.2776609875,3.482
1.27853524611111,3.472,1.27793019416667,3.482,1.27793899916667,3.482
1.27881302583333,3.472,1.27820779944444,3.482,1.27821699388889,3.482
1.27909083194444,3.461,1.27848574666667,3.482,1.27849440638889,3.482
1.2793689225,3.472,1.27876364638889,3.482,1.27877239583333,3.482
1.2796463375,3.472,1.27904169972222,3.482,1.279050635,3.482
1.27992394777778,3.472,1.27931961305556,3.482,1.27932834,3.482
1.28020213833333,3.461,1.27959739388889,3.482,1.27960605555556,3.482
1.2804802925,3.472,1.27987543527778,3.482,1.27988377055556,3.482
1.28075795083333,3.472,1.28015271722222,3.482,1.28016169555556,3.482
1.28103587305556,3.472,1.28043120694444,3.482,1.28043952527778,3.482
1.28131362888889,3.472,1.28070874777778,3.482,1.28071711666667,3.482
1.28159164166667,3.472,1.28098682777778,3.482,1.28099489527778,3.482
1.28186924666667,3.461,1.28126454166667,3.482,1.28127275916667,3.482
1.28214708555556,3.472,1.28154275361111,3.482,1.28155081916667,3.482
1.28242514666667,3.472,1.281820605,3.482,1.28182829111111,3.482
1.28270291305556,3.472,1.28209824583333,3.482,1.28210686,3.482
1.282980785,3.461,1.28237588777778,3.482,1.28238460194444,3.482
1.28325842138889,3.472,1.28265387944444,3.482,1.28266267916667,3.482
1.28353666722222,3.472,1.28293181916667,3.482,1.28294040694444,3.482
1.283814235,3.472,1.28320967333333,3.482,1.28321825527778,3.482
1.28409203444444,3.472,1.28348749472222,3.482,1.28349605555556,3.482
1.284370075,3.472,1.28376523277778,3.482,1.28377404916667,3.482
1.28464830805556,3.472,1.28404315583333,3.482,1.28405264055556,3.482
1.28492564111111,3.472,1.28432098361111,3.482,1.28433008472222,3.482
1.28520382388889,3.472,1.28459853277778,3.482,1.28460817388889,3.482
1.28548146055556,3.472,1.28487649444444,3.482,1.28488596277778,3.482
1.28575937638889,3.472,1.28515415916667,3.482,1.28516357388889,3.482
1.28603715638889,3.461,1.28543243444444,3.482,1.28544148527778,3.482
1.28631463583333,3.472,1.28571022861111,3.482,1.28571945,3.482
1.28659256916667,3.472,1.28598817111111,3.482,1.28599739694444,3.482
1.28687076527778,3.472,1.28626586055556,3.482,1.28627497472222,3.482
1.28714880222222,3.472,1.28654365277778,3.482,1.28655275055556,3.482
1.28742678694444,3.472,1.28682151638889,3.482,1.286830605,3.482
1.2877048225,3.472,1.28709959888889,3.482,1.28710861555556,3.482
1.28798254305556,3.472,1.28737769222222,3.482,1.28738662583333,3.492
1.28826052222222,3.472,1.28765570444444,3.482,1.28766452555556,3.482
1.28853841944444,3.472,1.28793342222222,3.482,1.28794220527778,3.482
1.28881654055556,3.472,1.28821111888889,3.482,1.28822037916667,3.482
1.28909427833333,3.472,1.28848937805556,3.482,1.28849808444444,3.482
1.2893724925,3.472,1.28876698666667,3.482,1.28877580527778,3.482
1.2896500225,3.472,1.28904495972222,3.482,1.28905349583333,3.482
1.28992799111111,3.472,1.28932281805556,3.482,1.28933144888889,3.482
1.29020592027778,3.472,1.28960085277778,3.482,1.28960939444444,3.482
1.29048402638889,3.472,1.28987933527778,3.482,1.28988730527778,3.482
1.29076171305556,3.472,1.29015710027778,3.482,1.29016470972222,3.482
1.29103953611111,3.472,1.2904348675,3.482,1.29044281916667,3.482
1.29131766611111,3.472,1.2907129125,3.482,1.290720545,3.482
1.29159546916667,3.472,1.29099025305556,3.482,1.29099879083333,3.482
1.29187292444444,3.472,1.29126841,3.482,1.29127648777778,3.482
1.29215106555556,3.472,1.29154628583333,3.482,1.29155431388889,3.482
1.29242870972222,3.472,1.29182357555556,3.482,1.29183246,3.482
1.29270652416667,3.461,1.29210151888889,3.482,1.29211064583333,3.482
1.29298421833333,3.472,1.29237937694444,3.482,1.29238848138889,3.482
1.29326223416667,3.472,1.29265731472222,3.482,1.29266665055556,3.482
1.29353999361111,3.472,1.29293488194444,3.482,1.29294480583333,3.482
1.29381731305556,3.472,1.29321296666667,3.482,1.29322211472222,3.482
1.29409556944444,3.472,1.29349069333333,3.482,1.29350031722222,3.482
1.29437353694444,3.472,1.29376873305556,3.482,1.29377847027778,3.482
1.29465166166667,3.472,1.29404650333333,3.482,1.29405617027778,3.482
1.29492948055556,3.472,1.29432384055556,3.482,1.29433384138889,3.482
1.2952072425,3.472,1.29460204805556,3.482,1.29461180583333,3.482
1.29548542388889,3.472,1.29487969555556,3.482,1.29488937222222,3.482
1.29576334611111,3.472,1.29515798277778,3.482,1.29516723416667,3.482
1.2960408175,3.472,1.29543547222222,3.482,1.29544558222222,3.482
1.29631894944444,3.472,1.29571366805556,3.482,1.29572339222222,3.482
1.29659679194444,3.472,1.29599158444444,3.482,1.29600082222222,3.492
1.29687450055556,3.472,1.296269735,3.482,1.29627924472222,3.482
1.29715236416667,3.472,1.29654758972222,3.482,1.29655718194444,3.482
1.2974298125,3.472,1.29682572361111,3.482,1.29683493805556,3.482
1.29770837722222,3.472,1.29710334333333,3.482,1.29711301555556,3.482
1.29798589083333,3.472,1.29738106944444,3.482,1.29739083083333,3.482
1.29826385055556,3.472,1.29765904916667,3.482,1.29766875611111,3.482
1.29854134388889,3.472,1.29793730583333,3.482,1.29794657972222,3.492
1.29881901055556,3.472,1.298215445,3.482,1.29822437222222,3.482
1.29909702055556,3.472,1.29849328055556,3.482,1.29850234083333,3.482
1.29937498166667,3.472,1.29877092694444,3.482,1.29878035944444,3.482
1.29965242805556,3.472,1.29904895666667,3.482,1.29905812777778,3.482
1.29993049305556,3.472,1.29932671833333,3.482,1.29933572166667,3.482
1.30020845277778,3.472,1.29960438833333,3.482,1.29961378972222,3.482
1.300486435,3.472,1.29988261361111,3.482,1.29989201166667,3.482
1.30076428777778,3.472,1.30016038305556,3.482,1.30016959666667,3.482
1.30104246916667,3.472,1.30043820777778,3.482,1.3004475375,3.482
1.30131983861111,3.472,1.300715845,3.482,1.3007254525,3.482
1.30159818944444,3.472,1.30099406472222,3.482,1.30100318333333,3.482
1.30187633861111,3.472,1.30127158583333,3.482,1.301281135,3.482
1.30215402722222,3.472,1.30154950861111,3.482,1.30155922361111,3.482
1.30243158833333,3.472,1.301827155,3.482,1.30183709722222,3.482
1.30270976194444,3.472,1.3021052525,3.482,1.30211463972222,3.482
1.30298727777778,3.472,1.30238334555556,3.482,1.30239270972222,3.482
1.30326515305556,3.472,1.30266129472222,3.482,1.3026706175,3.482
1.30354322333333,3.472,1.30293913805556,3.482,1.30294823805556,3.482
1.30382078833333,3.472,1.30321726444444,3.482,1.30322598361111,3.482
1.30409871805556,3.472,1.30349469277778,3.482,1.30350402527778,3.482
1.30437684638889,3.472,1.30377306,3.482,1.30378209055556,3.492
1.30465476055556,3.472,1.30405086166667,3.482,1.30405974638889,3.492
1.30493237527778,3.472,1.30432880055556,3.492,1.30433796444444,3.482
1.30521016527778,3.472,1.30460667388889,3.482,1.30461574805556,3.482
1.30548835694444,3.472,1.30488475388889,3.482,1.30489321083333,3.482
1.30576598861111,3.472,1.30516279416667,3.482,1.30517126944444,3.482
1.30604371,3.472,1.30544073472222,3.482,1.30544928,3.482
1.30632186277778,3.472,1.30571830388889,3.482,1.30572721027778,3.482
1.30659971305556,3.472,1.30599650333333,3.482,1.30600481611111,3.492
1.30687706333333,3.472,1.30627434833333,3.482,1.30628256333333,3.492
1.30715519861111,3.472,1.30655217472222,3.482,1.30656043916667,3.482
1.30743286583333,3.472,1.30682998944444,3.482,1.30683864388889,3.482
1.30771081805556,3.472,1.30710795333333,3.482,1.307116105,3.482
1.30798848138889,3.472,1.30738602027778,3.482,1.30739423805556,3.482
1.30826627027778,3.472,1.30766373611111,3.492,1.3076722825,3.482
1.30854444611111,3.472,1.30794115166667,3.482,1.30794990666667,3.482
1.3088220525,3.472,1.30821912388889,3.492,1.308227835,3.482
1.30910024277778,3.472,1.30849765138889,3.482,1.3085056125,3.492
1.30937842277778,3.472,1.30877540972222,3.482,1.30878344694444,3.492
1.3096563575,3.472,1.30905343916667,3.482,1.30906126916667,3.492
1.30993409166667,3.472,1.30933117666667,3.482,1.30933927222222,3.482
1.310211705,3.472,1.30960888694444,3.482,1.30961719361111,3.492
1.310489735,3.472,1.30988652222222,3.482,1.30989482833333,3.482
1.31076724611111,3.472,1.31016451833333,3.482,1.31017314611111,3.482
1.31104548388889,3.472,1.31044217527778,3.482,1.31045127333333,3.482
1.31132317722222,3.472,1.31071993777778,3.482,1.31072931527778,3.492
1.31160096027778,3.472,1.31099794472222,3.482,1.31100736694444,3.492
1.31187892,3.472,1.31127526833333,3.482,1.31128510055556,3.492
1.3121566975,3.472,1.31155332555556,3.482,1.31156317638889,3.482
1.31243473305556,3.472,1.31183107305556,3.482,1.31184102694444,3.482
1.31271267638889,3.472,1.31210937694444,3.482,1.31211887861111,3.492
1.31299057472222,3.472,1.31238741222222,3.482,1.31239669472222,3.492
1.31326852,3.472,1.31266526166667,3.492,1.31267458,3.492
1.31354641138889,3.472,1.31294323222222,3.482,1.31295243138889,3.482
1.31382402555556,3.472,1.313220925,3.482,1.31323065305556,3.492
1.31410201305556,3.472,1.31349864888889,3.492,1.31350840444444,3.492
1.31437967222222,3.472,1.31377603027778,3.482,1.31378607833333,3.482
1.31465755333333,3.472,1.314054265,3.482,1.31406370777778,3.492
1.31493558972222,3.472,1.31433240916667,3.482,1.31434171694444,3.492
1.315213175,3.472,1.31461042611111,3.482,1.31461944944444,3.492
1.3154910025,3.472,1.31488810944444,3.482,1.31489732527778,3.492
1.31576874305556,3.472,1.31516579611111,3.482,1.31517497861111,3.492
1.31604634777778,3.472,1.31544384055556,3.482,1.31545308805556,3.492
1.31632433861111,3.472,1.31572158861111,3.482,1.31573095944444,3.492
1.31660250611111,3.472,1.31599950805556,3.492,1.31600879972222,3.492
1.31688032388889,3.472,1.31627719583333,3.482,1.31628663805556,3.492
1.31715796305556,3.472,1.31655464805556,3.482,1.31656414777778,3.492
1.31743566805556,3.472,1.31683325388889,3.482,1.31684228305556,3.492
1.31771371388889,3.472,1.31711095222222,3.492,1.31712036916667,3.492
1.31799158944444,3.472,1.31738878777778,3.482,1.31739793305556,3.492
1.31826926166667,3.472,1.31766662055556,3.482,1.31767592527778,3.492
1.31854722138889,3.472,1.31794456833333,3.482,1.31795395361111,3.492
1.31882518472222,3.472,1.31822254472222,3.482,1.31823137472222,3.492
1.31910292027778,3.472,1.31850041166667,3.492,1.31850940527778,3.492
1.31938062361111,3.472,1.31877835916667,3.482,1.31878717027778,3.492
1.31965844472222,3.472,1.31905628305556,3.482,1.31906500666667,3.492
1.31993646361111,3.472,1.31933395083333,3.482,1.31934263333333,3.492
1.32021445777778,3.472,1.31961190638889,3.492,1.31962065611111,3.492
1.32049230527778,3.472,1.31989004361111,3.482,1.31989822638889,3.492
1.32077030305556,3.472,1.32016796861111,3.482,1.32017654833333,3.492
1.32104794222222,3.472,1.32044543,3.482,1.32045455972222,3.492
1.32132626666667,3.472,1.32072317611111,3.492,1.32073262888889,3.492
1.32160399888889,3.472,1.32100109388889,3.492,1.32101036027778,3.492
1.32188215944444,3.472,1.32127927555556,3.482,1.32128803083333,3.492
1.3221597525,3.472,1.3215567675,3.482,1.32156619805556,3.492
1.32243780472222,3.472,1.32183491138889,3.482,1.32184423916667,3.492
1.32271583583333,3.482,1.32211289277778,3.482,1.32212198916667,3.492
1.32299338805556,3.472,1.32239030638889,3.482,1.32239961388889,3.482
1.32327139666667,3.472,1.32266832166667,3.492,1.3226773225,3.492
1.32354936166667,3.472,1.32294607944444,3.482,1.32295517222222,3.492
1.32382721055556,3.472,1.32322417555556,3.482,1.32323289277778,3.492
1.32410501888889,3.472,1.32350207277778,3.492,1.32351045777778,3.492
1.32438316805556,3.472,1.32378020222222,3.482,1.32378868222222,3.492
1.32466069138889,3.472,1.32405810166667,3.492,1.32406652,3.492
1.32493861305556,3.472,1.32433621222222,3.482,1.32434452527778,3.492
1.32521647611111,3.472,1.32461386916667,3.492,1.32462223222222,3.492
1.325494445,3.472,1.32489177611111,3.492,1.3249000425,3.492
1.32577207527778,3.472,1.3251695025,3.492,1.32517838722222,3.492
1.32605003666667,3.472,1.32544713138889,3.492,1.32545602944444,3.492
1.32632819277778,3.482,1.32572486722222,3.482,1.32573373972222,3.492
1.32660568388889,3.472,1.32600287,3.492,1.32601138861111,3.492
1.32688387222222,3.472,1.32628052,3.482,1.32628952638889,3.492
1.32716121166667,3.472,1.32655876166667,3.492,1.32656739916667,3.492
1.32743945055556,3.472,1.32683666694444,3.492,1.32684519222222,3.492
1.32771695083333,3.482,1.32711451861111,3.482,1.32712336361111,3.492
1.32799497805556,3.482,1.32739230361111,3.492,1.32740121472222,3.492
1.32827248222222,3.472,1.3276701625,3.492,1.32767916138889,3.492
1.32855064361111,3.472,1.32794790555556,3.482,1.32795694888889,3.492
1.32882829944444,3.472,1.32822573666667,3.492,1.32823464333333,3.492
1.32910610333333,3.472,1.32850327694444,3.492,1.32851261222222,3.492
1.329384285,3.472,1.32878122472222,3.492,1.32879021638889,3.492
1.32966250416667,3.482,1.32905896055556,3.492,1.32906814166667,3.492
1.32994028861111,3.472,1.3293365825,3.492,1.32934612055556,3.492
1.33021803444444,3.482,1.32961450361111,3.482,1.32962381138889,3.492
1.33049543277778,3.472,1.32989222333333,3.482,1.32990160305556,3.492
1.33077311,3.472,1.33017012166667,3.482,1.33017938611111,3.492
1.33105160722222,3.472,1.33044787055556,3.492,1.33045720666667,3.492
1.33132930194444,3.472,1.33072549861111,3.492,1.33073530888889,3.492
1.33160699111111,3.472,1.33100349611111,3.492,1.33101307611111,3.492
1.331884745,3.472,1.33128165611111,3.492,1.33129088555556,3.492
1.33216276111111,3.482,1.33155959111111,3.492,1.33156856555556,3.492
1.33244055805556,3.472,1.33183716805556,3.492,1.33184670888889,3.492
1.33271865333333,3.482,1.33211492583333,3.492,1.33212483611111,3.492
1.33299641055556,3.472,1.33239319777778,3.482,1.33240210472222,3.492
1.33327435444444,3.472,1.33267077305556,3.492,1.33268021472222,3.492
1.33355249166667,3.472,1.33294891611111,3.492,1.33295797111111,3.492
1.33383056888889,3.472,1.33322635027778,3.482,1.33323592777778,3.492
1.33410846277778,3.472,1.33350435416667,3.482,1.33351374361111,3.492
1.33438622138889,3.472,1.33378203138889,3.482,1.33379135111111,3.492
1.33466421805556,3.482,1.33405986277778,3.492,1.334069415,3.492
1.33494212638889,3.472,1.33433769777778,3.482,1.33434708527778,3.492
1.33522003694444,3.482,1.3346156225,3.492,1.33462505277778,3.492
1.33549770722222,3.472,1.33489347305556,3.492,1.33490283583333,3.492
1.33577579833333,3.472,1.3351711025,3.492,1.33518045027778,3.492
1.33605359611111,3.482,1.33544902527778,3.492,1.33545815277778,3.492
1.33633149555556,3.472,1.33572672333333,3.492,1.33573619583333,3.492
1.33660941305556,3.482,1.33600496916667,3.482,1.33601377861111,3.492
1.33688732805556,3.482,1.33628315472222,3.482,1.33629173916667,3.492
1.33716515944444,3.472,1.33656079333333,3.492,1.33656935694444,3.492
1.33744331805556,3.482,1.3368387775,3.492,1.33684712027778,3.492
1.33772112055556,3.472,1.33711637194444,3.492,1.33712507222222,3.492
1.33799901944444,3.472,1.33739463027778,3.492,1.33740327222222,3.492
1.33827705694444,3.482,1.33767221833333,3.492,1.33768127666667,3.492
1.33855485527778,3.482,1.33795018138889,3.492,1.337959465,3.492
1.33883272944444,3.482,1.33822819583333,3.492,1.33823698944444,3.492
1.33911035472222,3.482,1.33850613388889,3.492,1.33851520194444,3.492
1.33938839416667,3.482,1.33878419777778,3.492,1.33879315138889,3.492
1.33966681305556,3.482,1.33906220888889,3.482,1.33907052805556,3.492
1.3399443475,3.472,1.33934031555556,3.492,1.33934858111111,3.492
1.34022249416667,3.472,1.33961827472222,3.492,1.33962646055556,3.492
1.34049991527778,3.482,1.33989613944444,3.482,1.33990441333333,3.492
1.34077783166667,3.482,1.34017405972222,3.492,1.34018229972222,3.492
1.34105573361111,3.472,1.34045210861111,3.492,1.34045989388889,3.492
1.34133345,3.482,1.34072987805556,3.492,1.34073786972222,3.492
1.34161125194444,3.482,1.34100764277778,3.492,1.34101565694444,3.492
1.34188893916667,3.482,1.34128548194444,3.492,1.34129370027778,3.492
1.34216688777778,3.482,1.34156337611111,3.492,1.34157159138889,3.492
1.34244495416667,3.482,1.34184094805556,3.492,1.34184951972222,3.492
1.34272241916667,3.472,1.34211911361111,3.482,1.34212714027778,3.492
1.34300025166667,3.472,1.34239708472222,3.492,1.34240494916667,3.492
1.34327816416667,3.472,1.34267500083333,3.492,1.34268316277778,3.492
1.34355629444444,3.482,1.34295269083333,3.492,1.3429609225,3.492
1.34383391583333,3.482,1.34323069972222,3.492,1.34323842194444,3.492
1.34411145527778,3.482,1.34350880194444,3.492,1.34351638222222,3.492
1.34438989472222,3.472,1.3437864725,3.492,1.34379380916667,3.492
1.34466769194444,3.482,1.34406436388889,3.492,1.34407183666667,3.492
1.34494509416667,3.482,1.34434231111111,3.492,1.34434972111111,3.492
1.34522296416667,3.482,1.34462006055556,3.492,1.34462710861111,3.492
1.34550132777778,3.482,1.34489780611111,3.492,1.34490515361111,3.492
1.34577895805556,3.482,1.34517542972222,3.492,1.34518288388889,3.492
1.34605723916667,3.482,1.34545327027778,3.492,1.34546094472222,3.492
1.34633479055556,3.482,1.34573102916667,3.492,1.34573850194444,3.492
1.34661301388889,3.482,1.34600899027778,3.492,1.3460165075,3.492
1.34689066527778,3.482,1.34628637583333,3.492,1.34629435222222,3.492
1.34716839916667,3.482,1.3465644975,3.492,1.34657213527778,3.492
1.34744590944444,3.482,1.34684239472222,3.492,1.34685036972222,3.492
1.34772405638889,3.482,1.34712005305556,3.492,1.34712781611111,3.492
1.34800222833333,3.482,1.34739782944444,3.492,1.34740586,3.492
1.34827986777778,3.482,1.34767527611111,3.492,1.34768402472222,3.492
1.34855775944444,3.482,1.34795318416667,3.492,1.34796188722222,3.492
1.34883546277778,3.482,1.34823145777778,3.492,1.3482396775,3.492
1.34911353805556,3.482,1.34850906333333,3.492,1.34851772638889,3.492
1.34939119638889,3.482,1.34878692722222,3.492,1.34879568527778,3.492
1.34966931055556,3.482,1.349064825,3.492,1.34907372388889,3.492
1.34994730472222,3.482,1.34934274555556,3.492,1.34935128361111,3.492
1.35022490055556,3.482,1.349620915,3.492,1.34962914972222,3.492
1.35050282694444,3.482,1.34989825166667,3.492,1.3499068725,3.492
1.35078032638889,3.482,1.35017633694444,3.492,1.35018461944444,3.492
1.35105811972222,3.482,1.35045435666667,3.492,1.35046262194444,3.492
1.3513362525,3.482,1.35073213416667,3.492,1.350740075,3.492
1.35161400916667,3.482,1.35100998916667,3.492,1.35101795222222,3.492
1.35189200527778,3.482,1.35128807083333,3.492,1.35129597472222,3.492
1.35217003861111,3.482,1.35156610583333,3.492,1.35157380666667,3.492
1.35244790166667,3.482,1.35184396777778,3.492,1.35185172361111,3.492
1.35272585361111,3.482,1.35212181361111,3.492,1.35212967972222,3.492
1.35300382666667,3.482,1.352399695,3.492,1.35240753638889,3.492
1.35328156111111,3.482,1.35267741527778,3.492,1.35268511833333,3.492
1.35355907472222,3.482,1.35295529472222,3.492,1.35296300694444,3.492
1.35383706416667,3.482,1.35323350222222,3.492,1.35324083416667,3.492
1.3541153375,3.482,1.35351124333333,3.492,1.35351867805556,3.492
1.35439302833333,3.472,1.35378880833333,3.492,1.35379645694444,3.492
1.35467113944444,3.482,1.35406711444444,3.492,1.35407421833333,3.492
1.35494898194444,3.482,1.3543449825,3.492,1.35435184055556,3.492
1.35522698111111,3.482,1.35462318166667,3.492,1.35462976277778,3.492
1.35550486388889,3.482,1.35490090888889,3.492,1.35490752722222,3.492
1.35578272472222,3.482,1.35517847777778,3.492,1.35518537083333,3.492
1.3560610975,3.482,1.35545676027778,3.492,1.35546325777778,3.492
1.35633871611111,3.482,1.35573473972222,3.492,1.35574117472222,3.492
1.35661675138889,3.482,1.35601258333333,3.492,1.356019255,3.492
1.35689485444444,3.482,1.35629104666667,3.492,1.35629687638889,3.492
1.35717234361111,3.482,1.35656860861111,3.492,1.35657513444444,3.492
1.35744991333333,3.482,1.35684627333333,3.492,1.3568527975,3.492
1.35772805944444,3.482,1.35712438833333,3.492,1.35713061305556,3.492
1.35800608833333,3.482,1.35740233027778,3.492,1.35740845388889,3.492
1.358283805,3.482,1.35767969444444,3.492,1.35768636638889,3.492
1.35856193611111,3.482,1.35795753611111,3.492,1.35796450138889,3.492
1.35883968361111,3.482,1.35823598333333,3.492,1.35824190555556,3.492
1.35911730611111,3.482,1.35851340333333,3.492,1.35851985277778,3.492
1.35939529833333,3.482,1.3587913825,3.492,1.35879783611111,3.492
1.35967335611111,3.482,1.35906914805556,3.492,1.35907562527778,3.492
1.35995119944444,3.482,1.35934702444444,3.492,1.35935350277778,3.492
1.36022941166667,3.482,1.35962512555556,3.492,1.3596315425,3.492
1.36050738194444,3.482,1.35990283027778,3.492,1.35990909361111,3.492
1.36078512638889,3.482,1.36018062361111,3.492,1.36018701861111,3.492
1.36106309388889,3.482,1.36045864944444,3.492,1.36046473694444,3.492
1.36134118583333,3.482,1.36073652305556,3.492,1.360742535,3.492
1.36161917611111,3.482,1.36101401305556,3.492,1.36102034444444,3.492
1.36189647416667,3.482,1.36129188555556,3.492,1.36129800138889,3.492
1.36217453472222,3.482,1.36157007194444,3.492,1.36157616472222,3.492
1.36245215972222,3.482,1.36184772388889,3.492,1.36185373722222,3.502
1.36273010194444,3.482,1.36212598861111,3.492,1.36213164944444,3.492
1.3630077675,3.482,1.36240433944444,3.492,1.36240951583333,3.492
1.36328592416667,3.482,1.36268167694444,3.492,1.36268727638889,3.492
1.36356385666667,3.482,1.36295990583333,3.492,1.36296499944444,3.492
1.36384147722222,3.482,1.36323793166667,3.492,1.3632434175,3.492
1.36411991083333,3.482,1.36351570833333,3.492,1.36352095555556,3.492
1.36439760277778,3.482,1.36379347833333,3.492,1.36379894222222,3.492
1.36467561972222,3.482,1.36407117416667,3.492,1.36407656722222,3.492
1.36495340861111,3.482,1.36434904416667,3.492,1.36435463555556,3.492
1.36523134027778,3.482,1.36462689111111,3.492,1.36463260361111,3.492
1.36550883,3.482,1.36490477972222,3.492,1.36491029027778,3.492
1.36578721277778,3.482,1.36518262555556,3.492,1.36518832166667,3.492
1.36606477055556,3.482,1.36546063777778,3.492,1.36546624638889,3.502
1.36634271361111,3.482,1.36573852611111,3.492,1.36574423416667,3.492
1.36662036527778,3.482,1.36601669388889,3.492,1.36602202333333,3.492
1.36689796777778,3.482,1.36629485611111,3.492,1.366299695,3.492
1.36717594083333,3.482,1.3665724425,3.492,1.36657774583333,3.492
1.36745363805556,3.482,1.36685014555556,3.492,1.36685596333333,3.492
1.36773144,3.482,1.36712815611111,3.492,1.36713376,3.502
1.36800941555556,3.482,1.36740565166667,3.492,1.36741157583333,3.492
1.36828695833333,3.482,1.36768327194444,3.492,1.36768934194444,3.492
1.36856477444444,3.482,1.36796141027778,3.492,1.36796742833333,3.492
1.36884271555556,3.482,1.36823917138889,3.492,1.36824518305556,3.502
1.36912053638889,3.482,1.36851733027778,3.492,1.36852342111111,3.492
1.36939856916667,3.482,1.3687952075,3.492,1.36880116916667,3.492
1.36967650722222,3.482,1.36907287138889,3.492,1.36907885611111,3.492
1.36995424111111,3.482,1.36935022472222,3.492,1.36935705611111,3.492
1.3702321125,3.482,1.36962859,3.492,1.36963471138889,3.492
1.37050985083333,3.482,1.36990661861111,3.492,1.36991291472222,3.492
1.37078773194444,3.482,1.37018453527778,3.492,1.37019084194444,3.492
1.37106586194444,3.482,1.37046275916667,3.492,1.37046846833333,3.492
1.37134314888889,3.482,1.37074036194444,3.492,1.370746525,3.492
1.37162115472222,3.482,1.3710182525,3.492,1.37102442833333,3.502
1.37189924527778,3.482,1.37129647666667,3.492,1.37130228472222,3.492
1.37217694055556,3.482,1.37157451166667,3.492,1.37157997027778,3.492
1.37245477055556,3.482,1.37185264777778,3.492,1.37185777638889,3.492
1.37273270416667,3.482,1.37213017472222,3.492,1.37213544277778,3.492
1.37301064,3.482,1.37240805805556,3.492,1.37241321611111,3.492
1.37328838833333,3.482,1.37268592444444,3.492,1.37269179166667,3.492
1.37356596861111,3.482,1.37296365305556,3.492,1.3729692275,3.492
1.37384413833333,3.482,1.37324106138889,3.492,1.37324719083333,3.502
1.37412186861111,3.482,1.37351912222222,3.492,1.37352541638889,3.492
1.37440012277778,3.482,1.37379710555556,3.492,1.37380345888889,3.492
1.37467809527778,3.482,1.37407507361111,3.492,1.37408087166667,3.492
1.37495605611111,3.482,1.37435287888889,3.492,1.37435894611111,3.492
1.37523383861111,3.482,1.37463069666667,3.492,1.37463699833333,3.492
1.37551152222222,3.482,1.37490837111111,3.492,1.37491502972222,3.492
1.37578943472222,3.482,1.37518607388889,3.492,1.37519303305556,3.492
1.37606748777778,3.482,1.37546434555556,3.492,1.37547076833333,3.502
1.37634533222222,3.482,1.37574212222222,3.492,1.3757484025,3.502
1.37662353222222,3.482,1.37601996472222,3.492,1.37602677833333,3.502
1.37690157083333,3.482,1.37629788638889,3.492,1.37630437833333,3.502
1.37717965861111,3.482,1.37657596805556,3.492,1.37658245055556,3.492
1.37745751055556,3.482,1.37685386722222,3.492,1.37686034916667,3.492
1.37773516583333,3.482,1.37713185805556,3.492,1.37713833222222,3.502
1.37801297611111,3.482,1.37740958638889,3.492,1.3774157825,3.502
1.3782907475,3.482,1.37768760805556,3.492,1.37769401305556,3.502
1.37856846944444,3.482,1.37796510333333,3.492,1.37797162638889,3.502
1.37884664305556,3.482,1.37824298555556,3.492,1.37824955694444,3.502
1.3791243025,3.482,1.37852060138889,3.492,1.37852720666667,3.502
1.37940233305556,3.482,1.3787986975,3.492,1.37880510722222,3.492
1.37968008388889,3.482,1.37907657833333,3.492,1.37908284388889,3.502
1.37995789416667,3.482,1.37935453694444,3.492,1.37936078916667,3.502
1.38023575694444,3.482,1.3796321975,3.492,1.37963895222222,3.502
1.38051355555556,3.482,1.37991030388889,3.492,1.37991664138889,3.502
1.3807914975,3.482,1.38018813166667,3.492,1.38019474638889,3.492
1.38106913833333,3.482,1.38046581388889,3.492,1.38047220472222,3.502
1.38134691055556,3.482,1.38074405111111,3.492,1.38075051583333,3.502
1.38162507972222,3.482,1.38102191888889,3.492,1.38102820555556,3.502
1.38190292111111,3.482,1.38129969972222,3.492,1.38130631611111,3.502
1.38218087,3.482,1.38157771638889,3.492,1.38158458944444,3.502
1.38245869083333,3.482,1.38185603222222,3.492,1.38186200416667,3.502
1.38273649055556,3.482,1.38213415083333,3.492,1.38213998555556,3.492
1.38301420472222,3.482,1.38241229666667,3.492,1.38241783611111,3.502
1.38329220833333,3.482,1.38269013222222,3.492,1.38269547916667,3.502
1.38356980083333,3.482,1.38296825416667,3.492,1.38297346361111,3.502
1.38384774527778,3.482,1.38324609083333,3.492,1.38325120472222,3.502
1.38412545305556,3.482,1.38352426083333,3.492,1.38352940583333,3.502
1.38440351277778,3.482,1.383801945,3.492,1.38380762083333,3.502
1.38468135055556,3.482,1.38407979916667,3.492,1.38408501638889,3.502
1.38495891194444,3.482,1.38435751166667,3.492,1.38436278027778,3.502
1.38523669166667,3.482,1.38463566472222,3.492,1.38464044861111,3.502
1.3855144975,3.482,1.38491356444444,3.492,1.38491852833333,3.502
1.38579221194444,3.482,1.38519141,3.492,1.38519631138889,3.502
1.38607023361111,3.482,1.38546919472222,3.492,1.38547409083333,3.502
1.38634786222222,3.482,1.38574683222222,3.502,1.38575192305556,3.502
1.38662568916667,3.492,1.38602507583333,3.492,1.38603006833333,3.502
1.38690345861111,3.482,1.38630266055556,3.492,1.38630743527778,3.502
1.38718124583333,3.482,1.38658065055556,3.492,1.38658548222222,3.502
1.38745927194444,3.482,1.38685833027778,3.492,1.38686329972222,3.502
1.38773737,3.482,1.38713609777778,3.492,1.38714084444444,3.502
1.38801540527778,3.482,1.38741355,3.492,1.387418745,3.502
1.38829290833333,3.482,1.38769157138889,3.492,1.38769681555556,3.502
1.38857062111111,3.482,1.38796942027778,3.492,1.38797476027778,3.502
1.38884869416667,3.482,1.38824729694444,3.492,1.38825247444444,3.502
1.38912693833333,3.482,1.38852483388889,3.492,1.38853032472222,3.502
1.3894047975,3.482,1.38880252222222,3.492,1.38880811027778,3.502
1.38968259138889,3.482,1.38908048,3.502,1.38908577638889,3.502
1.38996030555556,3.482,1.38935851388889,3.492,1.38936385666667,3.502
1.39023819416667,3.482,1.38963653555556,3.502,1.38964167027778,3.502
1.39051630638889,3.482,1.38991414666667,3.492,1.38991950611111,3.502
1.39079406555556,3.482,1.39019203138889,3.492,1.39019725861111,3.502
1.39107224111111,3.482,1.39047017444444,3.492,1.39047488305556,3.502
1.39134988138889,3.482,1.39074787083333,3.492,1.39075276694444,3.502
1.3916280225,3.482,1.39102537194444,3.502,1.39103073027778,3.502
1.39190595944444,3.492,1.39130345277778,3.492,1.39130873527778,3.502
1.39218372166667,3.492,1.39158117,3.492,1.39158677527778,3.502
1.39246168,3.482,1.39185888416667,3.492,1.39186487083333,3.502
1.39273981027778,3.482,1.39213728583333,3.492,1.39214249194444,3.502
1.39301775472222,3.482,1.39241491194444,3.492,1.39242033333333,3.502
1.39329532777778,3.482,1.39269314888889,3.492,1.39269786361111,3.502
1.39357333194444,3.482,1.3929709575,3.492,1.39297579138889,3.502
1.39385148611111,3.482,1.39324911694444,3.502,1.39325350083333,3.502
1.39412933222222,3.492,1.3935270775,3.492,1.39353180916667,3.502
1.39440753416667,3.492,1.39380478527778,3.492,1.39380949916667,3.502
1.39468526638889,3.482,1.3940821375,3.492,1.39408724111111,3.502
1.39496286611111,3.482,1.39436024361111,3.492,1.39436517805556,3.502
1.39524092972222,3.482,1.39463835472222,3.502,1.39464325888889,3.502
1.39551916305556,3.492,1.39491618166667,3.502,1.39492116388889,3.502
1.395796765,3.492,1.39519422333333,3.492,1.39519863805556,3.502
1.39607431777778,3.482,1.39547192777778,3.502,1.39547653055556,3.502
1.39635205777778,3.482,1.39574981777778,3.502,1.39575437055556,3.502
1.39663058305556,3.482,1.39602796944444,3.492,1.39603236388889,3.502
1.39690782666667,3.482,1.3963055375,3.492,1.39631059333333,3.502
1.39718615777778,3.482,1.39658361888889,3.492,1.39658847305556,3.502
1.39746403055556,3.482,1.39686105777778,3.502,1.39686638805556,3.502
1.39774149833333,3.492,1.39713933972222,3.492,1.39714451638889,3.502
1.39801952166667,3.482,1.39741701972222,3.502,1.39742241138889,3.502
1.39829735944444,3.482,1.39769464166667,3.492,1.39770030777778,3.502
1.39857487194444,3.482,1.39797281083333,3.492,1.39797804194444,3.502
1.39885281055556,3.492,1.39825075111111,3.492,1.39825646972222,3.502
1.39913067583333,3.492,1.39852894861111,3.502,1.39853388972222,3.502
1.399408795,3.492,1.39880652111111,3.502,1.39881156333333,3.502
1.39968667083333,3.492,1.39908443166667,3.502,1.39908955333333,3.502
1.39996451972222,3.482,1.39936243944444,3.492,1.39936758972222,3.502
1.400242425,3.482,1.39964046722222,3.502,1.39964533111111,3.502
1.40052024611111,3.482,1.39991843833333,3.492,1.39992280444444,3.502
1.40079779388889,3.482,1.40019602555556,3.492,1.40020071888889,3.502
1.40107578333333,3.482,1.40047410361111,3.492,1.40047855194444,3.502
1.40135372833333,3.482,1.40075220944444,3.502,1.40075656833333,3.502
1.4016315375,3.492,1.40103008305556,3.492,1.40103417555556,3.502
1.40190964916667,3.492,1.40130813277778,3.502,1.40131203194444,3.502
1.40218742916667,3.482,1.40158577916667,3.502,1.40159008722222,3.502
1.40246551416667,3.492,1.40186372527778,3.502,1.40186776472222,3.502
1.40274343944444,3.492,1.40214131055556,3.492,1.40214557944444,3.502
1.4030214225,3.492,1.40241929888889,3.492,1.40242331861111,3.502
1.40329899666667,3.482,1.40269717694444,3.492,1.40270098527778,3.502
1.40357691861111,3.492,1.40297487722222,3.502,1.40297883138889,3.502
1.40385495,3.492,1.40325280055556,3.492,1.40325654111111,3.502
1.40413268972222,3.492,1.40353068944444,3.502,1.40353438166667,3.502
1.40441068805556,3.482,1.40380827472222,3.502,1.40381287861111,3.502
1.4046886375,3.492,1.40408610138889,3.502,1.40409120166667,3.502
1.40496648694444,3.492,1.4043643,3.502,1.40436854277778,3.502
1.40524452333333,3.492,1.40464223972222,3.502,1.40464673527778,3.502
1.40552235472222,3.492,1.40491965638889,3.502,1.40492442388889,3.502
1.40580053527778,3.482,1.40519806583333,3.502,1.4052022475,3.502
1.40607846694444,3.482,1.40547555888889,3.502,1.40547969861111,3.502
1.40635615888889,3.492,1.40575348388889,3.502,1.40575779583333,3.502
1.40663406527778,3.492,1.40603132222222,3.492,1.40603538611111,3.502
1.40691222972222,3.492,1.40630926972222,3.502,1.40631298194444,3.502
1.40719005111111,3.492,1.40658743694444,3.502,1.40659115916667,3.502
1.40746798166667,3.492,1.40686562583333,3.502,1.40686899027778,3.502
1.40774545277778,3.482,1.40714306777778,3.502,1.40714706916667,3.502
1.40802350944444,3.482,1.40742122694444,3.502,1.40742541472222,3.502
1.40830146944444,3.492,1.40769888833333,3.502,1.40770268611111,3.502
1.40857916944444,3.492,1.40797679333333,3.502,1.40798072166667,3.502
1.40885696333333,3.492,1.40825442416667,3.502,1.40825867083333,3.502
1.40913467944444,3.492,1.40853202944444,3.502,1.40853627777778,3.502
1.40941291388889,3.492,1.40880999638889,3.502,1.40881443583333,3.502
1.40969071888889,3.492,1.40908799222222,3.502,1.40909251583333,3.502
1.40996860083333,3.492,1.40936608944444,3.502,1.40937073694444,3.502
1.41024622527778,3.492,1.40964400833333,3.502,1.40964868472222,3.502
1.41052392166667,3.482,1.40992163722222,3.502,1.40992614111111,3.502
1.410802165,3.492,1.41019937555556,3.502,1.41020405222222,3.502
1.41107980666667,3.492,1.41047727055556,3.502,1.41048239833333,3.502
1.41135813611111,3.492,1.41075501805556,3.502,1.4107603175,3.502
1.41163629194444,3.492,1.41103297083333,3.502,1.41103816166667,3.502
1.41191385555556,3.492,1.41131077333333,3.502,1.41131624666667,3.502
1.41219182888889,3.492,1.41158904638889,3.502,1.41159402861111,3.502
1.41246923138889,3.492,1.41186660416667,3.502,1.41187198166667,3.502
1.41274781916667,3.492,1.41214474694444,3.502,1.412149825,3.502
1.41302574722222,3.492,1.41242256583333,3.502,1.41242742416667,3.512
1.4133035475,3.492,1.41270042944444,3.502,1.41270583,3.502
1.41358092527778,3.492,1.41297803333333,3.502,1.41298357416667,3.502
1.41385916111111,3.492,1.41325590055556,3.502,1.41326174055556,3.502
1.41413695666667,3.492,1.41353394805556,3.502,1.41353928666667,3.502
1.41441475722222,3.492,1.41381162666667,3.502,1.41381712583333,3.512
1.41469255111111,3.492,1.41408968277778,3.502,1.41409488166667,3.502
1.41497036277778,3.492,1.41436763583333,3.502,1.41437288138889,3.512
1.41524812305556,3.492,1.41464576944444,3.502,1.41465047333333,3.502
1.41552594666667,3.492,1.41492360916667,3.502,1.41492840166667,3.502
1.41580393944444,3.492,1.41520127666667,3.502,1.41520604055556,3.512
1.41608163444444,3.492,1.41547917166667,3.502,1.41548416638889,3.512
1.41635927194444,3.492,1.41575689694444,3.502,1.41576198888889,3.502
1.416637315,3.492,1.41603435916667,3.502,1.41603976055556,3.512
1.41691541305556,3.492,1.41631236444444,3.502,1.416317135,3.512
1.41719305861111,3.492,1.41659026138889,3.502,1.41659560833333,3.512
1.41747113638889,3.492,1.41686825166667,3.502,1.41687333916667,3.512
1.41774847388889,3.492,1.41714622166667,3.502,1.41715120527778,3.512
1.41802660055556,3.492,1.41742427805556,3.502,1.4174292375,3.502
1.41830427222222,3.492,1.41770217472222,3.502,1.41770688055556,3.502
1.41858238805556,3.492,1.4179801575,3.502,1.4179848325,3.502
1.41886042944444,3.492,1.41825806777778,3.502,1.41826274388889,3.512
1.41913814527778,3.492,1.41853588138889,3.502,1.41854036166667,3.512
1.41941571416667,3.492,1.41881356277778,3.502,1.41881835194444,3.512
1.41969385972222,3.492,1.419091785,3.502,1.41909618638889,3.512
1.41997160611111,3.492,1.41936960527778,3.502,1.419373795,3.512
1.42024937472222,3.492,1.41964712055556,3.502,1.41965213027778,3.512
1.42052712305556,3.492,1.41992520944444,3.502,1.41993032361111,3.512
1.42080494222222,3.492,1.42020340722222,3.502,1.42020817361111,3.512
1.42108258666667,3.492,1.42048118916667,3.502,1.42048648166667,3.512
1.42136071194444,3.492,1.4207593125,3.502,1.42076407083333,3.512
1.42163865138889,3.492,1.42103728805556,3.502,1.4210418,3.512
1.42191662944444,3.492,1.4213152,3.502,1.42131936277778,3.512
1.422194235,3.492,1.42159284083333,3.502,1.42159729083333,3.512
1.42247246361111,3.492,1.42187096277778,3.502,1.42187544277778,3.512
1.42275025472222,3.492,1.42214895638889,3.502,1.42215364138889,3.512
1.42302827805556,3.492,1.42242684138889,3.502,1.42243150888889,3.512
1.42330596527778,3.492,1.42270436472222,3.502,1.42270961277778,3.512
1.42358381138889,3.492,1.42298187055556,3.502,1.42298744833333,3.512
1.42386164027778,3.492,1.42325969555556,3.502,1.42326537805556,3.512
1.42413960166667,3.492,1.42353802194444,3.502,1.42354309555556,3.512
1.42441746138889,3.492,1.42381572027778,3.502,1.42382128583333,3.512
1.42469528277778,3.492,1.42409353055556,3.502,1.42409914416667,3.512
1.42497314833333,3.492,1.42437137861111,3.502,1.42437685166667,3.512
1.42525093694444,3.492,1.42464938777778,3.502,1.4246546825,3.512
1.42552917694444,3.492,1.42492703722222,3.502,1.42493291305556,3.512
1.42580685638889,3.492,1.42520533444444,3.502,1.42521053972222,3.512
1.42608443555556,3.492,1.42548270194444,3.502,1.42548832416667,3.512
1.42636239833333,3.492,1.42576049916667,3.502,1.42576621916667,3.512
1.42664055861111,3.492,1.42603834916667,3.502,1.42604451638889,3.512
1.42691838888889,3.492,1.42631664416667,3.502,1.42632218027778,3.512
1.42719628666667,3.492,1.42659446305556,3.502,1.42659994138889,3.512
1.427474265,3.492,1.42687217027778,3.502,1.42687757111111,3.512
1.42775228777778,3.492,1.42714971,3.502,1.42715548722222,3.512
1.42803024388889,3.492,1.42742775666667,3.502,1.42743344888889,3.512
1.42830792555556,3.492,1.42770555388889,3.502,1.42771118388889,3.512
1.42858540972222,3.492,1.42798305472222,3.502,1.42798953916667,3.512
1.42886341166667,3.492,1.42826142138889,3.502,1.42826711638889,3.512
1.42914125194444,3.492,1.42853893722222,3.502,1.42854489416667,3.512
1.42941892666667,3.492,1.42881685111111,3.502,1.42882312805556,3.512
1.42969693222222,3.492,1.429094865,3.502,1.42910075055556,3.512
1.42997466027778,3.492,1.42937236916667,3.502,1.4293787825,3.512
1.43025221333333,3.492,1.42964993972222,3.502,1.42965674166667,3.512
1.43053014055556,3.492,1.42992797527778,3.502,1.42993461305556,3.512
1.43080808222222,3.492,1.43020591916667,3.502,1.430212685,3.512
1.43108626638889,3.492,1.4304836525,3.502,1.43049090111111,3.512
1.43136400722222,3.492,1.43076158111111,3.502,1.43076828305556,3.512
1.43164192638889,3.492,1.43103919388889,3.512,1.43104639222222,3.512
1.431919635,3.492,1.43131715694444,3.502,1.43132424722222,3.512
1.43219767194444,3.492,1.43159529,3.502,1.43160206166667,3.512
1.43247546444444,3.492,1.43187306222222,3.502,1.43187961277778,3.512
1.43275335166667,3.492,1.43215110805556,3.502,1.43215739805556,3.512
1.43303131611111,3.492,1.43242881666667,3.502,1.43243534361111,3.512
1.433309105,3.492,1.43270668111111,3.502,1.43271288361111,3.512
1.4335868375,3.492,1.43298444611111,3.502,1.43299091888889,3.512
1.43386442722222,3.492,1.43326220694444,3.502,1.43326890111111,3.512
1.43414248277778,3.492,1.43354009833333,3.502,1.43354674083333,3.512
1.43442049,3.492,1.43381773,3.502,1.43382431027778,3.512
1.43469799916667,3.492,1.43409581083333,3.502,1.43410221416667,3.512
1.43497596833333,3.492,1.434373985,3.502,1.43438011055556,3.512
1.43525372944444,3.492,1.43465192166667,3.502,1.43465767972222,3.512
1.43553186527778,3.492,1.434930095,3.502,1.43493598083333,3.512
1.43580992277778,3.492,1.43520804583333,3.502,1.43521387416667,3.512
1.43608798527778,3.492,1.43548592916667,3.502,1.43549158944444,3.512
1.43636572472222,3.492,1.43576339861111,3.502,1.4357696275,3.512
1.43664383388889,3.492,1.43604160861111,3.502,1.43604788083333,3.512
1.43692168138889,3.492,1.436319325,3.502,1.43632544305556,3.512
1.43719972555556,3.492,1.43659723861111,3.502,1.43660353277778,3.512
1.43747759416667,3.492,1.4368750875,3.502,1.43688141222222,3.512
1.437755355,3.492,1.43715271472222,3.502,1.43715909833333,3.512
1.4380332875,3.492,1.43743065083333,3.512,1.43743745555556,3.512
1.43831170805556,3.492,1.43770832472222,3.502,1.43771536444444,3.512
1.43858915611111,3.492,1.43798623083333,3.502,1.43799316361111,3.512
1.43886722888889,3.492,1.43826395972222,3.502,1.43827056444444,3.512
1.43914557083333,3.492,1.43854158138889,3.502,1.43854874916667,3.512
1.43942323305556,3.492,1.43881959055556,3.502,1.43882693277778,3.523
1.4397010425,3.492,1.43909741666667,3.502,1.43910443777778,3.512
1.43997872166667,3.492,1.4393754125,3.502,1.43938244194444,3.512
1.44025653,3.492,1.43965334027778,3.512,1.43966039611111,3.523
1.44053428583333,3.492,1.43993140277778,3.502,1.43993801333333,3.523
1.44081243055556,3.492,1.44020927555556,3.502,1.44021584638889,3.512
1.44109054583333,3.492,1.4404876,3.502,1.44049407027778,3.512
1.44136855083333,3.492,1.44076519305556,3.502,1.44077171277778,3.523
1.44164612333333,3.492,1.44104310638889,3.512,1.44104990277778,3.523
1.44192431277778,3.492,1.44132114694444,3.512,1.44132744555556,3.523
1.44220232055556,3.492,1.44159924166667,3.502,1.44160568,3.512
1.44247996055556,3.492,1.44187715333333,3.502,1.44188328194444,3.523
1.4427579,3.492,1.44215526916667,3.512,1.44216090805556,3.523
1.44303565111111,3.492,1.44243324472222,3.512,1.44243889111111,3.523
1.44331322166667,3.492,1.44271075027778,3.502,1.44271654805556,3.512
1.44359117027778,3.492,1.44298904166667,3.512,1.44299492861111,3.523
1.44386916833333,3.492,1.44326688916667,3.512,1.44327265583333,3.523
1.4441470575,3.492,1.44354446888889,3.512,1.44355064555556,3.523
1.4444249575,3.492,1.443822785,3.512,1.44382830027778,3.523
1.44470300305556,3.502,1.44410092361111,3.512,1.44410579972222,3.523
1.44498068583333,3.492,1.44437853555556,3.512,1.44438407055556,3.523
1.44525837416667,3.492,1.44465650555556,3.512,1.44466211027778,3.523
1.44553622666667,3.492,1.44493446027778,3.502,1.44493960444444,3.523
1.4458141575,3.492,1.44521215916667,3.502,1.44521734333333,3.523
1.44609218888889,3.492,1.44549018416667,3.502,1.44549574833333,3.523
1.44636980555556,3.492,1.44576808361111,3.512,1.44577358972222,3.523
1.44664788138889,3.492,1.44604577166667,3.502,1.44605105194444,3.523
1.44692611305556,3.492,1.44632338611111,3.512,1.44632929472222,3.512
1.44720369083333,3.492,1.44660141416667,3.512,1.44660695944444,3.523
1.44748145444444,3.492,1.44687931111111,3.512,1.44688473555556,3.523
1.44775936083333,3.492,1.44715722805556,3.512,1.44716218194444,3.523
1.44803693611111,3.492,1.44743491333333,3.512,1.44744001833333,3.523
1.44831487777778,3.492,1.44771313166667,3.512,1.44771840861111,3.523
1.44859282305556,3.492,1.44799101166667,3.512,1.44799609555556,3.523
1.44887052861111,3.492,1.44826862138889,3.512,1.44827377861111,3.523
1.44914825722222,3.502,1.448546035,3.512,1.44855161055556,3.523
1.44942634194444,3.492,1.44882424166667,3.512,1.44882948861111,3.523
1.44970400833333,3.492,1.44910223055556,3.512,1.44910740194444,3.523
1.449981745,3.492,1.44938031916667,3.512,1.44938546972222,3.523
1.45025991166667,3.492,1.44965824777778,3.512,1.44966338888889,3.523
1.45053734277778,3.502,1.44993582055556,3.502,1.44994082416667,3.523
1.45081551194444,3.502,1.45021358194444,3.512,1.450218495,3.523
1.45109352416667,3.492,1.45049156416667,3.512,1.45049678722222,3.523
1.45137122583333,3.492,1.45076925583333,3.512,1.45077447583333,3.523
1.45164920416667,3.502,1.45104659,3.502,1.4510522,3.523
1.45192713527778,3.502,1.45132490694444,3.512,1.45133031694444,3.523
1.4522052375,3.492,1.45160289722222,3.512,1.45160794444444,3.523
1.45248257194444,3.492,1.45188067611111,3.512,1.45188604444444,3.523
1.45276082583333,3.502,1.45215802027778,3.512,1.45216399666667,3.523
1.45303851,3.502,1.452436325,3.512,1.45244163861111,3.523
1.45331629388889,3.502,1.45271431611111,3.512,1.4527194,3.523
1.45359410305556,3.502,1.45299173805556,3.512,1.452997275,3.523
1.45387175611111,3.492,1.45326983388889,3.512,1.45327486916667,3.523
1.45414951555556,3.492,1.45354757055556,3.512,1.45355291388889,3.523
1.45442775083333,3.502,1.45382533166667,3.512,1.45383056861111,3.533
1.45470537861111,3.502,1.45410351444444,3.512,1.45410885388889,3.523
1.4549832375,3.502,1.45438169861111,3.512,1.45438638583333,3.523
1.45526092055556,3.492,1.45465926583333,3.512,1.45466444972222,3.523
1.45553890805556,3.502,1.45493712972222,3.512,1.45494215361111,3.523
1.45581680138889,3.502,1.45521495222222,3.512,1.45521978222222,3.523
1.45609483722222,3.502,1.45549281694444,3.512,1.45549792888889,3.523
1.45637309638889,3.502,1.45577046472222,3.512,1.45577597916667,3.523
1.45665084277778,3.492,1.45604835888889,3.512,1.45605379388889,3.523
1.45692884111111,3.502,1.45632617361111,3.512,1.45633160416667,3.523
1.45720646416667,3.502,1.45660400555556,3.512,1.45660942888889,3.523
1.45748486388889,3.502,1.45688221305556,3.512,1.45688732166667,3.523
1.4577628675,3.502,1.45716015166667,3.512,1.45716532027778,3.523
1.45804076083333,3.502,1.45743793861111,3.512,1.45744307361111,3.523
1.45831823972222,3.502,1.4577155025,3.512,1.45772049833333,3.523
1.45859618138889,3.502,1.45799369222222,3.512,1.45799843,3.523
1.45887390138889,3.502,1.45827123861111,3.512,1.458276535,3.523
1.4591520475,3.502,1.4585488375,3.512,1.45855467722222,3.533
1.45943004388889,3.502,1.45882711861111,3.512,1.45883243916667,3.533
1.4597079225,3.502,1.45910504444444,3.512,1.45911001833333,3.523
1.459985925,3.502,1.45938305777778,3.512,1.459388125,3.533
1.46026400777778,3.502,1.45966115277778,3.512,1.4596658775,3.533
1.46054190638889,3.502,1.45993903805556,3.512,1.45994350305556,3.533
1.46081973972222,3.502,1.46021747694444,3.512,1.46022153277778,3.533
1.46109731888889,3.502,1.46049497444444,3.512,1.4604994925,3.533
1.46137517305556,3.502,1.46077327611111,3.512,1.46077701666667,3.533
1.46165301638889,3.502,1.46105156138889,3.512,1.46105496083333,3.533
1.46193106611111,3.502,1.46132882416667,3.512,1.46133278944444,3.523
1.46220874638889,3.502,1.46160706361111,3.512,1.46161019638889,3.533
1.46248657944444,3.502,1.46188482583333,3.512,1.46188812444444,3.533
1.46276434333333,3.502,1.462162385,3.512,1.46216616722222,3.533
1.46304199833333,3.502,1.46244007027778,3.512,1.4624435625,3.533
1.46332023222222,3.502,1.46271797333333,3.512,1.46272177361111,3.533
1.46359805916667,3.502,1.46299587694444,3.512,1.4629997475,3.533
1.463875685,3.502,1.46327354055556,3.512,1.46327751166667,3.533
1.46415375666667,3.502,1.46355173277778,3.512,1.46355511361111,3.533
1.46443149694444,3.502,1.46382941361111,3.512,1.46383296277778,3.533
1.46470940333333,3.502,1.46410727777778,3.512,1.46411089638889,3.533
1.46498706055556,3.502,1.46438494361111,3.512,1.46438924555556,3.533
1.46526553861111,3.502,1.46466292361111,3.512,1.46466678194444,3.533
1.4655437425,3.502,1.46494042194444,3.512,1.46494477027778,3.533
1.46582121305556,3.502,1.46521829,3.512,1.465222365,3.533
1.46609937972222,3.502,1.46549630055556,3.512,1.46550024166667,3.533
1.46637741833333,3.502,1.46577427027778,3.512,1.46577848444444,3.533
1.46665508472222,3.502,1.46605193861111,3.512,1.46605591638889,3.533
1.46693293722222,3.502,1.46633010916667,3.512,1.466333805,3.533
1.46721097277778,3.502,1.46660822527778,3.512,1.46661204083333,3.533
1.46748850083333,3.502,1.46688622527778,3.512,1.46688981638889,3.533
1.46776646444444,3.502,1.4671642775,3.512,1.46716756083333,3.533
1.46804402083333,3.502,1.46744161666667,3.523,1.46744550194444,3.533
1.46832232111111,3.502,1.4677199525,3.512,1.46772314361111,3.533
1.46860024888889,3.502,1.46799824805556,3.512,1.46800081361111,3.533
1.46887782305556,3.502,1.46827606138889,3.523,1.46827903555556,3.533
1.46915539083333,3.502,1.46855393777778,3.512,1.46855699277778,3.533
1.46943349027778,3.502,1.46883165888889,3.512,1.46883462444444,3.533
1.46971124638889,3.502,1.46910957611111,3.512,1.46911256416667,3.533
1.46998884388889,3.502,1.46938720111111,3.523,1.46939021388889,3.533
1.47026676416667,3.502,1.46966572944444,3.512,1.469668435,3.533
1.47054500333333,3.502,1.46994357833333,3.523,1.46994638833333,3.533
1.47082267583333,3.502,1.47022173472222,3.512,1.47022409944444,3.533
1.47110053416667,3.502,1.47049931472222,3.512,1.47050200444444,3.533
1.47137816666667,3.502,1.47077735,3.523,1.47078004305556,3.533
1.47165603861111,3.502,1.47105515805556,3.512,1.47105749777778,3.533
1.47193369166667,3.502,1.47133248416667,3.512,1.47133556444444,3.533
1.47221151194444,3.502,1.47161030194444,3.512,1.47161327472222,3.533
1.472489305,3.502,1.47188851027778,3.523,1.47189119027778,3.533
1.47276717194444,3.502,1.47216660361111,3.523,1.47216889833333,3.533
1.47304485,3.502,1.47244452027778,3.523,1.47244676166667,3.533
1.47332286361111,3.502,1.47272227694444,3.512,1.47272470055556,3.533
1.47360108638889,3.502,1.47299965305556,3.523,1.47300217166667,3.533
1.47387865694444,3.502,1.47327778111111,3.523,1.47328040638889,3.533
1.47415667666667,3.502,1.47355566166667,3.523,1.47355800583333,3.533
1.47443436944444,3.502,1.47383349916667,3.523,1.47383592722222,3.533
1.47471202583333,3.502,1.474111105,3.523,1.47411353277778,3.533
1.47498982583333,3.502,1.47438918,3.523,1.47439166722222,3.533
1.47526765305556,3.502,1.47466711388889,3.512,1.47466968305556,3.533
1.47554564055556,3.502,1.47494494138889,3.512,1.474947155,3.533
1.47582378305556,3.502,1.47522281,3.523,1.47522501666667,3.543
1.47610138083333,3.502,1.47550079222222,3.523,1.47550318527778,3.533
1.47637919027778,3.502,1.47577868833333,3.523,1.47578114972222,3.533
1.47665740305556,3.502,1.4760566475,3.523,1.47605889638889,3.543
1.47693511777778,3.502,1.47633440694444,3.523,1.47633664666667,3.533
1.47721333861111,3.502,1.47661238861111,3.523,1.47661484888889,3.543
1.477490985,3.502,1.47689032166667,3.523,1.47689270444444,3.543
1.47776911083333,3.502,1.4771685675,3.523,1.47717089138889,3.533
1.47804674361111,3.502,1.47744654222222,3.523,1.47744858833333,3.533
1.47832461972222,3.502,1.47772435916667,3.523,1.47772675777778,3.543
1.47860262333333,3.502,1.47800218777778,3.523,1.47800439027778,3.543
1.47888044305556,3.502,1.47828022277778,3.523,1.47828183722222,3.543
1.47915843916667,3.502,1.47855748055556,3.523,1.47855967027778,3.533
1.47943635111111,3.502,1.47883521333333,3.523,1.47883772777778,3.543
1.47971391333333,3.502,1.47911330138889,3.523,1.47911540638889,3.533
1.47999187055556,3.512,1.47939116472222,3.523,1.47939328583333,3.543
1.48026967777778,3.502,1.47966927555556,3.523,1.47967087277778,3.543
1.48054725888889,3.502,1.47994688666667,3.523,1.47994912611111,3.543
1.48082506444444,3.502,1.48022490444444,3.523,1.48022709583333,3.543
1.48110300527778,3.502,1.48050288833333,3.523,1.48050469916667,3.543
1.48138109222222,3.502,1.48078099388889,3.523,1.48078258111111,3.543
1.48165844777778,3.502,1.48105906777778,3.523,1.48105994388889,3.543
1.4819363375,3.502,1.48133657416667,3.523,1.48133779611111,3.543
1.48221424361111,3.502,1.48161446472222,3.523,1.48161606388889,3.543
1.48249205166667,3.502,1.48189213138889,3.523,1.48189408027778,3.543
1.48276992083333,3.512,1.48217006833333,3.523,1.4821720425,3.543
1.48304794583333,3.512,1.48244787666667,3.523,1.48244956361111,3.543
1.48332539555556,3.502,1.48272561666667,3.523,1.48272743333333,3.543
1.4836033225,3.512,1.483003195,3.523,1.4830053725,3.543
1.48388137527778,3.512,1.48328102861111,3.523,1.48328349055556,3.543
1.48415902083333,3.502,1.48355893277778,3.523,1.48356093416667,3.543
1.48443702583333,3.502,1.48383666361111,3.523,1.48383889666667,3.543
1.48471494833333,3.502,1.48411463555556,3.523,1.48411644611111,3.543
1.48499285277778,3.512,1.48439251305556,3.523,1.48439439861111,3.543
1.48527098694444,3.512,1.48467050277778,3.523,1.48467228777778,3.543
1.48554864555556,3.502,1.48494873111111,3.523,1.48495038666667,3.543
1.48582641361111,3.502,1.48522637916667,3.523,1.485228295,3.543
1.48610421277778,3.502,1.48550440388889,3.523,1.48550616833333,3.543
1.48638171444444,3.512,1.48578228916667,3.523,1.48578390388889,3.543
1.486659795,3.512,1.48606015111111,3.523,1.48606137805556,3.543
1.48693781916667,3.512,1.48633812055556,3.533,1.48633917333333,3.543
1.48721549333333,3.512,1.48661602555556,3.523,1.48661738583333,3.543
1.48749349944444,3.512,1.4868937725,3.523,1.48689534972222,3.543
1.48777124472222,3.512,1.48717178777778,3.523,1.48717301333333,3.543
1.48804942166667,3.512,1.4874493325,3.523,1.48745075083333,3.543
1.48832733222222,3.512,1.48772720916667,3.523,1.48772863916667,3.543
1.48860513527778,3.512,1.48800568555556,3.533,1.488006275,3.543
1.48888290583333,3.512,1.48828331527778,3.523,1.48828447583333,3.543
1.48916106277778,3.502,1.48856123777778,3.523,1.488562195,3.543
1.48943848277778,3.512,1.48883884027778,3.533,1.48884049194444,3.543
1.48971663944444,3.512,1.48911667166667,3.523,1.48911864388889,3.543
1.48999446861111,3.512,1.48939471333333,3.523,1.48939619805556,3.543
1.49027200222222,3.502,1.48967257611111,3.523,1.4896743475,3.543
1.490549785,3.512,1.489950215,3.533,1.48995231138889,3.543
1.49082786166667,3.512,1.49022778194444,3.523,1.49022997277778,3.543
1.49110579527778,3.512,1.49050613888889,3.523,1.49050816861111,3.543
1.49138337,3.512,1.49078391833333,3.523,1.49078585222222,3.543
1.49166126527778,3.512,1.49106164944444,3.523,1.49106375888889,3.543
1.49193917305556,3.512,1.49133923611111,3.523,1.49134171305556,3.543
1.49221701194444,3.512,1.49161731694444,3.533,1.49161937583333,3.543
1.49249510055556,3.512,1.49189536277778,3.533,1.49189733111111,3.543
1.49277287694444,3.512,1.49217309222222,3.533,1.49217560972222,3.543
1.49305089861111,3.512,1.49245119055556,3.533,1.49245340361111,3.543
1.49332888083333,3.512,1.4927287475,3.533,1.49273133138889,3.543
1.49360668166667,3.512,1.49300692527778,3.523,1.49300920472222,3.543
1.49388488388889,3.512,1.49328439805556,3.523,1.49328685944444,3.543
1.49416275583333,3.512,1.49356233472222,3.523,1.4935648725,3.543
1.49444083333333,3.512,1.49384020222222,3.533,1.49384304222222,3.543
1.49471857638889,3.512,1.49411836777778,3.533,1.49412094277778,3.543
1.4949963,3.512,1.49439598111111,3.533,1.49439824805556,3.543
1.49527405083333,3.512,1.49467406166667,3.533,1.49467653777778,3.543
1.49555193777778,3.512,1.49495202083333,3.533,1.49495455166667,3.543
1.49582974583333,3.512,1.49522982527778,3.533,1.49523254583333,3.553
1.49610732944444,3.512,1.49550755222222,3.533,1.49551007472222,3.543
1.49638560916667,3.512,1.49578547277778,3.533,1.49578813388889,3.543
1.49666339111111,3.512,1.49606374277778,3.533,1.49606590638889,3.543
1.49694119083333,3.512,1.49634157361111,3.533,1.49634358805556,3.543
1.49721896,3.512,1.49661914611111,3.533,1.49662117111111,3.543
1.49749677138889,3.512,1.49689736527778,3.533,1.49689913138889,3.543
1.497774235,3.512,1.49717547027778,3.533,1.49717655611111,3.543
1.49805255166667,3.512,1.49745328861111,3.533,1.49745487,3.553
1.49833058611111,3.512,1.49773120083333,3.533,1.49773276805556,3.543
1.49860826777778,3.512,1.49800904472222,3.533,1.49801063583333,3.543
1.49888632472222,3.512,1.49828738694444,3.533,1.49828829361111,3.543
1.49916393666667,3.512,1.49856493361111,3.533,1.49856588055556,3.543
1.49944149305556,3.512,1.49884348083333,3.533,1.49884400722222,3.553
1.49971949055556,3.512,1.49912105722222,3.533,1.49912202916667,3.553
1.49999734416667,3.512,1.49939926833333,3.533,1.49939944916667,3.543
1.50027484861111,3.512,1.49967734222222,3.533,1.49967730611111,3.553
1.50055272055556,3.512,1.49995525527778,3.533,1.49995493916667,3.553
1.50083057138889,3.512,1.50023311888889,3.533,1.50023343055556,3.553
1.50110850611111,3.512,1.50051121888889,3.533,1.50051120916667,3.553
1.50138634222222,3.512,1.50078893527778,3.533,1.50078858833333,3.553
1.50166407138889,3.512,1.50106680277778,3.533,1.50106658722222,3.553
1.50194155833333,3.512,1.50134470694444,3.533,1.50134424083333,3.553
1.50221954166667,3.512,1.50162239277778,3.533,1.50162219138889,3.553
1.50249729444444,3.512,1.50190022861111,3.533,1.50190007611111,3.553
1.50277487388889,3.512,1.50217812416667,3.533,1.5021778125,3.553
1.50305292111111,3.512,1.50245559916667,3.533,1.50245526194444,3.543
1.50333054055556,3.512,1.50273374222222,3.533,1.50273343333333,3.553
1.50360848944444,3.512,1.50301184694444,3.533,1.50301118583333,3.553
1.50388611444444,3.512,1.50328951583333,3.533,1.5032891475,3.553
1.50416400944444,3.512,1.50356734222222,3.533,1.50356723083333,3.553
1.50444199138889,3.512,1.50384519916667,3.533,1.503845265,3.553
1.50472025916667,3.512,1.50412324055556,3.533,1.50412337972222,3.553
1.50499761194444,3.512,1.50440117722222,3.533,1.50440115611111,3.553
1.50527562111111,3.512,1.50467900944444,3.533,1.50467915388889,3.553
1.50555386416667,3.512,1.50495666111111,3.533,1.50495658055556,3.553
1.50583128111111,3.523,1.50523431166667,3.533,1.50523449916667,3.553
1.50610937944444,3.512,1.50551212777778,3.533,1.50551279361111,3.553
1.50638717888889,3.523,1.50579012444444,3.533,1.50579062444444,3.553
1.50666525361111,3.512,1.50606816638889,3.533,1.50606824722222,3.553
1.50694329583333,3.512,1.50634561666667,3.533,1.50634619416667,3.553
1.50722096972222,3.523,1.50662377888889,3.533,1.50662400472222,3.553
1.50749873138889,3.523,1.50690154166667,3.533,1.50690152416667,3.553
1.50777649888889,3.512,1.50717917055556,3.543,1.50717951722222,3.553
1.50805438333333,3.523,1.50745713666667,3.533,1.50745741861111,3.553
1.50833196694444,3.523,1.50773503527778,3.533,1.5077356,3.563
1.50861027888889,3.512,1.50801317305556,3.543,1.50801329083333,3.563
1.50888800833333,3.512,1.50829060472222,3.533,1.50829106388889,3.553
1.50916546055556,3.523,1.50856869777778,3.533,1.50856897444444,3.553
1.50944339694444,3.523,1.50884692472222,3.533,1.50884669527778,3.563
1.50972133416667,3.523,1.50912485777778,3.543,1.5091246775,3.553
1.50999900722222,3.523,1.50940263083333,3.533,1.50940245527778,3.553
1.51027692944444,3.523,1.50968027722222,3.533,1.50968031388889,3.563
1.51055492916667,3.523,1.509958525,3.533,1.5099577925,3.563
1.51083231083333,3.523,1.51023636222222,3.533,1.510235445,3.563
1.51111049527778,3.523,1.51051442555556,3.533,1.51051356944444,3.553
1.51138828555556,3.523,1.51079221277778,3.543,1.51079129805556,3.563
1.5116661325,3.523,1.51107001111111,3.543,1.511069445,3.563
1.51194413444444,3.523,1.51134814472222,3.533,1.51134712861111,3.563
1.51222171805556,3.523,1.51162575944444,3.543,1.51162516694444,3.563
1.51249958944444,3.523,1.51190383638889,3.543,1.5119029025,3.553
1.51277781277778,3.523,1.51218193388889,3.543,1.51218118944444,3.563
1.51305563111111,3.523,1.51245987972222,3.543,1.51245903027778,3.563
1.51333359361111,3.523,1.51273772138889,3.543,1.51273705277778,3.563
1.51361172944444,3.523,1.51301562166667,3.543,1.51301464361111,3.563
1.51388932305556,3.523,1.5132936575,3.533,1.51329240472222,3.563
1.51416753444444,3.523,1.51357152305556,3.543,1.51357047111111,3.563
1.51444516694444,3.523,1.51384883638889,3.543,1.51384852083333,3.563
1.51472333388889,3.523,1.51412689083333,3.543,1.51412653388889,3.563
1.515001185,3.523,1.51440457555556,3.543,1.51440455388889,3.563
1.51527939,3.523,1.51468237444444,3.543,1.51468263944444,3.563
1.51555731722222,3.523,1.51496048583333,3.543,1.51496044583333,3.563
1.51583513777778,3.523,1.51523841305556,3.543,1.51523829805556,3.563
1.51611295194444,3.523,1.51551640916667,3.543,1.51551586972222,3.563
1.51639074222222,3.523,1.51579431555556,3.543,1.51579378472222,3.563
1.51666840222222,3.523,1.51607192638889,3.543,1.51607175972222,3.563
1.5169467625,3.523,1.516350085,3.543,1.51634930833333,3.563
1.51722451694444,3.523,1.51662790027778,3.543,1.51662726083333,3.563
1.51750231305556,3.523,1.5169060125,3.543,1.51690499416667,3.563
1.51778056777778,3.523,1.51718371277778,3.543,1.51718246,3.563
1.51805855305556,3.523,1.51746179583333,3.543,1.51746021388889,3.563
1.51833628638889,3.523,1.51773944861111,3.543,1.517738735,3.563
1.51861406833333,3.523,1.51801714944444,3.543,1.51801664666667,3.563
1.51889180861111,3.523,1.51829520194444,3.543,1.51829467472222,3.563
1.51917026361111,3.523,1.51857345833333,3.543,1.51857236166667,3.563
1.51944799055556,3.523,1.51885096583333,3.543,1.518850265,3.563
1.51972585388889,3.523,1.51912879666667,3.543,1.51912807944444,3.563
1.52000381916667,3.523,1.51940672805556,3.543,1.51940620527778,3.563
1.52028142527778,3.533,1.51968467,3.543,1.51968411027778,3.563
1.52055931777778,3.523,1.51996255055556,3.543,1.51996201083333,3.563
1.52083700916667,3.523,1.52024037416667,3.543,1.52024011055556,3.563
1.52111484777778,3.523,1.52051778416667,3.543,1.52051782833333,3.563
1.52139302583333,3.523,1.52079586666667,3.543,1.52079568361111,3.563
1.52167053833333,3.533,1.52107362416667,3.543,1.52107366166667,3.563
1.52194889166667,3.523,1.52135202694444,3.543,1.52135178722222,3.563
1.52222688583333,3.533,1.52162982888889,3.543,1.52162963027778,3.563
1.52250498555556,3.533,1.52190804666667,3.543,1.52190737388889,3.563
1.52278257361111,3.523,1.52218598333333,3.543,1.52218517388889,3.563
1.52306042305556,3.523,1.52246347611111,3.543,1.5224630175,3.563
1.52333803833333,3.533,1.52274157888889,3.543,1.52274054777778,3.563
1.52361613222222,3.523,1.52301950222222,3.543,1.52301820916667,3.563
1.52389378166667,3.533,1.52329741694444,3.543,1.52329642277778,3.563
1.52417170638889,3.533,1.52357560722222,3.543,1.52357438944444,3.563
1.52444970944444,3.523,1.52385304611111,3.543,1.52385185888889,3.563
1.52472745972222,3.523,1.52413135972222,3.543,1.52413036666667,3.563
1.52500498305556,3.533,1.52440908138889,3.543,1.52440833666667,3.563
1.52528255083333,3.523,1.52468708638889,3.543,1.52468596277778,3.563
1.52556034694444,3.533,1.52496499916667,3.543,1.52496386361111,3.563
1.52583875166667,3.523,1.52524306,3.543,1.52524173166667,3.563
1.52611635027778,3.533,1.52552152777778,3.543,1.52551994611111,3.563
1.52639455972222,3.533,1.52579936472222,3.543,1.52579767583333,3.563
1.52667237472222,3.533,1.52607743027778,3.543,1.52607579111111,3.574
1.52695037416667,3.523,1.5263557375,3.543,1.52635358805556,3.574
1.52722821833333,3.533,1.52663350361111,3.543,1.52663166611111,3.563
1.52750593583333,3.533,1.52691094694444,3.543,1.52690939111111,3.574
1.52778387444444,3.523,1.52718855666667,3.543,1.52718725527778,3.563
1.52806164138889,3.533,1.52746677805556,3.543,1.52746502583333,3.563
1.52834003611111,3.533,1.52774412944444,3.543,1.52774271333333,3.563
1.52861773944444,3.533,1.52802193611111,3.543,1.52802055722222,3.563
1.52889545944444,3.533,1.52830001777778,3.543,1.52829853972222,3.563
1.5291730975,3.533,1.52857778055556,3.543,1.52857645972222,3.574
1.52945075833333,3.533,1.52885569611111,3.543,1.5288541325,3.563
1.52972890361111,3.533,1.52913355111111,3.553,1.52913188833333,3.563
1.53000657222222,3.533,1.52941110805556,3.543,1.52940994,3.563
1.53028448638889,3.533,1.52968924805556,3.543,1.52968769611111,3.563
1.53056203388889,3.533,1.52996686416667,3.553,1.52996544305556,3.574
1.53084008111111,3.533,1.53024485722222,3.543,1.53024325722222,3.574
1.53111821805556,3.533,1.53052235,3.543,1.53052123,3.574
1.53139605944444,3.533,1.53080033138889,3.543,1.53079884722222,3.574
1.53167406861111,3.533,1.5310784825,3.543,1.53107675555556,3.563
1.531951705,3.533,1.53135597083333,3.543,1.53135443527778,3.574
1.53222959861111,3.533,1.53163373611111,3.553,1.53163236805556,3.563
1.53250757888889,3.533,1.53191173277778,3.543,1.53191028944444,3.563
1.53278565777778,3.533,1.53218918722222,3.543,1.53218826861111,3.574
1.53306365194444,3.533,1.53246686944444,3.543,1.53246619722222,3.563
1.53334127944444,3.533,1.53274513083333,3.553,1.532743855,3.574
1.533619035,3.533,1.5330227775,3.543,1.53302133805556,3.574
1.53389690388889,3.533,1.5333007025,3.543,1.53329956361111,3.574
1.5341748125,3.533,1.53357797472222,3.553,1.53357733666667,3.574
1.53445284388889,3.533,1.53385629,3.553,1.53385515861111,3.574
1.53473069055556,3.533,1.53413404361111,3.553,1.53413314472222,3.574
1.53500849138889,3.533,1.53441173444444,3.553,1.53441071611111,3.574
1.535286245,3.533,1.53468984166667,3.543,1.53468852694444,3.574
1.53556411361111,3.533,1.53496765666667,3.553,1.53496627055556,3.574
1.53584186611111,3.533,1.53524592611111,3.553,1.53524428583333,3.574
1.53611952527778,3.533,1.53552351138889,3.553,1.53552188833333,3.574
1.53639744222222,3.533,1.53580124277778,3.553,1.53580005888889,3.574
1.5366750175,3.533,1.53607935583333,3.553,1.53607770972222,3.574
1.53695284638889,3.533,1.53635720777778,3.553,1.53635599444444,3.574
1.53723051944444,3.533,1.53663541694444,3.553,1.53663371972222,3.574
1.53750879472222,3.533,1.53691319638889,3.553,1.53691158638889,3.574
1.53778615777778,3.533,1.53719154305556,3.553,1.53718937111111,3.574
1.53806412333333,3.533,1.5374688725,3.553,1.53746724027778,3.574
1.53834222861111,3.533,1.53774719611111,3.553,1.53774555805556,3.574
1.53862004222222,3.533,1.53802465472222,3.553,1.53802367222222,3.574
1.538897835,3.533,1.53830249833333,3.553,1.53830126611111,3.574
1.53917562083333,3.533,1.53858043611111,3.553,1.53857896805556,3.574
1.53945358416667,3.533,1.53885847944444,3.553,1.53885686916667,3.574
1.53973142833333,3.533,1.53913638333333,3.553,1.53913475305556,3.574
1.54000929138889,3.533,1.53941458333333,3.553,1.53941244972222,3.574
1.54028681333333,3.533,1.53969232611111,3.553,1.53969011888889,3.574
1.54056504527778,3.543,1.53996989166667,3.553,1.53996809722222,3.574
1.54084270138889,3.533,1.54024764777778,3.553,1.54024589388889,3.574
1.541120355,3.533,1.54052557111111,3.563,1.54052350555556,3.574
1.54139817833333,3.533,1.54080304916667,3.553,1.54080129055556,3.574
1.54167582111111,3.543,1.54108086222222,3.553,1.54107913277778,3.574
1.54195413777778,3.543,1.54135892416667,3.553,1.54135719027778,3.574
1.54223185583333,3.543,1.54163662083333,3.553,1.54163487277778,3.574
1.54250930166667,3.543,1.54191433611111,3.563,1.54191264777778,3.574
1.54278749,3.543,1.54219237166667,3.553,1.5421905025,3.574
1.54306524388889,3.543,1.54247051111111,3.553,1.54246834361111,3.574
1.54334331583333,3.543,1.54274822388889,3.563,1.54274615916667,3.574
1.54362102916667,3.543,1.54302615555556,3.553,1.54302409527778,3.574
1.54389899361111,3.543,1.54330391777778,3.553,1.54330185361111,3.574
1.54417712833333,3.543,1.54358130527778,3.563,1.5435796675,3.574
1.54445454222222,3.543,1.54385942805556,3.563,1.54385757777778,3.574
1.54473283777778,3.543,1.5441369725,3.563,1.54413545472222,3.574
1.54501105638889,3.543,1.54441480055556,3.553,1.5444133625,3.574
1.54528885055556,3.543,1.54469277305556,3.563,1.54469099694444,3.574
1.54556640888889,3.543,1.54497061277778,3.553,1.54496889833333,3.574
1.54584426027778,3.543,1.54524877527778,3.563,1.54524634805556,3.574
1.54612214166667,3.543,1.54552649361111,3.563,1.54552455361111,3.574
1.54640032083333,3.543,1.54580450638889,3.563,1.54580243555556,3.574
1.54667796722222,3.543,1.54608213805556,3.563,1.54608047055556,3.574
1.54695566638889,3.543,1.54636027833333,3.553,1.54635869722222,3.574
1.54723353194444,3.543,1.54663807444444,3.563,1.54663701944444,3.574
1.54751140833333,3.543,1.54691598055556,3.563,1.54691462666667,3.574
1.54778912805556,3.543,1.54719412361111,3.563,1.54719251805556,3.574
1.54806707694444,3.543,1.54747203388889,3.563,1.5474704475,3.574
1.54834498777778,3.543,1.54775024055556,3.563,1.54774839388889,3.574
1.54862306277778,3.543,1.54802822777778,3.563,1.54802626611111,3.574
1.54890084611111,3.543,1.54830586138889,3.563,1.54830377333333,3.574
1.54917873416667,3.543,1.54858368472222,3.563,1.5485821375,3.574
1.54945660194444,3.543,1.54886148527778,3.563,1.54885991583333,3.584
1.54973440361111,3.543,1.54913961555556,3.563,1.54913775916667,3.574
1.55001206194444,3.543,1.54941761305556,3.563,1.5494158325,3.574
1.550289935,3.543,1.549695185,3.563,1.54969366138889,3.584
1.55056762638889,3.543,1.54997320111111,3.563,1.54997104166667,3.574
1.55084537305556,3.543,1.55025131361111,3.563,1.55024920111111,3.584
1.55112323138889,3.543,1.55052934222222,3.563,1.55052664277778,3.574
1.55140138805556,3.543,1.55080694055556,3.563,1.55080473027778,3.584
1.55167937194444,3.543,1.55108497138889,3.563,1.55108251083333,3.574
1.55195713166667,3.543,1.55136293805556,3.563,1.55136065527778,3.584
1.55223530027778,3.543,1.55164055361111,3.563,1.55163813083333,3.584
1.5525132575,3.543,1.55191880138889,3.563,1.55191611416667,3.574
1.55279107972222,3.543,1.55219685222222,3.563,1.55219389916667,3.574
1.55306885666667,3.543,1.55247469833333,3.563,1.55247131277778,3.574
1.5533464425,3.543,1.55275283444444,3.563,1.55274939027778,3.574
1.55362421583333,3.543,1.55303046472222,3.563,1.55302729361111,3.584
1.55390181583333,3.543,1.553308475,3.563,1.55330492722222,3.584
1.55417996472222,3.543,1.55358672166667,3.563,1.55358244,3.574
1.55445787805556,3.543,1.5538644175,3.563,1.5538605,3.584
1.55473599,3.543,1.55414227472222,3.563,1.55413822944444,3.584
1.55501340861111,3.543,1.55442016777778,3.563,1.55441645194444,3.584
1.55529179722222,3.543,1.55469793027778,3.563,1.55469405055556,3.584
1.55556953305556,3.543,1.55497572277778,3.563,1.55497159083333,3.584
1.55584772166667,3.543,1.55525369722222,3.563,1.55524938527778,3.584
1.55612536916667,3.543,1.55553149194444,3.563,1.55552778111111,3.584
1.55640321777778,3.543,1.55580925472222,3.563,1.55580561388889,3.584
1.55668111138889,3.543,1.55608725333333,3.563,1.55608301944444,3.584
1.55695888305556,3.543,1.55636497777778,3.563,1.55636115638889,3.584
1.55723688722222,3.543,1.55664307305556,3.563,1.55663880361111,3.584
1.55751481416667,3.543,1.55692077416667,3.563,1.55691671805556,3.584
1.55779276861111,3.543,1.55719839388889,3.563,1.55719435611111,3.584
1.55807016361111,3.543,1.55747650833333,3.563,1.55747191722222,3.584
1.55834834805556,3.543,1.557754305,3.563,1.55774996916667,3.584
1.55862605027778,3.543,1.55803203388889,3.563,1.55802791027778,3.584
1.55890393,3.543,1.55830974861111,3.563,1.55830569027778,3.584
1.55918189944444,3.543,1.55858778805556,3.563,1.55858321055556,3.584
1.55945984,3.543,1.55886532333333,3.563,1.55886150861111,3.584
1.55973738277778,3.543,1.55914304388889,3.563,1.55913931027778,3.584
1.56001564472222,3.543,1.55942127916667,3.563,1.55941713944444,3.584
1.56029315166667,3.543,1.55969865666667,3.563,1.55969525833333,3.584
1.560571145,3.543,1.55997660166667,3.563,1.55997298027778,3.584
1.560848925,3.543,1.56025456388889,3.563,1.56025089777778,3.584
1.56112696027778,3.543,1.56053215833333,3.563,1.56052862388889,3.584
1.56140486916667,3.543,1.56081008472222,3.563,1.56080663833333,3.584
1.56168283833333,3.543,1.56108783472222,3.574,1.56108443194444,3.584
1.56196055666667,3.543,1.56136562472222,3.563,1.56136231833333,3.584
1.56223842583333,3.543,1.56164379305556,3.574,1.56164009722222,3.584
1.56251675611111,3.553,1.56192169694444,3.574,1.561917875,3.584
1.56279497611111,3.543,1.562199175,3.574,1.56219614916667,3.584
1.56307232611111,3.553,1.56247737416667,3.574,1.56247357166667,3.584
1.56335051305556,3.553,1.56275492694444,3.574,1.56275158138889,3.584
1.56362812055556,3.553,1.56303302916667,3.574,1.56302969944444,3.584
1.56390594972222,3.553,1.56331064194444,3.574,1.56330761194444,3.584
1.56418430972222,3.543,1.56358868611111,3.574,1.56358561777778,3.584
1.56446216666667,3.553,1.56386672527778,3.574,1.56386333722222,3.584
1.56473992972222,3.543,1.56414516388889,3.563,1.56414098583333,3.584
1.56501776083333,3.543,1.56442279583333,3.574,1.56441894166667,3.584
1.56529581805556,3.543,1.56470037166667,3.574,1.56469633694444,3.584
1.5655733125,3.553,1.56497838222222,3.574,1.56497431583333,3.584
1.56585092611111,3.553,1.56525582694444,3.574,1.56525215583333,3.584
1.56612926083333,3.543,1.56553408916667,3.574,1.56553004416667,3.584
1.56640724944444,3.543,1.56581197222222,3.574,1.565807935,3.584
1.56668527527778,3.553,1.5660900725,3.574,1.56608557527778,3.584
1.5669629175,3.553,1.56636788777778,3.574,1.56636335222222,3.584
1.56724065138889,3.553,1.56664601611111,3.574,1.566641055,3.584
1.56751820972222,3.553,1.56692382361111,3.574,1.56691891805556,3.584
1.56779647055556,3.553,1.56720203083333,3.574,1.567196555,3.584
1.56807440444444,3.553,1.56747997083333,3.574,1.56747409277778,3.584
1.5683523175,3.553,1.56775783,3.574,1.56775234083333,3.584
1.56863007111111,3.553,1.56803602416667,3.574,1.56803039472222,3.584
1.56890801361111,3.553,1.56831394527778,3.574,1.56830797805556,3.584
1.56918558527778,3.553,1.5685915975,3.574,1.56858612277778,3.584
1.56946351944444,3.553,1.56886978722222,3.574,1.56886417083333,3.594
1.56974153333333,3.553,1.56914735333333,3.574,1.56914180861111,3.584
1.57001936638889,3.553,1.56942543666667,3.574,1.56941986888889,3.584
1.57029683222222,3.553,1.56970309833333,3.574,1.56969762666667,3.584
1.57057478361111,3.553,1.5699809875,3.574,1.56997514666667,3.584
1.57085283361111,3.553,1.57025829,3.574,1.5702530075,3.584
1.57113072194444,3.553,1.57053629916667,3.574,1.57053098694444,3.584
1.57140832472222,3.553,1.57081418638889,3.574,1.5708087975,3.584
1.571686245,3.553,1.57109234138889,3.574,1.57108626444444,3.584
1.57196404861111,3.553,1.57136981555556,3.574,1.57136471611111,3.584
1.57224177777778,3.553,1.57164773833333,3.574,1.57164282472222,3.584
1.57251971472222,3.553,1.57192538527778,3.574,1.57192072472222,3.584
1.57279768916667,3.553,1.57220313638889,3.574,1.57219875166667,3.584
1.57307540611111,3.553,1.57248104666667,3.574,1.57247698138889,3.594
1.57335313083333,3.553,1.57275866916667,3.574,1.57275468138889,3.584
1.57363093777778,3.553,1.57303633138889,3.574,1.57303264,3.584
1.57390856777778,3.553,1.57331458111111,3.574,1.57331029277778,3.594
1.57418640305556,3.553,1.57359187472222,3.574,1.57358870638889,3.584
1.57446422194444,3.563,1.57386979333333,3.574,1.57386652027778,3.594
1.57474205111111,3.553,1.57414789055556,3.584,1.57414405972222,3.594
1.5750199675,3.553,1.5744259475,3.574,1.57442235277778,3.594
1.575298025,3.553,1.57470369388889,3.574,1.57470004361111,3.594
1.57557616777778,3.553,1.57498140805556,3.574,1.57497773833333,3.594
1.57585396527778,3.553,1.575259255,3.574,1.57525567694444,3.594
1.57613212833333,3.563,1.57553706055556,3.574,1.57553329277778,3.594
1.57640989083333,3.563,1.57581505138889,3.574,1.57581155,3.594
1.57668730722222,3.563,1.57609294,3.574,1.57608924583333,3.594
1.57696536555556,3.563,1.57637053805556,3.574,1.57636678833333,3.594
1.57724316305556,3.563,1.57664871472222,3.574,1.57664486444444,3.594
1.57752094916667,3.563,1.57692606888889,3.574,1.57692275833333,3.594
1.57779839305556,3.563,1.57720412416667,3.584,1.57720084083333,3.594
1.57807640416667,3.563,1.57748225666667,3.574,1.5774783075,3.594
1.57835455611111,3.563,1.57776011805556,3.574,1.57775636527778,3.594
1.578632375,3.563,1.5780375175,3.584,1.57803436388889,3.594
1.57891052638889,3.563,1.57831529277778,3.574,1.57831244666667,3.594
1.57918861055556,3.563,1.57859375194444,3.574,1.57859033527778,3.594
1.57946646388889,3.563,1.57887166861111,3.574,1.57886807333333,3.594
1.57974442194444,3.563,1.57914941361111,3.584,1.57914628888889,3.594
1.58002223527778,3.563,1.57942792138889,3.584,1.57942364027778,3.594
1.58029953916667,3.563,1.57970542027778,3.584,1.57970132138889,3.594
1.58057745305556,3.563,1.57998340555556,3.584,1.57997908777778,3.594
1.58085546861111,3.563,1.58026151361111,3.584,1.58025697,3.594
1.58113314138889,3.563,1.58053908638889,3.584,1.5805346725,3.594
1.58141118916667,3.563,1.58081692138889,3.584,1.5808129475,3.594
1.58168933861111,3.563,1.58109480805556,3.584,1.58109057694444,3.594
1.58196715416667,3.563,1.58137254444444,3.584,1.58136824166667,3.594
1.58224483166667,3.563,1.58165009777778,3.584,1.58164591611111,3.594
1.58252308277778,3.563,1.58192798916667,3.584,1.58192390583333,3.594
1.58280065527778,3.563,1.58220556388889,3.584,1.58220160055556,3.594
1.58307857416667,3.563,1.58248331583333,3.584,1.58247968722222,3.594
1.58335671722222,3.563,1.58276139027778,3.584,1.58275758805556,3.594
1.58363493416667,3.563,1.58303913611111,3.574,1.58303549694444,3.594
1.58391268611111,3.563,1.58331691972222,3.584,1.58331343583333,3.594
1.58419038472222,3.563,1.58359478111111,3.584,1.58359169027778,3.594
1.58446863916667,3.563,1.58387233888889,3.584,1.58386976,3.594
1.58474633861111,3.563,1.58415026083333,3.584,1.58414712083333,3.594
1.58502435083333,3.563,1.58442798,3.584,1.58442503055556,3.594
1.58530207111111,3.563,1.58470582,3.584,1.58470307,3.594
1.58557995722222,3.563,1.58498403138889,3.584,1.58498083027778,3.594
1.58585737083333,3.563,1.58526192388889,3.574,1.58525879694444,3.594
1.58613533805556,3.563,1.58553996027778,3.584,1.58553678444444,3.594
1.5864131975,3.563,1.58581775055556,3.584,1.58581444083333,3.594
1.58669119194444,3.563,1.58609551888889,3.584,1.58609255805556,3.594
1.58696905972222,3.563,1.58637351638889,3.584,1.58637050888889,3.594
1.58724730194444,3.563,1.58665112527778,3.584,1.58664828555556,3.594
1.58752478611111,3.563,1.58692926555556,3.584,1.58692606527778,3.594
1.58780277944444,3.563,1.58720733333333,3.584,1.58720419083333,3.604
1.58808074388889,3.563,1.5874849375,3.584,1.58748189666667,3.594
1.58835876027778,3.563,1.58776293,3.584,1.58776006583333,3.594
1.58863666027778,3.563,1.58804086555556,3.584,1.58803766388889,3.594
1.58891431138889,3.563,1.58831881194444,3.584,1.58831563472222,3.594
1.58919228361111,3.563,1.58859676277778,3.584,1.58859334222222,3.594
1.5894701175,3.563,1.58887422833333,3.584,1.58887151111111,3.594
1.58974804222222,3.563,1.58915213861111,3.584,1.58914906305556,3.594
1.59002571777778,3.563,1.58942996916667,3.584,1.58942658416667,3.594
1.59030335722222,3.574,1.58970780416667,3.584,1.58970510111111,3.594
1.59058142027778,3.563,1.58998583388889,3.584,1.58998249027778,3.594
1.59085908805556,3.563,1.59026373333333,3.584,1.59026046694444,3.594
1.59113716361111,3.563,1.59054183555556,3.584,1.59053847777778,3.594
1.59141523083333,3.563,1.59081937361111,3.584,1.59081634027778,3.594
1.59169335277778,3.563,1.59109744777778,3.584,1.59109426361111,3.594
1.59197061833333,3.574,1.59137547055556,3.584,1.59137182972222,3.604
1.59224865,3.563,1.59165345138889,3.584,1.59164935472222,3.594
1.59252645916667,3.563,1.59193111194444,3.584,1.59192758138889,3.594
1.59280446277778,3.574,1.59220893972222,3.584,1.59220553055556,3.594
1.59308244555556,3.574,1.59248663833333,3.584,1.59248321083333,3.594
1.59336022694444,3.574,1.59276489944444,3.584,1.5927610675,3.594
1.59363774638889,3.574,1.59304251611111,3.584,1.59303903027778,3.594
1.59391607361111,3.574,1.59332075888889,3.584,1.59331678388889,3.594
1.59419392166667,3.563,1.59359853277778,3.584,1.59359451722222,3.594
1.59447123444444,3.574,1.59387662472222,3.584,1.59387243472222,3.594
1.59474951611111,3.563,1.594154615,3.584,1.59415034861111,3.604
1.59502752833333,3.574,1.59443244527778,3.584,1.59442812333333,3.594
1.59530543333333,3.563,1.59471019277778,3.584,1.5947058025,3.604
1.59558357861111,3.574,1.59498839083333,3.584,1.59498394027778,3.594
1.59586143555556,3.574,1.59526638944444,3.584,1.59526173861111,3.604
1.59613927305556,3.574,1.5955441175,3.584,1.59553933388889,3.604
1.59641707472222,3.574,1.595822205,3.584,1.59581712166667,3.604
1.59669526166667,3.574,1.59610017805556,3.594,1.5960951525,3.594
1.59697295361111,3.574,1.59637790611111,3.594,1.59637306527778,3.594
1.597250675,3.574,1.5966558025,3.584,1.59665066361111,3.604
1.59752853305556,3.574,1.59693372555556,3.584,1.5969287425,3.594
1.59780624805556,3.574,1.59721157416667,3.594,1.59720655333333,3.604
1.59808414277778,3.574,1.59748934888889,3.594,1.59748503194444,3.604
1.5983617875,3.574,1.59776686388889,3.584,1.59776294722222,3.604
1.59863955972222,3.574,1.5980450875,3.584,1.59804078138889,3.604
1.59891776055556,3.574,1.59832283944444,3.594,1.59831868277778,3.604
1.59919509138889,3.574,1.59860048055556,3.584,1.59859684277778,3.604
1.59947305833333,3.574,1.59887859972222,3.584,1.59887454,3.604
1.59975069611111,3.574,1.59915672388889,3.584,1.59915259555556,3.604
1.60002866694444,3.574,1.59943484777778,3.594,1.59943031944444,3.604
1.60030671861111,3.574,1.59971254,3.584,1.59970820833333,3.604
1.6005847575,3.574,1.5999904375,3.594,1.59998612861111,3.604
1.60086271111111,3.574,1.60026821472222,3.594,1.60026389722222,3.604
1.60114057111111,3.574,1.60054589777778,3.594,1.60054170527778,3.604
1.6014183425,3.574,1.60082356805556,3.594,1.6008194125,3.604
1.60169622611111,3.574,1.60110140583333,3.594,1.60109707888889,3.604
1.60197435027778,3.574,1.60137931027778,3.594,1.60137495361111,3.604
1.60225208027778,3.574,1.60165716944444,3.594,1.60165306472222,3.604
1.60253032194444,3.574,1.60193465916667,3.594,1.60193071972222,3.604
1.60280792944444,3.574,1.60221296611111,3.594,1.60220855527778,3.594
1.60308535583333,3.574,1.60249076444444,3.594,1.60248642055556,3.604
1.60336362861111,3.574,1.60276864583333,3.594,1.60276459138889,3.604
1.6036414575,3.574,1.60304634472222,3.594,1.60304235472222,3.594
1.60391951361111,3.574,1.60332448,3.594,1.60332015805556,3.604
1.60419711833333,3.574,1.60360196777778,3.594,1.60359804944444,3.604
1.60447512916667,3.574,1.60388013361111,3.594,1.60387581055556,3.604
1.60475329361111,3.574,1.6041579825,3.594,1.60415398027778,3.604
1.60503094166667,3.574,1.60443587194444,3.594,1.60443156111111,3.604
1.6053087575,3.574,1.60471367916667,3.594,1.60470948277778,3.604
1.60558653277778,3.574,1.60499122916667,3.594,1.60498708222222,3.604
1.60586478666667,3.574,1.60526880527778,3.594,1.60526509527778,3.604
1.60614270777778,3.574,1.60554696055556,3.594,1.60554265194444,3.604
1.60642048638889,3.574,1.60582472888889,3.594,1.60582057611111,3.604
1.60669836333333,3.574,1.60610290527778,3.594,1.60609854083333,3.604
1.60697645694444,3.574,1.60638047,3.594,1.60637636916667,3.604
1.60725415,3.574,1.60665872583333,3.594,1.60665411111111,3.604
1.60753184638889,3.574,1.60693650694444,3.594,1.60693203388889,3.604
1.60780952333333,3.574,1.60721483944444,3.594,1.60720990527778,3.604
1.60808782611111,3.584,1.60749268222222,3.594,1.60748787944444,3.604
1.60836560194444,3.584,1.60777055888889,3.594,1.607765645,3.604
1.60864343166667,3.574,1.60804862694444,3.594,1.60804395361111,3.604
1.6089213725,3.574,1.60832651111111,3.594,1.60832151333333,3.604
1.60919897722222,3.574,1.60860419944444,3.594,1.60859928583333,3.604
1.60947731388889,3.574,1.60888184138889,3.594,1.60887723194444,3.604
1.60975529416667,3.584,1.60915973888889,3.594,1.60915503472222,3.604
1.61003299888889,3.574,1.60943773388889,3.594,1.60943287666667,3.604
1.6103106925,3.574,1.60971564027778,3.594,1.60971087972222,3.604
1.61058838222222,3.574,1.60999379638889,3.594,1.60998888944444,3.604
1.61086634694444,3.574,1.61027207888889,3.594,1.61026677583333,3.604
1.61114431694444,3.574,1.61054980055556,3.594,1.61054437833333,3.604
1.61142213277778,3.574,1.61082745361111,3.594,1.61082226388889,3.604
1.61170028861111,3.574,1.61110544111111,3.604,1.61110009916667,3.604
1.61197835527778,3.584,1.61138273833333,3.604,1.61137753777778,3.614
1.61225594361111,3.574,1.61166075,3.604,1.61165555527778,3.604
1.61253383583333,3.584,1.61193846972222,3.604,1.61193326666667,3.604
1.61281141361111,3.574,1.61221643305556,3.594,1.6122111125,3.604
1.61308963416667,3.584,1.61249422583333,3.594,1.61248895027778,3.604
1.61336749972222,3.574,1.61277203166667,3.594,1.61276700805556,3.614
1.61364549194444,3.584,1.61304972138889,3.594,1.61304451861111,3.604
1.6139233675,3.584,1.61332747833333,3.594,1.61332243361111,3.604
1.61420108472222,3.584,1.61360562305556,3.594,1.61360028222222,3.614
1.61447876222222,3.584,1.61388402222222,3.594,1.61387815138889,3.604
1.61475694,3.584,1.61416177777778,3.604,1.61415568805556,3.604
1.61503525916667,3.584,1.61443919555556,3.594,1.61443351194444,3.604
1.61531268055556,3.584,1.614717555,3.594,1.61471128611111,3.604
1.61559094111111,3.584,1.61499534694444,3.604,1.61498943111111,3.614
1.61586899722222,3.584,1.61527321472222,3.604,1.61526756027778,3.604
1.61614670722222,3.584,1.61555120472222,3.604,1.61554498944444,3.604
1.61642457194444,3.584,1.61582875027778,3.604,1.61582331805556,3.614
1.616702395,3.584,1.61610666694444,3.594,1.61610120583333,3.604
1.61698053055556,3.584,1.6163843775,3.594,1.61637893944444,3.604
1.61725874527778,3.584,1.61666259833333,3.604,1.61665657944444,3.614
1.61753619361111,3.584,1.61694001694444,3.604,1.61693480833333,3.604
1.61781439555556,3.584,1.61721771972222,3.594,1.61721266888889,3.604
1.61809199583333,3.584,1.61749593861111,3.594,1.6174907875,3.614
1.61837031944444,3.584,1.61777333444444,3.604,1.61776854972222,3.614
1.61864812416667,3.584,1.61805118777778,3.604,1.61804680527778,3.614
1.61892597055556,3.584,1.61832929444444,3.604,1.61832448833333,3.614
1.61920359583333,3.584,1.6186076825,3.604,1.61860224305556,3.614
1.61948166861111,3.584,1.61888514722222,3.604,1.61888032527778,3.614
1.61975932722222,3.584,1.61916315694444,3.604,1.6191581525,3.614
1.62003705194444,3.584,1.61944093472222,3.604,1.61943594916667,3.614
1.62031490138889,3.584,1.61971900944444,3.604,1.61971389888889,3.614
1.62059267027778,3.584,1.61999670944444,3.604,1.619991745,3.614
1.62087020888889,3.584,1.62027476666667,3.604,1.62026933694444,3.604
1.62114828166667,3.584,1.62055292527778,3.604,1.62054713805556,3.614
1.62142596333333,3.584,1.62083100083333,3.604,1.62082483944444,3.614
1.62170400166667,3.584,1.62110829611111,3.604,1.62110241416667,3.614
1.62198188944444,3.584,1.62138650861111,3.604,1.62138043416667,3.614
1.62226000555556,3.584,1.62166449083333,3.604,1.6216582775,3.614
1.62253782722222,3.584,1.62194200916667,3.604,1.62193612138889,3.614
1.62281577861111,3.584,1.62222015583333,3.604,1.62221407361111,3.614
1.62309352944444,3.584,1.62249775138889,3.604,1.62249226722222,3.614
1.62337114111111,3.584,1.62277572,3.604,1.62277022527778,3.614
1.62364934833333,3.584,1.62305338416667,3.604,1.6230480125,3.614
1.62392672944444,3.584,1.62333089055556,3.604,1.62332595833333,3.614
1.62420498944444,3.584,1.62360890055556,3.604,1.62360352972222,3.614
1.62448272305556,3.584,1.62388679583333,3.604,1.62388133361111,3.614
1.62476045944444,3.584,1.62416424027778,3.604,1.62415933722222,3.614
1.62503862277778,3.584,1.62444231,3.604,1.62443728222222,3.614
1.62531597111111,3.584,1.62472028138889,3.604,1.62471487361111,3.614
1.62559430166667,3.584,1.62499830555556,3.604,1.62499278055556,3.614
1.62587228777778,3.584,1.62527608361111,3.604,1.62527038888889,3.614
1.62615009916667,3.584,1.62555382916667,3.604,1.62554843194444,3.614
1.626427695,3.584,1.62583175,3.604,1.62582604527778,3.614
1.62670537555556,3.584,1.62610955111111,3.604,1.62610362388889,3.614
1.62698314888889,3.584,1.62638742555556,3.604,1.6263815725,3.614
1.62726148833333,3.584,1.6266652125,3.604,1.62665941638889,3.614
1.62753943666667,3.584,1.62694326555556,3.604,1.62693735361111,3.614
1.62781732777778,3.584,1.62722125055556,3.614,1.62721540583333,3.614
1.62809492111111,3.584,1.62749886305556,3.604,1.62749334666667,3.614
1.62837290916667,3.584,1.6277767425,3.604,1.62777074527778,3.614
1.62865079277778,3.584,1.62805438472222,3.604,1.62804897666667,3.614
1.62892863472222,3.584,1.62833237138889,3.604,1.62832645861111,3.614
1.62920663916667,3.584,1.62861,3.604,1.62860421805556,3.614
1.62948402972222,3.584,1.62888790944444,3.604,1.62888256138889,3.614
1.62976215472222,3.584,1.62916550388889,3.604,1.62916054722222,3.614
1.63003951027778,3.594,1.6294435525,3.604,1.62943847138889,3.614
1.63031764944444,3.584,1.62972157805556,3.604,1.6297164375,3.614
1.63059509194444,3.584,1.62999916527778,3.604,1.62999390138889,3.614
1.63087319361111,3.594,1.63027707777778,3.604,1.63027201027778,3.614
1.63115112527778,3.594,1.63055450888889,3.614,1.63055014138889,3.614
1.63142873083333,3.594,1.63083257305556,3.604,1.6308278325,3.614
1.63170696777778,3.594,1.63111023611111,3.604,1.63110545916667,3.614
1.63198480666667,3.584,1.63138807222222,3.604,1.63138364666667,3.614
1.63226260277778,3.584,1.6316657925,3.604,1.63166165611111,3.614
1.63254039194444,3.594,1.63194353111111,3.614,1.63193996527778,3.614
1.63281891611111,3.584,1.6322213625,3.604,1.63221797944444,3.614
1.63309628805556,3.584,1.63249943611111,3.614,1.63249580277778,3.614
1.63337438722222,3.594,1.63277713555556,3.614,1.63277370944444,3.614
1.633652345,3.594,1.63305501277778,3.614,1.633051435,3.614
1.63393019305556,3.594,1.63333288388889,3.604,1.63332909555556,3.614
1.63420783361111,3.594,1.63361086333333,3.614,1.63360708777778,3.614
1.63448572277778,3.594,1.63388890638889,3.614,1.63388441083333,3.614
1.63476360555556,3.594,1.63416665611111,3.614,1.63416254277778,3.614
1.635041285,3.584,1.63444451666667,3.604,1.63444054361111,3.614
1.635318965,3.594,1.63472245472222,3.614,1.6347185425,3.614
1.63559690027778,3.594,1.63500052361111,3.614,1.63499649888889,3.614
1.63587493416667,3.594,1.63527869361111,3.614,1.63527424777778,3.614
1.63615274472222,3.594,1.63555635472222,3.614,1.63555188277778,3.614
1.63643081444444,3.594,1.63583449,3.614,1.63582970166667,3.614
1.63670856694444,3.594,1.636112335,3.614,1.63610763055556,3.614
1.63698667972222,3.594,1.63639013583333,3.604,1.6363855325,3.614
1.63726424861111,3.594,1.63666822777778,3.614,1.63666340055556,3.614
1.6375420975,3.584,1.63694611166667,3.614,1.63694114055556,3.614
1.63781993166667,3.594,1.63722401305556,3.614,1.63721884194444,3.614
1.63809732666667,3.594,1.63750159666667,3.614,1.63749672194444,3.614
1.63837556416667,3.594,1.637779365,3.614,1.63777442388889,3.614
1.63865364222222,3.594,1.63805710777778,3.604,1.63805232777778,3.614
1.63893138055556,3.594,1.63833503527778,3.614,1.638330035,3.614
1.6392093975,3.594,1.63861259472222,3.614,1.63860813861111,3.614
1.63948754638889,3.594,1.63889033777778,3.614,1.63888595388889,3.614
1.63976537111111,3.594,1.63916806777778,3.614,1.63916333555556,3.614
1.64004311638889,3.594,1.63944612583333,3.614,1.63944151388889,3.614
1.64032119694444,3.594,1.63972386333333,3.614,1.63971933166667,3.614
1.64059898722222,3.594,1.64000176166667,3.614,1.639997265,3.614
1.64087673444444,3.594,1.64027941,3.614,1.64027506666667,3.614
1.64115463611111,3.594,1.64055708638889,3.614,1.64055312222222,3.614
1.64143287777778,3.594,1.64083505833333,3.614,1.64083086861111,3.625
1.64171087888889,3.594,1.64111281944444,3.614,1.64110867222222,3.614
1.64198924305556,3.594,1.64139042777778,3.614,1.64138671861111,3.614
1.64226718333333,3.594,1.64166841916667,3.614,1.64166417416667,3.614
1.64254488972222,3.594,1.64194640333333,3.614,1.64194222222222,3.614
1.64282296277778,3.594,1.64222416722222,3.614,1.64221999305556,3.614
1.64310133444444,3.594,1.6425016225,3.614,1.64249773833333,3.614
1.64337925944444,3.594,1.64278001694444,3.614,1.64277549305556,3.625
1.643657205,3.594,1.64305808333333,3.614,1.64305368861111,3.614
1.64393529805556,3.594,1.64333593472222,3.614,1.6433313125,3.614
1.64421311055556,3.594,1.64361404277778,3.614,1.64360912861111,3.614
1.64449082,3.594,1.64389214527778,3.614,1.64388760944444,3.614
1.64476839611111,3.594,1.64417022333333,3.614,1.644165055,3.625
1.64504628555556,3.594,1.64444805888889,3.614,1.64444271861111,3.614
1.64532460416667,3.594,1.64472590055556,3.614,1.64472064666667,3.614
1.64560240305556,3.594,1.64500353805556,3.614,1.64499854666667,3.614
1.64588003138889,3.594,1.64528160277778,3.614,1.64527637083333,3.614
1.64615801166667,3.594,1.64555937555556,3.614,1.64555382444444,3.614
1.64643572055556,3.594,1.64583743805556,3.614,1.64583203111111,3.614
1.64671362861111,3.594,1.64611564194444,3.614,1.64610960916667,3.614
1.646991575,3.594,1.64639352861111,3.614,1.6463875475,3.614
1.64726931055556,3.594,1.64667134027778,3.614,1.64666525777778,3.614
1.64754696166667,3.594,1.64694948861111,3.614,1.64694342222222,3.614
1.64782518333333,3.594,1.64722723944444,3.614,1.64722074138889,3.614
1.64810286944444,3.594,1.64750517,3.614,1.64749884194444,3.614
1.64838087888889,3.594,1.64778273333333,3.614,1.64777628388889,3.614
1.64865888388889,3.594,1.648060965,3.614,1.64805477333333,3.614
1.64893690194444,3.594,1.64833841666667,3.614,1.64833241722222,3.614
1.64921492388889,3.594,1.64861619361111,3.614,1.64861075083333,3.614
1.64949252055556,3.604,1.64889395555556,3.614,1.6488885325,3.625
1.64977043777778,3.594,1.64917205333333,3.614,1.649166515,3.625
1.65004825638889,3.594,1.649450115,3.614,1.6494447275,3.625
1.65032600694444,3.594,1.64972771166667,3.614,1.64972260138889,3.614
1.65060394194444,3.594,1.65000564666667,3.614,1.65000088916667,3.614
1.65088172861111,3.594,1.65028347611111,3.614,1.65027859416667,3.614
1.65115961194444,3.594,1.65056144416667,3.614,1.65055642111111,3.614
1.65143778527778,3.604,1.65083932694444,3.614,1.65083430777778,3.625
1.65171558305556,3.594,1.65111731861111,3.614,1.65111196277778,3.625
1.65199346388889,3.594,1.65139502555556,3.614,1.65139013777778,3.614
1.65227124722222,3.594,1.65167285277778,3.614,1.65166823305556,3.625
1.6525491125,3.604,1.65195027777778,3.614,1.65194600222222,3.614
1.65282690805556,3.604,1.65222834972222,3.614,1.65222410694444,3.625
1.65310475916667,3.604,1.65250657,3.614,1.65250189527778,3.625
1.65338247694444,3.604,1.65278412138889,3.614,1.65277985305556,3.625
1.65366020361111,3.604,1.65306243305556,3.614,1.65305774861111,3.625
1.65393809305556,3.604,1.65334048638889,3.614,1.6533357025,3.614
1.65421596833333,3.594,1.65361845666667,3.614,1.65361355027778,3.625
1.65449389722222,3.594,1.65389606472222,3.614,1.65389159888889,3.625
1.6547715975,3.604,1.65417442833333,3.614,1.65416946722222,3.614
1.65504908638889,3.604,1.65445203472222,3.614,1.65444755166667,3.625
1.65532715166667,3.604,1.65473004583333,3.614,1.65472524583333,3.625
1.65560478055556,3.604,1.65500800944444,3.614,1.65500328194444,3.625
1.65588328194444,3.604,1.65528573138889,3.614,1.65528146916667,3.625
1.65616088666667,3.594,1.65556347305556,3.614,1.65555923472222,3.625
1.65643881638889,3.604,1.65584121111111,3.614,1.65583689333333,3.625
1.6567161625,3.594,1.65611924,3.614,1.65611471638889,3.625
1.65699429388889,3.604,1.65639677416667,3.614,1.65639261805556,3.625
1.65727216638889,3.604,1.6566747125,3.614,1.65666996527778,3.625
1.65754979194444,3.604,1.65695225527778,3.614,1.65694844138889,3.625
1.65782798277778,3.604,1.65723019361111,3.614,1.65722625944444,3.625
1.65810547555556,3.604,1.65750810388889,3.614,1.65750417138889,3.625
1.65838359833333,3.604,1.65778623722222,3.614,1.657782485,3.625
1.65866152027778,3.604,1.65806381888889,3.614,1.65805997611111,3.625
1.65893925583333,3.604,1.65834189166667,3.614,1.65833799361111,3.625
1.65921717222222,3.604,1.65862030416667,3.625,1.65861610777778,3.625
1.65949498305556,3.604,1.65889809555556,3.614,1.65889372583333,3.625
1.65977293972222,3.604,1.65917602333333,3.614,1.65917182194444,3.625
1.66005085555556,3.604,1.65945396527778,3.614,1.65944982416667,3.625
1.66032885833333,3.604,1.65973180611111,3.614,1.65972717833333,3.625
1.66060664694444,3.604,1.66000957888889,3.614,1.66000541583333,3.625
1.66088445722222,3.604,1.66028772555556,3.614,1.66028305055556,3.625
1.66116182166667,3.604,1.66056576472222,3.614,1.66056104027778,3.625
1.66143956944444,3.604,1.66084340194444,3.614,1.66083892916667,3.625
1.66171776194444,3.604,1.66112174916667,3.625,1.66111675444444,3.625
1.66199562083333,3.604,1.66139938111111,3.614,1.66139427277778,3.625
1.66227341527778,3.604,1.66167738333333,3.614,1.66167212222222,3.625
1.66255174388889,3.604,1.66195492944444,3.625,1.66195033472222,3.625
1.66282992555556,3.604,1.66223324388889,3.625,1.66222820361111,3.625
1.66310787916667,3.604,1.66251107638889,3.614,1.66250597472222,3.625
1.66338558694444,3.604,1.66278882638889,3.625,1.66278395333333,3.625
1.66366341222222,3.604,1.66306676638889,3.614,1.66306194694444,3.625
1.66394123861111,3.604,1.66334462888889,3.614,1.6633399075,3.625
1.66421896583333,3.604,1.66362266472222,3.614,1.66361780472222,3.625
1.66449721611111,3.604,1.66390011444444,3.625,1.66389544138889,3.625
1.66477490472222,3.604,1.66417774,3.614,1.66417331611111,3.625
1.66505271527778,3.604,1.66445598583333,3.625,1.66445110583333,3.625
1.66533037861111,3.604,1.66473363555556,3.625,1.66472892361111,3.625
1.66560844305556,3.604,1.66501105666667,3.625,1.66500673888889,3.625
1.66588620861111,3.604,1.66528909583333,3.625,1.66528421361111,3.625
1.66616404027778,3.604,1.66556729666667,3.625,1.66556235888889,3.625
1.66644176638889,3.604,1.66584511138889,3.614,1.66584036222222,3.625
1.66672018194444,3.604,1.66612287416667,3.625,1.6661180325,3.625
1.66699802722222,3.604,1.66640063638889,3.625,1.66639616722222,3.625
1.66727622861111,3.604,1.66667832833333,3.625,1.66667376472222,3.625
1.66755409083333,3.604,1.66695652972222,3.625,1.66695165888889,3.625
1.66783186027778,3.604,1.66723415055556,3.614,1.66722933972222,3.625
1.66810989972222,3.604,1.66751226888889,3.625,1.66750717916667,3.625
1.66838775888889,3.604,1.66779021583333,3.625,1.66778505638889,3.625
1.66866539527778,3.604,1.66806838,3.625,1.66806294111111,3.625
1.66894304444444,3.604,1.66834624277778,3.625,1.66834079583333,3.625
1.66922090305556,3.604,1.66862391333333,3.625,1.66861931694444,3.625
1.66949864111111,3.604,1.66890203722222,3.625,1.66889724222222,3.625
1.66977659138889,3.604,1.66917949111111,3.625,1.669175075,3.625
1.67005439472222,3.604,1.66945730888889,3.625,1.66945309916667,3.625
1.67033204444444,3.604,1.66973537222222,3.625,1.66973075444444,3.625
1.67060980166667,3.604,1.67001294055556,3.625,1.67000900305556,3.625
1.67088781555556,3.614,1.67029074611111,3.625,1.670286595,3.625
1.67116538666667,3.604,1.67056857527778,3.625,1.6705645625,3.625
1.67144313,3.604,1.67084683777778,3.625,1.67084189388889,3.625
1.67172100166667,3.604,1.67112489888889,3.625,1.67111984111111,3.625
1.67199917888889,3.604,1.6714027075,3.625,1.67139747055556,3.625
1.67227704305556,3.604,1.67168071166667,3.614,1.67167517444444,3.625
1.67255504888889,3.604,1.67195844638889,3.625,1.67195347416667,3.625
1.67283295361111,3.614,1.67223625166667,3.625,1.67223163055556,3.625
1.67311083416667,3.614,1.67251471472222,3.625,1.67250932638889,3.625
1.67338870194444,3.604,1.67279281055556,3.625,1.67278718833333,3.625
1.67366662611111,3.614,1.67307029916667,3.625,1.67306506111111,3.625
1.67394434611111,3.614,1.67334846861111,3.625,1.67334266527778,3.625
1.674221855,3.604,1.67362652861111,3.625,1.67362078166667,3.625
1.67449983388889,3.614,1.67390415944444,3.625,1.6738987425,3.625
1.67477794055556,3.604,1.67418210416667,3.625,1.67417680916667,3.625
1.67505564555556,3.614,1.67445964861111,3.625,1.67445482722222,3.625
1.67533387222222,3.614,1.67473761111111,3.625,1.67473244972222,3.625
1.67561177111111,3.614,1.67501544583333,3.625,1.67501040527778,3.625
1.67588961333333,3.614,1.67529333527778,3.625,1.67528832,3.625
1.676167175,3.614,1.67557094916667,3.625,1.67556618027778,3.625
1.67644510083333,3.614,1.67584907277778,3.625,1.67584373416667,3.625
1.67672302305556,3.614,1.67612701111111,3.625,1.67612149694444,3.625
1.67700117666667,3.614,1.67640478027778,3.625,1.67639949972222,3.625
1.67727903777778,3.614,1.67668244944444,3.625,1.67667734444444,3.625
1.67755715222222,3.604,1.67696048222222,3.625,1.67695523416667,3.625
1.67783494722222,3.604,1.67723854638889,3.625,1.67723314777778,3.625
1.67811301055556,3.614,1.6775167275,3.625,1.6775104475,3.625
1.6783908175,3.614,1.67779461972222,3.625,1.67778843,3.625
1.67866845194444,3.614,1.6780724425,3.625,1.6780662725,3.625
1.67894644888889,3.614,1.67834998972222,3.625,1.6783443625,3.625
1.67922436777778,3.614,1.67862803555556,3.625,1.67862231833333,3.625
1.67950203083333,3.614,1.6789056475,3.625,1.67890017888889,3.625
1.67978019138889,3.614,1.67918370888889,3.625,1.67917847583333,3.625
1.68005776472222,3.614,1.67946149611111,3.625,1.67945614138889,3.625
1.68033590194444,3.614,1.6797396325,3.625,1.67973424611111,3.625
1.68061352166667,3.614,1.68001754194444,3.625,1.68001204361111,3.625
1.6808914225,3.614,1.68029540527778,3.625,1.68028992416667,3.625
1.68116933138889,3.614,1.68057308638889,3.625,1.68056772666667,3.625
1.68144702527778,3.614,1.68085075166667,3.625,1.68084571944444,3.625
1.68172476861111,3.614,1.68112855222222,3.625,1.68112355055556,3.625
1.68200254083333,3.614,1.68140688555556,3.625,1.68140105527778,3.625
1.68228039111111,3.614,1.68168458027778,3.625,1.68167913611111,3.625
1.68255834833333,3.614,1.68196250388889,3.625,1.68195715111111,3.625
1.68283616111111,3.614,1.68224042305556,3.625,1.6822346025,3.625
1.68311419361111,3.614,1.68251798611111,3.625,1.68251292,3.625
1.68339244416667,3.614,1.6827958725,3.625,1.68279068055556,3.625
1.68366985777778,3.614,1.68307366888889,3.625,1.68306851333333,3.625
1.68394760722222,3.614,1.68335178888889,3.625,1.68334631222222,3.625
1.68422581444444,3.614,1.68362941111111,3.625,1.68362384722222,3.625
1.68450343861111,3.614,1.68390738888889,3.625,1.68390203833333,3.635
1.68478106277778,3.614,1.68418549388889,3.625,1.68418004694444,3.625
1.68505866055556,3.614,1.68446361027778,3.625,1.68445744388889,3.625
1.68533690666667,3.614,1.68474156472222,3.625,1.68473522111111,3.625
1.68561456555556,3.614,1.68501919,3.625,1.68501344277778,3.625
1.68589208388889,3.614,1.68529662944444,3.625,1.68529116638889,3.625
1.68617024138889,3.614,1.68557476666667,3.625,1.68556918388889,3.625
1.68644826027778,3.614,1.68585242555556,3.625,1.68584733555556,3.625
1.68672612388889,3.614,1.68613043,3.625,1.68612512472222,3.625
1.68700407333333,3.614,1.68640830416667,3.625,1.68640333805556,3.625
1.68728219916667,3.614,1.68668576111111,3.625,1.68668150194444,3.625
1.68756024361111,3.614,1.68696394666667,3.625,1.68695907666667,3.625
1.68783830416667,3.614,1.68724179611111,3.625,1.68723700861111,3.625
1.688115875,3.614,1.68751977833333,3.625,1.68751475388889,3.635
1.68839400666667,3.614,1.68779761333333,3.625,1.68779272305556,3.625
1.68867177527778,3.614,1.68807533333333,3.625,1.6880706975,3.625
1.68894985583333,3.614,1.68835314777778,3.625,1.68834903916667,3.625
1.68922759388889,3.614,1.688630955,3.625,1.68862687083333,3.625
1.68950540472222,3.614,1.68890860416667,3.625,1.68890468555556,3.625
1.68978328361111,3.614,1.68918659888889,3.625,1.68918246472222,3.635
1.69006099388889,3.614,1.68946450861111,3.625,1.68946070888889,3.625
1.69033876333333,3.614,1.68974212611111,3.625,1.68973852916667,3.625
1.69061658916667,3.614,1.69002019555556,3.625,1.69001674583333,3.625
1.69089471305556,3.614,1.69029801,3.625,1.69029482444444,3.625
1.69117261722222,3.614,1.69057625194444,3.625,1.69057240333333,3.625
1.69145035583333,3.614,1.69085361055556,3.625,1.69085037361111,3.625
1.69172823277778,3.614,1.69113166972222,3.625,1.6911279575,3.635
1.69200622138889,3.614,1.69140956,3.625,1.69140567055556,3.635
1.69228433944444,3.614,1.69168739583333,3.625,1.69168391305556,3.635
1.69256217694444,3.614,1.69196529777778,3.625,1.69196193611111,3.625
1.69283993472222,3.614,1.69224322,3.625,1.69223953055556,3.635
1.69311766055556,3.614,1.69252131555556,3.625,1.69251757777778,3.625
1.69339531722222,3.614,1.69279938166667,3.625,1.6927951725,3.625
1.69367289638889,3.614,1.69307732694444,3.625,1.69307302583333,3.625
1.6939513175,3.614,1.69335540194444,3.625,1.69335097638889,3.625
1.6942288775,3.614,1.69363325527778,3.625,1.69362852194444,3.635
1.69450670277778,3.614,1.69391119583333,3.625,1.69390624138889,3.625
1.69478500194444,3.614,1.69418901055556,3.625,1.69418410777778,3.625
1.6950625775,3.614,1.694466865,3.625,1.69446223055556,3.625
1.69534036277778,3.614,1.69474515166667,3.625,1.69474003583333,3.625
1.69561826583333,3.614,1.69502311666667,3.625,1.69501795861111,3.625
1.69589562611111,3.614,1.69530122611111,3.625,1.69529571583333,3.625
1.696173385,3.614,1.69557859444444,3.625,1.69557384611111,3.635
1.69645165361111,3.614,1.69585678222222,3.625,1.69585179888889,3.625
1.69672924861111,3.614,1.69613449111111,3.625,1.69612945861111,3.635
1.69700745305556,3.614,1.69641235722222,3.625,1.69640716194444,3.625
1.69728481972222,3.614,1.696690105,3.625,1.69668475722222,3.625
1.69756310833333,3.614,1.69696782361111,3.625,1.69696284833333,3.635
1.69784088916667,3.614,1.69724593027778,3.625,1.69724079055556,3.625
1.69811919194444,3.614,1.69752388972222,3.625,1.69751864416667,3.635
1.69839692972222,3.614,1.69780176361111,3.625,1.69779631194444,3.625
1.69867456555556,3.614,1.69807938055556,3.625,1.69807418111111,3.635
1.69895287611111,3.614,1.69835750916667,3.625,1.6983519125,3.625
1.69923093083333,3.614,1.69863493416667,3.625,1.69863003638889,3.625
1.69950886861111,3.614,1.69891295027778,3.625,1.69890818861111,3.635
1.69978643833333,3.614,1.69919098472222,3.625,1.69918588694444,3.625
1.70006436083333,3.614,1.69946854027778,3.635,1.69946381055556,3.625
1.70034199222222,3.614,1.69974654861111,3.625,1.69974161305556,3.625
1.70062026194444,3.614,1.70002383694444,3.625,1.70001957833333,3.635
1.70089814583333,3.614,1.70030185916667,3.625,1.70029704388889,3.635
1.70117609083333,3.614,1.70057991055556,3.625,1.70057499777778,3.635
1.70145361722222,3.614,1.70085787305556,3.625,1.70085310722222,3.635
1.70173157861111,3.614,1.70113558027778,3.625,1.70113098888889,3.625
1.70200918583333,3.614,1.70141330611111,3.625,1.70140877861111,3.635
1.70228722055556,3.614,1.70169109694444,3.635,1.70168674972222,3.635
1.70256478388889,3.614,1.701969555,3.625,1.70196465194444,3.625
1.70284255722222,3.614,1.70224719333333,3.625,1.70224236222222,3.635
1.70312015194444,3.614,1.70252479055556,3.625,1.7025200375,3.635
1.70339829361111,3.614,1.70280282583333,3.625,1.70279794638889,3.635
1.70367592777778,3.614,1.70308072222222,3.625,1.70307614138889,3.635
1.70395385222222,3.614,1.70335855166667,3.625,1.70335399055556,3.635
1.70423195833333,3.614,1.70363687555556,3.625,1.70363155416667,3.635
1.70450926111111,3.614,1.70391468611111,3.635,1.70390977944444,3.625
1.70478728638889,3.614,1.70419268138889,3.625,1.70418743527778,3.625
1.70506557777778,3.614,1.70447106944444,3.625,1.70446550055556,3.625
1.70534314055556,3.614,1.70474872638889,3.625,1.70474333111111,3.635
1.70562085833333,3.625,1.7050266125,3.625,1.70502108833333,3.635
1.70589875305556,3.614,1.70530475944444,3.625,1.70529883888889,3.635
1.70617705527778,3.614,1.70558279333333,3.625,1.70557706166667,3.635
1.70645475972222,3.614,1.7058606275,3.635,1.70585474805556,3.635
1.70673232361111,3.614,1.70613862166667,3.625,1.70613254527778,3.635
1.70701055416667,3.614,1.70641633666667,3.625,1.70641011805556,3.625
1.70728849277778,3.614,1.70669426611111,3.625,1.70668817722222,3.635
1.70756638666667,3.614,1.70697187666667,3.625,1.70696579138889,3.635
1.70784422861111,3.614,1.70724986416667,3.625,1.70724356916667,3.635
1.70812202777778,3.625,1.70752778972222,3.635,1.70752153888889,3.635
1.70839996972222,3.614,1.70780532111111,3.625,1.70779916722222,3.635
1.70867756388889,3.614,1.70808351055556,3.625,1.70807693361111,3.635
1.70895563638889,3.614,1.70836110083333,3.625,1.70835523333333,3.635
1.70923362611111,3.614,1.70863906055556,3.625,1.70863316944444,3.635
1.70951147388889,3.625,1.70891647611111,3.635,1.70891064611111,3.625
1.70978926666667,3.614,1.70919412416667,3.635,1.70918870138889,3.635
1.71006723333333,3.614,1.70947220277778,3.625,1.70946674444444,3.635
1.71034494333333,3.614,1.70974983138889,3.635,1.70974458777778,3.635
1.71062304944444,3.614,1.71002748888889,3.635,1.71002246916667,3.625
1.71090064277778,3.625,1.71030547305556,3.625,1.71030060944444,3.635
1.71117867694444,3.614,1.71058329583333,3.625,1.71057796111111,3.635
1.71145665777778,3.614,1.71086112222222,3.635,1.71085604805556,3.635
1.71173426194444,3.625,1.71113900833333,3.635,1.71113384055556,3.635
1.71201203222222,3.625,1.71141664,3.635,1.71141190916667,3.635
1.71228994527778,3.614,1.71169459361111,3.625,1.71168996638889,3.635
1.71256775861111,3.625,1.71197239527778,3.625,1.71196783333333,3.635
1.71284551805556,3.614,1.71225020305556,3.635,1.71224527916667,3.635
1.71312329861111,3.625,1.71252842305556,3.625,1.71252324888889,3.635
1.71340100972222,3.614,1.71280624888889,3.635,1.71280105638889,3.635
1.71367889638889,3.625,1.71308428722222,3.625,1.71307875944444,3.635
1.71395651305556,3.625,1.71336194805556,3.635,1.71335666222222,3.635
1.71423441388889,3.614,1.71364001805556,3.635,1.71363459444444,3.635
1.71451244222222,3.614,1.71391790694444,3.635,1.71391260027778,3.625
1.71479011,3.625,1.71419564416667,3.635,1.71419069138889,3.635
1.71506784805556,3.614,1.71447365972222,3.635,1.71446808166667,3.635
1.71534591666667,3.625,1.71475154916667,3.635,1.71474629722222,3.635
1.71562389861111,3.625,1.71502958444444,3.635,1.71502401,3.635
1.71590173,3.625,1.71530765,3.625,1.71530184055556,3.635
1.71617987527778,3.625,1.7155852725,3.635,1.71557981833333,3.635
1.71645786472222,3.614,1.71586314472222,3.625,1.7158574225,3.635
1.71673565638889,3.614,1.71614087916667,3.635,1.71613548027778,3.635
1.71701367333333,3.625,1.71641863,3.625,1.71641357583333,3.635
1.71729166638889,3.614,1.71669670722222,3.635,1.7166914625,3.635
1.717569175,3.614,1.71697478111111,3.625,1.71696995833333,3.635
1.7178470725,3.625,1.71725248444444,3.625,1.71724782416667,3.635
1.71812496944444,3.614,1.71753017722222,3.635,1.71752522861111,3.635
1.71840254166667,3.614,1.71780823722222,3.635,1.71780334111111,3.635
1.71868030055556,3.625,1.71808615111111,3.635,1.71808147277778,3.635
1.71895850472222,3.625,1.71836396055556,3.635,1.71835932305556,3.635
1.71923619805556,3.625,1.7186421975,3.635,1.71863705472222,3.635
1.71951415944444,3.614,1.71891986,3.625,1.71891472055556,3.635
1.71979217305556,3.625,1.71919786555556,3.635,1.71919243027778,3.635
1.72007005472222,3.625,1.71947591583333,3.635,1.71947026583333,3.635
1.72034803388889,3.625,1.71975382,3.635,1.71974826638889,3.635
1.72062612055556,3.625,1.72003153583333,3.635,1.72002643444444,3.635
1.72090412861111,3.625,1.72030931472222,3.635,1.72030425416667,3.635
1.72118173527778,3.625,1.72058726416667,3.635,1.720582045,3.635
1.72145988416667,3.625,1.72086531805556,3.635,1.72085976666667,3.635
1.72173808583333,3.625,1.72114318527778,3.635,1.72113784194444,3.635
1.72201558305556,3.625,1.72142088694444,3.635,1.72141515277778,3.635
1.72229338861111,3.625,1.72169862861111,3.635,1.72169337916667,3.635
1.7225716275,3.625,1.72197713611111,3.635,1.72197128388889,3.635
1.72284923666667,3.625,1.72225438166667,3.635,1.72224914805556,3.635
1.72312717916667,3.625,1.72253244555556,3.635,1.72252716777778,3.635
1.72340482416667,3.625,1.722810375,3.635,1.72280509416667,3.635
1.72368246277778,3.625,1.72308820055556,3.635,1.72308286166667,3.635
1.72396038027778,3.625,1.72336616222222,3.635,1.72336081111111,3.635
1.72423814027778,3.625,1.72364431694444,3.635,1.72363863638889,3.635
1.72451581166667,3.625,1.72392228694444,3.635,1.72391635805556,3.635
1.72479394277778,3.625,1.72420013388889,3.635,1.72419421916667,3.635
1.72507169583333,3.625,1.72447812472222,3.635,1.72447212638889,3.635
1.7253494175,3.625,1.72475599583333,3.635,1.7247501075,3.635
1.72562700138889,3.625,1.72503402277778,3.625,1.72502774555556,3.635
1.72590519555556,3.625,1.72531137055556,3.635,1.72530543527778,3.635
1.72618325083333,3.625,1.72558948583333,3.635,1.725583805,3.635
1.72646061555556,3.625,1.72586765694444,3.635,1.72586132666667,3.635
1.7267388725,3.625,1.726145585,3.635,1.72613912972222,3.635
1.72701661,3.625,1.72642406194444,3.635,1.72641690583333,3.635
1.72729414388889,3.625,1.72670136555556,3.635,1.72669511722222,3.635
1.72757225277778,3.625,1.72697956111111,3.635,1.72697277694444,3.635
1.72785017972222,3.625,1.72725765305556,3.635,1.72725124805556,3.635
1.72812807527778,3.625,1.72753521805556,3.635,1.72752858222222,3.635
1.72840639222222,3.625,1.72781331861111,3.635,1.7278062725,3.635
1.72868398722222,3.625,1.72809136083333,3.635,1.72808404583333,3.635
1.72896219722222,3.625,1.728369225,3.635,1.72836227,3.635
1.72924003944444,3.625,1.72864735611111,3.635,1.72863972972222,3.635
1.72951827527778,3.625,1.72892473222222,3.635,1.72891780472222,3.635
1.72979621583333,3.625,1.72920278916667,3.635,1.72919589861111,3.635
1.73007414611111,3.625,1.72948058527778,3.635,1.72947422277778,3.635
1.73035176527778,3.625,1.72975840583333,3.635,1.7297519525,3.635
1.73062963972222,3.625,1.73003635166667,3.635,1.73002986444444,3.635
1.73090771138889,3.625,1.73031448916667,3.635,1.73030722361111,3.635
1.73118536833333,3.625,1.73059232277778,3.635,1.73058526,3.635
1.73146309833333,3.625,1.73087013916667,3.635,1.73086297305556,3.635
1.73174087,3.625,1.73114795055556,3.635,1.73114108722222,3.635
1.73201871444444,3.625,1.73142569166667,3.635,1.73141921944444,3.635
1.7322966325,3.625,1.73170398388889,3.635,1.73169660277778,3.635
1.7325745325,3.625,1.7319816575,3.635,1.73197479388889,3.635
1.73285270861111,3.625,1.73225953305556,3.635,1.73225255277778,3.635
1.73313041638889,3.625,1.73253736527778,3.635,1.73253035111111,3.635
1.73340855888889,3.625,1.73281494222222,3.635,1.73280804527778,3.635
1.73368617388889,3.625,1.7330928,3.635,1.73308588027778,3.635
1.73396398833333,3.625,1.73337056805556,3.635,1.73336330833333,3.635
1.73424145805556,3.625,1.73364873694444,3.635,1.7336415,3.635
1.73451944194444,3.625,1.73392665,3.635,1.73391946388889,3.635
1.73479748972222,3.625,1.73420452527778,3.635,1.73419735277778,3.635
1.73507513027778,3.625,1.73448204138889,3.635,1.7344751925,3.635
1.73535308611111,3.625,1.73475998138889,3.635,1.73475302527778,3.635
1.73563084583333,3.625,1.73503760083333,3.635,1.73503079527778,3.635
1.73590893,3.625,1.73531523805556,3.635,1.73530886833333,3.635
1.73618662527778,3.625,1.73559341555556,3.635,1.73558659083333,3.635
1.73646396305556,3.625,1.73587111722222,3.635,1.7358644275,3.635
1.736741915,3.625,1.73614900805556,3.635,1.73614211722222,3.635
1.73701986916667,3.625,1.73642720527778,3.635,1.73641987333333,3.635
1.73729754861111,3.625,1.73670494,3.635,1.73669769083333,3.635
1.73757563972222,3.625,1.73698291805556,3.635,1.73697582972222,3.635
1.73785363194444,3.625,1.73726050916667,3.635,1.73725397361111,3.635
1.73813124555556,3.625,1.73753879527778,3.635,1.73753202361111,3.635
1.73840906861111,3.625,1.737816335,3.635,1.73780968944444,3.635
1.7386869,3.625,1.73809458361111,3.635,1.7380879075,3.635
1.73896486416667,3.625,1.73837223666667,3.635,1.73836604444444,3.635
1.73924257361111,3.625,1.73864997444444,3.635,1.73864383333333,3.635
1.73952074416667,3.625,1.73892777694444,3.635,1.73892178083333,3.635
1.73979881305556,3.625,1.73920569611111,3.635,1.73919971055556,3.635
1.74007665638889,3.625,1.73948346944444,3.635,1.7394775925,3.635
1.74035494111111,3.625,1.73976185527778,3.635,1.73975565055556,3.635
1.740632505,3.625,1.74003913888889,3.635,1.74003339277778,3.635
1.74091036916667,3.625,1.74031738638889,3.635,1.740311145,3.635
1.74118798027778,3.625,1.74059508138889,3.635,1.74058894388889,3.635
1.7414661,3.625,1.74087282916667,3.635,1.74086674194444,3.635
1.7417437375,3.625,1.74115063777778,3.635,1.74114415944444,3.635
1.74202160694444,3.625,1.74142833083333,3.635,1.741422655,3.635
1.7422991625,3.625,1.74170621916667,3.635,1.74170046138889,3.635
1.74257688972222,3.625,1.74198381027778,3.635,1.74197823777778,3.635
1.74285493333333,3.625,1.74226174916667,3.635,1.74225631,3.635
1.74313268527778,3.625,1.74253942611111,3.635,1.7425341475,3.635
1.74341056111111,3.625,1.74281727555556,3.635,1.7428119875,3.635
1.74368823916667,3.625,1.74309515527778,3.635,1.74308967416667,3.635
1.74396597388889,3.625,1.7433731725,3.635,1.74336751083333,3.635
1.74424396527778,3.625,1.7436507825,3.635,1.74364519611111,3.635
1.74452160638889,3.625,1.7439288625,3.635,1.74392294055556,3.635
1.74479949805556,3.625,1.74420698777778,3.635,1.74420057833333,3.635
1.74507783611111,3.625,1.74448460222222,3.635,1.74447829,3.635
1.74535562611111,3.625,1.74476249361111,3.635,1.74475632444444,3.635
1.74563345472222,3.625,1.74504021444444,3.635,1.74503447166667,3.635
1.74591109722222,3.625,1.74531810166667,3.635,1.74531239305556,3.635
1.74618900277778,3.625,1.74559621722222,3.635,1.74558992027778,3.635
1.74646679416667,3.625,1.74587375694444,3.635,1.745867925,3.635
1.74674451722222,3.625,1.74615176444444,3.635,1.74614581194444,3.635
1.74702235416667,3.625,1.74642961222222,3.635,1.746423445,3.635
1.74730017861111,3.625,1.74670733805556,3.635,1.74670177777778,3.635
1.74757826444444,3.625,1.746985105,3.635,1.74697996388889,3.635
1.74785607138889,3.625,1.74726295694444,3.635,1.74725783361111,3.635
1.74813361777778,3.625,1.74754045555556,3.635,1.74753529694444,3.635
1.74841148027778,3.625,1.74781818722222,3.635,1.74781339916667,3.635
1.74868942416667,3.625,1.74809610777778,3.635,1.74809137527778,3.645
1.74896734777778,3.625,1.74837394111111,3.635,1.74836926194444,3.635
1.74924520333333,3.625,1.74865150361111,3.635,1.74864665277778,3.625
1.74952294722222,3.625,1.74892918722222,3.635,1.74892468305556,3.625
1.74980095027778,3.625,1.74920759444444,3.635,1.74920215666667,3.625
1.75007884305556,3.625,1.74948495055556,3.635
1.75035668083333,3.625,1.74976317527778,3.635
1.75063435416667,3.625,1.75004095472222,3.635
1.75091200833333,3.625,1.75031879583333,3.635
1.7511902775,3.625,1.75059681277778,3.635
1.75146824861111,3.625,1.75087471027778,3.635
1.75174578388889,3.625,1.75115256416667,3.635
1.75202381361111,3.625,1.75143010888889,3.635
1.75230160944444,3.625,1.751708135,3.635
1.75257938472222,3.625,1.75198561333333,3.635
1.75285712166667,3.625,1.75226351527778,3.635
1.75313494,3.625,1.75254132805556,3.635
1.75341298222222,3.625,1.75281887777778,3.635
1.75369108333333,3.625,1.75309681055556,3.635
1.75396847666667,3.625,1.75337469,3.635
1.75424660638889,3.625,1.75365255694444,3.635
1.75452438833333,3.625,1.75393035222222,3.635
1.75480202111111,3.625,1.75420836027778,3.635
1.75508021777778,3.625,1.75448616722222,3.635
1.75535774944444,3.625,1.7547639975,3.635
1.7556357825,3.625,1.75504216916667,3.635
1.75591379555556,3.625,1.75532043777778,3.645
1.75619154916667,3.625,1.75559823916667,3.635
1.75646944638889,3.625,1.755875845,3.635
1.75674727361111,3.625,1.75615383861111,3.635
1.75702507638889,3.625,1.75643187805556,3.635
1.75730292277778,3.625,1.75670993083333,3.635
1.75758093777778,3.625,1.75698800222222,3.635
1.75785865972222,3.625,1.75726599722222,3.635
1.75813676194444,3.625,1.75754384416667,3.635
1.75841436277778,3.625,1.75782157611111,3.635
1.75869272083333,3.625,1.75809948111111,3.635
1.75897014027778,3.625,1.75837718861111,3.635
1.75924818111111,3.625,1.75865527916667,3.635
1.75952577972222,3.625,1.75893250611111,3.635
1.75980341861111,3.625,1.75921058972222,3.635
1.76008118277778,3.625,1.75948882416667,3.635
1.76035912416667,3.625,1.75976681444444,3.635
1.76063716333333,3.625,1.76004464166667,3.635
1.76091527805556,3.625,1.76032228138889,3.635
1.761193305,3.625,1.76060038444444,3.635
1.76147140583333,3.625,1.76087819694444,3.635
1.761749375,3.625,1.76115546916667,3.635
1.76202690444444,3.625,1.76143333555556,3.635
1.76230503972222,3.625,1.76171139472222,3.635
1.76258292166667,3.625,1.76198891722222,3.635
1.76286064527778,3.625,1.76226703388889,3.635
1.76313863027778,3.625,1.76254522111111,3.635
1.76341634027778,3.625,1.76282314722222,3.635
1.76369439083333,3.625,1.76310094777778,3.645
1.76397226583333,3.625,1.76337906361111,3.635
1.76425004055556,3.625,1.7636572625,3.635
1.76452761833333,3.625,1.76393497111111,3.635
1.76480561777778,3.625,1.76421310583333,3.635
1.76508384916667,3.635,1.76449091638889,3.635
1.76536155222222,3.625,1.76476895222222,3.635
1.76563900833333,3.625,1.76504693916667,3.635
1.76591705722222,3.625,1.76532513777778,3.635
1.76619491888889,3.625,1.76560300083333,3.645
1.76647279388889,3.625,1.76588057777778,3.635
1.76675087027778,3.625,1.76615873277778,3.645
1.76702838305556,3.625,1.76643664027778,3.635
1.76730631972222,3.625,1.76671452611111,3.645
1.76758412694444,3.635,1.76699187,3.635
1.767861815,3.625,1.76727024888889,3.645
1.76814013111111,3.625,1.76754850611111,3.635
1.76841820416667,3.625,1.76782626666667,3.635
1.76869590277778,3.625,1.76810390666667,3.635
1.76897365722222,3.625,1.76838159388889,3.635
1.76925178472222,3.625,1.76865951888889,3.635
1.76952962083333,3.635,1.7689376025,3.635
1.76980730361111,3.625,1.76921527833333,3.635
1.77008585305556,3.625,1.76949339444444,3.635
1.77036334527778,3.625,1.76977077222222,3.635
1.77064131833333,3.625,1.77004899416667,3.645
1.77091909916667,3.625,1.77032630638889,3.635
1.7711969725,3.635,1.77060421583333,3.645
1.7714748125,3.635,1.77088197861111,3.635
1.77175278638889,3.635,1.77115997916667,3.645
1.77203033972222,3.625,1.77143774555556,3.645
1.77230823194444,3.625,1.7717156775,3.635
1.77258593611111,3.625,1.77199325805556,3.635
1.77286414833333,3.625,1.77227136916667,3.635
1.77314187972222,3.625,1.77254911666667,3.645
1.77342022888889,3.625,1.7728272275,3.635
1.77369827444444,3.635,1.773105145,3.635
1.77397584333333,3.625,1.7733829,3.635
1.77425339,3.625,1.77366081944444,3.635
1.77453152444444,3.625,1.77393881361111,3.635
1.77480938777778,3.625,1.77421654111111,3.635
1.77508715972222,3.625,1.77449401222222,3.645
1.7753651275,3.625,1.77477207555556,3.645
1.77564297444444,3.635,1.775049895,3.645
1.77592094611111,3.625,1.77532798222222,3.635
1.77619872611111,3.625,1.77560570388889,3.635
1.77647673722222,3.625,1.77588344388889,3.645
1.77675456694444,3.625,1.77616155777778,3.635
1.77703254055556,3.635,1.77643927805556,3.645
1.7773104625,3.635,1.77671768583333,3.645
1.77758816805556,3.635,1.77699546694444,3.635
1.77786636972222,3.625,1.77727301138889,3.635
1.778144035,3.625,1.77755095944444,3.635
1.77842194638889,3.625,1.77782885194444,3.635
1.77869999972222,3.625,1.77810662722222,3.635
1.77897790527778,3.635,1.77838470694444,3.635
1.77925567277778,3.635,1.77866248027778,3.645
1.77953362416667,3.625,1.77894029833333,3.645
1.779811325,3.625,1.77921829888889,3.635
1.78008925027778,3.625,1.7794962825,3.635
1.78036727166667,3.625,1.77977414,3.635
1.78064490305556,3.625,1.78005192222222,3.645
1.7809227825,3.635,1.78032988083333,3.645
1.78120065194444,3.635,1.78060754361111,3.635
1.78147851666667,3.635,1.7808859125,3.645
1.78175662277778,3.635,1.78116407888889,3.645
1.78203487333333,3.635,1.78144170027778,3.645
1.78231299888889,3.625,1.78171944138889,3.635
1.78259093222222,3.635,1.78199717694444,3.635
1.78286859277778,3.635,1.78227512805556,3.635
1.78314636444444,3.635,1.78255311944444,3.635
1.78342464388889,3.625,1.7828307175,3.635
1.78370282888889,3.625,1.78310910916667,3.645
1.78398069333333,3.625,1.78338688055556,3.635
1.784258545,3.625,1.78366490388889,3.635
1.78453626083333,3.625,1.78394232166667,3.645
1.78481413638889,3.625,1.78422012861111,3.645
1.78509176416667,3.635,1.7844980525,3.635
1.78536984416667,3.635,1.78477624944444,3.635
1.78564765666667,3.635,1.78505384361111,3.635
1.78592542388889,3.625,1.78533177694444,3.635
1.78620285833333,3.625,1.78560987611111,3.645
1.78648067055556,3.635,1.7858878375,3.635
1.78675872472222,3.625,1.78616552861111,3.635
1.78703687444444,3.635,1.78644333194444,3.635
1.78731451277778,3.625,1.78672115777778,3.645
1.78759230777778,3.635,1.78699872055556,3.645
1.78787003944444,3.635,1.78727679222222,3.645
1.78814779361111,3.625,1.78755461083333,3.645
1.78842565555556,3.635,1.7878322725,3.635
1.78870316555556,3.635,1.78811010666667,3.635
1.78898165333333,3.625,1.78838805472222,3.645
1.7892594075,3.635,1.78866571916667,3.635
1.78953715694444,3.635,1.78894356055556,3.645
1.78981496444444,3.635,1.78922141777778,3.635
1.79009282833333,3.635,1.78949898583333,3.645
1.79037075055556,3.635,1.78977706305556,3.635
1.79064882027778,3.635,1.79005473444444,3.645
1.79092650722222,3.625,1.79033273638889,3.635
1.79120434805556,3.635,1.79061062388889,3.635
1.79148191083333,3.635,1.79088827805556,3.635
1.79176029833333,3.625,1.79116610777778,3.645
1.79203794361111,3.635,1.791444325,3.635
1.7923156175,3.635,1.79172206277778,3.635
1.79259340083333,3.635,1.79200043333333,3.635
1.79287144555556,3.635,1.79227772,3.645
1.79314927138889,3.635,1.79255617305556,3.635
1.79342699138889,3.635,1.79283433083333,3.635
1.79370473583333,3.635,1.79311163611111,3.635
1.79398251861111,3.625,1.79338982277778,3.635
1.79426010444444,3.635
1.79453807,3.635
1.79481563194444,3.635
1.79509378888889,3.635
1.7953719975,3.625
1.79565017638889,3.635
1.79592789388889,3.635
1.79620567861111,3.635
1.79648351222222,3.625
1.79676169472222,3.635
1.79703930861111,3.635
1.79731737666667,3.635
1.79759521833333,3.635
1.79787265166667,3.635
1.798150715,3.635
1.79842860694444,3.635
1.79870629194444,3.635
1.79898407388889,3.635
1.79926200111111,3.625
1.79953987222222,3.635
1.79981791944444,3.625
1.80009604083333,3.635
1.80037383388889,3.635
1.80065150888889,3.635
1.8009292825,3.635
1.80120747527778,3.635
1.80148479472222,3.635
1.80176315861111,3.635
1.80204073166667,3.635
1.80231891055556,3.635
1.80259650083333,3.635
1.80287453888889,3.625
1.80315272388889,3.635
1.803430095,3.635
1.80370855333333,3.635
1.80398635638889,3.635
1.80426401027778,3.635
1.80454167777778,3.635
1.80481957277778,3.635
1.8050974675,3.635
1.805375535,3.635
1.80565324388889,3.635
1.80593094083333,3.635
1.80620871527778,3.635
1.80648670361111,3.635
1.80676473583333,3.635
1.80704280861111,3.635
1.80732057944444,3.635
1.80759850666667,3.635
1.80787622027778,3.635
1.80815374,3.635
1.808431915,3.635
1.80870952638889,3.635
1.80898773138889,3.635
1.80926600416667,3.635
1.80954347194444,3.635
1.8098215475,3.635
1.81009979583333,3.635
1.81037778027778,3.635
1.81065574444444,3.635
1.81093367111111,3.635
1.81121157055556,3.625
1.81148922972222,3.635
1.81176705527778,3.635
1.81204492472222,3.635
1.8123227875,3.635
1.81260077611111,3.635
1.81287856111111,3.635
1.81315593166667,3.635
1.81343401972222,3.635
1.81371184638889,3.635
1.81398943777778,3.635
1.81426721361111,3.635
1.81454507194444,3.635
1.81482276916667,3.635
1.81510060611111,3.635
1.81537897444444,3.635
1.81565699083333,3.635
1.81593504722222,3.635
1.81621247138889,3.635
1.81649055972222,3.635
1.81676837527778,3.635
1.81704642305556,3.635
1.81732433277778,3.635
1.81760250444444,3.635
1.81788009361111,3.635
1.81815807416667,3.635
1.81843565305556,3.635
1.81871339416667,3.635
1.81899180333333,3.635
1.81926995944444,3.635
1.81954779944444,3.635
1.81982559694444,3.635
1.82010348083333,3.635
1.82038138694444,3.635
1.82065939722222,3.635
1.82093705083333,3.635
1.82121474888889,3.635
1.82149236722222,3.635
1.82177015833333,3.635
1.82204794444444,3.635
1.82232587472222,3.635
1.82260392222222,3.635
1.82288168416667,3.635
1.82315940972222,3.635
1.82343736277778,3.635
1.82371520916667,3.635
1.82399294472222,3.635
1.82427065388889,3.635
1.82454886333333,3.635
1.82482664166667,3.635
1.82510479583333,3.635
1.8253827825,3.635
1.82566078722222,3.635
1.82593840833333,3.635
1.82621632166667,3.635
1.82649440194444,3.635
1.82677201833333,3.635
1.82705011222222,3.635
1.82732793861111,3.635
1.82760568888889,3.635
1.82788380611111,3.635
1.82816131555556,3.635
1.82843944444444,3.635
1.82871726055556,3.635
1.82899526666667,3.635
1.82927299805556,3.635
1.82955067944444,3.635
1.82982879277778,3.635
1.83010685638889,3.635
1.830384805,3.635
1.83066285527778,3.635
1.83094086777778,3.635
1.83121870138889,3.635
1.83149646722222,3.635
1.83177447833333,3.635
1.83205206138889,3.635
1.83232978055556,3.635
1.83260781638889,3.635
1.83288537944444,3.635
1.83316331444444,3.635
1.83344071111111,3.635
1.83371914722222,3.635
1.83399678638889,3.635
1.83427434555556,3.635
1.83455218361111,3.635
1.83483031472222,3.635
1.83510791972222,3.635
1.83538601777778,3.635
1.83566366861111,3.635
1.83594167472222,3.635
1.83621977055556,3.645
1.83649736166667,3.635
1.83677513,3.635
1.83705327305556,3.635
1.83733132638889,3.635
1.83760893916667,3.635
1.83788687444444,3.635
1.83816476222222,3.635
1.83844278555556,3.635
1.83872057305556,3.635
1.83899855027778,3.635
1.8392767925,3.635
1.83955455166667,3.635
1.83983260611111,3.635
1.84011026527778,3.635
1.84038852666667,3.635
1.84066661055556,3.635
1.84094437388889,3.635
1.84122204388889,3.635
1.84149986805556,3.635
1.84177788333333,3.635
1.8420554475,3.635
1.84233362944444,3.635
1.84261161277778,3.635
1.84288928555556,3.635
1.84316706361111,3.635
1.8434449625,3.635
1.8437227,3.635
1.84400057027778,3.635
1.84427857166667,3.635
1.84455660861111,3.635
1.84483441805556,3.635
1.84511209222222,3.635
1.84538965277778,3.635
1.84566772805556,3.635
1.84594525277778,3.635
1.84622345527778,3.635
1.84650135305556,3.635
1.84677891555556,3.635
1.84705691083333,3.635
1.84733455583333,3.635
1.84761248777778,3.635
1.84789054555556,3.635
1.84816799861111,3.635
1.84844579472222,3.635
1.84872387805556,3.635
1.84900178638889,3.635
1.84928010916667,3.635
1.84955836055556,3.635
1.84983604777778,3.635
1.85011386305556,3.635
1.85039143305556,3.635
1.85066916361111,3.635
1.85094725638889,3.635
1.85122488833333,3.635
1.85150288305556,3.635
1.85178047805556,3.635
1.85205829611111,3.635
1.85233629222222,3.635
1.85261445222222,3.635
1.85289221194444,3.635
1.85317021888889,3.635
1.85344830638889,3.635
1.85372604611111,3.635
1.854003705,3.645
1.85428197,3.635
1.854559785,3.635
1.85483783166667,3.635
1.85511603083333,3.635
1.85539372777778,3.635
1.85567181194444,3.635
1.85594959083333,3.635
1.85622723194444,3.635
1.856505185,3.635
1.85678302555556,3.635
1.85706094944444,3.635
1.85733875083333,3.635
1.857616565,3.635
1.85789454305556,3.635
1.85817258805556,3.635
1.85845032444444,3.635
