Timestamp_1 [h],BATT_005_CC1 [V],Timestamp_2 [h],BATT_005_CC2 [V],Timestamp_3 [h],BATT_005_CC3 [V]
0,3.268,0,2.432,0,2.809
0.0002761575,3.268,0.000276495833333333,2.422,0.000214621666666667,2.809
0.000554020277777778,3.268,0.000553966111111111,2.422,0.000492365,2.809
0.000831788888888889,3.319,0.000831837222222222,2.565,0.000770338055555555,2.881
0.00110914027777778,3.329,0.00110982222222222,2.616,0.00104776944444444,2.891
0.00138738944444444,3.329,0.00138777388888889,2.646,0.00132597166666667,2.901
0.00166516777777778,3.339,0.00166561222222222,2.677,0.00160348861111111,2.911
0.00194322611111111,3.339,0.00194364722222222,2.697,0.00188139944444444,2.921
0.00222049166666667,3.339,0.00222150916666667,2.718,0.00215934444444444,2.921
0.00249864555555556,3.339,0.00249916583333333,2.728,0.00243752277777778,2.932
0.00277653888888889,3.339,0.00277715833333333,2.748,0.00271521305555556,2.932
0.00305464305555556,3.339,0.00305492527777778,2.758,0.00299294333333333,2.942
0.00333253861111111,3.339,0.00333275166666667,2.769,0.00327094388888889,2.952
0.003610535,3.339,0.00361078027777778,2.789,0.00354873027777778,2.952
0.00388800916666667,3.339,0.00388808583333333,2.799,0.00382635583333333,2.962
0.00416614111111111,3.349,0.00416620916666667,2.809,0.00410390444444444,2.962
0.00444398472222222,3.349,0.00444379944444444,2.82,0.00438192444444444,2.962
0.00472211916666667,3.349,0.00472212444444444,2.83,0.00465953611111111,2.972
0.00499998916666667,3.349,0.00499979944444444,2.84,0.00493727944444444,2.983
0.00527794,3.349,0.00527800361111111,2.84,0.00521501888888889,2.983
0.0055556125,3.349,0.00555584777777778,2.85,0.00549296972222222,2.993
0.00583332888888889,3.349,0.00583342944444444,2.86,0.00577073722222222,2.993
0.00611091416666667,3.36,0.00611163722222222,2.87,0.00604848694444445,3.003
0.00638884194444444,3.36,0.00638919277777778,2.881,0.0063265325,3.003
0.00666667388888889,3.36,0.00666699888888889,2.881,0.00660425888888889,3.013
0.00694480611111111,3.36,0.00694490222222222,2.891,0.00688240444444444,3.013
0.00722222972222222,3.36,0.00722268277777778,2.891,0.00716011388888889,3.013
0.00750048388888889,3.36,0.00750079416666667,2.901,0.00743805361111111,3.013
0.00777828305555556,3.36,0.00777835305555556,2.911,0.00771570972222222,3.023
0.00805612388888889,3.36,0.008056415,2.911,0.00799400277777778,3.023
0.00833456805555556,3.36,0.0083342075,2.921,0.00827182055555556,3.023
0.00861236361111111,3.36,0.00861226166666667,2.921,0.00855023194444444,3.033
0.00889005555555556,3.36,0.00888980527777778,2.932,0.00882855555555556,3.033
0.00916774944444444,3.36,0.00916784138888889,2.932,0.00910624583333333,3.044
0.00944550611111111,3.36,0.00944539027777778,2.942,0.0093840425,3.044
0.00972330861111111,3.37,0.0097232625,2.942,0.00966141916666667,3.044
0.0100013216666667,3.36,0.0100010083333333,2.952,0.00993916944444444,3.054
0.0102793833333333,3.36,0.0102786991666667,2.952,0.0102172552777778,3.054
0.0105571825,3.37,0.0105564013888889,2.962,0.0104954163888889,3.054
0.0108350736111111,3.37,0.01083447,2.962,0.0107731644444444,3.054
0.0111128788888889,3.37,0.0111125955555556,2.972,0.011051275,3.064
0.011390545,3.37,0.0113904625,2.972,0.0113294219444444,3.064
0.0116685275,3.37,0.0116681358333333,2.972,0.0116070866666667,3.074
0.0119465602777778,3.37,0.0119463486111111,2.983,0.0118851794444444,3.074
0.0122244955555556,3.37,0.0122239244444444,2.983,0.0121627986111111,3.074
0.0125021488888889,3.37,0.0125020127777778,2.993,0.0124406836111111,3.084
0.0127802113888889,3.37,0.0127797844444444,2.993,0.0127185377777778,3.084
0.0130577572222222,3.37,0.0130575438888889,3.003,0.0129961269444444,3.084
0.0133358008333333,3.37,0.0133359863888889,3.003,0.0132742725,3.084
0.0136139416666667,3.37,0.0136137047222222,3.003,0.0135524177777778,3.084
0.0138918677777778,3.37,0.0138916369444444,3.003,0.0138300094444444,3.095
0.0141694861111111,3.37,0.0141692697222222,3.013,0.0141078844444444,3.095
0.0144471958333333,3.37,0.0144474466666667,3.013,0.0143857558333333,3.095
0.0147250916666667,3.37,0.0147248658333333,3.013,0.014663345,3.105
0.0150029788888889,3.37,0.0150030169444444,3.023,0.0149414902777778,3.095
0.0152808361111111,3.37,0.0152806225,3.023,0.0152196286111111,3.105
0.0155587669444444,3.37,0.0155587375,3.033,0.0154972202777778,3.105
0.0158363494444444,3.37,0.0158365794444444,3.033,0.0157753655555556,3.105
0.0161143241666667,3.37,0.0161142991666667,3.033,0.0160532413888889,3.105
0.0163918425,3.37,0.0163922638888889,3.044,0.0163308252777778,3.115
0.0166698694444444,3.37,0.0166700866666667,3.044,0.0166089705555556,3.115
0.0169478358333333,3.37,0.0169478072222222,3.054,0.0168871163888889,3.115
0.0172258438888889,3.37,0.0172258386111111,3.054,0.0171647077777778,3.125
0.0175042030555556,3.37,0.0175038105555556,3.054,0.0174425844444444,3.125
0.0177817180555556,3.38,0.0177817380555556,3.054,0.0177204536111111,3.125
0.0180595497222222,3.37,0.0180595275,3.054,0.0179985897222222,3.125
0.0183372341666667,3.37,0.0183375547222222,3.064,0.0182761813888889,3.125
0.01861499,3.37,0.0186155811111111,3.064,0.0185543272222222,3.125
0.0188930166666667,3.38,0.018893165,3.064,0.0188324797222222,3.135
0.01917086,3.38,0.0191713547222222,3.064,0.0191100636111111,3.135
0.0194488261111111,3.38,0.0194494352777778,3.074,0.0193882091666667,3.135
0.0197267019444444,3.37,0.0197273238888889,3.074,0.0196659030555556,3.135
0.0200044775,3.38,0.0200048680555556,3.074,0.0199440055555556,3.135
0.0202827413888889,3.37,0.0202826261111111,3.084,0.0202221513888889,3.135
0.0205605516666667,3.37,0.0205605775,3.084,0.0204998825,3.146
0.0208384891666667,3.38,0.0208385091666667,3.084,0.0207780283333333,3.146
0.0211161466666667,3.38,0.0211164308333333,3.084,0.0210556197222222,3.156
0.0213939255555556,3.37,0.0213945158333333,3.095,0.021333765,3.156
0.02167204,3.37,0.0216724625,3.095,0.0216119105555556,3.156
0.0219496391666667,3.38,0.0219497436111111,3.095,0.0218895019444444,3.156
0.022227745,3.38,0.0222279036111111,3.095,0.0221676708333333,3.156
0.0225054608333333,3.38,0.02250559,3.095,0.0224454463888889,3.156
0.0227832916666667,3.38,0.0227833805555556,3.105,0.0227230613888889,3.166
0.0230612466666667,3.38,0.0230615261111111,3.105,0.0230013547222222,3.166
0.0233390633333333,3.38,0.0233392205555556,3.105,0.0232789694444444,3.166
0.0236168852777778,3.38,0.0236168563888889,3.105,0.0235571080555556,3.166
0.0238948661111111,3.37,0.0238952313888889,3.105,0.0238348627777778,3.166
0.0241724,3.38,0.0241728347222222,3.115,0.0241130083333333,3.176
0.0244501122222222,3.38,0.0244506594444444,3.115,0.0243905994444444,3.166
0.0247281166666667,3.38,0.0247283986111111,3.115,0.0246683530555556,3.176
0.0250058491666667,3.38,0.0250062755555556,3.125,0.0249464908333333,3.176
0.0252835405555556,3.38,0.0252841916666667,3.125,0.0252246363888889,3.176
0.0255616030555556,3.38,0.0255619494444444,3.125,0.0255022283333333,3.176
0.0258393102777778,3.38,0.0258395380555556,3.125,0.0257803736111111,3.176
0.0261171152777778,3.38,0.02611755,3.125,0.0260585280555556,3.176
0.0263948611111111,3.38,0.0263954369444444,3.135,0.02633611,3.186
0.0266728858333333,3.38,0.0266733133333333,3.135,0.0266142697222222,3.186
0.0269506822222222,3.38,0.0269512805555556,3.135,0.0268924725,3.186
0.0272285758333333,3.38,0.0272289861111111,3.135,0.0271700638888889,3.186
0.0275063586111111,3.38,0.0275070308333333,3.135,0.0274482091666667,3.186
0.0277840622222222,3.38,0.0277849091666667,3.146,0.0277263638888889,3.186
0.0280616891666667,3.38,0.0280630094444444,3.146,0.0280039555555556,3.197
0.0283402038888889,3.38,0.0283406327777778,3.146,0.0282820925,3.197
0.0286176427777778,3.38,0.0286183355555556,3.146,0.0285602372222222,3.197
0.02889597,3.38,0.0288963008333333,3.156,0.0288378288888889,3.197
0.0291738783333333,3.38,0.02917437,3.156,0.0291159744444444,3.197
0.0294520813888889,3.38,0.0294519166666667,3.156,0.0293941194444444,3.207
0.0297301341666667,3.38,0.0297299338888889,3.156,0.0296717108333333,3.197
0.0300078547222222,3.38,0.0300074936111111,3.156,0.0299498563888889,3.207
0.0302857963888889,3.38,0.0302854194444444,3.156,0.0302280025,3.207
0.0305634880555556,3.38,0.0305632391666667,3.166,0.0305055933333333,3.207
0.0308415094444444,3.38,0.0308406408333333,3.166,0.0307834744444444,3.207
0.0311193113888889,3.38,0.03111883,3.166,0.0310615858333333,3.207
0.0313973113888889,3.38,0.0313970491666667,3.166,0.0313392455555556,3.217
0.0316750402777778,3.38,0.0316748852777778,3.166,0.0316172905555556,3.217
0.0319527613888889,3.38,0.0319530402777778,3.166,0.0318950408333333,3.217
0.0322305072222222,3.38,0.0322310383333333,3.166,0.0321731208333333,3.217
0.0325083063888889,3.38,0.0325087183333333,3.166,0.0324510869444444,3.217
0.0327864975,3.38,0.0327865841666667,3.176,0.0327288561111111,3.217
0.0330642991666667,3.38,0.0330643158333333,3.176,0.0330066991666667,3.217
0.0333419905555556,3.38,0.0333422244444444,3.176,0.0332849077777778,3.217
0.0336199508333333,3.38,0.0336198930555556,3.176,0.0335624988888889,3.227
0.0338982097222222,3.38,0.0338978330555556,3.176,0.0338406505555556,3.227
0.034176015,3.38,0.0341756338888889,3.176,0.0341181902777778,3.227
0.0344534344444444,3.38,0.0344536825,3.186,0.03439599,3.227
0.0347314388888889,3.38,0.0347317002777778,3.186,0.0346737436111111,3.227
0.0350094247222222,3.38,0.0350096022222222,3.186,0.0349514113888889,3.227
0.0352875005555556,3.38,0.0352871347222222,3.186,0.0352296586111111,3.237
0.0355653983333333,3.38,0.0355651847222222,3.186,0.0355076886111111,3.237
0.0358430125,3.38,0.0358427922222222,3.186,0.0357857677777778,3.237
0.0361209208333333,3.38,0.0361208144444444,3.197,0.0360632866666667,3.237
0.0363988294444444,3.38,0.0363987880555556,3.197,0.0363413511111111,3.237
0.0366761122222222,3.38,0.0366771658333333,3.197,0.0366188813888889,3.237
0.0369543547222222,3.38,0.0369551922222222,3.197,0.0368970386111111,3.237
0.0372322283333333,3.38,0.0372326772222222,3.207,0.0371744966666667,3.237
0.0375101866666667,3.38,0.0375103811111111,3.207,0.0374527177777778,3.237
0.0377879836111111,3.38,0.03778848,3.207,0.0377304747222222,3.247
0.0380658633333333,3.38,0.0380658886111111,3.207,0.0380080641666667,3.247
0.0383438008333333,3.38,0.0383436302777778,3.207,0.0382862686111111,3.247
0.0386210697222222,3.38,0.0386217569444444,3.207,0.0385644091666667,3.247
0.0388996194444444,3.38,0.0388996825,3.217,0.0388419977777778,3.247
0.0391770472222222,3.38,0.0391776780555556,3.217,0.0391200061111111,3.247
0.0394548880555556,3.38,0.0394557125,3.217,0.0393978783333333,3.247
0.0397327661111111,3.38,0.0397335058333333,3.217,0.0396756008333333,3.258
0.0400106277777778,3.38,0.0400112283333333,3.217,0.0399535355555556,3.258
0.0402883525,3.38,0.0402896788888889,3.217,0.0402313994444444,3.258
0.0405662702777778,3.38,0.0405675469444444,3.217,0.0405092858333333,3.258
0.0408439925,3.38,0.0408454094444444,3.217,0.0407874544444444,3.258
0.0411217608333333,3.38,0.0411231422222222,3.217,0.0410655119444444,3.258
0.0413996708333333,3.38,0.0414008358333333,3.217,0.041343215,3.258
0.0416774877777778,3.38,0.041678935,3.227,0.0416209572222222,3.258
0.0419552297222222,3.38,0.0419564741666667,3.227,0.0418991172222222,3.258
0.0422335083333333,3.38,0.0422344558333333,3.227,0.0421765852777778,3.258
0.0425117147222222,3.38,0.0425123222222222,3.227,0.04245421,3.258
0.0427897702777778,3.38,0.0427905555555556,3.227,0.0427324105555556,3.268
0.0430675080555556,3.38,0.0430684638888889,3.227,0.0430103686111111,3.268
0.0433453063888889,3.38,0.0433463225,3.227,0.0432882205555556,3.268
0.043623295,3.38,0.0436236416666667,3.237,0.0435661669444444,3.268
0.0439010483333333,3.38,0.0439021919444444,3.237,0.0438435986111111,3.268
0.0441796511111111,3.38,0.0441801875,3.237,0.0441219436111111,3.268
0.0444569152777778,3.38,0.0444582705555556,3.237,0.04439921,3.268
0.0447348416666667,3.38,0.0447356858333333,3.237,0.0446771611111111,3.268
0.0450125938888889,3.38,0.0450137425,3.237,0.0449549002777778,3.268
0.0452905330555556,3.38,0.0452919866666667,3.237,0.0452327013888889,3.278
0.045568555,3.38,0.0455697455555556,3.237,0.0455105505555556,3.278
0.0458463344444444,3.38,0.0458479319444444,3.247,0.0457881683333333,3.278
0.0461242775,3.38,0.0461255425,3.247,0.0460663716666667,3.278
0.0464021244444444,3.38,0.0464036361111111,3.247,0.0463440088888889,3.278
0.0466799772222222,3.38,0.0466815344444445,3.247,0.0466218986111111,3.278
0.0469577736111111,3.38,0.0469596716666667,3.247,0.0468997472222222,3.278
0.0472357075,3.38,0.0472374213888889,3.258,0.0471777175,3.288
0.04751338,3.38,0.0475153475,3.258,0.0474553305555556,3.288
0.0477915063888889,3.38,0.0477932147222222,3.258,0.0477333805555556,3.288
0.0480690727777778,3.38,0.0480708894444444,3.258,0.0480108483333333,3.288
0.0483472763888889,3.38,0.0483488266666667,3.258,0.0482894272222222,3.288
0.0486251527777778,3.38,0.0486263769444444,3.258,0.0485669841666667,3.288
0.04890271,3.39,0.0489041586111111,3.258,0.048844885,3.288
0.0491807438888889,3.38,0.0491820302777778,3.258,0.0491224866666667,3.288
0.0494587236111111,3.38,0.0494599144444444,3.258,0.0494005330555555,3.288
0.0497363113888889,3.38,0.0497373075,3.258,0.0496783561111111,3.288
0.0500141466666667,3.38,0.0500151811111111,3.258,0.0499558777777778,3.288
0.0502922691666667,3.38,0.0502930744444444,3.258,0.0502340158333333,3.288
0.0505699436111111,3.39,0.0505712822222222,3.268,0.0505116580555556,3.288
0.0508474647222222,3.38,0.0508490191666667,3.268,0.0507898858333333,3.288
0.0511253372222222,3.38,0.0511268119444444,3.268,0.0510679847222222,3.288
0.0514033466666667,3.38,0.0514045663888889,3.268,0.0513460705555556,3.288
0.05168159,3.38,0.0516823072222222,3.268,0.05162342,3.298
0.0519593772222222,3.39,0.0519601825,3.268,0.0519015877777778,3.288
0.0522373541666667,3.39,0.0522378483333333,3.268,0.0521792513888889,3.288
0.0525151594444444,3.38,0.0525157227777778,3.268,0.0524572433333333,3.288
0.0527930416666667,3.38,0.0527935625,3.278,0.0527352330555556,3.298
0.0530709786111111,3.38,0.0530717041666667,3.268,0.0530128375,3.298
0.0533490038888889,3.38,0.0533497216666667,3.268,0.0532902711111111,3.298
0.0536267361111111,3.38,0.0536280116666667,3.278,0.0535682066666667,3.298
0.0539042797222222,3.38,0.0539056144444444,3.278,0.0538459213888889,3.298
0.0541825594444444,3.38,0.0541836452777778,3.278,0.054123645,3.298
0.0544603783333333,3.38,0.0544614602777778,3.278,0.0544021338888889,3.298
0.0547381611111111,3.38,0.0547390847222222,3.278,0.0546797738888889,3.298
0.0550161236111111,3.39,0.0550175286111111,3.278,0.0549577227777778,3.298
0.0552943105555556,3.38,0.0552952955555556,3.278,0.0552350769444444,3.298
0.0555716213888889,3.38,0.0555732580555556,3.278,0.0555127847222222,3.298
0.0558500666666667,3.38,0.0558511005555556,3.288,0.0557909722222222,3.298
0.0561280177777778,3.39,0.05612888,3.288,0.0560687591666667,3.298
0.0564055772222222,3.39,0.0564068413888889,3.288,0.0563468872222222,3.298
0.0566835127777778,3.39,0.0566844244444444,3.288,0.0566249472222222,3.298
0.0569615138888889,3.39,0.0569622036111111,3.288,0.0569025322222222,3.298
0.0572393383333333,3.38,0.0572397972222222,3.288,0.0571802177777778,3.298
0.0575177325,3.38,0.0575178352777778,3.288,0.0574577772222222,3.298
0.0577955927777778,3.38,0.0577957061111111,3.288,0.0577356236111111,3.298
0.0580734427777778,3.38,0.0580734127777778,3.288,0.0580133480555556,3.298
0.058351115,3.38,0.0583514147222222,3.288,0.0582917680555556,3.298
0.0586289547222222,3.38,0.0586293144444444,3.288,0.0585696955555556,3.298
0.0589068925,3.39,0.0589073022222222,3.288,0.0588474288888889,3.298
0.0591848202777778,3.39,0.0591853575,3.288,0.0591247222222222,3.298
0.0594626061111111,3.39,0.0594627780555556,3.288,0.059402845,3.298
0.0597400969444444,3.38,0.0597411886111111,3.288,0.0596807080555556,3.298
0.0600182013888889,3.38,0.0600193458333333,3.288,0.0599583325,3.298
0.0602955922222222,3.38,0.0602971375,3.288,0.0602367938888889,3.298
0.0605736430555556,3.38,0.06057488,3.288,0.0605149047222222,3.298
0.0608515313888889,3.38,0.0608526372222222,3.288,0.0607923411111111,3.298
0.0611290036111111,3.39,0.0611304869444444,3.288,0.0610705208333333,3.309
0.0614068958333333,3.39,0.0614082172222222,3.288,0.0613481580555556,3.309
0.0616848097222222,3.38,0.0616865577777778,3.298,0.0616261125,3.309
0.0619623286111111,3.39,0.061964115,3.298,0.0619038791666667,3.309
0.0622407375,3.38,0.0622421916666667,3.288,0.06218159,3.309
0.0625185816666667,3.39,0.0625200141666667,3.288,0.0624594583333333,3.309
0.0627961163888889,3.38,0.0627981986111111,3.298,0.0627369908333333,3.309
0.0630740758333333,3.39,0.0630759619444444,3.298,0.0630151313888889,3.309
0.0633521302777778,3.38,0.0633537636111111,3.298,0.0632930438888889,3.309
0.0636300494444444,3.38,0.0636318636111111,3.298,0.0635708594444444,3.309
0.0639081255555556,3.38,0.0639098716666667,3.298,0.0638487927777778,3.309
0.0641857930555556,3.39,0.0641879752777778,3.298,0.0641264505555556,3.309
0.0644636683333333,3.38,0.0644661588888889,3.298,0.0644045536111111,3.309
0.0647415438888889,3.38,0.0647439811111111,3.298,0.064682745,3.309
0.0650193958333333,3.38,0.0650217227777778,3.298,0.0649607636111111,3.309
0.0652977275,3.39,0.0652997286111111,3.298,0.0652386616666667,3.309
0.0655754877777778,3.39,0.0655775891666667,3.298,0.0655165280555556,3.309
0.0658534538888889,3.38,0.0658552747222222,3.298,0.0657938991666667,3.309
0.0661315330555556,3.38,0.0661331536111111,3.298,0.0660722047222222,3.309
0.0664091361111111,3.38,0.0664106297222222,3.298,0.0663498736111111,3.309
0.0666868163888889,3.38,0.0666887330555556,3.298,0.0666276238888889,3.309
0.0669645111111111,3.39,0.0669669236111111,3.298,0.0669058108333333,3.309
0.0672424336111111,3.39,0.0672444308333333,3.298,0.0671833622222222,3.309
0.0675206947222222,3.38,0.0675223041666667,3.298,0.0674615180555556,3.309
0.0677982647222222,3.39,0.0678005336111111,3.298,0.0677396638888889,3.309
0.0680762366666667,3.39,0.0680787461111111,3.298,0.0680172825,3.309
0.0683542522222222,3.39,0.0683561802777778,3.298,0.0682954280555556,3.309
0.0686322805555555,3.39,0.0686341730555556,3.298,0.0685735555555556,3.309
0.0689100261111111,3.38,0.0689121966666667,3.298,0.0688516330555556,3.309
0.0691877602777778,3.38,0.0691897933333333,3.298,0.0691295133333333,3.309
0.0694657105555556,3.38,0.0694678258333333,3.298,0.0694074233333333,3.309
0.0697438111111111,3.39,0.069745455,3.298,0.0696850669444444,3.309
0.0700216183333333,3.38,0.0700235725,3.298,0.06996293,3.309
0.0702991427777778,3.38,0.0703017955555556,3.298,0.0702403536111111,3.309
0.0705775330555556,3.39,0.0705794269444444,3.298,0.0705182341666667,3.309
0.0708554341666667,3.38,0.0708575780555556,3.298,0.070796315,3.309
0.071133125,3.39,0.0711351602777778,3.298,0.0710743436111111,3.309
0.0714110258333333,3.39,0.0714131008333333,3.298,0.0713521255555556,3.309
0.0716889666666667,3.38,0.0716912869444444,3.298,0.0716301813888889,3.309
0.0719671077777778,3.38,0.0719693777777778,3.298,0.0719080063888889,3.309
0.0722454152777778,3.39,0.0722474122222222,3.298,0.0721858125,3.309
0.0725230933333333,3.39,0.0725255855555555,3.298,0.0724636533333333,3.309
0.0728011269444444,3.39,0.0728033075,3.298,0.07274161,3.309
0.0730790397222222,3.39,0.0730813436111111,3.309,0.0730197483333333,3.309
0.0733569116666667,3.39,0.0733590016666667,3.298,0.0732975677777778,3.309
0.0736346908333333,3.39,0.0736367997222222,3.298,0.0735758961111111,3.309
0.0739125227777778,3.38,0.0739145036111111,3.298,0.0738540805555555,3.309
0.0741899391666667,3.38,0.074192585,3.309,0.0741317847222222,3.309
0.0744677961111111,3.39,0.0744703602777778,3.309,0.0744097991666667,3.309
0.0747459405555556,3.38,0.0747482102777778,3.298,0.0746875780555556,3.309
0.0750239019444444,3.38,0.0750266638888889,3.309,0.0749653338888889,3.309
0.07530167,3.39,0.0753042527777778,3.298,0.0752433197222222,3.309
0.0755795936111111,3.39,0.0755819694444445,3.309,0.0755212127777778,3.309
0.0758576025,3.38,0.075859995,3.309,0.0757991008333333,3.309
0.0761354247222222,3.39,0.0761375630555556,3.309,0.0760771988888889,3.319
0.0764134333333333,3.39,0.0764156766666667,3.298,0.0763549063888889,3.309
0.0766913486111111,3.38,0.0766931341666667,3.309,0.0766324422222222,3.309
0.0769692122222222,3.39,0.0769710663888889,3.298,0.0769102905555556,3.319
0.0772470302777778,3.39,0.0772491891666667,3.309,0.077188065,3.309
0.0775247927777778,3.39,0.0775268377777778,3.298,0.0774659791666667,3.309
0.0778026713888889,3.39,0.0778050819444445,3.298,0.0777439897222222,3.309
0.0780802013888889,3.39,0.0780830044444445,3.309,0.078021805,3.309
0.078358135,3.39,0.0783610280555555,3.309,0.0782996661111111,3.309
0.078636075,3.39,0.0786387069444445,3.298,0.0785772372222222,3.309
0.0789137563888889,3.39,0.0789165661111111,3.309,0.0788555011111111,3.309
0.0791921166666667,3.39,0.0791948697222222,3.298,0.0791333525,3.319
0.0794699022222222,3.39,0.0794729530555555,3.309,0.0794112333333333,3.319
0.0797476977777778,3.39,0.0797506569444445,3.309,0.0796891205555555,3.309
0.0800254147222222,3.39,0.0800284458333333,3.298,0.0799670458333333,3.309
0.0803036025,3.39,0.0803062986111111,3.309,0.0802449669444445,3.309
0.0805818583333333,3.39,0.0805838583333333,3.309,0.0805225477777778,3.319
0.0808595661111111,3.39,0.080862095,3.298,0.0808003925,3.319
0.0811371791666667,3.39,0.0811397980555556,3.309,0.0810781386111111,3.309
0.0814154180555555,3.38,0.0814177233333333,3.309,0.0813555983333333,3.309
0.0816932211111111,3.39,0.0816954297222222,3.309,0.08163384,3.309
0.0819705583333333,3.39,0.0819729533333333,3.309,0.0819117319444444,3.319
0.0822486572222222,3.39,0.0822509625,3.309,0.0821895936111111,3.319
0.0825266913888889,3.38,0.0825287391666667,3.309,0.0824675105555556,3.319
0.0828044986111111,3.39,0.0828063747222222,3.309,0.0827453758333333,3.319
0.0830825802777778,3.39,0.0830839794444444,3.309,0.0830232013888889,3.319
0.0833605661111111,3.39,0.0833624041666667,3.309,0.0833009963888889,3.319
0.08363823,3.39,0.0836400869444444,3.309,0.0835788169444444,3.319
0.0839161630555555,3.39,0.0839178733333333,3.309,0.0838564855555556,3.319
0.0841938338888889,3.39,0.0841960202777778,3.309,0.0841342358333333,3.319
0.0844720769444444,3.39,0.0844738408333333,3.309,0.0844120638888889,3.319
0.0847498280555556,3.39,0.0847511922222222,3.309,0.0846898044444444,3.319
0.0850276755555556,3.38,0.0850295841666667,3.298,0.0849676277777778,3.319
0.0853053941666667,3.39,0.0853070972222222,3.309,0.0852453755555556,3.319
0.0855833005555555,3.39,0.0855850986111111,3.309,0.0855232252777778,3.319
0.0858614802777778,3.39,0.0858626058333333,3.309,0.0858012405555555,3.319
0.0861392758333333,3.39,0.0861408436111111,3.309,0.0860789422222222,3.319
0.0864167180555556,3.39,0.0864187975,3.309,0.0863566433333333,3.319
0.0866947663888889,3.39,0.0866961580555556,3.309,0.0866345538888889,3.319
0.0869725680555556,3.39,0.0869743508333333,3.309,0.0869124275,3.319
0.0872509916666667,3.38,0.08725213,3.309,0.0871903094444444,3.319
0.0875285875,3.39,0.0875300822222222,3.309,0.0874682855555556,3.319
0.087806535,3.39,0.0878080547222222,3.309,0.0877465216666667,3.319
0.0880842944444444,3.39,0.0880858358333333,3.309,0.0880243608333333,3.319
0.0883618294444444,3.39,0.0883637077777778,3.309,0.0883024766666667,3.319
0.0886394308333333,3.39,0.0886418475,3.309,0.0885804927777778,3.319
0.0889174811111111,3.39,0.0889196266666667,3.309,0.0888583225,3.319
0.0891953727777778,3.39,0.0891970069444444,3.309,0.0891365911111111,3.319
0.089472825,3.39,0.0894752172222222,3.309,0.0894141891666667,3.319
0.0897510261111111,3.39,0.0897532405555556,3.309,0.0896919811111111,3.319
0.0900288319444444,3.39,0.0900306388888889,3.309,0.0899703352777778,3.319
0.0903070441666667,3.39,0.0903085794444444,3.309,0.0902480669444444,3.319
0.0905847811111111,3.39,0.0905864611111111,3.309,0.0905259505555556,3.319
0.0908626780555555,3.39,0.0908645233333333,3.309,0.0908036647222222,3.319
0.0911407263888889,3.39,0.0911422308333333,3.309,0.0910815475,3.319
0.0914180772222222,3.39,0.0914197741666667,3.309,0.0913596616666667,3.319
0.0916959102777778,3.39,0.0916978916666667,3.309,0.0916373244444444,3.319
0.0919742677777778,3.39,0.0919760472222222,3.309,0.0919149986111111,3.319
0.092251695,3.39,0.0922537438888889,3.319,0.0921934386111111,3.319
0.0925294402777778,3.39,0.0925314397222222,3.309,0.0924709494444445,3.319
0.0928072355555555,3.39,0.0928095775,3.309,0.0927488508333333,3.319
0.0930849963888889,3.39,0.0930876719444444,3.309,0.0930266777777778,3.319
0.0933630266666667,3.39,0.0933656019444444,3.309,0.0933044416666667,3.319
0.0936407813888889,3.39,0.0936436688888889,3.309,0.0935822727777778,3.319
0.0939186122222222,3.39,0.0939213711111111,3.309,0.0938603538888889,3.319
0.0941963494444444,3.39,0.09419936,3.319,0.0941382016666667,3.319
0.0944745447222222,3.39,0.0944770205555556,3.319,0.0944163375,3.319
0.0947521441666667,3.39,0.0947545077777778,3.309,0.0946940327777778,3.319
0.0950296638888889,3.39,0.0950328713888889,3.319,0.0949717230555556,3.319
0.0953077272222222,3.39,0.0953105530555556,3.319,0.0952494983333333,3.319
0.0955856708333333,3.39,0.0955887794444444,3.309,0.0955272736111111,3.319
0.0958636225,3.39,0.0958667086111111,3.309,0.0958050333333333,3.319
0.0961415677777778,3.39,0.0961445636111111,3.319,0.0960828327777778,3.319
0.0964193733333333,3.39,0.0964221786111111,3.309,0.0963606463888889,3.319
0.0966969136111111,3.39,0.0967003097222222,3.309,0.0966388322222222,3.319
0.0969747188888889,3.39,0.0969781288888889,3.319,0.0969164547222222,3.319
0.0972524613888889,3.39,0.0972559263888889,3.319,0.0971945372222222,3.319
0.0975305288888889,3.39,0.0975337158333333,3.309,0.0974725625,3.319
0.0978086038888889,3.39,0.0978118161111111,3.309,0.0977506377777778,3.319
0.0980868736111111,3.39,0.0980897036111111,3.319,0.0980287844444444,3.319
0.0983644627777778,3.39,0.0983674375,3.319,0.0983064994444444,3.319
0.0986421902777778,3.39,0.0986452205555556,3.319,0.0985844608333333,3.319
0.0989203105555556,3.39,0.0989230022222222,3.319,0.0988626558333333,3.319
0.0991980711111111,3.39,0.0992007713888889,3.319,0.0991402747222222,3.319
0.0994762733333333,3.39,0.0994787630555555,3.319,0.0994185855555555,3.319
0.0997540325,3.39,0.099756775,3.319,0.0996961475,3.319
0.100031675277778,3.39,0.100034609722222,3.319,0.0999742336111111,3.319
0.100309802777778,3.39,0.100312663333333,3.319,0.1002524375,3.319
0.100587455833333,3.39,0.100590247222222,3.319,0.1005301375,3.319
0.1008656225,3.39,0.100868339166667,3.319,0.100808235833333,3.319
0.101143356111111,3.38,0.101146047222222,3.319,0.101086311388889,3.319
0.101421162777778,3.39,0.101423856111111,3.319,0.101363895,3.319
0.101698913888889,3.39,0.101702006944444,3.319,0.101642041111111,3.319
0.1019766275,3.39,0.101979671944444,3.319,0.101919911666667,3.319
0.102254459444444,3.39,0.102257745555556,3.319,0.102197664444444,3.319
0.102532321111111,3.39,0.102535105833333,3.319,0.102475284444444,3.319
0.102810372777778,3.39,0.102813062777778,3.319,0.102753526944444,3.319
0.103088057777778,3.39,0.103091391388889,3.319,0.103031118333333,3.329
0.103366025277778,3.39,0.103369376388889,3.319,0.103309255,3.319
0.103644015555556,3.39,0.103647218888889,3.319,0.103587408333333,3.319
0.103921649166667,3.39,0.103925176944444,3.319,0.1038649925,3.319
0.104199414444444,3.39,0.104203284722222,3.319,0.104143145,3.319
0.104477363888889,3.39,0.104480832222222,3.319,0.104421290555556,3.329
0.104754998333333,3.39,0.104758507222222,3.319,0.104698972777778,3.319
0.105033110277778,3.39,0.105036542777778,3.319,0.104977135833333,3.329
0.105310740277778,3.39,0.105314249444444,3.319,0.105254727222222,3.319
0.105588573888889,3.39,0.105592104722222,3.319,0.105532689444444,3.329
0.105866067777778,3.39,0.105869776666667,3.319,0.1058102825,3.319
0.106144258611111,3.39,0.106147517222222,3.319,0.106088148333333,3.329
0.106422730555556,3.39,0.106425623333333,3.319,0.106366327222222,3.329
0.106700258333333,3.39,0.106703590277778,3.319,0.1066440875,3.329
0.106978691111111,3.39,0.106981165833333,3.319,0.106921660277778,3.329
0.1072565275,3.39,0.107259216388889,3.319,0.1071997625,3.329
0.107534562777778,3.39,0.107537222777778,3.319,0.107477934444444,3.329
0.107812154166667,3.39,0.107815065,3.319,0.107755644444444,3.329
0.108090026944444,3.39,0.108092824722222,3.319,0.108033373888889,3.329
0.108368068055556,3.39,0.108370918055556,3.319,0.108311518333333,3.329
0.108646306944444,3.39,0.108648683888889,3.319,0.108589675555556,3.329
0.108924031666667,3.39,0.108926810833333,3.319,0.108867266944444,3.319
0.10920176,3.39,0.109204432777778,3.319,0.109145323888889,3.329
0.109479621111111,3.39,0.109482388055556,3.319,0.109423060555556,3.329
0.109757744166667,3.39,0.109760356388889,3.319,0.109700825,3.329
0.110035741388889,3.39,0.110038266944444,3.319,0.109978636388889,3.329
0.110313395555556,3.39,0.110316421388889,3.319,0.110257114444444,3.329
0.110591500555556,3.39,0.110594276388889,3.319,0.110534896944444,3.329
0.110869474722222,3.39,0.110871897222222,3.319,0.110812488611111,3.329
0.111147213333333,3.39,0.111150029444444,3.319,0.111090570277778,3.329
0.1114253725,3.39,0.111427848055556,3.319,0.111368715555556,3.329
0.111703140555556,3.39,0.111705707777778,3.319,0.111646904722222,3.329
0.111980897777778,3.39,0.111983486666667,3.319,0.111924558333333,3.329
0.112258579722222,3.39,0.112261266666667,3.319,0.1122023125,3.329
0.112536321944444,3.39,0.112538834166667,3.319,0.112480176388889,3.329
0.112814268333333,3.39,0.112817091944444,3.319,0.112757978611111,3.329
0.113092214444444,3.39,0.113094814444444,3.319,0.113035703333333,3.329
0.113369996388889,3.39,0.113372575833333,3.319,0.113313827222222,3.329
0.113647706944444,3.39,0.11365073,3.319,0.113591569166667,3.329
0.113925686111111,3.39,0.113928426944444,3.319,0.113869321666667,3.329
0.114203236944444,3.39,0.114206206111111,3.319,0.114146986111111,3.329
0.114481213888889,3.39,0.114484149444444,3.319,0.114425046111111,3.329
0.114759281388889,3.39,0.114761993888889,3.319,0.114702794444444,3.329
0.1150369725,3.39,0.115039689166667,3.319,0.114980698055556,3.329
0.115315040555556,3.39,0.115317672222222,3.319,0.115258394166667,3.329
0.115592732777778,3.39,0.11559581,3.319,0.115536534722222,3.329
0.115870654722222,3.39,0.11587323,3.319,0.115814682777778,3.329
0.116148511666667,3.39,0.116151318055556,3.319,0.116092268055556,3.329
0.116426232777778,3.39,0.1164292975,3.319,0.1163704625,3.329
0.116703961111111,3.39,0.1167067225,3.319,0.116648240555556,3.329
0.116982105,3.39,0.116985170833333,3.319,0.116925970277778,3.329
0.117260336666667,3.39,0.117262519444444,3.319,0.117203817777778,3.329
0.117538383888889,3.39,0.117540578055556,3.319,0.117482065277778,3.329
0.117816216111111,3.39,0.117818213888889,3.319,0.117760133055556,3.329
0.118094530277778,3.39,0.1180964575,3.319,0.1180381575,3.329
0.118372511111111,3.39,0.118374500833333,3.319,0.118315646944444,3.329
0.118650627777778,3.39,0.118652609722222,3.319,0.118593756111111,3.329
0.118928495277778,3.39,0.118930788611111,3.319,0.1188715775,3.329
0.119206379166667,3.39,0.119208224444444,3.319,0.119149619166667,3.329
0.119484694722222,3.39,0.119485978333333,3.319,0.119427354444444,3.329
0.119762416388889,3.39,0.119763666111111,3.319,0.119705095555556,3.329
0.120040246944444,3.39,0.120041820277778,3.319,0.1199831925,3.329
0.120318009166667,3.39,0.120319563333333,3.319,0.120261315833333,3.329
0.120595895277778,3.39,0.120597398055556,3.319,0.120538910555556,3.329
0.120873743055556,3.39,0.120875146666667,3.319,0.120817038611111,3.329
0.121151602222222,3.39,0.121153005555556,3.319,0.121095146944444,3.329
0.121429294166667,3.39,0.121430894166667,3.329,0.121372954722222,3.329
0.121707171111111,3.39,0.121708596111111,3.319,0.121650318611111,3.329
0.121984676944444,3.39,0.121986335555556,3.319,0.121928368055556,3.329
0.122263070277778,3.39,0.122263915,3.329,0.122206184444444,3.329
0.122541265833333,3.39,0.122542210277778,3.329,0.122483951388889,3.329
0.122819656388889,3.39,0.122820127222222,3.319,0.122761919166667,3.329
0.123097560277778,3.39,0.123097966111111,3.329,0.123039915,3.329
0.123375413055556,3.39,0.123376088888889,3.319,0.123317511944444,3.329
0.123653166388889,3.39,0.123653811666667,3.319,0.123595392222222,3.329
0.123931083888889,3.39,0.123931501111111,3.319,0.123873496388889,3.339
0.124208806111111,3.39,0.124209179444444,3.329,0.124151378333333,3.329
0.124486425833333,3.39,0.124487584166667,3.329,0.124429200833333,3.329
0.124764873611111,3.39,0.124765430555556,3.329,0.124707465277778,3.329
0.125042608333333,3.39,0.125043494722222,3.319,0.124985048055556,3.329
0.125320193055556,3.39,0.125320920277778,3.329,0.125263194722222,3.329
0.1255981225,3.39,0.125598924444444,3.329,0.1255410225,3.329
0.125875527777778,3.39,0.125877343888889,3.329,0.125818681944444,3.329
0.126153581944444,3.39,0.126155015833333,3.329,0.126096890277778,3.339
0.126431061944444,3.39,0.126432682222222,3.319,0.126374595833333,3.329
0.126709330833333,3.39,0.126710752222222,3.329,0.126652355,3.329
0.126987129166667,3.39,0.126988705,3.329,0.126930085555556,3.329
0.127264688888889,3.39,0.127266639444444,3.319,0.127208150277778,3.339
0.127542596388889,3.39,0.127544191111111,3.329,0.127485876944444,3.329
0.127821079444444,3.39,0.127822305277778,3.329,0.127763878611111,3.339
0.128098808055556,3.39,0.128100524722222,3.329,0.128041486944444,3.339
0.128376341388889,3.39,0.128378004166667,3.329,0.128319631111111,3.329
0.128654755555556,3.39,0.128655901388889,3.329,0.128597273055556,3.339
0.128932458055556,3.39,0.128933513333333,3.329,0.128875370277778,3.329
0.129210355277778,3.39,0.1292111225,3.329,0.129153568611111,3.339
0.129488033055556,3.39,0.129489252222222,3.329,0.12943116,3.339
0.129765843333333,3.39,0.129767134444444,3.329,0.129709310833333,3.339
0.130043768333333,3.39,0.130045002777778,3.329,0.129987184444444,3.339
0.130321476111111,3.39,0.130322748055556,3.329,0.130264851944444,3.339
0.130599603333333,3.39,0.130600504722222,3.329,0.130542720277778,3.339
0.130876936388889,3.39,0.130878102777778,3.329,0.130820309444444,3.339
0.131155438611111,3.39,0.131155866111111,3.329,0.131098433055556,3.329
0.131433005555556,3.39,0.131433728055556,3.329,0.131376651944444,3.339
0.131711221944444,3.39,0.131712211388889,3.329,0.131654699166667,3.339
0.131988867777778,3.39,0.131989890555556,3.329,0.131932450555556,3.329
0.13226701,3.39,0.132267518055556,3.329,0.132210190555556,3.339
0.132544899722222,3.39,0.132545481666667,3.329,0.132488269166667,3.339
0.132822471388889,3.39,0.132822801944444,3.329,0.132765879444444,3.339
0.133100677777778,3.39,0.133100907222222,3.329,0.133044217222222,3.339
0.133378057222222,3.39,0.133378791944444,3.329,0.133322008055556,3.329
0.1336563325,3.39,0.133656608333333,3.329,0.133600243888889,3.339
0.133934083611111,3.39,0.13393466,3.329,0.133877932777778,3.339
0.134211962222222,3.39,0.134212356944444,3.329,0.134156018888889,3.339
0.134489853888889,3.39,0.134490106944444,3.329,0.1344336925,3.339
0.134767592222222,3.39,0.134768146666667,3.329,0.134711411111111,3.339
0.135045600555556,3.39,0.135045992222222,3.329,0.134989503888889,3.339
0.135323460833333,3.39,0.135323430277778,3.329,0.135267326944444,3.339
0.135601097222222,3.39,0.135601351388889,3.329,0.135544765833333,3.339
0.135878849166667,3.39,0.13587937,3.329,0.135822962222222,3.339
0.136157321944444,3.39,0.136157058055556,3.329,0.136100651666667,3.339
0.136435056111111,3.39,0.136435018333333,3.329,0.1363786425,3.339
0.136712713888889,3.39,0.136712958888889,3.329,0.136656790277778,3.339
0.136990523055556,3.39,0.136990853611111,3.329,0.136934438333333,3.339
0.137268686944444,3.39,0.137269058333333,3.329,0.137212529722222,3.339
0.137546555555556,3.39,0.137547286111111,3.329,0.137490931111111,3.339
0.137824018611111,3.39,0.137825330277778,3.329,0.137768699444444,3.339
0.138102070833333,3.39,0.138103128055556,3.329,0.138046403333333,3.339
0.138379598055556,3.39,0.138381307222222,3.329,0.138324543888889,3.339
0.1386571825,3.39,0.138658927777778,3.329,0.138602742222222,3.339
0.138935651944444,3.39,0.138936708055556,3.329,0.138880801388889,3.339
0.139213283055556,3.39,0.139214921388889,3.329,0.1391581625,3.339
0.139491083888889,3.39,0.139492778333333,3.329,0.139436441111111,3.339
0.139768915833333,3.39,0.139770721666667,3.329,0.139714290555556,3.339
0.140046814166667,3.39,0.140048642777778,3.329,0.139992435833333,3.339
0.140324951111111,3.39,0.140326504444444,3.329,0.140270070277778,3.339
0.140602787777778,3.39,0.140604289166667,3.329,0.140548211944444,3.339
0.140880901388889,3.39,0.140882453611111,3.339,0.140825898611111,3.339
0.141158831111111,3.39,0.141160613333333,3.329,0.1411040525,3.339
0.141436645555556,3.39,0.141438290277778,3.329,0.141381801388889,3.339
0.141714978611111,3.39,0.141716276666667,3.329,0.141659981944444,3.339
0.141992809444444,3.39,0.1419945525,3.329,0.141937573611111,3.339
0.142270700277778,3.39,0.142272728055556,3.329,0.142215718611111,3.339
0.142548334166667,3.39,0.142550979722222,3.339,0.142493464166667,3.339
0.142826150277778,3.39,0.142828671666667,3.329,0.142771135833333,3.339
0.143104391388889,3.39,0.143106862777778,3.339,0.143049281944444,3.339
0.143382041111111,3.39,0.143384530277778,3.329,0.143327426666667,3.339
0.143660075833333,3.39,0.143662576944444,3.329,0.143605018055556,3.339
0.143937708611111,3.39,0.143940523055556,3.329,0.1438831675,3.339
0.144215580555556,3.39,0.144218419444444,3.329,0.144161309166667,3.339
0.144493351388889,3.39,0.144496360555556,3.329,0.144438900555556,3.339
0.144771320833333,3.39,0.144774269444444,3.339,0.144717046111111,3.339
0.145049046944444,3.39,0.145052129722222,3.339,0.1449949,3.339
0.145326799166667,3.39,0.145329794444444,3.329,0.145272688333333,3.339
0.145604835833333,3.39,0.145607751666667,3.329,0.1455504075,3.339
0.145882506944444,3.39,0.145885923888889,3.329,0.145828122222222,3.339
0.146160571666667,3.39,0.146163381388889,3.339,0.146106269444444,3.339
0.146438438055556,3.39,0.146441220833333,3.339,0.146383979444444,3.339
0.146716126666667,3.39,0.14671926,3.339,0.1466616525,3.339
0.146994248333333,3.39,0.146997160833333,3.339,0.14693979,3.339
0.147272240833333,3.39,0.147274716111111,3.339,0.147218000833333,3.339
0.147550185277778,3.39,0.147552589444444,3.329,0.147495592222222,3.339
0.147828034722222,3.39,0.147830568055556,3.329,0.147773737777778,3.339
0.148105865277778,3.39,0.148108248055556,3.339,0.148051883888889,3.339
0.148384091111111,3.39,0.148386023611111,3.339,0.148329474444444,3.339
0.148661758888889,3.39,0.148663616666667,3.329,0.14860762,3.339
0.148939413611111,3.39,0.148941748055556,3.329,0.148885765555556,3.339
0.149217044722222,3.39,0.149219935833333,3.329,0.149163356944444,3.339
0.149494908333333,3.39,0.149497555833333,3.339,0.149441502222222,3.349
0.149772758611111,3.39,0.149775748611111,3.339,0.149719647777778,3.339
0.1500503875,3.39,0.150053614444444,3.339,0.149997239166667,3.339
0.150328348611111,3.39,0.150331626666667,3.339,0.150275384722222,3.339
0.150606181111111,3.39,0.150609268055556,3.339,0.15055353,3.339
0.150884083888889,3.39,0.150887035833333,3.339,0.150831121666667,3.339
0.151161966388889,3.4,0.1511645325,3.339,0.1511092675,3.339
0.151440143333333,3.39,0.151442999166667,3.339,0.151387412777778,3.339
0.151717840277778,3.39,0.151720607222222,3.339,0.151665149166667,3.339
0.1519956725,3.39,0.151998451666667,3.339,0.151942778055556,3.339
0.152273417777778,3.39,0.15227666,3.339,0.152220923611111,3.339
0.152551281666667,3.39,0.1525544225,3.339,0.152499069166667,3.339
0.152828969166667,3.39,0.152832298611111,3.339,0.152776660277778,3.339
0.153106959722222,3.39,0.153109731388889,3.339,0.153054805833333,3.339
0.153384876111111,3.39,0.153387783611111,3.339,0.153332951111111,3.339
0.153662663888889,3.39,0.153665702222222,3.339,0.153610542777778,3.339
0.153940515277778,3.39,0.153943383611111,3.339,0.153888411388889,3.339
0.154218000555556,3.39,0.154221551666667,3.339,0.154166556666667,3.339
0.1544963,3.39,0.154499629444444,3.339,0.154444702222222,3.349
0.154774328611111,3.39,0.154777041944444,3.339,0.154722293888889,3.339
0.155052231944444,3.39,0.155054970833333,3.339,0.155000413888889,3.339
0.155329828611111,3.39,0.155332539166667,3.339,0.155278559166667,3.339
0.1556077875,3.39,0.155610801666667,3.339,0.155556150277778,3.339
0.155885562777778,3.39,0.155888309444444,3.339,0.155834296111111,3.349
0.156163228055556,3.39,0.156165906111111,3.339,0.156112441388889,3.349
0.156441285277778,3.4,0.15644388,3.339,0.156390538055556,3.339
0.156719371666667,3.39,0.156721726666667,3.339,0.156668198333333,3.339
0.156997224722222,3.39,0.156999453055556,3.339,0.156946065555556,3.349
0.157275454166667,3.39,0.157277693888889,3.339,0.157223648333333,3.339
0.157552716666667,3.39,0.157555343888889,3.339,0.157501853333333,3.339
0.157830838055556,3.39,0.157833554444444,3.339,0.157779443888889,3.339
0.158108848333333,3.39,0.158111220833333,3.339,0.158057589722222,3.339
0.15838693,3.39,0.158389001944444,3.339,0.158335735277778,3.349
0.158664805,3.39,0.158666559722222,3.339,0.158613326666667,3.339
0.1589427,3.39,0.158944471944444,3.339,0.158891411111111,3.349
0.159220541944444,3.39,0.159222289444444,3.339,0.159169556388889,3.349
0.159498453333333,3.39,0.1595002175,3.339,0.159447701944444,3.339
0.159776681388889,3.39,0.159777868888889,3.339,0.159725293333333,3.339
0.160054138611111,3.39,0.160055804444444,3.339,0.160003052222222,3.339
0.160332172777778,3.39,0.160333745,3.339,0.160281100277778,3.339
0.160609748333333,3.39,0.160611459444444,3.339,0.160559323055556,3.349
0.160887751388889,3.39,0.1608892275,3.339,0.160837081666667,3.349
0.161165633333333,3.39,0.161166980277778,3.339,0.161115207777778,3.349
0.161443387777778,3.39,0.161444455833333,3.339,0.161392949166667,3.339
0.161721036666667,3.39,0.161722599166667,3.339,0.161671070555556,3.349
0.161999182777778,3.39,0.162000481944444,3.339,0.161948738611111,3.349
0.162276912222222,3.39,0.162278120833333,3.339,0.162226893055556,3.349
0.162554884722222,3.39,0.162555920833333,3.339,0.162504442777778,3.349
0.162832987222222,3.39,0.162833856111111,3.339,0.162782709444444,3.349
0.163110298888889,3.39,0.163111634166667,3.339,0.163060763055556,3.349
0.163388235,3.39,0.163389674444444,3.339,0.163338394722222,3.339
0.163666569166667,3.39,0.163667340833333,3.339,0.163616551944444,3.349
0.163944173333333,3.39,0.163945348611111,3.339,0.163894697777778,3.349
0.164222163333333,3.39,0.164223569722222,3.339,0.164172289166667,3.349
0.164500089444444,3.39,0.164501218333333,3.339,0.164450505833333,3.349
0.164777988611111,3.39,0.164778980833333,3.339,0.164728233611111,3.339
0.165056015277778,3.39,0.16505681,3.339,0.165005978055556,3.349
0.165333550833333,3.39,0.165334500277778,3.339,0.165283633888889,3.349
0.165611640277778,3.39,0.165612574722222,3.339,0.165561796944444,3.349
0.165889590277778,3.39,0.165890489722222,3.339,0.165839980555556,3.349
0.166167216666667,3.39,0.166168317777778,3.339,0.166117518611111,3.349
0.166445478333333,3.39,0.166446198055556,3.339,0.166395350833333,3.349
0.166723068611111,3.39,0.166723675555556,3.339,0.166673408333333,3.349
0.167001013333333,3.39,0.167001959444444,3.339,0.166951525555556,3.349
0.167278983888889,3.39,0.167280077222222,3.339,0.16722943,3.349
0.167556641666667,3.39,0.167557891388889,3.339,0.167507910833333,3.349
0.167834379166667,3.39,0.167835990277778,3.339,0.167785694722222,3.339
0.168112296944444,3.39,0.168113798055556,3.339,0.168063414444444,3.349
0.168389744166667,3.39,0.168391179444444,3.339,0.168341614722222,3.349
0.168667634722222,3.39,0.168669761666667,3.339,0.168619015,3.349
0.168945641666667,3.39,0.168947473333333,3.339,0.168896820277778,3.349
0.1692233425,3.39,0.169225376111111,3.339,0.169174557222222,3.349
0.169501120277778,3.39,0.169503124444444,3.339,0.169452588333333,3.349
0.1697793125,3.39,0.169780814166667,3.339,0.169730267222222,3.349
0.170057102777778,3.39,0.170058728611111,3.339,0.170008095277778,3.349
0.170335106944444,3.39,0.170336623611111,3.339,0.170286255555556,3.349
0.170612541944444,3.39,0.170614638333333,3.339,0.170564313333333,3.349
0.170890516111111,3.39,0.170891976388889,3.339,0.170842367222222,3.349
0.171168777777778,3.39,0.171170183888889,3.339,0.171120005555556,3.349
0.1714467325,3.39,0.171447831388889,3.339,0.171398150833333,3.349
0.171724646944444,3.39,0.171725653888889,3.339,0.171676296388889,3.349
0.172002546944444,3.39,0.172003740555556,3.339,0.171953887777778,3.349
0.172280152222222,3.39,0.172281268055556,3.339,0.172231654722222,3.349
0.172558215277778,3.39,0.172559349166667,3.339,0.172509666944444,3.349
0.172835805277778,3.39,0.172837190555556,3.339,0.172787258055556,3.349
0.173113754722222,3.39,0.173115479722222,3.339,0.173065403611111,3.349
0.173391311666667,3.39,0.173393408055556,3.339,0.173343548888889,3.349
0.173669055833333,3.39,0.173671149722222,3.339,0.173621140833333,3.349
0.173946932777778,3.39,0.173948923888889,3.339,0.173899011388889,3.349
0.174224670555556,3.39,0.174226749444444,3.339,0.174177154722222,3.349
0.174502523611111,3.39,0.174504944444444,3.349,0.174455231388889,3.349
0.174780392777778,3.39,0.174782517222222,3.339,0.174732822777778,3.349
0.175058213888889,3.39,0.175060413611111,3.339,0.175010968333333,3.349
0.175335941944444,3.39,0.175338322222222,3.339,0.175289113888889,3.349
0.175613781111111,3.39,0.175616071111111,3.339,0.175566705,3.349
0.175891273888889,3.39,0.175893951666667,3.349,0.175844850833333,3.349
0.176169024166667,3.39,0.17617162,3.339,0.176122996111111,3.349
0.176446956388889,3.39,0.17644991,3.339,0.1764005875,3.349
0.176724823333333,3.39,0.176727544166667,3.349,0.176678733333333,3.349
0.177002808055556,3.39,0.177005287222222,3.349,0.176956878333333,3.349
0.1772805125,3.39,0.177283163888889,3.339,0.17723447,3.349
0.177558831944444,3.39,0.177561118055556,3.339,0.177512615277778,3.349
0.177836408333333,3.39,0.177839054722222,3.339,0.177790760833333,3.349
0.178114202777778,3.4,0.178117011388889,3.339,0.178068352222222,3.349
0.178392047222222,3.39,0.178394855555556,3.339,0.1783464975,3.349
0.178669959444444,3.39,0.178672855,3.349,0.178624643611111,3.349
0.178947955277778,3.39,0.178950923888889,3.339,0.178902234444444,3.349
0.179225510277778,3.39,0.179228688611111,3.339,0.179180380555556,3.349
0.179503751666667,3.39,0.179506772222222,3.349,0.179458525555556,3.36
0.179781497777778,3.39,0.179784821666667,3.349,0.179736278333333,3.36
0.180059190555556,3.39,0.180062639444444,3.349,0.180014023611111,3.349
0.180336964166667,3.39,0.180340549722222,3.349,0.180291887777778,3.36
0.180614999722222,3.39,0.180618536666667,3.349,0.180569480277778,3.349
0.180892919166667,3.39,0.180896154722222,3.349,0.180847444166667,3.349
0.181171005,3.39,0.181174231666667,3.349,0.181125127222222,3.349
0.181448285,3.39,0.181452076388889,3.349,0.181403184444444,3.349
0.181726387222222,3.39,0.181729722777778,3.339,0.1816808225,3.349
0.182004184166667,3.39,0.182007666666667,3.349,0.181958618611111,3.349
0.182281690833333,3.39,0.1822854875,3.349,0.182236817222222,3.36
0.182559431388889,3.39,0.182563186388889,3.349,0.182514493333333,3.36
0.182837311666667,3.39,0.182840810555556,3.349,0.182792619166667,3.349
0.183115299166667,3.39,0.183118793333333,3.349,0.183070285,3.349
0.183393254722222,3.4,0.183396521111111,3.349,0.183348575,3.36
0.183671284722222,3.39,0.183673987222222,3.349,0.183626223888889,3.349
0.183949197777778,3.39,0.183951800555556,3.349,0.183904043888889,3.349
0.184226983333333,3.4,0.184229833888889,3.349,0.184181794722222,3.349
0.184505186666667,3.39,0.1845074075,3.349,0.184459871666667,3.36
0.184782968888889,3.39,0.184785012777778,3.349,0.18473759,3.36
0.185060988611111,3.39,0.185063115,3.349,0.185015772222222,3.349
0.185338469166667,3.39,0.185341303055556,3.349,0.185293549166667,3.349
0.185616615555556,3.39,0.185618879722222,3.349,0.185571252222222,3.36
0.185894518888889,3.39,0.185897161666667,3.349,0.185849299166667,3.349
0.186172124722222,3.39,0.18617488,3.349,0.186127413333333,3.349
0.186449671944444,3.39,0.186452626388889,3.349,0.186405125277778,3.36
0.186728213611111,3.39,0.186730292222222,3.349,0.186683271388889,3.36
0.187005871666667,3.39,0.187008271666667,3.349,0.186961349722222,3.36
0.187283698055556,3.39,0.187285908888889,3.349,0.187238941388889,3.36
0.187561566666667,3.39,0.1875637275,3.349,0.187517170277778,3.36
0.187839168055556,3.4,0.187841589444444,3.349,0.187794780555556,3.349
0.188116840833333,3.39,0.188119349166667,3.349,0.188072519444444,3.349
0.188394883888889,3.39,0.188396953888889,3.349,0.188350665,3.36
0.1886726825,3.39,0.188675043611111,3.349,0.188628810555556,3.36
0.188950814444444,3.39,0.188952797222222,3.349,0.188906401666667,3.36
0.189228677222222,3.39,0.1892307725,3.349,0.189184547222222,3.36
0.18950606,3.39,0.189508130277778,3.349,0.1894626925,3.36
0.189783994722222,3.39,0.189786354722222,3.349,0.189740284166667,3.36
0.190061992777778,3.39,0.190064143611111,3.349,0.190018429444444,3.36
0.190339826111111,3.39,0.190342256944444,3.349,0.190296575277778,3.36
0.190617687222222,3.4,0.1906203,3.349,0.190574166944444,3.36
0.1908953975,3.39,0.190898161944444,3.349,0.190852311944444,3.36
0.191173333055556,3.39,0.1911762025,3.349,0.191129989444444,3.36
0.191451252777778,3.39,0.191453978888889,3.349,0.191407965833333,3.36
0.191728837777778,3.39,0.191731938333333,3.349,0.191685586944444,3.36
0.192006410555556,3.39,0.192009531666667,3.349,0.191963323333333,3.36
0.192284497777778,3.39,0.192287701388889,3.349,0.192241181388889,3.36
0.192562433333333,3.39,0.192565315833333,3.349,0.192519311388889,3.36
0.19284043,3.4,0.192843354722222,3.349,0.192797461388889,3.36
0.193117996388889,3.39,0.193121189166667,3.349,0.193075058055556,3.36
0.193395952222222,3.39,0.193399353611111,3.349,0.193353193333333,3.36
0.193673901666667,3.39,0.193677157222222,3.349,0.193631338611111,3.36
0.193951419722222,3.39,0.193954875277778,3.349,0.193908930555556,3.36
0.194229495277778,3.39,0.194232701388889,3.349,0.194187075833333,3.36
0.194506959166667,3.4,0.194510286944444,3.349,0.194465221111111,3.349
0.1947850175,3.39,0.194788208055556,3.349,0.194742823055556,3.36
0.1950627775,3.39,0.195066218611111,3.349,0.195020689166667,3.36
0.195340573055556,3.39,0.195344074166667,3.349,0.1952985625,3.36
0.195618484722222,3.4,0.1956216775,3.349,0.195576140555556,3.36
0.195896318888889,3.4,0.195899622777778,3.349,0.195854286111111,3.36
0.196174332222222,3.39,0.196177678611111,3.349,0.196132443055556,3.36
0.196452310833333,3.4,0.196455500555556,3.349,0.196410023055556,3.36
0.196729998055556,3.39,0.196732971666667,3.349,0.196688169444444,3.36
0.197007953888889,3.4,0.197010881666667,3.349,0.196966316388889,3.36
0.19728577,3.39,0.1972887875,3.36,0.197243906666667,3.36
0.1975635725,3.39,0.197566749166667,3.349,0.19752206,3.36
0.197841788055556,3.39,0.197844459444444,3.349,0.197799923611111,3.36
0.198119223333333,3.39,0.198122123055556,3.349,0.198077511111111,3.36
0.198397194722222,3.39,0.198399775555556,3.349,0.198355656388889,3.36
0.198674925277778,3.39,0.198677977222222,3.349,0.198633535833333,3.36
0.198952707222222,3.39,0.19895568,3.349,0.198911116666667,3.36
0.1992305125,3.4,0.199233511944444,3.349,0.199189396111111,3.36
0.199508803055556,3.39,0.199511573055556,3.349,0.199467211666667,3.36
0.199786366944444,3.39,0.199789305,3.349,0.199745152777778,3.36
0.20006419,3.4,0.200067185833333,3.36,0.200022800833333,3.36
0.200341966388889,3.4,0.200345613611111,3.349,0.200301071111111,3.36
0.200619752222222,3.39,0.200623404166667,3.349,0.200578974166667,3.36
0.200898025,3.39,0.200901290833333,3.349,0.200856905833333,3.36
0.201176251666667,3.39,0.201179023333333,3.349,0.201134546666667,3.36
0.201453594722222,3.39,0.201456768333333,3.349,0.201412747222222,3.36
0.201731338888889,3.39,0.201734596111111,3.349,0.201690021111111,3.36
0.202009645,3.39,0.2020119625,3.36,0.201968291111111,3.36
0.202287700277778,3.39,0.202290064166667,3.349,0.202245942222222,3.36
0.202565179166667,3.39,0.202567899166667,3.36,0.202523862777778,3.36
0.202843181388889,3.39,0.202845616388889,3.349,0.202801483055556,3.36
0.203121152222222,3.39,0.203123106388889,3.349,0.203079560555556,3.36
0.203398718333333,3.4,0.203401387222222,3.349,0.203357207777778,3.36
0.203676839444444,3.39,0.203679251388889,3.349,0.203635403611111,3.36
0.203954916388889,3.39,0.203957041111111,3.349,0.203913291111111,3.36
0.204232587777778,3.39,0.204234847777778,3.36,0.204191353333333,3.36
0.204510521111111,3.39,0.204512225277778,3.349,0.204469348055556,3.36
0.204788524166667,3.39,0.204790348333333,3.349,0.20474693,3.36
0.205066555833333,3.4,0.205068263333333,3.349,0.205025173055556,3.36
0.205344281944444,3.39,0.205345998611111,3.36,0.205302901666667,3.37
0.205622168611111,3.39,0.205623447222222,3.36,0.2055810225,3.36
0.2058999975,3.39,0.205901514722222,3.36,0.205859061388889,3.36
0.206177801666667,3.39,0.2061793125,3.36,0.206136523055556,3.36
0.206455920277778,3.39,0.206457064444444,3.349,0.2064144475,3.36
0.206733819444444,3.39,0.206734871388889,3.349,0.206692838055556,3.36
0.207011532777778,3.4,0.207012620277778,3.36,0.206970888888889,3.37
0.207289473611111,3.4,0.207290104166667,3.36,0.207248803333333,3.36
0.207567174444444,3.4,0.207568433611111,3.349,0.207526639444444,3.36
0.207844720833333,3.39,0.207846388611111,3.349,0.207804211388889,3.36
0.208123076944444,3.39,0.208123978888889,3.349,0.208082328055556,3.36
0.208401038888889,3.39,0.208401668888889,3.349,0.208360017222222,3.37
0.208678613055556,3.39,0.208679945277778,3.36,0.208637751388889,3.37
0.208956834166667,3.39,0.2089574525,3.36,0.208915427222222,3.36
0.209234317222222,3.4,0.209235164722222,3.36,0.209193482777778,3.36
0.209512047222222,3.39,0.209513265555556,3.36,0.209471605833333,3.37
0.209790211388889,3.39,0.209791495,3.36,0.209749268333333,3.36
0.210068134444444,3.39,0.210069235833333,3.36,0.210027078333333,3.37
0.210345815277778,3.39,0.210347170555556,3.36,0.210304810277778,3.36
0.210623669166667,3.39,0.210625118888889,3.36,0.210583145833333,3.36
0.210901385833333,3.39,0.210902551944444,3.36,0.210860618333333,3.37
0.211179247777778,3.39,0.211180690833333,3.36,0.211138678055556,3.36
0.211456944166667,3.39,0.211458504166667,3.36,0.211416444444444,3.37
0.211734393888889,3.4,0.211736223611111,3.36,0.211694563055556,3.37
0.212012545277778,3.4,0.212013997777778,3.36,0.211972464722222,3.37
0.212290516111111,3.39,0.212291953333333,3.36,0.212250410277778,3.37
0.212568206388889,3.4,0.212569788055556,3.36,0.212527848055556,3.36
0.21284624,3.39,0.212847945277778,3.36,0.212805603055556,3.37
0.213124632777778,3.4,0.213125349166667,3.36,0.213083675,3.36
0.213402356388889,3.39,0.213403361388889,3.36,0.213361416111111,3.36
0.21368037,3.39,0.213680997777778,3.36,0.213639153055556,3.37
0.213958501388889,3.39,0.213958633611111,3.36,0.213917083888889,3.36
0.21423635,3.39,0.214237021388889,3.36,0.21419498,3.36
0.214514494722222,3.39,0.2145149625,3.36,0.214472748055556,3.36
0.214791948055556,3.39,0.2147928225,3.36,0.214750452222222,3.36
0.215069811388889,3.39,0.215071055277778,3.36,0.215028389722222,3.37
0.215347742777778,3.39,0.215348614444444,3.36,0.215306179722222,3.37
0.215625940555556,3.4,0.215626229722222,3.36,0.215584150833333,3.37
0.215903606666667,3.39,0.21590423,3.36,0.215861953333333,3.37
0.216181059166667,3.39,0.216181733055556,3.36,0.216139788333333,3.37
0.216459196944444,3.39,0.216459851944444,3.36,0.216417933888889,3.37
0.216737030277778,3.39,0.216737297222222,3.36,0.216696079444444,3.37
0.217014739166667,3.39,0.217015426111111,3.36,0.216973670833333,3.37
0.217292505555556,3.39,0.2172928625,3.36,0.217251816666667,3.37
0.217569989166667,3.39,0.217570641666667,3.36,0.217529961666667,3.37
0.217848219722222,3.39,0.217849107222222,3.36,0.217807708055556,3.37
0.218126190833333,3.39,0.2181271325,3.36,0.218085519166667,3.37
0.218403565277778,3.4,0.218404670555556,3.36,0.2183904475,3.37
0.218681798888889,3.4,0.218682501944444,3.36,0.218667934166667,3.37
0.218959929166667,3.39,0.218960465,3.36,0.218946012777778,3.37
0.219237764166667,3.39,0.219238596666667,3.36,0.219223767777778,3.37
0.219515494722222,3.4,0.219516475833333,3.36,0.219501388055556,3.37
0.2197933275,3.39,0.219794330555556,3.36,0.219779700833333,3.37
0.220071008333333,3.39,0.220072013333333,3.36,0.220057638333333,3.37
0.220348926388889,3.39,0.220350181666667,3.36,0.220335521111111,3.37
0.220626671666667,3.39,0.220627886111111,3.36,0.220704140555556,3.37
0.220904690555556,3.39,0.220905586388889,3.36,0.220981889166667,3.37
0.221182317222222,3.39,0.221183580555556,3.36,0.221259704166667,3.37
0.221460680833333,3.39,0.2214614075,3.36,0.221537465,3.37
0.221738061666667,3.39,0.221739576944444,3.36,0.221815056388889,3.37
0.222016220555556,3.39,0.222017279722222,3.36,0.222093201666667,3.37
0.222294085555556,3.39,0.222295493888889,3.36,0.222371071666667,3.37
0.2225719675,3.4,0.222573252777778,3.36,0.222648663611111,3.37
0.22285017,3.39,0.222851155555556,3.36,0.222926805555556,3.37
0.223127464444444,3.39,0.223128960277778,3.36,0.223204952777778,3.37
0.223405489166667,3.4,0.223406845555556,3.36,0.223482543888889,3.37
0.223683363611111,3.4,0.223684708055556,3.36,0.223760756666667,3.37
0.223961564444444,3.39,0.223962475555556,3.36,0.224038338333333,3.37
0.224239381666667,3.4,0.224240344444444,3.36,0.224316494444444,3.37
0.224517286111111,3.39,0.224517858055556,3.36,0.224594658055556,3.37
0.224795086944444,3.39,0.224795918611111,3.36,0.224872290277778,3.37
0.225073140277778,3.4,0.225073877222222,3.36,0.225150039722222,3.37
0.2253507275,3.4,0.225351694166667,3.36,0.225428136388889,3.37
0.225628804166667,3.39,0.225629538888889,3.36,0.225706260833333,3.37
0.225906394444444,3.4,0.225907366111111,3.36,0.225984416944444,3.37
0.226184528888889,3.39,0.226185183888889,3.36,0.226262276944444,3.37
0.2264619925,3.39,0.226463011111111,3.36,0.226540175555556,3.37
0.226739830833333,3.39,0.226740572222222,3.37,0.226818231111111,3.37
0.227018215,3.39,0.227018520833333,3.36,0.227096323055556,3.37
0.227295861666667,3.4,0.227296555277778,3.37,0.227374084166667,3.37
0.227573739444444,3.39,0.2275747675,3.36,0.227651853333333,3.37
0.227851456388889,3.4,0.227853029166667,3.37,0.22792996,3.37
0.228128991388889,3.4,0.228130466388889,3.36,0.228207575555556,3.37
0.2284072025,3.39,0.228408311388889,3.36,0.228485663055556,3.37
0.228685436666667,3.39,0.228686019444444,3.36,0.228763780277778,3.37
0.228963081666667,3.39,0.228963965833333,3.36,0.229041651111111,3.37
0.229240733611111,3.39,0.229241759166667,3.36,0.22931924,3.37
0.229518678055556,3.39,0.229519601666667,3.37,0.229597386111111,3.37
0.229796865,3.39,0.229797389166667,3.36,0.229875520555556,3.37
0.230074514722222,3.39,0.230075514444444,3.36,0.230153130277778,3.37
0.230352454444444,3.4,0.230353408055556,3.36,0.230431275833333,3.37
0.230630375277778,3.39,0.230631540277778,3.37,0.230708881944444,3.37
0.230908062777778,3.4,0.2309092175,3.36,0.230987038333333,3.37
0.231185755,3.4,0.231187308333333,3.36,0.231264786111111,3.37
0.231463822777778,3.4,0.231465085555556,3.36,0.231542608055556,3.37
0.231741659722222,3.39,0.231743241666667,3.37,0.231820708333333,3.37
0.232019403333333,3.39,0.232020900277778,3.37,0.232098326666667,3.37
0.232297156111111,3.4,0.232298989166667,3.36,0.23237621,3.37
0.232574713333333,3.39,0.232577156666667,3.36,0.232654343611111,3.37
0.232852815277778,3.4,0.232854918611111,3.37,0.232931935,3.37
0.233130661111111,3.4,0.233132631111111,3.36,0.233209803888889,3.37
0.233408343888889,3.39,0.233410865555556,3.37,0.233487949722222,3.37
0.233686538055556,3.4,0.233689031388889,3.37,0.233765540555556,3.37
0.233963836111111,3.4,0.233966806666667,3.36,0.234043409166667,3.37
0.234241904166667,3.4,0.234244516944444,3.37,0.234321554722222,3.37
0.234519928055556,3.4,0.234522309166667,3.37,0.2345997,3.37
0.234797940277778,3.4,0.234800063055556,3.37,0.234877291388889,3.37
0.235075230833333,3.39,0.235078370833333,3.36,0.235155436944444,3.37
0.235353493611111,3.39,0.235356206388889,3.36,0.235433590277778,3.37
0.235631541944444,3.4,0.235634100277778,3.37,0.235711173611111,3.37
0.23590927,3.4,0.235911855555556,3.37,0.235989319444444,3.37
0.236186863333333,3.4,0.236189765833333,3.37,0.236267465277778,3.37
0.236464388888889,3.4,0.2364675225,3.37,0.236545056666667,3.37
0.236742910277778,3.39,0.236745369166667,3.37,0.236823201666667,3.37
0.237020640555556,3.4,0.237023384166667,3.37,0.237101347777778,3.37
0.237298089444444,3.39,0.237301100833333,3.37,0.237378938333333,3.37
0.237576022222222,3.4,0.237578978611111,3.37,0.237657083888889,3.37
0.237853943333333,3.4,0.237857045555556,3.37,0.246073989444444,3.37
0.238131630833333,3.4,0.238134691666667,3.36,0.24635158,3.37
0.238409498888889,3.39,0.238412714722222,3.37,0.246629725833333,3.37
0.238687130555556,3.4,0.238690507222222,3.37,0.246907871388889,3.37
0.238965113611111,3.4,0.238968123611111,3.37,0.2471854625,3.37
0.239242937777778,3.4,0.239245889166667,3.36,0.247463608055556,3.37
0.239520935277778,3.39,0.239524146944444,3.37,0.247741753333333,3.37
0.239798676666667,3.4,0.239802123888889,3.37,0.248019344722222,3.37
0.240076442777778,3.4,0.240079850833333,3.37,0.248297490277778,3.37
0.240354106944444,3.39,0.240357724722222,3.37,0.248575635833333,3.38
0.240632223333333,3.4,0.240635116388889,3.37,0.2488532275,3.37
0.240910131666667,3.4,0.240913602777778,3.37,0.2491313725,3.37
0.241187808333333,3.39,0.241190956111111,3.37,0.249409525833333,3.37
0.241465446944444,3.39,0.241468930277778,3.37,0.249687109722222,3.37
0.2417433575,3.4,0.241746893333333,3.37,0.249965256666667,3.37
0.242021468611111,3.39,0.242024809444444,3.37,0.250243408333333,3.37
0.242299325555556,3.39,0.242302994166667,3.37,0.2505209925,3.38
0.242577176111111,3.4,0.242581067222222,3.37,0.2507991375,3.37
0.242855024444444,3.39,0.242859121944444,3.37,0.251077283611111,3.37
0.243133101111111,3.4,0.2431371425,3.37,0.251354874722222,3.38
0.243411030555556,3.4,0.243414846666667,3.36,0.251633020277778,3.37
0.243688595277778,3.4,0.243692605,3.37,0.251911165555556,3.37
0.2439660925,3.4,0.243970951666667,3.37,0.252188765833333,3.37
0.244244076666667,3.4,0.244248548611111,3.37,0.2524669025,3.38
0.244521728888889,3.39,0.244526556944444,3.37,0.252745055277778,3.37
0.244799408611111,3.4,0.244804401388889,3.37,0.253022641388889,3.37
0.245077175,3.39,0.245081724722222,3.37,0.253300507777778,3.37
0.245355285555556,3.4,0.245359730555556,3.37,0.253578653333333,3.37
0.245633486944444,3.4,0.245637383333333,3.37,0.253856245,3.38
0.245910945,3.4,0.245915818888889,3.37,0.254134113333333,3.37
0.246189107777778,3.4,0.2461930825,3.37,0.254412258611111,3.37
0.246466533333333,3.4,0.246471015833333,3.37,0.254690403888889,3.37
0.246744853333333,3.4,0.246749175277778,3.37,0.254967996111111,3.37
0.247022873333333,3.4,0.247026769444444,3.37,0.255246141111111,3.37
0.247300602777778,3.4,0.247304686666667,3.37,0.255524293611111,3.37
0.24757833,3.4,0.247582384444444,3.37,0.255801877777778,3.37
0.247856067222222,3.4,0.247860259166667,3.37,0.256080022777778,3.37
0.248133923888889,3.39,0.248137555555556,3.37,0.256357899444444,3.37
0.248411938333333,3.4,0.248415666944444,3.37,0.256635483055556,3.37
0.248690040833333,3.4,0.248693899166667,3.37,0.256913629166667,3.37
0.248967566388889,3.4,0.2489717125,3.37,0.257191774166667,3.37
0.249245551666667,3.39,0.249249701666667,3.37,0.257469365555556,3.37
0.249523579166667,3.39,0.249527860277778,3.37,0.257747511111111,3.38
0.249801695277778,3.39,0.249805350833333,3.37,0.258025656111111,3.38
0.250079437777778,3.4,0.250083442777778,3.37,0.258303248055556,3.37
0.250357439166667,3.4,0.250360870555556,3.37,0.258581393611111,3.38
0.250635269444444,3.4,0.250638946944444,3.37,0.258859539444444,3.38
0.250912976388889,3.4,0.2509169425,3.37,0.2591371325,3.38
0.251190756111111,3.4,0.25119477,3.37,0.259415275277778,3.37
0.251468793888889,3.4,0.251472816944444,3.37,0.259693420555556,3.37
0.251746561388889,3.4,0.251750344722222,3.37,0.259971017777778,3.37
0.25202445,3.4,0.252028008888889,3.37,0.2602491575,3.38
0.252302685,3.4,0.2523060125,3.37,0.260527303888889,3.37
0.252580685833333,3.4,0.252583539444444,3.37,0.260804894722222,3.38
0.252858233888889,3.4,0.252861613888889,3.37,0.261083041388889,3.38
0.253136231388889,3.4,0.253139353055556,3.37,0.261361185555556,3.37
0.253413665833333,3.4,0.253417071666667,3.37,0.261638785,3.38
0.253691594166667,3.4,0.253695336388889,3.37,0.261916923888889,3.37
0.253969406111111,3.39,0.253973126388889,3.37,0.262195068055556,3.38
0.254247291944444,3.39,0.254251012777778,3.37,0.262472659722222,3.37
0.254525127777778,3.4,0.254528414166667,3.37,0.262750812777778,3.38
0.254802883611111,3.4,0.254806158055556,3.37,0.263028950555556,3.38
0.255080300833333,3.4,0.255084333611111,3.37,0.263306541944444,3.38
0.255358424444444,3.4,0.255362289444444,3.37,0.263584695555556,3.38
0.255635815,3.4,0.255640171666667,3.37,0.2638628325,3.38
0.255913635277778,3.4,0.255917816666667,3.37,0.264140431666667,3.38
0.256191722777778,3.39,0.256195662222222,3.37,0.26441857,3.37
0.256469638611111,3.4,0.256473496944444,3.37,0.264696715555556,3.38
0.2567474225,3.4,0.256751568055556,3.37,0.264974306388889,3.38
0.257025515277778,3.4,0.257029387222222,3.37,0.265252175,3.38
0.257303656388889,3.4,0.257307043611111,3.37,0.265530328055556,3.38
0.257581483888889,3.4,0.257584802777778,3.37,0.265807911666667,3.38
0.2578594225,3.4,0.257862663611111,3.37,0.266085780555556,3.38
0.258137365833333,3.4,0.258140001666667,3.37,0.266363926111111,3.38
0.258415271388889,3.4,0.258417933611111,3.37,0.266642071666667,3.38
0.258693019166667,3.39,0.258695625833333,3.37,0.2669196625,3.38
0.258971031111111,3.39,0.25897335,3.37,0.267197808333333,3.37
0.259248848888889,3.4,0.259251538333333,3.37,0.267475953611111,3.38
0.259526856944444,3.4,0.259529516111111,3.37,0.267753545277778,3.38
0.259804596111111,3.39,0.259807425833333,3.37,0.268031690555556,3.38
0.260082387222222,3.39,0.260085311666667,3.37,0.268309836111111,3.38
0.260360381944444,3.4,0.260363181666667,3.37,0.268587427777778,3.38
0.260638298055556,3.4,0.260641258055556,3.37,0.268865572777778,3.38
0.2609163625,3.39,0.260919365277778,3.37,0.269143718888889,3.38
0.261194123888889,3.4,0.261197471388889,3.37,0.269421309444444,3.38
0.261472106666667,3.4,0.261474758333333,3.37,0.269699455555556,3.37
0.261750155833333,3.4,0.2617525125,3.37,0.269977325277778,3.38
0.2620277525,3.39,0.262030936944444,3.37,0.270254915277778,3.38
0.262305527222222,3.4,0.262308929166667,3.37,0.270533060277778,3.38
0.262583050555556,3.39,0.262586763888889,3.37,0.270811214166667,3.38
0.262861181944444,3.39,0.262864938888889,3.37,0.271088797777778,3.38
0.263138838611111,3.4,0.263143179166667,3.37,0.271366944444444,3.38
0.263416776388889,3.4,0.263420735555556,3.37,0.271645096111111,3.38
0.263694613611111,3.4,0.263698629166667,3.37,0.2719226875,3.38
0.263971916388889,3.4,0.263976555555556,3.37,0.272200825555556,3.38
0.264250337222222,3.4,0.2642544125,3.37,0.272478970555556,3.38
0.264528291944444,3.4,0.264532001944444,3.37,0.272756561666667,3.38
0.264806208333333,3.4,0.264809741944444,3.38,0.273034439444444,3.38
0.265083860277778,3.4,0.265088037777778,3.37,0.273312575833333,3.38
0.265361932777778,3.4,0.265365513055556,3.37,0.273590167777778,3.38
0.265640095277778,3.4,0.265643359444444,3.37,0.273868313611111,3.38
0.265917688888889,3.4,0.265921235,3.38,0.274146458055556,3.38
0.266195740277778,3.4,0.266198884444444,3.37,0.274424049722222,3.38
0.26647336,3.39,0.266476843055556,3.37,0.274702195555556,3.38
0.266751226944444,3.4,0.266754695277778,3.37,0.274980341111111,3.38
0.267028956111111,3.39,0.267031973333333,3.38,0.275257932222222,3.38
0.267306823055556,3.4,0.267310488333333,3.37,0.275536078055556,3.38
0.267584646111111,3.4,0.267588266944444,3.37,0.275814223611111,3.38
0.267862091666667,3.4,0.267865734722222,3.37,0.276091815277778,3.38
0.268139939722222,3.4,0.268143705,3.38,0.27636996,3.38
0.268417863611111,3.4,0.268421218333333,3.37,0.276648105833333,3.38
0.268695648888889,3.4,0.268699203611111,3.38,0.276925696944444,3.38
0.268973320833333,3.4,0.268976968055556,3.37,0.277203843333333,3.38
0.269251283611111,3.4,0.269255273611111,3.37,0.277481991666667,3.38
0.269528643888889,3.4,0.269533671666667,3.37,0.277759580277778,3.38
0.269806708611111,3.4,0.269811330277778,3.38,0.278037448055556,3.38
0.270084519722222,3.4,0.270089349444444,3.38,0.278315593333333,3.38
0.270362378055556,3.4,0.270367510833333,3.38,0.278593738333333,3.38
0.270640023333333,3.39,0.270645435833333,3.38,0.278871330277778,3.38
0.270917931666667,3.4,0.270923451388889,3.37,0.279149483611111,3.38
0.271195695,3.4,0.271201156388889,3.37,0.279427621111111,3.38
0.271473426666667,3.4,0.271478962222222,3.37,0.279705213055556,3.38
0.271750814722222,3.4,0.271756417222222,3.37,0.279983371111111,3.38
0.272029446111111,3.4,0.272034539166667,3.38,0.280261503611111,3.38
0.272307596388889,3.4,0.272312599722222,3.37,0.280539094722222,3.38
0.272585000555556,3.4,0.272590478333333,3.37,0.280817240277778,3.38
0.272863066666667,3.4,0.272868109444444,3.37,0.281095390555556,3.38
0.273140891944444,3.39,0.273146201388889,3.38,0.281372977777778,3.38
0.2734190075,3.39,0.273424088055556,3.37,0.281651123055556,3.38
0.273697305555556,3.4,0.273701398333333,3.37,0.281929267777778,3.38
0.273974983888889,3.4,0.273979988055556,3.37,0.2822068675,3.38
0.274252759722222,3.4,0.274257538333333,3.37,0.282485004722222,3.38
0.274530744722222,3.4,0.274535433333333,3.37,0.282762880833333,3.38
0.274808224722222,3.4,0.274813241388889,3.37,0.283040465555556,3.38
0.275086156388889,3.4,0.275090739722222,3.38,0.283318618611111,3.38
0.2753638625,3.4,0.275369118055556,3.37,0.283596756944444,3.38
0.275641460277778,3.4,0.275646393888889,3.38,0.283874346944444,3.38
0.275919227222222,3.4,0.275924546111111,3.38,0.284152225833333,3.38
0.276197463888889,3.4,0.276202214722222,3.37,0.284430360833333,3.38
0.276475635555556,3.4,0.276480180277778,3.37,0.284707953333333,3.38
0.276753275833333,3.4,0.276758215833333,3.38,0.284986098055556,3.38
0.277031255277778,3.4,0.277036040277778,3.38,0.285263970555556,3.38
0.277309235277778,3.39,0.277313737222222,3.37,0.285541565,3.38
0.277587263611111,3.4,0.277591915833333,3.37,0.285819710555556,3.38
0.277864712222222,3.4,0.277869575833333,3.37,0.286097856111111,3.38
0.278142501666667,3.4,0.278147137777778,3.38,0.286375440277778,3.38
0.278420500277778,3.4,0.278425101666667,3.38,0.286653316388889,3.38
0.278698670555556,3.4,0.278703198055556,3.38,0.286931177777778,3.38
0.278976645277778,3.4,0.278980871666667,3.38,0.287208777777778,3.38
0.279254762222222,3.4,0.279258635833333,3.38,0.287486914166667,3.38
0.279532744444444,3.4,0.279536845277778,3.37,0.287765066666667,3.38
0.279810828055556,3.4,0.279814731944444,3.38,0.288042660555556,3.38
0.280088427777778,3.4,0.2800921475,3.38,0.288320796666667,3.38
0.28036615,3.4,0.280370006666667,3.37,0.288598941944444,3.38
0.280644345833333,3.4,0.280648177777778,3.38,0.288876541666667,3.38
0.280922170833333,3.4,0.280926205555556,3.38,0.289154688055556,3.38
0.281200028333333,3.4,0.281203669166667,3.37,0.289432824444444,3.38
0.281477878888889,3.4,0.281481804722222,3.37,0.289710415555556,3.38
0.281755303888889,3.4,0.281759709166667,3.38,0.2899882925,3.38
0.282033595833333,3.4,0.282037437222222,3.37,0.2902664375,3.38
0.282311508055556,3.4,0.282315428333333,3.38,0.290544029722222,3.38
0.2825892425,3.4,0.282593118888889,3.38,0.290822166944444,3.38
0.282866948888889,3.4,0.282870728055556,3.38,0.291100320555556,3.38
0.283144857222222,3.4,0.283148707222222,3.38,0.291377911944444,3.38
0.283422521388889,3.4,0.283426629722222,3.38,0.291655774166667,3.38
0.283700728055556,3.4,0.283703915277778,3.37,0.291933926388889,3.38
0.283978785277778,3.4,0.283981894722222,3.38,0.292212071111111,3.38
0.284256056111111,3.4,0.284259853611111,3.38,0.292489654722222,3.38
0.284534638333333,3.4,0.284537348333333,3.38,0.292767799166667,3.38
0.284811888333333,3.4,0.284815087777778,3.37,0.293045675,3.38
0.285090081666667,3.4,0.285093119166667,3.38,0.293323262222222,3.38
0.285367520833333,3.4,0.285371155833333,3.38,0.293601405,3.38
0.285645506944444,3.4,0.285648975833333,3.38,0.293879281944444,3.38
0.285923543888889,3.4,0.285927188888889,3.38,0.294156873888889,3.38
0.286201268888889,3.4,0.286204771111111,3.38,0.294435018611111,3.38
0.286479226388889,3.4,0.286482661666667,3.38,0.2947128875,3.38
0.2867569125,3.4,0.286760461944444,3.38,0.294990495555556,3.38
0.287034964166667,3.4,0.287038201388889,3.38,0.29526864,3.38
0.287313276388889,3.4,0.287315875555556,3.38,0.2955467775,3.38
0.287590828055556,3.4,0.287593756666667,3.38,0.295824376944444,3.38
0.28786862,3.4,0.287871456944444,3.38,0.296102513333333,3.38
0.288146540277778,3.4,0.288149536944444,3.38,0.29638066,3.38
0.288424120277778,3.4,0.288427458888889,3.38,0.296658264722222,3.38
0.288702323888889,3.4,0.288705323888889,3.38,0.296936432222222,3.38
0.288980178055556,3.4,0.288983131388889,3.37,0.297214032777778,3.38
0.289258180555556,3.4,0.289261175,3.38,0.297492168888889,3.38
0.289536056111111,3.4,0.289539161666667,3.38,0.297770315,3.38
0.289814019166667,3.4,0.289817138055556,3.38,0.298047928888889,3.38
0.290091458611111,3.4,0.290095199444444,3.38,0.298326065277778,3.38
0.290369465277778,3.4,0.290373072777778,3.37,0.29860422,3.38
0.290647011388889,3.4,0.2906506575,3.38,0.298881811111111,3.38
0.290925214722222,3.4,0.290928405833333,3.38,0.299159948888889,3.38
0.291203016388889,3.4,0.291206268888889,3.38,0.299438101944444,3.38
0.291481067777778,3.4,0.291484637222222,3.38,0.299715694722222,3.38
0.291758837222222,3.4,0.291762298055556,3.38,0.299993561666667,3.38
0.292036456944444,3.4,0.292040287777778,3.38,0.300271698888889,3.38
0.292314496388889,3.4,0.292318184166667,3.38,0.300549843888889,3.38
0.292592907222222,3.4,0.292595696666667,3.38,0.300827435833333,3.38
0.2928707175,3.4,0.292873437777778,3.37,0.301105313611111,3.38
0.2931486525,3.4,0.293151473333333,3.38,0.301383178055556,3.38
0.2934265425,3.4,0.2934293375,3.38,0.301660771666667,3.38
0.29370448,3.4,0.293707118611111,3.38,0.301938909444444,3.38
0.293982103611111,3.4,0.293984830833333,3.38,0.302217063888889,3.38
0.294259952777778,3.4,0.294262906388889,3.38,0.302494663055556,3.38
0.294537570555556,3.39,0.294540596666667,3.38,0.3027728175,3.38
0.294815637777778,3.4,0.294818740555556,3.38,0.303050686388889,3.38
0.2950934875,3.4,0.295096607222222,3.38,0.303328268333333,3.38
0.295371416388889,3.4,0.295374705277778,3.38,0.303606423055556,3.38
0.295649565555556,3.4,0.295652108055556,3.38,0.303884568333333,3.38
0.2959273,3.4,0.295930165833333,3.38,0.304162150555556,3.38
0.296204692222222,3.4,0.296207990555556,3.37,0.304440307222222,3.38
0.296482555833333,3.4,0.296485729444444,3.38,0.304718174444444,3.38
0.296760513055556,3.4,0.296763376944444,3.38,0.304995765,3.38
0.297038465277778,3.4,0.297041648055556,3.38,0.305273901944444,3.38
0.297316215555556,3.4,0.297318931111111,3.38,0.305552057222222,3.38
0.297594045277778,3.4,0.297597002222222,3.38,0.305829639444444,3.38
0.297871769722222,3.4,0.297875107777778,3.38,0.306107796666667,3.38
0.298150201944444,3.4,0.298152830277778,3.38,0.306385941388889,3.38
0.298428247777778,3.4,0.298431177222222,3.38,0.306663541944444,3.38
0.298706174166667,3.4,0.298708988611111,3.38,0.306941678888889,3.38
0.298983850833333,3.4,0.298987110833333,3.38,0.307219832777778,3.38
0.299261766111111,3.4,0.299264801388889,3.38,0.307497415277778,3.38
0.299539401111111,3.4,0.299543056388889,3.38,0.307775561111111,3.38
0.299817276111111,3.39,0.2998208225,3.38,0.308053705555556,3.38
0.300095405,3.4,0.300098513611111,3.38,0.3083313075,3.38
0.300372843055556,3.4,0.300376460277778,3.38,0.308609452222222,3.38
0.300651021666667,3.4,0.300654621388889,3.38,0.308887589166667,3.38
0.300928728611111,3.4,0.300932148333333,3.38,0.309165188611111,3.38
0.301206545555556,3.4,0.301209991666667,3.38,0.309443342777778,3.38
0.301484233611111,3.4,0.301488230833333,3.38,0.309721507222222,3.38
0.301761933055556,3.4,0.3017659675,3.38,0.309999098333333,3.38
0.302039430555556,3.4,0.302043811111111,3.37,0.310277235277778,3.38
0.302317442777778,3.4,0.302321675277778,3.38,0.310555389444444,3.38
0.302595830833333,3.4,0.302599481666667,3.38,0.310832972222222,3.38
0.3028737075,3.39,0.302877389722222,3.38,0.311111124722222,3.38
0.303151324444444,3.4,0.303155024722222,3.38,0.311389263055556,3.38
0.303428918888889,3.39,0.303433244444444,3.38,0.311666853888889,3.38
0.303707095833333,3.4,0.303710743611111,3.37,0.311944999166667,3.38
0.303985270833333,3.4,0.303988875833333,3.38,0.312223153055556,3.38
0.304263091388889,3.4,0.304267276388889,3.38,0.312500741388889,3.38
0.304540765,3.4,0.304544754166667,3.38,0.312778881666667,3.38
0.304818312777778,3.4,0.304822546944444,3.38,0.313057035,3.38
0.305096332222222,3.4,0.305100812222222,3.38,0.3133346275,3.38
0.305374048611111,3.4,0.3053784425,3.38,0.313612764444444,3.38
0.305652287222222,3.4,0.305656295555556,3.38,0.313890921944444,3.38
0.305929969722222,3.4,0.305934254722222,3.38,0.314168500833333,3.38
0.306208204166667,3.4,0.306211739166667,3.38,0.314446690833333,3.38
0.30648603,3.4,0.306490140277778,3.38,0.314724835555556,3.38
0.306763891666667,3.4,0.306768257777778,3.37,0.315002419166667,3.38
0.3070416025,3.4,0.307045981666667,3.38,0.315280623611111,3.38
0.307319470555556,3.4,0.307323680277778,3.38,0.315558223611111,3.38
0.307597238055556,3.4,0.307601961388889,3.38,0.315836378333333,3.38
0.307874927222222,3.4,0.307879841944444,3.38,0.316114523333333,3.38
0.308152842222222,3.4,0.308157584444444,3.38,0.316392107222222,3.38
0.308430681388889,3.4,0.308435321944444,3.38,0.316670251666667,3.38
0.3087083,3.4,0.308713165833333,3.38,0.316948406111111,3.38
0.308986146111111,3.4,0.308991276388889,3.38,0.317225988611111,3.38
0.309263863888889,3.4,0.309269067222222,3.38,0.317504135,3.38
0.309541712777778,3.4,0.309546446944444,3.38,0.31778228,3.38
0.309819446388889,3.4,0.309824896388889,3.38,0.318059879722222,3.38
0.310097495,3.4,0.310102688333333,3.38,0.318338025,3.38
0.310375225833333,3.4,0.310380341388889,3.38,0.318616171111111,3.38
0.310653048888889,3.4,0.310658198888889,3.38,0.318893760833333,3.38
0.310930686388889,3.4,0.310936150555556,3.38,0.319171908888889,3.38
0.311208540555556,3.4,0.3112143825,3.38,0.319450063333333,3.38
0.311486471388889,3.4,0.311492005,3.38,0.319727655555556,3.38
0.311764516666667,3.4,0.311769517777778,3.38,0.320005791388889,3.38
0.312042182777778,3.4,0.312047698333333,3.38,0.320283945555556,3.38
0.312320528055556,3.4,0.312325076111111,3.38,0.320561554444444,3.38
0.312598445833333,3.4,0.312603585555556,3.38,0.320839425,3.38
0.312876066944444,3.4,0.312881290555556,3.38,0.321117568333333,3.38
0.313154244722222,3.4,0.313159248611111,3.38,0.321395160277778,3.38
0.313432004166667,3.4,0.313437112777778,3.38,0.321673039166667,3.38
0.313709807222222,3.4,0.3137147375,3.38,0.321951174444444,3.38
0.313987564722222,3.4,0.313992779166667,3.38,0.322228774166667,3.38
0.314265698333333,3.4,0.314270523055556,3.38,0.322506919444444,3.38
0.314543538055556,3.4,0.314548564444444,3.38,0.322785075833333,3.38
0.314821086944444,3.4,0.314825838333333,3.38,0.323062667222222,3.38
0.315099158055556,3.4,0.3151041775,3.38,0.323340810555556,3.38
0.315377105,3.4,0.315381781666667,3.38,0.323618948333333,3.38
0.315654921111111,3.4,0.315659246111111,3.38,0.323896541111111,3.38
0.315932831388889,3.4,0.315937386388889,3.38,0.324174685833333,3.38
0.316211141666667,3.4,0.316214830833333,3.38,0.324452840555556,3.38
0.3164889875,3.4,0.316492904722222,3.38,0.3247304225,3.38
0.316766909444444,3.4,0.316770730555556,3.38,0.3250085775,3.38
0.3170451825,3.4,0.317049096388889,3.38,0.325286722222222,3.38
0.317322655833333,3.4,0.317326407222222,3.38,0.3255643125,3.38
0.317600570555556,3.4,0.317604682777778,3.38,0.325842459722222,3.38
0.317878288888889,3.4,0.317882678055556,3.38,0.326120614444444,3.38
0.318156100277778,3.4,0.318160724722222,3.38,0.326398206666667,3.38
0.318433873333333,3.4,0.318439074166667,3.38,0.326676343888889,3.38
0.318711600833333,3.4,0.318716456388889,3.38,0.326954489444444,3.38
0.318989130277778,3.4,0.318994563888889,3.38,0.32723209,3.38
0.319267513888889,3.4,0.319272931944444,3.38,0.327509948333333,3.38
0.319545205833333,3.4,0.319550743888889,3.38,0.327788094722222,3.38
0.319823078055556,3.4,0.319828871666667,3.38,0.328065694722222,3.38
0.320101186111111,3.4,0.3201064825,3.38,0.328343561944444,3.38
0.320379065277778,3.4,0.320384690277778,3.38,0.3286217,3.38
0.320656946388889,3.4,0.320662415833333,3.38,0.328899300277778,3.38
0.320934850277778,3.4,0.320940189444444,3.38,0.32917716,3.38
0.321213172222222,3.4,0.321217830555556,3.38,0.329455304444444,3.38
0.321491060277778,3.4,0.321496025277778,3.38,0.329733458888889,3.38
0.3217689775,3.4,0.321773720277778,3.38,0.330011050833333,3.38
0.322046725277778,3.4,0.322051941666667,3.38,0.330289187222222,3.38
0.322324303611111,3.4,0.322329716388889,3.38,0.330566924722222,3.38
0.322602361111111,3.4,0.322607390555556,3.38,0.33084505,3.38
0.322880273888889,3.4,0.322885475555556,3.38,0.331122649722222,3.38
0.323158091388889,3.4,0.323163359166667,3.38,0.331400795555556,3.38
0.323435582777778,3.4,0.323441100833333,3.38,0.331678664722222,3.38
0.323713483333333,3.4,0.323719373055556,3.38,0.331956246666667,3.38
0.323991588611111,3.4,0.323996895277778,3.38,0.332234123611111,3.38
0.324269681111111,3.4,0.324274977777778,3.38,0.332512261111111,3.38
0.324547674444444,3.4,0.324552895555556,3.38,0.332789865,3.38
0.3248253425,3.4,0.324830706944444,3.38,0.333067729444444,3.38
0.325102983611111,3.4,0.325108515,3.38,0.333345874444444,3.38
0.325380982222222,3.4,0.325386516944444,3.38,0.333624020555556,3.38
0.325659010277778,3.4,0.3256642925,3.38,0.33390161,3.38
0.325937086944444,3.4,0.325942214444444,3.38,0.334179755555556,3.38
0.326214806111111,3.4,0.326219929444444,3.38,0.334457901388889,3.38
0.326492240277778,3.4,0.326497801944444,3.38,0.334735503333333,3.38
0.326770375,3.4,0.326775890277778,3.38,0.335013640555556,3.38
0.327048225555556,3.4,0.327053834166667,3.38,0.335291518611111,3.38
0.327325770833333,3.4,0.327331834444444,3.38,0.335569109722222,3.38
0.327603566666667,3.4,0.327609560833333,3.38,0.335847255,3.38
0.327881532777778,3.4,0.327887406388889,3.38,0.336125398888889,3.38
0.328159485,3.4,0.328165079444444,3.38,0.336402983333333,3.38
0.328437322777778,3.4,0.328443157222222,3.38,0.336680859722222,3.38
0.328715076944444,3.4,0.328720834722222,3.38,0.336958729722222,3.38
0.328993177222222,3.4,0.328998685833333,3.38,0.337236310555556,3.38
0.329270540277778,3.4,0.329276138611111,3.38,0.337514465833333,3.38
0.3295488025,3.4,0.329554201388889,3.38,0.337792611111111,3.38
0.329826820555556,3.4,0.329832123888889,3.38,0.338070202222222,3.38
0.330104947222222,3.4,0.330109548333333,3.38,0.338348338888889,3.38
0.33038308,3.4,0.330387334166667,3.38,0.338626484166667,3.38
0.330661087222222,3.4,0.330665088333333,3.38,0.338904085833333,3.38
0.330938805277778,3.4,0.330943115555556,3.38,0.33918223,3.38
0.331217013055556,3.4,0.33122099,3.38,0.339460366666667,3.38
0.331494926388889,3.4,0.331498989166667,3.38,0.339737967222222,3.38
0.331772454166667,3.4,0.3317770175,3.38,0.3400161125,3.38
0.3320505525,3.4,0.332054813888889,3.38,0.340294258611111,3.38
0.332328919444444,3.4,0.332332408055556,3.38,0.340571849166667,3.38
0.3326069,3.4,0.332610635,3.38,0.340849995555556,3.38
0.332884633888889,3.4,0.332888614444444,3.38,0.341128140277778,3.38
0.333162558055556,3.4,0.333166565277778,3.38,0.341405731666667,3.38
0.333440331388889,3.4,0.333444286111111,3.38,0.341683878055556,3.38
0.33371773,3.4,0.3337222775,3.38,0.3419620225,3.38
0.333995849722222,3.4,0.334000155277778,3.38,0.342239605833333,3.38
0.334273523888889,3.4,0.334278019166667,3.38,0.342517759166667,3.38
0.334551463611111,3.4,0.334555889444444,3.38,0.342795905833333,3.38
0.334829221388889,3.4,0.334833751111111,3.38,0.343073496944444,3.38
0.335107186111111,3.4,0.3351114275,3.38,0.343351633055556,3.38
0.335384864722222,3.4,0.335389291666667,3.38,0.343629787777778,3.38
0.335662874166667,3.4,0.335667345277778,3.38,0.343907378611111,3.38
0.335940622222222,3.4,0.335945088333333,3.38,0.344185525,3.38
0.336218516388889,3.4,0.336222934722222,3.38,0.344463669444444,3.38
0.336496108611111,3.4,0.336500619722222,3.38,0.344741260833333,3.38
0.336773677222222,3.4,0.336778547222222,3.38,0.345019406944444,3.38
0.33705186,3.4,0.337056461666667,3.38,0.345297266388889,3.38
0.337329416111111,3.4,0.337334427222222,3.38,0.345574866388889,3.38
0.337607501666667,3.4,0.337612298333333,3.38,0.345853011111111,3.38
0.337885203055556,3.4,0.337890354722222,3.38,0.3461311675,3.38
0.338163024166667,3.4,0.338168079166667,3.38,0.346408761111111,3.38
0.338441025555556,3.4,0.338445903055556,3.38,0.346686904444444,3.38
0.338719017222222,3.4,0.338723789722222,3.38,0.346965049444444,3.38
0.338996527777778,3.4,0.3390015325,3.38,0.347242641388889,3.38
0.339274341111111,3.4,0.339279411388889,3.38,0.347520786944444,3.38
0.339552305277778,3.4,0.339557721111111,3.38,0.347798931388889,3.38
0.3398302275,3.4,0.3398353375,3.38,0.348076523055556,3.38
0.340107821388889,3.4,0.340113016111111,3.38,0.348354400833333,3.38
0.340385941111111,3.4,0.340390826111111,3.38,0.348632546111111,3.38
0.340663376111111,3.4,0.340668641111111,3.38,0.348910136388889,3.38
0.340941062777778,3.4,0.340946566944444,3.38,0.349188005833333,3.38
0.341219229444444,3.4,0.341224244722222,3.38,0.349466142222222,3.38
0.341497333055556,3.4,0.341502414166667,3.38,0.349744288055556,3.38
0.341774826666667,3.4,0.341780192222222,3.38,0.350021888888889,3.38
0.342052769166667,3.4,0.342057851944444,3.38,0.350299749722222,3.38
0.342330570833333,3.4,0.342335999444444,3.38,0.350577893888889,3.38
0.342608416388889,3.4,0.342613738055556,3.38,0.350855493611111,3.38
0.342886755277778,3.4,0.342891870833333,3.38,0.351133638888889,3.38
0.343164821111111,3.4,0.343169955555556,3.38,0.351411775555556,3.38
0.343442731666667,3.4,0.343447322777778,3.38,0.351689378611111,3.38
0.343720840555556,3.4,0.343725281944444,3.38,0.3519675125,3.38
0.343998398888889,3.4,0.344003325,3.38,0.352245658611111,3.38
0.344276468888889,3.4,0.344281148888889,3.38,0.352523249722222,3.38
0.344554263055556,3.4,0.344559103055556,3.38,0.352801127777778,3.38
0.344832103611111,3.4,0.344836643611111,3.38,0.3530792725,3.38
0.34511006,3.4,0.345114569166667,3.38,0.353356854722222,3.38
0.3453881725,3.4,0.34539221,3.38,0.353634725,3.38
0.345665763611111,3.4,0.345669892777778,3.38,0.353912868333333,3.38
0.345943504722222,3.4,0.345948111111111,3.38,0.354190460555556,3.38
0.346221943888889,3.4,0.346226259444444,3.38,0.354468605833333,3.38
0.346499995,3.4,0.346504335,3.38,0.354746750833333,3.38
0.346777904166667,3.4,0.346782123055556,3.38,0.3550243525,3.38
0.347055779722222,3.4,0.347060448611111,3.38,0.355302219722222,3.38
0.347333852777778,3.4,0.347338046944444,3.38,0.355580356666667,3.38
0.347611601944444,3.4,0.347615914166667,3.38,0.355857956944444,3.38
0.347889632222222,3.4,0.347893778611111,3.38,0.356136103888889,3.38
0.3481675425,3.4,0.348171558888889,3.38,0.356414238888889,3.38
0.348445167222222,3.4,0.348449336111111,3.38,0.356691839722222,3.38
0.348723338611111,3.4,0.348727279722222,3.38,0.356969975833333,3.38
0.349000855555556,3.4,0.349005181666667,3.38,0.357248121388889,3.38
0.3492791175,3.4,0.349283319166667,3.38,0.357525721388889,3.38
0.349557393888889,3.4,0.349561113055556,3.38,0.357803857777778,3.38
0.349835169166667,3.4,0.349838866666667,3.38,0.358082003333333,3.38
0.350113119166667,3.4,0.350116568055556,3.38,0.358359595,3.38
0.350391056944444,3.4,0.350394642777778,3.38,0.358637749166667,3.38
0.350668838611111,3.4,0.350672861388889,3.38,0.358915885555556,3.38
0.350946860833333,3.4,0.350950570555556,3.38,0.359193486111111,3.38
0.351224861666667,3.4,0.351228110277778,3.38,0.359471646944444,3.38
0.351502659166667,3.4,0.351506119722222,3.38,0.359749791388889,3.38
0.351780463055556,3.4,0.351783970833333,3.38,0.360027383055556,3.38
0.352058291666667,3.4,0.352062225,3.38,0.36030553,3.38
0.352336291388889,3.4,0.352339588333333,3.38,0.360583669166667,3.38
0.352614270833333,3.4,0.352617918333333,3.38,0.360861257222222,3.38
0.352892093611111,3.4,0.352895491388889,3.38,0.361139410833333,3.38
0.353170113055556,3.4,0.353173525,3.38,0.361417556388889,3.38
0.353448181111111,3.4,0.353451347777778,3.38,0.361695147777778,3.38
0.353725990555556,3.4,0.353729129722222,3.38,0.361973303055556,3.38
0.3540035775,3.4,0.354006957222222,3.38,0.362251456944444,3.38
0.354281483888889,3.4,0.354284555555556,3.38,0.362529075,3.38
0.354559678333333,3.4,0.354562871111111,3.38,0.362807221666667,3.38
0.354837179444444,3.4,0.354840835555556,3.38,0.36308536,3.38
0.355115220555556,3.4,0.355119066944444,3.38,0.363362949722222,3.38
0.355392910277778,3.4,0.355396900555556,3.38,0.363641103611111,3.38
0.355671073888889,3.4,0.355674960833333,3.38,0.363919239444444,3.38
0.355948673888889,3.4,0.355952750833333,3.38,0.364196840555556,3.38
0.35622677,3.4,0.356230306666667,3.38,0.364474985555556,3.38
0.356504155277778,3.4,0.356508768888889,3.38,0.364753131666667,3.38
0.356782498611111,3.4,0.356787116944444,3.38,0.365030713611111,3.38
0.357060205277778,3.4,0.357064911388889,3.38,0.365308867777778,3.38
0.357337747222222,3.4,0.357343243611111,3.38,0.365587013611111,3.38
0.357616084722222,3.4,0.357621126666667,3.38,0.365864604444444,3.38
0.357894191388889,3.4,0.357898788333333,3.38,0.366142750833333,3.38
0.358171656388889,3.4,0.358176420555556,3.38,0.366420895555556,3.38
0.358450168888889,3.4,0.358454681666667,3.38,0.366698486944444,3.38
0.35872754,3.4,0.358732488055556,3.38,0.366976633333333,3.38
0.359005726944444,3.4,0.359010363888889,3.38,0.367254769444444,3.38
0.359283523055556,3.4,0.359287932777778,3.38,0.3675323625,3.38
0.359561414166667,3.4,0.359566087777778,3.38,0.367810507222222,3.38
0.3598396425,3.4,0.359843935277778,3.38,0.368088651944444,3.38
0.3601172775,3.4,0.360121771388889,3.38,0.3683662525,3.38
0.360395678333333,3.4,0.360399471388889,3.38,0.368644397222222,3.38
0.360673299444444,3.4,0.360677449444444,3.38,0.368922543888889,3.38
0.360951185555556,3.4,0.360954858611111,3.38,0.369200679722222,3.38
0.361229151944444,3.4,0.3612332775,3.38,0.369478271944444,3.38
0.361506820277778,3.4,0.361511655,3.38,0.369756424722222,3.38
0.361784685,3.4,0.361789098055556,3.38,0.370034571388889,3.38
0.362062381388889,3.4,0.362067287777778,3.38,0.370312153055556,3.38
0.362340024722222,3.4,0.362345039166667,3.38,0.370590021944444,3.38
0.362617921944444,3.4,0.362622801666667,3.38,0.3708679,3.38
0.362895868611111,3.4,0.362900735277778,3.38,0.371145490555556,3.38
0.363173954166667,3.4,0.363178628055556,3.38,0.371423627222222,3.38
0.363451826388889,3.4,0.363456685555556,3.38,0.371701781666667,3.38
0.363729435,3.4,0.36373442,3.38,0.3719793725,3.38
0.364007314444444,3.4,0.364012257222222,3.38,0.372257518888889,3.38
0.364284948055556,3.4,0.364290479722222,3.38,0.372535663611111,3.38
0.364562955,3.4,0.364567924722222,3.38,0.372813254722222,3.38
0.364840695277778,3.4,0.364845629444444,3.38,0.373091392777778,3.38
0.365118191666667,3.4,0.365123335555556,3.38,0.373369545833333,3.38
0.365395832777778,3.4,0.365401553611111,3.38,0.373647129166667,3.38
0.365674349722222,3.4,0.365679014444444,3.38,0.373925282777778,3.38
0.365951700555556,3.4,0.365956726666667,3.38,0.374203151666667,3.38
0.366229899722222,3.4,0.366234488333333,3.38,0.374480733611111,3.38
0.366507316666667,3.4,0.366512575833333,3.38,0.374758887222222,3.38
0.366785503333333,3.4,0.366790497777778,3.38,0.375037034444444,3.38
0.367062721388889,3.4,0.367068126666667,3.38,0.375314624722222,3.38
0.367340896944444,3.4,0.367345859722222,3.38,0.375592493611111,3.38
0.367618757222222,3.4,0.367623891944444,3.38,0.375870639722222,3.38
0.3678970625,3.4,0.367901896111111,3.38,0.376148221111111,3.38
0.368175132222222,3.4,0.368179786944444,3.38,0.376426385277778,3.38
0.368452865,3.4,0.368457789444444,3.38,0.376704255277778,3.38
0.368730732222222,3.4,0.368735723055556,3.38,0.376981836388889,3.38
0.369008771666667,3.4,0.369013752222222,3.38,0.377259991388889,3.38
0.369286223611111,3.4,0.3692914075,3.38,0.377537855,3.38
0.369564250833333,3.4,0.369569290833333,3.38,0.377815451111111,3.38
0.369842561111111,3.4,0.369847048333333,3.38,0.378093596388889,3.38
0.370120474722222,3.4,0.370124968888889,3.38,0.378371465555556,3.38
0.37039843,3.4,0.370402651388889,3.38,0.3786490475,3.38
0.370676143888889,3.4,0.370681139444444,3.38,0.378927192777778,3.38
0.370953855833333,3.4,0.3709592375,3.38,0.379205338611111,3.38
0.371231537222222,3.4,0.3712369025,3.38,0.379482930277778,3.38
0.371509860555556,3.4,0.371514965833333,3.38,0.379761084444444,3.38
0.371787783611111,3.4,0.37179258,3.38,0.380038955,3.38
0.372065654722222,3.4,0.372070615833333,3.38,0.380316543888889,3.38
0.372343763888889,3.4,0.372348056944444,3.38,0.380594413333333,3.38
0.372621102777778,3.4,0.372626468333333,3.38,0.380872558055556,3.38
0.372899336666667,3.4,0.372904434722222,3.38,0.381150150555556,3.38
0.373177402777778,3.4,0.373182268055556,3.38,0.381428286111111,3.38
0.373454952222222,3.4,0.373459971388889,3.38,0.381706431666667,3.38
0.373732769166667,3.4,0.373737869722222,3.38,0.381984051666667,3.38
0.374010698333333,3.4,0.374015344722222,3.38,0.382262188333333,3.38
0.374288564166667,3.4,0.374293832777778,3.38,0.382540334444444,3.38
0.374566422777778,3.4,0.374571370277778,3.38,0.382817933333333,3.38
0.374844519166667,3.4,0.374849233888889,3.38,0.383096071388889,3.38
0.375122248333333,3.4,0.375127006388889,3.38,0.383374216944444,3.39
0.375400335,3.4,0.375404744166667,3.38,0.383651823611111,3.38
0.375678158333333,3.4,0.375682661666667,3.38,0.383929968611111,3.38
0.375955798055556,3.4,0.375960346666667,3.38,0.384208098888889,3.38
0.376234042222222,3.4,0.376237813055556,3.38,0.384485698888889,3.38
0.376511889722222,3.4,0.376515565555556,3.38,0.384763568333333,3.38
0.376789572222222,3.4,0.376793650277778,3.38,0.385041713611111,3.38
0.377067396666667,3.4,0.377071465277778,3.38,0.385319303055556,3.38
0.377345275555556,3.4,0.377349365833333,3.38,0.3855971725,3.38
0.377623305,3.4,0.377627319722222,3.38,0.385875309444444,3.38
0.377901361111111,3.4,0.377905415833333,3.38,0.386153454722222,3.38
0.378179282222222,3.4,0.378182906666667,3.38,0.386431058611111,3.38
0.378457023888889,3.4,0.378461359166667,3.38,0.3867092125,3.38
0.378734982777778,3.4,0.378738999444444,3.38,0.386987348333333,3.38
0.379013032777778,3.4,0.379016558333333,3.38,0.387264950833333,3.38
0.379290518611111,3.4,0.379294628055556,3.38,0.387543086111111,3.38
0.379568305,3.4,0.379572057777778,3.38,0.387820963055556,3.38
0.379846238888889,3.4,0.379850547222222,3.38,0.388098545555556,3.38
0.380124609166667,3.4,0.380128508611111,3.38,0.388376699722222,3.38
0.380402588611111,3.4,0.380406570833333,3.38,0.388654845555556,3.38
0.380680209166667,3.4,0.380684701388889,3.38,0.388932445833333,3.38
0.380958091944444,3.4,0.380962122222222,3.38,0.389210600555556,3.38
0.381235539444444,3.411,0.381240031388889,3.38,0.389488191111111,3.38
0.381513492222222,3.4,0.381517983333333,3.38,0.389766050555556,3.38
0.381791585833333,3.4,0.381795794722222,3.38,0.390043928888889,3.38
0.382068985277778,3.4,0.382073111944444,3.38,0.3903220675,3.38
0.382347031666667,3.4,0.382351264722222,3.38,0.390599656111111,3.38
0.382624862777778,3.4,0.382629000277778,3.38,0.390877801666667,3.38
0.382902729444444,3.4,0.382906808055556,3.38,0.391155956388889,3.38
0.383180808055556,3.4,0.383184218333333,3.38,0.391433547777778,3.38
0.383458886111111,3.4,0.383462321944444,3.38,0.391711683611111,3.38
0.383736389444444,3.4,0.383739765277778,3.38,0.391989838611111,3.38
0.384014659722222,3.4,0.384018145833333,3.38,0.392267429722222,3.38
0.384292618611111,3.4,0.384296001388889,3.38,0.392545565833333,3.38
0.384570135277778,3.4,0.3845736125,3.38,0.392823720833333,3.38
0.384848156111111,3.4,0.384851489722222,3.38,0.3931013125,3.38
0.385125809166667,3.4,0.385129561388889,3.38,0.393379448055556,3.38
0.385403902222222,3.4,0.385407959444444,3.38,0.393657594722222,3.38
0.385681606388889,3.4,0.385685459444444,3.38,0.393935185277778,3.38
0.385959525833333,3.4,0.385963544444444,3.38,0.394213339722222,3.38
0.386237173611111,3.4,0.3862413175,3.38,0.394491476111111,3.38
0.386515172222222,3.4,0.386519376111111,3.38,0.3947690675,3.38
0.386793038055556,3.4,0.386797015,3.38,0.395047214166667,3.38
0.387070491944444,3.411,0.3870748075,3.38,0.395325358611111,3.38
0.387348824444444,3.4,0.387352851944444,3.38,0.39560295,3.38
0.387626573055556,3.4,0.387631015555556,3.38,0.395881095277778,3.38
0.387904556111111,3.4,0.387909170555556,3.38,0.396158983611111,3.39
0.388182228333333,3.4,0.388187122777778,3.38,0.396436575277778,3.38
0.388460068055556,3.4,0.388464456944444,3.38,0.396714442222222,3.38
0.388737633888889,3.4,0.388742906944444,3.38,0.396992579166667,3.38
0.389015754444444,3.4,0.389020731666667,3.38,0.397270179722222,3.38
0.389293328055556,3.4,0.389298846111111,3.38,0.397548325,3.38
0.389571340555556,3.411,0.389576452777778,3.38,0.397826194444444,3.38
0.389848855555556,3.4,0.389854410555556,3.38,0.398103785555556,3.38
0.390127180277778,3.4,0.390132799166667,3.38,0.398381921388889,3.38
0.390404931388889,3.4,0.390410770833333,3.38,0.398659799444444,3.38
0.390682838055556,3.4,0.390688085555556,3.38,0.398937389722222,3.39
0.390960720277778,3.4,0.390966171111111,3.38,0.399215259444444,3.38
0.391238778888889,3.4,0.391243890277778,3.38,0.399493128611111,3.38
0.391516388333333,3.4,0.391522161666667,3.38,0.399770710833333,3.38
0.39179416,3.4,0.391800155555556,3.38,0.400048588055556,3.38
0.392072117222222,3.4,0.392077648333333,3.38,0.4003267325,3.38
0.392350019166667,3.4,0.3923557225,3.38,0.400604324166667,3.38
0.392627632777778,3.4,0.392633373333333,3.38,0.400882468055556,3.38
0.392905939722222,3.4,0.3929112425,3.38,0.401160606666667,3.38
0.393184041944444,3.411,0.393188943333333,3.38,0.401438207222222,3.38
0.393461670833333,3.4,0.393466992222222,3.38,0.401716362777778,3.38
0.393739570833333,3.4,0.393745117777778,3.38,0.401994520555556,3.38
0.394017525555556,3.4,0.394022796388889,3.38,0.402272103611111,3.38
0.394294938055556,3.4,0.39430087,3.38,0.402550258611111,3.38
0.394573115833333,3.411,0.3945786525,3.38,0.402828402777778,3.38
0.394850864166667,3.4,0.3948567325,3.38,0.403105993888889,3.38
0.395128977222222,3.4,0.395134658055556,3.38,0.403384139722222,3.38
0.395406336944444,3.4,0.395412595277778,3.38,0.403662276666667,3.38
0.395684473611111,3.4,0.395690411944444,3.38,0.403939868611111,3.38
0.395962285277778,3.4,0.395967883611111,3.38,0.404218021944444,3.38
0.396240450277778,3.411,0.396246258611111,3.38,0.4044961675,3.39
0.3965185225,3.4,0.396524303055556,3.38,0.404773760277778,3.39
0.396796240277778,3.4,0.396802346666667,3.38,0.405051904444444,3.38
0.397073864166667,3.4,0.397079739444444,3.38,0.405330051388889,3.38
0.397351833055556,3.4,0.397358112222222,3.38,0.405607641388889,3.38
0.397629841388889,3.4,0.397636277222222,3.38,0.405885785277778,3.39
0.397907963055556,3.4,0.397913866944444,3.38,0.406163923055556,3.38
0.398185698055556,3.4,0.398191490277778,3.38,0.406441526111111,3.38
0.398463794722222,3.4,0.398469702777778,3.38,0.406719394166667,3.38
0.398741388055556,3.4,0.398747412222222,3.38,0.406997539444444,3.38
0.399019199722222,3.4,0.399025431111111,3.38,0.407275408333333,3.38
0.399297144166667,3.4,0.399303329166667,3.38,0.407552999166667,3.38
0.399574574166667,3.4,0.399581303888889,3.38,0.407831145833333,3.38
0.399852737777778,3.4,0.399858976388889,3.38,0.408108745,3.38
0.400130656666667,3.4,0.400137091944444,3.38,0.408386604444444,3.38
0.400408796944444,3.4,0.400414723888889,3.38,0.408664759444444,3.38
0.400686061111111,3.411,0.400692558055556,3.38,0.408942904444444,3.38
0.400964506388889,3.4,0.400970706111111,3.38,0.409220486666667,3.38
0.401242391666667,3.4,0.401248295555556,3.38,0.409498641388889,3.38
0.401520231666667,3.411,0.401526220277778,3.38,0.409776777777778,3.38
0.401798199722222,3.411,0.401804169444444,3.38,0.410054378888889,3.38
0.402075905555556,3.4,0.402082135277778,3.38,0.410332515,3.39
0.402353933055556,3.4,0.402359720277778,3.38,0.410610660277778,3.38
0.402631889444444,3.4,0.402637621388889,3.38,0.410888260555556,3.38
0.402909773055556,3.4,0.402915415277778,3.38,0.411166407222222,3.38
0.403187277222222,3.4,0.403193426388889,3.38,0.4114445425,3.38
0.403465426111111,3.4,0.403470996666667,3.38,0.411722143055556,3.38
0.403743306111111,3.411,0.403749118333333,3.38,0.412000289166667,3.38
0.404021286111111,3.411,0.404027034444444,3.38,0.412278434166667,3.38
0.404299279722222,3.4,0.404304903611111,3.38,0.412556026111111,3.38
0.404577330555556,3.411,0.404582468888889,3.38,0.412834170555556,3.38
0.404854828055556,3.411,0.404860465277778,3.38,0.413112038055556,3.38
0.405132925277778,3.411,0.405138550277778,3.38,0.41338963,3.38
0.405410611111111,3.4,0.405416570277778,3.38,0.413667766944444,3.38
0.405688757222222,3.4,0.405694420555556,3.38,0.413945921388889,3.38
0.405966242777778,3.4,0.405972227777778,3.38,0.414223513055556,3.38
0.406243827222222,3.4,0.406249745555556,3.38,0.414501658333333,3.38
0.406522364722222,3.4,0.4065278175,3.38,0.414779527777778,3.38
0.406800319444444,3.411,0.406805749444444,3.38,0.415057109444444,3.38
0.407077934722222,3.4,0.407083525277778,3.38,0.415335264722222,3.38
0.407355928333333,3.411,0.407362005833333,3.38,0.415613401388889,3.38
0.407634011666667,3.4,0.407639677222222,3.38,0.415891001111111,3.38
0.4079116125,3.411,0.407917312222222,3.38,0.416168869444444,3.38
0.408189608333333,3.411,0.408195740555556,3.38,0.416447006111111,3.38
0.408467688055556,3.4,0.40847332,3.38,0.416724606111111,3.38
0.408745388888889,3.4,0.408750839166667,3.38,0.417002751666667,3.38
0.409023397222222,3.4,0.409028815,3.38,0.417280903888889,3.38
0.409301078055556,3.411,0.409306676111111,3.38,0.417558486111111,3.38
0.409579036666667,3.4,0.40958486,3.38,0.417836640555556,3.38
0.409856711666667,3.4,0.409862522777778,3.38,0.418114776944444,3.38
0.410134767777778,3.4,0.410140716111111,3.38,0.418392377777778,3.38
0.410412815,3.411,0.410418648611111,3.38,0.418670514722222,3.39
0.41069066,3.4,0.410696546944444,3.38,0.418948668333333,3.38
0.4109684775,3.4,0.410974201388889,3.39,0.41922626,3.38
0.411246003055556,3.4,0.4112522175,3.38,0.419504128611111,3.39
0.411523935833333,3.4,0.411530167777778,3.38,0.419782273888889,3.38
0.411801512222222,3.4,0.411808020277778,3.38,0.420059864722222,3.38
0.412079751944444,3.4,0.412085721944444,3.38,0.420338001388889,3.38
0.412357824444444,3.4,0.412363629444444,3.38,0.420616147777778,3.39
0.412635923888889,3.411,0.412641619166667,3.38,0.420894292777778,3.38
0.412913755,3.411,0.412919436944444,3.38,0.421171884166667,3.38
0.413191505,3.411,0.413197179722222,3.38,0.421450038611111,3.38
0.413469561666667,3.4,0.413474965555556,3.38,0.421728175555556,3.38
0.413747177777778,3.411,0.4137533075,3.38,0.4220057825,3.39
0.414025383888889,3.4,0.414030917222222,3.38,0.422283920833333,3.39
0.414303275,3.411,0.4143087025,3.38,0.422562057777778,3.38
0.414581361666667,3.4,0.414586477222222,3.38,0.422839648611111,3.39
0.414859137222222,3.411,0.414864239166667,3.38,0.423117526944444,3.39
0.415137182777778,3.4,0.415141991944444,3.38,0.423395662777778,3.39
0.415415309166667,3.4,0.4154197375,3.38,0.423673264722222,3.38
0.415692975555556,3.4,0.415697586111111,3.38,0.423951133333333,3.38
0.415970521388889,3.411,0.41597502,3.38,0.424229277222222,3.39
0.4162485075,3.4,0.416253265555556,3.38,0.424506868333333,3.39
0.416526631944444,3.4,0.416530931388889,3.38,0.424785004722222,3.39
0.416804436944444,3.4,0.416808835555556,3.38,0.425063150833333,3.38
0.417082305833333,3.4,0.417086459166667,3.38,0.425340743333333,3.39
0.417360114444444,3.4,0.417364233333333,3.38,0.425618887222222,3.38
0.417637875555556,3.4,0.417641914444444,3.38,0.425897033055556,3.38
0.417915683611111,3.4,0.41791998,3.38,0.426174632777778,3.38
0.418193723888889,3.4,0.418197727222222,3.38,0.426452508333333,3.38
0.418471418055556,3.411,0.418475680555556,3.38,0.426730638055556,3.39
0.418749040277778,3.411,0.418753163888889,3.38,0.427008238611111,3.39
0.4190272375,3.411,0.419031386666667,3.38,0.427286383888889,3.38
0.419305170833333,3.4,0.419309628333333,3.38,0.427564528055556,3.38
0.419583596388889,3.4,0.419587413888889,3.38,0.427842111388889,3.38
0.419861495833333,3.411,0.419865421666667,3.38,0.4281202575,3.38
0.420139417777778,3.411,0.420143220277778,3.38,0.428398411944444,3.38
0.420417448333333,3.411,0.420420692777778,3.38,0.428675995,3.39
0.420695498888889,3.411,0.420698699444444,3.38,0.428954148333333,3.39
0.420973075277778,3.4,0.420976380555556,3.38,0.429232285555556,3.38
0.421251303333333,3.411,0.421254289166667,3.38,0.429509885833333,3.38
0.421529232222222,3.4,0.421532171666667,3.38,0.429788021944444,3.38
0.4218068925,3.411,0.421810196944444,3.38,0.430066176388889,3.38
0.422084921111111,3.411,0.422087653055556,3.38,0.430343761111111,3.38
0.422362840833333,3.411,0.422365477222222,3.38,0.430621913333333,3.39
0.422640219166667,3.411,0.422643566388889,3.38,0.430900050555556,3.38
0.422917878611111,3.411,0.4229213525,3.38,0.431177650555556,3.39
0.423196063333333,3.411,0.423199234722222,3.38,0.431455795555556,3.38
0.423473754444444,3.4,0.423477096388889,3.38,0.431733941111111,3.39
0.423751915833333,3.4,0.4237548325,3.38,0.432011523888889,3.38
0.424029301666667,3.4,0.424032535555556,3.38,0.432289401666667,3.38
0.424307446666667,3.411,0.424310323611111,3.38,0.432567546388889,3.39
0.424585164444444,3.4,0.424588283055556,3.38,0.432845683611111,3.38
0.424862799444444,3.411,0.424866067777778,3.38,0.433123283333333,3.38
0.425140948888889,3.411,0.425143638888889,3.38,0.433401420277778,3.38
0.425418578888889,3.411,0.425421772222222,3.38,0.433679569444444,3.39
0.425696770833333,3.411,0.425699167222222,3.38,0.433957165833333,3.38
0.425974388333333,3.4,0.425977239444444,3.38,0.434235035833333,3.38
0.426252638333333,3.411,0.426254809722222,3.38,0.434513170555556,3.39
0.426530136388889,3.4,0.426532888611111,3.38,0.434790762222222,3.39
0.426807879444444,3.411,0.426810497777778,3.39,0.435068640277778,3.39
0.427086201944444,3.411,0.427088204722222,3.38,0.435346785,3.38
0.427364019444444,3.411,0.427366175,3.38,0.435624367222222,3.38
0.4276415275,3.4,0.427643819166667,3.38,0.435902521666667,3.39
0.427919547777778,3.411,0.427921785833333,3.38,0.4361806825,3.39
0.428197640833333,3.411,0.428199896944444,3.39,0.436458273888889,3.39
0.428475611111111,3.4,0.428477895833333,3.38,0.436736410555556,3.39
0.428753371388889,3.411,0.428755734166667,3.38,0.437014287222222,3.38
0.429031177222222,3.411,0.429033748611111,3.38,0.437291878333333,3.39
0.429308963888889,3.411,0.4293113775,3.38,0.437570023888889,3.38
0.429587115,3.4,0.429589557777778,3.38,0.437848170277778,3.39
0.429864643611111,3.411,0.429867497777778,3.38,0.438125764722222,3.39
0.430142673611111,3.411,0.430145401388889,3.38,0.43840391,3.38
0.430420306944444,3.411,0.430423512222222,3.38,0.438681786666667,3.39
0.430698337222222,3.411,0.430701176666667,3.38,0.43895937,3.38
0.430976318333333,3.411,0.430978869722222,3.38,0.439237524166667,3.39
0.431254164166667,3.4,0.431256856944444,3.38,0.439515661388889,3.39
0.431531678888889,3.411,0.43153499,3.38,0.439793252777778,3.38
0.431809721388889,3.411,0.431812902777778,3.38,0.440071405833333,3.38
0.432087830833333,3.411,0.432090530277778,3.38,0.440349551944444,3.39
0.432365831666667,3.4,0.432368385277778,3.38,0.440627135,3.39
0.432643723333333,3.411,0.432646295,3.38,0.440905288888889,3.38
0.432921819166667,3.411,0.432923959444444,3.38,0.441183425833333,3.38
0.433199425555556,3.411,0.433201873888889,3.38,0.441461026944444,3.38
0.433477337222222,3.411,0.433479205833333,3.38,0.441739165833333,3.39
0.433755061388889,3.411,0.433757013333333,3.38,0.442017316111111,3.38
0.434033235555556,3.411,0.434035217777778,3.38,0.442294908055556,3.38
0.434310798055556,3.411,0.434312871388889,3.38,0.442573044444444,3.39
0.434588781666667,3.411,0.434590879166667,3.38,0.442851190555556,3.39
0.434866768333333,3.4,0.434868328333333,3.38,0.443128790555556,3.39
0.435144835555556,3.411,0.435146209722222,3.38,0.443406659166667,3.38
0.435422703888889,3.411,0.435424078611111,3.38,0.443684795833333,3.38
0.435700919444444,3.411,0.435701721111111,3.38,0.443962396388889,3.39
0.4359785575,3.411,0.435979879444444,3.38,0.444240263611111,3.38
0.436256501111111,3.411,0.436257682777778,3.39,0.444518133888889,3.38
0.436534247777778,3.411,0.436535446944444,3.38,0.444795723888889,3.38
0.436812040555556,3.411,0.436813091111111,3.38,0.445073589722222,3.38
0.43708983,3.411,0.437090631944444,3.38,0.445351728888889,3.38
0.437367520555556,3.411,0.437368659722222,3.38,0.445629320833333,3.39
0.4376454525,3.411,0.4376465875,3.38,0.445907475,3.39
0.437923311388889,3.411,0.437924231111111,3.38,0.446185623333333,3.39
0.4382014125,3.411,0.4382020375,3.38,0.446463202777778,3.39
0.4384796025,3.411,0.438479708333333,3.38,0.446741348888889,3.38
0.438757738055556,3.4,0.438757669444444,3.38,0.447019502222222,3.39
0.439035538888889,3.411,0.43903546,3.38,0.447297085555556,3.39
0.439313340277778,3.411,0.439313596666667,3.38,0.447575239444444,3.39
0.439591205,3.411,0.439591462777778,3.39,0.447853376111111,3.39
0.439868999444444,3.411,0.4398693875,3.38,0.448130968055556,3.39
0.440147433333333,3.411,0.440147017777778,3.38,0.448408845,3.38
0.440424711944444,3.411,0.4404249925,3.38,0.448686981111111,3.39
0.440702476666667,3.411,0.440702716944444,3.38,0.4489645825,3.39
0.440980533611111,3.411,0.440980689722222,3.38,0.449242450555556,3.39
0.441258705555556,3.411,0.441258786388889,3.38,0.449520586666667,3.38
0.441536385,3.411,0.441536219722222,3.38,0.4497987325,3.39
0.441814431388889,3.411,0.441814166666667,3.38,0.450076323611111,3.39
0.442092490277778,3.411,0.442092055,3.38,0.450354469166667,3.39
0.442370690277778,3.411,0.442369575,3.38,0.450632623611111,3.39
0.442648793333333,3.411,0.442647226944444,3.39,0.450910206666667,3.39
0.442926817777778,3.411,0.442925339166667,3.38,0.451188363055556,3.38
0.443204748055556,3.411,0.443202781388889,3.38,0.451466239166667,3.39
0.443482439166667,3.411,0.443480955,3.38,0.45174383,3.39
0.4437603975,3.4,0.443758699444444,3.38,0.452021987777778,3.39
0.444038022222222,3.411,0.444036626944444,3.38,0.452300123888889,3.38
0.444316023611111,3.411,0.444314168055556,3.38,0.452577723888889,3.39
0.444594154444444,3.411,0.444592185,3.38,0.45285586,3.39
0.444872010277778,3.411,0.444869842222222,3.38,0.453134008333333,3.39
0.445149656944444,3.411,0.4451478425,3.38,0.453411597222222,3.39
0.445427565833333,3.411,0.445425578333333,3.39,0.453689742777778,3.39
0.4457054125,3.411,0.445703465555556,3.38,0.453967888333333,3.39
0.4459831025,3.411,0.445981992222222,3.39,0.454245539444444,3.39
0.4462610275,3.411,0.446259619722222,3.38,0.454523685,3.39
0.446539090555556,3.411,0.446537629444444,3.39,0.454801276666667,3.39
0.446816952222222,3.411,0.446815149166667,3.38,0.455079413333333,3.38
0.447094382777778,3.411,0.447092854444444,3.38,0.4553575675,3.39
0.447372711388889,3.411,0.447371368888889,3.38,0.455635150277778,3.39
0.447650363611111,3.411,0.447648670555556,3.38,0.4559130275,3.39
0.447927967777778,3.411,0.447927063888889,3.39,0.456191166666667,3.39
0.448205605555556,3.411,0.448204959444444,3.39,0.456468755555556,3.39
0.448484044166667,3.411,0.448482655833333,3.38,0.456746776111111,3.39
0.448761606666667,3.411,0.448760616388889,3.39,0.457024366111111,3.39
0.449039463055556,3.411,0.449038527777778,3.38,0.457302512222222,3.38
0.449317693888889,3.411,0.449316464722222,3.39,0.457580656944444,3.38
0.449595414722222,3.411,0.449594629166667,3.38,0.45785824,3.39
0.449873344722222,3.411,0.449872076111111,3.39,0.458136128611111,3.39
0.450151316944444,3.411,0.450150431388889,3.38,0.458414274444444,3.39
0.450428761111111,3.411,0.450427936111111,3.38,0.458691865833333,3.39
0.450706740833333,3.411,0.450705587777778,3.38,0.4589700025,3.39
0.450984430833333,3.411,0.450983571388889,3.38,0.459248148055556,3.39
0.451262213333333,3.411,0.451261835555556,3.39,0.459525748055556,3.39
0.451540523333333,3.411,0.451539793333333,3.38,0.459803885,3.39
0.451818491388889,3.411,0.451817255277778,3.38,0.460082031388889,3.38
0.452096043888889,3.411,0.452095413611111,3.38,0.460359629166667,3.38
0.452374276111111,3.411,0.452373599444444,3.38,0.460637768333333,3.39
0.452652238611111,3.411,0.452650888888889,3.39,0.46091592,3.38
0.452930056666667,3.411,0.452928955555556,3.38,0.461193505,3.39
0.453208162222222,3.411,0.453206853333333,3.38,0.4614716575,3.39
0.453485773055556,3.411,0.453484711111111,3.39,0.461749795277778,3.39
0.453763626944444,3.411,0.453762529166667,3.38,0.4620273875,3.38
0.4540412875,3.411,0.454040464722222,3.38,0.462305535555556,3.39
0.454319156388889,3.411,0.454318103333333,3.38,0.462583686944444,3.39
0.454597005,3.411,0.454595857222222,3.38,0.462861276666667,3.39
0.454874731388889,3.411,0.454874153333333,3.38,0.463139423055556,3.39
0.455152664722222,3.411,0.4551521075,3.38,0.463417568333333,3.39
0.455430254166667,3.411,0.455429768888889,3.38,0.46369516,3.39
0.455708478055556,3.4,0.455707666388889,3.38,0.463973306666667,3.38
0.455986150833333,3.411,0.455985281388889,3.38,0.464251451111111,3.39
0.4562642375,3.4,0.456263534722222,3.38,0.464529042222222,3.39
0.4565421025,3.411,0.4565410025,3.38,0.464807188055556,3.38
0.456820181388889,3.411,0.456819113333333,3.38,0.465085324722222,3.39
0.457097703888889,3.411,0.457096598888889,3.38,0.465362924722222,3.39
0.457375476944444,3.411,0.457374459722222,3.38,0.465641070277778,3.39
0.4576536975,3.411,0.457652366111111,3.39,0.465919215555556,3.39
0.457931790555556,3.4,0.457930232777778,3.38,0.466196807222222,3.39
0.458209465555556,3.411,0.458207605555556,3.38,0.466474961666667,3.39
0.458486899444444,3.411,0.458485498888889,3.39,0.466753097222222,3.39
0.458765103333333,3.411,0.458763436111111,3.38,0.467031235277778,3.38
0.459042651388889,3.411,0.459041023611111,3.38,0.467308835555556,3.39
0.4593205525,3.411,0.459319041666667,3.38,0.467586971111111,3.39
0.459598435833333,3.411,0.459597166944444,3.38,0.467864850277778,3.39
0.459876178888889,3.411,0.459874788888889,3.39,0.468142441666667,3.39
0.460154085555556,3.411,0.460152663611111,3.38,0.468420585833333,3.39
0.460431926388889,3.411,0.460430795,3.38,0.468698730555556,3.39
0.46070977,3.411,0.460708339722222,3.38,0.468976314166667,3.39
0.460987505,3.411,0.460986545833333,3.38,0.469254468055556,3.39
0.461264990833333,3.411,0.461263973055556,3.39,0.469532613611111,3.39
0.461542998888889,3.411,0.461542019444444,3.38,0.469810196111111,3.39
0.461821055555556,3.411,0.461820186388889,3.38,0.470088341388889,3.39
0.4620988375,3.411,0.462097806111111,3.38,0.470366497777778,3.39
0.4623766275,3.411,0.462375583888889,3.39,0.470644087222222,3.39
0.462654521388889,3.411,0.462653343055556,3.39,0.470921955555556,3.39
0.4629319575,3.411,0.462931528055556,3.38,0.471200101111111,3.39
0.463210053055556,3.411,0.463209229444444,3.38,0.471477692777778,3.39
0.463487600833333,3.411,0.463487324166667,3.39,0.471755829722222,3.38
0.463765254722222,3.411,0.463765487222222,3.38,0.472033974722222,3.39
0.464043416388889,3.411,0.464043123888889,3.38,0.472311573888889,3.39
0.464321428611111,3.411,0.464320642222222,3.39,0.472589711944444,3.38
0.4645991025,3.4,0.464598769722222,3.39,0.472867858055556,3.39
0.4648771675,3.411,0.464876714722222,3.38,0.473145459166667,3.39
0.465154690277778,3.411,0.465154463055556,3.39,0.473423598055556,3.39
0.4654330275,3.411,0.465433057222222,3.38,0.473701748055556,3.39
0.465710590555556,3.411,0.4657109025,3.39,0.473979339444444,3.39
0.465988319166667,3.411,0.465988783611111,3.38,0.474257485,3.39
0.466266506666667,3.411,0.466266359166667,3.38,0.474535621666667,3.39
0.466544311944444,3.411,0.466544681944444,3.39,0.474813223611111,3.39
0.466822315,3.411,0.466822185555556,3.38,0.475091366388889,3.39
0.467100302777778,3.411,0.467099949166667,3.38,0.475369512777778,3.39
0.467377967222222,3.411,0.467378053055556,3.38,0.475647095833333,3.39
0.467655859166667,3.411,0.467655939166667,3.38,0.475925249722222,3.39
0.467933696944444,3.411,0.4679339175,3.38,0.476203117777778,3.39
0.468211380277778,3.411,0.468211722222222,3.39,0.47648071,3.39
0.468489548055556,3.411,0.468489629722222,3.38,0.47675885,3.39
0.468767289444444,3.411,0.468767546944444,3.38,0.477036991666667,3.39
0.469045243888889,3.411,0.469045554444444,3.39,0.477314591944444,3.39
0.469322958333333,3.411,0.469323101666667,3.38,0.477592736944444,3.39
0.469600988888889,3.411,0.469601194722222,3.39,0.477870874166667,3.38
0.469879029722222,3.411,0.469879241111111,3.38,0.478149020277778,3.39
0.470156881111111,3.411,0.470157049444444,3.39,0.47842662,3.39
0.470434829444444,3.411,0.470434833888889,3.38,0.478704487777778,3.38
0.470712279722222,3.411,0.470712642777778,3.38,0.478982081111111,3.39
0.470989999722222,3.411,0.470990379722222,3.39,0.479259946666667,3.39
0.471268264166667,3.411,0.471267899444444,3.39,0.479538092222222,3.39
0.471545811388889,3.411,0.471545668333333,3.38,0.479816238888889,3.39
0.471824065555556,3.411,0.471823394444444,3.38,0.480093821388889,3.39
0.472101606944444,3.411,0.472101234444444,3.39,0.480371966944444,3.39
0.472379809444444,3.411,0.472379250277778,3.39,0.480650113055556,3.39
0.472657991944444,3.411,0.472656923611111,3.39,0.480927712777778,3.39
0.472936043333333,3.411,0.4729348525,3.39,0.481205849166667,3.39
0.473214111111111,3.411,0.473212939166667,3.39,0.481484003888889,3.39
0.473491616944444,3.411,0.473490739166667,3.38,0.481761595555556,3.39
0.473769808888889,3.411,0.473768520833333,3.38,0.482039740555556,3.39
0.474047638611111,3.411,0.474046582222222,3.38,0.482317885555556,3.39
0.474325463611111,3.411,0.474324255277778,3.39,0.4825954775,3.39
0.4746033675,3.411,0.474602059444444,3.39,0.482873614444444,3.39
0.474881149444444,3.411,0.474880171944444,3.38,0.483151493055556,3.39
0.475159188333333,3.411,0.475157768333333,3.38,0.483429075,3.39
0.475436950277778,3.411,0.475435871944444,3.39,0.483707229166667,3.39
0.475714739444444,3.411,0.475713799166667,3.38,0.483985373611111,3.39
0.47599248,3.411,0.475991388055556,3.38,0.484262967222222,3.39
0.476270386944444,3.411,0.476269299166667,3.39,0.484541101944444,3.39
0.476548481388889,3.411,0.476546967222222,3.38,0.484819256111111,3.39
0.476826493333333,3.411,0.476825434722222,3.39,0.485096847777778,3.39
0.477104047222222,3.411,0.477103306388889,3.39,0.485374993055556,3.39
0.477382393333333,3.411,0.477381231388889,3.39,0.485652863333333,3.39
0.477659738333333,3.411,0.477659085277778,3.38,0.485930453888889,3.39
0.477937715277778,3.411,0.477937195277778,3.38,0.486208589722222,3.39
0.478215768888889,3.411,0.478214503055556,3.39,0.486486735,3.39
0.4784935525,3.411,0.478492755833333,3.39,0.486764326388889,3.39
0.478771611388889,3.411,0.478770422777778,3.39,0.487042472777778,3.39
0.479049586666667,3.411,0.479048102777778,3.39,0.487320231388889,3.39
0.479327073611111,3.411,0.479325747777778,3.39,0.4875983775,3.39
0.479605155,3.411,0.479603728055556,3.39,0.487875968333333,3.39
0.479882952777778,3.411,0.479881311666667,3.39,0.488153836666667,3.39
0.480160566111111,3.411,0.480159269444444,3.39,0.488431974166667,3.39
0.480438517222222,3.411,0.480436846944444,3.39,0.488709584722222,3.39
0.480716128611111,3.411,0.480714495555556,3.39,0.488987451388889,3.39
0.480994623611111,3.411,0.480992795555556,3.39,0.489265608055556,3.39
0.481272240555556,3.411,0.481270571666667,3.38,0.489543200555556,3.39
0.481550021944444,3.411,0.481548693888889,3.38,0.489821068055556,3.39
0.481827865,3.411,0.481826844444444,3.39,0.490098806111111,3.39
0.482106093611111,3.411,0.482104664722222,3.38,0.490376960277778,3.39
0.482383864444444,3.411,0.482382412222222,3.38,0.490655106666667,3.39
0.482661554722222,3.411,0.482660052222222,3.38,0.490932688333333,3.39
0.4829394875,3.411,0.482938090277778,3.39,0.4912108425,3.39
0.483217613611111,3.411,0.483215839166667,3.39,0.491488978888889,3.39
0.483495311666667,3.411,0.48349366,3.39,0.491766571111111,3.39
0.483773089444444,3.411,0.48377189,3.38,0.492044716388889,3.39
0.484051163888889,3.411,0.484050061666667,3.39,0.492322593333333,3.39
0.48432893,3.411,0.484327733055556,3.39,0.492600175555556,3.39
0.484607128888889,3.411,0.484605617777778,3.39,0.49287833,3.39
0.484885290277778,3.411,0.484883508055556,3.39,0.493156466944444,3.39
0.485163228888889,3.411,0.485161446388889,3.39,0.493434066944444,3.39
0.485441365555556,3.411,0.485439177222222,3.39,0.4937122125,3.39
0.485719123611111,3.411,0.4857168375,3.38,0.493990358055556,3.39
0.485997094722222,3.411,0.485994728055556,3.38,0.494267949166667,3.39
0.4862750125,3.411,0.486272718333333,3.39,0.494546085833333,3.39
0.486552761111111,3.411,0.486550759444444,3.39,0.494823964444444,3.39
0.486830771388889,3.411,0.486828335833333,3.39,0.495101546111111,3.39
0.487108728611111,3.411,0.487106313611111,3.38,0.495379691388889,3.39
0.487386786944444,3.411,0.487384283055556,3.39,0.495657846388889,3.39
0.487664246944444,3.411,0.487662215,3.38,0.495935428055556,3.39
0.487942238333333,3.411,0.487940296111111,3.39,0.496213573611111,3.39
0.488220063611111,3.411,0.488218388055556,3.39,0.496491719166667,3.39
0.488497918888889,3.411,0.488496045833333,3.39,0.496769319166667,3.39
0.488775615277778,3.411,0.488774061388889,3.39,0.497047456111111,3.39
0.489053749444444,3.411,0.489051691944444,3.38,0.4973256025,3.39
0.489331797222222,3.411,0.489329538611111,3.39,0.497603193333333,3.39
0.489609548333333,3.411,0.4896075975,3.39,0.497881061111111,3.39
0.489887251944444,3.411,0.489885349166667,3.39,0.498159206944444,3.39
0.490164738333333,3.411,0.490163131666667,3.39,0.4984373525,3.39
0.490442768611111,3.411,0.490441033055556,3.38,0.498714943611111,3.39
0.490720461111111,3.411,0.490718891388889,3.39,0.498992823888889,3.39
0.490998403333333,3.411,0.490996931944444,3.39,0.499270957222222,3.39
0.491276263888889,3.411,0.491274918611111,3.39,0.499548549166667,3.39
0.491554206666667,3.411,0.491552486944444,3.39,0.499826695,3.39
0.491832107777778,3.411,0.491830738888889,3.39,0.500104839722222,3.39
0.492110145277778,3.411,0.492108816388889,3.39,0.500382431666667,3.39
0.492387766388889,3.411,0.492386473611111,3.39,0.500660576666667,3.39
0.492665998055556,3.411,0.492664155277778,3.39,0.500938722222222,3.39
0.492944015,3.411,0.492941943888889,3.39,0.501216321388889,3.39
0.493221477222222,3.411,0.493219540555556,3.39,0.501494459444444,3.39
0.493499400833333,3.411,0.493497573333333,3.39,0.501772604722222,3.39
0.493777391944444,3.411,0.493775325277778,3.38,0.502050195833333,3.39
0.494055397777778,3.411,0.494053129722222,3.39,0.502328341666667,3.39
0.494333037222222,3.411,0.494331156111111,3.39,0.502606496111111,3.39
0.494610941388889,3.411,0.494608791388889,3.39,0.5028840875,3.39
0.494888378055556,3.411,0.494886785555556,3.38,0.503162224444444,3.39
0.495166640555556,3.411,0.495164601666667,3.39,0.503440369722222,3.39
0.495444122777778,3.411,0.495442300555556,3.39,0.503717960555556,3.39
0.495722535,3.411,0.495720368888889,3.39,0.503996115833333,3.39
0.496000385277778,3.411,0.495998401111111,3.38,0.504274251388889,3.39
0.496278119444444,3.411,0.496276179444444,3.39,0.504551810833333,3.39
0.496555817222222,3.411,0.496554332222222,3.39,0.504829957222222,3.39
0.49683379,3.411,0.496832386944444,3.39,0.505108101944444,3.39
0.497111753055556,3.411,0.497109939444444,3.39,0.505385694444444,3.39
0.497389213888889,3.411,0.497387849166667,3.39,0.505663553333333,3.39
0.497667278055556,3.411,0.497665298333333,3.39,0.505941431388889,3.4
0.497944960555556,3.411,0.497943478333333,3.38,0.506219298611111,3.39
0.498222979166667,3.411,0.498221174722222,3.39,0.506496899166667,3.39
0.498500819166667,3.411,0.498498710277778,3.39,0.506775045555556,3.39
0.49877835,3.411,0.498776659166667,3.39,0.507053182222222,3.39
0.499056447222222,3.411,0.499054429166667,3.39,0.507330783333333,3.39
0.499334310277778,3.411,0.499332415833333,3.39,0.507608919722222,3.39
0.499612284166667,3.411,0.499610085833333,3.39,0.507886796388889,3.39
0.499890101111111,3.411,0.499888046944444,3.39,0.508164388055556,3.39
0.500167450555556,3.411,0.500165773333333,3.39,0.508442533333333,3.39
0.500445539444444,3.411,0.500443815833333,3.39,0.508720669722222,3.39
0.500723705555556,3.411,0.500721299166667,3.38,0.508998261388889,3.39
0.5010010675,3.411,0.500999232777778,3.39,0.509276406666667,3.39
0.501279206111111,3.411,0.501277017222222,3.39,0.509554551944444,3.39
0.501557305833333,3.411,0.5015551175,3.39,0.509832143611111,3.39
0.501834899722222,3.411,0.501833197222222,3.39,0.510110297222222,3.4
0.502112979166667,3.411,0.502110907222222,3.39,0.510388434444444,3.39
0.502390999166667,3.411,0.502388963611111,3.39,0.510666026388889,3.39
0.5026687325,3.411,0.502666583611111,3.39,0.510944171666667,3.39
0.502946396944444,3.411,0.502944444444444,3.39,0.511222316944444,3.39
0.503224234722222,3.411,0.503222168055556,3.39,0.511499918055556,3.39
0.503502152222222,3.411,0.503500346388889,3.39,0.511778061944444,3.39
0.503780021666667,3.411,0.503778009444445,3.39,0.512056207777778,3.39
0.504057731944444,3.411,0.504056098333333,3.39,0.5123338025,3.4
0.504335618055555,3.411,0.504334005833333,3.39,0.512611935833333,3.39
0.504613582777778,3.411,0.504611561944444,3.38,0.512889813611111,3.4
0.504891523888889,3.411,0.504889573333333,3.38,0.513167404166667,3.39
0.505169438611111,3.411,0.505167053055556,3.39,0.513445541666667,3.39
0.505447354166667,3.411,0.505445141944444,3.39,0.5137236875,3.4
0.505724746111111,3.411,0.505722967777778,3.38,0.514001286666667,3.4
0.506002444166667,3.411,0.506000357777778,3.39,0.514279431666667,3.39
0.506280545833333,3.411,0.506278810277778,3.39,0.514557577777778,3.39
0.506558728333333,3.411,0.506556563611111,3.39,0.514835160833333,3.39
0.506836646388889,3.411,0.506834691388889,3.39,0.515113306111111,3.39
0.507114499722222,3.411,0.507112059444444,3.39,0.515391451944444,3.39
0.507392334444444,3.411,0.507390464722222,3.39,0.515669051111111,3.39
0.507670636111111,3.411,0.507668132777778,3.39,0.515947199166667,3.39
0.507948555833333,3.411,0.507946080277778,3.39,0.516225333888889,3.39
0.508226328333333,3.411,0.50822392,3.39,0.516502925555556,3.39
0.508504365277778,3.411,0.508501599722222,3.39,0.516781070833333,3.39
0.508782358611111,3.411,0.5087796825,3.39,0.517059224166667,3.4
0.509060058888889,3.411,0.509057451944445,3.39,0.5173368075,3.39
0.509337891944444,3.411,0.509334752777778,3.39,0.517614954166667,3.39
0.509615836944444,3.411,0.509612961388889,3.39,0.517893098611111,3.39
0.509893674444444,3.411,0.509890301388889,3.39,0.518170690555556,3.39
0.510171768055556,3.411,0.510168584444444,3.39,0.518448835833333,3.39
0.5104496475,3.411,0.510446191388889,3.39,0.518726981111111,3.39
0.510727312777778,3.411,0.510724419444444,3.39,0.519004580555556,3.39
0.511004749166667,3.411,0.511002229722222,3.39,0.519282440833333,3.39
0.5112828125,3.411,0.511279968611111,3.39,0.519560587777778,3.39
0.511560627222222,3.411,0.511557881111111,3.39,0.51983874,3.39
0.511838290833333,3.411,0.511835491944444,3.39,0.520116323888889,3.39
0.512116078888889,3.411,0.512113551111111,3.39,0.520394468611111,3.39
0.512393554166667,3.421,0.512391181388889,3.39,0.520672614722222,3.39
0.512671773611111,3.411,0.512669138333333,3.39,0.520950205555556,3.39
0.512949641388889,3.411,0.512947129444444,3.39,0.521228375833333,3.39
0.5132275575,3.411,0.513224521666667,3.39,0.521506513333333,3.39
0.513505353333333,3.411,0.513502706111111,3.39,0.5217841125,3.39
0.51378325,3.411,0.513780593611111,3.39,0.522062258055556,3.4
0.514061200833333,3.411,0.5140586525,3.39,0.522340395277778,3.39
0.514338699722222,3.411,0.514336811666667,3.39,0.522617987222222,3.39
0.514616381666667,3.411,0.514614299166667,3.39,0.522896138888889,3.39
0.514894119444444,3.411,0.514892381388889,3.39,0.523174286111111,3.39
0.515172346111111,3.411,0.5151697525,3.39,0.523451868888889,3.39
0.515450099444444,3.411,0.515448055555556,3.39,0.523729750833333,3.39
0.515727800277778,3.411,0.515725876666667,3.39,0.524007892222222,3.39
0.516005538888889,3.421,0.516003493055556,3.39,0.524285483055556,3.39
0.516283304722222,3.411,0.516281481944444,3.39,0.524563647777778,3.39
0.516561055277778,3.411,0.516559289444445,3.39,0.524841516111111,3.39
0.516838901111111,3.421,0.516837148611111,3.39,0.525119099166667,3.39
0.517116804444444,3.411,0.517115092222222,3.39,0.525397262222222,3.39
0.517394481111111,3.411,0.517392519444444,3.39,0.525675400277778,3.39
0.517672243333333,3.411,0.517670680833333,3.39,0.525952991388889,3.39
0.5179502825,3.411,0.517948790277778,3.39,0.526231146111111,3.39
0.518228357777778,3.411,0.518226446111111,3.39,0.5265092825,3.39
0.518506480555555,3.411,0.5185038925,3.39,0.526786882222222,3.39
0.518784079722222,3.411,0.5187821375,3.39,0.527065019444445,3.39
0.519062032777778,3.411,0.519059568888889,3.39,0.527343173611111,3.4
0.519339446388889,3.411,0.519337619722222,3.39,0.527620765,3.39
0.519617627777778,3.411,0.519615541388889,3.39,0.527898911388889,3.39
0.519895769722222,3.411,0.519893131111111,3.39,0.528177055833333,3.39
0.520173706111111,3.411,0.520170848333333,3.39,0.528454648611111,3.39
0.520451481944444,3.411,0.520449119166667,3.39,0.528732792777778,3.39
0.520729234166667,3.411,0.520726751944444,3.39,0.529010939444444,3.39
0.521007505555556,3.411,0.521004528333333,3.39,0.529288530277778,3.39
0.521285380277778,3.411,0.521282431111111,3.39,0.529566675555556,3.4
0.521563046111111,3.421,0.521560084166667,3.39,0.529844821666667,3.4
0.521841255277778,3.411,0.521838524722222,3.39,0.530122412222222,3.4
0.522118939166667,3.411,0.522116364166667,3.39,0.530400558888889,3.39
0.5223967225,3.411,0.522393893888889,3.39,0.530678703055556,3.39
0.5226749325,3.411,0.522671726944444,3.39,0.530956294444444,3.39
0.522952864722222,3.411,0.52294953,3.39,0.531234440555556,3.39
0.523230797222222,3.421,0.523226966944444,3.39,0.531512585277778,3.4
0.523508777222222,3.411,0.523505041388889,3.39,0.531790178055556,3.39
0.523786487222222,3.411,0.523783138333333,3.39,0.5320683225,3.39
0.524063964722222,3.411,0.524061306388889,3.39,0.532346468888889,3.39
0.524341899722222,3.421,0.524338968888889,3.39,0.53262406,3.39
0.524619970277778,3.411,0.524616735277778,3.39,0.532902196111111,3.39
0.524898073055556,3.421,0.524894451944444,3.39,0.533180073333333,3.39
0.525175786388889,3.411,0.525172379722222,3.39,0.533457664722222,3.39
0.525453670833333,3.421,0.525450036111111,3.39,0.53373581,3.4
0.525731733611111,3.411,0.525727833888889,3.39,0.534013955833333,3.39
0.526009406111111,3.411,0.526005664166667,3.39,0.534291546111111,3.4
0.526287326944444,3.411,0.526283519166667,3.39,0.534569416388889,3.39
0.526565018611111,3.411,0.526561143611111,3.39,0.534847562222222,3.39
0.5268429475,3.411,0.526839257777778,3.39,0.535125151944444,3.39
0.527120611388889,3.411,0.527117511666667,3.39,0.535403289444444,3.39
0.527398693333333,3.421,0.52739515,3.39,0.535681435555556,3.39
0.52767628,3.411,0.527672875833333,3.39,0.535959035555556,3.39
0.527954089722222,3.411,0.527950609166667,3.39,0.536237181388889,3.39
0.52823218,3.411,0.528228420277778,3.39,0.536515326388889,3.39
0.528509959166667,3.411,0.528506182222222,3.39,0.536793068333333,3.4
0.528788106666667,3.411,0.528783955277778,3.39,0.537070936944444,3.4
0.529065805,3.411,0.529062186666667,3.39,0.537348527222222,3.39
0.529343599722222,3.411,0.529340005833333,3.39,0.537626673055556,3.39
0.529621301111111,3.411,0.529617570555556,3.39,0.53790482,3.39
0.529899291666667,3.421,0.529895519444444,3.39,0.538182411111111,3.39
0.530176771388889,3.421,0.5301732925,3.39,0.538460279166667,3.39
0.530454901111111,3.411,0.530451555555556,3.39,0.538738425277778,3.39
0.530732595277778,3.421,0.530729260555556,3.39,0.539016015833333,3.39
0.531010133888889,3.411,0.531007228055556,3.39,0.539294153055556,3.4
0.531288012777778,3.411,0.531284884722222,3.39,0.539572299166667,3.39
0.531566110833333,3.411,0.531562757222222,3.39,0.539849898333333,3.4
0.5318439175,3.421,0.531840363888889,3.39,0.540127765833333,3.4
0.532121752222222,3.421,0.532118861388889,3.39,0.540405903611111,3.39
0.532399417777778,3.411,0.532396471111111,3.39,0.540683495277778,3.39
0.532677449722222,3.421,0.5326746325,3.39,0.540961640833333,3.39
0.532955730555556,3.421,0.532952201388889,3.39,0.541239517777778,3.4
0.533233152222222,3.421,0.533230011666667,3.39,0.541517108055556,3.39
0.533510825555556,3.421,0.533508208611111,3.39,0.541795253888889,3.39
0.533789067777778,3.421,0.533785771388889,3.39,0.542073400555556,3.4
0.534067011388889,3.411,0.534063663611111,3.39,0.5423509925,3.39
0.5343449725,3.411,0.534341560833333,3.39,0.542629128333333,3.39
0.534622803888889,3.421,0.5346196275,3.39,0.542907282777778,3.39
0.5349011775,3.421,0.534897636111111,3.39,0.543184873888889,3.39
0.535179284444444,3.421,0.535175298055556,3.39,0.54346302,3.39
0.535457009722222,3.421,0.535453160555556,3.39,0.543741155833333,3.39
0.535735223055556,3.421,0.535730720833333,3.39,0.544018756111111,3.4
0.536012731388889,3.411,0.536008673333333,3.39,0.5442969025,3.39
0.536290495833333,3.421,0.536286466666667,3.39,0.544575047222222,3.4
0.536568408888889,3.421,0.536564053611111,3.39,0.544852639166667,3.39
0.536846254444444,3.411,0.536842458333333,3.39,0.545130498055556,3.4
0.537123989166667,3.411,0.537120256944444,3.39,0.545408488888889,3.39
0.537401824444444,3.411,0.537398140833333,3.39,0.545686257777778,3.39
0.537679581388889,3.421,0.537676189444444,3.39,0.545964024722222,3.39
0.537957506666667,3.421,0.537953987777778,3.39,0.546242101388889,3.39
0.538235397777778,3.421,0.538231895555556,3.39,0.546520019722222,3.39
0.538513027222222,3.421,0.538509318055556,3.39,0.546797730277778,3.39
0.538790930555555,3.421,0.538787011944444,3.39,0.547075926666667,3.39
0.5390689575,3.421,0.539065178888889,3.39,0.547353717777778,3.4
0.539347096666667,3.411,0.539343143611111,3.39,0.547631388333333,3.4
0.539624574722222,3.421,0.5396213425,3.39,0.547909038333333,3.4
0.539902590833333,3.411,0.53989903,3.39,0.548186799722222,3.39
0.540180169444444,3.411,0.540176694722222,3.39,0.548464793611111,3.4
0.540458120555556,3.411,0.540454598055556,3.39,0.548742510277778,3.4
0.540735705277778,3.421,0.540732689166667,3.39,0.549020299166667,3.4
0.541014123611111,3.421,0.541010426666667,3.39,0.549298730555556,3.4
0.541292072777778,3.421,0.5412881425,3.39,0.549576465,3.39
0.541569885833333,3.421,0.541566090277778,3.39,0.549854186111111,3.39
0.541847785833333,3.421,0.541843965277778,3.39,0.5501320125,3.39
0.542125574722222,3.421,0.542122119166667,3.39,0.550410319444444,3.39
0.542403782777778,3.421,0.542400070277778,3.39,0.550687907222222,3.4
0.5426811575,3.421,0.542677509166667,3.39,0.550965941388889,3.39
0.542958829444444,3.421,0.542955646111111,3.39,0.551243434444444,3.39
0.543236922777778,3.421,0.543233155833333,3.39,0.551521352777778,3.4
0.543514761388889,3.411,0.543511271111111,3.39,0.551799324722222,3.4
0.543792810555556,3.421,0.543789153055556,3.39,0.552077155833333,3.39
0.544071063611111,3.421,0.544067026944444,3.39,0.552354673333333,3.39
0.544349023888889,3.421,0.544344808055556,3.39,0.552632703888889,3.4
0.544626855,3.421,0.544622550277778,3.39,0.552910146666667,3.39
0.544904514722222,3.421,0.544900224722222,3.39,0.553188041388889,3.39
0.545182004722222,3.421,0.545178164166667,3.39,0.553466171666667,3.4
0.545460275277778,3.421,0.545456047777778,3.39,0.553744046388889,3.39
0.545738322777778,3.411,0.54573396,3.39,0.55402228,3.4
0.546016496111111,3.421,0.546011971111111,3.39,0.554299685,3.4
0.546294127777778,3.421,0.546289788611111,3.39,0.5545780625,3.4
0.546571627777778,3.421,0.546568126111111,3.4,0.554855528333333,3.4
0.546849893611111,3.421,0.546846378055556,3.39,0.555133405833333,3.39
0.547127753055555,3.421,0.547124007222222,3.39,0.555411507222222,3.4
0.547405430555556,3.421,0.547402069166667,3.39,0.555689252222222,3.39
0.547683291666667,3.421,0.547679497222222,3.39,0.555967325833333,3.39
0.547961390277778,3.421,0.547957580555556,3.39,0.556245215,3.39
0.548239301388889,3.421,0.548235147222222,3.39,0.556522990833333,3.39
0.548517308611111,3.411,0.548513210555556,3.39,0.556801083611111,3.4
0.5487949375,3.411,0.548791030555556,3.39,0.557079085833333,3.4
0.549072871944444,3.421,0.549068803055555,3.39,0.557357064722222,3.39
0.549350556388889,3.421,0.549346926111111,3.39,0.557634567222222,3.4
0.549628706388889,3.411,0.549624445,3.39,0.557912263611111,3.4
0.549906415833333,3.421,0.549902375277778,3.39,0.558190567777778,3.39
0.550184360277778,3.421,0.550180340833333,3.39,0.558468189166667,3.39
0.550462031111111,3.421,0.550458285277778,3.39,0.558746316111111,3.4
0.550739685555556,3.421,0.550736629444444,3.39,0.559024101944445,3.4
0.551017448333333,3.421,0.551014270833333,3.39,0.559301938888889,3.4
0.551295344166667,3.421,0.551291783888889,3.39,0.559580190555556,3.39
0.551573076111111,3.421,0.551569849722222,3.39,0.559858074444444,3.4
0.551850779722222,3.421,0.551847958611111,3.39,0.560135886111111,3.4
0.552128624166667,3.421,0.552125820555555,3.39,0.560414215,3.4
0.552406056111111,3.421,0.552403685,3.39,0.560692071666667,3.39
0.552684337222222,3.421,0.552681391111111,3.39,0.5609698325,3.39
0.552961938333333,3.421,0.552959363055555,3.39,0.561247953333333,3.39
0.553240236666667,3.421,0.553236943888889,3.39,0.561525834722222,3.39
0.553517958333333,3.421,0.553514980833333,3.39,0.561803316111111,3.39
0.553795875833333,3.421,0.553792838888889,3.4,0.562081308055556,3.4
0.554073283055556,3.421,0.5540708525,3.39,0.562359103333333,3.4
0.554351401944444,3.421,0.554349072222222,3.39,0.562636932777778,3.39
0.554629145555556,3.421,0.554626806388889,3.39,0.562914699166667,3.4
0.554907084166667,3.421,0.554904578333333,3.39,0.5631925125,3.39
0.555185128055556,3.411,0.555182594722222,3.39,0.563470073333333,3.39
0.55546287,3.421,0.555460551944444,3.39,0.563747711111111,3.39
0.555740659444444,3.421,0.555738373055556,3.39,0.564025531111111,3.39
0.556018304722222,3.421,0.556016254444444,3.39,0.564303193611111,3.4
0.556295790555556,3.421,0.556294058888889,3.39,0.564581191944444,3.39
0.556573978333333,3.421,0.556572138333333,3.39,0.56485882,3.4
0.556852095833333,3.421,0.556849950555556,3.39,0.565136601388889,3.4
0.557129473611111,3.421,0.557127519444444,3.39,0.565414916666667,3.4
0.557407531388889,3.421,0.557405522222222,3.39,0.565692917222222,3.4
0.557685131666667,3.421,0.557683125,3.39,0.565971229722222,3.4
0.557963073055556,3.421,0.557960875277778,3.39,0.566249189722222,3.4
0.558241000555556,3.421,0.558238656388889,3.39,0.566527028333333,3.4
0.558518622777778,3.421,0.5585167925,3.39,0.566804680833333,3.4
0.558796085833333,3.421,0.558794836111111,3.39,0.567082793611111,3.4
0.559074191666667,3.421,0.559072756944444,3.39,0.567360556666667,3.4
0.559352296111111,3.421,0.559350599722222,3.4,0.567638505833333,3.4
0.5596301025,3.421,0.559628437222222,3.39,0.567916724444444,3.39
0.5599078025,3.421,0.559906191666667,3.4,0.568194069722222,3.4
0.560185277222222,3.421,0.560183800833333,3.39,0.568472216666667,3.4
0.560463478611111,3.421,0.560461391944444,3.39,0.568750311666667,3.4
0.560741036666667,3.421,0.560739231944444,3.39,0.569028163611111,3.4
0.561019120277778,3.421,0.561017411944444,3.39,0.569306034444444,3.4
0.561296849166667,3.421,0.561295065,3.4,0.569583569166667,3.4
0.5615747,3.421,0.561573427222222,3.39,0.569861471388889,3.4
0.561852390555556,3.421,0.561851327222222,3.39,0.570139446111111,3.4
0.562130410277778,3.421,0.562129209722222,3.39,0.570417143333333,3.4
0.562408092777778,3.421,0.562406706111111,3.39,0.570695016944444,3.39
0.562685908055556,3.421,0.562684911388889,3.39,0.570972731388889,3.4
0.562963998055556,3.421,0.562962289166667,3.39,0.571250847777778,3.4
0.563241988055556,3.421,0.563240515,3.39,0.571528484722222,3.4
0.563519732222222,3.421,0.563518181111111,3.39,0.571806316666667,3.4
0.563797776944444,3.421,0.5637963425,3.39,0.572084559444444,3.4
0.564075595555556,3.421,0.564074381944444,3.39,0.572362101388889,3.39
0.564353131388889,3.421,0.564352295,3.39,0.572639983888889,3.4
0.564631159444444,3.421,0.564630113611111,3.39,0.572917736111111,3.4
0.564908926111111,3.421,0.564908292777778,3.4,0.573195443055556,3.4
0.565186670833333,3.421,0.565185940833333,3.39,0.573473577777778,3.39
0.565464359444444,3.421,0.565463410555556,3.4,0.573751396944444,3.4
0.565742132777778,3.421,0.565741267777778,3.39,0.574029276666667,3.4
0.566020021666667,3.421,0.566019191388889,3.39,0.574307089166667,3.4
0.566297886944444,3.421,0.566296757222222,3.39,0.574584785277778,3.4
0.566575529166667,3.421,0.566574974444444,3.39,0.574862901388889,3.4
0.566853283055555,3.421,0.56685283,3.39,0.575140717777778,3.4
0.56713103,3.421,0.5671310125,3.39,0.575419338055556,3.4
0.567408836666667,3.421,0.567408829166667,3.4,0.5756970875,3.39
0.567686998055556,3.421,0.567687090555556,3.39,0.575975113055556,3.4
0.567964745,3.421,0.567964996388889,3.4,0.576253017777778,3.4
0.568242799166667,3.421,0.568242748888889,3.39,0.576530986944444,3.39
0.568520981666667,3.421,0.568520689166667,3.4,0.576808594722222,3.4
0.568798605833333,3.421,0.568798683333333,3.39,0.577086488888889,3.4
0.569076800833333,3.421,0.569076848055556,3.39,0.577364270555556,3.4
0.569354648333333,3.421,0.569354797222222,3.39,0.577642288055556,3.4
0.569632695833333,3.421,0.569632761111111,3.4,0.577920107777778,3.39
0.569910508611111,3.421,0.569910543888889,3.39,0.578197377777778,3.4
0.570188121666667,3.421,0.570188360277778,3.39,0.578475705833333,3.4
0.570466180277778,3.421,0.570466145277778,3.39,0.578753619166667,3.4
0.5707440275,3.421,0.570744118611111,3.39,0.579031310555556,3.4
0.571021728888889,3.421,0.5710217575,3.39,0.579309070833333,3.39
0.571299617222222,3.421,0.571299469166667,3.39,0.579587323888889,3.4
0.571577368055555,3.421,0.571577023055556,3.39,0.579865456944444,3.4
0.5718550575,3.421,0.571855000277778,3.39,0.580143554166667,3.4
0.572133060277778,3.421,0.572132855555556,3.39,0.580421762222222,3.4
0.572410513055556,3.421,0.5724107725,3.39,0.580699280277778,3.4
0.572688851388889,3.421,0.572688722222222,3.39,0.580977110277778,3.4
0.572966588888889,3.421,0.572966879166667,3.39,0.581255465,3.4
0.573244572222222,3.421,0.573244297777778,3.39,0.581533396388889,3.39
0.573522405555556,3.421,0.573522432777778,3.39,0.581810932777778,3.4
0.573800152222222,3.421,0.573800205833333,3.4,0.58208869,3.4
0.574078226666667,3.421,0.574078014722222,3.4,0.5823668525,3.4
0.574356050555556,3.421,0.574355758055556,3.4,0.582644491388889,3.4
0.574634026666667,3.421,0.574633622222222,3.39,0.582922588888889,3.4
0.574911788333333,3.421,0.574911113055556,3.39,0.583200345833333,3.4
0.575189781111111,3.421,0.575189089444444,3.39,0.583478216111111,3.4
0.5754676925,3.421,0.575467138888889,3.39,0.583755876111111,3.4
0.575745796388889,3.421,0.575744918333333,3.4,0.584033657777778,3.39
0.576023873888889,3.421,0.576022904722222,3.39,0.584311663888889,3.4
0.576301663611111,3.421,0.576300662222222,3.39,0.584589354722222,3.4
0.576579783888889,3.421,0.576578680833333,3.39,0.584867305833333,3.4
0.576857914444444,3.421,0.576856703888889,3.4,0.585144849444444,3.4
0.577135793333333,3.421,0.5771347475,3.39,0.585422764444444,3.4
0.577413708055556,3.421,0.577412338333333,3.39,0.585701115833333,3.4
0.577691456111111,3.421,0.577690111111111,3.39,0.585978815,3.4
0.577968928055556,3.421,0.577967961944444,3.39,0.586256860277778,3.4
0.578247215277778,3.421,0.578246089722222,3.4,0.586534710833333,3.4
0.578524948888889,3.421,0.578523927222222,3.39,0.586812457222222,3.4
0.578802879166667,3.421,0.578802171666667,3.39,0.587090284166667,3.4
0.579080808333333,3.421,0.579079951111111,3.39,0.5873683925,3.4
0.579358475833333,3.421,0.579357605555555,3.39,0.587646094444444,3.4
0.579636500277778,3.421,0.579635825833333,3.39,0.587924245833333,3.4
0.579914101944444,3.421,0.579913578055556,3.39,0.588201822777778,3.4
0.580192106111111,3.421,0.580191278055555,3.39,0.588479845277778,3.39
0.580469414444444,3.421,0.580469016944445,3.39,0.588757701388889,3.4
0.580747767222222,3.421,0.580746855555556,3.4,0.589035748333333,3.4
0.581025679444444,3.421,0.581024618055555,3.39,0.589313614444444,3.4
0.581303380833333,3.421,0.581302270833333,3.4,0.589591512222222,3.4
0.581581189444444,3.421,0.581580471666667,3.4,0.5898692325,3.4
0.581858949166667,3.421,0.581857891944444,3.39,0.590147156111111,3.4
0.5821366075,3.421,0.582136136111111,3.4,0.590424798333333,3.4
0.58241467,3.421,0.5824137725,3.4,0.590702909722222,3.4
0.582692835277778,3.421,0.582691714166667,3.4,0.590980846388889,3.4
0.582970594444444,3.421,0.582969842222222,3.39,0.591258558333333,3.4
0.583248568333333,3.421,0.583247568055556,3.39,0.591536700555556,3.4
0.583526326944445,3.421,0.583525286666667,3.4,0.591814535555556,3.4
0.583804748888889,3.421,0.583803143888889,3.4,0.5920921525,3.4
0.584082953611111,3.421,0.584081378055556,3.39,0.592370219444444,3.4
0.584360484722222,3.421,0.584359000277778,3.4,0.592648091111111,3.4
0.584638400555555,3.421,0.584637493611111,3.39,0.592925856111111,3.4
0.584916276944444,3.421,0.584915001666667,3.39,0.593203512777778,3.4
0.585193851388889,3.421,0.5851929475,3.4,0.593481315277778,3.4
0.5854717525,3.421,0.585470651666667,3.4,0.593759038055556,3.4
0.585749599166667,3.421,0.5857483175,3.4,0.594037138888889,3.39
0.586027181944444,3.421,0.586026468611111,3.4,0.594315314444444,3.4
0.586305415277778,3.421,0.586304623611111,3.39,0.594593094166667,3.4
0.586583412222222,3.421,0.586582369166667,3.39,0.594870616944444,3.4
0.586861258888889,3.421,0.586860151944444,3.39,0.595149018333333,3.4
0.587139300277778,3.421,0.5871375625,3.39,0.595426633055556,3.4
0.587416948888889,3.421,0.587415375833333,3.4,0.595704852222222,3.4
0.587694991944444,3.421,0.587693778333333,3.4,0.595982126666667,3.4
0.587973268055556,3.421,0.587971478611111,3.39,0.596260093888889,3.4
0.588250852777778,3.421,0.588249431944444,3.39,0.596538182222222,3.4
0.588528328333333,3.421,0.588527348888889,3.4,0.596815925,3.4
0.588806589444445,3.421,0.5888055,3.4,0.597093673611111,3.4
0.589084264166667,3.421,0.589083216111111,3.4,0.597371460555555,3.4
0.589362181111111,3.421,0.5893608675,3.4,0.597649373333333,3.4
0.589640183888889,3.421,0.589638990555556,3.4,0.597927565555556,3.4
0.589917882222222,3.421,0.5899169625,3.4,0.598205150277778,3.4
0.590195885833333,3.421,0.590195035833333,3.4,0.598482643888889,3.4
0.590473759722222,3.421,0.590473069722222,3.4,0.598760796944444,3.4
0.590751415277778,3.421,0.590750904166667,3.4,0.599038656388889,3.4
0.591029099722222,3.421,0.591028510833333,3.4,0.599316575277778,3.4
0.591306610277778,3.421,0.591306541388889,3.39,0.599594399166667,3.4
0.591584636111111,3.421,0.59158466,3.39,0.599872019444444,3.4
0.591862810833333,3.421,0.591862016666667,3.39,0.600149973611111,3.4
0.592140814444444,3.421,0.592140063888889,3.39,0.600428071388889,3.4
0.592418555833333,3.421,0.592418131666667,3.39,0.600706169166667,3.4
0.592696820833333,3.421,0.592696213611111,3.4,0.600984228333333,3.4
0.592974564166667,3.421,0.592973650277778,3.39,0.601261887777778,3.4
0.593252016111111,3.421,0.593251840833333,3.4,0.60153937,3.4
0.593530359444445,3.421,0.593529992777778,3.39,0.601817431944444,3.4
0.593808178611111,3.421,0.593807702777778,3.4,0.6020954725,3.4
0.594086005277778,3.421,0.594085271388889,3.4,0.602373546944444,3.4
0.594363839444444,3.421,0.594363136111111,3.4,0.602651337777778,3.4
0.594641616111111,3.421,0.594640837222222,3.4,0.602929250555556,3.4
0.5949195925,3.421,0.594918716944445,3.39,0.603207189166667,3.4
0.595197081666667,3.421,0.595196473611111,3.39,0.603484623055556,3.4
0.595475149166667,3.421,0.595474166944445,3.4,0.6037628975,3.4
0.595753463333333,3.421,0.5957524375,3.4,0.604040415277778,3.4
0.596031183333333,3.421,0.596029995833333,3.39,0.604318189444444,3.4
0.596308866388889,3.421,0.596308125555556,3.4,0.604596148888889,3.4
0.596586873888889,3.421,0.596585606111111,3.4,0.604873773888889,3.4
0.596864553888889,3.421,0.596863829166667,3.39,0.605151944722222,3.4
0.597142301666667,3.421,0.597141617222222,3.4,0.605429690277778,3.4
0.597420178333333,3.421,0.597418915277778,3.4,0.605707865,3.4
0.597698160277778,3.421,0.597697108055556,3.4,0.605985490277778,3.4
0.597975628055556,3.421,0.597975268333333,3.4,0.606263445,3.39
0.598253653611111,3.421,0.598252996388889,3.39,0.606541209444444,3.4
0.598531371944445,3.421,0.598531080833333,3.4,0.606819339444444,3.4
0.598809122777778,3.421,0.598809142777778,3.4,0.607097208333333,3.4
0.599087113888889,3.421,0.599087039166667,3.4,0.607374830555556,3.4
0.599365125277778,3.421,0.599364946944444,3.4,0.607652416666667,3.4
0.599642733611111,3.421,0.599642803055556,3.4,0.607930339444445,3.4
0.599920610555556,3.421,0.599920871388889,3.4,0.608208228333333,3.4
0.600198134166667,3.421,0.600198419722222,3.39,0.608486166944444,3.4
0.600476268333333,3.421,0.600476205833333,3.39,0.608763678333333,3.4
0.600754411388889,3.421,0.600754326388889,3.39,0.609041535833333,3.4
0.601031948333333,3.421,0.601032263611111,3.4,0.609319940277778,3.4
0.601310400833333,3.421,0.601309863055556,3.39,0.609597826666667,3.4
0.601588366111111,3.421,0.601588012777778,3.4,0.609875569722222,3.4
0.601866192777778,3.421,0.601865653611111,3.4,0.610153207777778,3.4
0.602144082777778,3.421,0.602143570277778,3.39,0.610431090555556,3.4
0.602422410555556,3.421,0.602421629722222,3.4,0.610708828333333,3.4
0.602700091666667,3.421,0.602699196111111,3.4,0.610986641944444,3.4
0.602977900833333,3.421,0.602977279444444,3.4,0.611264758888889,3.4
0.603256015555556,3.421,0.603254987222222,3.4,0.611542458611111,3.4
0.603533705833333,3.421,0.603532905277778,3.4,0.611820266944444,3.4
0.603811269166667,3.421,0.603811111944444,3.39,0.612098022222222,3.4
0.604089415,3.421,0.604089053611111,3.4,0.612375735,3.4
0.604367236944444,3.421,0.604366916388889,3.4,0.612653303611111,3.4
0.604644956388889,3.421,0.604644691111111,3.39,0.612931315833333,3.4
0.604922981388889,3.421,0.604922784166667,3.4,0.613209251944445,3.4
0.605200743333333,3.421,0.605200948333333,3.39,0.613487238611111,3.4
0.605478712777778,3.421,0.605478875833333,3.4,0.613765591666667,3.4
0.605756618611111,3.421,0.605756788888889,3.4,0.614042955277778,3.4
0.606034531111111,3.421,0.606034502222222,3.39,0.614320671111111,3.4
0.606312192777778,3.421,0.606312245,3.39,0.614598500555556,3.4
0.606590237222222,3.421,0.606590336944445,3.39,0.614876181388889,3.4
0.606868329166667,3.421,0.606868468611111,3.4,0.615154094166667,3.4
0.607146324166667,3.421,0.607146263888889,3.4,0.615432221944444,3.4
0.607424171944444,3.421,0.607424041666667,3.4,0.615710095277778,3.4
0.607701921944445,3.421,0.607701651111111,3.4,0.615987786111111,3.4
0.607979961666667,3.421,0.607979643333333,3.4,0.616265523055556,3.4
0.608257911111111,3.421,0.608257725,3.4,0.616543718888889,3.4
0.608535933611111,3.421,0.608535736944445,3.4,0.616821246944445,3.4
0.608813758888889,3.421,0.608813365833333,3.4,0.61709957,3.4
0.609091378333333,3.421,0.609091305555556,3.4,0.617377331388889,3.4
0.609369734166667,3.421,0.609368978888889,3.4,0.617655394166667,3.4
0.609647970555556,3.421,0.609647215,3.4,0.617932965555556,3.4
0.609925712222222,3.421,0.609924808055555,3.4,0.618211192222222,3.4
0.610203271111111,3.421,0.610202556388889,3.4,0.618489024166667,3.4
0.610481532222222,3.421,0.610480709444445,3.4,0.6187667225,3.4
0.610759156666667,3.421,0.610758321944444,3.4,0.619044608611111,3.4
0.611036703888889,3.421,0.611036207777778,3.4,0.619322665,3.4
0.611314661944444,3.421,0.611314095277778,3.4,0.6196007725,3.4
0.611592803333333,3.421,0.611591990833333,3.4,0.6198789375,3.4
0.611870988888889,3.421,0.611869814722222,3.4,0.620157136666667,3.4
0.612149346388889,3.421,0.6121478725,3.4,0.620435328333333,3.4
0.612426908055556,3.421,0.612426013333333,3.4,0.620713578888889,3.4
0.612705144722222,3.421,0.61270375,3.4,0.620991112777778,3.4
0.61298318,3.421,0.612981214166667,3.4,0.621269030833333,3.4
0.613261139166667,3.421,0.613259222222222,3.4,0.621546907222222,3.4
0.613538571944444,3.421,0.613536745,3.4,0.621824481111111,3.4
0.613816845277778,3.421,0.613814903611111,3.4,0.622102571388889,3.4
0.614094607777778,3.421,0.614092988888889,3.4,0.622380172777778,3.4
0.614372355833333,3.421,0.614370589166667,3.4,0.622657968055556,3.4
0.61465021,3.421,0.614648385555556,3.4,0.622935605277778,3.4
0.614928319722222,3.421,0.614926184166667,3.4,0.623213794444444,3.4
0.615205938333333,3.421,0.615204137222222,3.4,0.623491509722222,3.4
0.615483806944444,3.421,0.615482092777778,3.4,0.623769473611111,3.4
0.615761690833333,3.421,0.615759573055556,3.4,0.624047368333333,3.4
0.616039512777778,3.421,0.616037326388889,3.4,0.624325182777778,3.4
0.616317620833333,3.421,0.616315337222222,3.4,0.624602820277778,3.4
0.616595330555556,3.421,0.61659309,3.4,0.624880873611111,3.4
0.616872979722222,3.421,0.616870643888889,3.4,0.625158681944444,3.4
0.617150880277778,3.421,0.617148785555556,3.4,0.625436644444444,3.4
0.617428656666667,3.421,0.617426473055556,3.4,0.625714344722222,3.4
0.617706461944444,3.421,0.617704050277778,3.4,0.625992104722222,3.4
0.617984158611111,3.421,0.617982037777778,3.4,0.626269890277778,3.4
0.618261658611111,3.421,0.618260440555556,3.4,0.626548035277778,3.4
0.618539843888889,3.421,0.618538138055556,3.4,0.626825843888889,3.4
0.618817174722222,3.421,0.6188158475,3.4,0.627103558888889,3.4
0.619095568333333,3.421,0.619093955555556,3.4,0.627381342222222,3.4
0.619373563055556,3.421,0.619371631388889,3.4,0.627659115833333,3.4
0.619651555,3.421,0.619649967222222,3.4,0.627937339444445,3.4
0.619929449166667,3.421,0.6199276975,3.4,0.628215219444444,3.4
0.620207241388889,3.421,0.620205556944444,3.4,0.628493173055556,3.4
0.620485113611111,3.421,0.620483441388889,3.4,0.628771040555556,3.4
0.620762619166667,3.421,0.620761199444445,3.4,0.629048772777778,3.4
0.621040603611111,3.421,0.621039095277778,3.4,0.629326918055556,3.4
0.621318811666667,3.421,0.621317011666667,3.4,0.629605105277778,3.4
0.621596877222222,3.421,0.621594502222222,3.4,0.629882660277778,3.4
0.6218745625,3.421,0.621872474166667,3.4,0.630161196111111,3.4
0.622152693055556,3.421,0.6221507725,3.4,0.630438839444444,3.4
0.622430673055556,3.421,0.622428368888889,3.4,0.630716590277778,3.4
0.622709132222222,3.421,0.622706300555556,3.4,0.630994601111111,3.4
0.622986891666667,3.421,0.622983933333333,3.4,0.631272542222222,3.4
0.623264749444444,3.421,0.623262188055556,3.4,0.631550274722222,3.4
0.623542659722222,3.421,0.623540068611111,3.4,0.631828131666667,3.4
0.6238202775,3.421,0.623818231666667,3.4,0.632106046944444,3.4
0.624098063055556,3.421,0.624096007777778,3.39,0.632383834722222,3.4
0.624376536666667,3.421,0.624373653611111,3.4,0.632661563333333,3.4
0.624654267222222,3.421,0.624651540555556,3.4,0.632939737777778,3.4
0.624931988055556,3.421,0.624929388333333,3.4,0.633217817222222,3.4
0.625209832222222,3.421,0.625207689444444,3.4,0.633495381388889,3.4
0.625487660277778,3.421,0.625485415,3.4,0.6337731325,3.4
0.625765527222222,3.421,0.6257634725,3.4,0.634051154166667,3.4
0.626043475833333,3.421,0.626041196388889,3.4,0.634329215833333,3.4
0.626321497777778,3.421,0.626319072222222,3.4,0.634607183055556,3.4
0.626599321111111,3.421,0.626596470833333,3.4,0.634884845,3.4
0.626876902777778,3.421,0.626874808888889,3.4,0.635162371666667,3.4
0.627155245833333,3.421,0.62715275,3.4,0.635440388611111,3.4
0.627433309444445,3.421,0.627430335277778,3.4,0.635718293611111,3.4
0.627711209166667,3.421,0.627708283888889,3.4,0.635995981666667,3.4
0.627989320555556,3.421,0.627985724722222,3.4,0.636273960833333,3.4
0.628266849166667,3.421,0.628263378888889,3.4,0.636551455833333,3.4
0.628545195,3.421,0.628541507777778,3.4,0.636829268055556,3.4
0.628822727222222,3.421,0.628819526111111,3.4,0.637107170555556,3.4
0.629100518611111,3.421,0.629097392777778,3.4,0.6373854425,3.4
0.629378550555555,3.421,0.6293752075,3.4,0.637663744444445,3.4
0.629656187222222,3.421,0.629653093611111,3.4,0.6379418,3.4
0.629934775833333,3.421,0.629930899166667,3.4,0.638219630277778,3.4
0.630212409444444,3.421,0.630208709444444,3.4,0.638497563055555,3.4
0.630490334722222,3.421,0.630486665833333,3.4,0.638775151111111,3.4
0.630768106111111,3.421,0.630764450555556,3.4,0.639053135555556,3.4
0.631045716111111,3.421,0.631042366388889,3.4,0.639331113333333,3.4
0.631323861944444,3.421,0.631320383888889,3.4,0.639609211388889,3.4
0.631601484722222,3.421,0.631598310555555,3.4,0.639886876666667,3.4
0.6318794175,3.421,0.631875881388889,3.4,0.640164467777778,3.4
0.632157413055556,3.421,0.632153878611111,3.4,0.640442193611111,3.4
0.632435628055556,3.421,0.632431428611111,3.4,0.640720140833333,3.4
0.632713433055556,3.421,0.632709614166667,3.4,0.640998010277778,3.4
0.632991423611111,3.421,0.632987725833333,3.4,0.641275892222222,3.4
0.6332692775,3.421,0.633265264166667,3.4,0.641553618888889,3.4
0.633546883055556,3.421,0.633542878888889,3.4,0.641831729722222,3.4
0.633824849166667,3.421,0.633821112777778,3.4,0.642109122222222,3.4
0.634102645277778,3.421,0.634098644166667,3.4,0.64238717,3.4
0.634380234722222,3.421,0.634376919166667,3.4,0.642664877222222,3.4
0.634657943333333,3.421,0.634654811111111,3.4,0.642942758333333,3.4
0.634935956388889,3.421,0.634932970277778,3.4,0.643220863611111,3.4
0.635213621111111,3.421,0.635210613333333,3.4,0.643498730833333,3.4
0.635491310555556,3.421,0.635488835,3.4,0.643776476111111,3.4
0.635769333333333,3.421,0.635766858333333,3.4,0.644054268055556,3.4
0.636047418888889,3.421,0.636044488611111,3.4,0.644331974722222,3.4
0.636325059722222,3.421,0.636322302777778,3.4,0.644609918055556,3.4
0.636602756944444,3.421,0.636600255555556,3.4,0.644887874722222,3.4
0.636880398333333,3.421,0.636877952777778,3.4,0.645165530833333,3.4
0.637158223888889,3.421,0.637155993888889,3.4,0.645443203611111,3.4
0.637435799166667,3.421,0.637433917777778,3.4,0.645721653333333,3.4
0.637713936388889,3.421,0.637711892222222,3.4,0.645999704722222,3.4
0.637991807777778,3.421,0.637989424166667,3.4,0.646277628888889,3.4
0.638269162777778,3.421,0.638267571944444,3.4,0.646554863333333,3.4
0.638547178055555,3.421,0.638545477222222,3.4,0.646832998055556,3.4
0.638825193055556,3.421,0.638823088055556,3.4,0.6471107225,3.4
0.639103118055556,3.421,0.639100903888889,3.4,0.647389201111111,3.4
0.639381244166667,3.421,0.639379065,3.4,0.6476670825,3.4
0.639658843888889,3.421,0.639656711111111,3.4,0.647944981944444,3.4
0.639936650277778,3.421,0.639934695277778,3.4,0.648222686666667,3.4
0.640214405833333,3.421,0.6402126725,3.4,0.648500621111111,3.4
0.6404923175,3.421,0.640490091111111,3.4,0.648778313888889,3.4
0.640769903333333,3.431,0.640768150277778,3.4,0.649056444444444,3.4
0.641047805277778,3.421,0.641046153888889,3.4,0.649334114722222,3.4
0.641325876111111,3.421,0.641324063055556,3.4,0.649611923055555,3.4
0.641603477777778,3.421,0.641601551111111,3.4,0.649889740833333,3.4
0.641881500277778,3.421,0.641879479166667,3.4,0.650167682777778,3.4
0.642159586111111,3.421,0.642157359166667,3.4,0.650445503888889,3.4
0.642437049444444,3.421,0.642435478888889,3.4,0.650723448611111,3.4
0.642715043888889,3.421,0.642713129444444,3.4,0.651001328611111,3.4
0.642993011666667,3.421,0.642991193333333,3.4,0.651279325,3.4
0.643270905277778,3.421,0.643268985277778,3.4,0.651557140833333,3.4
0.6435485925,3.421,0.643546742222222,3.4,0.6518349975,3.4
0.643826721388889,3.421,0.643824912222222,3.4,0.652112761111111,3.4
0.644104376944444,3.421,0.644102738055556,3.4,0.652390483888889,3.4
0.644382218055556,3.421,0.644380695833333,3.4,0.652668168055555,3.4
0.644660104722222,3.421,0.644658215555556,3.4,0.652946201944444,3.411
0.6449378925,3.421,0.644936328888889,3.4,0.653224066944444,3.411
0.645215635555556,3.421,0.645214409166667,3.4,0.653501786944444,3.4
0.6454934275,3.421,0.645491873333333,3.4,0.653779337222222,3.4
0.645771486111111,3.421,0.645769593611111,3.4,0.654057566388889,3.4
0.646049837222222,3.421,0.646048019722222,3.4,0.654335236111111,3.4
0.646327452777778,3.431,0.646325778611111,3.4,0.654613057222222,3.4
0.646605531944444,3.421,0.646603839166667,3.4,0.654891159444444,3.4
0.646883708333333,3.421,0.646881731111111,3.4,0.6551686875,3.4
0.647161411388889,3.421,0.64715971,3.4,0.655446399166667,3.4
0.647439285555556,3.421,0.647437723333333,3.4,0.655724448888889,3.4
0.647716768611111,3.421,0.647715382222222,3.4,0.656001969722222,3.4
0.647995101388889,3.421,0.647993257222222,3.4,0.656279662777778,3.4
0.64827271,3.431,0.648271054444444,3.4,0.656557983611111,3.4
0.648550478888889,3.421,0.648549149166667,3.4,0.656835944166667,3.4
0.648828624166667,3.421,0.648826908888889,3.4,0.657113206944444,3.4
0.649106428333333,3.421,0.649104803611111,3.4,0.657391351111111,3.4
0.649384121388889,3.421,0.649382247777778,3.4,0.657669353611111,3.4
0.649661981944444,3.421,0.649660131944444,3.4,0.657947320277778,3.4
0.649940113888889,3.421,0.649937891666667,3.4,0.658225129166667,3.4
0.650218198611111,3.421,0.650215563055556,3.4,0.658502990833333,3.4
0.650496251111111,3.421,0.650493692777778,3.4,0.658780427222222,3.4
0.6507738625,3.421,0.650772060555556,3.4,0.659058274722222,3.4
0.651051860277778,3.421,0.651049982222222,3.4,0.659336408333333,3.4
0.651329418333333,3.421,0.651327824722222,3.4,0.659614400555556,3.4
0.651607562777778,3.431,0.651605661666667,3.4,0.659892043055556,3.4
0.651885319722222,3.421,0.651883474166667,3.4,0.660170013333333,3.4
0.652163385277778,3.421,0.652161223055556,3.4,0.660448036388889,3.411
0.652441351111111,3.421,0.652439400833333,3.4,0.660725910833333,3.4
0.652719385833333,3.421,0.652716871111111,3.4,0.661004345555556,3.4
0.652997465,3.421,0.652994451666667,3.4,0.661282301666667,3.4
0.653275034166667,3.431,0.653272622777778,3.4,0.661560129444444,3.4
0.653553554444445,3.421,0.653550558888889,3.4,0.661838161944444,3.4
0.653831415,3.421,0.653829143888889,3.4,0.662115850555556,3.4
0.654108898333333,3.431,0.6541068925,3.4,0.662393498333333,3.4
0.654386958055555,3.421,0.654384547777778,3.4,0.662671412777778,3.4
0.654665083888889,3.421,0.654662195277778,3.4,0.662949446111111,3.4
0.654943014444444,3.421,0.654940041666667,3.4,0.663227066388889,3.4
0.655220783333333,3.421,0.655217906388889,3.4,0.663504974166667,3.4
0.655498505,3.421,0.655495758611111,3.4,0.663782388611111,3.4
0.655776414722222,3.431,0.65577351,3.4,0.664060326388889,3.4
0.656054494722222,3.421,0.656051208611111,3.4,0.6643380675,3.4
0.656332148055556,3.421,0.656329367777778,3.4,0.664616185,3.4
0.656609938611111,3.421,0.656607138055555,3.4,0.664894137777778,3.4
0.656887973888889,3.421,0.656884661388889,3.4,0.665172174166667,3.4
0.657165943333333,3.431,0.657162405833333,3.4,0.665450034166667,3.4
0.657443653611111,3.421,0.657440672222222,3.4,0.665728014444444,3.4
0.657721539722222,3.421,0.657718294722222,3.4,0.666005852222222,3.4
0.657998875,3.421,0.657996120555556,3.4,0.666283640833333,3.4
0.658276978611111,3.421,0.658273658611111,3.4,0.666561426111111,3.4
0.658554775277778,3.431,0.658551795,3.4,0.666839260277778,3.4
0.658832644722222,3.421,0.658829578888889,3.4,0.667116991111111,3.4
0.659110223888889,3.421,0.659107438055555,3.4,0.667394691388889,3.4
0.659387726666667,3.421,0.6593848,3.4,0.66767246,3.4
0.659665953888889,3.421,0.659662883333333,3.4,0.667950234722222,3.4
0.659943603888889,3.421,0.6599409325,3.4,0.668228203333333,3.4
0.660221448055555,3.421,0.660218923888889,3.4,0.668506309444444,3.4
0.660499188333333,3.431,0.660496771111111,3.4,0.6687841425,3.4
0.660776977222222,3.431,0.660774514722222,3.4,0.66906188,3.4
0.661054853611111,3.421,0.661053075555556,3.4,0.669339771388889,3.4
0.661332938055556,3.421,0.661330929722222,3.4,0.669617430833333,3.4
0.66161051,3.421,0.661608878055556,3.4,0.669895266944444,3.4
0.661888228333333,3.431,0.661886611111111,3.4,0.670172864444444,3.4
0.6621658075,3.421,0.662164491388889,3.4,0.67045076,3.411
0.662443872222222,3.421,0.662442083888889,3.4,0.670728626944444,3.4
0.662721792777778,3.431,0.662720121944444,3.4,0.6710063125,3.4
0.662999644722222,3.421,0.662998326666667,3.4,0.6712845025,3.4
0.663277384444445,3.421,0.663275971944444,3.4,0.671562288888889,3.4
0.66355551,3.421,0.663554075,3.4,0.671840326388889,3.4
0.663833134166667,3.421,0.663831927222222,3.4,0.672118026944444,3.4
0.66411106,3.421,0.664109800555556,3.4,0.672395838333333,3.4
0.664389050277778,3.421,0.664387588055556,3.4,0.672673541666667,3.4
0.6646675,3.431,0.664665078055556,3.411,0.672951450277778,3.4
0.664945528611111,3.431,0.664943201944444,3.4,0.673229157777778,3.4
0.665223709722222,3.421,0.665220920555556,3.4,0.673507186388889,3.4
0.665501460555555,3.421,0.665498684166667,3.4,0.673785168611111,3.4
0.665779189166667,3.421,0.665776346944444,3.4,0.674062897777778,3.411
0.666056936111111,3.431,0.666054300555556,3.4,0.674340795277778,3.4
0.666335008611111,3.421,0.6663319675,3.4,0.674618714722222,3.4
0.666613177222222,3.421,0.6666100625,3.4,0.674896707777778,3.4
0.666891028611111,3.421,0.666888113611111,3.4,0.675174046111111,3.4
0.667168990833333,3.421,0.667165583611111,3.4,0.675452052222222,3.4
0.667446686111111,3.421,0.667443240833333,3.4,0.675729654722222,3.411
0.667724611944444,3.421,0.6677213475,3.4,0.676007785833333,3.4
0.668002540277778,3.431,0.667999417777778,3.4,0.676286031111111,3.4
0.668280103055556,3.421,0.668277253333333,3.4,0.676564144722222,3.411
0.668558094166667,3.421,0.668555412222222,3.4,0.676842079166667,3.4
0.668835859722222,3.421,0.668833603055556,3.4,0.6771198675,3.4
0.669113634444444,3.421,0.669111768611111,3.4,0.677397824166667,3.411
0.669391765833333,3.421,0.669389568611111,3.4,0.677675636388889,3.4
0.669670091666667,3.421,0.669667520277778,3.4,0.677953225,3.4
0.669947505,3.421,0.669945385277778,3.4,0.678231068333333,3.4
0.670225751666667,3.421,0.6702231225,3.4,0.678508888611111,3.4
0.670503364722222,3.431,0.670501060833333,3.4,0.67878662,3.411
0.670781177777778,3.431,0.670778776666667,3.4,0.679064319444444,3.4
0.671058587777778,3.421,0.671056570833333,3.4,0.679342169166667,3.411
0.671337132777778,3.421,0.671334314722222,3.4,0.679619825,3.4
0.671614556111111,3.431,0.671611904722222,3.4,0.679897954166667,3.4
0.671892224444444,3.431,0.671889852777778,3.4,0.680175525,3.4
0.672170644722222,3.421,0.672167527222222,3.4,0.680453546944444,3.4
0.672448018888889,3.421,0.672445350833333,3.4,0.680730999166667,3.4
0.672726471388889,3.421,0.6727234875,3.4,0.681009045833333,3.4
0.673004240833333,3.431,0.673001311111111,3.4,0.6812867525,3.4
0.673281969166667,3.421,0.673279169166667,3.4,0.681565036388889,3.4
0.673559934722222,3.421,0.673557339722222,3.4,0.681842646388889,3.4
0.673837873888889,3.421,0.673835200277778,3.4,0.682120239166667,3.4
0.674115666944444,3.431,0.674112866666667,3.4,0.682398653333333,3.4
0.674393435277778,3.421,0.674390725,3.4,0.682676370555556,3.411
0.674671516111111,3.421,0.674668631388889,3.4,0.682953863055555,3.411
0.674949209444444,3.431,0.674946508055556,3.4,0.683231760555556,3.4
0.675227169722222,3.431,0.675224265833333,3.4,0.683509801111111,3.411
0.675504999722222,3.421,0.675502010833333,3.4,0.683787683611111,3.411
0.6757827975,3.421,0.675780226666667,3.4,0.684065971111111,3.4
0.676060654722222,3.421,0.676057842777778,3.4,0.684344191111111,3.411
0.676338370833333,3.421,0.676335699444444,3.4,0.684621785555556,3.411
0.676616279444444,3.431,0.676613525277778,3.4,0.684899638888889,3.411
0.676893928611111,3.431,0.676891519444444,3.4,0.685177476111111,3.411
0.677171835,3.431,0.677169497222222,3.4,0.685455145555556,3.4
0.677449371944444,3.431,0.677447148055556,3.4,0.685733284722222,3.4
0.67772734,3.431,0.6777254075,3.4,0.686011112222222,3.4
0.678005262222222,3.431,0.678003140555556,3.4,0.686288934444444,3.411
0.678283234166667,3.431,0.678280824722222,3.4,0.686567006944444,3.4
0.678561089166667,3.421,0.6785587075,3.4,0.686844608333333,3.411
0.678838960555556,3.421,0.678836751666667,3.4,0.687122286666667,3.4
0.679117032777778,3.421,0.679114413888889,3.4,0.687400215833333,3.411
0.679394664166667,3.431,0.679392549166667,3.4,0.687677958055556,3.411
0.679672491666667,3.431,0.679670164444445,3.4,0.687956008055556,3.4
0.679950231388889,3.431,0.679948493611111,3.4,0.68823387,3.411
0.680228290555556,3.431,0.680226184166667,3.4,0.688511703333333,3.411
0.680506065277778,3.421,0.680504427222222,3.4,0.688789219166667,3.4
0.680783910555556,3.421,0.680782324166667,3.4,0.689067330277778,3.411
0.6810621375,3.431,0.681060273333333,3.4,0.689344646666667,3.411
0.681339725555556,3.431,0.681338278055556,3.4,0.689622776111111,3.411
0.681617917777778,3.421,0.681616383611111,3.4,0.689900436666667,3.4
0.681896034444444,3.431,0.681893989166667,3.4,0.690178597222222,3.4
0.682173844722222,3.431,0.682171841666667,3.4,0.690455983055556,3.411
0.682451766111111,3.431,0.682449823611111,3.4,0.690734308333333,3.411
0.682729119722222,3.431,0.682727955833333,3.4,0.691012211388889,3.411
0.683007173055556,3.431,0.683005500277778,3.4,0.691289854444444,3.4
0.683285078888889,3.431,0.6832833725,3.4,0.691567832777778,3.411
0.683562779722222,3.431,0.683561153888889,3.4,0.691845206388889,3.411
0.683840642777778,3.431,0.683838993888889,3.4,0.692123471666667,3.411
0.684118458333333,3.431,0.684117057777778,3.4,0.692401450277778,3.411
0.684396191944444,3.431,0.684395199444444,3.4,0.692679036111111,3.411
0.684674020277778,3.431,0.684673145277778,3.4,0.692957143333333,3.411
0.684951560555556,3.431,0.684950886388889,3.4,0.693235194444444,3.411
0.685229338333333,3.431,0.685228935277778,3.4,0.693512911111111,3.411
0.685507016111111,3.421,0.685507148611111,3.4,0.693791053888889,3.411
0.685785015833333,3.431,0.685784519166667,3.4,0.694068953333333,3.411
0.686063090555556,3.431,0.686062853055555,3.4,0.694346543888889,3.411
0.686341237222222,3.431,0.686340395833333,3.4,0.694624365277778,3.4
0.686619082777778,3.431,0.686618306111111,3.4,0.694902278611111,3.411
0.686896798055556,3.421,0.686896559444444,3.4,0.695180057777778,3.411
0.687174228888889,3.431,0.687174358611111,3.4,0.695457721388889,3.411
0.687452347777778,3.431,0.687452116111111,3.4,0.695735462777778,3.411
0.687730264444444,3.431,0.687729533611111,3.4,0.696013631666667,3.411
0.688008249722222,3.431,0.688007689444444,3.4,0.696291248333333,3.4
0.688285784444444,3.431,0.688285434722222,3.411,0.696569091388889,3.411
0.688563751388889,3.431,0.688563118888889,3.4,0.696847232777778,3.411
0.688842111666667,3.431,0.688841305833333,3.4,0.697125321666667,3.4
0.689119723333333,3.431,0.689119150555556,3.4,0.697403403888889,3.411
0.689397466944444,3.421,0.689397089444444,3.4,0.697681103055556,3.411
0.689675425555556,3.431,0.689674860277778,3.4,0.697959054166667,3.411
0.689953346666667,3.431,0.689952433333333,3.4,0.698236823333333,3.4
0.690231143611111,3.431,0.690230373888889,3.411,0.698515053055556,3.411
0.690508613333333,3.431,0.690508512777778,3.4,0.6987926725,3.411
0.690786786666667,3.431,0.690786125833333,3.4,0.699070830555556,3.411
0.691064426944444,3.431,0.691064031111111,3.4,0.69934884,3.411
0.691342630555556,3.421,0.691341706111111,3.4,0.699626950277778,3.411
0.691620509444444,3.431,0.691619450555556,3.4,0.699905053611111,3.411
0.691898529444445,3.431,0.6918975825,3.4,0.700182888055556,3.411
0.692176430555556,3.421,0.692175897222222,3.4,0.700460755555556,3.411
0.692454035277778,3.431,0.692454057222222,3.411,0.700738484444444,3.411
0.692731893611111,3.431,0.692731893055556,3.4,0.701016328333333,3.411
0.693009947222222,3.431,0.693010253888889,3.4,0.701294231388889,3.4
0.693287784166667,3.431,0.693287851388889,3.4,0.701572255277778,3.411
0.693565624722222,3.431,0.693566052777778,3.4,0.701849888888889,3.411
0.693843196666667,3.431,0.693843738611111,3.4,0.702127911111111,3.411
0.694121104444444,3.431,0.694121249166667,3.4,0.702405679444444,3.411
0.694399248333333,3.431,0.694399204166667,3.4,0.702683459166667,3.411
0.694677413888889,3.431,0.694676954444444,3.4,0.702961307222222,3.411
0.694955286388889,3.431,0.694955118888889,3.4,0.703239335,3.411
0.695233328055556,3.431,0.695232956944444,3.4,0.703516528611111,3.411
0.695511334444444,3.431,0.695510610555556,3.411,0.703794318611111,3.411
0.695789010833333,3.431,0.695788317777778,3.411,0.704072900277778,3.411
0.696066641944444,3.431,0.696066198611111,3.4,0.704350423055556,3.411
0.696344596111111,3.431,0.696344583611111,3.4,0.704628098055556,3.411
0.696621998055555,3.431,0.696622490277778,3.4,0.704905836388889,3.411
0.696900462777778,3.431,0.696900501111111,3.411,0.7051838625,3.411
0.697178128611111,3.431,0.697177916944445,3.411,0.705461728888889,3.411
0.697455950833333,3.431,0.697456234166667,3.4,0.705739375833333,3.411
0.697733454722222,3.431,0.697733920277778,3.4,0.706017246944444,3.411
0.698011812777778,3.431,0.698012175833333,3.4,0.706295018888889,3.411
0.698289476944444,3.431,0.698289481388889,3.4,0.7065730875,3.411
0.698567711666667,3.421,0.698567776111111,3.4,0.706850587222222,3.411
0.698845088611111,3.431,0.698845596666667,3.4,0.707128539444444,3.411
0.699123069444444,3.431,0.6991236325,3.4,0.707406315833333,3.411
0.699401521944444,3.431,0.699401735277778,3.4,0.707684120277778,3.411
0.699679362777778,3.431,0.699679468333333,3.4,0.707961646388889,3.411
0.699957381388889,3.431,0.699957768888889,3.4,0.708239441666667,3.411
0.700235173611111,3.431,0.700235344444444,3.4,0.708517514166667,3.411
0.700512846111111,3.431,0.700513446666667,3.4,0.708795678611111,3.411
0.700790404444444,3.431,0.700791511944444,3.4,0.709073744166667,3.411
0.701068343333333,3.431,0.701069431666667,3.4,0.709351521944444,3.411
0.7013459325,3.431,0.701346744722222,3.4,0.709629538055556,3.411
0.701623642777778,3.431,0.701624810833333,3.4,0.709907253055556,3.411
0.701901678888889,3.431,0.701902684166667,3.4,0.710184930555556,3.411
0.702179195555556,3.431,0.702180810555556,3.4,0.710462630555556,3.4
0.702457345555556,3.431,0.702458406944445,3.4,0.710740660277778,3.411
0.702735105,3.431,0.702736618611111,3.4,0.711018207777778,3.4
0.703012890833333,3.431,0.703014020277778,3.4,0.711296292777778,3.411
0.703290454444444,3.431,0.703291984444445,3.4,0.711574220833333,3.411
0.703568441388889,3.431,0.703569821388889,3.4,0.711852158333333,3.411
0.703846248611111,3.431,0.703847731388889,3.4,0.712129900833333,3.411
0.704123884444444,3.431,0.704125648055556,3.411,0.712407773333333,3.411
0.704401710833333,3.431,0.704403307777778,3.411,0.71268524,3.411
0.704679645555556,3.431,0.704681454722222,3.4,0.712963215555556,3.411
0.704957488611111,3.431,0.704959443611111,3.4,0.713241031111111,3.411
0.705235332777778,3.431,0.705237297777778,3.4,0.713518833888889,3.411
0.705513308055556,3.431,0.705515082777778,3.4,0.713796809722222,3.411
0.705791250555555,3.431,0.705792897777778,3.411,0.714075009166667,3.411
0.706069116944444,3.431,0.706070977222222,3.4,0.7143525925,3.411
0.706347079166667,3.431,0.706348969444444,3.411,0.71463031,3.411
0.706624904444444,3.431,0.706626537222222,3.4,0.714907991111111,3.411
0.706902784166667,3.421,0.706904694722222,3.411,0.715185958611111,3.411
0.707180719444444,3.431,0.70718257,3.4,0.715463625,3.411
0.707458768055556,3.431,0.707460203611111,3.4,0.715741595555555,3.411
0.707736178333333,3.431,0.707738209166667,3.411,0.716020058333333,3.411
0.708014408055556,3.431,0.708016121111111,3.4,0.716297712777778,3.411
0.70829215,3.431,0.708294352777778,3.4,0.716575374166667,3.411
0.708570396666667,3.431,0.708572220277778,3.411,0.716853276666667,3.411
0.708847745277778,3.431,0.7088500775,3.4,0.717131051111111,3.411
0.7091259025,3.431,0.709128085277778,3.411,0.717409155833333,3.411
0.709403615277778,3.431,0.709406073333333,3.411,0.717686748333333,3.411
0.709681323611111,3.431,0.709683410277778,3.4,0.717964391111111,3.411
0.709959289444444,3.431,0.709961588333333,3.4,0.718242231666667,3.411
0.710237334722222,3.431,0.710239235277778,3.4,0.718520211111111,3.411
0.710515093611111,3.431,0.710517412222222,3.411,0.718798253611111,3.411
0.710792769722222,3.431,0.7107952375,3.4,0.719076004444444,3.411
0.711070599722222,3.431,0.711073323611111,3.4,0.719353924166667,3.411
0.71134851,3.431,0.711350738611111,3.411,0.719631688888889,3.411
0.711626303333333,3.431,0.711628385,3.4,0.719909830555556,3.411
0.711904266944444,3.431,0.711906225277778,3.411,0.720187887222222,3.411
0.712181963888889,3.431,0.712184704722222,3.4,0.7204654975,3.411
0.712459719166667,3.431,0.712462261666667,3.411,0.720743554444444,3.411
0.712737896111111,3.431,0.712739758333333,3.411,0.721021159722222,3.411
0.713015495833333,3.431,0.713018258055556,3.411,0.721299058888889,3.411
0.713293403888889,3.431,0.713296011944444,3.411,0.721577286111111,3.411
0.713571078611111,3.431,0.713574326111111,3.411,0.721854584166667,3.411
0.713848857222222,3.431,0.713852141666667,3.411,0.722132559166667,3.411
0.714127300277778,3.431,0.714129748888889,3.411,0.722410756388889,3.411
0.714404945833333,3.431,0.714407388611111,3.411,0.722688544166667,3.411
0.714682685,3.431,0.714685008333333,3.411,0.722966466666667,3.411
0.714960548055556,3.431,0.714963252222222,3.411,0.723243980277778,3.411
0.715238492222222,3.431,0.715241570555556,3.4,0.723522356944444,3.411
0.715516061111111,3.431,0.715519327777778,3.4,0.723800003888889,3.411
0.715794359722222,3.431,0.715797255833333,3.411,0.724078408333333,3.411
0.71607209,3.431,0.716075133888889,3.4,0.724355837777778,3.411
0.716349999166667,3.431,0.71635302,3.4,0.724633972777778,3.411
0.716627984722222,3.431,0.716630711666667,3.411,0.724911938611111,3.411
0.716905336666667,3.431,0.716908576944444,3.4,0.725189668055556,3.411
0.717183385555556,3.431,0.717185885277778,3.4,0.725467526666667,3.411
0.717461588888889,3.431,0.717463689444444,3.411,0.725744994722222,3.411
0.717738849722222,3.431,0.717741474722222,3.4,0.726023016944444,3.411
0.718017203055555,3.431,0.718019744722222,3.411,0.726300634722222,3.411
0.718295065277778,3.431,0.718297676111111,3.4,0.7265785425,3.411
0.718572788611111,3.431,0.718575722777778,3.411,0.726856564444444,3.411
0.718850511388889,3.431,0.7188535225,3.411,0.727134038333333,3.411
0.719128626111111,3.431,0.719131044166667,3.4,0.727412188055556,3.411
0.719406383888889,3.431,0.719408700555556,3.4,0.727690405833333,3.411
0.719684261666667,3.431,0.719686901111111,3.411,0.727968401111111,3.411
0.719961613333333,3.431,0.719964758055556,3.411,0.728246076944444,3.411
0.7202398625,3.431,0.720242562777778,3.4,0.728524094722222,3.411
0.720517856944444,3.431,0.720520795833333,3.411,0.728801753333333,3.411
0.720795807777778,3.431,0.720798793333333,3.4,0.729079653611111,3.411
0.721073735,3.431,0.721076646944444,3.411,0.729357891666667,3.411
0.721351558333333,3.431,0.721354825555556,3.411,0.729635377222222,3.411
0.721629409166667,3.431,0.721632288333333,3.411,0.729913005555555,3.411
0.721907253611111,3.431,0.721910447222222,3.411,0.730191417777778,3.411
0.722184968333333,3.431,0.722188084444444,3.411,0.730469281944444,3.411
0.722462826666667,3.431,0.722466252777778,3.4,0.730746838055556,3.411
0.722740527777778,3.431,0.722744569166667,3.411,0.731024974444444,3.411
0.723018425,3.431,0.7230220725,3.411,0.73130282,3.411
0.72329619,3.431,0.723300133055556,3.4,0.731580603888889,3.411
0.723573869722222,3.431,0.7235779675,3.4,0.731858674166667,3.411
0.723851645833333,3.431,0.723855428055555,3.411,0.732136671111111,3.411
0.724129715,3.431,0.724133421388889,3.411,0.7324145475,3.411
0.724407678055556,3.431,0.724411303611111,3.411,0.732692439166667,3.411
0.724685555277778,3.431,0.724689208611111,3.4,0.73297056,3.411
0.7249632475,3.431,0.724967332777778,3.4,0.733248672222222,3.411
0.725241343055556,3.431,0.725245078611111,3.4,0.733526470555556,3.411
0.725518855555556,3.431,0.725522938611111,3.411,0.733804233055556,3.411
0.725796986666667,3.431,0.725800471666667,3.4,0.734082022777778,3.411
0.726074711111111,3.431,0.726078123888889,3.4,0.734359929444444,3.411
0.726352276666667,3.431,0.726356028888889,3.411,0.734637772777778,3.411
0.726630240277778,3.431,0.726633933333333,3.4,0.734915533888889,3.411
0.726908188888889,3.431,0.726911798055556,3.411,0.735192946388889,3.411
0.727185975277778,3.431,0.727189799166667,3.4,0.735470906944444,3.411
0.727463794722222,3.431,0.727467488055556,3.411,0.73574909,3.411
0.727741663888889,3.431,0.727745750833333,3.411,0.736026833333333,3.411
0.728019413055556,3.431,0.728023697222222,3.411,0.736304943888889,3.411
0.728296885277778,3.431,0.728301448055556,3.411,0.736583081388889,3.411
0.728575185,3.431,0.728579449722222,3.4,0.736860929444444,3.411
0.728852930833333,3.431,0.728857543055556,3.411,0.737138726111111,3.411
0.729130945277778,3.431,0.729135484722222,3.411,0.737416123888889,3.411
0.729408815833333,3.431,0.729413249444444,3.411,0.737694296944444,3.411
0.729686639722222,3.431,0.729691198055555,3.411,0.737972104722222,3.411
0.729964797777778,3.431,0.729968906944444,3.411,0.738249876944444,3.411
0.730242535,3.431,0.730246680555556,3.411,0.738527566111111,3.411
0.730520233611111,3.431,0.730524676944444,3.411,0.738805501944444,3.411
0.730798184444444,3.431,0.7308027225,3.411,0.739083295833333,3.411
0.731075650833333,3.431,0.731080456388889,3.4,0.739361490277778,3.411
0.731353548611111,3.431,0.731358337222222,3.411,0.739639078055556,3.411
0.731631355277778,3.431,0.731636302222222,3.411,0.739917478055556,3.411
0.731909269444444,3.431,0.731914255555556,3.411,0.740195326666667,3.411
0.732187108888889,3.431,0.7321922175,3.411,0.740473128055556,3.411
0.732464660277778,3.431,0.732469911111111,3.411,0.740751201111111,3.411
0.732742897777778,3.431,0.7327478675,3.411,0.741028553888889,3.411
0.733020506388889,3.431,0.733025678055556,3.411,0.741306448333333,3.411
0.733298299444444,3.431,0.733303615833333,3.411,0.74158411,3.411
0.733575938333333,3.431,0.733581597222222,3.411,0.741862271388889,3.411
0.733854339166667,3.431,0.733859742777778,3.411,0.742140367222222,3.411
0.7341320125,3.431,0.734137803055556,3.411,0.742418317222222,3.411
0.734410045833333,3.431,0.734415813888889,3.411,0.742696231388889,3.411
0.734687866111111,3.431,0.734693532222222,3.411,0.742974228611111,3.411
0.734965351666667,3.431,0.734971583611111,3.411,0.743252303055556,3.411
0.735243369722222,3.441,0.735249007222222,3.411,0.743530031666667,3.411
0.735521000277778,3.431,0.735526774444444,3.411,0.743808359166667,3.411
0.735799096111111,3.431,0.735804518333333,3.411,0.744086136944444,3.411
0.736077382777778,3.431,0.736082289166667,3.411,0.744363896666667,3.411
0.736354873888889,3.431,0.736360748888889,3.411,0.744642009722222,3.411
0.736633225,3.431,0.736638776388889,3.411,0.744919579166667,3.411
0.736910544444444,3.431,0.736916219166667,3.411,0.745197154722222,3.411
0.737188543333333,3.431,0.737194053055556,3.411,0.7454753925,3.411
0.73746623,3.431,0.737471794166667,3.411,0.745753427777778,3.411
0.737744360277778,3.431,0.737749940555556,3.411,0.746031615,3.411
0.738022371666667,3.431,0.738027560833333,3.411,0.746309670555556,3.411
0.738300423333333,3.431,0.738305474722222,3.411,0.746587153333333,3.411
0.738578175,3.431,0.738582943055556,3.411,0.7468654025,3.411
0.738856119722222,3.431,0.738860778333333,3.411,0.747142918333333,3.411
0.739133623333333,3.431,0.739138617222222,3.411,0.747421096388889,3.411
0.739411691111111,3.431,0.739416426388889,3.411,0.747698803888889,3.411
0.739689413611111,3.431,0.739694276388889,3.411,0.747976630833333,3.411
0.739967275277778,3.441,0.739972381666667,3.411,0.748254829166667,3.411
0.740245096111111,3.441,0.740250299444444,3.411,0.748532451666667,3.411
0.740523279444444,3.431,0.740528228333333,3.411,0.748810374166667,3.411
0.740801181111111,3.431,0.7408058875,3.411,0.749088373611111,3.411
0.741078772777778,3.431,0.741083700833333,3.411,0.749366064444444,3.411
0.741356837777778,3.431,0.741361569722222,3.411,0.7496435725,3.411
0.7416344325,3.431,0.741639317777778,3.411,0.749921571388889,3.411
0.741912184166667,3.431,0.741917116666667,3.411,0.750199364444444,3.411
0.742190197777778,3.431,0.742194746388889,3.411,0.750477639444444,3.411
0.742467796666667,3.431,0.742472641666667,3.411,0.750755289166667,3.411
0.742745688333333,3.431,0.742750798611111,3.411,0.751033433611111,3.411
0.7430237225,3.431,0.743028638888889,3.411,0.751311013888889,3.411
0.743301823055556,3.431,0.743306393333333,3.411,0.751588756111111,3.411
0.743579537222222,3.431,0.743584510277778,3.411,0.751866631111111,3.411
0.743857471388889,3.431,0.743862450277778,3.411,0.7521445575,3.411
0.744135464722222,3.431,0.7441401225,3.411,0.752422478333333,3.411
0.744413224722222,3.431,0.744417857222222,3.411,0.752700534444444,3.411
0.744691538888889,3.431,0.744695535555556,3.411,0.752978703611111,3.411
0.744969087222222,3.441,0.744973706666667,3.411,0.7532564075,3.411
0.745247326388889,3.431,0.745251470833333,3.411,0.753533877222222,3.411
0.745524936388889,3.441,0.745529429722222,3.411,0.7538122825,3.411
0.745802516111111,3.431,0.745807186388889,3.411,0.754089786944445,3.411
0.746080487777778,3.431,0.746084804722222,3.411,0.754367643333333,3.411
0.746358459166667,3.431,0.7463629825,3.411,0.754645563888889,3.411
0.746636127777778,3.431,0.746641017222222,3.411,0.754923608055555,3.411
0.746914311388889,3.431,0.746918636944444,3.411,0.755201466944444,3.411
0.747192160277778,3.431,0.747196526666667,3.411,0.755479070555556,3.411
0.747469688333333,3.431,0.7474743725,3.411,0.755756792222222,3.411
0.747747763055556,3.431,0.747751952222222,3.411,0.756034566666667,3.411
0.748025614722222,3.431,0.748029832777778,3.411,0.756312830555556,3.411
0.748303669166667,3.431,0.748307837777778,3.411,0.756590593888889,3.411
0.748581661944444,3.431,0.748585748611111,3.411,0.756868443333333,3.411
0.748859491388889,3.431,0.748863507222222,3.411,0.757146030277778,3.411
0.749136896944444,3.431,0.749140945277778,3.411,0.757423752222222,3.411
0.749415031944444,3.431,0.749419363055555,3.411,0.757702035555555,3.411
0.749692973611111,3.431,0.749697126944444,3.411,0.757979786111111,3.411
0.749970768888889,3.431,0.74997522,3.411,0.758257788055556,3.411
0.750248374722222,3.431,0.750253298333333,3.411,0.758535612777778,3.411
0.750526233055556,3.431,0.750531188055556,3.411,0.758813265277778,3.411
0.750804210277778,3.431,0.750809259166667,3.411,0.759091380555556,3.411
0.751081863888889,3.431,0.751086979444444,3.411,0.759369137777778,3.411
0.7513599175,3.431,0.751365274166667,3.411,0.759647050833333,3.411
0.751637438888889,3.431,0.751643155555555,3.411,0.759924479444444,3.421
0.751915218611111,3.431,0.751921238611111,3.411,0.760202135833333,3.411
0.752193215555556,3.431,0.752199368611111,3.411,0.760479885,3.411
0.752470803888889,3.431,0.752477201388889,3.411,0.760757729444444,3.411
0.752748867777778,3.441,0.752755147222222,3.411,0.761035463055556,3.411
0.753026604444444,3.431,0.753033231388889,3.411,0.761313365,3.411
0.753304403888889,3.431,0.753311183611111,3.411,0.761591125,3.411
0.753582103611111,3.431,0.753589038333333,3.411,0.761869295,3.411
0.753860256666667,3.431,0.753866713611111,3.411,0.762147253888889,3.411
0.754138171666667,3.431,0.754144682222222,3.411,0.762425255277778,3.411
0.754415912777778,3.431,0.754422413055555,3.411,0.762703286666667,3.411
0.754693698611111,3.441,0.754699995277778,3.411,0.762981055,3.411
0.754971353611111,3.441,0.754977918333333,3.411,0.763258913888889,3.411
0.755249498333333,3.431,0.755255513055556,3.411,0.763537030277778,3.411
0.755527372777778,3.441,0.755533334166667,3.411,0.763814666666667,3.411
0.755805242222222,3.431,0.755811265555556,3.411,0.764092996388889,3.411
0.756083113611111,3.431,0.756089179166667,3.411,0.764371095833333,3.411
0.756361206388889,3.441,0.756367014444444,3.411,0.764648823611111,3.411
0.756639267222222,3.441,0.756644926388889,3.411,0.76492648,3.411
0.756916996666667,3.431,0.756922601944444,3.411,0.765204267777778,3.411
0.757194720833333,3.441,0.757200451666667,3.411,0.765481988611111,3.421
0.757472444444444,3.431,0.757478579166667,3.411,0.765760346666667,3.421
0.757750346944444,3.441,0.757756236111111,3.411,0.766038398611111,3.411
0.758028399166667,3.431,0.758034068611111,3.411,0.766315867222222,3.411
0.758306506944444,3.431,0.758312025,3.411,0.766593986666667,3.411
0.758584320277778,3.431,0.758589836111111,3.411,0.766871861666667,3.421
0.758861889722222,3.431,0.758867743055555,3.411,0.76714987,3.411
0.759139663888889,3.431,0.759145507222222,3.411,0.767427435,3.411
0.759417660833333,3.431,0.759423560555556,3.411,0.767705501111111,3.411
0.759695238055556,3.431,0.759701232777778,3.411,0.767983089166667,3.411
0.759973074444445,3.431,0.759979426388889,3.411,0.768260905833333,3.411
0.7602509375,3.431,0.760257296111111,3.411,0.768538752777778,3.421
0.760528839166667,3.441,0.760535287222222,3.411,0.768816568055556,3.411
0.760806433888889,3.431,0.76081333,3.411,0.769094505,3.411
0.761084403055556,3.431,0.761091561111111,3.411,0.7693727625,3.411
0.761362613055556,3.431,0.761369503333333,3.411,0.769650773888889,3.411
0.761640222222222,3.431,0.761647260555556,3.411,0.769928543055556,3.411
0.761918260833333,3.431,0.761925069444444,3.411,0.770206324444444,3.421
0.762196198055555,3.441,0.762203096111111,3.411,0.770483814166667,3.411
0.762474195833333,3.441,0.762481108888889,3.411,0.770761873333333,3.411
0.762751904722222,3.431,0.762758661944445,3.411,0.771039702777778,3.411
0.763029660277778,3.441,0.763036481666667,3.411,0.771317525555556,3.411
0.763307941944444,3.431,0.763314243055556,3.411,0.771595665277778,3.411
0.763585708611111,3.441,0.763591999444445,3.411,0.771873374166667,3.411
0.763863501111111,3.441,0.763869782777778,3.411,0.7721514225,3.411
0.764141053888889,3.441,0.764147534444444,3.411,0.772429118055556,3.411
0.764418966111111,3.441,0.764425409444444,3.411,0.772706818611111,3.411
0.764696924722222,3.431,0.764703235555556,3.411,0.772984788055556,3.421
0.764974860277778,3.431,0.764981324444444,3.411,0.773262503888889,3.411
0.765252495555556,3.441,0.765258705833333,3.411,0.773540881388889,3.411
0.765530165555556,3.431,0.765537170833333,3.411,0.7738186025,3.411
0.765808241666667,3.431,0.765814640277778,3.411,0.77409666,3.411
0.766085899722222,3.431,0.766092594444444,3.411,0.774374199444444,3.411
0.766363626111111,3.441,0.766370234722222,3.411,0.774652187777778,3.411
0.766641525833333,3.441,0.766648057222222,3.411,0.774929643611111,3.411
0.766919365,3.431,0.766926098888889,3.411,0.775208036666667,3.411
0.767197350833333,3.441,0.767203933888889,3.411,0.775485948888889,3.411
0.7674755425,3.441,0.767482264166667,3.411,0.775763257222222,3.411
0.767753461666667,3.441,0.767760301666667,3.411,0.776041487777778,3.421
0.768031040277778,3.431,0.768038073055555,3.411,0.7763189325,3.411
0.768308889722222,3.441,0.768315995833333,3.411,0.776596850555555,3.411
0.768586984166667,3.431,0.768593729444444,3.411,0.776874755833333,3.411
0.768864836944445,3.441,0.768871820277778,3.411,0.777152628333333,3.411
0.769142483611111,3.441,0.769149483611111,3.411,0.777430603333333,3.411
0.769420200833333,3.441,0.769427485833333,3.411,0.777708235,3.411
0.769698087777778,3.441,0.769705330555556,3.411,0.777986145833333,3.411
0.769975969444444,3.441,0.769983133333333,3.411,0.778264002777778,3.411
0.770254082777778,3.431,0.7702606975,3.411,0.778541872777778,3.411
0.770531993611111,3.441,0.77053839,3.411,0.778819327222222,3.411
0.770809685,3.431,0.7708164125,3.411,0.779097186944445,3.411
0.771087461944444,3.441,0.7710942475,3.411,0.779375076111111,3.411
0.771365270833333,3.431,0.771372457777778,3.411,0.779653161944444,3.411
0.771643023055556,3.441,0.771650782777778,3.411,0.779930758611111,3.411
0.771920846111111,3.441,0.771928345555556,3.411,0.780209178055556,3.411
0.772199036111111,3.431,0.772206534722222,3.411,0.780486633333333,3.411
0.772476625,3.441,0.772484633333333,3.411,0.780764653333333,3.411
0.772754926944444,3.441,0.772762399166667,3.411,0.7810426825,3.411
0.773032465833333,3.431,0.773039724166667,3.411,0.781320598888889,3.411
0.773310026111111,3.441,0.773317865,3.411,0.781598373333333,3.411
0.773588201388889,3.441,0.773595903611111,3.411,0.781876115833333,3.411
0.773865800833333,3.441,0.773873675833333,3.411,0.782153987222222,3.411
0.774143695,3.441,0.774151576666667,3.411,0.782431682222222,3.411
0.774421250555556,3.441,0.774429360277778,3.411,0.782709668333333,3.411
0.774699404722222,3.441,0.774706961944444,3.411,0.782987597777778,3.411
0.774977403611111,3.441,0.774984563888889,3.411,0.78326506,3.411
0.775255450277778,3.441,0.775262584722222,3.411,0.783543046388889,3.411
0.775532794444444,3.441,0.775540478333333,3.411,0.783820639722222,3.411
0.7758108575,3.431,0.775818470555556,3.411,0.784098678611111,3.411
0.7760887125,3.441,0.776096375,3.411,0.7843761375,3.411
0.776366312777778,3.441,0.776374431944444,3.411,0.784654116111111,3.411
0.776644228055556,3.441,0.77665208,3.421,0.784932298055556,3.411
0.776922298333333,3.441,0.776929805833333,3.411,0.785209659444444,3.421
0.777199691111111,3.441,0.777207968333333,3.411,0.785487877222222,3.421
0.777477880277778,3.441,0.777485703888889,3.411,0.785765800833333,3.411
0.777755585555555,3.441,0.777763392777778,3.411,0.786043649722222,3.411
0.778033645,3.441,0.778041630555556,3.411,0.786321390833333,3.411
0.7783114625,3.441,0.778319428888889,3.411,0.786599235555556,3.421
0.778589293888889,3.441,0.778597121111111,3.411,0.786876887777778,3.421
0.778866985555556,3.441,0.778874929444444,3.411,0.787154649722222,3.411
0.779144996111111,3.441,0.779152557777778,3.411,0.787432656944444,3.411
0.779422836944444,3.441,0.779430999166667,3.411,0.787710865555556,3.421
0.779700695,3.441,0.779709146666667,3.411,0.787988491666667,3.421
0.7799782925,3.441,0.779986872777778,3.411,0.788266640277778,3.421
0.780256090555556,3.441,0.780264961388889,3.411,0.788544395833333,3.411
0.780534158055556,3.441,0.780542841388889,3.411,0.788822160277778,3.411
0.780811962777778,3.441,0.780820576388889,3.411,0.789100026666667,3.421
0.781089803888889,3.441,0.7810982625,3.411,0.789378088055556,3.421
0.781367613611111,3.441,0.781376070833333,3.411,0.789655691388889,3.421
0.781645747777778,3.441,0.781653903055556,3.411,0.789933905555556,3.411
0.781923438888889,3.441,0.781932095,3.411,0.790211558055556,3.421
0.782201195833333,3.441,0.782209731388889,3.411,0.790489548333333,3.421
0.782478974166667,3.441,0.782487718611111,3.411,0.790767620277778,3.411
0.782756820555556,3.441,0.782765783888889,3.411,0.791044949166667,3.421
0.783034451944444,3.441,0.783043542222222,3.411,0.791322704444444,3.411
0.783312424166667,3.441,0.783321602222222,3.411,0.79160113,3.411
0.783589836111111,3.441,0.783599182777778,3.411,0.791878817222222,3.411
0.783867713055556,3.441,0.783876669166667,3.411,0.792156755555556,3.411
0.784145634166667,3.441,0.7841547425,3.411,0.792434744166667,3.421
0.784423279722222,3.441,0.784432229166667,3.411,0.792712465833333,3.411
0.784701404166667,3.441,0.784710640277778,3.411,0.792990382777778,3.421
0.784979149166667,3.441,0.784988392777778,3.411,0.793268158333333,3.411
0.785257194166667,3.441,0.785266447222222,3.411,0.793545806388889,3.421
0.785534951944444,3.441,0.785544323888889,3.411,0.793823462777778,3.421
0.785813055,3.441,0.785822030277778,3.411,0.794101296666667,3.411
0.786091264444444,3.441,0.786099753055556,3.411,0.794379263611111,3.411
0.786369021111111,3.441,0.786377783333333,3.411,0.794657143055556,3.411
0.786646663888889,3.441,0.786655647222222,3.411,0.794935165277778,3.421
0.786924829166667,3.441,0.786933332777778,3.411,0.795213284166667,3.411
0.787202405277778,3.441,0.787210932777778,3.411,0.795491108333333,3.411
0.787479963333333,3.441,0.787489075277778,3.411,0.795768949722222,3.421
0.787758199444444,3.441,0.787767071111111,3.411,0.796046449444444,3.421
0.788035959444444,3.441,0.788044805555556,3.411,0.796324537777778,3.411
0.788313290833333,3.441,0.788323021666667,3.411,0.7966026775,3.421
0.788591796944444,3.441,0.788600678055556,3.411,0.796880461944445,3.411
0.788869446944444,3.441,0.788878355277778,3.411,0.797158318888889,3.411
0.789147364166667,3.441,0.789156112777778,3.411,0.797436655555556,3.421
0.789424972222222,3.441,0.789434350555556,3.411,0.797714278611111,3.421
0.789703088611111,3.441,0.789712039166667,3.411,0.797992262222222,3.421
0.789981034166667,3.441,0.789990143333333,3.411,0.798270062222222,3.421
0.790259261944445,3.441,0.790267854444444,3.411,0.798547473055556,3.411
0.790537056944445,3.441,0.790545799444444,3.411,0.798825419444444,3.411
0.790814515,3.441,0.790823399444444,3.411,0.799103289444444,3.421
0.791092681111111,3.441,0.791101548055556,3.411,0.799381611111111,3.411
0.791370434166667,3.441,0.791379383888889,3.411,0.799659559722222,3.421
0.791648364166667,3.441,0.791657265,3.411,0.799937614166667,3.411
0.791926416111111,3.441,0.791935088333333,3.411,0.800215283888889,3.411
0.792204171666667,3.441,0.792212991944444,3.411,0.800493451944444,3.421
0.792482188055555,3.441,0.792490766944445,3.411,0.800771022222222,3.421
0.792759948055556,3.441,0.792768079444444,3.411,0.801049253333333,3.421
0.793038072777778,3.441,0.793046287777778,3.411,0.8013270025,3.411
0.793316014444444,3.441,0.793323925277778,3.411,0.801604930555556,3.411
0.793593404722222,3.441,0.7936021675,3.411,0.801883143888889,3.411
0.793871651666667,3.441,0.793880233055556,3.411,0.802161001944444,3.411
0.794149417777778,3.441,0.794157893611111,3.411,0.802439048055556,3.411
0.794427425555556,3.441,0.794435577777778,3.411,0.802717194722222,3.421
0.794705132222222,3.441,0.794713703888889,3.411,0.802995051388889,3.421
0.7949829875,3.441,0.794991625833333,3.411,0.803272726388889,3.411
0.795260336388889,3.441,0.795269625555556,3.411,0.803550483611111,3.411
0.795538504722222,3.441,0.795547233333333,3.411,0.803829006944444,3.411
0.795816211944445,3.441,0.795825028333333,3.411,0.804106673888889,3.411
0.796094392222222,3.441,0.796103246388889,3.411,0.804384758333333,3.411
0.796372388611111,3.441,0.796381335,3.411,0.804662625277778,3.411
0.796649913611111,3.441,0.796659145555556,3.411,0.804940270277778,3.421
0.796927758333333,3.441,0.796937024166667,3.411,0.805218383888889,3.421
0.797205484166667,3.441,0.797214927222222,3.411,0.805495899166667,3.411
0.797483327222222,3.441,0.797492820555556,3.411,0.805774088333333,3.411
0.797761076111111,3.441,0.797770572222222,3.411,0.806051838055556,3.421
0.798038918611111,3.441,0.7980482225,3.411,0.806330145,3.421
0.798316772222222,3.441,0.798326463611111,3.411,0.806607914722222,3.411
0.798594763888889,3.441,0.798604528333333,3.411,0.806885655277778,3.421
0.798872745,3.441,0.798882364166667,3.411,0.807163525555556,3.421
0.799150676388889,3.441,0.799160053611111,3.411,0.807441710277778,3.421
0.799428274444444,3.441,0.799438158055556,3.411,0.807719595,3.411
0.7997061975,3.441,0.799715861111111,3.411,0.807997482777778,3.421
0.799983550277778,3.441,0.799994056388889,3.411,0.808275502222222,3.421
0.800261698611111,3.441,0.800271740277778,3.411,0.808553608333333,3.421
0.800539453888889,3.441,0.800549695555556,3.411,0.808831664444444,3.421
0.800817629722222,3.441,0.800827672777778,3.411,0.809109681666667,3.421
0.801095192777778,3.441,0.801105416666667,3.411,0.8093876575,3.421
0.801373009166667,3.441,0.801383031388889,3.411,0.809665561388889,3.411
0.801650843055555,3.441,0.801661382777778,3.411,0.809943313333333,3.421
0.801928757777778,3.441,0.8019391425,3.411,0.81022147,3.421
0.802206890555555,3.441,0.802216938333333,3.411,0.810499446666667,3.421
0.802484641666667,3.441,0.8024949675,3.411,0.810777249444445,3.421
0.802762558888889,3.441,0.802772642777778,3.411,0.811055153888889,3.421
0.803040192222222,3.441,0.803050588333333,3.411,0.8113330675,3.421
0.80331816,3.441,0.803328076388889,3.411,0.811610411944444,3.421
0.803595877222222,3.441,0.803606314166667,3.411,0.811888480833333,3.421
0.803873532777778,3.441,0.803884025555556,3.411,0.812166478055556,3.411
0.804151315277778,3.441,0.804161700833333,3.411,0.812444053888889,3.421
0.804429051111111,3.451,0.804439822222222,3.411,0.812722379722222,3.421
0.804707096944444,3.441,0.804717861944445,3.411,0.813000341666667,3.421
0.804985208611111,3.441,0.804995776111111,3.411,0.813278058333333,3.411
0.805262872222222,3.441,0.805273500277778,3.411,0.813556055555556,3.421
0.805540750277778,3.441,0.805551103888889,3.411,0.813833930555556,3.421
0.805818601944444,3.441,0.80582896,3.411,0.814111617777778,3.421
0.806096285555556,3.441,0.8061069225,3.411,0.814389387222222,3.421
0.806374338333333,3.441,0.806384546944444,3.411,0.814667828333333,3.411
0.806652025833333,3.441,0.806662441666667,3.421,0.814945684166667,3.421
0.806929491944444,3.441,0.8069401,3.411,0.815223471666667,3.421
0.807207176111111,3.441,0.807218239166667,3.421,0.815501510277778,3.421
0.807485575,3.441,0.807496037222222,3.411,0.815779470833333,3.421
0.807763446388889,3.441,0.807773682777778,3.411,0.816057086111111,3.411
0.808041681666667,3.451,0.808051398888889,3.411,0.816334786111111,3.411
0.808319550833333,3.441,0.808329153333333,3.421,0.816613045833333,3.421
0.808597534444444,3.441,0.808607067222222,3.421,0.816890426944444,3.421
0.808875541944444,3.451,0.808884762222222,3.411,0.817168559722222,3.421
0.809153558888889,3.441,0.809162668888889,3.411,0.817446727222222,3.421
0.809431765,3.441,0.809440301111111,3.411,0.817724098888889,3.421
0.809709377222222,3.441,0.809718306944444,3.421,0.818002382777778,3.421
0.809987268888889,3.441,0.809996123888889,3.411,0.81827999,3.421
0.810265491666667,3.441,0.810273806944445,3.411,0.818558140555556,3.421
0.810543303611111,3.441,0.810551559444444,3.421,0.818836029444444,3.421
0.810821176111111,3.441,0.81082951,3.411,0.819113656111111,3.421
0.8110993,3.441,0.811107401944445,3.411,0.819391810833333,3.421
0.811377331111111,3.441,0.811385147222222,3.411,0.819669804166667,3.421
0.811655124166667,3.441,0.81166277,3.411,0.8199473925,3.421
0.811933073055556,3.441,0.811940756388889,3.411,0.820225073888889,3.421
0.812210736944444,3.451,0.812218858055556,3.411,0.820502942777778,3.421
0.812488756388889,3.441,0.812496549722222,3.411,0.820780957222222,3.421
0.812766413333333,3.441,0.812774345277778,3.411,0.821058608333333,3.421
0.813044448055556,3.451,0.8130520175,3.411,0.821336066666667,3.421
0.813322583055556,3.451,0.813329812777778,3.411,0.821614202777778,3.421
0.813600559444445,3.441,0.813607929166667,3.411,0.8218923325,3.421
0.813878804166667,3.451,0.813885735833333,3.411,0.822169979444444,3.411
0.814156423611111,3.441,0.814163583888889,3.411,0.822447708055556,3.421
0.814434355555556,3.441,0.814441428055556,3.411,0.8227254275,3.421
0.814711894722222,3.441,0.814719556388889,3.421,0.823003441388889,3.421
0.814989953055556,3.441,0.814997571944444,3.411,0.823281152777778,3.421
0.8152674425,3.441,0.815275330555556,3.421,0.823558990833333,3.421
0.815545536666667,3.441,0.815553567222222,3.411,0.823836753611111,3.421
0.815823276388889,3.441,0.815831113888889,3.411,0.824114497777778,3.411
0.816101502222222,3.451,0.816109241111111,3.411,0.824392430555556,3.421
0.816379274444444,3.441,0.816386878611111,3.411,0.82467027,3.421
0.816657323611111,3.441,0.816664842222222,3.411,0.824947830833333,3.421
0.816935466944445,3.441,0.816942934166667,3.421,0.825225445,3.421
0.817213080833333,3.451,0.817220595833333,3.411,0.825503276388889,3.421
0.817491216944444,3.451,0.817498893888889,3.411,0.825781727222222,3.421
0.8177690425,3.451,0.8177765625,3.411,0.826059279444444,3.421
0.818046803055556,3.451,0.818054276111111,3.411,0.826337021388889,3.421
0.818324592777778,3.451,0.818332088333333,3.411,0.826614965833333,3.421
0.818602208888889,3.451,0.818609928888889,3.411,0.826892673611111,3.421
0.818880126944444,3.441,0.818887256111111,3.411,0.827170575555556,3.421
0.819157912222222,3.451,0.819165637222222,3.421,0.827448414444445,3.421
0.819435598611111,3.451,0.819443776944444,3.421,0.827726285,3.421
0.819713158333333,3.451,0.819721573055556,3.411,0.828003844166667,3.421
0.819991421666667,3.451,0.819999128333333,3.421,0.828281522222222,3.421
0.820269228333333,3.441,0.820277203055556,3.421,0.828559456666667,3.421
0.820546880277778,3.441,0.820554924722222,3.421,0.828837578333333,3.421
0.8208249025,3.451,0.820832579444444,3.411,0.829115126111111,3.421
0.821102303055556,3.441,0.821110670833333,3.411,0.829393286666667,3.421
0.821380352222222,3.451,0.8213888825,3.411,0.829670904166667,3.421
0.821658139444444,3.451,0.821666480833333,3.411,0.829948760833333,3.421
0.821936244166667,3.451,0.821944255,3.411,0.830226460277778,3.421
0.822214081944444,3.441,0.822222016388889,3.421,0.830504373333333,3.421
0.822492000555556,3.451,0.822500231944444,3.411,0.830782175555555,3.421
0.822769386111111,3.451,0.822778351111111,3.411,0.8310601025,3.421
0.823047779166667,3.441,0.823056142222222,3.411,0.831337729722222,3.421
0.823325454166667,3.441,0.823333661666667,3.411,0.831615911388889,3.421
0.823603625,3.441,0.8236120825,3.411,0.8318932775,3.421
0.823881799444445,3.441,0.823889829166667,3.411,0.832171393888889,3.421
0.824159649444444,3.451,0.824167925833333,3.411,0.832449573611111,3.421
0.824437489444444,3.441,0.824446072777778,3.411,0.832727783055556,3.421
0.824715238888889,3.451,0.824723861944444,3.411,0.833005476944444,3.421
0.824993646111111,3.451,0.825001829444444,3.411,0.833283378333333,3.421
0.825271405277778,3.451,0.825279684444444,3.411,0.833560875833333,3.421
0.825549394722222,3.441,0.8255574625,3.411,0.833838510555556,3.421
0.8258271925,3.451,0.825835345555555,3.411,0.834116725277778,3.421
0.826104918611111,3.441,0.826112784444444,3.411,0.834394576111111,3.421
0.826382884444444,3.441,0.826390648888889,3.411,0.834672395277778,3.421
0.826661208888889,3.451,0.826668671111111,3.421,0.834950638888889,3.421
0.826938396111111,3.451,0.826946579444444,3.421,0.835227969444444,3.421
0.827216480833333,3.451,0.827224306944444,3.411,0.835506174444444,3.421
0.827493899722222,3.451,0.827502221388889,3.421,0.835784078333333,3.421
0.827771801111111,3.451,0.827779741944444,3.421,0.8360619025,3.421
0.828049774166667,3.441,0.828057682777778,3.411,0.836339663611111,3.421
0.828327942222222,3.441,0.828335252777778,3.421,0.836617658888889,3.421
0.828605744722222,3.451,0.828613108888889,3.421,0.836895494722222,3.421
0.828883386666667,3.451,0.828890735,3.421,0.837173547777778,3.421
0.829161496666667,3.451,0.829168758333333,3.421,0.837451696666667,3.421
0.829439302777778,3.451,0.829446490277778,3.421,0.837729478888889,3.421
0.829716678055555,3.451,0.829723942222222,3.421,0.838007621944444,3.421
0.829994954444444,3.451,0.830001892777778,3.421,0.838285372777778,3.421
0.830272935,3.441,0.830279985833333,3.421,0.838563168888889,3.421
0.830550491666667,3.451,0.830557625833333,3.411,0.838841221111111,3.421
0.8308286775,3.451,0.830835573888889,3.421,0.839118993333333,3.421
0.831106832777778,3.451,0.831113651944445,3.411,0.839396623611111,3.421
0.831384894722222,3.451,0.831391536666667,3.421,0.839674331388889,3.421
0.831662453888889,3.451,0.831669576944444,3.411,0.839952358333333,3.421
0.831940788333333,3.451,0.831947413333333,3.411,0.840230179166667,3.421
0.832218799444444,3.451,0.832225131388889,3.421,0.840508156944444,3.421
0.832496613611111,3.451,0.832503031944444,3.411,0.840785955277778,3.421
0.832774903333333,3.441,0.832780656388889,3.411,0.841063872777778,3.421
0.8330532175,3.451,0.833058306111111,3.421,0.841341943055556,3.421
0.833330879444444,3.451,0.833336151388889,3.421,0.841619675,3.421
0.833608549166667,3.451,0.833613980555556,3.411,0.841897341666667,3.421
0.833886363333333,3.451,0.833891566666667,3.411,0.842175283333333,3.421
0.834164332777778,3.451,0.834169534722222,3.421,0.842452978055556,3.421
0.834442308888889,3.451,0.834447451666667,3.421,0.842731158888889,3.421
0.834720399166667,3.451,0.834725094166667,3.421,0.843008519444444,3.421
0.834998239444444,3.451,0.835002921111111,3.421,0.843286756666667,3.421
0.835275846944444,3.451,0.835280921666667,3.421,0.843564643611111,3.421
0.835553626666667,3.451,0.835558668611111,3.411,0.843842865555556,3.421
0.835831671111111,3.451,0.835836950833333,3.421,0.844120810833333,3.421
0.836109413055556,3.451,0.836114971944445,3.411,0.844398608611111,3.421
0.836387280277778,3.451,0.836393029722222,3.411,0.844676475277778,3.421
0.836665348611111,3.451,0.836671037777778,3.421,0.84495432,3.421
0.836943322222222,3.441,0.836948492777778,3.421,0.845232160833333,3.421
0.837220803333333,3.451,0.837226178611111,3.421,0.845510008055556,3.421
0.837498968055556,3.451,0.837504356111111,3.421,0.845787708333333,3.421
0.837776808055556,3.451,0.837782084166667,3.421,0.846065440555556,3.421
0.838054323611111,3.451,0.838059941111111,3.421,0.846343259444444,3.421
0.838332356111111,3.451,0.838337693888889,3.421,0.846621106666667,3.421
0.838610114722222,3.451,0.838615631388889,3.421,0.846898913333333,3.421
0.838887956944445,3.451,0.838893196388889,3.421,0.847176719444444,3.421
0.839165277222222,3.441,0.839171268055556,3.421,0.847454328333333,3.421
0.839443594444444,3.451,0.839448667777778,3.421,0.847732722222222,3.421
0.839721307777778,3.451,0.839727192222222,3.421,0.84801039,3.421
0.839999007777778,3.451,0.840004790555556,3.411,0.848288435555556,3.421
0.840277034444444,3.451,0.840282768611111,3.421,0.848566015,3.421
0.840554758611111,3.451,0.8405605475,3.421,0.848844109166667,3.421
0.840832911111111,3.451,0.840838599722222,3.421,0.849121998055556,3.421
0.841110908055556,3.451,0.841116650277778,3.421,0.849399711944445,3.421
0.841388700277778,3.451,0.841394724444445,3.421,0.849677418888889,3.421
0.841666901388889,3.451,0.841672719722222,3.421,0.8499554725,3.421
0.8419447725,3.451,0.8419503925,3.421,0.850232958611111,3.421
0.842222806944444,3.451,0.842228133333333,3.421,0.850510712222222,3.421
0.842500339444444,3.451,0.842505908611111,3.421,0.850788915833333,3.421
0.842778513611111,3.451,0.842784268888889,3.421,0.851066761666667,3.421
0.843056238055556,3.451,0.843061989166667,3.421,0.85134444,3.421
0.843333841944444,3.451,0.843339491944444,3.421,0.851622279166667,3.421
0.843611673888889,3.451,0.843617964722222,3.421,0.851899861666667,3.421
0.843889345833333,3.451,0.843895933333333,3.421,0.852177856944444,3.421
0.844167173055556,3.451,0.844173373888889,3.421,0.852455958333333,3.421
0.844445399444445,3.451,0.844451127222222,3.421,0.852733993888889,3.421
0.844723267222222,3.451,0.844729708055556,3.421,0.853011600555556,3.421
0.845001142777778,3.451,0.845007727222222,3.411,0.853289048611111,3.421
0.845278733888889,3.451,0.845285258055556,3.421,0.853567268055556,3.421
0.845556884166667,3.451,0.845562893055556,3.421,0.853844786111111,3.421
0.845834836388889,3.451,0.845841077222222,3.421,0.854122843333333,3.421
0.8461127275,3.451,0.846118896111111,3.421,0.854400811666667,3.421
0.846390605833333,3.451,0.846396718055556,3.421,0.854678387777778,3.421
0.846668413333333,3.451,0.846674957222222,3.421,0.854956324166667,3.421
0.846946122777778,3.451,0.84695276,3.421,0.855234184722222,3.421
0.847224073888889,3.451,0.847230756388889,3.421,0.8555118825,3.421
0.847501677222222,3.451,0.847508566944444,3.421,0.8557896625,3.421
0.847779731388889,3.451,0.847786151666667,3.421,0.856067425833333,3.421
0.848057469444444,3.451,0.848064015555556,3.421,0.856344962777778,3.421
0.84833541,3.451,0.848341845833333,3.421,0.856622720555556,3.421
0.848613008888889,3.451,0.848619737222222,3.421,0.856900475,3.421
0.848890986388889,3.451,0.848897573888889,3.421,0.857178242777778,3.421
0.8491687575,3.451,0.849175486388889,3.421,0.857456073888889,3.421
0.8494466325,3.451,0.849452870555556,3.421,0.857734439166667,3.421
0.849724815277778,3.451,0.849730981666667,3.421,0.858012325277778,3.421
0.850002570277778,3.451,0.850008808888889,3.421,0.85829026,3.421
0.850280361666667,3.451,0.850286565555556,3.411,0.858567701666667,3.421
0.850558419166667,3.451,0.850564299722222,3.421,0.858845760277778,3.421
0.850836277222222,3.451,0.850842047222222,3.421,0.859123906666667,3.421
0.851113893611111,3.451,0.851119780277778,3.421,0.859401416944444,3.421
0.851391611388889,3.451,0.851397574166667,3.421,0.859679063611111,3.421
0.851669753888889,3.451,0.851675459444444,3.421,0.859957333888889,3.421
0.851947231388889,3.451,0.851953736111111,3.411,0.860235052777778,3.421
0.852225368055555,3.451,0.852231609444444,3.421,0.860513444722222,3.421
0.852503030555556,3.451,0.852509539722222,3.421,0.860790714444444,3.421
0.852780795833333,3.451,0.852787690555556,3.421,0.861068824444444,3.421
0.853058862777778,3.451,0.8530655,3.421,0.861346725277778,3.421
0.853336715833333,3.451,0.853343223611111,3.421,0.861624196666667,3.421
0.853614209722222,3.451,0.853620903055555,3.421,0.861902065,3.421
0.853891906666667,3.451,0.853899013333333,3.421,0.8621799325,3.421
0.854170071666667,3.451,0.854177097222222,3.421,0.862457651944444,3.421
0.854447981388889,3.451,0.854455225555556,3.421,0.862735494722222,3.421
0.854725563055556,3.451,0.854733295833333,3.421,0.863013781666667,3.421
0.855003781111111,3.451,0.855011283055556,3.421,0.863291444444445,3.421
0.8552815775,3.451,0.855289275555556,3.421,0.863569178055556,3.421
0.855559403888889,3.451,0.855566695555556,3.421,0.863847310277778,3.421
0.855836918888889,3.451,0.855844751666667,3.421,0.8641251725,3.421
0.856115156944444,3.451,0.856122731111111,3.421,0.864402672222222,3.421
0.8563928525,3.451,0.856400735277778,3.421,0.864680784722222,3.421
0.856671039444444,3.451,0.856678558055556,3.421,0.864958953333333,3.421
0.8569488225,3.451,0.856956561388889,3.421,0.865236680833333,3.421
0.857226521666667,3.451,0.857234285277778,3.421,0.865514368055556,3.421
0.8575045975,3.451,0.857512029166667,3.421,0.865792571388889,3.421
0.857782729444444,3.451,0.857789804722222,3.421,0.866070659166667,3.421
0.858060229444444,3.451,0.858068126111111,3.421,0.866348330833333,3.421
0.858338148333333,3.451,0.858346168888889,3.421,0.866626007222222,3.421
0.858616158888889,3.451,0.858624253611111,3.421,0.866904179166667,3.421
0.858893961388889,3.451,0.858902105555556,3.421,0.867181824722222,3.421
0.859171815277778,3.451,0.859180203611111,3.421,0.867459586666667,3.421
0.859449921111111,3.451,0.859458245555556,3.421,0.867737488888889,3.421
0.859727979722222,3.451,0.859735990555556,3.421,0.868015464722222,3.421
0.860005538611111,3.451,0.860013678333333,3.421,0.868293207777778,3.421
0.860283072222222,3.451,0.860291535277778,3.421,0.868570907222222,3.421
0.860560860277778,3.451,0.860569401111111,3.421,0.868848493333333,3.421
0.860838777777778,3.451,0.860847031944444,3.421,0.869126439722222,3.421
0.861117036666667,3.451,0.861124635277778,3.421,0.869404573888889,3.421
0.86139479,3.451,0.861402381111111,3.421,0.869682541666667,3.421
0.861672707222222,3.451,0.861680089444445,3.421,0.869960216388889,3.421
0.861950753888889,3.451,0.861957970555556,3.421,0.870237960555556,3.421
0.862228301666667,3.451,0.862236001666667,3.421,0.870516404722222,3.421
0.862506343055556,3.451,0.862513534444444,3.421,0.870794264722222,3.421
0.862784400277778,3.451,0.862791160833333,3.421,0.871071607777778,3.421
0.863062383055555,3.451,0.8630689375,3.421,0.871349582777778,3.421
0.863340254444444,3.451,0.863346959444445,3.421,0.871627613055556,3.421
0.863618064444444,3.451,0.863625032777778,3.421,0.87190536,3.421
0.863896147222222,3.451,0.863902557222222,3.421,0.872182906944444,3.421
0.864174081388889,3.451,0.864181016944444,3.421,0.872460755833333,3.421
0.8644519925,3.451,0.864458633888889,3.421,0.872738484722222,3.421
0.864729719166667,3.451,0.864736181944444,3.421,0.873016491944444,3.421
0.865007612777778,3.451,0.865014280833333,3.421,0.873294356111111,3.421
0.8652853775,3.451,0.865292164444444,3.421,0.8735723475,3.421
0.865562879444444,3.451,0.865569963333333,3.421,0.873850162222222,3.421
0.865840513333333,3.451,0.865847926666667,3.421,0.874127922222222,3.421
0.866118788055556,3.451,0.866125881666667,3.421,0.874406025277778,3.421
0.866396273888889,3.451,0.866403588611111,3.421,0.874683803055556,3.421
0.866674149166667,3.451,0.866681280833333,3.421,0.874962043055556,3.421
0.866952033888889,3.451,0.866959445833333,3.421,0.875239603888889,3.421
0.867230386388889,3.451,0.867237491944444,3.421,0.875517861666667,3.421
0.867508253611111,3.451,0.867515351111111,3.421,0.875795723333333,3.421
0.867786178888889,3.451,0.867793219722222,3.421,0.876073216111111,3.421
0.868063833055556,3.451,0.868071233611111,3.421,0.876351031666667,3.421
0.868341708055556,3.451,0.86834871,3.421,0.876629237777778,3.421
0.868619196944444,3.451,0.86862639,3.421,0.876907266111111,3.421
0.868896930555556,3.451,0.868904721388889,3.421,0.8771850325,3.421
0.869174984722222,3.451,0.869182684722222,3.421,0.8774628025,3.421
0.8694528075,3.451,0.869460163611111,3.421,0.877740135277778,3.421
0.869730991666667,3.451,0.869738358055556,3.421,0.878018202777778,3.421
0.870008694444445,3.451,0.870015988888889,3.421,0.878296278888889,3.421
0.870286585,3.451,0.870293703055556,3.421,0.8785741925,3.421
0.870564603611111,3.451,0.870571616944444,3.421,0.878851957777778,3.421
0.870842425555556,3.451,0.870849462222222,3.421,0.879129992777778,3.421
0.871119795555556,3.451,0.871127217777778,3.421,0.879407705555556,3.421
0.871397777222222,3.451,0.871405181111111,3.421,0.87968565,3.421
0.871675266666667,3.451,0.871683195555556,3.421,0.879963617222222,3.421
0.871953423888889,3.451,0.871960815277778,3.421,0.880241260555556,3.421
0.872231305277778,3.451,0.872238820833333,3.421,0.880519213611111,3.421
0.872509554444444,3.451,0.872516382777778,3.421,0.880796894444445,3.421
0.872786973055556,3.451,0.872793898055556,3.421,0.881074733333333,3.421
0.873064944722222,3.451,0.873072070555556,3.421,0.881352269722222,3.421
0.873343010555556,3.451,0.8733500075,3.421,0.881630275,3.421
0.873620909166667,3.451,0.873627868611111,3.421,0.881907634444444,3.421
0.873898824722222,3.451,0.873905589166667,3.421,0.882185963333333,3.421
0.874176400277778,3.451,0.8741836575,3.421,0.882463586111111,3.421
0.874454114166667,3.461,0.8744614775,3.421,0.882741690277778,3.421
0.874732266111111,3.451,0.874739044722222,3.421,0.883020065277778,3.421
0.875010001666667,3.451,0.875017014722222,3.421,0.883297371944444,3.421
0.875288368333333,3.451,0.875294798611111,3.411,0.883575386666667,3.421
0.875565863611111,3.451,0.875572776388889,3.421,0.883853451111111,3.421
0.8758440925,3.451,0.87585063,3.421,0.884131158333333,3.421
0.876122143888889,3.451,0.876128541666667,3.421,0.884409241666667,3.421
0.876400135277778,3.451,0.8764062675,3.421,0.884687208611111,3.421
0.876677806388889,3.451,0.876684693888889,3.421,0.884965266111111,3.421
0.876955649722222,3.451,0.876962706111111,3.421,0.885243117777778,3.421
0.8772334475,3.451,0.877240458055556,3.421,0.885521220277778,3.421
0.877511153888889,3.451,0.877517915277778,3.421,0.8857988875,3.421
0.877788925277778,3.451,0.877796085,3.421,0.886076688888889,3.421
0.878066955,3.451,0.878073835833333,3.421,0.886354309722222,3.421
0.878344925277778,3.451,0.878351395833333,3.421,0.886632443055556,3.421
0.878622689166667,3.451,0.878629471944445,3.421,0.886910254722222,3.421
0.878900805555555,3.451,0.878906954722222,3.421,0.887188118888889,3.421
0.879178559444444,3.461,0.8791850275,3.421,0.887465986111111,3.421
0.879456328611111,3.451,0.879462758611111,3.421,0.887744277222222,3.421
0.879734538611111,3.461,0.879740685277778,3.421,0.888021988888889,3.421
0.880012203333333,3.451,0.880018098611111,3.421,0.888299336666667,3.421
0.880290102777778,3.451,0.880296319166667,3.421,0.888577577222222,3.421
0.880567872222222,3.451,0.880574171944444,3.421,0.888855289444444,3.421
0.880845891666667,3.451,0.880852124166667,3.421,0.889132973888889,3.421
0.881123593055556,3.451,0.881129488888889,3.421,0.889411176111111,3.421
0.881401501388889,3.451,0.881407863333333,3.421,0.889688843611111,3.421
0.881679399722222,3.461,0.881686105833333,3.421,0.889966666944444,3.421
0.881957410833333,3.461,0.881963825833333,3.421,0.890244616666667,3.421
0.882235387222222,3.461,0.882241976111111,3.421,0.890522495555556,3.421
0.882513748055556,3.461,0.882519847222222,3.421,0.890800078888889,3.421
0.882791594722222,3.461,0.882797283611111,3.421,0.891077976388889,3.421
0.883069687222222,3.451,0.883075286944444,3.421,0.891355914722222,3.421
0.883347277222222,3.451,0.883353194444444,3.421,0.891633225277778,3.421
0.883625106944444,3.451,0.883631089722222,3.421,0.891910991666667,3.421
0.883902954444444,3.461,0.883909105277778,3.421,0.892189154444444,3.421
0.884180501666667,3.451,0.884187078333333,3.421,0.892466905833333,3.421
0.884458412777778,3.461,0.884464732777778,3.421,0.892744984166667,3.421
0.884736250833333,3.461,0.884742849166667,3.421,0.893022448611111,3.421
0.885013891944444,3.451,0.8850206975,3.421,0.893300589722222,3.421
0.885291716388889,3.451,0.885298534444445,3.421,0.893578640277778,3.421
0.885569434166667,3.461,0.885576333055555,3.421,0.893856748333333,3.421
0.885846958333333,3.451,0.885854440277778,3.421,0.894134603888889,3.421
0.886124913611111,3.451,0.886132358333333,3.421,0.894412676388889,3.421
0.886403173611111,3.451,0.886410136666667,3.421,0.894690657222222,3.421
0.886680921666667,3.461,0.886688598333333,3.421,0.894968545833333,3.421
0.886958639444444,3.461,0.886966291111111,3.421,0.895246358333333,3.421
0.887236447222222,3.461,0.887244078055555,3.421,0.895524116388889,3.421
0.887514278333333,3.461,0.887521939444444,3.421,0.895802436388889,3.421
0.887792180277778,3.461,0.887799861388889,3.421,0.896080565277778,3.421
0.888069860277778,3.451,0.8880776925,3.421,0.896358378055556,3.421
0.888347653888889,3.451,0.888355433611111,3.421,0.896636568333333,3.421
0.888625651388889,3.461,0.888633256111111,3.421,0.896914360833333,3.421
0.888903073055555,3.461,0.888910620277778,3.421,0.897192266666667,3.421
0.889180875277778,3.461,0.889189088333333,3.421,0.897470260555556,3.421
0.889458899444444,3.461,0.889467091111111,3.421,0.897747995,3.431
0.889736682222222,3.461,0.889744606111111,3.421,0.898025416944444,3.421
0.890014404722222,3.461,0.890022681944444,3.421,0.898303545833333,3.421
0.890292403888889,3.451,0.890300324166667,3.421,0.898581453611111,3.421
0.890569899166667,3.451,0.890578422777778,3.421,0.898859231388889,3.421
0.890847756666667,3.451,0.890856473611111,3.421,0.899137148611111,3.421
0.891125919722222,3.461,0.891134516944444,3.421,0.899415011111111,3.421
0.891403378333333,3.461,0.891412683055556,3.421,0.899692861666667,3.421
0.891681515277778,3.461,0.891690532777778,3.421,0.899970759722222,3.421
0.891959596388889,3.461,0.8919682175,3.421,0.900248665,3.421
0.8922374325,3.461,0.892246298055555,3.421,0.900526340555556,3.421
0.892515370833333,3.461,0.892524021666667,3.421,0.900804545277778,3.421
0.892793453055556,3.461,0.892801928333333,3.421,0.901082618611111,3.421
0.893071505277778,3.461,0.893079547777778,3.421,0.901360613333333,3.421
0.893349561666667,3.461,0.893357593333333,3.421,0.901638197777778,3.421
0.893627332222222,3.461,0.893635533333333,3.421,0.901916053055556,3.421
0.893904877222222,3.461,0.893913166944445,3.421,0.902193638611111,3.421
0.894182929444445,3.461,0.894191242777778,3.421,0.902471904166667,3.421
0.894460521944444,3.461,0.894469428055556,3.421,0.902750108333333,3.421
0.8947384625,3.451,0.894747196388889,3.421,0.903027564166667,3.421
0.895016546111111,3.461,0.895024988333333,3.421,0.903305420833333,3.421
0.895294255555556,3.461,0.895302590833333,3.421,0.903583281944444,3.421
0.895572514444444,3.461,0.895580325,3.421,0.903861384722222,3.421
0.895850685,3.461,0.895858469722222,3.421,0.904139128333333,3.421
0.896128995,3.461,0.896136360277778,3.421,0.904416980277778,3.421
0.896406521111111,3.461,0.896414103055556,3.421,0.904694678888889,3.421
0.896684483333333,3.461,0.896692021944445,3.421,0.904972495555555,3.421
0.896962386111111,3.461,0.896969915555555,3.421,0.905250550277778,3.421
0.897240355277778,3.461,0.897247595833333,3.421,0.905528545833333,3.421
0.897518059444444,3.461,0.8975257375,3.421,0.905806370555556,3.421
0.89779551,3.461,0.897803404722222,3.421,0.906084731666667,3.421
0.898073378055556,3.461,0.898081291666667,3.421,0.906362196111111,3.421
0.898351455277778,3.461,0.898358895833333,3.421,0.906640346666667,3.421
0.898629236388889,3.461,0.898636959166667,3.421,0.906918142777778,3.421
0.898907164444444,3.461,0.898914757222222,3.421,0.907195811111111,3.431
0.899185155833333,3.461,0.899192858611111,3.421,0.907473230277778,3.421
0.899462946944444,3.461,0.899470908333333,3.421,0.907751722777778,3.421
0.899740443333333,3.461,0.899748915,3.421,0.9080290525,3.421
0.900018145277778,3.461,0.900026921666667,3.421,0.908307280833333,3.421
0.900296038333333,3.461,0.900305068055556,3.421,0.90858538,3.421
0.900573934722222,3.461,0.900583331111111,3.421,0.908862941111111,3.421
0.900851417222222,3.461,0.900861220555556,3.421,0.909141089166667,3.421
0.901129609722222,3.461,0.901139423611111,3.421,0.909418834722222,3.421
0.901408151944444,3.461,0.901416973333333,3.421,0.909696601111111,3.421
0.901685968333333,3.461,0.901695246388889,3.421,0.909974418333333,3.421
0.901963925277778,3.461,0.901972866666667,3.421,0.910252142222222,3.421
0.902241613888889,3.461,0.9022507325,3.421,0.9105304025,3.421
0.902519553055556,3.461,0.902528841111111,3.421,0.910808200555556,3.431
0.902797652777778,3.461,0.902806464444444,3.421,0.911085980555556,3.421
0.903075515833333,3.461,0.903084164444445,3.421,0.911363948888889,3.421
0.903353714722222,3.461,0.903362363611111,3.421,0.911641276944445,3.421
0.903631527777778,3.461,0.903640136666667,3.421,0.911919379444444,3.421
0.903909127222222,3.461,0.903918175277778,3.421,0.912197239444444,3.421
0.904187030277778,3.461,0.904195645,3.421,0.912474913611111,3.421
0.904464938888889,3.461,0.904473848888889,3.421,0.912753083333333,3.421
0.904743193611111,3.461,0.904751386111111,3.421,0.913030856388889,3.421
0.905020925555556,3.461,0.9050296025,3.421,0.913308813888889,3.421
0.905298596666667,3.461,0.905307569444444,3.421,0.913586967222222,3.421
0.905576438055556,3.461,0.905585812222222,3.421,0.913864506388889,3.431
0.905854569722222,3.461,0.905863598055555,3.421,0.914142192777778,3.431
0.906132223055556,3.461,0.906141513055555,3.421,0.914420142222222,3.421
0.906410713333333,3.461,0.906419124166667,3.421,0.914698320833333,3.421
0.906688339166667,3.461,0.906696973055556,3.421,0.914975791666667,3.421
0.906966159722222,3.461,0.906974870555556,3.421,0.915253786666667,3.421
0.907243891944444,3.461,0.907252626944444,3.421,0.915531679722222,3.421
0.907521911944444,3.461,0.907530414722222,3.421,0.915809543888889,3.431
0.907799695,3.461,0.907808101666667,3.421,0.916087665555556,3.421
0.908077429722222,3.461,0.908086304722222,3.421,0.916365644166667,3.421
0.908355288333333,3.461,0.908364234166667,3.421,0.916642984444444,3.421
0.908632806111111,3.461,0.908641731944444,3.421,0.916921104444444,3.421
0.908911065833333,3.461,0.908920201666667,3.421,0.917198887222222,3.421
0.909188907777778,3.461,0.909197969166667,3.421,0.917476526944444,3.421
0.909467131111111,3.461,0.909475680833333,3.421,0.917754368055556,3.431
0.90974512,3.461,0.909753426666667,3.421,0.918032086944444,3.421
0.910022745277778,3.461,0.910031451666667,3.421,0.918310449166667,3.421
0.910300697222222,3.461,0.910309303611111,3.421,0.918588423055556,3.431
0.910578657222222,3.461,0.910586979722222,3.421,0.918865938888889,3.421
0.910856721666667,3.461,0.910865257222222,3.421,0.919144028611111,3.421
0.911134455277778,3.461,0.911143259444444,3.421,0.919421249722222,3.431
0.911412407222222,3.461,0.9114206475,3.421,0.919699403055556,3.421
0.911689922222222,3.461,0.911698803333333,3.421,0.919977201388889,3.431
0.911967491388889,3.461,0.911976380833333,3.421,0.920255370277778,3.421
0.912245980555556,3.461,0.912254305,3.421,0.920533065555555,3.421
0.912523569444444,3.461,0.91253192,3.421,0.920810781666667,3.421
0.912801624166667,3.461,0.912809516666667,3.421,0.921088917222222,3.421
0.913079220277778,3.461,0.913087715,3.421,0.921366658055556,3.431
0.913357335833333,3.461,0.913365299166667,3.421,0.921644313611111,3.431
0.913634950833333,3.461,0.913643324444445,3.421,0.921922525555556,3.421
0.913912926388889,3.461,0.913921441111111,3.421,0.92220018,3.421
0.914190880277778,3.461,0.914199107222222,3.421,0.922477962777778,3.431
0.914468853888889,3.461,0.914476724444444,3.421,0.9227555425,3.431
0.914746708055556,3.461,0.914754669166667,3.421,0.923033678611111,3.421
0.915024641666667,3.461,0.9150328425,3.421,0.923311295,3.431
0.915302421388889,3.461,0.915310798611111,3.421,0.923589489722222,3.421
0.915580511388889,3.461,0.915588795277778,3.421,0.923867105833333,3.421
0.915858271388889,3.461,0.915866466944444,3.421,0.924145312222222,3.421
0.916136235,3.461,0.916144503333333,3.421,0.924422857222222,3.421
0.916413861388889,3.461,0.916422616388889,3.421,0.9247008225,3.421
0.916691659722222,3.461,0.916700308888889,3.421,0.924978638333333,3.431
0.916969407777778,3.461,0.916978443333333,3.421,0.925256418888889,3.431
0.917246940555556,3.461,0.917256596944444,3.421,0.925534098055556,3.421
0.917525068333333,3.461,0.917534198055556,3.421,0.9258118075,3.421
0.917803116666667,3.461,0.917812141944444,3.421,0.926090011388889,3.431
0.918080728055556,3.461,0.918090158055556,3.421,0.926368113888889,3.421
0.918359083055555,3.461,0.918368028888889,3.421,0.9266459725,3.421
0.918636582777778,3.461,0.918645848333333,3.421,0.926923762777778,3.431
0.918914493055556,3.461,0.918924057222222,3.421,0.927201816111111,3.431
0.919192415277778,3.461,0.919201858055556,3.421,0.927479822222222,3.431
0.919470054722222,3.461,0.919479618055556,3.421,0.927757866111111,3.431
0.9197481525,3.461,0.919758043055556,3.421,0.928036105833333,3.421
0.920025944444445,3.461,0.920035536388889,3.421,0.928313885,3.431
0.920303591388889,3.461,0.920313528055556,3.421,0.928591749722222,3.431
0.920581049166667,3.461,0.920591177222222,3.421,0.928869632222222,3.421
0.920859044166667,3.461,0.920869388888889,3.421,0.929147500555556,3.431
0.921137066944444,3.461,0.9211471625,3.421,0.929424957777778,3.431
0.921414811388889,3.472,0.921425146388889,3.421,0.929702758611111,3.431
0.921692510833333,3.461,0.921702919444444,3.421,0.9299806325,3.431
0.921970346944444,3.461,0.921980636111111,3.421,0.930258881388889,3.431
0.922248482222222,3.461,0.922258794722222,3.421,0.930536637222222,3.421
0.922526123888889,3.472,0.9225364475,3.421,0.930814344166667,3.431
0.922803831666667,3.461,0.922814555555556,3.421,0.931092201388889,3.421
0.923081679444445,3.461,0.923092560277778,3.421,0.931370018055556,3.431
0.923359463611111,3.461,0.923370545,3.421,0.931647616666667,3.431
0.923637162777778,3.461,0.923648456944445,3.421,0.931925408055556,3.431
0.923915311388889,3.461,0.923926360833333,3.421,0.932203477222222,3.431
0.924193201944444,3.461,0.9242040425,3.421,0.932481308055556,3.431
0.924471376388889,3.472,0.924482211666667,3.421,0.932759258333333,3.421
0.924749553055556,3.461,0.924759824444444,3.421,0.933037040277778,3.431
0.9250273375,3.461,0.925037574444444,3.421,0.93331512,3.431
0.925305384444444,3.461,0.925315788611111,3.421,0.933592686111111,3.431
0.925583133888889,3.461,0.925593522222222,3.421,0.933871066944444,3.431
0.925860961111111,3.461,0.925871582777778,3.421,0.934148850555556,3.431
0.926138925833333,3.461,0.926149203333333,3.421,0.934426939444444,3.431
0.926416522222222,3.472,0.926427221111111,3.421,0.934704680555556,3.421
0.926694363611111,3.461,0.926704725555556,3.421,0.934982783611111,3.431
0.92697258,3.461,0.926983111944444,3.421,0.935260313611111,3.431
0.927250339722222,3.461,0.927260852222222,3.421,0.935538388888889,3.431
0.927528274444444,3.461,0.927538875555556,3.421,0.935816350555556,3.431
0.927806063333333,3.461,0.927816468333333,3.421,0.936093910555556,3.431
0.928084019722222,3.461,0.928094773333333,3.421,0.936372068333333,3.431
0.928361921944444,3.461,0.9283723625,3.421,0.936649928333333,3.431
0.928639911388889,3.461,0.928649918888889,3.421,0.936927834444444,3.421
0.928917834444445,3.472,0.928927733888889,3.421,0.937205893333333,3.431
0.929195833888889,3.461,0.929205599166667,3.421,0.937483481666667,3.431
0.929474107222222,3.461,0.929483573611111,3.421,0.937761036666667,3.431
0.929751603333333,3.472,0.929761360833333,3.421,0.938039240555556,3.431
0.930029864444444,3.461,0.930038891388889,3.421,0.938317388333333,3.431
0.930307719166667,3.472,0.930316545277778,3.421,0.938595020833333,3.431
0.9305856725,3.461,0.930594714722222,3.421,0.938873016944444,3.431
0.930863806944444,3.472,0.930872905,3.421,0.939150473611111,3.431
0.931141387222222,3.472,0.931150651666667,3.421,0.939428560555556,3.431
0.931419111388889,3.472,0.931428783055556,3.421,0.939706373055556,3.431
0.931697139722222,3.472,0.931706576111111,3.421,0.939984143055556,3.431
0.931974663888889,3.472,0.931984403055556,3.421,0.940261753333333,3.431
0.932252418888889,3.472,0.932262311111111,3.421,0.940539651388889,3.431
0.9325302875,3.472,0.932540112222222,3.421,0.9408172075,3.421
0.932808271666667,3.472,0.932818052222222,3.421,0.941095188611111,3.431
0.933086429444445,3.472,0.933095725277778,3.421,0.941373667777778,3.431
0.933364230833333,3.472,0.933373827777778,3.421,0.941651532777778,3.431
0.933642319166667,3.472,0.93365199,3.421,0.941929445,3.431
0.933920159722222,3.472,0.933930106666667,3.421,0.942207217222222,3.431
0.934197900277778,3.472,0.934207843888889,3.421,0.9424846125,3.431
0.934475555833333,3.472,0.934485303055556,3.421,0.942762800833333,3.431
0.934753565833333,3.472,0.934763365,3.421,0.943040865,3.431
0.935031395277778,3.472,0.935041503888889,3.421,0.943318736666667,3.431
0.9353095075,3.472,0.935319668055556,3.421,0.943596695,3.431
0.935587715833333,3.472,0.935597311388889,3.421,0.9438745625,3.431
0.935865233611111,3.472,0.935875133888889,3.421,0.944152408888889,3.431
0.936143071944444,3.472,0.936152820555555,3.421,0.944430264166667,3.431
0.936420651388889,3.472,0.936430684444444,3.421,0.944708140833333,3.431
0.936698721666667,3.472,0.936708855,3.421,0.944985960833333,3.421
0.9369766025,3.472,0.936986276388889,3.421,0.945263869166667,3.431
0.937254645833333,3.472,0.9372641275,3.421,0.945541918055556,3.431
0.937532178055556,3.472,0.937541941944444,3.421,0.945819734166667,3.431
0.937809869444444,3.472,0.937819688333333,3.421,0.946097696944444,3.431
0.938087884444444,3.472,0.938097421666667,3.421,0.946375791111111,3.431
0.938365427777778,3.472,0.938375624722222,3.421,0.946653999166667,3.431
0.938643018055556,3.472,0.938653529444444,3.421,0.946931367777778,3.431
0.938921108055556,3.472,0.938931313333333,3.421,0.947209307222222,3.431
0.939199008611111,3.472,0.939209335,3.431,0.947487427222222,3.431
0.939476776111111,3.472,0.939486889166667,3.421,0.947765138055556,3.431
0.939754800833333,3.472,0.939764960555556,3.421,0.948042906666667,3.431
0.940032515277778,3.472,0.940042683611111,3.421,0.948321006666667,3.431
0.940310228333333,3.472,0.940320820277778,3.421,0.948598688333333,3.431
0.940588459444444,3.472,0.940598381111111,3.421,0.948876686111111,3.431
0.940866098333333,3.472,0.940876633055556,3.421,0.949155103055556,3.431
0.941144054166667,3.472,0.941154422777778,3.421,0.949432893888889,3.431
0.941422346388889,3.472,0.941432332777778,3.421,0.9497105775,3.431
0.941700350833333,3.472,0.941710026666667,3.421,0.949987943611111,3.431
0.941977988611111,3.472,0.941987762777778,3.421,0.950266181111111,3.431
0.942255768333333,3.472,0.94226567,3.421,0.950543836666667,3.431
0.942533695555555,3.472,0.942543565,3.421,0.950821894444444,3.431
0.942811785,3.472,0.942821570833333,3.421,0.951099645277778,3.431
0.943090139722222,3.472,0.943099074722222,3.421,0.951377471944445,3.431
0.943367534444445,3.472,0.943377070277778,3.421,0.951655411944444,3.431
0.943645415833333,3.472,0.943654483888889,3.421,0.951933446111111,3.431
0.943923446111111,3.472,0.943932494444444,3.421,0.952211134722222,3.431
0.944201176111111,3.472,0.944210160555556,3.421,0.952488745277778,3.431
0.944479339722222,3.472,0.944488038055556,3.421,0.952766792777778,3.431
0.944757282222222,3.472,0.944765643888889,3.421,0.953044498888889,3.431
0.9450350775,3.472,0.945043632777778,3.421,0.953322339444444,3.431
0.945312940555555,3.472,0.945321825277778,3.421,0.953600233888889,3.431
0.945590262777778,3.472,0.945599495,3.421,0.953878041666667,3.431
0.945868283333333,3.472,0.945877331666667,3.421,0.95415617,3.431
0.946146065833333,3.472,0.946155410555556,3.421,0.954434199722222,3.431
0.946424116944444,3.472,0.946432995,3.421,0.954711879444444,3.431
0.946702026388889,3.472,0.946711295277778,3.421,0.954989808611111,3.431
0.946979955,3.472,0.946989439722222,3.421,0.9552676775,3.431
0.947257719444444,3.472,0.9472670125,3.421,0.955545570555556,3.431
0.947535614444444,3.472,0.947544623611111,3.421,0.955823267222222,3.431
0.947813367777778,3.472,0.947822581666667,3.421,0.956101411388889,3.431
0.9480911825,3.472,0.948100545,3.421,0.956379294166667,3.431
0.9483691475,3.482,0.948378271944444,3.421,0.956657106666667,3.431
0.948646916944444,3.472,0.948655855277778,3.421,0.9569351825,3.431
0.948924941111111,3.472,0.9489336875,3.421,0.957213078611111,3.431
0.949203146944444,3.472,0.949211755,3.421,0.957490772777778,3.431
0.949481007222222,3.472,0.949490073055556,3.421,0.957768656111111,3.431
0.949758561666667,3.472,0.949768010555556,3.421,0.958046518055556,3.431
0.950036714722222,3.472,0.950046100833333,3.421,0.958324536944444,3.431
0.950314371666667,3.472,0.950324082222222,3.421,0.958602434722222,3.431
0.950592195,3.472,0.950601757777778,3.421,0.958880143611111,3.431
0.950869856111111,3.482,0.950879566111111,3.421,0.959158021666667,3.431
0.95114774,3.482,0.951157404722222,3.421,0.959435508611111,3.431
0.951425718611111,3.472,0.951435133611111,3.421,0.959713667777778,3.431
0.951703483055556,3.472,0.951712855555556,3.421,0.959991468055556,3.431
0.951981351666667,3.472,0.951990936111111,3.421,0.960269235833333,3.431
0.952259115,3.472,0.952268689722222,3.421,0.960547058333333,3.431
0.952536994444444,3.482,0.9525464425,3.431,0.960824761388889,3.431
0.952814599166667,3.482,0.952824182777778,3.421,0.961102476666667,3.431
0.953092160555556,3.482,0.953102388333333,3.421,0.961380163888889,3.431
0.953370482222222,3.482,0.953380304722222,3.421,0.961657912777778,3.431
0.953648350277778,3.482,0.953658059444444,3.421,0.961936089444445,3.431
0.953926184722222,3.482,0.953935980833333,3.421,0.962214249722222,3.431
0.9542040725,3.472,0.954213756111111,3.421,0.962492026666667,3.431
0.954481622777778,3.472,0.954491605555556,3.421,0.962769961111111,3.431
0.954759141944444,3.472,0.954769528611111,3.421,0.963048056944444,3.431
0.955037436388889,3.482,0.955047433888889,3.421,0.963326173888889,3.431
0.955315521666667,3.482,0.955325381111111,3.421,0.9636042,3.431
0.955593335833333,3.482,0.955603146111111,3.421,0.963881811388889,3.431
0.955871125555556,3.482,0.955880577222222,3.421,0.96415935,3.431
0.956149009166667,3.482,0.956158799722222,3.421,0.964437254444444,3.431
0.956426625,3.482,0.956436657777778,3.431,0.964715153888889,3.431
0.956704838611111,3.482,0.956714191666667,3.421,0.964993122777778,3.431
0.956982281944444,3.482,0.956992008611111,3.421,0.965270596944445,3.431
0.957260393333333,3.482,0.957269621666667,3.431,0.965548546388889,3.431
0.957538150833333,3.472,0.957547561666667,3.421,0.965826370555556,3.431
0.957816138333333,3.482,0.957825764722222,3.421,0.966104394166667,3.431
0.958094193611111,3.482,0.958103357222222,3.421,0.9663819225,3.431
0.958371994444444,3.482,0.958381425277778,3.421,0.966659921388889,3.431
0.958649816111111,3.472,0.958659610277778,3.421,0.966937744166667,3.431
0.958927661388889,3.482,0.958937240555556,3.431,0.967215517222222,3.431
0.959206024722222,3.472,0.959215450833333,3.431,0.967493748611111,3.431
0.959483663611111,3.482,0.959493585277778,3.431,0.967771426388889,3.431
0.959761050277778,3.482,0.959771579444444,3.431,0.968049048333333,3.431
0.960039396944445,3.482,0.960049039166667,3.431,0.968327284722222,3.431
0.960317853055556,3.482,0.9603270675,3.431,0.968605327222222,3.431
0.960595673055556,3.482,0.960605009722222,3.431,0.968883118611111,3.431
0.960873431944444,3.482,0.9608829525,3.431,0.969161191388889,3.431
0.9611517175,3.482,0.961161081388889,3.431,0.969438746944444,3.431
0.961429469722222,3.482,0.961438356388889,3.431,0.969716761388889,3.431
0.961707453055556,3.482,0.961716468888889,3.431,0.969994571944444,3.431
0.9619849875,3.482,0.961994631111111,3.421,0.970272318611111,3.431
0.962263033333333,3.482,0.962272390277778,3.421,0.970549866111111,3.431
0.962541188333333,3.482,0.962550170277778,3.431,0.970828043888889,3.431
0.962819016666667,3.482,0.962828224166667,3.421,0.971105754722222,3.431
0.963096454444444,3.482,0.963105794722222,3.421,0.971384283888889,3.431
0.963374298611111,3.482,0.963384104444444,3.431,0.9716616475,3.431
0.9636522525,3.482,0.963661861666667,3.421,0.971939391111111,3.431
0.963930427777778,3.482,0.963939312777778,3.421,0.972217826388889,3.431
0.964208175833333,3.482,0.964216967222222,3.421,0.972495349166667,3.431
0.964485837222222,3.482,0.964495188611111,3.421,0.972773172222222,3.431
0.964763801944444,3.482,0.964772946944444,3.421,0.973051092222222,3.441
0.965041778611111,3.482,0.965050641944444,3.421,0.973328873333333,3.431
0.965319472777778,3.482,0.965328591111111,3.421,0.9736070075,3.431
0.965597290277778,3.482,0.965606217222222,3.421,0.973884656388889,3.431
0.965875104722222,3.482,0.965884284444444,3.431,0.974162296944444,3.431
0.966152776388889,3.482,0.966162474722222,3.431,0.974440116944444,3.431
0.966430677777778,3.482,0.966440112222222,3.431,0.974718380277778,3.431
0.966708346388889,3.482,0.966718232777778,3.431,0.974996436944444,3.431
0.966986244722222,3.482,0.966995885,3.421,0.975274368333333,3.431
0.967263564166667,3.482,0.967273710277778,3.421,0.9755518925,3.431
0.967541406944444,3.482,0.967551733888889,3.431,0.975830089166667,3.431
0.967819549722222,3.482,0.967829923333333,3.431,0.976108121388889,3.431
0.968097185833333,3.482,0.968107756944445,3.421,0.976386200555556,3.431
0.968375258888889,3.482,0.9683853425,3.431,0.976664061666667,3.431
0.968653361944444,3.482,0.968663561666667,3.421,0.976941818888889,3.431
0.968931218888889,3.482,0.968941662777778,3.431,0.977219874722222,3.431
0.969209238888889,3.482,0.9692192925,3.421,0.977497616666667,3.431
0.969486927777778,3.482,0.969497285,3.431,0.977775470833333,3.431
0.969764841944444,3.482,0.969775142777778,3.421,0.978053579444444,3.431
0.970042426111111,3.482,0.970052954166667,3.431,0.978331331111111,3.441
0.9703199625,3.482,0.970330948333333,3.431,0.978608784722222,3.441
0.970598266111111,3.482,0.970608738333333,3.431,0.978886565833333,3.431
0.970876050555555,3.482,0.9708871575,3.431,0.9791646275,3.431
0.971153918333333,3.482,0.971164928611111,3.431,0.979442896111111,3.431
0.971431431388889,3.482,0.971442986111111,3.431,0.979720586111111,3.441
0.971709686388889,3.482,0.971720622777778,3.431,0.979998420277778,3.431
0.971987432222222,3.482,0.971998395833333,3.431,0.980276358888889,3.431
0.972265751111111,3.482,0.972276301111111,3.431,0.980554276666667,3.431
0.972543589166667,3.482,0.972554273888889,3.431,0.980832106666667,3.431
0.972821853055556,3.482,0.972832100277778,3.431,0.98110962,3.441
0.973099481666667,3.482,0.973109517777778,3.431,0.981388103888889,3.431
0.973377003055556,3.482,0.973387595555556,3.431,0.981665960555556,3.431
0.973655043333333,3.482,0.973665823888889,3.431,0.981943826388889,3.431
0.973933237222222,3.482,0.973943392777778,3.431,0.982221605555556,3.431
0.974210722777778,3.482,0.974221294444444,3.431,0.982499425833333,3.441
0.974488790833333,3.482,0.974499126944444,3.431,0.982777148888889,3.441
0.974766606666667,3.482,0.974777018333333,3.431,0.983055071666667,3.431
0.975044693333333,3.482,0.975054889444445,3.431,0.983332641944444,3.431
0.975322561666667,3.482,0.975332475555556,3.431,0.983610851388889,3.431
0.975600678333333,3.482,0.975610513611111,3.421,0.9838890325,3.441
0.9758784525,3.482,0.9758882425,3.421,0.984167085833333,3.431
0.976156086944444,3.482,0.976166042777778,3.431,0.984444663888889,3.441
0.976433984166667,3.482,0.976443670555555,3.431,0.984722481666667,3.431
0.976711860277778,3.482,0.976722108611111,3.431,0.985000235555556,3.431
0.976989730277778,3.482,0.976999930833333,3.431,0.985277920555556,3.441
0.977267476666667,3.482,0.977277660277778,3.431,0.985555751666667,3.441
0.977545436944444,3.482,0.977555753611111,3.431,0.985833503333333,3.431
0.977823065,3.482,0.977833464722222,3.431,0.9861116525,3.441
0.978101293333333,3.482,0.978111140277778,3.431,0.986389542222222,3.441
0.9783793525,3.482,0.978389155277778,3.431,0.986667683888889,3.431
0.978657385833333,3.482,0.978667155833333,3.431,0.9869454825,3.431
0.978935150277778,3.482,0.978944795555555,3.421,0.987223005277778,3.431
0.979212725277778,3.482,0.979222915277778,3.431,0.987501186666667,3.431
0.979490873888889,3.482,0.979500830833333,3.421,0.987778775555556,3.441
0.979768559166667,3.482,0.979778873888889,3.431,0.988056706666667,3.431
0.980046274444444,3.482,0.980056424166667,3.431,0.988334556111111,3.441
0.9803246025,3.482,0.980334666944444,3.431,0.988612460555556,3.431
0.980602288333333,3.482,0.980612556388889,3.421,0.988890022777778,3.441
0.980880448055556,3.482,0.980890051111111,3.421,0.989167772222222,3.441
0.981158311388889,3.482,0.981168006944444,3.421,0.989445525833333,3.441
0.9814358425,3.482,0.981445844166667,3.431,0.989723693055556,3.441
0.981713996666667,3.482,0.981723385,3.431,0.990002012777778,3.431
0.981991692777778,3.482,0.982001396666667,3.431,0.990279797222222,3.441
0.982269384444444,3.482,0.982279335,3.431,0.990557545555556,3.441
0.982547033333333,3.482,0.982556938055556,3.431,0.990835360555556,3.441
0.982824953888889,3.482,0.9828348025,3.431,0.991112990277778,3.431
0.98310287,3.482,0.983112743055556,3.431,0.991391243888889,3.431
0.983380606944444,3.482,0.983390336111111,3.431,0.991669228333333,3.441
0.983658736111111,3.482,0.983668545277778,3.431,0.991946703333333,3.441
0.983936343611111,3.482,0.983946539722222,3.431,0.992224618333333,3.441
0.984214243888889,3.482,0.984224401111111,3.431,0.992502593333333,3.431
0.984492459166667,3.482,0.984502477777778,3.431,0.992780489166667,3.441
0.984770095277778,3.482,0.984779988333333,3.431,0.993058413611111,3.431
0.9850477225,3.482,0.985058144444444,3.431,0.993336443611111,3.441
0.985325893888889,3.492,0.98533604,3.431,0.993613746388889,3.441
0.985603616111111,3.482,0.9856137,3.421,0.993891540555556,3.441
0.985881636111111,3.492,0.985891702777778,3.431,0.994169719444445,3.441
0.986159494166667,3.482,0.986169210833333,3.421,0.994447573611111,3.441
0.986437503055556,3.492,0.986447251944444,3.431,0.994725256944444,3.441
0.98671506,3.492,0.986724818611111,3.431,0.995003321666667,3.441
0.986993147777778,3.482,0.987002769444444,3.431,0.995281045,3.441
0.987271209444444,3.482,0.987280703888889,3.431,0.995559017222222,3.431
0.987548867222222,3.482,0.987558560833333,3.431,0.995836705833333,3.441
0.987826761666667,3.492,0.987836117777778,3.431,0.996114349166667,3.441
0.988104447222222,3.492,0.988114298055556,3.431,0.996392586666667,3.431
0.988382266111111,3.492,0.988392446111111,3.431,0.996670405,3.431
0.988660361388889,3.492,0.988670268888889,3.431,0.996948000277778,3.441
0.988938039722222,3.482,0.988947858611111,3.431,0.997226448611111,3.441
0.989215856111111,3.492,0.9892259875,3.431,0.997504012222222,3.441
0.989494003888889,3.492,0.989503985833333,3.431,0.9977819825,3.441
0.989771924722222,3.482,0.989781929166667,3.431,0.998059606666667,3.441
0.99004968,3.492,0.990060040555556,3.431,0.998337431111111,3.441
0.990327513055556,3.482,0.990337948333333,3.431,0.998615677222222,3.441
0.990605368888889,3.492,0.990616072222222,3.431,0.998893429444444,3.441
0.990883149722222,3.482,0.990893605833333,3.431,0.999171166388889,3.441
0.991160816111111,3.492,0.9911712775,3.431,0.9994492325,3.441
0.991439072222222,3.492,0.991449156111111,3.431,0.999726926388889,3.441
0.991717007222222,3.492,0.991726948888889,3.431,1.00000463722222,3.441
0.991995093611111,3.492,0.992004543055556,3.431,1.00028288444444,3.431
0.992272554722222,3.492,0.992282531944444,3.431,1.00056075861111,3.441
0.992550695555556,3.482,0.992560278333333,3.431,1.00083869111111,3.441
0.992828246388889,3.492,0.992838059444444,3.431,1.00111648333333,3.441
0.993106350277778,3.482,0.993116653055556,3.431,1.00139474527778,3.441
0.993384275,3.492,0.993394338888889,3.431,1.00167218722222,3.441
0.993661719722222,3.492,0.993672253055556,3.431,1.00195021444444,3.441
0.9939400225,3.492,0.993950486111111,3.431,1.00222808555556,3.441
0.994218228055556,3.482,0.994228131944444,3.431,1.00250601222222,3.441
0.994495703888889,3.492,0.994505904444444,3.431,1.0027842575,3.441
0.9947734875,3.492,0.994783896111111,3.431,1.003061805,3.441
0.995051389444444,3.492,0.995061871944444,3.431,1.00333964666667,3.441
0.995329339166667,3.492,0.995339701388889,3.431,1.00361735,3.441
0.995606851388889,3.492,0.995617579166667,3.431,1.00389521694444,3.441
0.995884402222222,3.482,0.995895167777778,3.431,1.00417271361111,3.441
0.996162314166667,3.482,0.996173076388889,3.431,1.00445047722222,3.441
0.996440169444444,3.492,0.996451047222222,3.431,1.00472847416667,3.441
0.996718206388889,3.492,0.996728713055556,3.431,1.00500662833333,3.441
0.996996051666667,3.492,0.997006390833333,3.431,1.0052842325,3.441
0.997273978888889,3.492,0.997284231666667,3.431,1.005562395,3.441
0.997551808888889,3.492,0.99756178,3.431,1.00584002611111,3.441
0.997829488888889,3.492,0.997839733611111,3.431,1.00611814916667,3.441
0.99810755,3.492,0.998117711944444,3.431,1.00639579666667,3.441
0.998385416388889,3.492,0.998395456944444,3.431,1.00667326583333,3.441
0.998663066944445,3.492,0.998673037777778,3.431,1.00695109944444,3.441
0.998941286111111,3.492,0.9989510725,3.431,1.00722921722222,3.441
0.999218976111111,3.492,0.999228730555556,3.431,1.00750688333333,3.441
0.999497053888889,3.492,0.999506538055556,3.431,1.00778510138889,3.441
0.999774986666667,3.492,0.999784695555556,3.431,1.00806284777778,3.441
1.00005286805556,3.492,1.00006230222222,3.431,1.00834078055556,3.441
1.00033076055556,3.492,1.00034051444444,3.431,1.00861845277778,3.441
1.00060845222222,3.492,1.00061857027778,3.431,1.00889620833333,3.441
1.00088622305556,3.492,1.00089613305556,3.431,1.00917374833333,3.441
1.00116455916667,3.492,1.00117422472222,3.431,1.0094515825,3.441
1.00144237472222,3.492,1.00145200083333,3.431,1.00972978472222,3.441
1.00172009444444,3.492,1.00172946083333,3.431,1.01000749944444,3.441
1.00199797944444,3.492,1.00200784083333,3.431,1.01028519361111,3.441
1.00227576,3.492,1.00228600833333,3.431,1.01056351972222,3.441
1.00255335916667,3.492,1.00256386083333,3.431,1.01084119527778,3.441
1.00283132194444,3.492,1.00284175027778,3.431,1.01111909277778,3.441
1.00310911972222,3.492,1.00311949444444,3.431,1.01139681583333,3.441
1.00338708777778,3.492,1.00339749805556,3.431,1.01167480861111,3.441
1.00366515222222,3.492,1.00367528055556,3.431,1.01195255777778,3.441
1.00394312861111,3.492,1.003953335,3.431,1.01223060833333,3.441
1.00422102111111,3.492,1.0042314725,3.431,1.01250856277778,3.441
1.00449905583333,3.492,1.00450932722222,3.431,1.01278606222222,3.441
1.00477636277778,3.492,1.00478695555556,3.431,1.01306402555556,3.441
1.00505446833333,3.492,1.00506512055556,3.431,1.01334185055556,3.441
1.00533221833333,3.492,1.00534313416667,3.431,1.01361934083333,3.441
1.00561053166667,3.492,1.00562104277778,3.431,1.01389718055556,3.441
1.00588832666667,3.492,1.0058987025,3.431,1.01417530833333,3.441
1.00616616805556,3.492,1.00617611305556,3.431,1.01445297611111,3.441
1.0064439025,3.492,1.00645407611111,3.431,1.01473121666667,3.441
1.00672195472222,3.492,1.00673242027778,3.431,1.01500854083333,3.441
1.00700025805556,3.492,1.00701026055556,3.431,1.01528654138889,3.441
1.00727801361111,3.492,1.0072882875,3.431,1.01556436166667,3.441
1.00755585277778,3.492,1.00756588388889,3.431,1.01584246833333,3.441
1.00783359444444,3.492,1.00784338027778,3.431,1.016120545,3.441
1.00811144083333,3.492,1.00812155944444,3.431,1.01639893944444,3.441
1.00838932722222,3.492,1.00839941361111,3.431,1.016676345,3.441
1.00866704944444,3.492,1.00867749277778,3.431,1.01695433944444,3.441
1.00894517527778,3.492,1.00895538305556,3.431,1.01723222055556,3.441
1.00922280833333,3.492,1.00923359611111,3.431,1.01751021388889,3.441
1.00950059583333,3.492,1.00951084944444,3.431,1.01778809583333,3.441
1.00977874555556,3.492,1.00978936638889,3.431,1.01806554944444,3.441
1.01005635055556,3.492,1.010067225,3.431,1.01834364888889,3.441
1.01033434611111,3.492,1.01034555472222,3.431,1.01862124222222,3.441
1.01061249,3.492,1.01062313722222,3.431,1.01889956,3.441
1.01089030166667,3.492,1.01090133527778,3.431,1.01917685111111,3.441
1.01116820138889,3.492,1.01117927861111,3.431,1.01945505944444,3.441
1.011446125,3.492,1.01145721,3.431,1.01973236944444,3.441
1.01172389055556,3.492,1.01173486861111,3.431,1.02001064583333,3.451
1.01200178472222,3.492,1.01201292888889,3.431,1.02028891444444,3.441
1.01227934611111,3.492,1.01229056027778,3.431,1.02056659972222,3.441
1.01255751222222,3.492,1.01256847666667,3.431,1.02084428083333,3.441
1.0128350025,3.492,1.01284651194444,3.431,1.02112215055556,3.441
1.01311309361111,3.492,1.01312433944444,3.431,1.02140005027778,3.441
1.01339088722222,3.492,1.01340218527778,3.431,1.02167767722222,3.441
1.01366894333333,3.492,1.01367986,3.431,1.02195559916667,3.441
1.01394680555556,3.492,1.01395796888889,3.431,1.02223320083333,3.441
1.01422420722222,3.492,1.01423586527778,3.431,1.02251120388889,3.441
1.01450215972222,3.492,1.01451371166667,3.431,1.02278912833333,3.441
1.01478050138889,3.492,1.01479187,3.431,1.02306682111111,3.441
1.01505835805556,3.492,1.015069545,3.431,1.02334450666667,3.441
1.01533652416667,3.492,1.01534741888889,3.431,1.02362215555556,3.441
1.01561420361111,3.492,1.01562522222222,3.431,1.02390033805556,3.441
1.01589189916667,3.492,1.01590328527778,3.431,1.02417801722222,3.441
1.01616991083333,3.492,1.01618085583333,3.431,1.02445617194444,3.441
1.01644811694444,3.492,1.01645867972222,3.431,1.02473379111111,3.451
1.01672586527778,3.492,1.01673661916667,3.441,1.02501156888889,3.441
1.01700399166667,3.502,1.01701425638889,3.431,1.0252897,3.441
1.01728150083333,3.502,1.01729200277778,3.431,1.02556784416667,3.441
1.01755920694444,3.492,1.01756973111111,3.431,1.02584519638889,3.441
1.01783693666667,3.492,1.01784752388889,3.431,1.02612340277778,3.441
1.01811506694444,3.492,1.01812527388889,3.431,1.02640101944444,3.441
1.01839356777778,3.502,1.01840319027778,3.441,1.02667927194444,3.441
1.01867129833333,3.502,1.01868075388889,3.431,1.02695706916667,3.441
1.01894929111111,3.492,1.01895881694444,3.431,1.02723534194444,3.441
1.01922661277778,3.492,1.0192368975,3.431,1.02751304277778,3.451
1.0195048275,3.492,1.01951426861111,3.431,1.02779070555556,3.451
1.01978249222222,3.502,1.01979210194444,3.431,1.02806824166667,3.441
1.02006049444444,3.502,1.02007012916667,3.431,1.02834597472222,3.451
1.02033833194444,3.492,1.02034790361111,3.431,1.02862405805556,3.451
1.02061648805556,3.502,1.02062616527778,3.431,1.02890201722222,3.451
1.02089451222222,3.502,1.02090389861111,3.431,1.02918006166667,3.441
1.02117214944444,3.502,1.02118191944444,3.431,1.02945808722222,3.441
1.02144993694444,3.502,1.02145946555556,3.441,1.02973587055556,3.451
1.02172763361111,3.492,1.02173748694444,3.431,1.03001362,3.451
1.02200581361111,3.502,1.02201570805556,3.431,1.03029148,3.451
1.02228372333333,3.502,1.02229372361111,3.431,1.03056935027778,3.451
1.022561455,3.492,1.02257113027778,3.431,1.03084718333333,3.451
1.02283958333333,3.492,1.02284916361111,3.431,1.03112483166667,3.441
1.02311710861111,3.502,1.02312671194444,3.441,1.0314029175,3.451
1.02339497416667,3.502,1.02340489611111,3.431,1.03168028666667,3.451
1.02367303027778,3.492,1.02368238722222,3.431,1.03195846083333,3.451
1.02395104444444,3.492,1.02396047805556,3.431,1.03223604055556,3.441
1.02422905055556,3.492,1.02423824444444,3.431,1.03251425,3.451
1.02450675888889,3.502,1.02451644138889,3.431,1.03279213111111,3.451
1.02478464944444,3.502,1.02479449777778,3.431,1.03307006611111,3.451
1.0250626725,3.502,1.02507267916667,3.431,1.03334809305556,3.451
1.02534005333333,3.502,1.025350275,3.431,1.03362609361111,3.451
1.02561812277778,3.502,1.02562814388889,3.431,1.03390375444444,3.441
1.02589573166667,3.502,1.02590588583333,3.431,1.03418131611111,3.451
1.02617330166667,3.502,1.0261834675,3.431,1.03445969416667,3.451
1.02645139194444,3.502,1.02646160944444,3.431,1.03473760277778,3.451
1.02672907944444,3.502,1.02673895916667,3.431,1.03501529166667,3.451
1.02700704972222,3.502,1.02701702833333,3.431,1.03529300055556,3.451
1.027284555,3.502,1.02729509944444,3.431,1.03557097083333,3.441
1.02756273,3.502,1.02757297361111,3.431,1.03584892166667,3.451
1.02784067166667,3.502,1.027850575,3.431,1.03612659972222,3.451
1.0281184075,3.502,1.02812841861111,3.431,1.03640447,3.451
1.02839618666667,3.502,1.02840610222222,3.431,1.03668205888889,3.451
1.02867386916667,3.502,1.02868413833333,3.431,1.03696003888889,3.451
1.02895168333333,3.502,1.02896193833333,3.441,1.03723810083333,3.451
1.02922969361111,3.502,1.02923949472222,3.431,1.03751574527778,3.451
1.02950784777778,3.502,1.02951785777778,3.431,1.03779380972222,3.451
1.02978598583333,3.502,1.0297957625,3.431,1.03807159833333,3.451
1.03006358611111,3.502,1.03007382083333,3.441,1.03834965888889,3.451
1.03034114444444,3.502,1.03035176861111,3.441,1.03862760944444,3.441
1.03061955472222,3.502,1.03062988,3.441,1.0389051375,3.451
1.03089740583333,3.502,1.030907585,3.431,1.03918355444444,3.451
1.03117509611111,3.502,1.03118522027778,3.431,1.03946101972222,3.451
1.03145344638889,3.502,1.03146329611111,3.441,1.03973874444444,3.451
1.03173145694444,3.502,1.03174063555556,3.431,1.04001674777778,3.451
1.03200927305556,3.502,1.03201878277778,3.431,1.04029440611111,3.451
1.03228711277778,3.502,1.03229642722222,3.441,1.04057259527778,3.451
1.03256480666667,3.502,1.03257434,3.441,1.040850305,3.451
1.03284264583333,3.502,1.03285239166667,3.431,1.04112807805556,3.451
1.03312054944444,3.502,1.03313026277778,3.441,1.04140590833333,3.451
1.03339847777778,3.502,1.03340819361111,3.431,1.0416836225,3.451
1.03367658638889,3.502,1.03368601833333,3.431,1.04196155166667,3.451
1.03395456166667,3.502,1.03396377,3.441,1.04223914305556,3.451
1.03423188722222,3.502,1.03424187916667,3.441,1.04251733722222,3.451
1.03450978527778,3.502,1.03451995555556,3.441,1.042794995,3.451
1.03478801,3.502,1.03479754638889,3.441,1.04307303527778,3.451
1.0350662375,3.502,1.035075785,3.441,1.04335083527778,3.451
1.03534399416667,3.502,1.03535356916667,3.441,1.04362857888889,3.451
1.03562173805556,3.502,1.03563147805556,3.431,1.04390651694444,3.451
1.03589983,3.502,1.03590934833333,3.431,1.04418445527778,3.451
1.03617759638889,3.502,1.03618711055556,3.431,1.04446227722222,3.451
1.03645518361111,3.502,1.03646538222222,3.431,1.04473971222222,3.451
1.03673299805556,3.502,1.03674329638889,3.431,1.04501763722222,3.451
1.03701116111111,3.502,1.03702137055556,3.441,1.04529538833333,3.451
1.0372892825,3.502,1.03729941694444,3.441,1.04557330388889,3.451
1.03756708916667,3.502,1.03757682138889,3.441,1.04585084916667,3.451
1.0378446625,3.502,1.03785479944444,3.441,1.04612855638889,3.451
1.03812298027778,3.502,1.03813268805556,3.431,1.0464068425,3.451
1.03840109611111,3.502,1.03841053944444,3.441,1.04668479277778,3.451
1.03867896583333,3.502,1.03868814083333,3.431,1.04696316944444,3.451
1.03895672527778,3.502,1.03896616361111,3.441,1.04724118166667,3.451
1.03923412444444,3.502,1.03924400194444,3.431,1.04751871694444,3.451
1.0395123075,3.512,1.03952203388889,3.441,1.04779678222222,3.451
1.03979037138889,3.502,1.03979984305556,3.441,1.04807510888889,3.451
1.04006820138889,3.502,1.0400776025,3.441,1.04835240111111,3.451
1.04034602944444,3.502,1.04035545055556,3.441,1.04863013611111,3.451
1.04062401861111,3.502,1.04063332027778,3.441,1.04890791388889,3.451
1.04090173305556,3.502,1.04091128861111,3.441,1.04918590666667,3.451
1.04117921138889,3.502,1.04118901472222,3.431,1.04946379194444,3.451
1.04145745194444,3.502,1.04146682416667,3.441,1.04974179694444,3.451
1.04173496083333,3.502,1.04174468027778,3.441,1.05001974194444,3.451
1.04201309472222,3.502,1.04202259611111,3.441,1.05029787527778,3.451
1.0422912775,3.502,1.04230038388889,3.441,1.05057553638889,3.451
1.04256911722222,3.502,1.04257840527778,3.441,1.05085357722222,3.451
1.0428473625,3.502,1.04285682083333,3.441,1.05113170083333,3.451
1.04312496166667,3.502,1.0431342625,3.441,1.05140977861111,3.451
1.04340273972222,3.502,1.04341205361111,3.441,1.05168750888889,3.451
1.04368023527778,3.512,1.04369016361111,3.441,1.05196522416667,3.451
1.04395876944444,3.502,1.04396760305556,3.441,1.0522429925,3.451
1.04423641527778,3.512,1.04424561277778,3.441,1.05252071777778,3.451
1.04451386333333,3.502,1.04452371638889,3.441,1.05279890722222,3.451
1.04479181472222,3.502,1.04480155111111,3.441,1.05307697666667,3.451
1.04507009805556,3.502,1.04507899555556,3.441,1.05335511861111,3.451
1.0453482125,3.502,1.04535745138889,3.441,1.05363272611111,3.451
1.04562577611111,3.512,1.0456347975,3.431,1.05391086916667,3.451
1.04590370666667,3.502,1.04591254638889,3.441,1.05418854194444,3.451
1.04618125138889,3.502,1.04619028527778,3.441,1.05446663944444,3.451
1.04645925694444,3.502,1.04646812361111,3.441,1.05474449444444,3.451
1.04673724611111,3.502,1.04674626944444,3.441,1.05502259611111,3.451
1.04701467527778,3.502,1.04702391027778,3.431,1.05530034416667,3.451
1.04729320944444,3.512,1.04730199916667,3.441,1.05557819861111,3.451
1.0475711575,3.502,1.04758002666667,3.441,1.05585602305556,3.451
1.04784880305556,3.502,1.04785804861111,3.441,1.05613416944444,3.451
1.04812680333333,3.512,1.04813597083333,3.441,1.05641181444444,3.451
1.04840462194444,3.502,1.04841361444444,3.441,1.05668945166667,3.451
1.04868248194444,3.502,1.04869185194444,3.441,1.05696760444444,3.451
1.04896020111111,3.502,1.04896948583333,3.441,1.05724529472222,3.451
1.04923810638889,3.502,1.04924745944444,3.441,1.05752309333333,3.451
1.04951626416667,3.502,1.04952535361111,3.441,1.05780115555556,3.451
1.04979397,3.512,1.04980348222222,3.441,1.05807926611111,3.451
1.05007192666667,3.502,1.05008090555556,3.441,1.05835717055556,3.451
1.05034989138889,3.512,1.0503592475,3.441,1.05863468916667,3.451
1.05062718583333,3.502,1.05063709055556,3.441,1.05891282194444,3.451
1.05090549277778,3.502,1.05091498888889,3.441,1.05919068805556,3.451
1.05118299194444,3.512,1.05119289194444,3.441,1.05946860111111,3.451
1.05146125333333,3.512,1.05147056194444,3.441,1.05974652333333,3.451
1.05173929333333,3.512,1.05174849416667,3.441,1.06002454805556,3.451
1.05201674555556,3.502,1.05202632805556,3.441,1.06030216694444,3.451
1.05229508472222,3.512,1.05230409027778,3.441,1.06058015666667,3.451
1.05257286611111,3.502,1.05258196638889,3.441,1.06085772194444,3.451
1.05285057861111,3.512,1.05285980944444,3.441,1.06113543833333,3.451
1.05312827166667,3.512,1.05313730888889,3.441,1.06141356388889,3.451
1.05340623666667,3.502,1.05341531527778,3.441,1.06169162944444,3.451
1.05368401388889,3.502,1.05369293916667,3.441,1.061969745,3.451
1.05396238611111,3.512,1.05397085611111,3.441,1.06224808666667,3.451
1.05423967388889,3.512,1.05424889944444,3.441,1.06252544416667,3.451
1.05451776527778,3.512,1.05452710416667,3.441,1.06280342722222,3.451
1.05479578083333,3.512,1.05480472388889,3.441,1.06308163111111,3.451
1.05507390055556,3.512,1.05508306444444,3.441,1.06335931472222,3.451
1.05535159138889,3.512,1.05536058944444,3.441,1.06363763638889,3.451
1.05562938972222,3.512,1.05563852361111,3.441,1.06391534527778,3.451
1.05590728138889,3.512,1.05591634166667,3.441,1.06419302583333,3.451
1.05618496472222,3.512,1.05619433694444,3.441,1.06447091027778,3.451
1.05646336833333,3.512,1.05647238638889,3.441,1.06474879416667,3.451
1.056741425,3.512,1.05675050138889,3.441,1.06502663444444,3.451
1.05701884666667,3.512,1.05702824388889,3.441,1.06530475583333,3.451
1.05729686305556,3.512,1.05730594277778,3.441,1.06558269333333,3.451
1.05757448861111,3.512,1.05758361166667,3.441,1.06586018388889,3.451
1.05785232055556,3.512,1.05786139361111,3.441,1.06613876527778,3.451
1.05813037583333,3.512,1.05813962166667,3.441,1.06641677222222,3.461
1.05840820222222,3.512,1.05841700972222,3.441,1.06669439,3.451
1.05868606388889,3.512,1.05869517,3.441,1.06697240333333,3.461
1.058964205,3.512,1.05897344472222,3.441,1.06725040916667,3.451
1.05924204027778,3.512,1.05925090305556,3.441,1.06752827305556,3.461
1.05951968972222,3.512,1.05952923222222,3.441,1.06780610305556,3.451
1.05979776388889,3.512,1.05980683805556,3.441,1.06808417777778,3.451
1.06007554583333,3.512,1.06008467194444,3.441,1.06836234361111,3.461
1.06035355027778,3.512,1.0603627425,3.441,1.06863998416667,3.451
1.060631635,3.512,1.06064033638889,3.441,1.06891788805556,3.451
1.06090916,3.512,1.06091854083333,3.451,1.06919595916667,3.451
1.06118723027778,3.512,1.06119644305556,3.441,1.06947349194444,3.451
1.06146475333333,3.512,1.06147397305556,3.441,1.06975147416667,3.461
1.06174270833333,3.512,1.06175200305556,3.441,1.07002951777778,3.451
1.06202094388889,3.512,1.06202967166667,3.441,1.07030723277778,3.461
1.06229900611111,3.512,1.06230756611111,3.441,1.0705854075,3.461
1.0625765475,3.512,1.06258582805556,3.441,1.07086332527778,3.461
1.06285419861111,3.512,1.06286373277778,3.441,1.07114091888889,3.461
1.06313235944444,3.512,1.06314166583333,3.441,1.07141881527778,3.461
1.06340994222222,3.512,1.06341922444444,3.441,1.0716962625,3.461
1.06368776944444,3.512,1.06369712416667,3.441,1.0719743425,3.461
1.06396548666667,3.512,1.063975235,3.441,1.07225219777778,3.461
1.06424323194444,3.512,1.06425300611111,3.441,1.07253025277778,3.461
1.06452078888889,3.512,1.06453127111111,3.441,1.07280786138889,3.451
1.0647992525,3.512,1.06480912638889,3.441,1.07308572583333,3.451
1.06507693166667,3.512,1.06508694555556,3.441,1.07336346694444,3.451
1.06535486388889,3.512,1.06536466944444,3.451,1.07364132611111,3.461
1.06563259833333,3.512,1.06564245111111,3.441,1.073919045,3.461
1.065910535,3.512,1.06592027166667,3.441,1.07419701527778,3.461
1.06618837916667,3.512,1.06619803666667,3.441,1.07447489027778,3.451
1.06646612305556,3.512,1.06647556305556,3.441,1.07475259722222,3.461
1.06674381472222,3.512,1.06675384611111,3.441,1.07503055888889,3.451
1.06702167611111,3.512,1.06703165972222,3.441,1.07530819444444,3.461
1.06729956138889,3.512,1.06730922861111,3.451,1.07558617277778,3.461
1.06757728416667,3.512,1.06758730583333,3.441,1.07586382833333,3.461
1.06785497361111,3.512,1.06786477194444,3.441,1.07614181527778,3.461
1.06813295888889,3.523,1.06814283833333,3.441,1.07641968555556,3.451
1.06841049861111,3.512,1.06842103805556,3.441,1.07669798666667,3.461
1.06868824888889,3.523,1.06869871805556,3.451,1.07697579416667,3.461
1.06896618583333,3.523,1.06897684861111,3.451,1.07725366888889,3.461
1.06924383777778,3.512,1.069254975,3.441,1.07753133,3.461
1.06952145944444,3.512,1.06953270527778,3.451,1.07780950333333,3.461
1.06979938555556,3.512,1.06981076611111,3.451,1.07808721472222,3.461
1.07007717166667,3.512,1.07008868444444,3.441,1.07836509138889,3.451
1.0703549975,3.512,1.07036652111111,3.441,1.07864312277778,3.461
1.07063275805556,3.512,1.07064418138889,3.441,1.07892071277778,3.461
1.07091082861111,3.512,1.07092224583333,3.441,1.07919855361111,3.461
1.07118899666667,3.512,1.07120008972222,3.451,1.07947661416667,3.461
1.0714668625,3.523,1.07147790527778,3.451,1.07975473,3.461
1.07174473888889,3.512,1.07175595388889,3.451,1.08003258138889,3.461
1.07202269138889,3.512,1.07203374777778,3.441,1.08031047277778,3.461
1.07230013972222,3.523,1.0723114775,3.441,1.08058825861111,3.461
1.07257821277778,3.523,1.07258952888889,3.451,1.08086570805556,3.461
1.07285608027778,3.523,1.07286729833333,3.441,1.08114413694444,3.461
1.07313413527778,3.512,1.07314480166667,3.441,1.08142160805556,3.461
1.07341239138889,3.512,1.07342296416667,3.451,1.08169972944444,3.461
1.07368998527778,3.523,1.07370120388889,3.441,1.08197775444444,3.461
1.07396802361111,3.523,1.07397863861111,3.441,1.08225547333333,3.461
1.07424594305556,3.512,1.07425686611111,3.451,1.08253346388889,3.461
1.07452366194444,3.523,1.07453473888889,3.441,1.08281123666667,3.461
1.07480155222222,3.523,1.0748130525,3.441,1.08308902166667,3.461
1.07507922361111,3.512,1.07509094555556,3.451,1.08336703027778,3.461
1.07535742138889,3.512,1.0753688,3.451,1.08364516611111,3.461
1.07563466638889,3.523,1.07564692972222,3.451,1.08392277694444,3.461
1.07591321833333,3.523,1.07592451277778,3.441,1.08420076388889,3.461
1.07619121888889,3.523,1.07620261916667,3.441,1.084478775,3.461
1.07646937638889,3.523,1.07648078722222,3.451,1.08475660805556,3.461
1.07674731138889,3.523,1.07675841361111,3.441,1.08503442777778,3.461
1.07702469944444,3.523,1.0770361175,3.451,1.08531216138889,3.461
1.07730263555556,3.523,1.07731389138889,3.451,1.08558967805556,3.461
1.07758081611111,3.512,1.07759182527778,3.441,1.08586740277778,3.461
1.07785850583333,3.523,1.07786994888889,3.441,1.08614562777778,3.461
1.07813630888889,3.523,1.07814729361111,3.451,1.08642326972222,3.461
1.0784142275,3.523,1.07842525805556,3.451,1.08670122083333,3.461
1.07869184027778,3.523,1.07870300138889,3.451,1.08697929027778,3.461
1.07896978055556,3.523,1.07898093083333,3.441,1.08725722472222,3.461
1.07924787527778,3.523,1.07925861694444,3.451,1.08753473138889,3.461
1.07952586972222,3.523,1.07953646416667,3.451,1.08781285055556,3.461
1.07980399666667,3.523,1.07981398055556,3.451,1.08809090861111,3.461
1.080081535,3.523,1.0800916975,3.451,1.08836872944444,3.461
1.08035957611111,3.523,1.08036945694444,3.451,1.0886470625,3.461
1.0806374125,3.523,1.08064764444444,3.451,1.08892485277778,3.461
1.08091536611111,3.523,1.08092537277778,3.451,1.0892026725,3.461
1.08119301361111,3.523,1.08120323361111,3.441,1.08948066722222,3.461
1.08147134027778,3.523,1.08148108416667,3.441,1.08975835277778,3.461
1.08174955,3.523,1.08175876638889,3.451,1.09003616666667,3.461
1.08202718722222,3.523,1.08203658972222,3.451,1.09031405722222,3.461
1.0823053325,3.523,1.08231457472222,3.451,1.09059176777778,3.461
1.08258312916667,3.523,1.08259250138889,3.451,1.09086963222222,3.461
1.08286070666667,3.523,1.0828707575,3.451,1.09114750777778,3.461
1.08313871083333,3.523,1.08314831388889,3.441,1.09142566944444,3.461
1.08341670416667,3.523,1.08342621055556,3.451,1.0917031825,3.461
1.08369456361111,3.523,1.08370408444444,3.451,1.09198138194444,3.461
1.08397252,3.523,1.08398166222222,3.451,1.09225904388889,3.461
1.08425033222222,3.523,1.08425923972222,3.451,1.09253679805556,3.461
1.08452833638889,3.523,1.0845369975,3.451,1.09281465277778,3.461
1.08480645972222,3.523,1.08481508916667,3.451,1.09309256944444,3.461
1.08508421861111,3.523,1.0850928575,3.451,1.09337022,3.461
1.08536196333333,3.523,1.08537065666667,3.451,1.09364795055556,3.461
1.08564004555556,3.523,1.08564838527778,3.451,1.09392542027778,3.461
1.08591825638889,3.523,1.08592611944444,3.451,1.09420371361111,3.461
1.08619611055556,3.523,1.08620409583333,3.451,1.09448138027778,3.461
1.08647384277778,3.523,1.08648181805556,3.451,1.094759535,3.461
1.08675139083333,3.523,1.08675994472222,3.451,1.09503730111111,3.472
1.08702981583333,3.523,1.08703772555556,3.451,1.09531500333333,3.461
1.08730720694444,3.523,1.08731547444444,3.451,1.09559313166667,3.461
1.0875856475,3.523,1.08759320722222,3.451,1.09587103222222,3.461
1.08786332583333,3.523,1.087871115,3.451,1.09614877388889,3.461
1.08814155138889,3.523,1.0881491975,3.451,1.09642712111111,3.472
1.08841913916667,3.523,1.08842706222222,3.451,1.0967049925,3.461
1.08869768305556,3.523,1.08870488055556,3.451,1.09698291416667,3.461
1.08897553111111,3.523,1.08898261277778,3.451,1.09726070166667,3.461
1.08925352277778,3.523,1.08926051611111,3.451,1.09753854416667,3.461
1.08953125527778,3.523,1.08953832527778,3.451,1.09781647,3.461
1.08980932,3.523,1.0898163325,3.451,1.09809472888889,3.461
1.09008691472222,3.523,1.09009387555556,3.451,1.09837225083333,3.472
1.09036499527778,3.523,1.09037192972222,3.451,1.09865019861111,3.461
1.09064315861111,3.523,1.0906492525,3.451,1.09892809444444,3.461
1.09092097111111,3.523,1.09092714722222,3.451,1.09920556277778,3.472
1.09119859777778,3.523,1.09120546222222,3.451,1.0994832725,3.461
1.09147682138889,3.523,1.0914835325,3.451,1.09976114444444,3.472
1.09175463333333,3.533,1.09176141638889,3.451,1.10003897055556,3.461
1.09203303555556,3.523,1.09203889527778,3.451,1.10031727361111,3.472
1.09231093944444,3.523,1.09231669611111,3.451,1.10059503944444,3.472
1.09258899472222,3.523,1.09259461805556,3.451,1.10087262472222,3.472
1.09286711083333,3.523,1.09287218361111,3.451,1.101150505,3.461
1.09314469805556,3.533,1.09315011027778,3.451,1.10142862638889,3.461
1.09342223277778,3.523,1.09342824944444,3.451,1.10170645888889,3.461
1.09370028055556,3.523,1.09370591277778,3.451,1.10198414305556,3.472
1.09397849611111,3.533,1.09398396555556,3.451,1.10226200416667,3.472
1.09425629611111,3.533,1.09426204055556,3.451,1.10253938222222,3.472
1.09453416833333,3.523,1.09453995194444,3.451,1.10281762888889,3.472
1.09481195722222,3.523,1.09481757833333,3.451,1.10309595888889,3.472
1.09508974861111,3.523,1.0950953075,3.451,1.10337373416667,3.472
1.09536773361111,3.523,1.09537326972222,3.451,1.10365149277778,3.472
1.09564576222222,3.533,1.09565132888889,3.451,1.10392914361111,3.472
1.09592352416667,3.523,1.095929205,3.451,1.10420705416667,3.472
1.09620152805556,3.523,1.0962070275,3.451,1.10448510555556,3.472
1.09647919083333,3.523,1.09648518111111,3.451,1.10476289805556,3.472
1.09675699055556,3.533,1.09676330361111,3.451,1.10504079944444,3.461
1.09703491027778,3.533,1.09704084416667,3.451,1.10531867666667,3.461
1.09731309277778,3.523,1.09731915944444,3.451,1.10559673111111,3.472
1.09759079805556,3.533,1.09759716972222,3.451,1.1058744125,3.472
1.09786832111111,3.523,1.09787474333333,3.451,1.106152095,3.472
1.09814679361111,3.533,1.09815252611111,3.451,1.10643022444444,3.472
1.09842437833333,3.523,1.09843062777778,3.451,1.10670795277778,3.472
1.09870232944444,3.533,1.09870813611111,3.451,1.10698597055556,3.472
1.09898029111111,3.533,1.09898612361111,3.451,1.10726402611111,3.472
1.09925787305556,3.533,1.09926431361111,3.451,1.10754167722222,3.472
1.09953585361111,3.533,1.0995423025,3.451,1.10781946833333,3.472
1.09981371083333,3.523,1.09982015083333,3.451,1.10809739416667,3.472
1.10009158055556,3.523,1.10009842555556,3.451,1.10837522055556,3.472
1.10036925944444,3.533,1.10037633027778,3.451,1.10865296527778,3.472
1.10064709722222,3.533,1.10065427833333,3.451,1.10893074916667,3.472
1.10092502611111,3.533,1.10093197277778,3.451,1.10920849555556,3.472
1.101202945,3.533,1.10120994,3.451,1.10948610833333,3.472
1.10148099083333,3.523,1.10148804,3.451,1.10976438444444,3.472
1.10175848777778,3.533,1.10176534944444,3.451,1.11004255666667,3.472
1.10203639805556,3.533,1.10204349638889,3.451,1.11032066138889,3.472
1.10231389722222,3.523,1.10232131027778,3.451,1.1105988225,3.472
1.10259164666667,3.533,1.10259891805556,3.451,1.1108765875,3.472
1.10287018388889,3.533,1.10287720666667,3.451,1.11115478527778,3.472
1.10314793138889,3.523,1.10315490277778,3.451,1.11143286138889,3.472
1.10342569694444,3.533,1.10343247916667,3.451,1.11171060027778,3.472
1.10370323555556,3.533,1.10371025555556,3.451,1.1119883525,3.472
1.10398114388889,3.533,1.10398782638889,3.451,1.11226678194444,3.472
1.10425895166667,3.533,1.10426600638889,3.451,1.11254438416667,3.472
1.10453675083333,3.533,1.10454371777778,3.451,1.11282224361111,3.472
1.10481440861111,3.533,1.10482191694444,3.451,1.11310018916667,3.472
1.10509212527778,3.533,1.10509971138889,3.451,1.11337779138889,3.472
1.10536972277778,3.533,1.10537743888889,3.451,1.11365596583333,3.472
1.10564822055556,3.533,1.10565526388889,3.451,1.11393387361111,3.482
1.10592552472222,3.533,1.10593317527778,3.451,1.11421179055556,3.482
1.10620360472222,3.533,1.10621134611111,3.451,1.11448943888889,3.472
1.10648187805556,3.533,1.10648894388889,3.451,1.11476719472222,3.472
1.10675996194444,3.533,1.10676678027778,3.451,1.11504537805556,3.472
1.10703792944444,3.533,1.10704506861111,3.451,1.11532301388889,3.482
1.10731561583333,3.533,1.10732252722222,3.451,1.11560116555556,3.472
1.10759355111111,3.533,1.10760028083333,3.451,1.11587853166667,3.472
1.10787102194444,3.533,1.10787834722222,3.451,1.11615653916667,3.472
1.10814881416667,3.533,1.1081568725,3.451,1.11643447833333,3.482
1.10842649388889,3.533,1.10843460055556,3.451,1.116712155,3.472
1.10870438277778,3.533,1.10871197277778,3.451,1.11698969194444,3.482
1.10898233055556,3.533,1.10899015055556,3.451,1.11726805833333,3.472
1.10926000916667,3.533,1.10926823777778,3.451,1.11754545972222,3.482
1.10953790722222,3.533,1.10954576277778,3.451,1.11782363,3.482
1.10981599388889,3.533,1.10982366444444,3.451,1.11810125805556,3.482
1.11009389638889,3.533,1.11010152527778,3.451,1.1183791275,3.482
1.11037187722222,3.533,1.1103793025,3.451,1.11865711111111,3.482
1.11065015583333,3.533,1.11065717583333,3.451,1.11893483472222,3.482
1.11092797916667,3.533,1.11093511722222,3.451,1.11921277222222,3.482
1.11120595722222,3.533,1.11121301861111,3.451,1.11949056916667,3.472
1.1114833925,3.533,1.11149055777778,3.451,1.11976832333333,3.482
1.11176140305556,3.533,1.11176881694444,3.451,1.1200459925,3.482
1.11203940638889,3.533,1.11204619194444,3.451,1.12032410444444,3.482
1.11231706583333,3.533,1.11232415916667,3.451,1.12060188305556,3.472
1.11259497055556,3.533,1.11260221083333,3.451,1.12087953194444,3.482
1.11287288972222,3.533,1.11287974333333,3.451,1.12115737583333,3.482
1.11315067777778,3.533,1.113158225,3.451,1.12143539666667,3.482
1.1134284775,3.533,1.11343608055556,3.451,1.12171302277778,3.482
1.11370680944444,3.533,1.11371380472222,3.451,1.12199075777778,3.482
1.11398446722222,3.533,1.11399144972222,3.451,1.12226852055556,3.482
1.11426253944444,3.533,1.11426922416667,3.451,1.12254664583333,3.482
1.11454049361111,3.533,1.11454698888889,3.451,1.12282470277778,3.482
1.11481835888889,3.533,1.11482475694444,3.451,1.12310236861111,3.482
1.11509633444444,3.533,1.11510290388889,3.451,1.12338071472222,3.482
1.115374165,3.533,1.115381105,3.461,1.12365860861111,3.482
1.11565167305556,3.533,1.11565880277778,3.451,1.12393601305556,3.482
1.1159297125,3.533,1.11593670722222,3.451,1.12421397444444,3.482
1.11620768583333,3.533,1.11621437472222,3.451,1.12449175555556,3.482
1.1164855825,3.533,1.11649268888889,3.451,1.12476962361111,3.482
1.11676348138889,3.533,1.11677031,3.451,1.12504724333333,3.482
1.11704125305556,3.533,1.11704806583333,3.451,1.125325395,3.482
1.11731884027778,3.533,1.11732612861111,3.451,1.12560331916667,3.482
1.11759703722222,3.533,1.11760406083333,3.461,1.12588137527778,3.482
1.11787495638889,3.533,1.11788175583333,3.451,1.12615926888889,3.482
1.11815259694444,3.533,1.11815969833333,3.461,1.12643688361111,3.482
1.1184304925,3.533,1.11843753138889,3.461,1.12671499083333,3.482
1.11870863027778,3.543,1.11871530944444,3.451,1.12699269527778,3.482
1.11898669138889,3.533,1.11899321027778,3.451,1.12727049138889,3.482
1.11926425666667,3.533,1.11927075055556,3.451,1.12754861416667,3.482
1.11954225583333,3.533,1.11954906333333,3.451,1.12782666722222,3.482
1.11982010472222,3.533,1.11982684277778,3.461,1.12810455555556,3.482
1.12009794861111,3.533,1.12010439416667,3.461,1.12838244583333,3.482
1.12037578638889,3.533,1.12038218222222,3.451,1.12866044333333,3.482
1.12065333833333,3.533,1.12066009638889,3.451,1.12893811694444,3.482
1.12093133027778,3.533,1.12093830472222,3.461,1.12921603138889,3.482
1.12120924416667,3.533,1.12121574472222,3.461,1.12949388472222,3.482
1.12148710972222,3.533,1.12149363194444,3.451,1.12977136916667,3.482
1.12176458916667,3.543,1.12177186916667,3.461,1.13004973972222,3.482
1.12204230722222,3.543,1.12204937388889,3.461,1.13032757361111,3.482
1.12232023027778,3.533,1.12232710722222,3.461,1.13060529305556,3.482
1.12259779527778,3.533,1.12260520111111,3.461,1.13088315361111,3.482
1.12287581888889,3.533,1.12288278222222,3.451,1.13116157138889,3.482
1.12315368194444,3.533,1.12316087083333,3.461,1.13143950916667,3.482
1.12343136527778,3.533,1.12343899972222,3.461,1.13171716888889,3.482
1.123709385,3.533,1.12371658722222,3.461,1.13199512972222,3.482
1.12398726722222,3.533,1.12399446638889,3.461,1.13227248972222,3.482
1.12426515722222,3.533,1.12427201111111,3.461,1.13255046583333,3.482
1.12454296972222,3.533,1.12454991361111,3.451,1.13282829055556,3.482
1.12482073444444,3.533,1.12482758361111,3.461,1.13310580138889,3.482
1.12509815388889,3.533,1.12510557916667,3.461,1.13338381833333,3.482
1.12537606833333,3.533,1.12538357805556,3.451,1.13366160194444,3.482
1.12565394416667,3.533,1.12566120861111,3.461,1.13393936722222,3.482
1.12593202944444,3.543,1.12593889583333,3.461,1.13421719666667,3.482
1.126209385,3.543,1.12621694972222,3.451,1.13449490944444,3.482
1.12648789305556,3.533,1.12649514972222,3.461,1.13477305194444,3.492
1.12676581722222,3.543,1.12677260194444,3.461,1.13505077861111,3.482
1.12704356666667,3.543,1.12705047361111,3.461,1.13532880277778,3.482
1.12732169333333,3.543,1.12732805861111,3.461,1.13560675888889,3.492
1.12759980694444,3.543,1.12760623472222,3.461,1.13588450055556,3.482
1.12787765388889,3.543,1.12788423277778,3.461,1.13616200055556,3.492
1.12815555555556,3.533,1.1281621225,3.461,1.13644007944444,3.482
1.12843311388889,3.543,1.12844002361111,3.461,1.1367181625,3.482
1.12871106416667,3.543,1.1287178275,3.461,1.136995805,3.482
1.12898885166667,3.533,1.12899606916667,3.461,1.13727395027778,3.492
1.12926715138889,3.543,1.12927386777778,3.461,1.13755215416667,3.482
1.12954482777778,3.543,1.12955168583333,3.461,1.13782983333333,3.482
1.12982270361111,3.533,1.12982955388889,3.461,1.13810756944444,3.492
1.13010037638889,3.543,1.130107205,3.461,1.13838543527778,3.492
1.13037847194444,3.543,1.13038542416667,3.461,1.13866308583333,3.492
1.13065596416667,3.543,1.13066323527778,3.461,1.13894105972222,3.492
1.13093408583333,3.533,1.13094109111111,3.461,1.13921895361111,3.482
1.13121225833333,3.543,1.13121890527778,3.461,1.13949667777778,3.482
1.13148973527778,3.543,1.13149672388889,3.461,1.13977456694444,3.492
1.13176785277778,3.543,1.13177447138889,3.461,1.14005283833333,3.492
1.13204556722222,3.543,1.1320524975,3.461,1.14033025944444,3.492
1.13232359611111,3.543,1.13233034888889,3.461,1.14060838361111,3.492
1.13260190611111,3.543,1.13260852222222,3.461,1.14088599944444,3.492
1.13287987083333,3.543,1.132886225,3.461,1.14116411166667,3.492
1.13315721638889,3.543,1.13316400027778,3.461,1.14144214805556,3.492
1.13343503194444,3.543,1.13344167472222,3.461,1.14171991944444,3.492
1.13371314388889,3.533,1.1337195375,3.461,1.14199770361111,3.492
1.13399103166667,3.543,1.13399757916667,3.461,1.14227535666667,3.492
1.13426884416667,3.543,1.13427567666667,3.461,1.14255367944444,3.492
1.13454698666667,3.543,1.13455342277778,3.461,1.14283116916667,3.492
1.13482465694444,3.543,1.13483137083333,3.461,1.14310912972222,3.492
1.13510251166667,3.543,1.1351091375,3.461,1.14338684833333,3.492
1.13538032638889,3.543,1.13538740611111,3.461,1.14366474666667,3.492
1.13565804194444,3.543,1.13566509361111,3.461,1.14394242166667,3.492
1.13593581416667,3.543,1.13594331,3.461,1.14422020861111,3.492
1.13621371916667,3.543,1.13622137722222,3.461,1.1444979375,3.492
1.13649177527778,3.543,1.13649889694444,3.461,1.14477551138889,3.492
1.13676923138889,3.543,1.13677684777778,3.461,1.14505354888889,3.492
1.13704724555556,3.543,1.13705460444444,3.461,1.14533103833333,3.492
1.1373247025,3.543,1.13733230388889,3.461,1.14560879611111,3.492
1.13760258888889,3.543,1.13761037388889,3.461,1.14588694083333,3.492
1.13788115305556,3.543,1.13788865194444,3.461,1.1461645825,3.492
1.13815898277778,3.543,1.13816654833333,3.461,1.14644246305556,3.492
1.13843686388889,3.543,1.13844451944444,3.461,1.14672037638889,3.492
1.13871478361111,3.543,1.13872269694444,3.461,1.14699826555556,3.492
1.13899271472222,3.543,1.13900043333333,3.461,1.14727610944444,3.492
1.13927078472222,3.543,1.13927811166667,3.461,1.14755435388889,3.492
1.13954899888889,3.543,1.13955618722222,3.461,1.14783201388889,3.492
1.13982669944444,3.543,1.13983383305556,3.461,1.14810991722222,3.492
1.14010485694444,3.543,1.14011177277778,3.461,1.14838812083333,3.492
1.14038275638889,3.543,1.14038951361111,3.461,1.14866570333333,3.492
1.14066076833333,3.543,1.14066744944444,3.461,1.14894390138889,3.492
1.14093868583333,3.543,1.14094538222222,3.461,1.14922187111111,3.492
1.14121681666667,3.543,1.1412232625,3.461,1.14949975888889,3.492
1.14149444611111,3.543,1.14150109638889,3.461,1.14977752555556,3.492
1.14177217722222,3.543,1.14177859888889,3.461,1.150055675,3.492
1.1420501,3.543,1.14205646111111,3.461,1.15033355916667,3.492
1.14232836777778,3.543,1.14233457333333,3.461,1.15061169333333,3.492
1.14260615638889,3.543,1.14261224111111,3.461,1.15088971916667,3.492
1.14288379444444,3.543,1.14289020527778,3.461,1.15116746055556,3.492
1.14316182916667,3.543,1.14316794611111,3.461,1.15144506555556,3.492
1.14343947777778,3.543,1.1434457575,3.461,1.15172304694444,3.492
1.14371705305556,3.543,1.14372365388889,3.461,1.15200080333333,3.492
1.14399473388889,3.543,1.14400170305556,3.461,1.15227852,3.492
1.14427282361111,3.543,1.14427989055556,3.461,1.152556715,3.492
1.14455083444444,3.543,1.14455758611111,3.472,1.15283452305556,3.492
1.14482827333333,3.543,1.14483542222222,3.461,1.15311231277778,3.492
1.14510614361111,3.543,1.14511314861111,3.461,1.15339021416667,3.492
1.14538386944444,3.543,1.14539081222222,3.461,1.15366839083333,3.492
1.14566168083333,3.543,1.14566869555556,3.461,1.15394622083333,3.492
1.14593943694444,3.543,1.14594663472222,3.461,1.15422399055556,3.492
1.146217495,3.543,1.1462241225,3.461,1.15450166638889,3.492
1.14649569638889,3.543,1.14650231361111,3.461,1.15477972527778,3.502
1.14677345972222,3.543,1.14677973638889,3.461,1.15505787805556,3.502
1.14705118472222,3.543,1.14705799416667,3.461,1.15533549611111,3.502
1.14732896555556,3.543,1.14733563361111,3.461,1.15561333361111,3.492
1.14760664416667,3.543,1.14761382333333,3.461,1.15589166972222,3.492
1.14788480277778,3.543,1.14789146722222,3.461,1.15616928777778,3.492
1.14816289027778,3.543,1.14816922861111,3.472,1.15644716111111,3.502
1.14844051583333,3.543,1.14844747277778,3.461,1.15672500305556,3.492
1.14871877083333,3.543,1.14872543083333,3.461,1.15700291833333,3.502
1.14899638166667,3.543,1.14900324,3.461,1.1572806125,3.492
1.14927447722222,3.543,1.14928108111111,3.461,1.15755891888889,3.502
1.14955221361111,3.543,1.14955930388889,3.472,1.15783665027778,3.492
1.14983045138889,3.543,1.14983698166667,3.461,1.15811446472222,3.502
1.15010801,3.543,1.15011514166667,3.472,1.15839227638889,3.502
1.15038621166667,3.543,1.15039301194444,3.461,1.15867022527778,3.502
1.15066406888889,3.543,1.15067081944444,3.461,1.15894833861111,3.492
1.15094168305556,3.543,1.150948415,3.461,1.15922619861111,3.502
1.15121946527778,3.543,1.15122691305556,3.461,1.15950400166667,3.492
1.15149761027778,3.543,1.15150418805556,3.461,1.15978176777778,3.502
1.15177525305556,3.543,1.15178239277778,3.461,1.16006009444444,3.502
1.15205370555556,3.543,1.15206001166667,3.472,1.16033784916667,3.502
1.15233157277778,3.543,1.15233794583333,3.472,1.16061594583333,3.502
1.15260926388889,3.543,1.15261589361111,3.472,1.1608939525,3.502
1.15288739777778,3.543,1.15289375916667,3.472,1.1611716,3.502
1.15316545444444,3.543,1.15317157638889,3.472,1.16144958194444,3.502
1.153443165,3.543,1.15344921527778,3.472,1.16172736666667,3.502
1.15372077166667,3.543,1.1537270175,3.472,1.16200508361111,3.502
1.15399884166667,3.543,1.1540045975,3.472,1.1622828225,3.502
1.15427709527778,3.543,1.15428262055556,3.472,1.16256062333333,3.502
1.15455486111111,3.543,1.15456076722222,3.472,1.16283870777778,3.502
1.15483292555556,3.543,1.15483835055556,3.472,1.16311649916667,3.502
1.15511055805556,3.543,1.15511625972222,3.461,1.16339451166667,3.502
1.15538868194444,3.543,1.15539400277778,3.472,1.16367257916667,3.502
1.15566644861111,3.543,1.15567194444444,3.472,1.16395059722222,3.502
1.15594412666667,3.543,1.15594987472222,3.472,1.16422843611111,3.502
1.15622218333333,3.543,1.15622763305556,3.472,1.16450632916667,3.502
1.15650026305556,3.543,1.15650588194444,3.472,1.16478406222222,3.502
1.15677852916667,3.543,1.15678379194444,3.472,1.16506196055556,3.502
1.157056065,3.543,1.15706145805556,3.472,1.16533968777778,3.502
1.15733414694444,3.543,1.15733921388889,3.472,1.16561777388889,3.502
1.15761190333333,3.543,1.15761731111111,3.472,1.165895745,3.502
1.15789008527778,3.543,1.15789550138889,3.472,1.16617361166667,3.502
1.15816777,3.543,1.15817312361111,3.472,1.16645152194444,3.502
1.15844552083333,3.543,1.15845122611111,3.472,1.16672943916667,3.502
1.15872365527778,3.543,1.15872928333333,3.472,1.16700753583333,3.502
1.15900159916667,3.543,1.15900755138889,3.472,1.16728524527778,3.502
1.15927913805556,3.543,1.15928522527778,3.472,1.16756308833333,3.502
1.15955690916667,3.543,1.15956327416667,3.472,1.16784097222222,3.502
1.15983500472222,3.543,1.15984057416667,3.472,1.16811911861111,3.502
1.16011247527778,3.543,1.16011871916667,3.472,1.16839693138889,3.502
1.16039055472222,3.543,1.16039659277778,3.472,1.16867483972222,3.502
1.16066863222222,3.543,1.16067493694444,3.482,1.16895237166667,3.502
1.16094650277778,3.543,1.16095245777778,3.472,1.16923025416667,3.502
1.16122426194444,3.543,1.16123030416667,3.472,1.16950802611111,3.502
1.16150229638889,3.543,1.16150840305556,3.472,1.16978574222222,3.502
1.16178005333333,3.543,1.1617866225,3.472,1.17006351055556,3.502
1.16205770166667,3.543,1.16206494027778,3.472,1.17034160944444,3.502
1.162335635,3.543,1.16234258027778,3.472,1.17061980583333,3.502
1.16261313305556,3.543,1.16262039916667,3.472,1.17089785361111,3.502
1.16289118305556,3.543,1.16289838583333,3.472,1.17117589222222,3.502
1.16316892472222,3.553,1.16317615138889,3.472,1.17145373138889,3.512
1.16344658138889,3.543,1.16345439277778,3.472,1.17173130805556,3.502
1.16372453861111,3.543,1.16373209194444,3.472,1.17200946,3.502
1.16400235166667,3.553,1.1640097225,3.472,1.17228753694444,3.502
1.16428027472222,3.543,1.16428772722222,3.472,1.17256532916667,3.502
1.16455773472222,3.543,1.16456533027778,3.472,1.172843265,3.512
1.16483620861111,3.543,1.1648432625,3.472,1.17312121333333,3.502
1.16511399694444,3.543,1.16512081444444,3.472,1.17339877444444,3.512
1.16539196388889,3.553,1.16539870027778,3.472,1.17367694722222,3.512
1.16567020138889,3.543,1.16567641888889,3.482,1.17395506555556,3.512
1.1659481675,3.543,1.16595418055556,3.472,1.17423296694444,3.512
1.16622593583333,3.543,1.16623194666667,3.482,1.17451073527778,3.502
1.16650406222222,3.543,1.16651015888889,3.472,1.1747884075,3.512
1.16678188805556,3.543,1.16678799555556,3.472,1.17506606916667,3.512
1.16705993527778,3.553,1.16706564694444,3.472,1.17534378333333,3.512
1.16733789805556,3.543,1.16734351694444,3.482,1.17562192527778,3.512
1.16761563416667,3.543,1.16762158305556,3.472,1.17589987,3.502
1.16789319666667,3.553,1.16789934527778,3.482,1.17617784222222,3.512
1.16817156861111,3.553,1.16817711527778,3.472,1.17645516194444,3.512
1.16844954166667,3.543,1.16845461722222,3.472,1.17673359222222,3.512
1.16872718361111,3.553,1.16873252527778,3.472,1.17701097111111,3.512
1.16900511583333,3.553,1.16901011138889,3.482,1.17728877694444,3.512
1.16928303055556,3.553,1.16928783388889,3.472,1.17756700138889,3.502
1.16956115638889,3.543,1.16956562694444,3.482,1.17784463666667,3.512
1.16983885861111,3.553,1.16984378388889,3.482,1.17812276916667,3.512
1.17011668416667,3.553,1.17012146083333,3.482,1.17840075888889,3.512
1.17039458472222,3.543,1.17039920472222,3.482,1.17867830361111,3.512
1.17067211805556,3.553,1.17067699611111,3.482,1.17895606888889,3.512
1.17095000305556,3.553,1.17095525333333,3.482,1.17923404083333,3.512
1.17122770916667,3.553,1.17123289222222,3.482,1.17951157777778,3.512
1.17150564194444,3.553,1.17151058055556,3.482,1.17978967777778,3.512
1.17178381666667,3.543,1.17178869638889,3.482,1.18006746138889,3.512
1.17206197944444,3.553,1.17206651111111,3.482,1.18034560472222,3.512
1.17233990388889,3.543,1.17234462944444,3.482,1.18062329888889,3.512
1.17261779833333,3.543,1.17262264611111,3.482,1.18090128305556,3.512
1.17289526722222,3.553,1.17290032888889,3.482,1.18117916916667,3.512
1.17317379666667,3.543,1.17317813833333,3.482,1.18145699027778,3.512
1.1734513725,3.543,1.17345631833333,3.472,1.18173487333333,3.512
1.17372925444444,3.543,1.17373417222222,3.472,1.18201305111111,3.512
1.17400701277778,3.553,1.17401145861111,3.482,1.18229049055556,3.512
1.17428504611111,3.553,1.17428953527778,3.482,1.18256858805556,3.512
1.17456305166667,3.553,1.1745672825,3.482,1.18284675277778,3.512
1.1748409225,3.553,1.17484543194444,3.482,1.18312464083333,3.512
1.17511878555556,3.553,1.17512341194444,3.482,1.18340233805556,3.512
1.17539659,3.553,1.17540114972222,3.482,1.1836803225,3.512
1.17567440666667,3.553,1.17567897055556,3.482,1.18395841138889,3.512
1.17595286527778,3.553,1.17595716555556,3.482,1.18423621611111,3.512
1.17623054944444,3.553,1.17623474194444,3.482,1.1845139575,3.512
1.17650847972222,3.553,1.1765127125,3.482,1.18479169166667,3.512
1.17678581972222,3.553,1.17679054194444,3.482,1.18506936361111,3.512
1.17706408472222,3.543,1.1770683425,3.482,1.18534749027778,3.523
1.17734194833333,3.553,1.17734664111111,3.482,1.18562539638889,3.512
1.17761977833333,3.553,1.17762413194444,3.482,1.18590344805556,3.512
1.17789797611111,3.553,1.17790213805556,3.482,1.18618115694444,3.512
1.1781756525,3.553,1.17817981,3.482,1.18645875333333,3.512
1.17845381194444,3.553,1.17845796138889,3.482,1.18673658194444,3.512
1.17873133,3.543,1.17873585638889,3.482,1.18701463472222,3.523
1.17900935638889,3.553,1.17901372055556,3.482,1.18729248388889,3.512
1.17928721694444,3.553,1.1792918175,3.482,1.18757061611111,3.523
1.17956520416667,3.553,1.179569675,3.482,1.18784844694444,3.523
1.17984283166667,3.553,1.17984767194444,3.482,1.18812626888889,3.512
1.18012083388889,3.553,1.18012536555556,3.482,1.18840409,3.512
1.18039848194444,3.553,1.18040355194444,3.482,1.18868176361111,3.523
1.180676385,3.553,1.18068126694444,3.482,1.18895997027778,3.523
1.1809538775,3.553,1.18095937361111,3.482,1.18923771416667,3.512
1.18123161222222,3.553,1.18123672,3.482,1.1895156875,3.512
1.18150939055556,3.553,1.18151497194444,3.482,1.18979362722222,3.523
1.18178757388889,3.553,1.18179250222222,3.482,1.19007153944444,3.523
1.18206522333333,3.553,1.18207036111111,3.482,1.19034945138889,3.512
1.18234295833333,3.553,1.18234810805556,3.482,1.19062701138889,3.512
1.18262091666667,3.553,1.18262606388889,3.482,1.1909049875,3.523
1.18289847055556,3.553,1.18290386388889,3.482,1.19118280277778,3.523
1.18317634777778,3.553,1.18318176583333,3.482,1.1914604875,3.523
1.18345457888889,3.553,1.18345945388889,3.482,1.19173857694444,3.523
1.18373243944444,3.553,1.18373766444444,3.482,1.1920166575,3.523
1.18401047722222,3.553,1.1840153025,3.482,1.19229440527778,3.523
1.18428841805556,3.553,1.18429318166667,3.482,1.19257203833333,3.523
1.18456633666667,3.553,1.18457127111111,3.482,1.19284961527778,3.523
1.18484399527778,3.553,1.18484943805556,3.482,1.19312757611111,3.523
1.18512209916667,3.553,1.18512760333333,3.482,1.19340563944444,3.523
1.18540011805556,3.553,1.18540538222222,3.482,1.19368369,3.523
1.18567779805556,3.553,1.18568380444444,3.482,1.1939613625,3.523
1.18595556388889,3.553,1.18596185444444,3.482,1.19423941722222,3.523
1.18623326194444,3.553,1.18623951194444,3.482,1.19451722666667,3.523
1.1865115475,3.553,1.18651741416667,3.482,1.19479540361111,3.523
1.18678918555556,3.553,1.18679485611111,3.482,1.19507306444444,3.523
1.18706686722222,3.553,1.18707278916667,3.482,1.19535124388889,3.523
1.18734483361111,3.553,1.18735054861111,3.482,1.19562884527778,3.523
1.18762290027778,3.553,1.18762838277778,3.482,1.19590688361111,3.523
1.18790044833333,3.553,1.18790667583333,3.482,1.19618455527778,3.523
1.18817824694444,3.553,1.18818493611111,3.482,1.19646256638889,3.523
1.18845586027778,3.553,1.18846300805556,3.482,1.19674016805556,3.523
1.18873420666667,3.553,1.18874069916667,3.482,1.19701830638889,3.523
1.18901193138889,3.563,1.18901852,3.482,1.19729614444444,3.523
1.18928987666667,3.553,1.18929623916667,3.482,1.19757423055556,3.523
1.18956778111111,3.553,1.18957404472222,3.492,1.19785187416667,3.523
1.18984525027778,3.553,1.18985177472222,3.482,1.19812995694444,3.533
1.19012332555556,3.553,1.19012948416667,3.482,1.19840782722222,3.523
1.19040089388889,3.553,1.19040706555556,3.482,1.19868553833333,3.523
1.19067881166667,3.553,1.19068472833333,3.482,1.198963335,3.523
1.19095687694444,3.553,1.19096279277778,3.492,1.19924139944444,3.523
1.19123442833333,3.553,1.191240945,3.492,1.19951950805556,3.523
1.19151229388889,3.553,1.19151903722222,3.482,1.19979719888889,3.523
1.19179025416667,3.553,1.19179719194444,3.492,1.20007504305556,3.523
1.19206777944444,3.553,1.19207502944444,3.492,1.20035290305556,3.533
1.19234578472222,3.553,1.19235308583333,3.482,1.20063072861111,3.523
1.19262354277778,3.553,1.192630715,3.492,1.20090886583333,3.523
1.19290168833333,3.553,1.19290908055556,3.492,1.20118691444444,3.523
1.19317955694444,3.553,1.1931869275,3.482,1.20146430055556,3.523
1.19345739222222,3.553,1.19346417694444,3.492,1.20174214666667,3.533
1.19373527083333,3.563,1.19374198027778,3.492,1.20202030416667,3.523
1.19401349972222,3.553,1.1940202125,3.492,1.202297955,3.523
1.19429148166667,3.553,1.19429831305556,3.492,1.20257622472222,3.523
1.19456929055556,3.553,1.19457620166667,3.492,1.20285402138889,3.523
1.19484665138889,3.553,1.19485435388889,3.492,1.20313189416667,3.523
1.19512462916667,3.553,1.19513213055556,3.492,1.20340932333333,3.523
1.19540229027778,3.553,1.19540991027778,3.492,1.20368736861111,3.523
1.19568045805556,3.553,1.19568743055556,3.492,1.20396525194444,3.533
1.195957845,3.553,1.19596538333333,3.492,1.20424318888889,3.523
1.19623626388889,3.553,1.19624316916667,3.492,1.20452121583333,3.533
1.19651415222222,3.563,1.19652126611111,3.492,1.2047992875,3.533
1.19679205416667,3.553,1.19679909527778,3.492,1.20507702916667,3.533
1.19706970722222,3.553,1.197076845,3.492,1.20535489,3.533
1.19734770888889,3.553,1.19735424722222,3.492,1.20563290583333,3.533
1.19762574388889,3.563,1.19763267,3.492,1.20591066722222,3.533
1.19790348194444,3.553,1.197910445,3.492,1.20618850361111,3.533
1.19818112333333,3.553,1.19818790277778,3.492,1.20646638333333,3.533
1.19845914888889,3.563,1.19846603,3.492,1.20674394777778,3.533
1.19873729611111,3.553,1.19874351027778,3.492,1.20702194722222,3.533
1.19901467694444,3.563,1.19902143472222,3.492,1.20729970527778,3.533
1.19929278972222,3.553,1.19929965666667,3.492,1.20757770305556,3.533
1.19957043944444,3.553,1.19957758694444,3.492,1.207855445,3.533
1.19984834972222,3.563,1.19985542861111,3.492,1.20813331722222,3.533
1.20012595083333,3.553,1.20013350777778,3.492,1.20841109222222,3.533
1.20040381055556,3.553,1.20041113277778,3.492,1.20868924527778,3.533
1.20068151361111,3.553,1.20068938361111,3.492,1.20896660388889,3.533
1.20095938472222,3.553,1.20096692166667,3.492,1.20924457666667,3.533
1.20123745222222,3.563,1.20124479888889,3.492,1.20952249277778,3.533
1.2015157575,3.563,1.20152240083333,3.492,1.20979986972222,3.533
1.20179371722222,3.553,1.20180036,3.492,1.21007780416667,3.533
1.20207166944444,3.563,1.20207854416667,3.492,1.21035545555556,3.533
1.20234958055556,3.563,1.20235602555556,3.492,1.2106336375,3.533
1.20262738333333,3.563,1.20263362972222,3.492,1.21091137777778,3.533
1.20290507333333,3.563,1.20291191388889,3.492,1.21118902833333,3.533
1.20318286583333,3.563,1.20318962472222,3.492,1.21146688222222,3.533
1.20346099833333,3.563,1.20346748722222,3.492,1.21174477722222,3.533
1.2037385725,3.563,1.20374549194444,3.492,1.21202300583333,3.533
1.20401650138889,3.563,1.20402304277778,3.492,1.2123008025,3.533
1.20429411805556,3.563,1.20430098361111,3.502,1.21257860972222,3.533
1.20457254861111,3.553,1.20457885027778,3.492,1.21285703388889,3.533
1.20485043333333,3.553,1.20485702805556,3.492,1.21313460388889,3.533
1.2051280275,3.563,1.20513485694444,3.492,1.21341238611111,3.533
1.20540589388889,3.553,1.20541295805556,3.492,1.21369060166667,3.533
1.205683595,3.553,1.20569033944444,3.492,1.21396794277778,3.533
1.2059615775,3.563,1.20596847944444,3.492,1.21424569388889,3.533
1.20623921277778,3.563,1.20624630722222,3.492,1.21452367833333,3.533
1.20651713333333,3.563,1.20652421638889,3.492,1.21480161527778,3.533
1.20679480611111,3.563,1.20680245027778,3.492,1.2150795775,3.543
1.20707278777778,3.563,1.20708035777778,3.502,1.21535749055556,3.533
1.20735095833333,3.563,1.20735809083333,3.492,1.21563567277778,3.533
1.20762865722222,3.553,1.20763596138889,3.492,1.21591395194444,3.533
1.2079064075,3.553,1.20791384777778,3.492,1.21619176666667,3.533
1.20818413527778,3.553,1.20819165527778,3.492,1.216469485,3.533
1.20846191527778,3.563,1.20846934222222,3.492,1.21674728166667,3.533
1.20873989777778,3.553,1.20874696666667,3.492,1.21702484972222,3.533
1.20901759305556,3.563,1.20902483027778,3.492,1.21730256472222,3.533
1.20929539861111,3.563,1.2093028125,3.502,1.2175805025,3.533
1.20957319694444,3.563,1.20958098388889,3.492,1.21785825027778,3.533
1.20985089027778,3.563,1.20985864166667,3.492,1.21813604555556,3.533
1.21012884027778,3.563,1.21013644972222,3.502,1.21841386416667,3.543
1.21040687083333,3.563,1.21041468833333,3.492,1.21869200111111,3.543
1.21068456527778,3.563,1.21069222472222,3.492,1.21896964055556,3.533
1.21096198388889,3.563,1.21097039694444,3.502,1.21924737777778,3.543
1.21124001444444,3.563,1.21124829777778,3.502,1.21952565388889,3.533
1.21151786777778,3.563,1.21152648166667,3.502,1.21980338388889,3.533
1.21179573694444,3.563,1.21180441944444,3.502,1.22008107944444,3.533
1.21207400916667,3.563,1.21208225638889,3.502,1.22035923638889,3.543
1.21235170666667,3.563,1.21236025277778,3.502,1.22063684,3.543
1.21262944166667,3.563,1.21263809555556,3.492,1.22091517277778,3.543
1.21290710722222,3.563,1.21291629222222,3.502,1.2211930025,3.543
1.21318466444444,3.563,1.21319414833333,3.502,1.22147085944444,3.543
1.21346271027778,3.563,1.21347172027778,3.502,1.22174874861111,3.543
1.21374073027778,3.563,1.21374980805556,3.502,1.22202625777778,3.543
1.21401878666667,3.563,1.21402788888889,3.492,1.22230467361111,3.543
1.21429640333333,3.563,1.21430582138889,3.502,1.22258242472222,3.533
1.21457415138889,3.563,1.21458344027778,3.502,1.22286012055556,3.543
1.21485202138889,3.563,1.21486135527778,3.502,1.22313789333333,3.543
1.2151296425,3.563,1.2151391075,3.502,1.22341558222222,3.543
1.21540717972222,3.563,1.21541683833333,3.502,1.22369394277778,3.543
1.21568495055556,3.563,1.21569485638889,3.502,1.22397182138889,3.543
1.21596310027778,3.563,1.21597258055556,3.502,1.22424953111111,3.543
1.21624118277778,3.563,1.21625063777778,3.502,1.2245275675,3.543
1.21651886861111,3.563,1.21652861083333,3.502,1.224805355,3.543
1.216796715,3.563,1.21680624277778,3.502,1.22508302444444,3.543
1.21707454444444,3.563,1.21708403444444,3.502,1.22536113472222,3.543
1.21735292777778,3.563,1.217361915,3.492,1.22563881611111,3.543
1.21763042194444,3.563,1.21763975166667,3.502,1.22591634194444,3.543
1.21790884694444,3.563,1.21791749166667,3.502,1.2261946375,3.543
1.21818707916667,3.563,1.21819525277778,3.502,1.22647236472222,3.543
1.21846550583333,3.563,1.21847313194444,3.502,1.22675023138889,3.543
1.21874349527778,3.563,1.21875117972222,3.502,1.22702799694444,3.543
1.21902113444444,3.563,1.21902893416667,3.502,1.22730590722222,3.543
1.21929914166667,3.563,1.21930683,3.502,1.22758351583333,3.543
1.21957689055556,3.563,1.21958492277778,3.502,1.2278613225,3.543
1.21985473555556,3.563,1.21986254277778,3.502,1.22813946944444,3.543
1.22013274944444,3.563,1.22014041166667,3.502,1.2284171225,3.543
1.220410745,3.563,1.22041860388889,3.502,1.22869487416667,3.543
1.22068844027778,3.563,1.22069662222222,3.502,1.22897311833333,3.543
1.22096635888889,3.563,1.22097433444444,3.502,1.22925080138889,3.543
1.2212441825,3.563,1.22125205111111,3.502,1.22952894277778,3.543
1.22152225805556,3.563,1.22152977111111,3.502,1.22980700277778,3.543
1.22180019722222,3.563,1.2218076725,3.502,1.23008482972222,3.543
1.22207837694444,3.563,1.22208519861111,3.502,1.23036276722222,3.543
1.22235604583333,3.563,1.222363105,3.502,1.2306405075,3.543
1.22263380444444,3.563,1.22264058944444,3.502,1.23091813027778,3.543
1.22291190777778,3.563,1.22291857277778,3.502,1.2311960225,3.543
1.22318994472222,3.563,1.22319650722222,3.502,1.23147422361111,3.543
1.223468005,3.563,1.22347436055556,3.502,1.23175167111111,3.543
1.22374558583333,3.563,1.22375172305556,3.502,1.2320301125,3.543
1.22402376666667,3.563,1.22402993638889,3.502,1.23230767861111,3.543
1.22430173694444,3.563,1.22430765583333,3.502,1.23258562444444,3.543
1.22457942916667,3.563,1.2245854025,3.502,1.23286312722222,3.543
1.22485751277778,3.563,1.22486314805556,3.502,1.23314121472222,3.543
1.22513529416667,3.563,1.2251413025,3.502,1.23341905888889,3.543
1.22541350138889,3.563,1.22541892805556,3.502,1.2336972925,3.543
1.225690785,3.563,1.22569709666667,3.502,1.23397497472222,3.543
1.22596912833333,3.563,1.22597522611111,3.502,1.23425266388889,3.543
1.22624698472222,3.563,1.22625292944444,3.502,1.23453025027778,3.543
1.22652467055556,3.563,1.22653080361111,3.512,1.23480823972222,3.543
1.22680235527778,3.563,1.22680848111111,3.502,1.23508607777778,3.543
1.2270802775,3.563,1.22708649861111,3.502,1.23536391388889,3.543
1.22735861583333,3.563,1.22736466944444,3.502,1.23564127222222,3.543
1.22763658166667,3.563,1.22764199111111,3.502,1.23591956388889,3.543
1.22791472333333,3.563,1.22792036083333,3.512,1.23619716638889,3.543
1.22819284055556,3.563,1.22819819861111,3.502,1.23647536138889,3.543
1.22847057916667,3.563,1.22847626583333,3.512,1.23675301055556,3.543
1.22874841138889,3.563,1.2287540575,3.502,1.23703070416667,3.543
1.22902614277778,3.563,1.22903208638889,3.502,1.23730880361111,3.543
1.22930385555556,3.563,1.22930973472222,3.502,1.23758683916667,3.543
1.22958174666667,3.563,1.22958758,3.502,1.23786460388889,3.543
1.22985950277778,3.563,1.2298653875,3.502,1.23814282388889,3.543
1.23013725666667,3.563,1.23014307027778,3.512,1.23842029777778,3.543
1.23041514916667,3.563,1.23042077361111,3.502,1.23869825694444,3.553
1.2306927175,3.563,1.23069853916667,3.502,1.23897607916667,3.543
1.23097103277778,3.563,1.2309766025,3.502,1.2392542025,3.543
1.23124872777778,3.563,1.23125447861111,3.512,1.23953202888889,3.543
1.23152680833333,3.563,1.23153261027778,3.512,1.23980944361111,3.543
1.2318044875,3.563,1.23181025611111,3.512,1.2400874,3.543
1.23208221361111,3.563,1.23208809722222,3.512,1.24036502777778,3.543
1.23236017388889,3.563,1.23236567666667,3.512,1.24064291666667,3.543
1.23263804055556,3.563,1.23264380305556,3.512,1.24092085694444,3.543
1.23291602888889,3.563,1.232921905,3.512,1.24119852833333,3.543
1.23319391833333,3.563,1.23319977666667,3.512,1.24147643,3.543
1.23347173194444,3.563,1.23347795777778,3.512,1.24175408805556,3.543
1.23374934722222,3.563,1.23375612888889,3.512,1.24203231,3.543
1.23402750888889,3.563,1.23403374027778,3.512,1.242310195,3.543
1.23430506694444,3.563,1.23431145277778,3.512,1.2425883625,3.543
1.23458314805556,3.563,1.23458944,3.512,1.24286671916667,3.553
1.23486109416667,3.563,1.23486716916667,3.512,1.24314470722222,3.553
1.23513890861111,3.563,1.23514490638889,3.512,1.24342283527778,3.543
1.23541665138889,3.563,1.23542264638889,3.512,1.24370068166667,3.553
1.23569455555556,3.563,1.23570077555556,3.512,1.24397890916667,3.543
1.2359719675,3.563,1.23597886972222,3.512,1.24425666416667,3.543
1.23625007361111,3.563,1.23625663666667,3.512,1.24453444472222,3.543
1.2365279925,3.563,1.23653423611111,3.512,1.24481228166667,3.543
1.23680592888889,3.563,1.23681217611111,3.512,1.2450899175,3.553
1.23708398888889,3.563,1.23709003055556,3.512,1.24536812527778,3.543
1.23736198611111,3.563,1.23736792972222,3.512,1.24564646027778,3.553
1.23763979833333,3.563,1.23764634555556,3.512,1.24592381083333,3.543
1.23791718638889,3.563,1.23792399583333,3.512,1.246201755,3.553
1.23819529388889,3.563,1.23820214194444,3.512,1.24647969861111,3.543
1.23847308222222,3.563,1.23847992361111,3.512,1.24675766805556,3.553
1.23875051861111,3.563,1.23875759055556,3.512,1.24703548944444,3.553
1.23902859305556,3.563,1.23903529666667,3.512,1.24731365333333,3.553
1.23930715194444,3.563,1.2393132775,3.512,1.2475915725,3.553
1.23958458861111,3.563,1.23959099555556,3.512,1.24786980083333,3.553
1.2398626975,3.563,1.23986883472222,3.512,1.24814737972222,3.553
1.24014053222222,3.563,1.24014663666667,3.512,1.24842571361111,3.553
1.24041843333333,3.563,1.24042460583333,3.512,1.24870393416667,3.553
1.240696205,3.563,1.24070226416667,3.512,1.24898148583333,3.553
1.24097405388889,3.563,1.24098036083333,3.523,1.24925945861111,3.553
1.24125203583333,3.563,1.24125823305556,3.512,1.2495372,3.553
1.2415303025,3.563,1.24153607805556,3.512,1.24981511055556,3.553
1.24180809027778,3.574,1.24181443055556,3.512,1.25009311583333,3.553
1.24208603444444,3.563,1.24209212916667,3.512,1.25037075111111,3.553
1.24236388611111,3.563,1.24236993527778,3.512,1.25064894305556,3.553
1.24264162222222,3.563,1.24264793083333,3.512,1.2509270575,3.553
1.24291968361111,3.563,1.24292561888889,3.512,1.25120434805556,3.553
1.24319757666667,3.563,1.24320369472222,3.512,1.25148280138889,3.553
1.24347566666667,3.563,1.24348145861111,3.512,1.25176061444444,3.553
1.24375329583333,3.563,1.24375963472222,3.512,1.25203819388889,3.553
1.2440317325,3.563,1.244037315,3.512,1.25231579805556,3.553
1.24430946138889,3.563,1.24431517833333,3.523,1.25259387666667,3.553
1.24458736333333,3.563,1.24459305166667,3.512,1.25287154361111,3.553
1.24486500166667,3.563,1.24487092694444,3.523,1.25314933166667,3.553
1.24514248194444,3.574,1.245148595,3.512,1.25342732722222,3.553
1.245420525,3.563,1.2454270325,3.512,1.25370540472222,3.553
1.2456987025,3.563,1.24570510694444,3.512,1.25398326,3.553
1.24597633694444,3.563,1.24598329138889,3.523,1.25426131583333,3.553
1.24625414166667,3.563,1.2462607375,3.523,1.25453926,3.553
1.24653196361111,3.563,1.24653835555556,3.523,1.25481696805556,3.553
1.24681006916667,3.563,1.24681661388889,3.512,1.25509483666667,3.553
1.24708786,3.563,1.24709420972222,3.523,1.25537236611111,3.553
1.2473654425,3.574,1.24737249472222,3.512,1.25565043777778,3.553
1.24764343361111,3.563,1.24765012277778,3.523,1.25592837833333,3.553
1.24792109472222,3.563,1.24792787388889,3.523,1.25620632861111,3.553
1.24819888777778,3.574,1.24820583638889,3.523,1.25648410472222,3.553
1.24847672027778,3.563,1.24848380916667,3.523,1.25676183194444,3.553
1.248754465,3.574,1.24876185111111,3.523,1.25704020944444,3.553
1.24903197305556,3.563,1.249039435,3.523,1.257318235,3.553
1.24930997861111,3.563,1.24931742527778,3.523,1.25759584111111,3.553
1.24958779138889,3.563,1.24959476611111,3.523,1.25787368277778,3.563
1.24986562722222,3.563,1.24987322472222,3.523,1.25815158222222,3.553
1.25014312305556,3.563,1.25015062527778,3.523,1.25842924138889,3.553
1.25042111777778,3.574,1.25042905111111,3.512,1.25870687777778,3.553
1.2506989675,3.563,1.25070677611111,3.523,1.25898430805556,3.553
1.25097678916667,3.563,1.25098501944444,3.523,1.25926249333333,3.563
1.25125490305556,3.563,1.25126294305556,3.523,1.25954033833333,3.563
1.25153251527778,3.563,1.25154101361111,3.523,1.25981818527778,3.563
1.25180995361111,3.563,1.2518187,3.523,1.26009595361111,3.553
1.25208845611111,3.563,1.25209676027778,3.523,1.26037348333333,3.553
1.25236637194444,3.563,1.25237475416667,3.523,1.26065167138889,3.553
1.25264383805556,3.563,1.25265264277778,3.523,1.26092935916667,3.563
1.25292197388889,3.563,1.25293069694444,3.523,1.26120748916667,3.563
1.25320013222222,3.574,1.25320880138889,3.523,1.26148566444444,3.563
1.25347778694444,3.563,1.25348627027778,3.523,1.26176339805556,3.563
1.25375567777778,3.563,1.25376430166667,3.523,1.26204122,3.563
1.25403338972222,3.574,1.25404214361111,3.523,1.26231933111111,3.553
1.25431157972222,3.574,1.25432008888889,3.523,1.26259731888889,3.563
1.25458949694444,3.563,1.25459811305556,3.523,1.2628751825,3.563
1.25486717583333,3.574,1.25487627194444,3.523,1.26315289027778,3.563
1.25514504555556,3.563,1.25515418472222,3.523,1.26343069055556,3.553
1.25542324833333,3.563,1.25543173333333,3.523,1.26370834666667,3.563
1.25570101611111,3.574,1.25570987722222,3.523,1.26398617111111,3.563
1.25597888972222,3.574,1.25598759638889,3.523,1.26426377694444,3.563
1.25625670916667,3.563,1.25626545972222,3.523,1.26454228,3.553
1.25653471361111,3.574,1.25654302861111,3.523,1.26481984222222,3.563
1.25681219722222,3.563,1.25682079027778,3.523,1.26509776888889,3.563
1.25709047166667,3.563,1.25709861277778,3.523,1.26537551972222,3.563
1.25736828805556,3.574,1.25737611805556,3.523,1.26565340138889,3.563
1.25764614833333,3.574,1.25765433722222,3.523,1.26593136055556,3.563
1.25792385472222,3.563,1.25793204916667,3.523,1.26620922833333,3.563
1.25820158027778,3.563,1.25821022444444,3.523,1.26648681555556,3.553
1.25847918944444,3.574,1.25848828861111,3.523,1.26676445722222,3.563
1.25875726805556,3.563,1.25876590444444,3.523,1.26704245444444,3.553
1.25903535583333,3.574,1.25904439361111,3.523,1.26732015027778,3.563
1.25931325611111,3.574,1.25932173666667,3.523,1.267597895,3.563
1.25959095555556,3.563,1.25959969305556,3.523,1.26787562388889,3.563
1.25986859,3.563,1.25987787305556,3.533,1.26815373583333,3.563
1.2601466975,3.574,1.26015544472222,3.523,1.26843140138889,3.563
1.26042465416667,3.574,1.26043356277778,3.523,1.26870956666667,3.563
1.26070228722222,3.574,1.26071127833333,3.533,1.26898730361111,3.563
1.26098044222222,3.574,1.26098901833333,3.533,1.26926533416667,3.563
1.26125819638889,3.574,1.26126720138889,3.523,1.26954305666667,3.563
1.26153587305556,3.563,1.26154472722222,3.533,1.26982087138889,3.563
1.26181332833333,3.574,1.26182279833333,3.533,1.27009860777778,3.563
1.26209157805556,3.574,1.26210070472222,3.523,1.2703763125,3.563
1.26236911333333,3.574,1.26237813083333,3.533,1.27065454083333,3.563
1.26264681277778,3.574,1.26265612194444,3.533,1.27093226638889,3.563
1.26292489583333,3.574,1.26293425972222,3.523,1.27121042527778,3.563
1.26320242888889,3.574,1.26321196305556,3.533,1.27148831777778,3.563
1.26348026388889,3.574,1.26349026166667,3.533,1.27176611944444,3.563
1.26375813305556,3.574,1.263768005,3.533,1.27204376944444,3.563
1.26403580888889,3.574,1.2640460825,3.533,1.27232159416667,3.563
1.26431332805556,3.574,1.26432433388889,3.533,1.27259936,3.563
1.26459124722222,3.574,1.26460200166667,3.533,1.27287725361111,3.563
1.26486934083333,3.574,1.264879835,3.523,1.27315507694444,3.563
1.2651471825,3.574,1.26515755444444,3.533,1.27343247805556,3.563
1.26542493583333,3.574,1.26543546305556,3.533,1.2737105575,3.563
1.26570287388889,3.574,1.26571336083333,3.533,1.27398831611111,3.563
1.26598059055556,3.574,1.265991375,3.533,1.27426650027778,3.563
1.26625876805556,3.574,1.26626925388889,3.533,1.27454452166667,3.563
1.26653623222222,3.574,1.26654701666667,3.533,1.27482194111111,3.563
1.26681439972222,3.574,1.26682481194444,3.533,1.275100055,3.563
1.26709221972222,3.574,1.26710272111111,3.533,1.27537793611111,3.563
1.26736994777778,3.574,1.26738045277778,3.533,1.2756557875,3.563
1.26764789972222,3.574,1.26765787472222,3.533,1.27593353805556,3.563
1.26792550972222,3.574,1.26793558027778,3.533,1.27621161222222,3.563
1.26820336888889,3.574,1.26821352444444,3.533,1.27648933805556,3.563
1.26848112277778,3.574,1.26849132972222,3.533,1.27676745361111,3.563
1.26875915583333,3.574,1.26876899777778,3.533,1.27704513416667,3.563
1.26903703694444,3.574,1.26904666805556,3.533,1.27732303166667,3.563
1.26931440472222,3.574,1.26932447583333,3.533,1.27760094055556,3.563
1.26959253472222,3.574,1.26960231,3.533,1.27787859444444,3.563
1.26987006527778,3.574,1.26988033611111,3.533,1.27815702138889,3.563
1.27014828416667,3.563,1.27015820361111,3.533,1.27843459944444,3.563
1.27042605888889,3.574,1.27043581277778,3.533,1.27871238861111,3.563
1.27070409388889,3.574,1.27071346166667,3.533,1.27899041277778,3.563
1.2709818,3.563,1.27099150055556,3.533,1.27926795444444,3.563
1.27125939888889,3.574,1.271269505,3.533,1.27954591083333,3.563
1.27153712333333,3.574,1.2715473525,3.533,1.27982386805556,3.563
1.27181498972222,3.574,1.27182536527778,3.533,1.28010191666667,3.563
1.272093025,3.563,1.27210308194444,3.533,1.28037978277778,3.563
1.27237112083333,3.574,1.27238130777778,3.533,1.28065756666667,3.563
1.27264893222222,3.574,1.27265871972222,3.533,1.28093520611111,3.563
1.27292699694444,3.574,1.27293672611111,3.533,1.28121311444444,3.563
1.27320495583333,3.574,1.27321442861111,3.533,1.28149074555556,3.563
1.27348295916667,3.574,1.27349205583333,3.533,1.28176919361111,3.563
1.27376089805556,3.574,1.27377001777778,3.533,1.28204673166667,3.563
1.27403867361111,3.574,1.27404805111111,3.533,1.28232443694444,3.563
1.27431628722222,3.574,1.27432586666667,3.533,1.28260238388889,3.563
1.27459432055556,3.574,1.27460372527778,3.533,1.2828804125,3.563
1.27487179277778,3.574,1.27488216638889,3.533,1.28315826583333,3.563
1.27514983972222,3.574,1.27515992583333,3.533,1.28343626583333,3.563
1.27542747583333,3.574,1.2754376275,3.533,1.28371418805556,3.563
1.27570549194444,3.574,1.2757155425,3.533,1.28399203638889,3.563
1.27598338333333,3.574,1.27599324916667,3.533,1.28426974944444,3.563
1.2762613825,3.574,1.27627157694444,3.533,1.28454784916667,3.563
1.276539345,3.574,1.27654927833333,3.543,1.28482546722222,3.563
1.27681696472222,3.574,1.27682688138889,3.543,1.28510370472222,3.563
1.27709496083333,3.574,1.27710498833333,3.543,1.28538125416667,3.574
1.27737316027778,3.574,1.2773826675,3.533,1.28565954361111,3.574
1.27765095611111,3.574,1.27766032055556,3.543,1.28593763333333,3.563
1.27792828138889,3.574,1.27793801861111,3.533,1.28621539416667,3.574
1.27820657305556,3.574,1.27821628444444,3.543,1.28649340166667,3.563
1.27848423472222,3.574,1.27849406472222,3.543,1.2867708575,3.563
1.278762335,3.574,1.27877169444444,3.543,1.28704881694444,3.563
1.27903992944444,3.574,1.27904968944444,3.543,1.28732670944444,3.563
1.27931787027778,3.574,1.27932776388889,3.543,1.28760479694444,3.563
1.27959596166667,3.574,1.27960580944444,3.543,1.28788248333333,3.574
1.27987382027778,3.574,1.27988386333333,3.543,1.28816031361111,3.563
1.2801516675,3.574,1.28016142722222,3.543,1.28843813944444,3.574
1.28042972305556,3.574,1.280439465,3.543,1.2887158525,3.574
1.28070770388889,3.574,1.28071762666667,3.543,1.28899368416667,3.563
1.28098590583333,3.574,1.28099535305556,3.543,1.28927145277778,3.574
1.28126373111111,3.574,1.28127347722222,3.543,1.28954909444444,3.563
1.28154180194444,3.574,1.28155163694444,3.543,1.28982748527778,3.563
1.28181958055556,3.574,1.28182917666667,3.543,1.29010518388889,3.574
1.28209737222222,3.574,1.28210725277778,3.543,1.29038325388889,3.574
1.28237504861111,3.574,1.28238565777778,3.543,1.29066095194444,3.563
1.28265306277778,3.574,1.2826634825,3.543,1.2909389725,3.563
1.28293055777778,3.574,1.28294109638889,3.543,1.29121676722222,3.574
1.28320868305556,3.574,1.28321896833333,3.543,1.29149433361111,3.563
1.28348686472222,3.574,1.28349696694444,3.543,1.29177253722222,3.563
1.28376444166667,3.574,1.28377482138889,3.543,1.29205035166667,3.574
1.28404239833333,3.574,1.28405269277778,3.543,1.29232813,3.563
1.28432052694444,3.574,1.28433033055556,3.543,1.292605805,3.574
1.28459852555556,3.574,1.28460828444444,3.543,1.29288353722222,3.574
1.28487656416667,3.574,1.28488645944444,3.543,1.29316138388889,3.563
1.28515415138889,3.574,1.28516432222222,3.543,1.29343950805556,3.563
1.28543194527778,3.574,1.285441895,3.543,1.29371685333333,3.563
1.28570979861111,3.574,1.28571976194444,3.543,1.29399497472222,3.574
1.28598780555556,3.574,1.28599726527778,3.543,1.29427270444444,3.574
1.28626521694444,3.574,1.28627523722222,3.543,1.29455013555556,3.574
1.28654366916667,3.574,1.28655341916667,3.543,1.29482822694444,3.574
1.28682146416667,3.574,1.28683117388889,3.543,1.2951062075,3.574
1.28709915722222,3.574,1.28710925416667,3.543,1.29538410222222,3.574
1.28737731166667,3.574,1.28738711916667,3.543,1.29566188388889,3.563
1.28765500111111,3.574,1.287665125,3.543,1.29593992416667,3.574
1.28793288888889,3.574,1.28794295361111,3.543,1.29621810083333,3.574
1.28821093694444,3.574,1.28822071666667,3.543,1.29649576194444,3.574
1.288488815,3.574,1.28849850777778,3.543,1.29677352416667,3.574
1.28876687916667,3.574,1.28877626305556,3.543,1.29705160694444,3.563
1.28904482583333,3.574,1.28905372888889,3.543,1.29732933833333,3.574
1.28932217833333,3.574,1.28933145388889,3.543,1.29760709666667,3.574
1.28960060833333,3.574,1.28960961722222,3.543,1.297885135,3.574
1.28987849555556,3.574,1.28988770194444,3.543,1.29816277361111,3.574
1.29015600944444,3.574,1.290165765,3.543,1.298440735,3.574
1.29043424888889,3.574,1.29044378611111,3.543,1.29871874805556,3.574
1.29071208861111,3.574,1.29072194194444,3.543,1.29899634638889,3.574
1.29098992777778,3.574,1.2909999875,3.543,1.29927414805556,3.574
1.29126824388889,3.574,1.29127788916667,3.543,1.29955196888889,3.574
1.29154600527778,3.574,1.2915556675,3.543,1.29982968055556,3.574
1.29182382722222,3.574,1.2918331725,3.543,1.30010754944444,3.574
1.29210157277778,3.574,1.29211122416667,3.543,1.30038528583333,3.574
1.2923795925,3.574,1.292389035,3.543,1.30066292944444,3.574
1.29265769444444,3.574,1.29266688472222,3.543,1.30094116805556,3.574
1.2929355125,3.574,1.29294445972222,3.543,1.30121928972222,3.574
1.29321380416667,3.574,1.29322263972222,3.543,1.30149696472222,3.574
1.29349132527778,3.574,1.29350026166667,3.543,1.30177494972222,3.574
1.29376910555556,3.574,1.29377828777778,3.543,1.30205263194444,3.574
1.29404708222222,3.574,1.29405571083333,3.543,1.30233042527778,3.574
1.29432536416667,3.574,1.29433402666667,3.543,1.30260844833333,3.574
1.29460300222222,3.574,1.29461186138889,3.543,1.30288644583333,3.574
1.29488080166667,3.574,1.29488964833333,3.543,1.30316427305556,3.574
1.29515829138889,3.574,1.29516736166667,3.543,1.3034419375,3.574
1.29543631,3.574,1.29544501888889,3.543,1.30371964611111,3.574
1.29571390638889,3.574,1.29572312166667,3.543,1.30399756333333,3.574
1.29599197666667,3.574,1.29600122694444,3.543,1.30427562166667,3.574
1.29626975444444,3.574,1.29627903361111,3.543,1.30455318305556,3.574
1.29654794833333,3.574,1.29655706305556,3.543,1.30483107333333,3.574
1.29682596472222,3.574,1.29683473833333,3.543,1.30510937333333,3.574
1.29710361861111,3.574,1.29711272027778,3.543,1.30538726527778,3.574
1.29738142861111,3.574,1.29739068861111,3.543,1.30566522888889,3.574
1.29765916861111,3.574,1.29766823722222,3.543,1.30594300388889,3.574
1.29793691638889,3.574,1.29794641277778,3.543,1.3062207525,3.574
1.29821475694444,3.574,1.29822437638889,3.543,1.30649848583333,3.574
1.29849304555556,3.574,1.29850217833333,3.553,1.306776345,3.574
1.29877080361111,3.574,1.29878031861111,3.553,1.30705424305556,3.574
1.29904851944444,3.574,1.299058525,3.543,1.30733158694444,3.574
1.29932657138889,3.574,1.29933655277778,3.543,1.307609745,3.574
1.29960406472222,3.574,1.29961431194444,3.553,1.30788770611111,3.574
1.29988222027778,3.574,1.29989196361111,3.543,1.30816552305556,3.574
1.30016040138889,3.574,1.30016982055556,3.543,1.30844323444444,3.574
1.30043851833333,3.574,1.30044786,3.553,1.30872130222222,3.574
1.30071579583333,3.574,1.30072564555556,3.543,1.30899950861111,3.574
1.30099377194444,3.574,1.30100309333333,3.543,1.30927722277778,3.574
1.30127138361111,3.574,1.30128117388889,3.543,1.30955497666667,3.574
1.30154977194444,3.574,1.30155937333333,3.553,1.30983295027778,3.574
1.30182716972222,3.574,1.30183709861111,3.553,1.31011058722222,3.574
1.30210534861111,3.574,1.3021151725,3.543,1.31038852666667,3.574
1.30238344611111,3.574,1.30239288527778,3.553,1.31066667361111,3.574
1.30266100777778,3.574,1.30267056305556,3.543,1.31094452361111,3.574
1.30293876027778,3.574,1.30294915472222,3.543,1.31122239444444,3.574
1.30321688638889,3.574,1.30322656055556,3.543,1.31150068777778,3.574
1.30349482805556,3.574,1.30350422888889,3.553,1.31177848444444,3.574
1.30377287722222,3.574,1.30378219055556,3.543,1.31205632388889,3.574
1.30405055638889,3.574,1.30405974472222,3.543,1.31233414861111,3.574
1.30432839833333,3.574,1.30433804805556,3.553,1.31261157333333,3.574
1.30460597166667,3.574,1.30461602527778,3.543,1.31288977583333,3.574
1.30488395388889,3.574,1.30489385111111,3.553,1.31316742583333,3.574
1.30516189527778,3.574,1.30517173944444,3.543,1.31344526277778,3.574
1.3054396775,3.574,1.305449645,3.553,1.313723025,3.574
1.30571746277778,3.574,1.30572738527778,3.553,1.31400053333333,3.574
1.30599561638889,3.574,1.30600551305556,3.553,1.31427900583333,3.574
1.30627334166667,3.574,1.30628335861111,3.553,1.31455686138889,3.574
1.30655108472222,3.574,1.30656138555556,3.553,1.31483480916667,3.574
1.30682893888889,3.574,1.30683864277778,3.553,1.31511260972222,3.574
1.30710708694444,3.574,1.30711701472222,3.553,1.31539049611111,3.574
1.30738480194444,3.574,1.30739484305556,3.553,1.31566826361111,3.574
1.30766273527778,3.574,1.30767286166667,3.543,1.31594643944444,3.574
1.30794054388889,3.574,1.30795103722222,3.553,1.31622391694444,3.574
1.30821843638889,3.574,1.30822871527778,3.553,1.31650201277778,3.574
1.30849595805556,3.574,1.30850645916667,3.553,1.31677971166667,3.574
1.3087739925,3.574,1.30878459333333,3.553,1.31705781666667,3.574
1.30905167972222,3.574,1.30906195,3.553,1.31733554472222,3.574
1.30932956388889,3.574,1.30934022361111,3.553,1.31761363805556,3.574
1.30960705166667,3.574,1.30961794805556,3.553,1.31789102916667,3.574
1.30988480388889,3.574,1.30989581583333,3.553,1.31816947333333,3.574
1.31016278777778,3.574,1.31017394916667,3.553,1.31844685833333,3.574
1.31044056416667,3.574,1.31045200305556,3.553,1.31872500583333,3.574
1.31071818194444,3.574,1.31073016388889,3.553,1.31900282444444,3.574
1.31099607472222,3.574,1.3110078475,3.553,1.31928028,3.574
1.31127412694444,3.574,1.31128600833333,3.553,1.31955838055556,3.574
1.31155160138889,3.574,1.31156335916667,3.553,1.31983657555556,3.574
1.31182976083333,3.574,1.31184125861111,3.553,1.32011442277778,3.574
1.31210739888889,3.574,1.31211938833333,3.553,1.32039199583333,3.574
1.31238544611111,3.574,1.31239703388889,3.553,1.32066981194444,3.574
1.31266274555556,3.574,1.3126750875,3.553,1.32094740388889,3.574
1.31294097138889,3.574,1.31295320472222,3.553,1.32122539694444,3.574
1.3132189125,3.574,1.31323132305556,3.553,1.32150334888889,3.574
1.31349658666667,3.574,1.31350893277778,3.553,1.32178077888889,3.574
1.31377460194444,3.574,1.31378730666667,3.553,1.3220588525,3.574
1.31405212138889,3.574,1.3140652425,3.553,1.32233663194444,3.574
1.31433007555556,3.574,1.31434290416667,3.553,1.32261448694444,3.574
1.31460784055556,3.574,1.31462090222222,3.553,1.32289279944444,3.574
1.31488564277778,3.574,1.31489875222222,3.553,1.32317088138889,3.574
1.31516350777778,3.574,1.31517691,3.553,1.32344827444444,3.574
1.31544141166667,3.574,1.31545459527778,3.553,1.32372663083333,3.574
1.31571956833333,3.574,1.3157326625,3.553,1.32400421416667,3.574
1.31599761333333,3.574,1.31601031833333,3.553,1.32428218166667,3.574
1.31627538472222,3.574,1.31628843694444,3.553,1.32455967611111,3.574
1.31655352583333,3.574,1.31656624194444,3.553,1.32483737166667,3.574
1.31683162083333,3.574,1.31684395888889,3.553,1.32511543972222,3.574
1.31710967722222,3.574,1.31712184361111,3.563,1.3253935825,3.574
1.31738788888889,3.574,1.31739949027778,3.553,1.32567131944444,3.574
1.31766522194444,3.574,1.31767722111111,3.563,1.32594905444444,3.574
1.31794332861111,3.574,1.31795505416667,3.563,1.32622699777778,3.574
1.31822107083333,3.574,1.31823299722222,3.553,1.32650482111111,3.574
1.31849924722222,3.574,1.31851098027778,3.553,1.32678280583333,3.574
1.31877707611111,3.574,1.31878873,3.553,1.32706061277778,3.574
1.31905472583333,3.574,1.31906648,3.553,1.32733870277778,3.574
1.31933258972222,3.574,1.31934432611111,3.553,1.32761650805556,3.574
1.31961096055556,3.574,1.31962232027778,3.563,1.32789414555556,3.574
1.31988843388889,3.574,1.31990027027778,3.553,1.32817208388889,3.574
1.32016677611111,3.574,1.32017812583333,3.563,1.32844962416667,3.574
1.32044458472222,3.574,1.32045592472222,3.563,1.32872765166667,3.574
1.32072220388889,3.574,1.320733735,3.553,1.32900531444444,3.574
1.32100004583333,3.574,1.32101144694444,3.563,1.32928341888889,3.574
1.32127780305556,3.574,1.32128942416667,3.563,1.32956099027778,3.574
1.321555695,3.574,1.32156723277778,3.553,1.32983914,3.574
1.32183308583333,3.574,1.32184476888889,3.563,1.33011701138889,3.574
1.32211108833333,3.574,1.32212308916667,3.553,1.33039459527778,3.574
1.32238930611111,3.574,1.32240090027778,3.563,1.33067260527778,3.574
1.32266702833333,3.574,1.32267911722222,3.553,1.33094999166667,3.574
1.32294501027778,3.574,1.32295670027778,3.563,1.3312278525,3.574
1.32322283083333,3.574,1.32323496805556,3.553,1.33150589083333,3.574
1.32350075611111,3.574,1.32351301611111,3.563,1.33178402166667,3.574
1.32377858583333,3.574,1.32379060027778,3.563,1.33206184722222,3.574
1.32405649222222,3.574,1.32406887388889,3.563,1.33233937194444,3.574
1.32433426388889,3.574,1.32434641944444,3.563,1.332617615,3.574
1.32461220638889,3.574,1.32462434527778,3.563,1.33289532166667,3.574
1.32489018916667,3.574,1.32490219861111,3.563,1.33317345055556,3.574
1.32516819722222,3.574,1.32517998361111,3.563,1.33345099527778,3.574
1.3254459925,3.574,1.32545785361111,3.563,1.33372920055556,3.574
1.32572327555556,3.574,1.32573593472222,3.563,1.33400731888889,3.574
1.32600148583333,3.574,1.32601367527778,3.563,1.33428527166667,3.574
1.32627939611111,3.574,1.32629140333333,3.563,1.33456320333333,3.574
1.32655727527778,3.574,1.32656934388889,3.563,1.33484149055556,3.574
1.32683539222222,3.574,1.32684723472222,3.553,1.33511910583333,3.574
1.32711315944444,3.574,1.32712549333333,3.563,1.33539714611111,3.574
1.32739053805556,3.574,1.32740318416667,3.563,1.335674775,3.574
1.32766873,3.574,1.32768083222222,3.563,1.33595294666667,3.574
1.327946775,3.584,1.32795877388889,3.563,1.33623073027778,3.574
1.32822464416667,3.574,1.32823639916667,3.553,1.33650871111111,3.574
1.32850235361111,3.574,1.32851451472222,3.563,1.33678635861111,3.574
1.32878029166667,3.574,1.32879264388889,3.563,1.33706383277778,3.574
1.3290580025,3.574,1.32907052861111,3.563,1.33734179416667,3.574
1.32933583055556,3.574,1.329348155,3.563,1.33761932,3.574
1.32961387666667,3.574,1.329626305,3.563,1.33789774361111,3.574
1.32989179444444,3.574,1.32990407694444,3.563,1.33817555666667,3.574
1.33016983861111,3.574,1.33018196805556,3.563,1.33845339638889,3.574
1.33044718305556,3.574,1.33045954666667,3.563,1.33873147055556,3.574
1.33072546416667,3.574,1.33073787166667,3.563,1.33900892694444,3.574
1.33100318555556,3.574,1.33101583194444,3.563,1.33928693277778,3.574
1.33128109583333,3.574,1.33129368027778,3.563,1.3395643275,3.574
1.33155893111111,3.574,1.33157140888889,3.563,1.33984213444444,3.574
1.33183702083333,3.574,1.3318491925,3.563,1.340120205,3.584
1.3321147025,3.574,1.33212715277778,3.563,1.34039763583333,3.574
1.33239249638889,3.574,1.33240481388889,3.563,1.34067581944444,3.584
1.33267022555556,3.574,1.3326825775,3.563,1.34095344055556,3.574
1.33294771472222,3.574,1.33296030972222,3.563,1.34123123388889,3.574
1.33322601027778,3.574,1.33323812111111,3.563,1.34150880166667,3.574
1.33350352972222,3.574,1.33351620166667,3.563,1.34178695888889,3.584
1.33378111777778,3.574,1.33379435111111,3.563,1.34206510388889,3.574
1.33405917861111,3.574,1.33407223111111,3.563,1.34234275805556,3.574
1.33433689861111,3.574,1.33434987222222,3.563,1.34262041555556,3.574
1.33461517166667,3.574,1.33462792666667,3.563,1.342898545,3.584
1.33489280916667,3.574,1.334905585,3.563,1.34317649972222,3.584
1.33517059027778,3.574,1.33518380527778,3.563,1.34345432305556,3.574
1.33544804472222,3.574,1.33546151694444,3.563,1.34373266527778,3.574
1.33572655916667,3.574,1.33573923333333,3.563,1.34401065111111,3.584
1.33600410416667,3.574,1.33601744805556,3.563,1.34428820111111,3.584
1.33628218583333,3.574,1.33629514805556,3.563,1.34456639,3.584
1.3365600625,3.574,1.33657250833333,3.563,1.34484437305556,3.584
1.33683789277778,3.574,1.33685042944444,3.563,1.34512228555556,3.574
1.33711557333333,3.574,1.33712823166667,3.563,1.34540015305556,3.584
1.33739332194444,3.574,1.33740625805556,3.563,1.3456779425,3.574
1.3376710325,3.574,1.33768397111111,3.563,1.34595570916667,3.574
1.33794889083333,3.574,1.33796145611111,3.563,1.34623348138889,3.584
1.33822676527778,3.574,1.33823999611111,3.563,1.34651159388889,3.584
1.33850454833333,3.574,1.33851815305556,3.563,1.34678951638889,3.574
1.33878226388889,3.584,1.33879561361111,3.563,1.34706717111111,3.584
1.33905999416667,3.574,1.33907379638889,3.563,1.34734482194444,3.584
1.33933788833333,3.584,1.33935140861111,3.563,1.34762273277778,3.584
1.33961558861111,3.574,1.33962934805556,3.563,1.34790059111111,3.574
1.3398935025,3.574,1.33990704,3.563,1.34817820472222,3.584
1.34017090055556,3.584,1.34018466583333,3.563,1.34845606722222,3.584
1.34044887861111,3.574,1.34046248916667,3.563,1.34873387833333,3.584
1.34072703277778,3.584,1.34074042027778,3.563,1.34901164138889,3.584
1.341004705,3.584,1.34101815305556,3.563,1.34928968944444,3.584
1.34128259138889,3.584,1.34129600388889,3.563,1.34956747777778,3.574
1.34156036305556,3.574,1.34157362388889,3.563,1.34984529611111,3.584
1.3418385025,3.584,1.34185151805556,3.563,1.35012280583333,3.584
1.34211629083333,3.574,1.34212944138889,3.563,1.35040095416667,3.584
1.34239386138889,3.574,1.34240723555556,3.563,1.35067846638889,3.584
1.34267182555556,3.574,1.34268493777778,3.563,1.35095630916667,3.574
1.34294970666667,3.584,1.34296280666667,3.574,1.35123410527778,3.584
1.3432275325,3.574,1.34324076638889,3.563,1.35151218777778,3.584
1.34350574833333,3.574,1.34351840333333,3.563,1.35179026388889,3.574
1.34378396055556,3.574,1.34379650027778,3.563,1.35206834138889,3.584
1.34406145,3.584,1.34407470916667,3.563,1.3523460975,3.584
1.34433992833333,3.574,1.34435233222222,3.563,1.35262422055556,3.584
1.34461744583333,3.574,1.34463016972222,3.563,1.3529019025,3.584
1.34489559833333,3.574,1.34490827944444,3.563,1.3531796425,3.584
1.34517345055556,3.574,1.34518627388889,3.563,1.35345775527778,3.584
1.34545113611111,3.574,1.34546372277778,3.563,1.35373571777778,3.584
1.34572884333333,3.574,1.34574175027778,3.563,1.35401350138889,3.584
1.34600714888889,3.574,1.34601965,3.563,1.35429146138889,3.584
1.34628479055556,3.574,1.34629719972222,3.563,1.35456950027778,3.584
1.34656268333333,3.574,1.34657540833333,3.574,1.3548473825,3.584
1.34684070555556,3.574,1.34685288861111,3.563,1.355125265,3.584
1.34711858222222,3.574,1.34713116194444,3.563,1.35540317611111,3.584
1.34739649305556,3.574,1.34740868722222,3.563,1.35568077638889,3.584
1.34767407222222,3.574,1.34768660055556,3.563,1.35595858611111,3.584
1.34795194527778,3.574,1.34796434527778,3.563,1.35623622833333,3.584
1.34823015805556,3.574,1.34824276805556,3.563,1.35651423333333,3.574
1.34850816805556,3.574,1.34852065333333,3.563,1.3567922575,3.584
1.34878581138889,3.574,1.3487981325,3.563,1.35706969361111,3.584
1.34906367833333,3.584,1.34907616166667,3.563,1.3573477775,3.584
1.34934129666667,3.584,1.34935391583333,3.563,1.35762584527778,3.584
1.34961911888889,3.574,1.34963203055556,3.563,1.35790357111111,3.574
1.34989738472222,3.584,1.34990995388889,3.563,1.35818132916667,3.584
1.35017526277778,3.584,1.3501877075,3.574,1.3584595475,3.584
1.35045330611111,3.574,1.35046505611111,3.563,1.35873709666667,3.584
1.35073080166667,3.574,1.35074325472222,3.563,1.35901502222222,3.584
1.35100885805556,3.574,1.35102106027778,3.563,1.35929309055556,3.574
1.35128671611111,3.574,1.35129909888889,3.563,1.35957070583333,3.584
1.35156447361111,3.584,1.35157654305556,3.563,1.35984887055556,3.584
1.35184191027778,3.574,1.35185484888889,3.563,1.36012698888889,3.584
1.35212000666667,3.574,1.35213242333333,3.574,1.36040509277778,3.584
1.35239747638889,3.584,1.35241027027778,3.563,1.36068267583333,3.584
1.35267553583333,3.574,1.35268782722222,3.574,1.36096072277778,3.584
1.35295303222222,3.574,1.35296610277778,3.563,1.3612385875,3.584
1.35323106638889,3.574,1.35324385527778,3.563,1.36151637,3.584
1.35350931916667,3.574,1.35352164361111,3.563,1.36179448944444,3.584
1.35378694083333,3.574,1.35379992194444,3.574,1.36207231222222,3.584
1.35406509388889,3.584,1.35407773527778,3.574,1.36235040583333,3.584
1.35434286527778,3.584,1.35435502805556,3.574,1.36262809027778,3.584
1.35462077833333,3.574,1.35463336083333,3.563,1.36290614361111,3.584
1.35489864472222,3.584,1.35491120222222,3.574,1.36318393694444,3.584
1.35517654472222,3.584,1.35518897972222,3.574,1.36346187416667,3.584
1.35545413138889,3.584,1.35546681361111,3.574,1.36374010222222,3.584
1.35573198083333,3.574,1.35574452388889,3.563,1.36401811361111,3.584
1.35600982555556,3.574,1.35602243027778,3.563,1.36429615416667,3.584
1.35628770972222,3.584,1.35630005611111,3.563,1.36457397305556,3.584
1.35656592333333,3.574,1.35657847833333,3.574,1.364851715,3.584
1.35684351333333,3.574,1.35685618222222,3.574,1.36512964083333,3.584
1.35712151277778,3.574,1.35713411555556,3.563,1.36540733666667,3.584
1.35739898888889,3.584,1.35741188361111,3.574,1.36568534305556,3.584
1.35767672111111,3.584,1.35768971666667,3.574,1.36596317111111,3.584
1.35795461444444,3.574,1.35796697611111,3.574,1.36624110722222,3.584
1.35823249222222,3.574,1.35824482555556,3.574,1.36651886555556,3.584
1.35851046083333,3.574,1.35852305694444,3.574,1.36679653833333,3.584
1.35878816527778,3.584,1.35880084805556,3.574,1.36707440111111,3.584
1.35906655583333,3.584,1.35907911583333,3.574,1.36735221888889,3.584
1.35934415472222,3.574,1.35935685916667,3.574,1.36763033166667,3.584
1.359622375,3.584,1.35963456611111,3.574,1.36790792972222,3.584
1.35990034194444,3.584,1.35991226527778,3.574,1.36818600138889,3.584
1.36017796166667,3.574,1.36019054638889,3.574,1.36846416666667,3.584
1.36045643638889,3.574,1.36046878055556,3.574,1.36874220722222,3.584
1.36073452611111,3.584,1.36074654944444,3.574,1.36901975444444,3.584
1.36101223555556,3.574,1.36102402027778,3.563,1.36929756472222,3.584
1.36129012472222,3.584,1.36130216472222,3.574,1.36957545611111,3.584
1.36156777611111,3.584,1.36158026833333,3.574,1.36985327388889,3.584
1.36184585027778,3.584,1.36185813472222,3.574,1.37013146222222,3.584
1.36212353611111,3.574,1.36213601638889,3.574,1.37040910388889,3.584
1.36240175888889,3.584,1.36241370611111,3.574,1.37068728361111,3.584
1.36267959722222,3.584,1.36269115194444,3.574,1.37096460805556,3.584
1.36295742083333,3.584,1.362969225,3.574,1.37124286194444,3.584
1.36323536805556,3.584,1.36324728611111,3.574,1.37152097444444,3.584
1.3635134325,3.584,1.36352515888889,3.574,1.37179872833333,3.584
1.36379118527778,3.574,1.36380274,3.574,1.37207644111111,3.584
1.364068875,3.584,1.36408076527778,3.574,1.37235407305556,3.584
1.36434683694444,3.574,1.36435900194444,3.574,1.37263189,3.584
1.36462468472222,3.584,1.364636785,3.574,1.37290976944444,3.584
1.36490289916667,3.584,1.36491450055556,3.574,1.37318714972222,3.584
1.36518045861111,3.584,1.36519260194444,3.574,1.37346502277778,3.584
1.36545839111111,3.574,1.36547078694444,3.574,1.37374324833333,3.584
1.36573581666667,3.584,1.36574832138889,3.574,1.37402123833333,3.584
1.36601409388889,3.584,1.36602613,3.574,1.37429891194444,3.584
1.36629184166667,3.574,1.36630430027778,3.574,1.3745764575,3.584
1.36656959833333,3.584,1.36658168027778,3.574,1.37485424888889,3.584
1.36684735138889,3.584,1.36685989861111,3.574,1.37513208361111,3.584
1.36712528805556,3.584,1.367137325,3.574,1.37540982666667,3.584
1.36740303611111,3.584,1.3674155325,3.574,1.37568790444444,3.584
1.36768070444444,3.584,1.36769326527778,3.574,1.37596554305556,3.584
1.36795863722222,3.584,1.36797094361111,3.574,1.376243435,3.584
1.36823678027778,3.574,1.36824947027778,3.574,1.37652114888889,3.584
1.3685149025,3.584,1.36852775722222,3.574,1.37679901472222,3.584
1.3687929425,3.584,1.3688052925,3.574,1.37707673388889,3.584
1.36907070583333,3.584,1.36908290861111,3.574,1.37735456583333,3.584
1.36934841611111,3.574,1.36936066305556,3.574,1.37763232694444,3.584
1.3696260625,3.574,1.3696385075,3.574,1.37791062638889,3.584
1.36990396722222,3.584,1.36991664944444,3.574,1.37818852055556,3.584
1.37018206583333,3.584,1.37019423,3.574,1.378466335,3.584
1.37046001583333,3.584,1.37047196055556,3.574,1.37874407916667,3.584
1.37073788277778,3.584,1.37075034916667,3.563,1.37902196027778,3.584
1.37101572305556,3.574,1.37102796861111,3.574,1.379299925,3.584
1.37129347611111,3.574,1.37130556916667,3.574,1.3795776525,3.584
1.37157162583333,3.584,1.37158357111111,3.574,1.37985547666667,3.584
1.37184947416667,3.584,1.37186150972222,3.574,1.38013332194444,3.584
1.37212762916667,3.574,1.37213935194444,3.574,1.38041174,3.584
1.37240520055556,3.584,1.37241702361111,3.574,1.38068937305556,3.584
1.37268303,3.584,1.37269510388889,3.574,1.38096711722222,3.584
1.37296082277778,3.584,1.37297282277778,3.574,1.38124522722222,3.584
1.37323852111111,3.584,1.37325089722222,3.574,1.38152298444444,3.584
1.37351671944444,3.574,1.37352906055556,3.574,1.38180072583333,3.584
1.37379453027778,3.584,1.37380693138889,3.574,1.38207853972222,3.584
1.37407248555556,3.584,1.37408482361111,3.574,1.38235610611111,3.584
1.37435048361111,3.584,1.37436247222222,3.574,1.38263429305556,3.584
1.37462827055556,3.574,1.37464039333333,3.574,1.38291243722222,3.584
1.37490585805556,3.584,1.37491817888889,3.574,1.38319006833333,3.584
1.37518414388889,3.584,1.37519599638889,3.574,1.38346806722222,3.584
1.3754620475,3.584,1.37547385916667,3.574,1.38374575388889,3.584
1.37574021777778,3.584,1.37575225333333,3.574,1.38402386055556,3.584
1.37601827638889,3.584,1.37603025527778,3.574,1.38430152916667,3.584
1.37629592166667,3.574,1.37630800472222,3.574,1.3845793025,3.584
1.37657376388889,3.584,1.37658593472222,3.574,1.38485720805556,3.584
1.37685167361111,3.584,1.37686377166667,3.574,1.38513510722222,3.584
1.37712942916667,3.584,1.3771419275,3.574,1.38541278722222,3.584
1.37740740194444,3.584,1.37742006305556,3.574,1.38569043777778,3.584
1.37768494166667,3.584,1.37769828888889,3.574,1.38596863833333,3.584
1.37796264277778,3.584,1.37797558277778,3.574,1.38624652027778,3.584
1.37824022,3.584,1.37825357416667,3.574,1.38652465638889,3.584
1.37851844416667,3.574,1.37853173333333,3.574,1.38680243527778,3.584
1.37879616555556,3.584,1.37880956861111,3.574,1.38708030361111,3.584
1.37907385,3.584,1.37908770083333,3.574,1.3873579725,3.584
1.37935204861111,3.574,1.37936555666667,3.574,1.38763564055556,3.584
1.379629795,3.584,1.37964347111111,3.574,1.38791371611111,3.584
1.37990751611111,3.584,1.37992152277778,3.574,1.38819135777778,3.584
1.38018558611111,3.584,1.38019932472222,3.574,1.38846910333333,3.584
1.38046379611111,3.584,1.38047722083333,3.574,1.38874681583333,3.584
1.38074136972222,3.584,1.38075482083333,3.574,1.389025365,3.584
1.38101952361111,3.584,1.38103256388889,3.574,1.38930311277778,3.584
1.38129721166667,3.584,1.3813104425,3.574,1.3895808675,3.584
1.38157559722222,3.584,1.38158852555556,3.574,1.389858595,3.584
1.38185352444444,3.584,1.38186592,3.574,1.39013615388889,3.584
1.382131235,3.584,1.38214376777778,3.574,1.39041386666667,3.584
1.38240933416667,3.584,1.38242149055556,3.574,1.39069197611111,3.584
1.38268717888889,3.584,1.38269921777778,3.574,1.39096976333333,3.584
1.38296492194444,3.584,1.38297762194444,3.574,1.39124761916667,3.584
1.38324270861111,3.584,1.3832553,3.574,1.39152547361111,3.584
1.38352022388889,3.584,1.38353339583333,3.574,1.39180362833333,3.584
1.38379851388889,3.584,1.38381123666667,3.574,1.39208175416667,3.584
1.38407613833333,3.584,1.38408903583333,3.574,1.39235949833333,3.584
1.38435408027778,3.584,1.38436645277778,3.574,1.39263757666667,3.584
1.38463191805556,3.584,1.38464460638889,3.574,1.39291531833333,3.584
1.3849100925,3.584,1.38492241277778,3.574,1.39319354277778,3.584
1.38518766805556,3.584,1.38520005333333,3.574,1.39347125083333,3.584
1.38546541944444,3.584,1.38547783638889,3.574,1.39374912194444,3.584
1.38574330166667,3.584,1.38575570083333,3.574,1.39402682027778,3.584
1.38602098194444,3.584,1.3860334325,3.574,1.39430465333333,3.584
1.38629897861111,3.584,1.38631140416667,3.574,1.3945828425,3.584
1.38657634555556,3.584,1.38658959277778,3.574,1.39486075388889,3.584
1.38685441833333,3.584,1.386867525,3.574,1.39513858694444,3.584
1.38713260583333,3.584,1.38714541194444,3.574,1.39541631888889,3.584
1.38741042472222,3.584,1.38742310444444,3.574,1.39569450083333,3.584
1.38768809527778,3.584,1.38770163055556,3.574,1.39597205138889,3.584
1.3879662425,3.584,1.387979355,3.574,1.39624979111111,3.584
1.38824386805556,3.584,1.38825709444444,3.574,1.39652755638889,3.584
1.38852179916667,3.584,1.38853479166667,3.574,1.39680540388889,3.584
1.38879993138889,3.584,1.38881239833333,3.574,1.39708314472222,3.584
1.38907782416667,3.584,1.38909006972222,3.574,1.39736103638889,3.584
1.38935593472222,3.584,1.38936780138889,3.574,1.39763906138889,3.584
1.38963356138889,3.584,1.38964597861111,3.574,1.39791703694444,3.584
1.38991126694444,3.584,1.38992363833333,3.574,1.39819506166667,3.584
1.39018932388889,3.584,1.39020148138889,3.574,1.39847274972222,3.584
1.39046714916667,3.584,1.39047925333333,3.574,1.39875072611111,3.584
1.39074475944444,3.584,1.39075695388889,3.574,1.39902832972222,3.584
1.39102250944444,3.584,1.39103509277778,3.574,1.3993063175,3.584
1.39130046194444,3.584,1.39131302222222,3.574,1.39958410194444,3.584
1.39157836694444,3.584,1.39159104722222,3.574,1.39986191833333,3.584
1.39185608722222,3.584,1.39186841722222,3.574,1.4001401025,3.584
1.39213384138889,3.584,1.39214619194444,3.574,1.40041778166667,3.584
1.39241179055556,3.584,1.39242425972222,3.574,1.40069548888889,3.584
1.39268954527778,3.584,1.39270185972222,3.574,1.40097357694444,3.584
1.39296718027778,3.584,1.39297987444444,3.574,1.40125191,3.584
1.39324535972222,3.584,1.39325775805556,3.574,1.40152930527778,3.584
1.39352317444444,3.584,1.39353501222222,3.574,1.40180709722222,3.584
1.39380103277778,3.584,1.39381287027778,3.574,1.40208520777778,3.584
1.39407891833333,3.584,1.39409108972222,3.574,1.40236284611111,3.584
1.39435634361111,3.584,1.39436892277778,3.574,1.40264042722222,3.584
1.39463490944444,3.584,1.39464678,3.584,1.40291846805556,3.584
1.39491223222222,3.584,1.39492460083333,3.574,1.40319649388889,3.584
1.39518995277778,3.584,1.39520217333333,3.574,1.40347480222222,3.584
1.39546842333333,3.584,1.39548016055556,3.574,1.4037524025,3.584
1.39574627583333,3.584,1.39575824111111,3.574,1.40403016722222,3.584
1.39602361583333,3.584,1.39603624222222,3.574,1.40430788388889,3.584
1.39630160694444,3.584,1.39631397277778,3.574,1.40458570666667,3.584
1.39657944611111,3.584,1.39659181888889,3.574,1.40486355138889,3.584
1.3968572725,3.584,1.39686963194444,3.574,1.40514171833333,3.584
1.39713500472222,3.584,1.39714768472222,3.574,1.40541942305556,3.584
1.39741272916667,3.584,1.39742547638889,3.574,1.40569702305556,3.584
1.39769043138889,3.584,1.39770312,3.574,1.40597472444444,3.584
1.39796838,3.584,1.3979810725,3.574,1.40625255916667,3.584
1.39824623277778,3.584,1.39825899611111,3.574,1.40653074888889,3.584
1.39852398638889,3.584,1.39853674583333,3.574,1.4068083925,3.584
1.39880162638889,3.584,1.39881456972222,3.574,1.40708579388889,3.584
1.39907941333333,3.584,1.39909274833333,3.574,1.40736391111111,3.584
1.39935762527778,3.584,1.39937047972222,3.574,1.40764175472222,3.584
1.39963579333333,3.584,1.39964850805556,3.574,1.40791983277778,3.584
1.39991374944444,3.584,1.39992613388889,3.574,1.40819750027778,3.584
1.40019135111111,3.584,1.40020405555556,3.574,1.40847563111111,3.584
1.40046965277778,3.584,1.40048193444444,3.584,1.40875324361111,3.584
1.40074751638889,3.584,1.40075961361111,3.574,1.40903098972222,3.584
1.40102519527778,3.584,1.40103722277778,3.574,1.40930923444444,3.584
1.40130324305556,3.584,1.40131503583333,3.584,1.40958735277778,3.584
1.40158141833333,3.584,1.40159313361111,3.574,1.40986517805556,3.584
1.40185931833333,3.584,1.40187153861111,3.574,1.41014334916667,3.584
1.40213729027778,3.584,1.40214942472222,3.574,1.4104207975,3.584
1.40241513333333,3.584,1.40242695361111,3.574,1.41069897361111,3.584
1.40269274555556,3.584,1.40270515527778,3.584,1.41097680138889,3.584
1.40297098916667,3.584,1.40298260388889,3.574,1.41125445444444,3.584
1.40324893166667,3.584,1.40326075888889,3.574,1.41153239833333,3.584
1.40352676555556,3.584,1.40353883361111,3.574,1.41181004166667,3.584
1.40380463638889,3.584,1.40381619138889,3.584,1.41208800944444,3.584
1.40408227166667,3.584,1.40409465861111,3.574,1.41236600333333,3.584
1.40436001722222,3.584,1.40437223777778,3.574,1.41264397194444,3.584
1.40463789027778,3.584,1.40465009861111,3.584,1.41292162722222,3.584
1.40491534388889,3.584,1.40492793083333,3.574,1.41319939138889,3.584
1.40519345944444,3.584,1.40520533027778,3.584,1.4134768525,3.584
1.40547092583333,3.584,1.40548326444444,3.574,1.41375502333333,3.584
1.40574888888889,3.584,1.40576112527778,3.574,1.41403272388889,3.584
1.40602676194444,3.584,1.40603891777778,3.584,1.41431089277778,3.584
1.40630458888889,3.584,1.40631712916667,3.574,1.41458870611111,3.584
1.40658225361111,3.584,1.40659514472222,3.574,1.41486682222222,3.584
1.40686008,3.584,1.40687255361111,3.574,1.41514451472222,3.584
1.40713822083333,3.584,1.40715054666667,3.584,1.41542217833333,3.584
1.40741578444444,3.584,1.40742865416667,3.574,1.41570033583333,3.584
1.40769408305556,3.584,1.40770628194444,3.574,1.41597790833333,3.584
1.40797192583333,3.584,1.40798429694444,3.574,1.41625594972222,3.584
1.40825004055556,3.584,1.40826194361111,3.584,1.41653364916667,3.584
1.40852749111111,3.584,1.40853952388889,3.574,1.41681125222222,3.584
1.40880522833333,3.584,1.408817445,3.584,1.4170894175,3.584
1.40908378611111,3.584,1.40909548111111,3.584,1.41736729111111,3.584
1.40936142361111,3.584,1.40937337361111,3.574,1.41764496277778,3.584
1.40963932916667,3.584,1.4096509375,3.574,1.4179230675,3.584
1.40991675138889,3.584,1.40992906611111,3.584,1.41820057472222,3.584
1.41019487805556,3.584,1.41020657305556,3.574,1.4184782975,3.584
1.41047260138889,3.584,1.41048472638889,3.574,1.41875666416667,3.584
1.41075058305556,3.584,1.41076240527778,3.574,1.41903437111111,3.584
1.41102838694444,3.584,1.41104040333333,3.584,1.41931210888889,3.584
1.4113066225,3.584,1.41131828083333,3.574,1.41959012388889,3.584
1.41158425111111,3.584,1.41159599055556,3.584,1.41986787444444,3.584
1.41186191555556,3.584,1.41187366666667,3.574,1.42014575944444,3.584
1.41214016222222,3.584,1.41215191861111,3.574,1.420423475,3.584
1.41241829722222,3.584,1.41242949916667,3.584,1.42070132972222,3.584
1.41269628972222,3.584,1.41270725444444,3.584,1.42097941027778,3.584
1.41297409277778,3.584,1.41298505027778,3.584,1.42125724555556,3.584
1.41325174361111,3.584,1.41326312888889,3.574,1.42153493111111,3.584
1.41352950166667,3.584,1.41354123388889,3.574,1.42181282944444,3.584
1.41380724805556,3.584,1.41381870527778,3.574,1.42209067611111,3.584
1.41408516972222,3.584,1.4140967,3.574,1.42236839611111,3.584
1.41436307333333,3.584,1.41437463972222,3.574,1.422646165,3.584
1.41464108111111,3.584,1.41465224416667,3.584,1.42292431583333,3.584
1.41491911527778,3.584,1.41493017166667,3.574,1.42320264527778,3.584
1.41519723583333,3.584,1.415207545,3.584,1.42348013611111,3.584
1.41547536944444,3.584,1.41548577833333,3.574,1.42375792944444,3.584
1.41575322222222,3.584,1.41576363388889,3.584,1.42403562777778,3.584
1.41603117972222,3.584,1.41604158222222,3.584,1.42431345694444,3.584
1.41630856944444,3.584,1.41631961694444,3.584,1.42459115,3.584
1.41658691472222,3.584,1.41659751944444,3.574,1.424869225,3.584
1.41686476833333,3.584,1.4168756175,3.584,1.42514699305556,3.584
1.417142845,3.584,1.41715365833333,3.584,1.42542508888889,3.584
1.417420285,3.584,1.41743120583333,3.574,1.42570269027778,3.584
1.41769829416667,3.584,1.41770938527778,3.584,1.42598087444444,3.584
1.41797607388889,3.584,1.4179872925,3.584,1.42625849416667,3.584
1.4182538575,3.584,1.41826473611111,3.584,1.42653670472222,3.584
1.41853177611111,3.584,1.4185429075,3.574,1.42681438888889,3.584
1.41880971194444,3.584,1.41882030388889,3.574,1.42709264138889,3.584
1.41908789805556,3.584,1.41909882194444,3.584,1.42737074944444,3.584
1.41936602694444,3.584,1.41937619861111,3.584,1.42764900833333,3.584
1.41964375833333,3.584,1.41965429277778,3.574,1.42792701333333,3.584
1.41992172138889,3.584,1.41993252277778,3.584,1.42820445222222,3.584
1.42019982388889,3.584,1.42021034,3.574,1.42848291833333,3.584
1.42047764861111,3.584,1.42048805305556,3.584,1.42876085861111,3.584
1.42075553611111,3.584,1.42076583416667,3.584,1.42903821277778,3.584
1.4210335325,3.584,1.42104400138889,3.584,1.42931637166667,3.584
1.42131163944444,3.584,1.42132141638889,3.584,1.42959431833333,3.584
1.42158970416667,3.584,1.42159928138889,3.584,1.42987192916667,3.584
1.4218681825,3.584,1.42187749111111,3.584,1.430149815,3.594
1.42214587138889,3.584,1.42215539722222,3.574,1.43042765,3.584
1.42242332527778,3.584,1.42243356916667,3.584,1.43070587888889,3.584
1.42270141805556,3.584,1.42271165722222,3.584,1.4309835725,3.584
1.42297918861111,3.584,1.42298939055556,3.584,1.43126141722222,3.584
1.42325705833333,3.584,1.42326713472222,3.584,1.43153884472222,3.584
1.42353447472222,3.584,1.42354506888889,3.584,1.43181705166667,3.584
1.42381268138889,3.584,1.42382303861111,3.584,1.43209495888889,3.584
1.42409028583333,3.584,1.42410094055556,3.584,1.43237287111111,3.584
1.42436817888889,3.584,1.42437857277778,3.584,1.43265077444444,3.584
1.42464606361111,3.584,1.42465640111111,3.584,1.43292871333333,3.584
1.424924015,3.584,1.42493407111111,3.584,1.43320641277778,3.584
1.42520171944444,3.584,1.42521214,3.584,1.43348409416667,3.584
1.42547938361111,3.584,1.42548984027778,3.584,1.4337622025,3.584
1.42575739083333,3.584,1.42576786972222,3.584,1.43403991055556,3.584
1.42603501055556,3.584,1.42604563805556,3.584,1.43431769694444,3.584
1.42631301805556,3.584,1.426323875,3.584,1.43459553361111,3.584
1.426591045,3.584,1.42660178222222,3.584,1.43487358388889,3.594
1.42686927972222,3.584,1.42688009694444,3.584,1.43515162972222,3.584
1.42714677833333,3.584,1.42715800027778,3.584,1.43542940055556,3.584
1.42742478722222,3.584,1.42743580222222,3.584,1.43570714916667,3.584
1.42770244777778,3.584,1.4277139975,3.584,1.43598469166667,3.584
1.42798035722222,3.584,1.42799184555556,3.584,1.43626298694444,3.584
1.42825810888889,3.584,1.42826972166667,3.584,1.43654117138889,3.584
1.42853600638889,3.584,1.428547325,3.584,1.43681879777778,3.584
1.42881408111111,3.584,1.42882536861111,3.574,1.4370963275,3.584
1.42909179111111,3.584,1.42910331222222,3.584,1.43737410111111,3.584
1.42936972805556,3.584,1.42938091916667,3.584,1.4376521625,3.584
1.42964745055556,3.584,1.4296584,3.584,1.43793035472222,3.584
1.42992535472222,3.584,1.42993646277778,3.584,1.43820794916667,3.584
1.43020337888889,3.584,1.43021405555556,3.584,1.43848580277778,3.584
1.43048153138889,3.584,1.43049176861111,3.584,1.43876372944444,3.584
1.43075910055556,3.584,1.43076989055556,3.584,1.43904162722222,3.584
1.43103698361111,3.584,1.43104762416667,3.584,1.43931949055556,3.584
1.43131544972222,3.584,1.43132549472222,3.584,1.43959732916667,3.584
1.43159271416667,3.584,1.43160308166667,3.584,1.43987514166667,3.584
1.43187071638889,3.584,1.43188083111111,3.584,1.44015293666667,3.584
1.43214866444444,3.584,1.4321588875,3.584,1.44043103722222,3.584
1.43242642833333,3.584,1.43243663138889,3.584,1.44070897833333,3.584
1.43270457305556,3.584,1.43271437388889,3.584,1.44098657111111,3.584
1.43298235583333,3.584,1.43299209444444,3.584,1.44126437333333,3.584
1.43326033111111,3.584,1.43326977833333,3.584,1.4415421725,3.584
1.43353827611111,3.584,1.4335479525,3.584,1.44181993083333,3.584
1.43381648166667,3.584,1.43382581944444,3.584,1.44209807361111,3.584
1.43409400805556,3.584,1.43410358055556,3.584,1.44237612638889,3.584
1.43437205333333,3.584,1.43438178444444,3.584,1.44265418777778,3.584
1.43465029666667,3.584,1.434659605,3.584,1.44293197777778,3.584
1.43492812277778,3.584,1.43493730555556,3.584,1.44320975166667,3.584
1.43520611805556,3.584,1.43521505638889,3.584,1.44348731833333,3.584
1.43548444638889,3.584,1.43549311472222,3.584,1.44376536416667,3.594
1.43576275638889,3.584,1.43577091166667,3.584,1.44404332833333,3.594
1.43604076611111,3.584,1.4360490775,3.584,1.44432070583333,3.584
1.43631829416667,3.584,1.4363265,3.584,1.44459885055556,3.584
1.43659649277778,3.584,1.43660445888889,3.584,1.44487680722222,3.584
1.43687433833333,3.584,1.43688235277778,3.584,1.44515476583333,3.584
1.43715264638889,3.584,1.43715987611111,3.584,1.44543263444444,3.584
1.43743051555556,3.584,1.43743801944444,3.584,1.44571062944444,3.584
1.43770875583333,3.584,1.43771633972222,3.584,1.44598830472222,3.584
1.43798633944444,3.584,1.43799407305556,3.584,1.44626619805556,3.584
1.43826387833333,3.584,1.43827186027778,3.584,1.44654429833333,3.584
1.43854196083333,3.584,1.43855005083333,3.584,1.44682262611111,3.584
1.43881987305556,3.584,1.43882792694444,3.584,1.44710023638889,3.584
1.43909793805556,3.584,1.43910554583333,3.584,1.44737806083333,3.584
1.43937527166667,3.584,1.4393832725,3.584,1.44765618472222,3.594
1.43965326638889,3.584,1.43966113194444,3.584,1.44793386916667,3.584
1.439931095,3.584,1.43993905611111,3.584,1.44821191694444,3.584
1.44020911222222,3.584,1.44021690916667,3.584,1.44848974777778,3.584
1.44048685166667,3.584,1.44049518833333,3.584,1.4487671475,3.594
1.44076474472222,3.584,1.44077306861111,3.584,1.44904538361111,3.584
1.44104277916667,3.584,1.44105118194444,3.584,1.4493230025,3.584
1.44132024944444,3.584,1.44132895388889,3.584,1.44960106611111,3.584
1.44159835305556,3.584,1.44160669472222,3.584,1.44987882666667,3.594
1.44187655194444,3.584,1.44188456805556,3.584,1.4501565825,3.594
1.44215407944444,3.584,1.44216275277778,3.584,1.45043436222222,3.584
1.44243204333333,3.584,1.44244015972222,3.584,1.45071261972222,3.584
1.44271008666667,3.584,1.44271805,3.584,1.450990535,3.584
1.44298789111111,3.584,1.44299637361111,3.584,1.45126833333333,3.584
1.44326562111111,3.584,1.44327365527778,3.584,1.45154606138889,3.584
1.44354346055556,3.584,1.4435514775,3.584,1.45182372416667,3.584
1.44382111027778,3.584,1.44382963472222,3.584,1.452101705,3.584
1.44409929388889,3.584,1.44410724305556,3.584,1.45237930388889,3.584
1.4443771075,3.584,1.44438531694444,3.584,1.45265689444444,3.594
1.44465513277778,3.584,1.44466388305556,3.584,1.45293538027778,3.584
1.44493348055556,3.584,1.44494196722222,3.584,1.4532129075,3.584
1.44521130611111,3.584,1.44521965194444,3.584,1.45349097416667,3.584
1.44548928388889,3.584,1.44549747833333,3.584,1.45376898555556,3.594
1.44576690388889,3.584,1.44577508777778,3.584,1.45404654305556,3.584
1.44604479388889,3.584,1.44605326861111,3.584,1.45432468611111,3.594
1.44632284527778,3.584,1.44633087583333,3.584,1.45460257555556,3.584
1.44660061972222,3.584,1.44660883416667,3.584,1.45488022444444,3.584
1.44687853083333,3.584,1.44688643472222,3.584,1.45515767472222,3.584
1.44715640694444,3.584,1.44716480333333,3.584,1.45543585583333,3.584
1.44743424166667,3.584,1.44744291416667,3.584,1.45571397277778,3.584
1.44771220666667,3.584,1.44772038583333,3.584,1.45599223638889,3.584
1.44799005222222,3.584,1.44799879833333,3.584,1.45627010305556,3.584
1.44826747138889,3.584,1.44827628277778,3.584,1.45654822694444,3.584
1.44854560277778,3.584,1.4485544175,3.584,1.45682626388889,3.584
1.44882332472222,3.584,1.44883201833333,3.584,1.45710352138889,3.584
1.4491012825,3.584,1.44910997666667,3.584,1.45738165388889,3.584
1.44937866027778,3.584,1.4493880775,3.584,1.45765939166667,3.584
1.44965665333333,3.584,1.44966560277778,3.584,1.45793710611111,3.584
1.44993440111111,3.584,1.44994377444444,3.584,1.45821521055556,3.594
1.45021202,3.584,1.4502219025,3.584,1.45849326694444,3.584
1.45049046138889,3.584,1.45049953222222,3.584,1.45877151777778,3.594
1.45076811805556,3.584,1.45077694666667,3.584,1.45904939638889,3.584
1.45104577611111,3.584,1.45105507472222,3.584,1.45932701527778,3.594
1.45132376805556,3.584,1.45133294972222,3.584,1.45960460944444,3.584
1.45160185666667,3.584,1.45161078527778,3.584,1.45988282777778,3.584
1.45187979027778,3.584,1.45188873444444,3.584,1.46016076722222,3.584
1.45215724527778,3.584,1.45216699944444,3.584,1.46043854583333,3.584
1.45243532916667,3.584,1.45244486583333,3.584,1.46071627388889,3.594
1.45271344333333,3.584,1.45272249861111,3.584,1.46099408888889,3.584
1.45299126694444,3.584,1.45300070944444,3.584,1.46127184666667,3.594
1.45326904444444,3.584,1.45327880638889,3.584,1.46154997805556,3.584
1.45354710861111,3.584,1.45355624888889,3.584,1.46182786333333,3.584
1.45382497916667,3.584,1.45383406388889,3.584,1.46210564916667,3.584
1.45410301527778,3.584,1.45411171555556,3.584,1.46238393472222,3.584
1.45438062583333,3.584,1.45438978277778,3.584,1.46266196972222,3.584
1.45465853277778,3.584,1.45466764555556,3.584,1.46293964888889,3.594
1.45493655972222,3.584,1.45494543527778,3.584,1.46321741166667,3.584
1.45521462361111,3.584,1.45522317694444,3.584,1.46349552388889,3.584
1.45549268611111,3.584,1.45550130722222,3.584,1.46377329111111,3.584
1.45577052777778,3.584,1.45577886916667,3.584,1.46405106388889,3.584
1.45604819055556,3.584,1.45605676888889,3.584,1.46432920277778,3.594
1.45632606138889,3.584,1.45633479277778,3.584,1.46460714444444,3.584
1.45660436111111,3.584,1.45661274055556,3.584,1.46488506166667,3.594
1.45688194472222,3.584,1.45689030472222,3.584,1.46516315138889,3.584
1.45716005972222,3.584,1.45716851194444,3.584,1.46544076027778,3.594
1.45743800555556,3.584,1.45744617916667,3.584,1.46571848388889,3.584
1.45771594194444,3.584,1.45772433055556,3.584,1.46599634916667,3.584
1.45799405611111,3.584,1.45800211916667,3.584,1.46627449583333,3.584
1.45827184194444,3.584,1.45827996416667,3.584,1.46655218111111,3.584
1.45854982305556,3.584,1.45855774638889,3.584,1.4668303925,3.584
1.45882746666667,3.584,1.45883537222222,3.584,1.46710796833333,3.584
1.45910531055556,3.584,1.45911329416667,3.584,1.46738580083333,3.584
1.45938296777778,3.584,1.45939108444444,3.584,1.46766397333333,3.584
1.45966057861111,3.584,1.45966870388889,3.584,1.46794159222222,3.584
1.45993860138889,3.584,1.45994661305556,3.584,1.46821960666667,3.594
1.46021624388889,3.584,1.46022442972222,3.584,1.46849761416667,3.594
1.46049404722222,3.584,1.4605019825,3.584,1.468775215,3.594
1.460771825,3.584,1.4607798975,3.584,1.46905331527778,3.584
1.46104992972222,3.584,1.46105795166667,3.584,1.46933144222222,3.594
1.46132763027778,3.584,1.46133602166667,3.584,1.46960909527778,3.594
1.46160586055556,3.584,1.46161363611111,3.584,1.46988688944444,3.584
1.46188371861111,3.584,1.46189161111111,3.584,1.47016464583333,3.584
1.46216142611111,3.584,1.46216923083333,3.584,1.47044243722222,3.584
1.46243912777778,3.584,1.46244696055556,3.584,1.47072032805556,3.584
1.46271740694444,3.584,1.46272490083333,3.584,1.47099864027778,3.594
1.46299466888889,3.584,1.46300259194444,3.584,1.47127652777778,3.584
1.46327309555556,3.584,1.46328059611111,3.584,1.47155437388889,3.584
1.46355065305556,3.584,1.46355850194444,3.584,1.4718321625,3.594
1.46382830111111,3.584,1.46383626388889,3.584,1.47210984833333,3.584
1.46410645444444,3.584,1.46411426222222,3.584,1.4723878125,3.594
1.46438441722222,3.584,1.46439226277778,3.584,1.47266543611111,3.594
1.46466248611111,3.584,1.46466981916667,3.584,1.47294319194444,3.594
1.46494026583333,3.584,1.4649480475,3.584,1.47322115611111,3.594
1.46521837805556,3.584,1.46522562388889,3.584,1.47349875333333,3.594
1.46549598277778,3.584,1.46550334833333,3.584,1.47377642111111,3.594
1.46577425916667,3.584,1.46578161888889,3.584,1.47405412555556,3.584
1.46605174333333,3.584,1.46605933055556,3.584,1.47433183861111,3.594
1.46633009055556,3.584,1.46633695416667,3.584,1.47461007333333,3.584
1.46660746333333,3.584,1.46661498916667,3.584,1.47488770388889,3.584
1.46688549944444,3.584,1.4668927025,3.584,1.475165875,3.584
1.46716347416667,3.584,1.46717037055556,3.584,1.47544363611111,3.584
1.46744165027778,3.584,1.467448345,3.584,1.47572152611111,3.584
1.4677195325,3.584,1.46772626083333,3.584,1.47599927611111,3.594
1.46799756416667,3.584,1.4680042525,3.584,1.47627706138889,3.594
1.46827510527778,3.584,1.46828234777778,3.584,1.4765549025,3.594
1.46855304861111,3.584,1.46856015361111,3.584,1.4768328725,3.594
1.46883078694444,3.584,1.46883800583333,3.584,1.47711084583333,3.584
1.46910875027778,3.584,1.46911603472222,3.584,1.47738819444444,3.584
1.46938635111111,3.584,1.46939403361111,3.584,1.47766645361111,3.584
1.46966384555556,3.584,1.4696718625,3.584,1.47794415166667,3.584
1.46994190388889,3.584,1.46994993833333,3.584,1.47822252611111,3.584
1.47022027055556,3.584,1.47022799138889,3.584,1.47850046944444,3.594
1.47049826611111,3.584,1.47050613277778,3.584,1.47877836722222,3.594
1.47077588694444,3.584,1.47078431416667,3.584,1.47905642805556,3.594
1.47105345388889,3.584,1.47106206111111,3.584,1.47933391888889,3.594
1.4713314025,3.584,1.47133982527778,3.584,1.479611875,3.594
1.47160916027778,3.584,1.47161785944444,3.584,1.4798900625,3.594
1.47188692722222,3.584,1.47189595638889,3.584,1.48016809527778,3.594
1.472165125,3.584,1.47217337277778,3.584,1.48044569333333,3.584
1.47244274805556,3.584,1.47245144277778,3.584,1.480723905,3.594
1.47272060555556,3.584,1.47272968027778,3.584,1.48100182444444,3.594
1.47299881055556,3.584,1.47300746305556,3.584,1.4812798725,3.594
1.47327679916667,3.584,1.47328531305556,3.584,1.48155763138889,3.584
1.47355454472222,3.584,1.47356320027778,3.584,1.48183563055556,3.594
1.47383225166667,3.584,1.47384101805556,3.584,1.48211357722222,3.594
1.4741099425,3.584,1.47411858916667,3.584,1.48239098027778,3.594
1.47438792194444,3.584,1.47439630666667,3.584,1.48266909833333,3.584
1.47466626194444,3.584,1.47467403861111,3.584,1.4829471725,3.584
1.4749440375,3.584,1.47495171944444,3.584,1.48322538805556,3.594
1.47522170861111,3.584,1.47522986833333,3.584,1.48350302583333,3.584
1.47549975,3.584,1.47550758194444,3.584,1.48378072888889,3.584
1.47577731888889,3.584,1.47578559333333,3.584,1.48405859333333,3.594
1.47605553527778,3.584,1.47606358583333,3.584,1.48433675555556,3.584
1.47633330472222,3.584,1.47634128833333,3.584,1.48461445694444,3.594
1.47661125611111,3.584,1.47661940277778,3.584,1.48489219472222,3.584
1.47688902805556,3.584,1.47689706805556,3.584,1.48517037333333,3.594
1.47716708527778,3.584,1.47717481472222,3.584,1.48544836,3.594
1.47744473694444,3.584,1.47745297055556,3.584,1.48572599861111,3.594
1.47772271444444,3.584,1.47773127166667,3.584,1.48600419472222,3.584
1.47800085972222,3.584,1.47800895611111,3.584,1.48628200138889,3.594
1.47827865972222,3.584,1.47828701472222,3.584,1.48655977861111,3.584
1.47855661888889,3.584,1.4785647725,3.584,1.48683749611111,3.584
1.47883479722222,3.584,1.47884252222222,3.584,1.48711564222222,3.584
1.47911287694444,3.584,1.47912041333333,3.584,1.48739326305556,3.594
1.47939055555556,3.584,1.47939841694444,3.584,1.4876710325,3.584
1.47966885194444,3.584,1.47967613388889,3.584,1.48794850222222,3.584
1.47994705527778,3.584,1.47995393972222,3.584,1.48822702444444,3.594
1.48022512722222,3.584,1.48023181166667,3.584,1.48850434833333,3.584
1.48050318722222,3.584,1.48050997777778,3.584,1.48878264833333,3.594
1.48078073611111,3.584,1.48078758194444,3.584,1.48906069416667,3.594
1.48105840333333,3.584,1.48106573444444,3.584,1.48933867055556,3.594
1.48133653138889,3.584,1.48134340555556,3.584,1.48961674972222,3.594
1.48161435166667,3.584,1.48162144722222,3.584,1.48989437361111,3.584
1.48189244222222,3.584,1.48189957555556,3.584,1.49017215416667,3.584
1.4821702625,3.584,1.48217743166667,3.584,1.49044999722222,3.594
1.48244777694444,3.584,1.48245499472222,3.584,1.49072807638889,3.594
1.48272580138889,3.584,1.48273302861111,3.584,1.49100578583333,3.594
1.48300359472222,3.584,1.48301056638889,3.584,1.49128350361111,3.584
1.48328151805556,3.584,1.48328852416667,3.584,1.49156166138889,3.584
1.48355936166667,3.584,1.48356627888889,3.584,1.49183932833333,3.594
1.48383768666667,3.584,1.48384407416667,3.584,1.49211751583333,3.594
1.484115045,3.584,1.48412223916667,3.594,1.49239527083333,3.594
1.48439348416667,3.584,1.48440058472222,3.584,1.492672925,3.584
1.48467080222222,3.584,1.48467834388889,3.584,1.49295099333333,3.584
1.48494900611111,3.584,1.48495636027778,3.584,1.49322910138889,3.584
1.48522658555556,3.584,1.48523391194444,3.584,1.49350700305556,3.584
1.48550480916667,3.584,1.48551210138889,3.584,1.49378477722222,3.594
1.48578225194444,3.584,1.48578975472222,3.584,1.49406262277778,3.584
1.48606070416667,3.584,1.48606776111111,3.584,1.49434048055556,3.594
1.486338455,3.584,1.48634523638889,3.584,1.49461836166667,3.594
1.48661625416667,3.584,1.486623325,3.584,1.49489666305556,3.584
1.4868938275,3.584,1.48690114194444,3.584,1.49517405722222,3.594
1.48717141416667,3.584,1.48717901222222,3.584,1.4954521475,3.584
1.48744983388889,3.584,1.48745671222222,3.584,1.49572968611111,3.594
1.487727465,3.584,1.48773480055556,3.584,1.49600748916667,3.584
1.4880054725,3.584,1.48801297,3.584,1.49628529472222,3.594
1.48828340111111,3.584,1.48829089611111,3.584,1.49656304777778,3.584
1.48856128833333,3.584,1.48856859361111,3.584,1.49684101833333,3.584
1.48883906777778,3.584,1.48884651361111,3.584,1.49711887055556,3.584
1.48911714583333,3.584,1.48912429444444,3.584,1.4973967875,3.594
1.48939501888889,3.584,1.48940212527778,3.584,1.49767437027778,3.594
1.48967318194444,3.584,1.48967986722222,3.584,1.49795212805556,3.594
1.48995101166667,3.584,1.48995799833333,3.584,1.49823029361111,3.594
1.49022863833333,3.584,1.49023561388889,3.584,1.49850794777778,3.584
1.49050647166667,3.584,1.49051380888889,3.584,1.49878577722222,3.594
1.49078432611111,3.584,1.49079156388889,3.584,1.4990636225,3.584
1.49106198972222,3.584,1.49106908694444,3.584,1.49934147638889,3.594
1.491339735,3.584,1.49134697805556,3.584,1.49961933194444,3.594
1.49161819166667,3.584,1.49162518888889,3.584,1.49989711361111,3.594
1.4918957725,3.584,1.49190256555556,3.584,1.50017522083333,3.594
1.49217404722222,3.584,1.49218068777778,3.584,1.50045335694444,3.584
1.49245170055556,3.584,1.49245840472222,3.584,1.50073137694444,3.594
1.49272949055556,3.584,1.49273624138889,3.584,1.50100919138889,3.584
1.4930073975,3.584,1.49301430277778,3.584,1.50128715777778,3.594
1.49328514416667,3.584,1.49329247111111,3.584,1.50156490694444,3.584
1.49356357083333,3.584,1.49357009277778,3.584,1.50184298222222,3.594
1.493841445,3.584,1.49384810638889,3.584,1.50212062277778,3.584
1.49411956833333,3.584,1.49412612777778,3.584,1.50239902805556,3.584
1.49439766055556,3.584,1.49440394833333,3.584,1.50267645833333,3.584
1.49467534138889,3.584,1.49468162611111,3.584,1.50295439805556,3.584
1.49495312833333,3.584,1.49495945166667,3.584,1.50323213722222,3.594
1.49523080694444,3.584,1.49523729361111,3.584,1.50351003916667,3.594
1.49550875833333,3.584,1.49551516305556,3.584,1.50378774555556,3.594
1.49578643277778,3.584,1.49579294527778,3.584,1.5040659525,3.584
1.49606419638889,3.584,1.49607075138889,3.584,1.50434357527778,3.594
1.49634213055556,3.584,1.496349205,3.584,1.50462175611111,3.594
1.49661974472222,3.584,1.496626675,3.584,1.50489938833333,3.584
1.49689763166667,3.584,1.49690428722222,3.584,1.50517718222222,3.594
1.49717539333333,3.584,1.49718196166667,3.584,1.50545490888889,3.594
1.49745329833333,3.584,1.49745981777778,3.584,1.50573318083333,3.594
1.49773126472222,3.584,1.49773754583333,3.584,1.50601116777778,3.584
1.49800893111111,3.584,1.49801582361111,3.584,1.50628847194444,3.594
1.49828717388889,3.584,1.49829334611111,3.584,1.50656633555556,3.584
1.49856517611111,3.584,1.49857152555556,3.584,1.506844215,3.594
1.4988424625,3.584,1.49884937277778,3.584,1.50712232722222,3.594
1.49912042472222,3.584,1.49912700527778,3.584,1.50740041388889,3.594
1.49939807333333,3.584,1.49940507138889,3.584,1.50767829333333,3.594
1.49967634222222,3.584,1.49968256583333,3.584,1.507956355,3.594
1.49995435361111,3.584,1.4999605575,3.584,1.50823416305556,3.594
1.50023234916667,3.584,1.50023886222222,3.584,1.50851187333333,3.594
1.50051017333333,3.584,1.500516295,3.584,1.50878971305556,3.594
1.50078793888889,3.584,1.50079471416667,3.584,1.50906790694444,3.584
1.50106550361111,3.584,1.50107248833333,3.584,1.50934566361111,3.594
1.50134399555556,3.584,1.50135054194444,3.584,1.50962364611111,3.584
1.50162147611111,3.584,1.501628065,3.584,1.50990165777778,3.594
1.50189943472222,3.584,1.50190598138889,3.584,1.51017953194444,3.594
1.50217757277778,3.584,1.50218401333333,3.584,1.51045722305556,3.594
1.50245505555556,3.584,1.50246219472222,3.584,1.51073530777778,3.594
1.50273303194444,3.584,1.50273960361111,3.584,1.51101304694444,3.584
1.50301098944444,3.584,1.50301757611111,3.584,1.51129054222222,3.584
1.50328885333333,3.584,1.50329556138889,3.584,1.51156860833333,3.594
1.50356704416667,3.584,1.50357350277778,3.584,1.51184632916667,3.584
1.50384487833333,3.584,1.50385147361111,3.584,1.51212451055556,3.594
1.50412221194444,3.584,1.50412940722222,3.584,1.51240216972222,3.584
1.50440021361111,3.584,1.50440728083333,3.584,1.51267991583333,3.594
1.50467839388889,3.584,1.50468548194444,3.584,1.51295763638889,3.584
1.50495579222222,3.584,1.50496322138889,3.584,1.51323581583333,3.594
1.50523377305556,3.584,1.50524102666667,3.584,1.51351360638889,3.594
1.50551172333333,3.584,1.50551937472222,3.584,1.51379134916667,3.594
1.50578993222222,3.584,1.50579721944444,3.594,1.51406931305556,3.594
1.5060676575,3.584,1.50607505138889,3.584,1.51434707055556,3.594
1.50634527055556,3.584,1.50635287444444,3.584,1.51462499055556,3.594
1.50662370638889,3.584,1.50663099111111,3.584,1.51490287277778,3.584
1.50690168777778,3.584,1.50690870666667,3.584,1.51518042055556,3.584
1.50717947222222,3.584,1.50718667694444,3.584,1.5154585675,3.594
1.50745742583333,3.584,1.50746452416667,3.584,1.51573651027778,3.594
1.50773520555556,3.584,1.5077422375,3.584,1.51601442694444,3.594
1.50801281694444,3.584,1.50802043333333,3.584,1.51629224833333,3.594
1.50829075527778,3.584,1.50829814694444,3.584,1.51657035833333,3.584
1.50856862055556,3.584,1.5085759125,3.584,1.51684804722222,3.594
1.50884678777778,3.584,1.50885403805556,3.584,1.51712586472222,3.594
1.5091244925,3.584,1.50913169666667,3.584,1.51740377138889,3.594
1.50940234277778,3.584,1.50940929861111,3.584,1.51768152555556,3.594
1.50968028555556,3.584,1.50968736805556,3.584,1.51795970361111,3.584
1.50995799583333,3.584,1.50996524333333,3.584,1.51823747277778,3.594
1.51023630277778,3.584,1.51024315861111,3.584,1.51851526583333,3.594
1.51051435361111,3.594,1.51052090583333,3.584,1.51879302861111,3.594
1.510791985,3.584,1.51079873555556,3.584,1.51907081972222,3.594
1.51107010583333,3.584,1.51107639472222,3.584,1.51934868,3.594
1.51134788638889,3.584,1.51135439166667,3.584,1.51962632722222,3.584
1.51162568472222,3.584,1.5116322275,3.594,1.51990455944444,3.584
1.51190352083333,3.584,1.51191009638889,3.584,1.52018221722222,3.594
1.51218139305556,3.584,1.51218765583333,3.584,1.52045988833333,3.594
1.51245918611111,3.584,1.51246554527778,3.584,1.52073812666667,3.594
1.5127371625,3.584,1.51274344472222,3.584,1.52101589611111,3.594
1.51301517444444,3.584,1.51302103083333,3.584,1.52129368277778,3.594
1.51329314055556,3.584,1.51329867277778,3.584,1.52157140833333,3.594
1.51357063305556,3.584,1.51357719777778,3.584,1.52184957027778,3.594
1.513848665,3.584,1.51385491305556,3.584,1.52212763055556,3.594
1.51412639166667,3.584,1.51413255527778,3.584,1.52240550472222,3.584
1.51440415,3.584,1.5144106425,3.584,1.52268350666667,3.584
1.51468215444444,3.584,1.51468850833333,3.584,1.52296142638889,3.594
1.51495997027778,3.584,1.51496631583333,3.584,1.52323923861111,3.594
1.51523807277778,3.584,1.51524393611111,3.584,1.52351703416667,3.584
1.51551632416667,3.584,1.51552186,3.594,1.52379437388889,3.594
1.51579416,3.584,1.51579988527778,3.584,1.52407257555556,3.584
1.51607214361111,3.584,1.51607725638889,3.584,1.52435022805556,3.594
1.5163498725,3.584,1.51635578722222,3.584,1.52462812944444,3.584
1.51662739777778,3.594,1.51663338888889,3.584,1.52490589888889,3.594
1.51690515138889,3.584,1.51691101805556,3.584,1.52518348138889,3.584
1.51718324638889,3.584,1.51718925583333,3.584,1.52546147833333,3.594
1.51746080222222,3.584,1.51746678138889,3.584,1.52573911916667,3.594
1.5177387275,3.584,1.51774524444444,3.584,1.52601701194444,3.584
1.51801655194444,3.584,1.51802285583333,3.584,1.52629513388889,3.594
1.51829432666667,3.584,1.51830072222222,3.584,1.52657344388889,3.594
1.51857191972222,3.584,1.51857870583333,3.584,1.52685104555556,3.594
1.51884999722222,3.584,1.51885656416667,3.584,1.52712913166667,3.594
1.51912819527778,3.584,1.51913418305556,3.584,1.52740696027778,3.594
1.51940582527778,3.584,1.51941221138889,3.584,1.52768506527778,3.594
1.51968361083333,3.584,1.51968975361111,3.584,1.52796266222222,3.584
1.51996138222222,3.584,1.51996794222222,3.584,1.52824094861111,3.594
1.52023945611111,3.584,1.52024561611111,3.584,1.52851854638889,3.594
1.52051727027778,3.584,1.52052343111111,3.584,1.52879631027778,3.594
1.52079529333333,3.584,1.52080138277778,3.584,1.5290741475,3.594
1.52107312388889,3.584,1.52107905805556,3.584,1.52935225388889,3.584
1.52135124222222,3.584,1.52135668333333,3.584,1.52962977583333,3.584
1.52162886722222,3.584,1.52163482111111,3.594,1.52990784583333,3.594
1.52190707888889,3.584,1.52191293527778,3.584,1.53018591694444,3.594
1.52218461444444,3.584,1.5221911025,3.584,1.53046396027778,3.594
1.52246256416667,3.584,1.52246893777778,3.584,1.53074153777778,3.594
1.52274016194444,3.584,1.52274697416667,3.584,1.53101938777778,3.584
1.52301814777778,3.594,1.523024515,3.584,1.53129708388889,3.594
1.52329598611111,3.584,1.5233022125,3.584,1.53157497,3.594
1.52357333583333,3.584,1.52357982861111,3.584,1.531852655,3.584
1.523851225,3.584,1.52385822666667,3.584,1.53213022694444,3.594
1.52412921805556,3.584,1.5241360475,3.584,1.53240794472222,3.584
1.52440722305556,3.584,1.52441360444444,3.584,1.53268624472222,3.594
1.52468503805556,3.584,1.524691545,3.584,1.53296433055556,3.594
1.52496267527778,3.584,1.52496940055556,3.594,1.53324225472222,3.584
1.52524033083333,3.584,1.52524768361111,3.584,1.5335201025,3.594
1.52551840694444,3.584,1.52552535083333,3.584,1.53379769083333,3.594
1.52579628277778,3.584,1.52580352444444,3.584,1.53407541416667,3.594
1.52607401222222,3.584,1.52608092444444,3.584,1.53435334472222,3.594
1.52635222555556,3.584,1.52635899222222,3.594,1.53463077833333,3.594
1.52662999194444,3.584,1.52663639611111,3.584,1.53490853472222,3.594
1.52690805444444,3.584,1.52691451694444,3.584,1.53518658555556,3.584
1.52718594972222,3.584,1.52719276694444,3.584,1.53546467444444,3.584
1.52746350583333,3.584,1.52747008444444,3.594,1.53574249083333,3.594
1.52774138388889,3.584,1.52774861277778,3.584,1.53602053361111,3.594
1.52801922111111,3.584,1.52802617722222,3.594,1.53629833583333,3.584
1.52829711416667,3.584,1.52830400916667,3.594,1.53657596638889,3.594
1.52857475638889,3.584,1.52858147444444,3.584,1.53685400166667,3.584
1.52885273972222,3.584,1.52885953138889,3.594,1.53713193833333,3.594
1.52913079555556,3.584,1.5291370225,3.584,1.53741,3.594
1.52940875888889,3.594,1.5294152625,3.584,1.53768751833333,3.584
1.52968669361111,3.584,1.52969279138889,3.584,1.53796561277778,3.584
1.52996451472222,3.584,1.52997100722222,3.584,1.53824329416667,3.584
1.53024232694444,3.584,1.53024908861111,3.584,1.53852112888889,3.584
1.53052018305556,3.584,1.53052667833333,3.584,1.538799125,3.594
1.53079825638889,3.584,1.53080464611111,3.584,1.53907687361111,3.594
1.53107611694444,3.584,1.53108273972222,3.584,1.53935454805556,3.594
1.53135401722222,3.584,1.53136071472222,3.584,1.53963251,3.594
1.5316321025,3.584,1.53163834111111,3.584,1.53991014638889,3.594
1.53190966666667,3.584,1.53191590444444,3.594,1.54018839444444,3.594
1.53218754027778,3.584,1.53219407638889,3.584,1.54046569277778,3.594
1.53246522444444,3.584,1.53247211722222,3.584,1.54074381972222,3.584
1.53274335805556,3.584,1.53274991027778,3.584,1.54102156277778,3.594
1.53302105916667,3.584,1.53302739888889,3.594,1.54129948555556,3.594
1.53329901194444,3.584,1.5333055125,3.584,1.54157721972222,3.594
1.53357675111111,3.584,1.53358343388889,3.584,1.54185506333333,3.594
1.53385440833333,3.584,1.53386114277778,3.594,1.54213313916667,3.594
1.53413246388889,3.584,1.534138935,3.584,1.54241072444444,3.594
1.53441013833333,3.584,1.53441667,3.584,1.54268852222222,3.584
1.5346877325,3.584,1.53469424722222,3.584,1.54296637472222,3.594
1.53496560361111,3.584,1.53497247777778,3.594,1.5432438175,3.594
1.53524362055556,3.584,1.53525055388889,3.584,1.54352196333333,3.594
1.53552150527778,3.594,1.53552827666667,3.594,1.54379969805556,3.594
1.53579912166667,3.584,1.53580620916667,3.594,1.54407784638889,3.594
1.53607706416667,3.584,1.5360840925,3.584,1.54435549777778,3.594
1.53635564805556,3.584,1.53636176305556,3.594,1.54463358861111,3.594
1.53663282861111,3.584,1.53663951861111,3.594,1.54491114361111,3.594
1.5369108725,3.584,1.53691729111111,3.584,1.54518900861111,3.594
1.53718884805556,3.584,1.53719507583333,3.584,1.54546675916667,3.594
1.5374667975,3.584,1.53747262444444,3.584,1.54574459416667,3.594
1.53774463861111,3.584,1.53775057527778,3.584,1.54602300111111,3.594
1.53802274611111,3.584,1.53802867944444,3.594,1.54630104666667,3.594
1.53830071972222,3.584,1.5383065325,3.584,1.54657889166667,3.594
1.53857868555556,3.584,1.53858425138889,3.584,1.54685676027778,3.594
1.53885606333333,3.584,1.53886230138889,3.594,1.54713402944444,3.584
1.53913425944444,3.584,1.5391400725,3.594,1.54741204833333,3.594
1.53941185694444,3.584,1.53941794694444,3.594,1.54769028388889,3.584
1.53968997166667,3.584,1.539695725,3.584,1.54796807194444,3.584
1.53996762388889,3.584,1.53997354888889,3.584,1.54824583777778,3.594
1.54024549333333,3.584,1.54025135666667,3.584,1.54852349472222,3.594
1.54052297638889,3.584,1.54052892055556,3.584,1.5488013375,3.594
1.54080114722222,3.584,1.54080721722222,3.594,1.54907924222222,3.594
1.54107898166667,3.584,1.54108495361111,3.584,1.54935695083333,3.594
1.54135674194444,3.584,1.54136281194444,3.584,1.54963451861111,3.594
1.54163445333333,3.584,1.54164034583333,3.584,1.54991264916667,3.594
1.54191208916667,3.584,1.5419184475,3.594,1.55019084611111,3.594
1.54219020361111,3.594,1.54219621777778,3.584,1.55046844416667,3.594
1.54246809138889,3.584,1.54247471055556,3.584,1.55074601388889,3.594
1.5427459575,3.584,1.54275273611111,3.584,1.5510242325,3.594
1.54302392055556,3.594,1.54303071805556,3.594,1.55130199722222,3.594
1.54330172472222,3.584,1.54330841833333,3.584,1.551580105,3.594
1.54357943805556,3.584,1.54358655027778,3.584,1.55185818361111,3.594
1.54385720583333,3.584,1.54386417527778,3.584,1.55213569472222,3.594
1.54413517222222,3.584,1.54414203138889,3.584,1.55241374805556,3.594
1.54441253,3.584,1.54442023805556,3.594,1.55269134861111,3.584
1.54469026722222,3.584,1.54469846472222,3.584,1.55296957166667,3.594
1.54496830861111,3.584,1.54497612833333,3.594,1.553247425,3.594
1.54524622111111,3.584,1.54525397805556,3.584,1.55352521222222,3.584
1.54552370555556,3.584,1.54553202527778,3.594,1.55380313361111,3.584
1.54580148388889,3.584,1.54580983388889,3.584,1.55408072888889,3.594
1.54607931111111,3.584,1.54608759666667,3.584,1.55435858472222,3.594
1.54635733777778,3.584,1.5463655725,3.584,1.55463638638889,3.594
1.54663508694444,3.584,1.54664371333333,3.584,1.55491425333333,3.594
1.54691287388889,3.584,1.54692127694444,3.594,1.55519181361111,3.594
1.54719035333333,3.584,1.54719916138889,3.594,1.55547004888889,3.594
1.54746859361111,3.584,1.54747718416667,3.594,1.55574771472222,3.594
1.54774605888889,3.584,1.54775459472222,3.584,1.5560257325,3.594
1.54802404805556,3.584,1.54803247944444,3.594,1.55630379722222,3.584
1.54830213138889,3.584,1.548310725,3.594,1.55658177277778,3.594
1.54857985083333,3.584,1.54858882972222,3.584,1.5568597875,3.594
1.54885745333333,3.594,1.54886657472222,3.584,1.55713781527778,3.594
1.54913554833333,3.584,1.54914406194444,3.584,1.55741587027778,3.594
1.54941353972222,3.584,1.5494218025,3.584,1.55769354583333,3.594
1.54969107833333,3.584,1.54969949111111,3.584,1.55797149861111,3.594
1.54996931666667,3.584,1.54997758277778,3.584,1.55824942805556,3.594
1.55024685055556,3.584,1.550255325,3.594,1.55852681888889,3.594
1.55052487472222,3.584,1.55053309555556,3.584,1.55880514194444,3.594
1.55080263194444,3.584,1.55081121416667,3.584,1.55908270444444,3.594
1.55108042277778,3.584,1.55108894611111,3.584,1.55936093583333,3.594
1.55135830972222,3.584,1.55136711833333,3.594,1.55963858777778,3.594
1.55163636777778,3.584,1.551645335,3.584,1.55991628888889,3.594
1.55191465,3.584,1.55192316305556,3.584,1.56019444222222,3.594
1.55219220944444,3.584,1.55220066583333,3.594,1.56047239694444,3.584
1.55246993305556,3.584,1.55247869166667,3.584,1.56075028722222,3.594
1.55274779638889,3.584,1.55275683944444,3.594,1.56102817027778,3.594
1.55302524027778,3.584,1.55303498555556,3.584,1.56130571416667,3.594
1.55330338361111,3.584,1.55331261888889,3.584,1.56158401666667,3.594
1.55358136861111,3.584,1.55359032472222,3.594,1.56186177361111,3.584
1.55385927722222,3.584,1.553867945,3.594,1.56213950833333,3.594
1.55413696527778,3.594,1.55414564083333,3.584,1.56241708305556,3.594
1.55441501666667,3.594,1.55442383722222,3.594,1.56269494777778,3.584
1.55469276416667,3.584,1.55470143777778,3.584,1.56297266888889,3.594
1.55497064083333,3.594,1.5549793075,3.594,1.56325110416667,3.584
1.55524867694444,3.584,1.55525731277778,3.594,1.5635289725,3.594
1.55552649416667,3.584,1.55553518138889,3.584,1.56380682833333,3.594
1.555804425,3.584,1.55581325888889,3.584,1.56408470027778,3.594
1.55608234638889,3.584,1.55609134833333,3.584,1.56436248944444,3.594
1.55636004166667,3.584,1.55636874222222,3.584,1.56464051305556,3.594
1.55663801222222,3.584,1.55664693472222,3.584,1.56491835638889,3.594
1.55691617611111,3.584,1.55692417361111,3.584,1.56519590944444,3.594
1.55719394472222,3.584,1.55720264722222,3.584,1.56547384444444,3.594
1.55747215416667,3.584,1.55748007722222,3.584,1.56575203861111,3.584
1.55774993805556,3.594,1.55775823583333,3.594,1.56602986666667,3.594
1.55802744055556,3.584,1.55803564388889,3.584,1.56630780472222,3.594
1.55830571916667,3.584,1.55831384777778,3.594,1.56658548333333,3.594
1.55858339972222,3.584,1.55859126333333,3.584,1.56686335638889,3.594
1.55886113194444,3.584,1.55886937,3.584,1.56714115333333,3.594
1.55913872083333,3.594,1.55914745611111,3.584,1.56741880527778,3.594
1.55941665833333,3.584,1.55942521611111,3.584,1.56769703777778,3.594
1.55969479722222,3.584,1.55970328583333,3.584,1.5679747275,3.594
1.55997272472222,3.584,1.5599808975,3.584,1.56825243722222,3.594
1.56025059166667,3.584,1.56025895111111,3.594,1.56853032833333,3.584
1.56052866694444,3.584,1.56053707694444,3.584,1.56880797055556,3.584
1.56080616555556,3.584,1.56081525805556,3.584,1.56908614833333,3.594
1.56108436777778,3.584,1.56109285694444,3.594,1.56936410277778,3.594
1.56136236472222,3.584,1.561370685,3.594,1.56964185138889,3.594
1.56164015777778,3.584,1.56164912527778,3.584,1.56991962833333,3.594
1.56191779833333,3.584,1.56192647611111,3.594,1.57019750638889,3.594
1.56219574027778,3.584,1.56220460972222,3.594,1.57047554805556,3.594
1.56247302916667,3.584,1.56248254055556,3.584,1.57075309361111,3.594
1.56275157944444,3.584,1.56276032444444,3.594,1.57103073166667,3.594
1.56302958833333,3.584,1.5630386925,3.594,1.5713092725,3.594
1.56330726805556,3.594,1.56331646388889,3.584,1.57158654277778,3.594
1.56358480361111,3.584,1.56359400444444,3.594,1.57186496888889,3.594
1.56386272305556,3.594,1.56387241611111,3.594,1.57214270277778,3.594
1.56414098527778,3.594,1.56414993805556,3.594,1.57242019055556,3.594
1.56441888861111,3.584,1.564427735,3.594,1.57269815527778,3.594
1.56469665611111,3.584,1.56470573722222,3.584,1.57297643361111,3.594
1.56497432222222,3.594,1.56498341944444,3.594,1.57325402722222,3.594
1.56525212305556,3.594,1.56526161472222,3.584,1.57353194305556,3.594
1.56553019361111,3.584,1.56553938722222,3.594,1.57380983027778,3.594
1.56580805194444,3.584,1.56581745333333,3.584,1.57408744555556,3.594
1.5660859125,3.594,1.5660950325,3.584,1.57436536027778,3.594
1.56636357583333,3.584,1.56637302361111,3.594,1.57464301611111,3.594
1.5666412425,3.584,1.56665092388889,3.584,1.57492108027778,3.594
1.56691932388889,3.594,1.5669287075,3.584,1.57519878833333,3.594
1.56719665861111,3.584,1.56720649138889,3.584,1.57547705277778,3.594
1.56747470166667,3.584,1.56748410027778,3.594,1.57575469666667,3.594
1.56775250777778,3.584,1.56776214861111,3.584,1.57603284694444,3.594
1.56803042333333,3.584,1.56803961333333,3.584,1.57631054583333,3.594
1.56830798083333,3.584,1.56831770972222,3.584,1.57658863777778,3.594
1.56858572916667,3.594,1.56859560638889,3.584,1.57686666194444,3.594
1.56886342944444,3.584,1.56887366944444,3.584,1.57714477194444,3.594
1.56914154194444,3.594,1.56915128972222,3.594,1.57742225333333,3.594
1.56941906611111,3.594,1.56942936972222,3.594,1.57770043722222,3.594
1.56969663527778,3.584,1.56970667694444,3.594,1.57797835194444,3.594
1.56997491111111,3.584,1.56998452361111,3.584,1.57825619277778,3.594
1.57025237277778,3.594,1.57026224638889,3.594,1.57853403111111,3.594
1.5705304125,3.584,1.57054038333333,3.594,1.57881188166667,3.594
1.57080803138889,3.584,1.57081859194444,3.594,1.57908976138889,3.594
1.57108552,3.584,1.5710964375,3.594,1.57936762944444,3.594
1.57136385361111,3.584,1.57137464527778,3.584,1.57964552305556,3.594
1.57164179083333,3.584,1.57165243361111,3.594,1.57992330111111,3.584
1.57191955694444,3.584,1.57193048972222,3.594,1.58020119111111,3.594
1.57219747166667,3.594,1.572208315,3.594,1.58047886194444,3.594
1.572475435,3.584,1.57248677972222,3.594,1.58075663722222,3.584
1.57275321555556,3.584,1.57276498861111,3.594,1.58103456166667,3.594
1.57303078805556,3.584,1.57304281,3.584,1.5813126125,3.594
1.5733088925,3.584,1.57332057805556,3.584,1.58159026527778,3.594
1.57358671944444,3.584,1.57359845472222,3.594,1.58186836027778,3.594
1.57386466194444,3.584,1.57387621888889,3.594,1.58214606055556,3.594
1.57414284722222,3.584,1.57415407194444,3.594,1.58242451583333,3.594
1.57442067388889,3.584,1.57443211277778,3.594,1.58270231,3.594
1.57469804583333,3.594,1.57470980694444,3.594,1.58298005722222,3.594
1.574976065,3.584,1.57498786555556,3.594,1.58325740222222,3.594
1.57525396138889,3.594,1.575265285,3.584,1.58353562611111,3.594
1.57553182916667,3.584,1.57554342222222,3.594,1.58381322555556,3.594
1.5758097775,3.584,1.57582125277778,3.594,1.58409133222222,3.594
1.57608765277778,3.584,1.57609941333333,3.584,1.58436903083333,3.594
1.57636536861111,3.594,1.57637735555556,3.594,1.58464706111111,3.594
1.57664304083333,3.584,1.57665488388889,3.584,1.58492466277778,3.594
1.5769215775,3.584,1.57693264444444,3.584,1.58520303055556,3.594
1.57719952944444,3.584,1.57721096916667,3.584,1.58548071805556,3.594
1.57747758083333,3.584,1.57748886916667,3.584,1.58575886333333,3.594
1.5777551175,3.584,1.57776671555556,3.584,1.58603665638889,3.594
1.57803315861111,3.594,1.57804450638889,3.584,1.58631471166667,3.594
1.57831130222222,3.584,1.57832255694444,3.594,1.58659243861111,3.594
1.57858935722222,3.584,1.5786008125,3.594,1.58687027555556,3.594
1.57886698138889,3.584,1.57887825555556,3.594,1.58714823805556,3.594
1.5791448125,3.584,1.57915606194444,3.584,1.58742649944444,3.594
1.57942293805556,3.584,1.57943376638889,3.594,1.58770423138889,3.594
1.57970057916667,3.594,1.57971150138889,3.584,1.5879818775,3.584
1.57997831472222,3.584,1.57998970472222,3.594,1.58825975,3.594
1.58025651583333,3.584,1.58026738916667,3.594,1.58853745555556,3.594
1.58053408805556,3.584,1.58054523472222,3.594,1.58881551916667,3.594
1.58081166305556,3.584,1.58082289861111,3.584,1.58909325777778,3.594
1.58108980638889,3.584,1.58110084305556,3.594,1.58937094833333,3.584
1.58136726472222,3.584,1.581378335,3.594,1.58964924055556,3.594
1.58164548722222,3.584,1.58165634944444,3.594,1.58992676138889,3.594
1.58192301611111,3.584,1.58193434222222,3.594,1.590204985,3.594
1.58220131861111,3.584,1.58221247305556,3.584,1.59048312888889,3.594
1.58247890638889,3.584,1.58249035083333,3.594,1.59076050472222,3.594
1.58275695333333,3.594,1.5827682475,3.594,1.59103868861111,3.594
1.583034705,3.584,1.58304616944444,3.594,1.59131637277778,3.594
1.58331287027778,3.594,1.58332398083333,3.584,1.5915940475,3.594
1.58359063333333,3.584,1.58360213861111,3.594,1.59187222388889,3.594
1.58386875888889,3.584,1.58388032166667,3.594,1.59214995888889,3.594
1.58414675694444,3.584,1.584158235,3.594,1.59242803666667,3.594
1.58442440583333,3.594,1.58443550833333,3.594,1.59270613472222,3.594
1.58470240027778,3.594,1.58471353472222,3.594,1.59298367527778,3.594
1.58498037333333,3.584,1.58499130166667,3.594,1.59326171638889,3.594
1.58525787194444,3.584,1.58526893555556,3.594,1.59353929555556,3.594
1.58553591638889,3.584,1.58554696833333,3.584,1.59381713555556,3.594
1.58581366361111,3.584,1.58582480305556,3.584,1.59409485722222,3.594
1.58609154833333,3.584,1.58610298027778,3.594,1.59437263194444,3.594
1.58636911833333,3.584,1.58638108111111,3.594,1.59465023333333,3.594
1.58664717861111,3.594,1.58665895833333,3.594,1.59492840638889,3.594
1.586924955,3.584,1.58693722722222,3.594,1.59520646694444,3.594
1.58720281027778,3.594,1.58721540583333,3.594,1.59548414555556,3.594
1.58748067138889,3.584,1.58749286666667,3.594,1.59576188555556,3.594
1.58775854694444,3.584,1.58777083694444,3.594,1.59603952555556,3.594
1.58803654777778,3.584,1.58804870444444,3.594,1.59631743833333,3.594
1.58831427888889,3.594,1.58832693722222,3.594,1.59659520666667,3.594
1.58859189138889,3.584,1.58860464083333,3.594,1.59687303888889,3.594
1.58886985027778,3.584,1.58888243361111,3.594,1.59715081722222,3.594
1.58914743833333,3.594,1.58916033638889,3.594,1.59742859055556,3.594
1.58942527694444,3.594,1.58943812333333,3.584,1.59770674583333,3.594
1.58970326305556,3.584,1.5897159175,3.594,1.59798470722222,3.594
1.58998123444444,3.584,1.58999364555556,3.594,1.59826240083333,3.594
1.59025903194444,3.594,1.59027192583333,3.594,1.59854030361111,3.594
1.59053696138889,3.594,1.59054945416667,3.584,1.59881802666667,3.594
1.59081485916667,3.584,1.59082754333333,3.594,1.59909574305556,3.594
1.59109228305556,3.594,1.59110560111111,3.594,1.59937373222222,3.594
1.59137008333333,3.594,1.59138381694444,3.594,1.59965163194444,3.594
1.59164819805556,3.584,1.591661905,3.594,1.59992932583333,3.594
1.59192615166667,3.584,1.59193954083333,3.594,1.60020722138889,3.594
1.59220444833333,3.584,1.59221771583333,3.594,1.60048540916667,3.594
1.59248244194444,3.584,1.59249532555556,3.594,1.60076325666667,3.594
1.59276038972222,3.584,1.59277353388889,3.584,1.60104119194444,3.584
1.59303812055556,3.594,1.59305139361111,3.594,1.60131886138889,3.594
1.59331604388889,3.584,1.5933290725,3.594,1.60159679472222,3.594
1.59359385166667,3.584,1.59360714333333,3.594,1.60187448972222,3.594
1.59387229527778,3.594,1.59388497333333,3.594,1.60215263861111,3.594
1.59415006861111,3.594,1.59416252111111,3.594,1.60243023027778,3.594
1.59442800194444,3.584,1.59444073305556,3.594,1.60270790027778,3.594
1.59470584277778,3.584,1.59471840972222,3.594,1.6029858825,3.594
1.59498365638889,3.584,1.59499632111111,3.594,1.60326354138889,3.594
1.59526136222222,3.594,1.59527378083333,3.594
1.59553918888889,3.584,1.5955514175,3.594
1.59581698333333,3.584,1.59582968944444,3.584
1.59609479916667,3.594,1.59610742027778,3.594
1.5963730675,3.584,1.59638535972222,3.594
1.59665098555556,3.584,1.596663165,3.594
1.59692871861111,3.594,1.59694094388889,3.594
1.59720633472222,3.584,1.59721861416667,3.584
1.59748414166667,3.594,1.59749644305556,3.594
1.59776217083333,3.584,1.59777453027778,3.594
1.59804006388889,3.594,1.59805265361111,3.584
1.59831814805556,3.594,1.59833060361111,3.594
1.59859608972222,3.584,1.59860843388889,3.584
1.59887403833333,3.594,1.59888612916667,3.594
1.59915166805556,3.584,1.59916405972222,3.594
1.59942934638889,3.594,1.59944202388889,3.594
1.59970726388889,3.584,1.59971978083333,3.594
1.59998546166667,3.584,1.59999765638889,3.594
1.60026310416667,3.584,1.60027533305556,3.594
1.60054059833333,3.594,1.60055329666667,3.594
1.60081876194444,3.584,1.60083097166667,3.594
1.60109675166667,3.584,1.60110873166667,3.584
1.60137476611111,3.594,1.60138645166667,3.594
1.60165235083333,3.594,1.60166460166667,3.594
1.60193030722222,3.594,1.60194228583333,3.594
1.60220819805556,3.594,1.6022202475,3.594
1.60248618972222,3.594,1.6024980425,3.594
1.60276422888889,3.584,1.60277590388889,3.594
1.60304196583333,3.584,1.60305375055556,3.594
1.60331970194444,3.584,1.60333207472222,3.584
1.60359779916667,3.584,1.60361045777778,3.584
1.60387569638889,3.584,1.60388795944444,3.584
1.60415304027778,3.584,1.60416563111111,3.594
1.604430825,3.594,1.60444382861111,3.594
1.60470891833333,3.594,1.60472138916667,3.594
1.60498665722222,3.584,1.60499966388889,3.594
1.60526446,3.584,1.60527728388889,3.594
1.6055423125,3.584,1.60555472527778,3.584
1.60582037833333,3.584,1.60583276694444,3.594
1.60609856388889,3.584,1.60611055805556,3.594
1.60637647694444,3.594,1.6063884375,3.594
1.60665432472222,3.584,1.60666602694444,3.594
1.60693233305556,3.594,1.60694421888889,3.594
1.60721048527778,3.594,1.60722211027778,3.594
1.60748837722222,3.584,1.60749988861111,3.594
1.60776610888889,3.594,1.60777762666667,3.584
1.60804423722222,3.594,1.60805519305556,3.584
1.60832180916667,3.594,1.6083329525,3.594
1.60859979138889,3.584,1.60861093833333,3.594
1.60887760333333,3.584,1.60888842611111,3.584
1.60915538277778,3.594,1.60916666027778,3.594
1.60943303305556,3.594,1.60944438388889,3.594
1.60971086722222,3.584,1.60972199444444,3.584
1.60998858611111,3.584,1.61000005055556,3.594
1.61026633027778,3.584,1.61027820611111,3.594
1.61054417083333,3.584,1.61055593388889,3.594
1.61082225722222,3.594,1.61083404583333,3.594
1.61110038138889,3.594,1.61111203944444,3.594
1.61137800833333,3.594,1.61139017055556,3.594
1.61165630277778,3.594,1.61166782888889,3.584
1.61193385777778,3.584,1.61194551388889,3.594
1.61221164305556,3.594,1.61222321472222,3.584
1.61248969694444,3.594,1.61250126916667,3.594
1.6127675075,3.594,1.61277900944444,3.584
1.61304542805556,3.584,1.61305699277778,3.594
1.61332337027778,3.584,1.61333456027778,3.594
1.61360107166667,3.594,1.61361270083333,3.594
1.61387924222222,3.594,1.61389000972222,3.594
1.6141568,3.584,1.61416782805556,3.594
1.61443499888889,3.594,1.61444610166667,3.594
1.61471306916667,3.594,1.61472413583333,3.594
1.61499101416667,3.594,1.61500167805556,3.594
1.61526832111111,3.584,1.61527946916667,3.594
1.61554638472222,3.594,1.61555736083333,3.594
1.61582460861111,3.594,1.61583508916667,3.594
1.61610235638889,3.594,1.61611270833333,3.594
1.61637977361111,3.584,1.61639083111111,3.594
1.61665747638889,3.594,1.61666899055556,3.594
1.61693570861111,3.594,1.61694693805556,3.594
1.61721330666667,3.584,1.61722484388889,3.594
1.61749129166667,3.594,1.61750286777778,3.594
1.61776916166667,3.594,1.61778094166667,3.594
1.61804709194444,3.584,1.61805882333333,3.594
1.61832478416667,3.584,1.61833686388889,3.584
1.61860229638889,3.594,1.61861499055556,3.594
1.61888030277778,3.594,1.61889261944444,3.594
1.61915772361111,3.594,1.61917080972222,3.584
1.61943574777778,3.584,1.61944850027778,3.584
1.6197136075,3.594,1.6197261775,3.594
1.61999151138889,3.594,1.62000415638889,3.594
1.62026920083333,3.594,1.62028176694444,3.594
1.62054709083333,3.584,1.62056000527778,3.584
1.62082462305556,3.584,1.62083780611111,3.584
1.62110233805556,3.594,1.62111562305556,3.594
1.62138040611111,3.594,1.62139352888889,3.594
1.62165815944444,3.594,1.62167157638889,3.594
1.62193556666667,3.594,1.6219493075,3.594
1.62221335888889,3.584,1.62222672777778,3.594
1.62249152583333,3.594,1.62250480888889,3.594
1.62276917388889,3.584,1.62278298833333,3.584
1.62304733805556,3.584,1.62306092805556,3.594
1.623325035,3.584,1.6233385275,3.594
1.62360306861111,3.584,1.62361684055556,3.594
1.62388131944444,3.584,1.62389495361111,3.594
1.62415881888889,3.594,1.62417292361111,3.594
1.62443692277778,3.594,1.62445082472222,3.594
1.62471451694444,3.594,1.62472858305556,3.594
1.62499268333333,3.594,1.62500655388889,3.594
1.62527053333333,3.594,1.62528442916667,3.584
1.62554836861111,3.584,1.62556199805556,3.594
1.62582594277778,3.584,1.62584009944444,3.594
1.62610388805556,3.584,1.62611789666667,3.594
1.62638162166667,3.594,1.62639582611111,3.594
1.62665935,3.594,1.62667346861111,3.594
1.62693746583333,3.594,1.626951325,3.594
1.62721524277778,3.584,1.62722944055556,3.594
1.62749297472222,3.584,1.62750701861111,3.584
1.62777054083333,3.584,1.62778506166667,3.594
1.62804846416667,3.594,1.62806315388889,3.594
1.62832617388889,3.584,1.62834108555556,3.584
1.62860420638889,3.594,1.62861885972222,3.594
1.62888195527778,3.594,1.62889646222222,3.594
1.62915973055556,3.594,1.62917437388889,3.594
1.629437245,3.584,1.62945244777778,3.594
1.62971542361111,3.594,1.62973051416667,3.594
1.62999332444444,3.594,1.63000826361111,3.594
1.63027105166667,3.584,1.6302866075,3.594
1.63054905888889,3.594,1.63056480583333,3.584
1.63082679111111,3.594,1.63084224944444,3.594
1.63110445944444,3.594,1.63112041583333,3.594
1.63138257722222,3.594,1.63139810694444,3.594
1.63166036611111,3.584,1.63167580527778,3.594
1.63193817666667,3.584,1.63195359972222,3.594
1.63221589583333,3.584,1.63223175722222,3.594
1.632493995,3.584,1.63250960527778,3.594
1.632771755,3.584,1.63278756972222,3.594
1.6330497625,3.584,1.63306564222222,3.594
1.63332772138889,3.584,1.63334351694444,3.594
1.63360552222222,3.584,1.63362166666667,3.594
1.63388361111111,3.584,1.63389922361111,3.594
1.63416138416667,3.584,1.63417687666667,3.594
1.63443942277778,3.584,1.63445466583333,3.594
1.63471740083333,3.584,1.63473240944444,3.584
1.63499508777778,3.594,1.63501027666667,3.584
1.63527329083333,3.594,1.63528830777778,3.594
1.63555145611111,3.594,1.63556582722222,3.594
1.63582938861111,3.594,1.63584356361111,3.594
1.63610716583333,3.594,1.63612134583333,3.594
1.63638521888889,3.584,1.63639961388889,3.594
1.63666301888889,3.584,1.63667742972222,3.594
1.6369411375,3.594,1.63695509361111,3.594
1.63721903638889,3.594,1.63723322972222,3.594
1.63749694722222,3.584,1.63751102222222,3.594
1.63777490666667,3.584,1.63778921583333,3.594
1.63805238194444,3.584,1.63806679638889,3.594
1.63833025194444,3.584,1.63834488944444,3.594
1.63860774194444,3.584,1.63862300972222,3.594
1.63888570944444,3.594,1.6389010775,3.594
1.63916379694444,3.594,1.63917869527778,3.594
1.63944211972222,3.594,1.63945676138889,3.594
1.63971972055556,3.584,1.63973457611111,3.584
1.63999774222222,3.594,1.64001221972222,3.594
1.64027537861111,3.594,1.64028995583333,3.594
1.64055333805556,3.594,1.64056787583333,3.594
1.64083128833333,3.594,1.64084572861111,3.594
1.64110883805556,3.594,1.64112323833333,3.594
1.64138660805556,3.584,1.64140148638889,3.584
1.64166489305556,3.594,1.64167942888889,3.594
1.641942185,3.584,1.64195740305556,3.594
1.64222059805556,3.594,1.64223526638889,3.594
1.6424983425,3.594,1.64251285888889,3.584
1.64277648333333,3.594,1.64279100722222,3.594
1.64305418805556,3.594,1.64306847694444,3.594
1.64333208055556,3.594,1.64334611388889,3.594
1.64360985111111,3.594,1.643624265,3.594
1.64388762388889,3.594,1.64390167388889,3.594
1.64416527555556,3.594,1.64417979444444,3.584
1.64444306333333,3.584,1.64445755805556,3.594
1.64472087111111,3.594,1.64473580805556,3.584
1.64499895638889,3.584,1.64501348888889,3.584
1.64527641638889,3.584
1.645554885,3.594
1.64583301916667,3.584
1.64611087638889,3.584
1.6463887775,3.594
1.64666640305556,3.594
1.64694388277778,3.594
1.6472223175,3.594
1.64750020111111,3.584
1.64777778833333,3.594
1.64805594444444,3.594
1.64833369805556,3.584
1.648611655,3.594
1.64888941388889,3.584
1.64916720722222,3.584
1.64944494472222,3.584
1.64972271833333,3.594
1.65000038833333,3.594
1.65027863777778,3.594
1.65055678333333,3.594
1.65083470472222,3.584
1.65111276166667,3.594
1.65139060527778,3.584
1.6516686775,3.584
1.65194638527778,3.584
1.65222457555556,3.594
1.65250242194444,3.594
1.65278054361111,3.594
1.65305825805556,3.594
1.65333633361111,3.584
1.653614555,3.584
1.65389204916667,3.594
1.6541699175,3.584
1.65444825944444,3.594
1.65472578472222,3.584
1.65500371527778,3.584
1.65528148083333,3.594
1.65555938694444,3.594
1.655837195,3.594
1.65611506888889,3.594
1.65639285194444,3.584
1.65667079916667,3.584
1.65694851861111,3.584
1.65722621361111,3.594
1.65750413555556,3.594
1.65778207777778,3.594
1.658059685,3.594
1.65833786055556,3.594
1.658615585,3.594
1.65889377138889,3.594
1.65917148361111,3.584
1.65944913638889,3.594
1.65972735666667,3.594
1.66000509583333,3.594
1.66028284694444,3.594
1.660561045,3.584
1.66083877555556,3.584
1.66111632722222,3.594
1.66139446138889,3.584
1.66167222277778,3.594
1.6619502875,3.584
1.66222808583333,3.584
1.66250595916667,3.584
1.66278367305556,3.594
1.66306127333333,3.594
1.6633392025,3.584
1.66361685944444,3.594
1.66389494444444,3.594
1.66417238583333,3.584
1.66445056805556,3.594
1.66472839527778,3.594
1.66500605805556,3.584
1.66528430194444,3.594
1.66556195222222,3.594
1.66584017083333,3.594
1.6661185,3.594
1.66639640416667,3.594
1.66667455444444,3.594
1.66695243083333,3.584
1.6672301975,3.594
1.6675082275,3.594
1.66778578166667,3.584
1.66806339388889,3.584
1.66834139472222,3.584
1.66861924805556,3.594
1.66889715111111,3.584
1.66917493861111,3.584
1.66945284472222,3.584
1.66973039805556,3.594
1.67000843138889,3.594
1.67028633916667,3.594
1.6705640475,3.594
1.67084201833333,3.594
1.67111964305556,3.584
1.67139758833333,3.594
1.67167540472222,3.584
1.67195306055556,3.594
1.67223083333333,3.594
1.67250861305556,3.594
1.672786685,3.594
1.67306480777778,3.584
1.67334251111111,3.594
1.673620265,3.594
1.67389796305556,3.594
1.67417558555556,3.584
1.67445339055556,3.594
1.6747314175,3.584
1.67500949916667,3.594
1.67528690861111,3.584
1.67556496166667,3.584
1.67584281027778,3.584
1.67612021805556,3.584
1.67639850666667,3.584
1.6766762975,3.594
1.67695431027778,3.584
1.67723242666667,3.584
1.67750970277778,3.594
1.67778787388889,3.594
1.67806574583333,3.594
1.678343785,3.594
1.67862108777778,3.584
1.67889922777778,3.584
1.67917697083333,3.594
1.6794549675,3.594
1.67973296027778,3.594
1.68001068388889,3.594
1.68028842388889,3.594
1.68056653083333,3.594
1.68084413027778,3.594
1.68112196222222,3.584
1.68139987722222,3.594
1.68167760333333,3.594
1.68195523555556,3.594
1.68223338194444,3.594
1.68251143055556,3.594
1.68278916888889,3.594
1.68306714861111,3.594
1.68334508194444,3.594
1.68362287166667,3.594
1.68390076638889,3.594
1.68417885388889,3.594
1.6844567675,3.594
1.68473436972222,3.594
1.68501233416667,3.594
1.68529044,3.594
1.68556802138889,3.584
1.68584608638889,3.594
1.68612421361111,3.584
1.68640172833333,3.594
1.68667965861111,3.584
1.68695747638889,3.584
1.68723574638889,3.594
1.6875137675,3.584
1.6877917075,3.584
1.68806956111111,3.594
1.68834720916667,3.594
1.68862507833333,3.594
1.688902955,3.594
1.68918056333333,3.594
1.68945841166667,3.594
1.689736775,3.584
1.6900145175,3.594
1.69029224833333,3.594
1.69057048833333,3.594
1.69084865194444,3.594
1.69112650388889,3.594
1.69140456305556,3.594
1.69168218555556,3.584
1.69195995194444,3.594
1.69223845,3.594
1.69251653305556,3.584
1.69279409027778,3.594
1.69307202861111,3.584
1.69334961277778,3.594
1.69362745944444,3.594
1.69390567916667,3.594
1.69418335861111,3.594
1.69446112833333,3.584
1.69473935277778,3.594
1.69501767583333,3.594
1.69529527972222,3.594
1.69557316194444,3.584
1.69585104722222,3.584
1.696129095,3.594
1.69640687305556,3.594
1.69668462916667,3.594
1.69696260055556,3.594
1.69724068611111,3.584
1.69751846944444,3.594
1.69779631944444,3.594
1.69807405805556,3.584
1.69835202694444,3.594
1.69862941805556,3.594
1.69890757472222,3.594
1.69918559416667,3.584
1.69946377166667,3.594
1.69974165361111,3.594
1.7000198975,3.594
1.700297475,3.584
1.70057573222222,3.594
1.70085361666667,3.594
1.70113174611111,3.594
1.701409355,3.594
1.70168729166667,3.584
1.70196509694444,3.584
1.70224319611111,3.584
1.70252128694444,3.594
1.70279882666667,3.594
1.70307649388889,3.594
1.70335453305556,3.584
1.70363266138889,3.594
1.70391052277778,3.594
1.70418858055556,3.584
1.70446625611111,3.594
1.70474386722222,3.594
1.70502195055556,3.594
1.70529981361111,3.594
1.70557779277778,3.594
1.70585576388889,3.594
1.70613398527778,3.584
1.70641167416667,3.594
1.70668970916667,3.594
1.70696799638889,3.594
1.70724552277778,3.584
1.70752341472222,3.594
1.70780106833333,3.594
1.70807897861111,3.594
1.70835706583333,3.594
1.70863476722222,3.594
1.70891268027778,3.594
1.70919055138889,3.584
1.70946812166667,3.594
1.70974622805556,3.594
1.71002386555556,3.594
1.71030181944444,3.594
1.71057983305556,3.594
1.71085788222222,3.594
1.71113524555556,3.584
1.71141351166667,3.594
1.71169145888889,3.594
1.71196927916667,3.584
1.71224745055556,3.594
1.7125254125,3.594
1.71280292277778,3.594
1.71308083527778,3.584
1.7133586975,3.594
1.71363647277778,3.594
1.71391453305556,3.594
1.71419207666667,3.594
1.71446990277778,3.594
1.71474792611111,3.594
1.7150258,3.594
1.71530337055556,3.594
1.71558159361111,3.594
1.71585961166667,3.594
1.71613723111111,3.584
1.71641524444444,3.594
1.71669321194444,3.594
1.71697081083333,3.594
1.71724914,3.594
1.71752707166667,3.594
1.71780517888889,3.594
1.71808282638889,3.594
1.718360535,3.584
1.7186385975,3.594
1.71891648333333,3.594
1.71919418833333,3.584
1.71947196194444,3.584
1.71974986972222,3.594
1.72002769611111,3.594
1.72030577527778,3.594
1.72058362027778,3.594
1.72086168527778,3.594
1.72113941444444,3.594
1.72141731416667,3.594
1.72169481361111,3.594
1.72197285305556,3.594
1.72225063305556,3.594
1.72252828861111,3.594
1.72280606527778,3.584
1.72308437583333,3.594
1.72336234861111,3.594
1.72364038833333,3.594
1.72391812861111,3.594
1.72419586472222,3.594
1.72447393333333,3.594
1.72475173305556,3.594
1.72502960472222,3.594
1.72530726055556,3.584
1.72558505805556,3.594
1.72586300055556,3.594
1.72614076694444,3.594
1.72641899361111,3.584
1.72669647388889,3.594
1.72697447194444,3.594
1.72725193277778,3.594
1.72753010083333,3.594
1.72780779027778,3.594
1.72808571305556,3.584
1.72836344944444,3.594
1.7286415325,3.594
1.72891925555556,3.594
1.72919736277778,3.584
1.72947494833333,3.594
1.72975286611111,3.584
1.73003097305556,3.594
1.73030896444444,3.594
1.73058660944444,3.594
1.73086458638889,3.594
1.73114262916667,3.584
1.73142024916667,3.594
1.7316983675,3.594
1.73197631638889,3.594
1.73225386166667,3.594
1.73253187111111,3.594
1.73280970055556,3.594
1.73308774194444,3.594
1.73336625138889,3.594
1.73364402305556,3.594
1.73392182055556,3.594
1.73419961083333,3.594
1.73447784361111,3.594
1.73475522638889,3.594
1.73503350055556,3.594
1.73531106,3.594
1.73558927444444,3.594
1.73586719833333,3.584
1.73614509583333,3.594
1.73642348361111,3.584
1.73670115888889,3.594
1.73697860611111,3.594
1.73725660083333,3.594
1.73753450166667,3.594
1.73781204055556,3.594
1.73809021027778,3.594
1.73836806583333,3.594
1.73864580444444,3.594
1.73892378277778,3.594
1.73920184138889,3.584
1.73947945138889,3.594
1.73975716972222,3.594
1.74003516472222,3.594
1.74031321777778,3.584
1.74059084138889,3.594
1.74086892194444,3.584
1.74114672861111,3.594
1.74142462944444,3.594
1.74170282861111,3.594
1.74198074444444,3.594
1.74225887916667,3.594
1.74253668277778,3.594
1.74281436638889,3.594
1.74309220444444,3.594
1.74336991666667,3.594
1.74364769416667,3.594
1.74392551361111,3.594
1.744203035,3.584
1.74448108277778,3.584
1.744759215,3.594
1.74503692111111,3.584
1.74531497166667,3.594
1.74559280972222,3.594
1.74587103472222,3.594
1.74614900972222,3.594
1.74642685,3.594
1.74670455277778,3.594
1.74698265916667,3.594
1.74726072472222,3.594
1.74753843666667,3.584
1.74781630638889,3.594
1.74809434666667,3.594
1.74837200027778,3.594
1.74864971694444,3.594
1.74892761361111,3.594
1.74920515666667,3.594
1.74948315777778,3.594
1.74976100472222,3.594
1.75003848,3.594
1.75031641666667,3.584
1.75059418583333,3.594
1.75087192472222,3.584
1.75114976444444,3.594
1.75142760388889,3.594
1.75170544222222,3.594
1.75198321722222,3.594
1.7522612225,3.594
1.75253906861111,3.594
1.75281703444444,3.594
1.75309488583333,3.594
1.75337269972222,3.594
1.75365085916667,3.594
1.75392861916667,3.594
1.75420650222222,3.594
1.75448426472222,3.594
1.75476170027778,3.584
1.75503982333333,3.594
1.75531748361111,3.594
1.75559533027778,3.594
1.75587334722222,3.594
1.75615156944444,3.594
1.75642973805556,3.594
1.75670753555556,3.584
1.75698528277778,3.594
1.75726308138889,3.594
1.75754114388889,3.594
1.75781880083333,3.594
1.7580968425,3.594
1.75837450861111,3.594
1.75865266972222,3.594
1.75893026944444,3.594
1.75920870055556,3.594
1.75948606944444,3.584
1.75976442972222,3.594
1.76004257194444,3.594
1.76032036277778,3.594
1.76059872638889,3.584
1.76087640416667,3.594
1.76115416388889,3.584
1.76143169555556,3.594
1.76170972638889,3.594
1.76198741694444,3.594
1.7622654875,3.594
1.76254343138889,3.594
1.76282098138889,3.594
1.76309897805556,3.594
1.76337680388889,3.584
1.76365490722222,3.594
1.76393260138889,3.594
1.76421029083333,3.594
1.76448823027778,3.594
1.76476605916667,3.584
1.76504403388889,3.584
1.76532174611111,3.594
1.76559940083333,3.594
1.76587756944444,3.594
1.76615570472222,3.594
1.76643359944444,3.594
1.76671191333333,3.594
1.76698958972222,3.594
1.76726748166667,3.594
1.76754541777778,3.594
1.7678227625,3.594
1.76810089666667,3.594
1.76837855027778,3.594
1.76865635611111,3.594
1.76893429027778,3.594
1.76921177833333,3.594
1.76948951972222,3.594
1.76976756583333,3.594
1.77004495472222,3.594
1.77032329916667,3.594
1.77060098944444,3.594
1.77087894944444,3.594
1.77115738166667,3.594
1.77143506166667,3.594
1.77171271027778,3.594
1.77199053777778,3.594
1.77226860861111,3.594
1.77254656944444,3.594
1.77282426388889,3.594
1.77310231055556,3.594
1.77338017777778,3.594
1.77365817611111,3.594
1.77393602583333,3.594
1.77421354916667,3.594
1.77449106416667,3.594
1.77476915277778,3.584
1.77504676222222,3.594
1.77532483722222,3.594
1.77560251305556,3.594
1.77588037333333,3.594
1.776158115,3.594
1.776435965,3.594
1.77671376166667,3.594
1.77699148555556,3.594
1.77726923777778,3.594
1.77754679277778,3.594
1.77782463305556,3.594
1.77810242944444,3.594
1.77838074638889,3.584
1.77865863944444,3.594
1.77893657583333,3.594
1.779214035,3.594
1.77949192055556,3.594
1.77977002027778,3.594
1.78004795444444,3.594
1.78032565388889,3.594
1.78060355305556,3.594
1.78088178944444,3.594
1.78115946694444,3.594
1.78143763888889,3.594
1.78171524583333,3.584
1.78199320472222,3.594
1.78227066916667,3.594
1.78254859361111,3.594
1.78282668277778,3.594
1.78310441222222,3.594
1.78338226138889,3.594
1.78365971222222,3.594
1.78393819722222,3.584
1.78421574861111,3.594
1.78449363305556,3.594
1.78477175611111,3.594
1.78504968194444,3.594
1.78532767861111,3.594
1.78560527138889,3.594
1.78588306972222,3.594
1.78616100805556,3.584
