Timestamp_1 [h],BATT_006_CC1 [V],Timestamp_2 [h],BATT_006_CC2 [V],Timestamp_3 [h],BATT_006_CC3 [V]
0,2.952,0,2.962,0,2.463
0.000275934166666667,2.952,0.000228141944444444,2.962,0.000223353888888889,2.667
0.000553815833333333,2.952,0.000506048611111111,2.962,0.000500902777777778,2.748
0.0008314425,2.952,0.000783623888888889,3.074,0.000779041944444444,2.341
0.00110951777777778,2.952,0.00106165833333333,3.084,0.001056975,2.269
0.0013873775,2.952,0.00133957527777778,3.095,0.00133506416666667,2.218
0.00166513166666667,2.942,0.00161768388888889,3.095,0.00161285083333333,2.198
0.00194310611111111,3.044,0.00189514833333333,3.105,0.00189066666666667,2.167
0.00222105944444444,3.054,0.00217279944444444,3.115,0.00216821944444444,2.616
0.00249909722222222,3.074,0.00245094805555556,3.115,0.00244669027777778,2.646
0.0027768725,3.074,0.00272861055555556,3.115,0.00272425444444444,2.667
0.00305463777777778,3.084,0.00300647416666667,3.125,0.00300243861111111,2.687
0.00333232527777778,3.084,0.0032847175,3.125,0.00328024944444444,2.697
0.00361024972222222,3.095,0.00356240888888889,3.125,0.00355809194444444,2.707
0.00388798666666667,3.095,0.0038403875,3.135,0.00383563138888889,2.718
0.00416547888888889,3.095,0.00411819027777778,3.135,0.00411358527777778,2.728
0.00444313555555556,3.105,0.00439582111111111,3.135,0.00439182388888889,2.738
0.00472141472222222,3.105,0.004673635,3.135,0.00466961916666667,2.748
0.00499955916666667,3.115,0.00495166611111111,3.146,0.00494721527777778,2.758
0.00527720138888889,3.115,0.00522919944444444,3.146,0.00522486277777778,2.758
0.00555505277777778,3.115,0.00550729,3.146,0.00550293277777778,2.769
0.00583337833333333,3.125,0.00578527638888889,3.156,0.00578106222222222,2.779
0.00611138305555556,3.125,0.00606321222222222,3.156,0.00605890805555556,2.789
0.00638917555555556,3.125,0.00634100111111111,3.156,0.00633683361111111,2.789
0.00666703833333333,3.125,0.006618745,3.156,0.00661471,2.799
0.00694502444444444,3.135,0.00689666722222222,3.166,0.00689263222222222,2.809
0.00722285722222222,3.135,0.00717452666666667,3.166,0.00717007916666667,2.809
0.00750053611111111,3.135,0.0074527625,3.166,0.00744833277777778,2.809
0.00777840777777778,3.135,0.00773062833333333,3.166,0.00772580027777778,2.83
0.008056685,3.146,0.00800867555555556,3.166,0.00800372722222222,2.83
0.00833419138888889,3.146,0.00828649638888889,3.166,0.00828136611111111,2.84
0.00861214138888889,3.156,0.00856436333333333,3.176,0.00855916305555555,2.84
0.00888986527777778,3.156,0.008842285,3.176,0.00883709138888889,2.85
0.00916801,3.156,0.00911995583333333,3.176,0.00911483527777778,2.85
0.00944581666666667,3.156,0.00939766611111111,3.176,0.00939276722222222,2.86
0.0097234325,3.156,0.00967562111111111,3.176,0.00967062777777778,2.86
0.0100014583333333,3.166,0.00995357805555556,3.186,0.00994840666666667,2.87
0.01027903,3.166,0.0102310791666667,3.186,0.0102264919444444,2.881
0.0105572061111111,3.166,0.0105088227777778,3.186,0.0105043719444444,2.881
0.0108349038888889,3.166,0.0107868947222222,3.186,0.0107822458333333,2.891
0.0111127130555556,3.166,0.0110651883333333,3.197,0.0110595983333333,2.891
0.0113902572222222,3.166,0.0113435505555556,3.186,0.0113374327777778,2.901
0.0116679358333333,3.176,0.0116212686111111,3.197,0.0116151519444444,2.901
0.0119464486111111,3.176,0.01189895,3.197,0.0118934847222222,2.911
0.0122241,3.176,0.0121767375,3.197,0.0121716386111111,2.911
0.0125016727777778,3.176,0.0124550127777778,3.197,0.0124491788888889,2.921
0.0127795208333333,3.186,0.0127324158333333,3.207,0.0127270680555556,2.921
0.0130574655555556,3.186,0.0130103788888889,3.207,0.0130050138888889,2.921
0.0133354488888889,3.186,0.0132882025,3.207,0.0132825969444444,2.932
0.0136132661111111,3.186,0.0135660502777778,3.217,0.0135608063888889,2.932
0.0138911794444444,3.186,0.0138435197222222,3.207,0.0138385152777778,2.932
0.014169225,3.197,0.0141215038888889,3.217,0.0141164,2.942
0.0144473688888889,3.197,0.0143992047222222,3.217,0.0143939802777778,2.942
0.0147252613888889,3.197,0.0146772322222222,3.217,0.0146718555555556,2.952
0.0150031744444444,3.197,0.0149548961111111,3.217,0.0149500055555556,2.952
0.0152810933333333,3.197,0.0152329797222222,3.217,0.0152275838888889,2.952
0.0155588222222222,3.197,0.0155105941666667,3.217,0.0155057394444444,2.962
0.0158365541666667,3.197,0.0157885286111111,3.217,0.0157836075,2.962
0.0161145441666667,3.207,0.0160659108333333,3.227,0.0160611872222222,2.972
0.0163923061111111,3.207,0.0163438966666667,3.227,0.0163393358333333,2.972
0.0166703516666667,3.217,0.0166217572222222,3.227,0.0166174880555556,2.972
0.0169481352777778,3.207,0.0168993036111111,3.227,0.0168950772222222,2.972
0.0172258588888889,3.217,0.0171772483333333,3.227,0.0171732263888889,2.983
0.0175037161111111,3.217,0.0174553266666667,3.227,0.0174513688888889,2.983
0.0177816058333333,3.217,0.0177332766666667,3.237,0.0177295058333333,2.993
0.0180596502777778,3.217,0.0180113294444444,3.237,0.0180071033333333,2.993
0.0183375441666667,3.217,0.0182891675,3.237,0.0182852475,2.993
0.0186151141666667,3.217,0.0185670641666667,3.237,0.0185633997222222,2.993
0.0188933325,3.217,0.0188449763888889,3.237,0.0188411169444444,3.003
0.0191713058333333,3.217,0.0191228933333333,3.237,0.0191186955555556,3.003
0.0194487852777778,3.227,0.0194009544444444,3.237,0.0193968527777778,3.013
0.0197268827777778,3.227,0.0196790813888889,3.247,0.0196748425,3.013
0.0200043352777778,3.227,0.0199568533333333,3.237,0.0199524952777778,3.013
0.0202826244444444,3.227,0.0202346497222222,3.247,0.0202305980555556,3.013
0.020560525,3.227,0.0205119633333333,3.247,0.0205089216666667,3.013
0.0208385802777778,3.237,0.0207901069444444,3.247,0.0207867694444444,3.023
0.0211163088888889,3.237,0.0210679441666667,3.258,0.0210647252777778,3.023
0.0213941816666667,3.237,0.0213457911111111,3.258,0.0213422247222222,3.023
0.0216716388888889,3.237,0.02162351,3.258,0.0216202141666667,3.033
0.0219496583333333,3.237,0.0219017077777778,3.247,0.0218981327777778,3.033
0.0222275647222222,3.237,0.02217992,3.258,0.0221758088888889,3.033
0.0225052136111111,3.237,0.0224574075,3.258,0.0224537108333333,3.033
0.0227830063888889,3.247,0.0227353722222222,3.258,0.0227313933333333,3.044
0.0230608175,3.237,0.0230132891666667,3.258,0.02300896,3.044
0.0233385647222222,3.247,0.0232910747222222,3.258,0.0232872341666667,3.044
0.0236162369444444,3.247,0.0235691441666667,3.258,0.0235649266666667,3.054
0.0238936947222222,3.247,0.0238466994444444,3.258,0.023842615,3.054
0.0241718897222222,3.247,0.0241244169444444,3.258,0.0241203577777778,3.054
0.0244496675,3.247,0.0244021569444444,3.258,0.0243980483333333,3.054
0.0247274733333333,3.247,0.0246801775,3.258,0.0246756483333333,3.064
0.0250052277777778,3.258,0.0249579658333333,3.268,0.0249539552777778,3.054
0.0252830258333333,3.247,0.0252360372222222,3.268,0.0252315461111111,3.064
0.0255607813888889,3.258,0.0255137427777778,3.268,0.0255092458333333,3.064
0.0258385633333333,3.258,0.0257912630555556,3.268,0.0257875036111111,3.074
0.0261162894444444,3.258,0.0260689525,3.268,0.0260650991666667,3.074
0.0263940705555556,3.258,0.026347065,3.268,0.0263433816666667,3.074
0.0266714808333333,3.258,0.0266248827777778,3.278,0.0266209841666667,3.074
0.0269498280555556,3.258,0.0269029144444444,3.278,0.0268991272222222,3.074
0.0272274461111111,3.258,0.0271803286111111,3.278,0.0271772627777778,3.084
0.0275058127777778,3.258,0.0274582161111111,3.278,0.0274549561111111,3.084
0.02778377,3.268,0.0277364513888889,3.278,0.0277330397222222,3.084
0.0280612547222222,3.268,0.0280141416666667,3.288,0.0280106236111111,3.084
0.0283390819444444,3.268,0.0282918436111111,3.278,0.0282885036111111,3.084
0.0286168213888889,3.268,0.0285696263888889,3.278,0.0285667027777778,3.084
0.0288950783333333,3.268,0.0288473216666667,3.278,0.0288442938888889,3.095
0.0291732219444444,3.268,0.0291255163888889,3.288,0.0291224386111111,3.095
0.0294508772222222,3.268,0.0294031930555556,3.288,0.0294005488888889,3.095
0.0297288119444444,3.268,0.0296810702777778,3.288,0.0296786266666667,3.095
0.0300065897222222,3.268,0.0299591644444444,3.288,0.0299562183333333,3.095
0.0302843744444444,3.268,0.0302369783333333,3.288,0.0302343630555556,3.095
0.030562115,3.278,0.0305144758333333,3.288,0.0305125080555556,3.105
0.0308399166666667,3.278,0.0307926952777778,3.288,0.0307900988888889,3.105
0.0311176875,3.278,0.0310701622222222,3.288,0.0310679752777778,3.105
0.0313954494444444,3.278,0.0313482916666667,3.288,0.0313461113888889,3.115
0.0316732019444444,3.278,0.0316263577777778,3.298,0.0316237027777778,3.115
0.0319512141666667,3.288,0.0319041080555556,3.298,0.0319018472222222,3.115
0.0322291827777778,3.278,0.0321820933333333,3.298,0.0321800030555556,3.115
0.0325067902777778,3.278,0.0324600405555556,3.298,0.0324575830555556,3.115
0.0327846313888889,3.288,0.03273794,3.298,0.0327357283333333,3.115
0.0330624188888889,3.288,0.0330158125,3.298,0.0330138733333333,3.125
0.0333404194444444,3.288,0.0332934055555556,3.298,0.0332914638888889,3.125
0.0336181988888889,3.288,0.0335711816666667,3.298,0.0335693352777778,3.125
0.0338958469444444,3.288,0.0338501519444444,3.298,0.0338474772222222,3.125
0.0341742005555556,3.288,0.0341280086111111,3.298,0.0341250825,3.125
0.0344524177777778,3.288,0.0344057458333333,3.298,0.0344032705555556,3.125
0.0347298186111111,3.288,0.0346832597222222,3.298,0.0346813222222222,3.135
0.0350081538888889,3.288,0.0349615683333333,3.309,0.0349591425,3.135
0.0352856397222222,3.288,0.0352392583333333,3.298,0.0352367411111111,3.135
0.0355640444444444,3.288,0.0355172994444444,3.309,0.0355145305555556,3.135
0.0358414683333333,3.298,0.0357956111111111,3.309,0.0357928152777778,3.135
0.0361193241666667,3.298,0.0360732625,3.309,0.0360704063888889,3.135
0.0363973780555556,3.298,0.0363513688888889,3.309,0.0363485833333333,3.135
0.0366748236111111,3.298,0.0366292769444444,3.309,0.0366262572222222,3.146
0.0369529594444444,3.298,0.0369067447222222,3.309,0.0369044019444444,3.146
0.0372310666666667,3.298,0.0371846916666667,3.309,0.0371825472222222,3.146
0.0375084522222222,3.298,0.0374625841666667,3.309,0.0374601380555556,3.156
0.0377866916666667,3.298,0.0377403861111111,3.319,0.0377382836111111,3.156
0.0380639977777778,3.309,0.0380180572222222,3.319,0.0380160697222222,3.156
0.0383422141666667,3.298,0.0382961925,3.319,0.0382937833333333,3.156
0.0386201191666667,3.309,0.0385741308333333,3.319,0.0385714886111111,3.156
0.0388979816666667,3.309,0.0388521819444444,3.319,0.0388496088888889,3.166
0.0391761019444444,3.309,0.0391302797222222,3.319,0.0391275097222222,3.166
0.0394538636111111,3.309,0.0394083572222222,3.319,0.0394054394444444,3.156
0.0397313888888889,3.309,0.0396863358333333,3.319,0.0396834258333333,3.166
0.0400092194444444,3.309,0.0399641852777778,3.319,0.0399612161111111,3.166
0.0402872555555556,3.309,0.0402420427777778,3.319,0.0402390175,3.166
0.0405652058333333,3.309,0.0405197286111111,3.319,0.0405171397222222,3.166
0.0408431038888889,3.309,0.0407976019444444,3.319,0.0407951916666667,3.166
0.0411211944444444,3.309,0.0410755102777778,3.319,0.0410730275,3.166
0.0413988822222222,3.309,0.0413530966666667,3.319,0.0413507416666667,3.166
0.0416768558333333,3.319,0.0416312916666667,3.319,0.0416282136111111,3.176
0.04195461,3.319,0.0419088063888889,3.319,0.0419063591666667,3.176
0.0422323927777778,3.309,0.0421864311111111,3.319,0.0421843411111111,3.176
0.0425102652777778,3.319,0.0424646441666667,3.319,0.0424622183333333,3.176
0.042788,3.319,0.0427422730555556,3.329,0.0427398102777778,3.176
0.0430659052777778,3.319,0.0430204269444444,3.329,0.043017585,3.186
0.0433439669444445,3.309,0.0432985997222222,3.329,0.0432955641666667,3.176
0.0436219644444444,3.319,0.0435767361111111,3.329,0.0435728775,3.176
0.0438995461111111,3.319,0.0438548002777778,3.329,0.0438511238888889,3.176
0.0441778908333333,3.319,0.0441323108333333,3.329,0.0441286744444444,3.186
0.0444560077777778,3.319,0.0444100908333333,3.329,0.0444068361111111,3.186
0.0447336875,3.319,0.0446880905555556,3.329,0.0446850944444444,3.186
0.0450116627777778,3.319,0.0449656463888889,3.329,0.0449629658333333,3.186
0.0452893683333333,3.319,0.0452434394444444,3.329,0.0452409197222222,3.186
0.0455672022222222,3.319,0.0455214247222222,3.329,0.0455186891666667,3.197
0.0458448486111111,3.319,0.0457993963888889,3.329,0.0457967275,3.197
0.0461228613888889,3.319,0.0460769861111111,3.329,0.0460746966666667,3.197
0.0464004002777778,3.319,0.0463548686111111,3.329,0.0463520341666667,3.197
0.0466783747222222,3.319,0.0466331866666667,3.329,0.0466302497222222,3.197
0.0469558127777778,3.329,0.0469110816666667,3.339,0.0469079975,3.197
0.0472340172222222,3.319,0.0471887958333333,3.339,0.0471861861111111,3.207
0.04751208,3.319,0.0474665530555556,3.329,0.0474640605555556,3.207
0.0477901069444444,3.329,0.0477444105555556,3.329,0.0477422775,3.207
0.0480679427777778,3.329,0.0480219283333333,3.329,0.0480203097222222,3.207
0.0483457691666667,3.329,0.0482997575,3.339,0.0482979019444444,3.207
0.0486241291666667,3.329,0.0485777433333333,3.339,0.0485757808333333,3.217
0.0489020016666667,3.329,0.0488554944444444,3.339,0.0488538894444444,3.207
0.0491799586111111,3.329,0.0491331286111111,3.339,0.0491317230555556,3.207
0.0494579005555556,3.329,0.0494110388888889,3.339,0.0494097725,3.217
0.049735735,3.329,0.0496888658333333,3.339,0.0496875413888889,3.217
0.0500136672222222,3.329,0.049967015,3.339,0.0499652016666667,3.217
0.05029156,3.329,0.0502449244444444,3.339,0.0502430255555555,3.217
0.05056934,3.329,0.0505227083333333,3.339,0.0505208747222222,3.217
0.0508471944444444,3.329,0.0508006258333333,3.339,0.0507988219444444,3.217
0.0511250322222222,3.329,0.0510782033333333,3.339,0.0510768125,3.217
0.0514025480555556,3.329,0.0513563291666667,3.339,0.0513550819444445,3.217
0.0516805047222222,3.329,0.0516341216666667,3.339,0.0516327633333333,3.217
0.0519582594444444,3.329,0.0519118525,3.339,0.0519108252777778,3.217
0.0522360008333333,3.329,0.0521894258333333,3.339,0.0521885780555556,3.217
0.0525138486111111,3.329,0.0524676230555556,3.339,0.0524660986111111,3.217
0.0527922233333333,3.329,0.0527450780555556,3.339,0.0527442663888889,3.227
0.0530697075,3.329,0.0530235938888889,3.339,0.0530219208333333,3.227
0.0533476622222222,3.329,0.0533012672222222,3.339,0.0532995008333333,3.227
0.0536254752777778,3.329,0.0535790930555556,3.339,0.0535771194444444,3.227
0.053903645,3.329,0.053857145,3.339,0.0538551122222222,3.227
0.0541815,3.339,0.0541350416666667,3.339,0.0541331463888889,3.227
0.0544593047222222,3.339,0.0544125477777778,3.339,0.0544110822222222,3.237
0.05473705,3.329,0.0546907683333333,3.339,0.0546888694444444,3.237
0.0550148777777778,3.339,0.0549686577777778,3.339,0.0549665125,3.237
0.0552926563888889,3.339,0.0552466994444444,3.339,0.0552442219444444,3.237
0.0555704341666667,3.339,0.0555247313888889,3.339,0.0555220813888889,3.237
0.0558482511111111,3.339,0.0558023611111111,3.339,0.0557998477777778,3.237
0.0561264125,3.339,0.0560802108333333,3.339,0.0560777527777778,3.237
0.0564043658333333,3.339,0.0563581775,3.339,0.0563557191666667,3.237
0.0566821908333333,3.339,0.0566356261111111,3.339,0.0566337986111111,3.237
0.0569599841666667,3.339,0.0569138641666667,3.339,0.0569114980555556,3.247
0.0572375827777778,3.339,0.0571915230555556,3.339,0.0571893027777778,3.247
0.0575158930555556,3.339,0.0574694272222222,3.339,0.0574671480555556,3.247
0.0577937583333333,3.339,0.0577469638888889,3.339,0.057744785,3.247
0.058071945,3.339,0.0580253536111111,3.339,0.0580227002777778,3.247
0.0583495022222222,3.339,0.0583033872222222,3.339,0.0583003919444444,3.247
0.0586273386111111,3.339,0.0585810522222222,3.339,0.0585781491666667,3.247
0.05890517,3.339,0.0588589222222222,3.339,0.0588558336111111,3.247
0.0591828163888889,3.339,0.0591369266666667,3.339,0.0591337916666667,3.247
0.0594606480555556,3.339,0.0594148919444444,3.339,0.0594117475,3.258
0.0597385472222222,3.339,0.0596927027777778,3.339,0.0596895141666667,3.258
0.060016285,3.339,0.0599708088888889,3.339,0.0599672725,3.258
0.0602940486111111,3.339,0.0602487425,3.339,0.0602447808333333,3.258
0.0605721869444444,3.339,0.060526885,3.339,0.0605227383333333,3.258
0.0608500863888889,3.339,0.0608044188888889,3.339,0.0608007152777778,3.258
0.0611279675,3.339,0.0610822588888889,3.339,0.061078635,3.258
0.0614055977777778,3.339,0.0613601755555556,3.339,0.0613562144444444,3.258
0.0616835861111111,3.339,0.0616378094444444,3.339,0.0616344141666667,3.258
0.0619613052777778,3.339,0.0619157641666667,3.339,0.0619118444444444,3.258
0.0622393094444444,3.339,0.0621933775,3.349,0.0621896472222222,3.258
0.0625172075,3.339,0.0624712936111111,3.349,0.06246771,3.258
0.0627948758333333,3.339,0.0627488983333333,3.349,0.0627458713888889,3.268
0.0630726766666667,3.339,0.0630271211111111,3.349,0.0630236847222222,3.268
0.0633509627777778,3.339,0.0633047927777778,3.349,0.0633013580555555,3.258
0.0636288361111111,3.339,0.0635825327777778,3.349,0.0635792952777778,3.268
0.0639063288888889,3.339,0.063860565,3.349,0.0638574041666667,3.268
0.0641840555555555,3.339,0.0641379141666667,3.349,0.0641351194444444,3.268
0.0644621672222222,3.339,0.0644160380555556,3.339,0.0644128961111111,3.268
0.0647398783333333,3.339,0.0646936419444444,3.349,0.0646907161111111,3.268
0.0650176563888889,3.339,0.0649716447222222,3.339,0.0649686469444444,3.268
0.0652954572222222,3.339,0.0652489455555556,3.339,0.0652466625,3.278
0.06557299,3.339,0.0655269477777778,3.349,0.0655243477777778,3.268
0.0658511544444444,3.339,0.0658047038888889,3.349,0.0658020863888889,3.278
0.0661293011111111,3.339,0.0660823416666667,3.349,0.0660796158333333,3.278
0.0664068777777778,3.339,0.0663605394444444,3.349,0.0663573127777778,3.278
0.0666849708333333,3.339,0.0666382722222222,3.349,0.0666353538888889,3.278
0.0669631183333333,3.339,0.0669160372222222,3.349,0.0669135688888889,3.278
0.0672406602777778,3.339,0.0671939972222222,3.349,0.0671913036111111,3.278
0.0675182577777778,3.349,0.0674721652777778,3.349,0.0674693502777778,3.278
0.0677962572222222,3.339,0.0677499747222222,3.349,0.0677474280555556,3.278
0.0680741397222222,3.339,0.0680273386111111,3.349,0.0680250011111111,3.278
0.0683522658333333,3.339,0.0683052041666667,3.349,0.0683026252777778,3.278
0.0686297516666667,3.339,0.06858361,3.349,0.0685807563888889,3.278
0.0689076902777778,3.339,0.0688615263888889,3.349,0.0688589180555556,3.288
0.0691854930555556,3.339,0.0691394291666667,3.349,0.0691368508333333,3.288
0.0694635686111111,3.339,0.0694169302777778,3.349,0.0694147811111111,3.288
0.0697412663888889,3.339,0.069694595,3.349,0.0696923608333333,3.288
0.0700191102777778,3.339,0.0699725177777778,3.349,0.0699705191666667,3.288
0.0702969705555556,3.339,0.0702505205555556,3.349,0.0702483063888889,3.288
0.0705745911111111,3.339,0.0705284077777778,3.349,0.0705261344444444,3.288
0.0708525086111111,3.339,0.07080586,3.349,0.0708035980555556,3.288
0.0711304297222222,3.339,0.0710838997222222,3.349,0.0710819427777778,3.288
0.0714081941666667,3.349,0.0713615552777778,3.349,0.0713597552777778,3.288
0.071685995,3.339,0.0716395016666667,3.349,0.0716378016666667,3.288
0.0719639505555556,3.339,0.0719174222222222,3.349,0.0719156694444444,3.288
0.0722419477777778,3.339,0.0721954397222222,3.349,0.0721938908333333,3.288
0.0725196136111111,3.349,0.0724732961111111,3.349,0.0724711813888889,3.288
0.0727975197222222,3.349,0.0727512891666667,3.349,0.0727492888888889,3.288
0.0730754541666667,3.339,0.0730289116666667,3.349,0.0730272225,3.288
0.0733531994444444,3.339,0.0733070091666667,3.349,0.0733057205555556,3.298
0.07363124,3.339,0.0735851811111111,3.349,0.0735833863888889,3.298
0.0739093236111111,3.349,0.0738629788888889,3.349,0.0738615663888889,3.298
0.0741871316666667,3.349,0.0741409194444444,3.349,0.0741395386111111,3.298
0.0744647694444444,3.349,0.0744189494444444,3.349,0.0744171627777778,3.288
0.0747426686111111,3.339,0.0746968925,3.349,0.0746948875,3.298
0.0750204119444444,3.339,0.0749745697222222,3.349,0.0749725777777778,3.298
0.0752982411111111,3.339,0.0752521344444445,3.349,0.07525056,3.298
0.0755759644444444,3.339,0.0755304127777778,3.349,0.0755281302777778,3.298
0.0758534722222222,3.349,0.0758082247222222,3.349,0.0758063838888889,3.298
0.0761317819444444,3.339,0.0760859427777778,3.349,0.0760840594444444,3.298
0.0764095822222222,3.339,0.0763637094444444,3.349,0.0763620088888889,3.298
0.0766871658333333,3.339,0.0766415480555556,3.349,0.0766398130555555,3.298
0.0769653911111111,3.349,0.0769193880555556,3.349,0.0769175716666667,3.298
0.0772431825,3.339,0.0771970441666667,3.349,0.0771955361111111,3.298
0.0775211247222222,3.349,0.0774752305555556,3.349,0.0774733997222222,3.298
0.0777987736111111,3.349,0.0777530927777778,3.349,0.0777507922222222,3.298
0.0780768547222222,3.349,0.0780311022222222,3.349,0.0780287936111111,3.298
0.0783542872222222,3.339,0.0783091072222222,3.349,0.078307005,3.298
0.0786322691666667,3.349,0.0785869880555556,3.349,0.0785848222222222,3.298
0.0789101522222222,3.349,0.0788649833333333,3.349,0.0788626591666667,3.298
0.0791880375,3.349,0.0791429580555556,3.349,0.0791407055555556,3.309
0.0794659205555556,3.349,0.0794208191666667,3.349,0.0794186872222222,3.309
0.0797441652777778,3.339,0.0796986652777778,3.349,0.0796966836111111,3.309
0.080021535,3.349,0.0799762616666667,3.349,0.0799744194444444,3.309
0.0802996869444444,3.349,0.0802542836111111,3.349,0.0802524497222222,3.309
0.0805774213888889,3.339,0.0805318338888889,3.349,0.0805300572222222,3.309
0.0808554447222222,3.349,0.0808098391666667,3.349,0.0808076172222222,3.309
0.0811332897222222,3.349,0.0810876169444444,3.349,0.0810854158333333,3.309
0.0814110880555556,3.349,0.0813656319444444,3.349,0.0813635361111111,3.309
0.0816887447222222,3.349,0.0816436986111111,3.349,0.081641335,3.309
0.0819667480555556,3.349,0.0819214952777778,3.349,0.0819193061111111,3.309
0.0822442475,3.349,0.0821995208333333,3.349,0.0821971297222222,3.309
0.0825223777777778,3.349,0.0824777127777778,3.349,0.0824750630555556,3.309
0.0828000386111111,3.349,0.0827555297222222,3.349,0.0827533416666667,3.309
0.0830780358333333,3.349,0.0830332494444444,3.349,0.0830309913888889,3.319
0.0833558944444444,3.349,0.0833109783333333,3.349,0.0833084066666667,3.309
0.0836339136111111,3.349,0.0835886136111111,3.349,0.0835865091666667,3.309
0.0839112888888889,3.349,0.0838666386111111,3.349,0.0838644247222222,3.319
0.0841893141666667,3.349,0.0841439002777778,3.349,0.0841421008333333,3.319
0.0844674125,3.349,0.0844221172222222,3.349,0.0844200575,3.319
0.0847454891666667,3.349,0.0846995916666667,3.349,0.0846972972222222,3.319
0.0850232066666667,3.349,0.0849776558333333,3.349,0.0849754036111111,3.319
0.0853010016666667,3.349,0.0852554716666667,3.349,0.0852528519444444,3.319
0.0855787508333333,3.349,0.08553358,3.349,0.0855309886111111,3.319
0.0858565263888889,3.349,0.0858113497222222,3.36,0.0858089063888889,3.319
0.0861343388888889,3.349,0.0860892138888889,3.349,0.0860866886111111,3.319
0.0864117552777778,3.349,0.0863669991666667,3.349,0.0863646027777778,3.319
0.0866901141666667,3.349,0.0866449847222222,3.36,0.0866425838888889,3.319
0.08696808,3.349,0.0869223161111111,3.349,0.0869205411111111,3.319
0.0872461241666667,3.349,0.0872005525,3.349,0.0871983336111111,3.319
0.0875240227777778,3.349,0.0874783916666667,3.349,0.0874757183333333,3.319
0.0878019252777778,3.349,0.087756305,3.349,0.0877539091666667,3.319
0.0880798733333333,3.349,0.0880339016666667,3.349,0.0880315941666667,3.319
0.0883576891666667,3.349,0.0883120119444444,3.349,0.0883097258333333,3.319
0.0886354455555556,3.349,0.0885900408333333,3.36,0.0885876263888889,3.319
0.0889131936111111,3.349,0.0888679247222222,3.349,0.0888654655555556,3.319
0.0891911947222222,3.349,0.0891459413888889,3.349,0.0891433080555556,3.329
0.08946923,3.349,0.0894239452777778,3.349,0.0894210330555556,3.319
0.0897470716666667,3.349,0.0897014538888889,3.349,0.0896991927777778,3.319
0.0900247538888889,3.349,0.0899796458333333,3.36,0.0899770661111111,3.319
0.0903025177777778,3.349,0.0902575747222222,3.349,0.0902547886111111,3.319
0.0905806147222222,3.349,0.0905355258333333,3.349,0.0905330986111111,3.319
0.0908588744444444,3.349,0.0908133158333333,3.349,0.0908106341666667,3.329
0.0911366425,3.349,0.0910912583333333,3.36,0.0910889894444444,3.329
0.0914144930555556,3.349,0.0913692180555556,3.349,0.0913669205555556,3.319
0.0916927708333333,3.349,0.0916471602777778,3.36,0.0916446005555556,3.329
0.0919702055555556,3.349,0.0919249975,3.36,0.0919225591666667,3.319
0.0922482875,3.349,0.0922031366666667,3.36,0.0922004780555555,3.329
0.0925259963888889,3.349,0.0924812505555556,3.349,0.0924781827777778,3.329
0.092803785,3.349,0.0927588238888889,3.36,0.0927558227777778,3.329
0.0930819730555556,3.349,0.0930368766666667,3.349,0.0930337488888889,3.319
0.0933594433333333,3.349,0.0933146638888889,3.349,0.0933117091666667,3.329
0.0936370236111111,3.349,0.0935921522222222,3.36,0.0935893038888889,3.329
0.0939148852777778,3.349,0.0938700897222222,3.36,0.0938671077777778,3.319
0.0941929052777778,3.349,0.0941477922222222,3.349,0.0941447955555556,3.329
0.0944708927777778,3.349,0.0944254911111111,3.349,0.0944230263888889,3.329
0.0947488775,3.349,0.0947033391666667,3.36,0.0947007425,3.329
0.0950264763888889,3.349,0.0949809477777778,3.36,0.0949788572222222,3.319
0.0953044830555556,3.349,0.0952586530555556,3.36,0.0952567241666667,3.329
0.0955817583333333,3.349,0.0955369213888889,3.36,0.0955345069444444,3.329
0.0958600822222222,3.349,0.0958149686111111,3.349,0.0958121680555556,3.329
0.0961375688888889,3.349,0.0960927438888889,3.349,0.0960903027777778,3.329
0.0964153647222222,3.349,0.0963703022222222,3.36,0.0963682811111111,3.329
0.0966936819444444,3.349,0.0966481086111111,3.36,0.0966458022222222,3.329
0.0969712827777778,3.349,0.0969259877777778,3.36,0.0969238483333333,3.329
0.0972492958333333,3.349,0.0972038330555556,3.36,0.0972019413888889,3.329
0.0975268208333333,3.349,0.0974816683333333,3.36,0.0974795419444444,3.329
0.0978048963888889,3.349,0.0977592244444444,3.36,0.0977573861111111,3.329
0.0980830397222222,3.349,0.0980371744444444,3.36,0.0980352530555556,3.329
0.0983605925,3.349,0.0983148597222222,3.36,0.0983130013888889,3.329
0.0986385927777778,3.349,0.0985929519444444,3.36,0.0985908805555556,3.329
0.0989163413888889,3.349,0.0988710586111111,3.349,0.0988687286111111,3.329
0.0991939913888889,3.349,0.0991494252777778,3.349,0.0991468347222222,3.329
0.0994718280555556,3.349,0.0994270947222222,3.36,0.0994248077777778,3.329
0.0997496358333333,3.349,0.0997050288888889,3.36,0.0997027633333333,3.329
0.100027448055556,3.349,0.0999831475,3.36,0.0999807244444444,3.329
0.100305166388889,3.349,0.100260894166667,3.36,0.100258638333333,3.329
0.100583065277778,3.349,0.100538890833333,3.36,0.100536223888889,3.329
0.100860821666667,3.349,0.100816623333333,3.36,0.100814272222222,3.339
0.1011385575,3.349,0.101094422222222,3.349,0.101092319166667,3.329
0.101416285833333,3.349,0.101372302777778,3.36,0.101370470277778,3.329
0.101694152222222,3.349,0.101650337222222,3.36,0.101648328611111,3.329
0.101971515,3.349,0.101928220833333,3.36,0.101926463888889,3.329
0.102249506944444,3.349,0.102205846388889,3.349,0.1022043325,3.329
0.102527519444444,3.349,0.102483467222222,3.36,0.102482301388889,3.329
0.102805499722222,3.349,0.102761430555556,3.36,0.102759768888889,3.339
0.103083506111111,3.349,0.103039506944444,3.36,0.103037565277778,3.329
0.103361349722222,3.349,0.103317364722222,3.349,0.103315416944444,3.329
0.103638718611111,3.349,0.103595050833333,3.349,0.103593607777778,3.339
0.103916757222222,3.349,0.103873088888889,3.36,0.103871197777778,3.329
0.1041951775,3.349,0.104150955277778,3.36,0.104148970833333,3.339
0.104473306111111,3.349,0.104428538055556,3.36,0.104426755,3.329
0.104751128611111,3.349,0.104706471388889,3.36,0.104704560833333,3.339
0.105029245277778,3.349,0.104984500555556,3.36,0.104982113611111,3.339
0.105307391944444,3.349,0.105262501388889,3.36,0.105260533888889,3.329
0.1055853475,3.349,0.105540195277778,3.36,0.105538151111111,3.339
0.105862984444444,3.349,0.105818169722222,3.36,0.105815988611111,3.339
0.106140719722222,3.349,0.1060960175,3.36,0.106094174722222,3.339
0.106418556666667,3.36,0.106374306388889,3.36,0.1063717375,3.329
0.106696656111111,3.349,0.106652149722222,3.36,0.106649477777778,3.339
0.106974605,3.349,0.106930368611111,3.36,0.106927038055556,3.339
0.10725269,3.349,0.107208214444444,3.36,0.107205183055556,3.339
0.1075302475,3.349,0.107486439722222,3.36,0.107483328055556,3.329
0.107808248611111,3.36,0.1077641175,3.36,0.107761069722222,3.339
0.108086496388889,3.36,0.108042209166667,3.36,0.108038739722222,3.339
0.108364535,3.349,0.108319884722222,3.36,0.108316884722222,3.339
0.1086423325,3.349,0.108598039166667,3.36,0.10859503,3.339
0.108920385,3.36,0.10887607,3.36,0.108872621388889,3.339
0.109198452222222,3.36,0.109153845,3.36,0.109150765277778,3.339
0.109476499166667,3.36,0.109431436944444,3.36,0.109428911388889,3.339
0.1097543425,3.349,0.109709430277778,3.36,0.109706501388889,3.339
0.110032119166667,3.349,0.109987321944444,3.36,0.109984678055556,3.339
0.110310013888889,3.349,0.110265375277778,3.36,0.110262563055556,3.339
0.110588125,3.36,0.110543169444444,3.36,0.110539813888889,3.339
0.110866323333333,3.349,0.110820896666667,3.36,0.110817959722222,3.339
0.111144060833333,3.36,0.111098665555556,3.36,0.111096104722222,3.339
0.111421788611111,3.36,0.111376507222222,3.36,0.111373695555556,3.339
0.111700037222222,3.349,0.111654166111111,3.36,0.112701116944444,3.339
0.111977827777778,3.36,0.111932193888889,3.36,0.112979258055556,3.339
0.112255992777778,3.36,0.112210054722222,3.36,0.113256862777778,3.339
0.112534188611111,3.36,0.112487734166667,3.36,0.113535010555556,3.339
0.112811953611111,3.36,0.112765653888889,3.36,0.113813155555556,3.339
0.1130895775,3.349,0.113043528333333,3.36,0.1140908375,3.339
0.113367443333333,3.36,0.113321323333333,3.36,0.114368982222222,3.339
0.113645167777778,3.349,0.113599263888889,3.36,0.114646573333333,3.339
0.113922976388889,3.349,0.113877003055556,3.37,0.114924717777778,3.339
0.114201389166667,3.36,0.114154871388889,3.36,0.115202863055556,3.339
0.1144791775,3.36,0.114432611944444,3.36,0.115480453611111,3.339
0.114757256666667,3.36,0.114710310833333,3.36,0.115758321666667,3.339
0.1150346075,3.36,0.114988000833333,3.36,0.116036467222222,3.339
0.115312691666667,3.349,0.115265886944444,3.36,0.116314234166667,3.339
0.115590617777778,3.36,0.115543758055556,3.36,0.116591898055556,3.339
0.115868543333333,3.36,0.115821420555556,3.36,0.116870038611111,3.339
0.116145920555556,3.349,0.1160997175,3.36,0.117147783888889,3.339
0.116424155,3.36,0.116377490555556,3.36,0.117425530555556,3.339
0.116701858888889,3.36,0.11665534,3.36,0.117703251944444,3.339
0.116979631666667,3.36,0.116933378888889,3.36,0.117981396944444,3.339
0.117257157777778,3.36,0.117211174722222,3.36,0.118259095277778,3.339
0.117535275833333,3.36,0.117488693333333,3.37,0.118537238611111,3.339
0.117813099722222,3.36,0.117766939722222,3.37,0.118815383611111,3.339
0.118091478611111,3.36,0.118044931666667,3.37,0.119093141111111,3.339
0.118369444722222,3.36,0.118322823888889,3.36,0.119371274166667,3.339
0.118647122222222,3.36,0.11860033,3.36,0.1196489325,3.339
0.118924839722222,3.349,0.118878580277778,3.36,0.119927077777778,3.339
0.119202647777778,3.36,0.119156265,3.36,0.120204765833333,3.339
0.119480555277778,3.36,0.1194338925,3.36,0.120482455833333,3.339
0.119758253888889,3.36,0.119711840833333,3.36,0.120760605555556,3.339
0.120036263888889,3.36,0.119989899444444,3.36,0.121038729444444,3.339
0.120314156111111,3.36,0.120267661944444,3.37,0.121316425277778,3.339
0.120591766944444,3.349,0.120545075,3.36,0.121594248055556,3.339
0.120869596666667,3.36,0.1208229075,3.36,0.121871946388889,3.339
0.121147656388889,3.349,0.121100860555556,3.36,0.122149696944444,3.339
0.121425405555556,3.36,0.121378920555556,3.36,0.122427579444444,3.339
0.121703372777778,3.36,0.12165689,3.36,0.122705641666667,3.339
0.121981176944444,3.36,0.121934653888889,3.36,0.1229832325,3.339
0.122259078888889,3.36,0.122212316111111,3.37,0.123261073333333,3.339
0.122536666944444,3.36,0.122490441111111,3.36,0.123538881388889,3.339
0.122814559444444,3.36,0.122768121388889,3.36,0.123816999722222,3.339
0.123092318888889,3.36,0.123046067777778,3.36,0.124095145,3.339
0.123370189444444,3.36,0.123324093055556,3.36,0.124372779444444,3.339
0.123648065277778,3.36,0.123601922777778,3.36,0.124650527777778,3.339
0.123926,3.36,0.123879520555556,3.36,0.124928666944444,3.339
0.124203589166667,3.36,0.124157079166667,3.37,0.125206609166667,3.339
0.124481508333333,3.36,0.124435216666667,3.36,0.125484264166667,3.339
0.124759296944444,3.36,0.124713273888889,3.36,0.125762290833333,3.339
0.125037093055556,3.36,0.124990609166667,3.37,0.126040122222222,3.339
0.125314879444444,3.36,0.125268894166667,3.36,0.126318169722222,3.339
0.125593187777778,3.36,0.125546800277778,3.37,0.126595925555556,3.339
0.125870959166667,3.36,0.125824253055556,3.37,0.126874005,3.339
0.126148945555556,3.36,0.126102226944444,3.37,0.127151999444444,3.339
0.126426929166667,3.36,0.126380173888889,3.36,0.127429759444444,3.339
0.126704271388889,3.36,0.126657630833333,3.37,0.127707605833333,3.339
0.12698237,3.36,0.126935790277778,3.37,0.127985318888889,3.339
0.127259983888889,3.36,0.127213464444444,3.37,0.128263001944444,3.339
0.127537950555556,3.36,0.127491220555556,3.37,0.128540805833333,3.339
0.127815391944444,3.36,0.127768957222222,3.37,0.128819044166667,3.339
0.128093505277778,3.36,0.128047311111111,3.37,0.129096665,3.339
0.128371226666667,3.36,0.128324911388889,3.36,0.129374435555556,3.339
0.128649046111111,3.36,0.128603116666667,3.36,0.129652178888889,3.339
0.128926793055556,3.36,0.128881040277778,3.37,0.129930285277778,3.339
0.129204796666667,3.36,0.129158962222222,3.36,0.130207958611111,3.339
0.129482706388889,3.36,0.129436838611111,3.37,0.130486048888889,3.339
0.129760710277778,3.36,0.129715016944444,3.37,0.130764224722222,3.339
0.130038433888889,3.36,0.129993048611111,3.37,0.131042063611111,3.339
0.130316303055556,3.36,0.130270890555556,3.36,0.131319829444444,3.339
0.130594060833333,3.36,0.130548731111111,3.37,0.131597569722222,3.339
0.130872033888889,3.36,0.130826296388889,3.37,0.131875426944444,3.339
0.131150042222222,3.36,0.131104200833333,3.37,0.1321533925,3.339
0.131427901388889,3.36,0.131382047222222,3.37,0.1324315,3.339
0.131705775,3.36,0.131659758888889,3.36,0.1327092025,3.339
0.131983735277778,3.36,0.131937826111111,3.36,0.132986896111111,3.339
0.132261313333333,3.36,0.132216170277778,3.37,0.1332650475,3.339
0.132539406944444,3.36,0.1324941125,3.37,0.133542695,3.339
0.132816799444444,3.36,0.132772206388889,3.37,0.133820473055556,3.339
0.133094902222222,3.36,0.133050271666667,3.36,0.13409827,3.339
0.133373131666667,3.36,0.133328289444444,3.37,0.134376006944444,3.339
0.133650943055556,3.36,0.133605982222222,3.37,0.134653803611111,3.339
0.133928836666667,3.36,0.133883463055556,3.37,0.134931579166667,3.339
0.1342070875,3.36,0.134161428611111,3.37,0.135209125277778,3.339
0.134485251944444,3.36,0.134439403055556,3.37,0.135487135833333,3.339
0.134762915,3.36,0.134716959444444,3.37,0.135765045,3.339
0.135040589722222,3.36,0.134994755,3.37,0.136043084166667,3.339
0.135318555833333,3.36,0.1352724175,3.37,0.136321151388889,3.339
0.135596482222222,3.36,0.135550796111111,3.37,0.1365988575,3.339
0.135874321666667,3.36,0.135828370555556,3.37,0.136876300833333,3.339
0.136152147222222,3.36,0.136106374444444,3.37,0.137154092222222,3.339
0.136430063333333,3.36,0.136384214722222,3.37,0.137432370277778,3.339
0.136707645,3.36,0.136662230555556,3.37,0.137710395277778,3.339
0.136986015277778,3.37,0.136940262222222,3.37,0.137988475833333,3.339
0.137264057777778,3.37,0.137217853611111,3.37,0.138266018333333,3.339
0.1375420575,3.37,0.137495841944444,3.37,0.138544265277778,3.339
0.137819995833333,3.36,0.137773721111111,3.37,0.138822248611111,3.339
0.1380978975,3.36,0.1380514125,3.37,0.139099916388889,3.339
0.138375875833333,3.36,0.138329278055556,3.37,0.139378185277778,3.339
0.138653920555556,3.36,0.138607058055556,3.37,0.139656021666667,3.339
0.138931935833333,3.36,0.138884779166667,3.37,0.139933981666667,3.339
0.139210020555556,3.36,0.139162614166667,3.37,0.140211789722222,3.339
0.139487661111111,3.36,0.139440394166667,3.37,0.140489258611111,3.339
0.139765717777778,3.36,0.139718078611111,3.37,0.140766939722222,3.339
0.14004356,3.37,0.139995848055556,3.37,0.141044719166667,3.339
0.140321646944444,3.36,0.140273715833333,3.37,0.141322707777778,3.339
0.140599110555556,3.37,0.140551505277778,3.37,0.141600654722222,3.339
0.140877225277778,3.37,0.140829186388889,3.37,0.141878555833333,3.339
0.141154833055556,3.36,0.141106965,3.37,0.142156466666667,3.339
0.1414327075,3.37,0.141384830555556,3.37,0.142434082222222,3.339
0.141710523333333,3.36,0.141662926944444,3.37,0.142712036944444,3.339
0.141988587777778,3.36,0.141940435277778,3.37,0.142989453888889,3.339
0.142266419722222,3.37,0.142218308055556,3.37,0.143267403888889,3.339
0.142544526388889,3.37,0.142496139166667,3.37,0.143545679166667,3.339
0.142822538611111,3.36,0.142773632222222,3.37,0.143823583611111,3.339
0.143100247222222,3.37,0.143052028333333,3.37,0.144101317777778,3.339
0.143378124444444,3.37,0.143329880833333,3.37,0.144379256111111,3.339
0.143656129444444,3.37,0.143607731666667,3.37,0.144656966388889,3.339
0.143934013055556,3.37,0.143885605555556,3.37,0.144934781388889,3.339
0.144211573888889,3.37,0.144163186944444,3.37,0.145212349166667,3.339
0.144489428055556,3.36,0.144441133055556,3.37,0.145490228333333,3.349
0.144767390833333,3.37,0.144719199166667,3.37,0.145768248055556,3.349
0.145045251388889,3.37,0.144997540833333,3.37,0.146045985277778,3.349
0.145323196111111,3.37,0.145275191944444,3.37,0.146323932777778,3.339
0.145601011666667,3.36,0.145553271111111,3.37,0.146601856944444,3.339
0.145878521388889,3.37,0.145830811388889,3.37,0.146879743055556,3.349
0.146156278333333,3.37,0.146108826111111,3.37,0.147157546944444,3.349
0.146434429722222,3.37,0.146386951111111,3.37,0.147435308333333,3.339
0.146712235277778,3.37,0.146664879444444,3.37,0.147713017222222,3.349
0.146989725833333,3.37,0.146942891111111,3.37,0.147990991666667,3.349
0.1472676925,3.37,0.147220816666667,3.37,0.148268825555556,3.349
0.147545088333333,3.37,0.147498442777778,3.37,0.148546704722222,3.349
0.147823316388889,3.37,0.147776483888889,3.37,0.148824423888889,3.339
0.148101597777778,3.37,0.148054425,3.37,0.149102278333333,3.349
0.148379550555556,3.37,0.148332386388889,3.37,0.149380140555556,3.339
0.148657480833333,3.37,0.148610272222222,3.37,0.149657755277778,3.349
0.148935302777778,3.37,0.148888031666667,3.37,0.149935600833333,3.339
0.149213017777778,3.37,0.149165574722222,3.37,0.150213738333333,3.339
0.149490970833333,3.36,0.149443909166667,3.38,0.150491348055556,3.339
0.149768910833333,3.37,0.149721813611111,3.37,0.150769412777778,3.349
0.150046305833333,3.37,0.149999705555556,3.37,0.151047020555556,3.349
0.150324266111111,3.37,0.150277253055556,3.38,0.151324888333333,3.349
0.150602021111111,3.37,0.150555472777778,3.37,0.151602741666667,3.349
0.150880044444444,3.37,0.150833163333333,3.37,0.151880665555556,3.339
0.151157739166667,3.37,0.151111085277778,3.37,0.152158363055556,3.339
0.151435536666667,3.37,0.151388818055556,3.37,0.152436479722222,3.349
0.151713434444444,3.37,0.15166663,3.37,0.152714036388889,3.349
0.151991603611111,3.37,0.151944221111111,3.37,0.152991767222222,3.349
0.152269206111111,3.37,0.152222215833333,3.37,0.153269631944444,3.339
0.152547203055556,3.37,0.152499948611111,3.37,0.153547628055556,3.349
0.152825179166667,3.37,0.152777598888889,3.37,0.153825240277778,3.349
0.153102668888889,3.37,0.153055498888889,3.37,0.154103145,3.349
0.153380710555556,3.37,0.153332997222222,3.37,0.154380883611111,3.349
0.153658541944444,3.37,0.153610937777778,3.37,0.154658815,3.349
0.153936393888889,3.37,0.153888889722222,3.38,0.154936676111111,3.349
0.154213718888889,3.37,0.154166870833333,3.37,0.155214865277778,3.349
0.154491750277778,3.37,0.154444508055556,3.37,0.155492695,3.349
0.154769336944444,3.37,0.154722267777778,3.37,0.155770471388889,3.349
0.155047241111111,3.37,0.155000139722222,3.37,0.156048248055556,3.349
0.155324802777778,3.37,0.155278277777778,3.38,0.156326034722222,3.349
0.155602936111111,3.37,0.155556029166667,3.37,0.156603848333333,3.349
0.155880604444444,3.37,0.1558337825,3.37,0.156881582222222,3.339
0.156158585277778,3.37,0.156111351388889,3.37,0.157159192222222,3.349
0.156436558333333,3.37,0.156389453333333,3.37,0.157437439444444,3.349
0.156714318333333,3.37,0.156667393333333,3.37,0.157715740555556,3.349
0.156991842777778,3.37,0.156945160277778,3.37,0.157993487777778,3.349
0.157269911111111,3.37,0.157222779444444,3.38,0.158271143888889,3.349
0.1575476725,3.37,0.157500788611111,3.37,0.158549224722222,3.349
0.157825636666667,3.37,0.157778609166667,3.37,0.158827199444444,3.349
0.158103607222222,3.37,0.158056485,3.38,0.159104879166667,3.349
0.158381340833333,3.37,0.1583344325,3.37,0.159382665,3.349
0.158659517777778,3.37,0.158612138055556,3.37,0.159660348611111,3.349
0.158937569722222,3.37,0.158890281944444,3.37,0.159938571666667,3.349
0.159215264166667,3.37,0.159167974444444,3.38,0.160216452777778,3.349
0.159493219166667,3.37,0.159445851388889,3.37,0.160494071388889,3.349
0.159770994444444,3.37,0.159723635277778,3.37,0.160772110555556,3.349
0.160049038055556,3.37,0.160001491111111,3.38,0.161049901388889,3.349
0.160326901944444,3.37,0.16027893,3.37,0.161327272222222,3.349
0.160604711666667,3.37,0.160557441666667,3.38,0.161605531944444,3.349
0.160882588055556,3.37,0.1608353125,3.38,0.161883209722222,3.349
0.161160496666667,3.37,0.161112801388889,3.38,0.162161142777778,3.349
0.161438035833333,3.37,0.161391176944444,3.38,0.162439095555556,3.349
0.161715926388889,3.37,0.161668700277778,3.37,0.162717111944444,3.349
0.16199394,3.37,0.161946464722222,3.37,0.162994981388889,3.349
0.162271940555556,3.37,0.162224694444444,3.37,0.163272595277778,3.349
0.162550019722222,3.37,0.162502635277778,3.37,0.163550551944444,3.349
0.162827729444444,3.37,0.162780315277778,3.38,0.163828413055556,3.349
0.163105404444444,3.37,0.16305807,3.37,0.164106362222222,3.349
0.163383160833333,3.37,0.163335908888889,3.38,0.164384007222222,3.349
0.16366133,3.37,0.163614064722222,3.38,0.164661968333333,3.349
0.163939245555556,3.37,0.163891591388889,3.38,0.164939471388889,3.349
0.164217235555556,3.37,0.164169803055556,3.38,0.165217118333333,3.349
0.164495098055556,3.37,0.164447271111111,3.38,0.165495350833333,3.349
0.164772936111111,3.37,0.164725293333333,3.38,0.165773801666667,3.349
0.165051174722222,3.37,0.165002855,3.38,0.166051316388889,3.349
0.165329136944444,3.37,0.165280889166667,3.38,0.166329440277778,3.349
0.1656069125,3.38,0.165558805,3.38,0.166607219444444,3.349
0.165884295277778,3.37,0.165836927222222,3.38,0.16688489,3.349
0.166162047777778,3.37,0.166114711666667,3.37,0.167163027777778,3.349
0.1664402875,3.37,0.166392872777778,3.38,0.167440951944444,3.349
0.166718370555556,3.37,0.166670363055556,3.38,0.167719045833333,3.349
0.16699576,3.37,0.166948363888889,3.38,0.167996814444444,3.349
0.167273900833333,3.37,0.167226363333333,3.38,0.168274881944444,3.349
0.167551861666667,3.37,0.167504516666667,3.38,0.168552496111111,3.349
0.167829263888889,3.38,0.167782351388889,3.38,0.168830284444444,3.349
0.168107335277778,3.38,0.1680602625,3.38,0.169108232777778,3.349
0.168384978055556,3.37,0.168338057222222,3.38,0.169386188055556,3.349
0.168663404722222,3.37,0.168615940555556,3.38,0.169663806388889,3.349
0.168941066388889,3.37,0.168893667222222,3.38,0.169942005555556,3.349
0.169218870277778,3.37,0.169171458611111,3.38,0.170219945277778,3.349
0.169496755833333,3.38,0.169449681111111,3.38,0.170497997222222,3.349
0.169774446666667,3.37,0.169727482222222,3.38,0.170775474166667,3.349
0.170052336111111,3.37,0.170005246944444,3.38,0.171053645,3.349
0.170330295555556,3.37,0.170283271388889,3.38,0.171331393333333,3.349
0.170608376111111,3.38,0.170560630555556,3.38,0.171609151944444,3.349
0.170886148888889,3.37,0.170838874166667,3.38,0.171887219722222,3.349
0.171164245833333,3.37,0.171116686944444,3.38,0.172164675833333,3.349
0.171442181944444,3.37,0.171394634444444,3.38,0.172442508055556,3.349
0.17172008,3.37,0.171672755,3.38,0.172720893055556,3.36
0.1719979475,3.38,0.1719506925,3.38,0.172998668888889,3.349
0.172276030277778,3.38,0.172228598333333,3.38,0.173276770555556,3.349
0.172553978055556,3.37,0.172506335555556,3.38,0.1735544075,3.349
0.172831954166667,3.37,0.172784373888889,3.38,0.173832139722222,3.349
0.173109859166667,3.37,0.173062198611111,3.38,0.174109946388889,3.36
0.173387960555556,3.37,0.173340263055556,3.38,0.174387496388889,3.349
0.173665710833333,3.38,0.1736181525,3.38,0.174665544722222,3.349
0.173943568888889,3.38,0.173895875833333,3.38,0.174943465555556,3.349
0.174221179722222,3.37,0.174173735833333,3.38,0.175221090833333,3.349
0.174499158611111,3.37,0.174451243888889,3.38,0.175498887222222,3.349
0.174776746388889,3.38,0.174729194444444,3.38,0.175776371388889,3.349
0.175054680833333,3.38,0.175006765555556,3.38,0.176054363333333,3.349
0.175332406944444,3.37,0.175284853611111,3.38,0.176332083055556,3.349
0.175610105833333,3.38,0.175562381944444,3.38,0.176610198333333,3.349
0.175887980277778,3.38,0.175840396944444,3.38,0.176888156944444,3.349
0.176165925,3.37,0.176118249722222,3.38,0.177165947222222,3.349
0.176443371111111,3.37,0.176396194444444,3.38,0.177443836944444,3.349
0.176721289166667,3.38,0.176673971388889,3.38,0.177721594444444,3.349
0.1769991675,3.37,0.176952120833333,3.38,0.177999424444444,3.349
0.177276773888889,3.38,0.177229825,3.38,0.178277511944444,3.349
0.177554804166667,3.37,0.177507560833333,3.38,0.17855546,3.36
0.177832574722222,3.37,0.177785533611111,3.38,0.178833518055556,3.36
0.178110283611111,3.38,0.1780635725,3.38,0.179111176388889,3.349
0.1783881525,3.38,0.178341521666667,3.38,0.179389,3.349
0.178665956388889,3.37,0.178619448611111,3.38,0.179667144166667,3.36
0.178943905555556,3.38,0.178897282222222,3.38,0.179944912777778,3.349
0.179222254166667,3.38,0.179175373055556,3.38,0.180222942777778,3.349
0.179499961111111,3.38,0.17945331,3.38,0.180500528333333,3.349
0.179778005277778,3.37,0.179731367222222,3.38,0.1807785225,3.36
0.180055679166667,3.38,0.180009319444444,3.38,0.181056295,3.36
0.180333192222222,3.38,0.180286999722222,3.38,0.181334230833333,3.36
0.180610947222222,3.38,0.180564945555556,3.38,0.181611961388889,3.36
0.180888882222222,3.38,0.180842810833333,3.38,0.181889626944444,3.36
0.1811668175,3.38,0.181120601388889,3.38,0.182167697777778,3.349
0.181445127222222,3.38,0.181398539166667,3.38,0.182445470555556,3.349
0.181723460833333,3.37,0.181676239166667,3.38,0.182723332777778,3.349
0.182001682222222,3.38,0.181954146944444,3.38,0.183001117222222,3.36
0.182279263055556,3.38,0.182232306666667,3.38,0.183278876111111,3.36
0.182557101111111,3.38,0.182510204166667,3.38,0.183556560277778,3.36
0.1828352025,3.38,0.182788159166667,3.38,0.1838344525,3.36
0.183113500833333,3.38,0.183065605,3.38,0.184112231111111,3.36
0.183391003888889,3.38,0.183343823333333,3.38,0.184389866111111,3.36
0.18366881,3.38,0.183621255277778,3.38,0.184667865555556,3.36
0.183946601666667,3.38,0.183899392777778,3.38,0.184945470833333,3.36
0.184224681111111,3.38,0.184177115277778,3.38,0.185222955,3.349
0.184502828055556,3.38,0.184455288333333,3.38,0.185500791388889,3.349
0.184780426388889,3.38,0.184733298611111,3.38,0.185779002777778,3.36
0.185058385277778,3.38,0.185010941111111,3.38,0.186056882777778,3.36
0.185336458333333,3.38,0.18528905,3.38,0.1863350275,3.36
0.185614549444444,3.38,0.185566731388889,3.38,0.186612885555556,3.36
0.185892415,3.38,0.185844279166667,3.38,0.186890366944444,3.36
0.186170223611111,3.38,0.186122485,3.38,0.187167977222222,3.36
0.186448248611111,3.38,0.186400427222222,3.38,0.187446043611111,3.36
0.186726027777778,3.38,0.186678255555556,3.38,0.187724210555556,3.36
0.187003797777778,3.38,0.186955785277778,3.38,0.188001601666667,3.36
0.187281507777778,3.38,0.187233748333333,3.38,0.1882798775,3.36
0.187559203888889,3.38,0.187511278333333,3.38,0.188557555555556,3.36
0.187837163611111,3.38,0.187788945833333,3.38,0.188835290277778,3.36
0.188114890833333,3.38,0.188066718333333,3.38,0.189113465277778,3.36
0.188393178333333,3.38,0.188344963333333,3.38,0.189391594722222,3.36
0.188670841388889,3.38,0.188623266111111,3.38,0.189669606944444,3.36
0.188948446388889,3.38,0.188900981388889,3.38,0.189947528888889,3.36
0.189226319722222,3.38,0.189178848888889,3.38,0.190225114444444,3.36
0.189504248888889,3.38,0.189456424722222,3.38,0.190502935277778,3.36
0.1897820725,3.38,0.189734233888889,3.38,0.190780958333333,3.36
0.190059805277778,3.38,0.19001215,3.38,0.191058631666667,3.36
0.190337811666667,3.38,0.190290076944444,3.38,0.191336514166667,3.36
0.190615918055556,3.38,0.1905681175,3.38,0.191614553055556,3.36
0.190893698333333,3.38,0.190845848611111,3.38,0.191892168333333,3.36
0.191172007777778,3.38,0.191124222777778,3.38,0.192170054722222,3.36
0.191449258055556,3.38,0.191402004722222,3.38,0.192447901666667,3.36
0.191727625555556,3.38,0.191680013611111,3.38,0.192725531388889,3.36
0.192005545555556,3.38,0.191958125277778,3.38,0.193003483333333,3.36
0.192283325555556,3.38,0.192235991666667,3.38,0.193281241111111,3.36
0.1925609075,3.38,0.192513936111111,3.38,0.193558839444444,3.36
0.192839188888889,3.38,0.192792053055556,3.38,0.193836294166667,3.36
0.193116775277778,3.38,0.193069859444444,3.38,0.194114495555556,3.36
0.193394735555556,3.38,0.193347818055556,3.38,0.194392304444444,3.36
0.193672533611111,3.38,0.193625783333333,3.38,0.194670105277778,3.36
0.193950506388889,3.38,0.193903364444444,3.38,0.194947753055556,3.36
0.194227938611111,3.38,0.194181041666667,3.38,0.195225668888889,3.36
0.194506091944444,3.38,0.194459171944444,3.38,0.195503530555556,3.36
0.194783819166667,3.38,0.194737043055556,3.38,0.195781478055556,3.36
0.195061749444444,3.38,0.195014878611111,3.38,0.196059343888889,3.36
0.195339737777778,3.38,0.195292745833333,3.38,0.196337073055556,3.36
0.195617317777778,3.38,0.195570595,3.38,0.19661497,3.36
0.195895172222222,3.38,0.195848261388889,3.38,0.196892872777778,3.36
0.196173319444444,3.38,0.196126198611111,3.38,0.1971705225,3.36
0.196451319166667,3.38,0.196404071666667,3.38,0.197448373611111,3.36
0.196729171388889,3.38,0.196681996388889,3.38,0.197726030277778,3.36
0.197006757777778,3.38,0.196959817222222,3.38,0.198003966944444,3.36
0.197284723055556,3.38,0.197237626111111,3.38,0.198281913611111,3.36
0.197562458055556,3.38,0.197515375,3.39,0.198559658333333,3.36
0.197840378611111,3.38,0.197793305555556,3.38,0.198837452777778,3.36
0.198118069444444,3.38,0.198071201388889,3.38,0.199115238333333,3.36
0.198395926111111,3.38,0.198348785555556,3.38,0.199393453888889,3.36
0.198673631944444,3.38,0.1986268775,3.38,0.199671145,3.36
0.198951776388889,3.38,0.198904705555556,3.38,0.199949207777778,3.36
0.199229556388889,3.38,0.199182721111111,3.38,0.200226939722222,3.36
0.199507770277778,3.38,0.199460768333333,3.38,0.200504821944444,3.36
0.199785631666667,3.38,0.199738075,3.38,0.200782138333333,3.36
0.2000631875,3.38,0.200016215555556,3.38,0.201060478055556,3.36
0.200341486666667,3.38,0.200294451388889,3.38,0.201338609722222,3.36
0.200619350555556,3.38,0.200572144722222,3.38,0.2016165375,3.36
0.200897390833333,3.38,0.200849916666667,3.38,0.201894437777778,3.37
0.201175543611111,3.38,0.201127603055556,3.38,0.202172113333333,3.36
0.201452940555556,3.38,0.201405320555556,3.38,0.20245001,3.36
0.201731091111111,3.38,0.201683132222222,3.38,0.202727398055556,3.36
0.202009303333333,3.38,0.201960780555556,3.38,0.203005371944444,3.36
0.202287120555556,3.38,0.202238670277778,3.38,0.203283643055556,3.36
0.202564905,3.38,0.202516633333333,3.38,0.203561290555556,3.36
0.2028424175,3.38,0.202794728333333,3.38,0.2038393175,3.36
0.203120278333333,3.38,0.203072721944444,3.38,0.204117182222222,3.36
0.203397890277778,3.38,0.203350640277778,3.38,0.204395044722222,3.36
0.203676018611111,3.38,0.203628353333333,3.38,0.204673047777778,3.36
0.2039536,3.38,0.203906055833333,3.38,0.204950755555556,3.36
0.204231846111111,3.38,0.204184062777778,3.38,0.205228884722222,3.36
0.204509729444444,3.38,0.204461728611111,3.39,0.205506301388889,3.37
0.204787612777778,3.38,0.204739604166667,3.38,0.205784285277778,3.37
0.205065247222222,3.38,0.205017450277778,3.38,0.206062140555556,3.36
0.205343458611111,3.38,0.205295409444444,3.38,0.206339915555556,3.36
0.205621410833333,3.38,0.205573201944444,3.38,0.206617774722222,3.36
0.205899318888889,3.38,0.205850738055556,3.38,0.206895551111111,3.36
0.206177061944444,3.38,0.206129199166667,3.38,0.207173267222222,3.36
0.206455108055556,3.38,0.206407048611111,3.39,0.207450820555556,3.36
0.206732856666667,3.38,0.206684757777778,3.38,0.207728676944444,3.37
0.207011215555556,3.38,0.206962583611111,3.38,0.208006474166667,3.36
0.207289027777778,3.38,0.207240375833333,3.38,0.208284439444444,3.36
0.207567184166667,3.38,0.207518151666667,3.38,0.208562311666667,3.36
0.207844607222222,3.38,0.207795865833333,3.39,0.208840284722222,3.37
0.208122768055556,3.38,0.208073453055556,3.38,0.20911826,3.36
0.208400433888889,3.38,0.208351243611111,3.39,0.209396330833333,3.37
0.208678222222222,3.38,0.208629282777778,3.39,0.209674339722222,3.36
0.208956371666667,3.38,0.208906994444444,3.38,0.209952079722222,3.37
0.209234195833333,3.38,0.209184836388889,3.38,0.210229561111111,3.37
0.209512194444444,3.38,0.209462620555556,3.38,0.2105073925,3.37
0.209789929722222,3.38,0.209740359444444,3.39,0.210784942777778,3.37
0.210067713055556,3.38,0.210018269166667,3.38,0.211062760833333,3.37
0.210345403333333,3.38,0.210295871388889,3.39,0.211340814722222,3.37
0.210623333888889,3.38,0.210574166388889,3.38,0.211618553333333,3.37
0.210900925,3.38,0.210852048333333,3.39,0.211896499166667,3.37
0.211179019444444,3.38,0.211129506111111,3.38,0.212174321388889,3.37
0.211457043888889,3.38,0.211407737222222,3.38,0.212452032777778,3.36
0.211735306111111,3.38,0.2116856025,3.39,0.212729758333333,3.36
0.212012628888889,3.38,0.211963378055556,3.38,0.213007286666667,3.37
0.212290753888889,3.38,0.212241183055556,3.39,0.213285616666667,3.37
0.212568443333333,3.38,0.212518966666667,3.39,0.213563291666667,3.37
0.212846224444444,3.38,0.212796811111111,3.39,0.213841105833333,3.37
0.213124086388889,3.38,0.213074702222222,3.38,0.214119246944444,3.36
0.213401896944444,3.38,0.2133527575,3.39,0.214396994166667,3.36
0.213680095277778,3.38,0.213630453055556,3.38,0.214674706944444,3.37
0.213957584166667,3.38,0.213908235555556,3.38,0.214952736111111,3.36
0.214236026666667,3.38,0.214185800555556,3.39,0.215230719444444,3.37
0.2145138725,3.39,0.214463870277778,3.39,0.215508289444444,3.37
0.214791783055556,3.38,0.214741748888889,3.39,0.215786292222222,3.36
0.215069712222222,3.38,0.215019321944444,3.39,0.216064400833333,3.37
0.215347893055556,3.38,0.215297368333333,3.39,0.216342268611111,3.36
0.215625389722222,3.38,0.215575035277778,3.39,0.216620041111111,3.37
0.2159035775,3.38,0.215853185555556,3.39,0.216897615277778,3.37
0.2161811925,3.38,0.216130575,3.38,0.217175589444444,3.36
0.216459159722222,3.38,0.216408635555556,3.38,0.21745325,3.37
0.216736722222222,3.38,0.216686289166667,3.39,0.217731250277778,3.37
0.217014574444444,3.38,0.216964234166667,3.39,0.218008876666667,3.37
0.217292574722222,3.39,0.217242256388889,3.38,0.218286328055556,3.37
0.217570237222222,3.38,0.217520131388889,3.39,0.218564351944444,3.37
0.217848391944444,3.38,0.217797700833333,3.39,0.218842186388889,3.37
0.218126241944444,3.38,0.218075728611111,3.39,0.219119827777778,3.37
0.218404242777778,3.38,0.218353446944444,3.39,0.219397889722222,3.37
0.218681947222222,3.38,0.218631144722222,3.39,0.219675751111111,3.37
0.218959770277778,3.38,0.218909165277778,3.38,0.219953775555556,3.37
0.219237571388889,3.38,0.219187124722222,3.39,0.220231646111111,3.37
0.219515191944444,3.38,0.219464563333333,3.39,0.220509430833333,3.37
0.219793173611111,3.38,0.219742576388889,3.39,0.220787217777778,3.37
0.220071058333333,3.38,0.220020710555556,3.39,0.221065009722222,3.37
0.220348905833333,3.38,0.220298565,3.38,0.221343061111111,3.37
0.220626776111111,3.38,0.220576153055556,3.39,0.221621086111111,3.37
0.220904625277778,3.38,0.220854002777778,3.38,0.221899048611111,3.37
0.221182565555556,3.38,0.221131929166667,3.39,0.222177100277778,3.37
0.221460145,3.38,0.221409483888889,3.39,0.2224546975,3.37
0.221737899444444,3.38,0.221687853611111,3.39,0.222732678333333,3.37
0.222016051944444,3.38,0.221965611388889,3.39,0.223010278055556,3.37
0.222293466944444,3.38,0.222243090555556,3.39,0.223288288888889,3.37
0.222571630833333,3.38,0.222521306388889,3.38,0.223566430555556,3.37
0.222849681944444,3.38,0.2227990475,3.39,0.223844249444444,3.37
0.223127516388889,3.38,0.223076746388889,3.39,0.224121916111111,3.37
0.223405059444444,3.38,0.223354549166667,3.39,0.224399537222222,3.37
0.223683049166667,3.38,0.2236326025,3.39,0.224677690277778,3.37
0.223960755833333,3.38,0.223910750277778,3.39,0.224955283888889,3.37
0.224238535277778,3.38,0.224188086388889,3.39,0.225233163611111,3.37
0.224516123611111,3.38,0.224466323333333,3.39,0.225511113888889,3.37
0.224794073333333,3.39,0.224744168055556,3.39,0.225789032222222,3.37
0.225071556388889,3.38,0.225021793333333,3.39,0.226066573611111,3.37
0.225349658055556,3.38,0.225299792777778,3.39,0.226344782777778,3.37
0.225627420833333,3.38,0.225577730277778,3.39,0.226622659166667,3.37
0.225905250833333,3.38,0.225855441944444,3.39,0.226900632777778,3.37
0.226183059722222,3.38,0.226133291666667,3.39,0.227178327222222,3.37
0.226460765833333,3.39,0.226411056388889,3.39,0.227456381388889,3.37
0.226738304166667,3.38,0.226688856111111,3.39,0.227734165833333,3.37
0.227016371666667,3.38,0.226966991666667,3.39,0.228011989444444,3.37
0.227294368333333,3.39,0.227244748333333,3.39,0.228290000555556,3.37
0.227572423333333,3.38,0.227522719166667,3.39,0.228567767222222,3.37
0.227850576111111,3.39,0.227800064444444,3.39,0.228845955277778,3.37
0.228128184444444,3.39,0.228078555277778,3.39,0.229123570277778,3.37
0.228405976388889,3.39,0.228356370277778,3.39,0.229401345833333,3.37
0.228684001666667,3.38,0.2286343625,3.39,0.229679513888889,3.37
0.228961943055556,3.39,0.228912259166667,3.39,0.229957207222222,3.37
0.229239448055556,3.39,0.229190210277778,3.39,0.230235477222222,3.37
0.229517629444444,3.38,0.229468087777778,3.39,0.230513454722222,3.37
0.229795344166667,3.39,0.229745842777778,3.39,0.23079087,3.37
0.230073138611111,3.39,0.230023733333333,3.39,0.231069129444444,3.37
0.230350793333333,3.38,0.230301437222222,3.39,0.231347095277778,3.37
0.2306288175,3.38,0.230579204166667,3.39,0.231624701111111,3.37
0.230906688055556,3.39,0.230857059722222,3.39,0.231902665833333,3.37
0.231185052777778,3.39,0.231134833333333,3.39,0.232179911666667,3.37
0.231462349166667,3.39,0.231412729166667,3.39,0.232458198611111,3.37
0.231740509722222,3.38,0.231690588888889,3.39,0.232735748333333,3.37
0.232018166944444,3.39,0.231968646944444,3.39,0.233014003333333,3.37
0.232296185,3.39,0.232246161111111,3.39,0.233291920555556,3.37
0.232574160833333,3.38,0.232524243333333,3.39,0.233569780555556,3.37
0.232852136388889,3.39,0.232802204722222,3.39,0.233847853055556,3.37
0.233129992222222,3.39,0.233080124722222,3.39,0.234125631388889,3.37
0.233408407222222,3.39,0.233357909722222,3.39,0.234403436111111,3.37
0.233686093055556,3.39,0.233636002222222,3.39,0.234681312777778,3.37
0.233963939722222,3.39,0.233913478055556,3.39,0.2349590575,3.37
0.234241713333333,3.39,0.2341916125,3.39,0.235236620277778,3.37
0.234519465555556,3.39,0.234469380833333,3.39,0.235514798055556,3.37
0.234797581111111,3.39,0.234747207222222,3.39,0.235792695555556,3.37
0.235075113055556,3.39,0.235025327222222,3.39,0.236070570833333,3.37
0.235353647222222,3.39,0.235303093611111,3.39,0.2363483325,3.37
0.235631510277778,3.39,0.235580651388889,3.39,0.236626051111111,3.37
0.235909804444444,3.39,0.235858693888889,3.39,0.236903806388889,3.37
0.236187291944444,3.39,0.2361365475,3.39,0.237181617222222,3.37
0.236465143055556,3.39,0.236414595277778,3.39,0.237459339444444,3.37
0.236743186111111,3.39,0.236692522222222,3.39,0.237737118055556,3.37
0.237020960555556,3.39,0.236970621666667,3.39,0.238014938611111,3.38
0.237298946111111,3.39,0.237248564166667,3.39,0.238293148333333,3.37
0.237576473888889,3.39,0.237526152222222,3.39,0.238570821944444,3.37
0.2378545075,3.39,0.237804331944444,3.39,0.238848809444444,3.37
0.238132249444444,3.39,0.238082246944444,3.39,0.239126944444444,3.37
0.238410103611111,3.39,0.238360380833333,3.39,0.239404755277778,3.37
0.238687948888889,3.39,0.238638038055556,3.39,0.239682843888889,3.37
0.238965815555556,3.39,0.238916163888889,3.39,0.239960678611111,3.37
0.239243760555556,3.39,0.239193945,3.39,0.240238284444444,3.37
0.239521694166667,3.39,0.239471864166667,3.4,0.240516055833333,3.37
0.239799273888889,3.39,0.239749496666667,3.39,0.240793996388889,3.37
0.240077210555556,3.39,0.240027326666667,3.4,0.241071944166667,3.37
0.240355116388889,3.39,0.240305066111111,3.39,0.241349361388889,3.37
0.240633259722222,3.39,0.240583269166667,3.4,0.241627317777778,3.38
0.240911064166667,3.39,0.240860574444444,3.4,0.241905193888889,3.37
0.241188804444444,3.39,0.24113882,3.39,0.242183084444444,3.37
0.241467078611111,3.39,0.24141663,3.39,0.242460975833333,3.38
0.241744638611111,3.39,0.241694284444444,3.39,0.242738425277778,3.37
0.242022739444444,3.39,0.241972024722222,3.39,0.243016430555556,3.37
0.242300085277778,3.39,0.242249853611111,3.39,0.243294258611111,3.37
0.242578493888889,3.39,0.242527770277778,3.39,0.243572125555556,3.37
0.242856511666667,3.39,0.242805444166667,3.4,0.243850115277778,3.37
0.243134366944444,3.39,0.243083293055556,3.4,0.244127843055556,3.37
0.243412249444444,3.39,0.243361003055556,3.39,0.244405781944444,3.38
0.243690044444444,3.39,0.243638839722222,3.4,0.244683516666667,3.38
0.243968061944444,3.39,0.243916375833333,3.39,0.244961244444444,3.38
0.2442460225,3.39,0.244194253888889,3.39,0.245239278888889,3.38
0.244523685555556,3.39,0.244472181666667,3.4,0.245516764722222,3.38
0.244801522777778,3.39,0.244749878333333,3.4,0.245794798888889,3.37
0.245079251944444,3.39,0.245027552222222,3.39,0.246072468055556,3.37
0.2453575375,3.39,0.245305444722222,3.4,0.246350418611111,3.38
0.245635136944444,3.39,0.245583089722222,3.4,0.246628324166667,3.38
0.245913435,3.39,0.245860905277778,3.39,0.2469061875,3.37
0.246191330277778,3.39,0.246138952222222,3.4,0.247183956666667,3.38
0.246468881666667,3.39,0.2464168475,3.4,0.247461928888889,3.38
0.246746785277778,3.39,0.246694805555556,3.4,0.247739733055556,3.37
0.247024542777778,3.39,0.246972537222222,3.4,0.248017675277778,3.37
0.247302381388889,3.39,0.247250532222222,3.4,0.248295906944444,3.38
0.247580480833333,3.39,0.247527851388889,3.4,0.248573865277778,3.37
0.247858371388889,3.39,0.247806298888889,3.39,0.248851855555556,3.38
0.248136406111111,3.39,0.248084093333333,3.4,0.249129639722222,3.37
0.248414054444444,3.39,0.248361460833333,3.39,0.249407766944444,3.38
0.248691990833333,3.39,0.248639715,3.4,0.249685483611111,3.38
0.248969624444444,3.39,0.248917647777778,3.39,0.249963468888889,3.38
0.2492476,3.39,0.2491958825,3.39,0.250240733888889,3.38
0.249525876944444,3.39,0.2494737275,3.39,0.250518773333333,3.38
0.2498036125,3.39,0.249751254444444,3.4,0.250797033888889,3.38
0.250081193333333,3.39,0.2500292825,3.4,0.251074650555556,3.38
0.250359000277778,3.39,0.250307201111111,3.4,0.251352550277778,3.38
0.250636802777778,3.39,0.250584685833333,3.4,0.251629916111111,3.38
0.250914650833333,3.39,0.250862594166667,3.4,0.251908271944444,3.38
0.25119314,3.39,0.251140393055556,3.4,0.252186233888889,3.38
0.251470900833333,3.39,0.251418105833333,3.4,0.252463850277778,3.38
0.251748841388889,3.39,0.251695860555556,3.4,0.252741798055556,3.38
0.2520264775,3.39,0.251973719444444,3.4,0.253019566388889,3.38
0.252304540833333,3.39,0.252251689444444,3.4,0.253296955277778,3.38
0.252582198888889,3.39,0.252529933333333,3.4,0.253574809722222,3.38
0.252860407777778,3.39,0.252807621944444,3.4,0.253852704444444,3.38
0.253138605277778,3.39,0.253085035,3.4,0.254130470555556,3.38
0.253416294444444,3.39,0.253363084722222,3.4,0.254408535277778,3.38
0.253694218611111,3.39,0.253640602222222,3.4,0.254686535,3.38
0.253971888055556,3.39,0.253918645833333,3.4,0.254964541666667,3.38
0.254249851944444,3.39,0.254196198055556,3.4,0.255242424722222,3.38
0.254527729166667,3.39,0.254474255277778,3.4,0.255520359166667,3.38
0.254805918333333,3.39,0.254752256111111,3.4,0.255798271111111,3.38
0.255084016944444,3.39,0.255030042777778,3.4,0.256075959722222,3.38
0.255361830277778,3.39,0.255308214722222,3.39,0.256354002222222,3.38
0.2556399,3.39,0.255586238611111,3.39,0.256631510555556,3.38
0.255917706111111,3.39,0.255864063888889,3.4,0.256909450277778,3.38
0.256195356944444,3.39,0.256141794444444,3.4,0.257187421111111,3.38
0.256473143333333,3.39,0.256419802222222,3.4,0.257465329722222,3.38
0.256751143611111,3.39,0.256697718055556,3.4,0.257743051111111,3.38
0.2570289125,3.39,0.256975456388889,3.4,0.258021205,3.38
0.257306640555556,3.39,0.257253382777778,3.4,0.258298696388889,3.38
0.257584841388889,3.39,0.257531345833333,3.4,0.258576745,3.38
0.257862655277778,3.4,0.257808885555556,3.4,0.258854638333333,3.38
0.258140539166667,3.4,0.258086788055556,3.4,0.259132418333333,3.38
0.258418178333333,3.39,0.25836447,3.4,0.259410265833333,3.38
0.258695930277778,3.4,0.258642443888889,3.4,0.259687957222222,3.38
0.258973767222222,3.39,0.258920195,3.4,0.259965826388889,3.38
0.259251731944444,3.39,0.259197881666667,3.4,0.260243860555556,3.38
0.25952957,3.39,0.259475575277778,3.4,0.26052186,3.38
0.259807505555556,3.39,0.259753418333333,3.39,0.260799898611111,3.38
0.260085124444444,3.39,0.260031187777778,3.4,0.261077415277778,3.38
0.260362980555556,3.4,0.26030903,3.4,0.261355466666667,3.38
0.260640868055556,3.39,0.260586501944444,3.4,0.261633489444444,3.38
0.26091878,3.4,0.260864486111111,3.4,0.261911380277778,3.38
0.261196566388889,3.39,0.261142408333333,3.4,0.262189559166667,3.38
0.261474446666667,3.39,0.261420363611111,3.4,0.262467522222222,3.38
0.261752264166667,3.39,0.261698568055556,3.4,0.262745073333333,3.38
0.262029950277778,3.39,0.261976175555556,3.4,0.263023226388889,3.38
0.262307639722222,3.4,0.262254012777778,3.4,0.263300915277778,3.38
0.262585501388889,3.39,0.262531980833333,3.4,0.263578908888889,3.38
0.262863000555556,3.39,0.262809911944444,3.4,0.263856678611111,3.38
0.263140977222222,3.39,0.26308755,3.4,0.264134443333333,3.38
0.263419089722222,3.4,0.263365678055556,3.4,0.264412191111111,3.38
0.263696670833333,3.4,0.263643424722222,3.4,0.264690004166667,3.38
0.263974656666667,3.4,0.263921385,3.4,0.264967709722222,3.38
0.264252128333333,3.39,0.264199338333333,3.4,0.265246207222222,3.38
0.264530335,3.4,0.264476925555556,3.4,0.265523973333333,3.38
0.264808044166667,3.39,0.264754954722222,3.4,0.265801688333333,3.38
0.265085944722222,3.39,0.265032660277778,3.4,0.266079585277778,3.38
0.265363585,3.39,0.265310072777778,3.4,0.266357249166667,3.38
0.265641586388889,3.4,0.265588325,3.4,0.266635066111111,3.38
0.265919826944444,3.39,0.265865967777778,3.4,0.266912773055556,3.38
0.266197682777778,3.4,0.266143657222222,3.4,0.267190834166667,3.38
0.266475613055556,3.4,0.266421592777778,3.4,0.267468771388889,3.38
0.266753685277778,3.39,0.266699202777778,3.4,0.267746575277778,3.38
0.267031338611111,3.39,0.266977198888889,3.4,0.268024137222222,3.38
0.267309030555556,3.39,0.267254668888889,3.39,0.268302410833333,3.38
0.267587248055556,3.4,0.267532247777778,3.4,0.268580434166667,3.38
0.267865286388889,3.4,0.267810378611111,3.4,0.2688581225,3.38
0.268143037777778,3.39,0.268088359444444,3.4,0.269136267222222,3.38
0.268420987777778,3.4,0.268366285277778,3.4,0.269414116388889,3.38
0.268699041388889,3.39,0.268643885277778,3.4,0.269692040555556,3.38
0.268976833888889,3.4,0.268921788055556,3.4,0.269969625,3.38
0.269254540555556,3.4,0.269199653611111,3.4,0.270247622222222,3.38
0.269532536388889,3.4,0.269477626111111,3.4,0.270525218333333,3.38
0.269810378611111,3.39,0.269755903611111,3.4,0.270802876388889,3.38
0.270088428611111,3.4,0.270033398333333,3.4,0.271080763333333,3.38
0.270366190555556,3.39,0.270311592777778,3.4,0.271358442222222,3.38
0.270643956111111,3.4,0.270589289722222,3.4,0.271636405277778,3.38
0.270921661944444,3.4,0.270867315,3.4,0.271914288611111,3.38
0.271199925833333,3.4,0.271145183333333,3.4,0.272192083055556,3.38
0.271477588611111,3.4,0.271423169166667,3.4,0.272470061111111,3.38
0.271755704166667,3.4,0.271700885555556,3.4,0.272748155555556,3.38
0.272033321111111,3.39,0.271978685833333,3.4,0.273025847777778,3.38
0.272311036944444,3.4,0.2722568825,3.4,0.273303935555556,3.38
0.272588820555556,3.4,0.272534748611111,3.4,0.273581498055556,3.38
0.272867014722222,3.4,0.272812568333333,3.4,0.273859436944444,3.38
0.273144769444444,3.39,0.273090296111111,3.4,0.274136861944444,3.38
0.273423049166667,3.4,0.273368092222222,3.4,0.274414996111111,3.38
0.273700525,3.4,0.273646113333333,3.4,0.274693028333333,3.38
0.273978363611111,3.4,0.273923664722222,3.4,0.274970959444444,3.38
0.274256422777778,3.4,0.274201447222222,3.4,0.275249178055556,3.38
0.274534481388889,3.4,0.274479311388889,3.4,0.275526934166667,3.38
0.274811931388889,3.4,0.274757041944444,3.4,0.275804620833333,3.38
0.275089897777778,3.4,0.275034961944444,3.4,0.276082788888889,3.38
0.275367819166667,3.4,0.275312674722222,3.4,0.276360949722222,3.38
0.275645083611111,3.39,0.275590096111111,3.4,0.276638248888889,3.38
0.275923294166667,3.4,0.275868171666667,3.4,0.276916595833333,3.38
0.276201041111111,3.4,0.276145939166667,3.4,0.277194390555556,3.38
0.276478883611111,3.4,0.276423738333333,3.4,0.277472581666667,3.38
0.276756683611111,3.4,0.276701506666667,3.4,0.277750184166667,3.38
0.277034567222222,3.4,0.276979266944444,3.4,0.2780279125,3.38
0.277312050555556,3.4,0.277257041944444,3.4,0.278305956388889,3.38
0.2775898375,3.4,0.277534963333333,3.4,0.278583615555556,3.38
0.277867983055556,3.4,0.277812997222222,3.4,0.278861333611111,3.38
0.278145675555556,3.4,0.278090891944444,3.4,0.279139043888889,3.38
0.278423704166667,3.39,0.278368708611111,3.4,0.27941701,3.38
0.278701949722222,3.4,0.278646978888889,3.4,0.279694444444444,3.38
0.278979651666667,3.4,0.278924900555556,3.4,0.279972618888889,3.38
0.279257334444444,3.4,0.27920271,3.4,0.280250499444444,3.38
0.279535423333333,3.4,0.279480340555556,3.4,0.280528333888889,3.38
0.279813010555556,3.39,0.279758176388889,3.4,0.280806076666667,3.38
0.280091040555556,3.4,0.280036468333333,3.4,0.281084288888889,3.38
0.280368506666667,3.4,0.28031453,3.4,0.281362058611111,3.38
0.280646979444444,3.4,0.280592374722222,3.4,0.281640083055556,3.38
0.280924633888889,3.4,0.280869954444444,3.4,0.281917496388889,3.38
0.281202273888889,3.4,0.281147905,3.4,0.282195490277778,3.38
0.281479819444444,3.4,0.281425818333333,3.4,0.282473337222222,3.38
0.281758038611111,3.4,0.281703079722222,3.4,0.282751353055556,3.38
0.282036015277778,3.4,0.281981131666667,3.4,0.283029134444444,3.38
0.282314231388889,3.4,0.282259155833333,3.4,0.283306579444444,3.38
0.282591658333333,3.4,0.282537024444444,3.4,0.283584812222222,3.38
0.282869611944444,3.4,0.282814710277778,3.4,0.283862433055556,3.38
0.283147105,3.4,0.283092660555556,3.4,0.284140333055556,3.38
0.2834250375,3.4,0.283370329166667,3.4,0.284417969444444,3.38
0.283703055833333,3.4,0.283647808888889,3.4,0.284695803055556,3.38
0.283980676388889,3.4,0.283926266944444,3.4,0.284973329444444,3.38
0.284258421944444,3.4,0.284204187777778,3.4,0.285251319722222,3.38
0.28453679,3.4,0.284482021944444,3.4,0.285529547222222,3.38
0.284814572222222,3.4,0.284760048333333,3.4,0.285807327222222,3.38
0.285092745833333,3.4,0.285037856666667,3.4,0.286085103611111,3.38
0.285370311388889,3.4,0.28531611,3.4,0.286362791944444,3.38
0.285647995,3.4,0.285593613888889,3.4,0.286640558055556,3.38
0.285926239166667,3.4,0.285871571388889,3.4,0.286918295,3.38
0.286204286111111,3.4,0.286149024722222,3.4,0.287195764166667,3.38
0.286482373333333,3.4,0.286427076388889,3.4,0.287473895277778,3.38
0.286760246111111,3.4,0.286705024444444,3.4,0.287751408888889,3.38
0.287037833888889,3.4,0.286983130555556,3.4,0.288029438888889,3.38
0.287316218333333,3.39,0.287260974166667,3.4,0.288307403333333,3.38
0.287593990833333,3.4,0.287538921944444,3.4,0.288585005,3.39
0.287871911111111,3.4,0.287817097222222,3.4,0.288863063611111,3.39
0.288149700555556,3.4,0.288094686388889,3.4,0.289141205833333,3.38
0.288427170555556,3.4,0.288372763611111,3.4,0.289418915277778,3.38
0.2887050075,3.4,0.288650697222222,3.4,0.289696942777778,3.38
0.288982965833333,3.4,0.288928131388889,3.4,0.289974425833333,3.38
0.289260756388889,3.4,0.289206429166667,3.4,0.2902526675,3.38
0.289538629166667,3.4,0.289484485555556,3.4,0.290530290555556,3.38
0.289816701944444,3.4,0.2897626625,3.4,0.290808538333333,3.38
0.290094532777778,3.4,0.290040349166667,3.4,0.291086366388889,3.38
0.290372301666667,3.4,0.290318176944444,3.4,0.291364564166667,3.38
0.290650016666667,3.4,0.290595869444444,3.4,0.291642723055556,3.38
0.290927871666667,3.4,0.290873722777778,3.4,0.291920933055556,3.38
0.291205769444444,3.4,0.291151393055556,3.4,0.292198578888889,3.38
0.291483753888889,3.4,0.291429279444444,3.4,0.292476341944444,3.38
0.291761603888889,3.4,0.291706976111111,3.4,0.292754258611111,3.38
0.292039185,3.4,0.291984819722222,3.4,0.293031834444444,3.38
0.292317145,3.4,0.292262717222222,3.4,0.293309665277778,3.38
0.292594917777778,3.4,0.2925401125,3.4,0.293587145277778,3.38
0.292872788333333,3.4,0.292818160555556,3.4,0.293865413333333,3.38
0.293150740555556,3.4,0.293095824166667,3.4,0.294143046388889,3.38
0.293428861666667,3.4,0.293373732777778,3.4,0.294421295277778,3.38
0.293706659722222,3.4,0.293652001944444,3.4,0.2946988975,3.38
0.293984826388889,3.4,0.293929521944444,3.4,0.294976790555556,3.38
0.294262683611111,3.4,0.294207278611111,3.4,0.295254531111111,3.38
0.294540388055556,3.4,0.29448557,3.4,0.295531939444444,3.38
0.294818546388889,3.4,0.294763087222222,3.4,0.295809981388889,3.38
0.295096538333333,3.4,0.295040886388889,3.4,0.296087929166667,3.38
0.295374034166667,3.4,0.295319020277778,3.4,0.296365582222222,3.38
0.295652544166667,3.4,0.295596710833333,3.4,0.296643456388889,3.38
0.295930479444444,3.4,0.295874616111111,3.4,0.296921114444444,3.38
0.296208200833333,3.4,0.296152619444444,3.4,0.297199139722222,3.38
0.296486022222222,3.4,0.296430114444444,3.4,0.297476899722222,3.39
0.296763720833333,3.4,0.296708345277778,3.4,0.297754656388889,3.38
0.297041406388889,3.4,0.296986371388889,3.4,0.298032944166667,3.39
0.297319046388889,3.4,0.297264384722222,3.4,0.298310176666667,3.38
0.297597020833333,3.4,0.297542110555556,3.4,0.298588340833333,3.38
0.297874943055556,3.4,0.297820169722222,3.4,0.298866546944444,3.38
0.298152849166667,3.4,0.298097957777778,3.4,0.299144282777778,3.38
0.298430681111111,3.4,0.298375791388889,3.4,0.299422191111111,3.38
0.298708439722222,3.4,0.298653500277778,3.4,0.299700210833333,3.38
0.298986473611111,3.4,0.298931157222222,3.4,0.299977941666667,3.39
0.299264055555556,3.4,0.299209264166667,3.4,0.300255791388889,3.38
0.299541996944444,3.4,0.299487460833333,3.4,0.300533706944444,3.38
0.2998195875,3.4,0.299765093055556,3.4,0.300811484722222,3.38
0.300097113055556,3.4,0.300042852777778,3.4,0.301089018055556,3.39
0.300375081666667,3.4,0.300320726666667,3.4,0.3013669275,3.38
0.300652870555556,3.4,0.300598437222222,3.4,0.301644943611111,3.38
0.300930483333333,3.4,0.300876121944444,3.4,0.301923111666667,3.38
0.301208236111111,3.4,0.301154086944444,3.4,0.302200578888889,3.39
0.301486157222222,3.4,0.301431790277778,3.4,0.302478895277778,3.38
0.301763995833333,3.4,0.301709884722222,3.4,0.302757041666667,3.39
0.302041816111111,3.4,0.301987764166667,3.4,0.303035024444444,3.38
0.302319703611111,3.4,0.302265475,3.4,0.303312906111111,3.39
0.302597343888889,3.4,0.302543081111111,3.4,0.303590699166667,3.39
0.302875042777778,3.4,0.302821225833333,3.4,0.303868847222222,3.38
0.303153105,3.4,0.303099370277778,3.4,0.304146662222222,3.38
0.3034309525,3.4,0.303376971666667,3.4,0.304424634444444,3.39
0.303708871111111,3.4,0.303655128611111,3.4,0.304702347222222,3.38
0.303987024444444,3.4,0.303932996666667,3.4,0.304979995555556,3.39
0.304264950555556,3.4,0.304210588333333,3.4,0.305258260833333,3.39
0.304542517222222,3.4,0.304488731111111,3.4,0.305536238055556,3.39
0.304820342777778,3.4,0.304766865277778,3.411,0.305813823333333,3.38
0.305098179166667,3.4,0.305044468333333,3.4,0.306091789166667,3.38
0.305375919166667,3.4,0.305322646388889,3.411,0.306369365555556,3.39
0.305653980833333,3.4,0.305600866944444,3.4,0.306647135833333,3.39
0.305932172777778,3.4,0.305878435833333,3.4,0.306925253055556,3.38
0.306210153888889,3.4,0.306156227777778,3.4,0.307203204444444,3.39
0.306488044444444,3.4,0.306434433611111,3.4,0.307481393055556,3.39
0.306765676111111,3.4,0.306712116388889,3.4,0.307759307222222,3.39
0.307043268888889,3.4,0.306990004722222,3.4,0.308036846388889,3.39
0.307321305833333,3.4,0.3072677125,3.4,0.308314707222222,3.39
0.307599229444444,3.4,0.307545515833333,3.4,0.308592758055556,3.39
0.307876480555556,3.4,0.307823356388889,3.4,0.308870554166667,3.39
0.308154695555556,3.4,0.308100914722222,3.4,0.309148333333333,3.39
0.3084326075,3.4,0.3083791425,3.4,0.309425783888889,3.38
0.308710381944444,3.4,0.308657224166667,3.4,0.309704105555556,3.39
0.308988954166667,3.4,0.308934829444444,3.4,0.3099815775,3.39
0.309266539444444,3.4,0.3092129425,3.4,0.310259970555556,3.39
0.309544214166667,3.4,0.309491038333333,3.411,0.310537937222222,3.38
0.309822560277778,3.4,0.309769160555556,3.4,0.310815816666667,3.39
0.310100286111111,3.4,0.310046831388889,3.411,0.311093772777778,3.39
0.310377680833333,3.4,0.310324879722222,3.4,0.311371304722222,3.39
0.310655423055556,3.4,0.310603018611111,3.4,0.311649162222222,3.39
0.310933429722222,3.4,0.3108805825,3.4,0.311927403055556,3.39
0.311211245833333,3.4,0.311158825,3.4,0.312205382222222,3.39
0.311489203055555,3.4,0.311436520555556,3.4,0.312483091944444,3.39
0.311767051944444,3.4,0.311714571388889,3.411,0.312760865555556,3.39
0.312045338333333,3.4,0.311992715833333,3.411,0.313039111388889,3.39
0.312322585555556,3.4,0.312270306388889,3.411,0.313316760833333,3.39
0.31260067,3.4,0.312548451388889,3.411,0.3135946075,3.39
0.312878664166667,3.4,0.312826604722222,3.4,0.313872576111111,3.39
0.313156579166667,3.4,0.313104198611111,3.4,0.31415023,3.38
0.313434332777778,3.4,0.313382331666667,3.4,0.314428200833333,3.39
0.313712080277778,3.4,0.313660488055556,3.4,0.314706165,3.39
0.313990124166667,3.4,0.313938179722222,3.4,0.314984089722222,3.39
0.314267969722222,3.4,0.314216175,3.4,0.315261953888889,3.39
0.3145459075,3.4,0.3144942075,3.4,0.315540223611111,3.39
0.314823804722222,3.4,0.314772146944444,3.411,0.315818235555556,3.39
0.315101929722222,3.4,0.315049906388889,3.411,0.316096293055556,3.39
0.315379793611111,3.4,0.315327727777778,3.4,0.316374101388889,3.39
0.315657673333333,3.4,0.315605491388889,3.4,0.316652223888889,3.39
0.315935592222222,3.4,0.315883337222222,3.4,0.316929688055556,3.39
0.3162128825,3.4,0.316160924166667,3.411,0.317207872777778,3.39
0.316491165,3.4,0.316439023888889,3.411,0.317485936944444,3.39
0.316768877222222,3.4,0.316716936944444,3.4,0.3177637875,3.39
0.317046549722222,3.4,0.316994962777778,3.4,0.318042028055556,3.39
0.317324439444444,3.4,0.317272711666667,3.4,0.318319748888889,3.39
0.317602119444444,3.4,0.317550539444444,3.4,0.318597131666667,3.39
0.317879964166667,3.4,0.317827821666667,3.411,0.318875039722222,3.39
0.318157630833333,3.4,0.318106046944444,3.4,0.319152994722222,3.39
0.318435496111111,3.4,0.318383521111111,3.4,0.319430647222222,3.39
0.318713143888889,3.4,0.318661630555556,3.4,0.319708826944444,3.39
0.318991451666667,3.4,0.31893895,3.4,0.319986396666667,3.39
0.319269338888889,3.4,0.319216935833333,3.4,0.320264444722222,3.39
0.319547206388889,3.4,0.319495011944444,3.4,0.320541941944444,3.39
0.319825003055556,3.4,0.319772995833333,3.4,0.320820078333333,3.39
0.320102889166667,3.4,0.320050768888889,3.411,0.321097845277778,3.39
0.320380363888889,3.4,0.320328984722222,3.4,0.321375462777778,3.39
0.320658263611111,3.4,0.320607248888889,3.4,0.321653032777778,3.39
0.320936215277778,3.4,0.320884982777778,3.411,0.321931178055556,3.39
0.321213996944444,3.4,0.321163054166667,3.411,0.3222087325,3.39
0.321491682777778,3.4,0.321440643611111,3.411,0.322486666111111,3.39
0.32176972,3.4,0.321718442777778,3.4,0.322764758611111,3.39
0.322047575277778,3.4,0.321996300277778,3.4,0.323042480277778,3.39
0.322325451944444,3.4,0.322274382222222,3.4,0.323320271111111,3.39
0.322603509166667,3.4,0.322552236666667,3.4,0.323598049722222,3.39
0.322881366388889,3.4,0.322830113333333,3.411,0.323876068055556,3.39
0.323159431944444,3.4,0.323108131944444,3.411,0.324154055833333,3.39
0.323437281111111,3.4,0.323386079444444,3.4,0.324431638611111,3.39
0.323715618611111,3.4,0.323663871388889,3.411,0.324709698888889,3.39
0.3239935125,3.4,0.323941842777778,3.4,0.324987479166667,3.39
0.324271829722222,3.4,0.324219983611111,3.411,0.325265213333333,3.39
0.324549352777778,3.4,0.324497853888889,3.411,0.325543125555556,3.39
0.324827395555556,3.4,0.324775496388889,3.4,0.325821208055556,3.39
0.325105153055556,3.4,0.325053342777778,3.4,0.326099103888889,3.39
0.325383255,3.4,0.325331204444444,3.411,0.326377351944444,3.39
0.325661034722222,3.4,0.325608800277778,3.411,0.326654714166667,3.39
0.325938786111111,3.4,0.325886915,3.4,0.326933033611111,3.39
0.326216456388889,3.4,0.3261646925,3.411,0.327211026666667,3.39
0.326494196666667,3.4,0.326442862777778,3.4,0.327489048611111,3.39
0.326772026111111,3.4,0.326720700277778,3.4,0.327766877222222,3.39
0.327050021944444,3.4,0.326998782777778,3.411,0.328044931111111,3.39
0.3273281475,3.4,0.327276498611111,3.411,0.328322744444444,3.39
0.327605701944444,3.4,0.3275542425,3.4,0.328600603333333,3.39
0.327883620277778,3.4,0.327832080833333,3.4,0.328878504166667,3.39
0.328161427222222,3.4,0.328109826666667,3.411,0.3291563825,3.39
0.328439234722222,3.4,0.328387653055556,3.411,0.32943427,3.39
0.328716881388889,3.4,0.328665853611111,3.411,0.329712222222222,3.39
0.328994840277778,3.4,0.328943092777778,3.4,0.329989845277778,3.39
0.329273065555556,3.4,0.329221334722222,3.411,0.330267781111111,3.39
0.329550915555556,3.4,0.32949916,3.411,0.330545551944444,3.39
0.329828817222222,3.4,0.329777201944444,3.4,0.330823340277778,3.39
0.330106554166667,3.4,0.330054522777778,3.411,0.331101006944444,3.39
0.330384348333333,3.4,0.330332543055556,3.411,0.331378871388889,3.39
0.330662066666667,3.4,0.330610525833333,3.411,0.331656376388889,3.39
0.330939879166667,3.4,0.330888833333333,3.4,0.331934833888889,3.39
0.331217610277778,3.4,0.331166192222222,3.411,0.332212417222222,3.39
0.331495338055556,3.4,0.331444320833333,3.411,0.332490358611111,3.39
0.331773325833333,3.4,0.331721932222222,3.411,0.332768038888889,3.39
0.332051364444444,3.4,0.331999700555556,3.411,0.33304595,3.39
0.332329174722222,3.4,0.332277386944444,3.4,0.333324037222222,3.39
0.332606773888889,3.4,0.332555595555556,3.4,0.333601668888889,3.39
0.332884750833333,3.4,0.332833534166667,3.411,0.333879657222222,3.39
0.33316257,3.4,0.333111320555556,3.411,0.334157561666667,3.39
0.333439802777778,3.4,0.333389469444444,3.411,0.334435443055556,3.39
0.333718027222222,3.4,0.333667406944444,3.411,0.334712995833333,3.39
0.333996005277778,3.4,0.333945329722222,3.411,0.334990909166667,3.39
0.334273993888889,3.4,0.334222827222222,3.411,0.335268596111111,3.39
0.334552015,3.4,0.33450118,3.411,0.335546591944444,3.39
0.334830071666667,3.4,0.334779144444444,3.411,0.335824145,3.39
0.335108034166667,3.4,0.335057046666667,3.411,0.3361023625,3.39
0.335386124166667,3.4,0.335334851666667,3.411,0.336380325833333,3.4
0.335663599166667,3.4,0.335612625277778,3.411,0.336657910833333,3.39
0.335941201111111,3.411,0.3358903975,3.411,0.336935563611111,3.39
0.336219091388889,3.4,0.336167789166667,3.4,0.337213564166667,3.39
0.336497000833333,3.4,0.336445958055556,3.411,0.337491518055556,3.39
0.336775,3.411,0.336723784444444,3.411,0.3377689775,3.39
0.337052399722222,3.4,0.337001454166667,3.411,0.338046960833333,3.39
0.337330240833333,3.4,0.337279236111111,3.411,0.338324958611111,3.39
0.337608293611111,3.4,0.337556921388889,3.411,0.338602719722222,3.4
0.337886118611111,3.4,0.337834823888889,3.4,0.338880615,3.39
0.3381638725,3.4,0.338112690833333,3.411,0.339158573333333,3.39
0.338441628333333,3.4,0.338390348611111,3.4,0.339436444444444,3.4
0.338719772777778,3.4,0.338668080833333,3.4,0.339714366111111,3.39
0.338997801388889,3.411,0.338946095833333,3.411,0.339992059444444,3.4
0.339275695277778,3.4,0.339224094166667,3.411,0.340269983611111,3.4
0.339553178888889,3.4,0.339501760277778,3.4,0.340548150277778,3.4
0.339831504722222,3.4,0.339779698055556,3.411,0.340825753055556,3.39
0.340109488055556,3.4,0.340057681944444,3.411,0.3411036025,3.4
0.3403876675,3.4,0.340335528888889,3.4,0.341381281666667,3.39
0.340665374444444,3.4,0.340613263333333,3.411,0.341659085833333,3.39
0.340943724444444,3.4,0.3408911875,3.411,0.341936634444444,3.39
0.341221726111111,3.4,0.341169095833333,3.411,0.3422146325,3.4
0.341499689722222,3.4,0.341446408888889,3.411,0.342492760555556,3.39
0.3417774425,3.411,0.341724421944444,3.411,0.342770445,3.39
0.342055096111111,3.4,0.342002033888889,3.411,0.343048589722222,3.39
0.342332768333333,3.4,0.342279959166667,3.4,0.343326404722222,3.39
0.342610801388889,3.4,0.342557841944444,3.411,0.343604519444444,3.39
0.342888337777778,3.4,0.342835870833333,3.411,0.343882405833333,3.4
0.343166470277778,3.4,0.343113813055556,3.411,0.344160314444444,3.4
0.343444131666667,3.4,0.343391626944444,3.411,0.344438061944444,3.39
0.343721915277778,3.4,0.343669426111111,3.411,0.34471596,3.39
0.343999556111111,3.4,0.3439471925,3.411,0.344993682777778,3.4
0.344277381666667,3.411,0.344224902777778,3.411,0.345271809722222,3.4
0.344555269444444,3.4,0.3445027575,3.411,0.345549635833333,3.39
0.344832963611111,3.4,0.344780535277778,3.4,0.345827768611111,3.4
0.3451110725,3.4,0.3450586675,3.411,0.346105385555556,3.4
0.345388448055556,3.4,0.345336983333333,3.4,0.346383513055556,3.39
0.34566675,3.411,0.345614963888889,3.411,0.346661211388889,3.4
0.345944604722222,3.4,0.345893270277778,3.4,0.346938976666667,3.4
0.346222476666667,3.4,0.346170945,3.411,0.347217076666667,3.39
0.346500115277778,3.4,0.346448405555556,3.411,0.347494857777778,3.4
0.346778107777778,3.4,0.346726519444444,3.411,0.347772747222222,3.4
0.347055622777778,3.4,0.347004276666667,3.411,0.348050319166667,3.39
0.347333681111111,3.4,0.347281965833333,3.411,0.348328248333333,3.4
0.347611608888889,3.411,0.347559823611111,3.411,0.348605749166667,3.4
0.3478896625,3.4,0.347837628055556,3.411,0.348883952777778,3.39
0.348167523611111,3.4,0.348115932222222,3.411,0.349161915833333,3.4
0.348445475555556,3.411,0.348393702777778,3.411,0.349439725,3.4
0.348723307222222,3.4,0.348671148055556,3.411,0.349717318055556,3.4
0.349001153055556,3.4,0.348949112222222,3.4,0.349995255,3.39
0.349278782777778,3.4,0.3492268375,3.411,0.350272774444444,3.4
0.349556531666667,3.4,0.349504758611111,3.411,0.350550635555556,3.4
0.349834482777778,3.4,0.349782958611111,3.411,0.3508282525,3.39
0.350112461111111,3.4,0.350060868333333,3.411,0.351106515,3.4
0.350389887222222,3.4,0.350338815277778,3.411,0.351384607222222,3.4
0.35066806,3.411,0.350616633611111,3.411,0.351662458055556,3.4
0.350945419166667,3.411,0.350894390555556,3.4,0.351940273333333,3.39
0.351223675277778,3.4,0.351172058333333,3.411,0.352217966111111,3.39
0.351501363888889,3.411,0.351449903611111,3.411,0.352495888055556,3.4
0.351779218611111,3.4,0.351727730833333,3.411,0.35277361,3.39
0.35205708,3.411,0.352005488333333,3.411,0.353051553888889,3.39
0.352335153333333,3.4,0.352283306388889,3.411,0.3533295925,3.4
0.352612601666667,3.4,0.352561406111111,3.411,0.353607629444444,3.4
0.352890942777778,3.411,0.352839229722222,3.411,0.353885468888889,3.39
0.353168603055556,3.4,0.353116873888889,3.411,0.354163344166667,3.4
0.353446660833333,3.411,0.353394959444444,3.411,0.354441026111111,3.4
0.353724106666667,3.411,0.353672518333333,3.4,0.354719020277778,3.4
0.354002064166667,3.411,0.353950308333333,3.411,0.354996740555556,3.4
0.354280125,3.4,0.354228634722222,3.411,0.3552746875,3.4
0.354557850555556,3.4,0.3545066225,3.411,0.355552589722222,3.4
0.354835728611111,3.4,0.354784368055556,3.411,0.355830475833333,3.4
0.35511356,3.4,0.355062270277778,3.411,0.356108372777778,3.39
0.355390924444444,3.4,0.355340117222222,3.4,0.356386182222222,3.39
0.355668965277778,3.4,0.355618187777778,3.411,0.356664058611111,3.4
0.355946975277778,3.411,0.355895959166667,3.411,0.356941872222222,3.4
0.356224713888889,3.4,0.356173738888889,3.411,0.357220100277778,3.4
0.356502409444444,3.411,0.356451594722222,3.411,0.357497791666667,3.4
0.356780280833333,3.411,0.356729806944444,3.411,0.357775571666667,3.4
0.357057895277778,3.4,0.357007268611111,3.411,0.358053390833333,3.4
0.357335803888889,3.4,0.357285377222222,3.411,0.358331256944444,3.39
0.357613367222222,3.4,0.357563268888889,3.411,0.358609068888889,3.4
0.357891401666667,3.4,0.357841148055556,3.411,0.358886853055556,3.4
0.35816902,3.4,0.358119011111111,3.411,0.359164522777778,3.4
0.358446479444444,3.4,0.358397128055556,3.411,0.359442186666667,3.4
0.358724672777778,3.411,0.358674898888889,3.411,0.359720576944444,3.39
0.359002262222222,3.4,0.3589526525,3.411,0.3599987275,3.4
0.359280156388889,3.4,0.359230511666667,3.411,0.360276485277778,3.39
0.359557954722222,3.4,0.359508713888889,3.411,0.360554143055556,3.4
0.359835836111111,3.4,0.359786878055556,3.411,0.360832040555556,3.4
0.360113424444444,3.411,0.360064623611111,3.4,0.361109716666667,3.39
0.360391293888889,3.4,0.360342449722222,3.411,0.361387646666667,3.39
0.36066915,3.411,0.360620192222222,3.411,0.361665469166667,3.4
0.360946781111111,3.411,0.360897536388889,3.411,0.361943420555556,3.4
0.361224629166667,3.411,0.361175762222222,3.411,0.362221309166667,3.39
0.3615020975,3.4,0.361453736388889,3.411,0.362499453888889,3.4
0.36178008,3.4,0.361731571666667,3.411,0.362777339722222,3.4
0.362057891944444,3.4,0.362009334722222,3.411,0.363055126111111,3.4
0.362335686111111,3.4,0.362287086111111,3.411,0.363332879444444,3.4
0.362613508333333,3.4,0.362565283888889,3.411,0.363610768888889,3.4
0.362891075277778,3.411,0.3628432625,3.411,0.363888485555556,3.4
0.363169104166667,3.4,0.363121307777778,3.411,0.364166363333333,3.4
0.363446947222222,3.4,0.363399220833333,3.411,0.364444041388889,3.4
0.363724321111111,3.4,0.363677126666667,3.411,0.364721691666667,3.4
0.364002521111111,3.4,0.363954488055556,3.411,0.364999691388889,3.4
0.364280096111111,3.411,0.364232693611111,3.411,0.365277577222222,3.4
0.364558056388889,3.4,0.364510319722222,3.411,0.365555406388889,3.4
0.364835356388889,3.411,0.36478825,3.411,0.365833386388889,3.4
0.365113611944444,3.411,0.365065671666667,3.411,0.366111088333333,3.4
0.365391284166667,3.411,0.365343391111111,3.411,0.366389126944444,3.4
0.365669094444444,3.4,0.365621596388889,3.411,0.366666888888889,3.4
0.365946673055556,3.4,0.365899521944444,3.411,0.366944864722222,3.4
0.366224788333333,3.411,0.366177288055556,3.411,0.367222530833333,3.4
0.366502493055556,3.4,0.366455362222222,3.411,0.367500367777778,3.4
0.366780611111111,3.411,0.366733123333333,3.411,0.367778196111111,3.4
0.367058367222222,3.4,0.367011091111111,3.411,0.368055740833333,3.4
0.367335858055556,3.4,0.367288809166667,3.411,0.3683336875,3.4
0.367613775277778,3.411,0.367566326666667,3.411,0.368611811944444,3.4
0.367891803888889,3.411,0.367844334722222,3.411,0.368889666388889,3.4
0.368169995,3.411,0.368122215277778,3.411,0.369167365833333,3.4
0.368447863333333,3.411,0.368400109722222,3.411,0.369445001944444,3.4
0.36872607,3.4,0.368678107222222,3.411,0.369722678333333,3.4
0.3690037575,3.411,0.368955951666667,3.411,0.370000957222222,3.4
0.369281388055556,3.4,0.369233888611111,3.4,0.370278695,3.4
0.369559120833333,3.411,0.369511656111111,3.411,0.370556341666667,3.4
0.369837118611111,3.411,0.369789166388889,3.411,0.370833893611111,3.4
0.370114946111111,3.411,0.370066810833333,3.411,0.371112088611111,3.4
0.370392685833333,3.411,0.370344732777778,3.411,0.371389965,3.4
0.370670378333333,3.411,0.370622931944444,3.411,0.371667780833333,3.4
0.370948344166667,3.411,0.370900580277778,3.411,0.371945461944444,3.4
0.371226161944444,3.411,0.371178145833333,3.411,0.372223230833333,3.4
0.371503915833333,3.411,0.371456146388889,3.411,0.372500826111111,3.4
0.371781919166667,3.411,0.371733809166667,3.411,0.372778966388889,3.4
0.372059759444444,3.411,0.372011728055556,3.411,0.37305695,3.4
0.372337539722222,3.411,0.372289761111111,3.411,0.373334971666667,3.4
0.372615385,3.4,0.372567741666667,3.411,0.373612895833333,3.4
0.372893231666667,3.411,0.372845429166667,3.411,0.373890453888889,3.4
0.373170933888889,3.411,0.373123577222222,3.411,0.374168563055556,3.4
0.373449216944444,3.411,0.37340134,3.411,0.374446698888889,3.4
0.373726950833333,3.411,0.373679279166667,3.411,0.374724490555556,3.4
0.374004813888889,3.411,0.373957066388889,3.411,0.375002333055556,3.4
0.374282557222222,3.4,0.374234865833333,3.411,0.375280183333333,3.4
0.374560511666667,3.411,0.374512872777778,3.411,0.375558045833333,3.4
0.374838393333333,3.411,0.374790638888889,3.411,0.3758357725,3.4
0.375116118333333,3.411,0.375068646111111,3.411,0.376113871944444,3.4
0.375394364444444,3.411,0.375346633888889,3.411,0.376391808611111,3.4
0.375671982222222,3.411,0.375624485277778,3.411,0.376669556388889,3.4
0.375949906111111,3.4,0.375902338611111,3.411,0.376947111944444,3.4
0.376227683888889,3.4,0.376179899444444,3.411,0.377224986111111,3.4
0.376505524166667,3.411,0.376457971388889,3.411,0.377502881388889,3.4
0.376783188055556,3.411,0.376735585,3.411,0.377780766111111,3.4
0.377061169444444,3.411,0.377013575,3.411,0.378058831111111,3.4
0.377339184444444,3.411,0.377291556666667,3.411,0.3783367925,3.4
0.37761685,3.4,0.377568955833333,3.411,0.378614442222222,3.4
0.377894906111111,3.4,0.377847191388889,3.411,0.378892294722222,3.4
0.378172693611111,3.411,0.378124946666667,3.411,0.379170089722222,3.4
0.378450422777778,3.411,0.378402647777778,3.411,0.379448337777778,3.4
0.378728480277778,3.4,0.378680517222222,3.411,0.379726011111111,3.4
0.379006602222222,3.4,0.378958719722222,3.411,0.380004058611111,3.4
0.379284078888889,3.4,0.379236743055556,3.411,0.380281855277778,3.4
0.379562246111111,3.411,0.379514685,3.411,0.380559837222222,3.4
0.3798403325,3.411,0.379792637222222,3.411,0.380837695555556,3.4
0.380117928055556,3.411,0.380070229444444,3.411,0.381115606111111,3.4
0.380396164722222,3.411,0.380348198333333,3.411,0.381393142222222,3.4
0.380673436666667,3.4,0.380625587222222,3.411,0.381671171944444,3.4
0.380951809444444,3.411,0.380903926388889,3.411,0.381948791666667,3.4
0.381230014166667,3.411,0.381181791388889,3.411,0.382226961388889,3.4
0.381507581944444,3.411,0.381459499166667,3.411,0.382505191944444,3.4
0.381785432777778,3.411,0.381737217222222,3.411,0.382783200833333,3.4
0.382063229444444,3.411,0.382015206666667,3.411,0.383060979722222,3.4
0.382341010277778,3.4,0.382293085555556,3.411,0.383338256388889,3.4
0.382618913888889,3.411,0.382570969444444,3.411,0.383616865,3.4
0.382896743055556,3.411,0.382848716388889,3.411,0.383894654166667,3.4
0.383174736388889,3.411,0.3831265125,3.411,0.3841724075,3.4
0.383452494722222,3.4,0.383404244166667,3.411,0.384450180555556,3.4
0.383730275555556,3.411,0.383682011111111,3.411,0.384728353333333,3.4
0.384008045555556,3.411,0.383959974166667,3.411,0.385006073055556,3.4
0.384285793611111,3.411,0.384237830555556,3.411,0.385283916666667,3.4
0.384563456111111,3.411,0.384516058611111,3.411,0.385561794166667,3.4
0.384841374722222,3.411,0.384793983333333,3.411,0.385839650555556,3.4
0.385119124166667,3.411,0.385071831944444,3.411,0.386117729722222,3.4
0.385397013888889,3.411,0.385349492222222,3.411,0.386395537777778,3.4
0.38567459,3.4,0.385627457222222,3.411,0.386673714166667,3.4
0.38595268,3.411,0.385905061388889,3.411,0.386951482777778,3.4
0.386230573888889,3.411,0.386182826111111,3.411,0.387228889722222,3.4
0.386508370833333,3.411,0.386460615277778,3.411,0.387507241388889,3.4
0.386786479166667,3.411,0.386738575833333,3.411,0.387785205833333,3.4
0.387064433888889,3.4,0.387016679444444,3.411,0.388063501666667,3.4
0.387342180833333,3.411,0.387294473333333,3.411,0.388341406388889,3.4
0.387619901666667,3.411,0.387572931388889,3.411,0.388619389444444,3.4
0.387897866111111,3.411,0.387850633611111,3.411,0.388896932777778,3.4
0.388175358333333,3.411,0.388128748611111,3.411,0.389174997777778,3.4
0.388453345555556,3.411,0.3884066525,3.411,0.3894528775,3.4
0.388731270277778,3.411,0.388684297777778,3.411,0.389730531111111,3.4
0.389009145277778,3.411,0.388962115277778,3.411,0.3900086575,3.4
0.389286902777778,3.4,0.389240159722222,3.411,0.390286475833333,3.4
0.389564926111111,3.411,0.389517921111111,3.411,0.390564281388889,3.4
0.389842713611111,3.411,0.3897957675,3.411,0.390842083888889,3.4
0.390120406666667,3.411,0.390073257222222,3.411,0.391119948055556,3.4
0.390398004166667,3.4,0.390351171666667,3.411,0.391397880555556,3.4
0.390676017777778,3.411,0.390629495555556,3.411,0.391675537222222,3.4
0.390954002777778,3.411,0.390907388333333,3.411,0.391953395,3.4
0.391232018333333,3.411,0.391185364444444,3.411,0.392231167222222,3.4
0.391509646666667,3.411,0.391462956388889,3.411,0.392508804166667,3.4
0.3917871875,3.411,0.391740995,3.411,0.392786836388889,3.4
0.392065153333333,3.411,0.392019168611111,3.411,0.393064728055556,3.4
0.392343051388889,3.411,0.392297098888889,3.411,0.393342486666667,3.4
0.392620884444444,3.411,0.392574944444444,3.411,0.393620529722222,3.4
0.392899044166667,3.411,0.392852738055556,3.411,0.393898334722222,3.4
0.393176498611111,3.411,0.393130431944444,3.411,0.394176113333333,3.4
0.393454755277778,3.411,0.393408264166667,3.411,0.394453878333333,3.4
0.393732787222222,3.411,0.393685939166667,3.411,0.394731336944444,3.4
0.394010555833333,3.411,0.393963854444444,3.411,0.395009162777778,3.4
0.394288335833333,3.411,0.394242015,3.411,0.395287325,3.4
0.394566424444444,3.411,0.394519962222222,3.411,0.395564854444444,3.4
0.394844154722222,3.411,0.394797751388889,3.411,0.395843169444444,3.4
0.395121879166667,3.411,0.395075346388889,3.411,0.396120730277778,3.4
0.395399845277778,3.411,0.395353137222222,3.411,0.396398513888889,3.4
0.395677767222222,3.411,0.395631063055556,3.411,0.396676565277778,3.4
0.395955884444444,3.411,0.395908849444444,3.411,0.396954553055556,3.4
0.396233368333333,3.411,0.3961865625,3.411,0.397232526666667,3.4
0.396511369444444,3.411,0.396464387222222,3.411,0.39751051,3.4
0.396789120555556,3.411,0.39674218,3.411,0.397788441666667,3.4
0.397067396666667,3.411,0.397020429444444,3.411,0.398066410277778,3.4
0.3973456325,3.411,0.397298028333333,3.411,0.3983443025,3.4
0.397623625277778,3.411,0.397576036111111,3.411,0.398621782222222,3.4
0.397901511944444,3.411,0.397853365,3.411,0.398899515833333,3.4
0.398179281944444,3.411,0.398131519722222,3.411,0.399177789444444,3.4
0.398457008055556,3.411,0.398409207777778,3.411,0.399455649722222,3.4
0.398734835,3.411,0.398687301111111,3.411,0.399733574166667,3.4
0.399012505277778,3.411,0.398965555555556,3.411,0.400011235555556,3.4
0.3992905625,3.411,0.399242995,3.411,0.400288800277778,3.4
0.399568179444444,3.411,0.399521007222222,3.411,0.400566795,3.4
0.399845957777778,3.411,0.399798927222222,3.411,0.400844659166667,3.4
0.400123937777778,3.411,0.400076533055556,3.411,0.401122417222222,3.4
0.400401676388889,3.411,0.4003545575,3.411,0.401400435833333,3.4
0.400679798611111,3.411,0.400632484166667,3.411,0.401678049166667,3.4
0.400957855,3.411,0.400910326944444,3.411,0.401955999444444,3.4
0.401235826944444,3.411,0.401188228333333,3.411,0.402233769444444,3.4
0.401513347777778,3.411,0.401466465,3.411,0.402511628333333,3.4
0.401791631111111,3.411,0.401744290277778,3.411,0.402789507777778,3.4
0.402069345,3.411,0.402022166944444,3.411,0.403067373055556,3.4
0.402347561666667,3.411,0.402299696944444,3.411,0.403345660277778,3.4
0.402625238333333,3.411,0.402577768055556,3.411,0.4036233125,3.4
0.402902754444444,3.411,0.402855834722222,3.411,0.403901060555556,3.4
0.403180914444444,3.411,0.4031338375,3.411,0.404179342777778,3.4
0.403459021944444,3.411,0.403411526388889,3.411,0.404457516111111,3.4
0.403736685277778,3.411,0.403689469722222,3.411,0.404735580277778,3.4
0.404014860555556,3.4,0.403967286388889,3.411,0.405013528333333,3.4
0.404292742222222,3.411,0.404245474722222,3.411,0.405291513333333,3.4
0.404570672777778,3.411,0.404523340833333,3.411,0.4055694525,3.4
0.404848687777778,3.411,0.404801161388889,3.411,0.4058471575,3.4
0.405126477222222,3.411,0.405078957777778,3.411,0.406125087777778,3.4
0.405404620833333,3.411,0.405356851944444,3.411,0.406402689166667,3.4
0.405682953333333,3.411,0.405634492777778,3.411,0.406680704166667,3.4
0.405960948333333,3.411,0.405912357777778,3.411,0.406958379722222,3.4
0.406238831944444,3.411,0.406189734444444,3.411,0.4072364325,3.4
0.406516705555556,3.411,0.406468217222222,3.411,0.407514051388889,3.4
0.406794289444444,3.411,0.406746006944444,3.411,0.4077918625,3.4
0.407072506111111,3.411,0.407023935555556,3.411,0.408069682222222,3.4
0.407350381111111,3.411,0.407301785833333,3.411,0.408347919166667,3.4
0.4076280875,3.411,0.407579514166667,3.411,0.408626229166667,3.4
0.407905945277778,3.4,0.407857580833333,3.411,0.408903802222222,3.4
0.408183844444444,3.411,0.408135550555556,3.411,0.409181610555556,3.4
0.408461814444444,3.411,0.408413810555556,3.411,0.409459615833333,3.4
0.408739717777778,3.411,0.408691326111111,3.411,0.409737447777778,3.4
0.409017565833333,3.411,0.408969315555556,3.411,0.4100152525,3.4
0.409295317777778,3.411,0.409246834722222,3.411,0.410292887222222,3.4
0.409573158888889,3.411,0.409524996944444,3.411,0.410570738611111,3.4
0.409850961666667,3.411,0.409802686944444,3.411,0.410848550277778,3.4
0.410128940833333,3.411,0.410080778333333,3.411,0.411126661388889,3.4
0.410406953888889,3.411,0.410358097222222,3.411,0.411404711944444,3.4
0.410684576111111,3.411,0.410636585833333,3.411,0.411682405833333,3.4
0.410962314166667,3.411,0.410913970833333,3.411,0.411960216388889,3.4
0.411240491666667,3.411,0.411192215833333,3.411,0.412238019444444,3.4
0.411518387222222,3.411,0.411469736388889,3.411,0.412515764722222,3.4
0.411795793055556,3.411,0.411748061944444,3.411,0.412793554444444,3.4
0.412073770833333,3.411,0.412025944444444,3.411,0.413071616388889,3.4
0.412351626388889,3.411,0.412303650833333,3.411,0.413349598888889,3.4
0.412629366388889,3.411,0.412581558055556,3.411,0.413627159444444,3.4
0.412907077222222,3.411,0.412859527222222,3.411,0.413905025833333,3.4
0.413184998888889,3.411,0.413137290555556,3.411,0.414182488611111,3.4
0.413462886111111,3.411,0.413415297222222,3.411,0.414460197222222,3.4
0.41374083,3.411,0.413693001111111,3.411,0.414738511666667,3.4
0.414018688888889,3.411,0.413970888333333,3.411,0.415016181666667,3.4
0.414296523333333,3.411,0.414248913055556,3.411,0.415293823611111,3.4
0.414574193055556,3.411,0.414526498055556,3.411,0.415571875277778,3.4
0.414851771944444,3.411,0.4148045275,3.411,0.415849660277778,3.4
0.415129688888889,3.411,0.415082358333333,3.411,0.4161274425,3.4
0.4154076975,3.411,0.415360090555556,3.411,0.416405361388889,3.4
0.415685246666667,3.411,0.415638141666667,3.411,0.416682935555556,3.4
0.415963730555556,3.411,0.415916017222222,3.411,0.416960610277778,3.4
0.416241644444444,3.411,0.4161937475,3.411,0.417238884722222,3.4
0.416519552777778,3.411,0.416471474166667,3.411,0.417516817222222,3.4
0.416797410555556,3.411,0.41674939,3.411,0.417794479444444,3.4
0.417075116388889,3.411,0.417027476388889,3.411,0.418072601944444,3.4
0.417353088055556,3.411,0.417305221944444,3.411,0.418350088055556,3.4
0.417631026666667,3.411,0.417582975833333,3.411,0.418628051111111,3.4
0.417909016111111,3.411,0.417860606666667,3.411,0.418905688888889,3.4
0.418187101388889,3.411,0.418138799166667,3.411,0.419183658888889,3.4
0.418464906111111,3.411,0.418416665277778,3.411,0.419461033055556,3.4
0.418743123055556,3.411,0.418694107222222,3.411,0.419738809722222,3.4
0.419021144444444,3.411,0.418972196944444,3.411,0.420017061111111,3.4
0.419299024166667,3.411,0.419249884722222,3.411,0.420294571111111,3.4
0.419576989722222,3.411,0.419527741111111,3.411,0.420572616388889,3.4
0.419854709444444,3.411,0.419805520555556,3.411,0.420850294166667,3.4
0.420132582777778,3.411,0.420083395277778,3.411,0.421128463888889,3.4
0.420410614444444,3.411,0.420361641388889,3.411,0.421406464166667,3.4
0.420688650277778,3.411,0.420639582222222,3.411,0.421684438333333,3.4
0.420966987777778,3.411,0.420917105,3.411,0.421962215277778,3.4
0.421244766388889,3.4,0.421195105555556,3.411,0.422239975,3.4
0.4215224925,3.411,0.4214727975,3.411,0.422517903055556,3.4
0.421800268888889,3.411,0.421750831111111,3.411,0.422795525555556,3.4
0.422078126666667,3.411,0.4220286225,3.411,0.423073254166667,3.4
0.422355801388889,3.411,0.422306479722222,3.411,0.423350804166667,3.4
0.422633728611111,3.411,0.4225844075,3.411,0.423628525833333,3.4
0.422911626111111,3.411,0.422861846944444,3.411,0.423906834722222,3.4
0.42318944,3.411,0.423140038611111,3.411,0.424184445833333,3.4
0.423467028333333,3.411,0.423418004444444,3.411,0.424462161111111,3.4
0.423745193611111,3.411,0.423695644444444,3.411,0.424740185833333,3.411
0.424022859444444,3.411,0.423973189722222,3.411,0.425018421666667,3.4
0.424300963055556,3.411,0.424251402777778,3.411,0.425296365555556,3.411
0.424578964444444,3.411,0.424529331388889,3.411,0.425573981666667,3.4
0.424856770833333,3.411,0.424807031388889,3.411,0.425851965,3.4
0.425134629444444,3.411,0.425084955277778,3.411,0.426129648333333,3.4
0.425412368611111,3.411,0.4253626175,3.411,0.426407358055556,3.4
0.4256903725,3.411,0.425640640277778,3.411,0.426685028611111,3.4
0.425968398611111,3.411,0.425918309722222,3.411,0.426963260555556,3.4
0.42624621,3.411,0.426196293611111,3.411,0.427241042777778,3.4
0.426524435277778,3.411,0.426473633611111,3.411,0.427519215277778,3.4
0.426802205,3.411,0.426751966388889,3.411,0.42779691,3.4
0.427080199166667,3.411,0.427029704166667,3.411,0.428074773333333,3.4
0.427357910833333,3.411,0.427307605833333,3.411,0.428352718333333,3.4
0.427635809166667,3.411,0.427585188611111,3.411,0.428630650277778,3.4
0.427913143055556,3.411,0.427863297222222,3.411,0.428908306666667,3.4
0.428191284166667,3.411,0.428141049166667,3.411,0.4291859925,3.4
0.428468926944444,3.411,0.4284190525,3.411,0.429463915555556,3.4
0.428746798333333,3.411,0.428696431944444,3.411,0.429741776944444,3.4
0.429025003611111,3.411,0.428974501111111,3.411,0.4300195825,3.4
0.429302694166667,3.411,0.429252765277778,3.411,0.430297638611111,3.4
0.429580596666667,3.411,0.429530573055556,3.411,0.430575413611111,3.4
0.429858737777778,3.411,0.4298083625,3.411,0.4308532625,3.4
0.430136205,3.411,0.430086629444444,3.411,0.431131215555556,3.4
0.430414515833333,3.411,0.430364156111111,3.411,0.431409430555556,3.4
0.430692102222222,3.411,0.430642257222222,3.411,0.431687300555556,3.4
0.4309699775,3.411,0.430920006388889,3.411,0.431965236944444,3.4
0.431247925833333,3.411,0.431197963055556,3.411,0.432243184722222,3.4
0.431525701944444,3.411,0.431475774722222,3.411,0.432521208888889,3.4
0.431803478333333,3.411,0.431753276666667,3.411,0.432798989444444,3.4
0.432081408055556,3.411,0.432031565555556,3.411,0.433076436944444,3.4
0.432359039722222,3.411,0.432309424722222,3.411,0.4333546,3.4
0.432637069722222,3.411,0.432587215555556,3.411,0.433632373333333,3.4
0.432914884722222,3.411,0.4328650375,3.411,0.433910004166667,3.4
0.433192671388889,3.411,0.433143031111111,3.411,0.434187974444444,3.4
0.433470441944444,3.411,0.433420948611111,3.411,0.434465977222222,3.411
0.433748179444444,3.411,0.433698721388889,3.411,0.434743721111111,3.411
0.434025995833333,3.411,0.433976214166667,3.411,0.435021350555556,3.4
0.434303832777778,3.411,0.434254225277778,3.411,0.435298792222222,3.4
0.434581652777778,3.411,0.434532138055556,3.411,0.435576948888889,3.4
0.434859308055556,3.411,0.434810364166667,3.411,0.435855177777778,3.4
0.435137025833333,3.411,0.43508823,3.411,0.436132679444444,3.4
0.435415256944444,3.411,0.435365602777778,3.411,0.436410901111111,3.4
0.435692594722222,3.411,0.435643384166667,3.411,0.436688767222222,3.411
0.435970755555556,3.411,0.435921538055556,3.411,0.436966648611111,3.4
0.436248675277778,3.411,0.436199479444444,3.411,0.437244388055556,3.4
0.436526326944444,3.411,0.4364776075,3.411,0.437522401388889,3.4
0.436803930555556,3.411,0.436755713888889,3.411,0.437800293333333,3.4
0.437081716666667,3.411,0.437033573333333,3.411,0.438078176666667,3.4
0.437359611666667,3.411,0.437311173611111,3.411,0.4383561225,3.4
0.437637442222222,3.411,0.437589175277778,3.411,0.4386340825,3.4
0.437915353055556,3.411,0.437866944166667,3.411,0.438912046944444,3.4
0.438192998055556,3.411,0.438144833611111,3.411,0.439189901388889,3.4
0.438470748888889,3.411,0.438422539166667,3.411,0.439467669722222,3.4
0.438748558611111,3.411,0.438700420833333,3.411,0.439745293055556,3.4
0.439026170833333,3.411,0.438977971666667,3.411,0.440023167777778,3.411
0.439304223055556,3.411,0.439256138611111,3.411,0.440300913888889,3.4
0.4395820675,3.411,0.439534438888889,3.411,0.440578705833333,3.4
0.439859648611111,3.411,0.439812221111111,3.411,0.440856388055556,3.411
0.440137591944444,3.411,0.440090116388889,3.411,0.441134668611111,3.411
0.440415909166667,3.411,0.440368065555556,3.411,0.441412451666667,3.4
0.440693684166667,3.411,0.4406458775,3.411,0.441690220277778,3.4
0.440971675,3.411,0.440923865833333,3.411,0.441968003333333,3.411
0.441249261388889,3.411,0.441201886388889,3.411,0.442245870277778,3.4
0.441526764166667,3.411,0.441479710555556,3.411,0.442523967777778,3.4
0.441805068888889,3.411,0.441757334722222,3.411,0.442802060833333,3.4
0.4420829875,3.411,0.442035313611111,3.411,0.443079931388889,3.4
0.442361051111111,3.411,0.442313238055556,3.411,0.443357397777778,3.4
0.442638563888889,3.411,0.442590965833333,3.411,0.443635380555556,3.4
0.442916472777778,3.411,0.442868635555556,3.411,0.443913234444444,3.4
0.443194291388889,3.411,0.443146525,3.411,0.44419134,3.4
0.443472211388889,3.411,0.443424422777778,3.411,0.444469507222222,3.4
0.443749822777778,3.411,0.443701959444444,3.411,0.444747396944444,3.411
0.444027404444444,3.411,0.4439798975,3.411,0.445025230555556,3.411
0.444305541111111,3.411,0.444257589722222,3.411,0.445302704166667,3.4
0.444583203055556,3.411,0.444535291666667,3.411,0.445580859444444,3.411
0.444861380555556,3.411,0.444813190833333,3.411,0.445858315,3.4
0.44513901,3.411,0.445091665833333,3.411,0.446136501111111,3.411
0.445416957777778,3.411,0.4453696225,3.411,0.446413941666667,3.4
0.445695102777778,3.411,0.445647736666667,3.411,0.446692021111111,3.411
0.445973161388889,3.411,0.445925749166667,3.411,0.446969850833333,3.411
0.446250659444444,3.411,0.446203322777778,3.411,0.447247655277778,3.411
0.446528797777778,3.411,0.446481104166667,3.411,0.447525456666667,3.4
0.446806823055556,3.411,0.4467590875,3.411,0.447803703611111,3.411
0.447084762222222,3.411,0.447036947222222,3.411,0.448081551388889,3.411
0.447362120833333,3.411,0.447314987777778,3.411,0.448359436666667,3.4
0.447640113333333,3.411,0.447592276666667,3.411,0.4486370775,3.4
0.447918086944444,3.411,0.447870515833333,3.411,0.448915356944444,3.4
0.448195886111111,3.411,0.448147830555556,3.411,0.449193025,3.4
0.448473993611111,3.411,0.448426050833333,3.411,0.449470914722222,3.4
0.448751925555556,3.411,0.448704123888889,3.411,0.449748613888889,3.411
0.449029754166667,3.411,0.448981720555556,3.411,0.450026379444444,3.4
0.449307732222222,3.411,0.449259763888889,3.411,0.450304172777778,3.4
0.449585663333333,3.411,0.449537603611111,3.411,0.450582063611111,3.411
0.4498638175,3.411,0.449815360833333,3.411,0.450860057777778,3.4
0.450141723611111,3.411,0.450093089444444,3.411,0.4511378525,3.4
0.45041973,3.411,0.450370938333333,3.411,0.451415350833333,3.411
0.450697110833333,3.411,0.450648819444444,3.411,0.451693467222222,3.4
0.450975184166667,3.411,0.450926559444444,3.411,0.451971545555556,3.4
0.451252747777778,3.411,0.451204445833333,3.411,0.452249264444444,3.411
0.451530970833333,3.411,0.451482390555556,3.411,0.452527196944444,3.411
0.451808756388889,3.411,0.451760345277778,3.411,0.452805181944444,3.411
0.452086659444444,3.411,0.452038300833333,3.411,0.453082873333333,3.411
0.452364308333333,3.411,0.452316076944444,3.411,0.453360554722222,3.4
0.452641980555556,3.411,0.452593727222222,3.411,0.453638770277778,3.411
0.452919743888889,3.411,0.452871626944444,3.411,0.453916460277778,3.4
0.453197745555556,3.411,0.453149733333333,3.411,0.454194542777778,3.411
0.453475143055556,3.411,0.453427241944444,3.411,0.454472373055556,3.411
0.453752990277778,3.411,0.453705521111111,3.411,0.45475021,3.411
0.454030695833333,3.411,0.453982976388889,3.411,0.455027800277778,3.4
0.454308731944444,3.411,0.454261065833333,3.411,0.455306086388889,3.411
0.454586623333333,3.411,0.454538956111111,3.411,0.455584035555556,3.4
0.454864347777778,3.411,0.454816726944444,3.411,0.455861624722222,3.4
0.4551425125,3.411,0.455094234166667,3.411,0.456139538333333,3.4
0.455420559444444,3.411,0.455372542777778,3.411,0.456417295555556,3.4
0.455698278333333,3.411,0.455650676111111,3.411,0.456695140555556,3.411
0.455975836388889,3.411,0.455928297777778,3.411,0.456973496944444,3.4
0.456253780833333,3.411,0.456205891388889,3.411,0.457250803888889,3.4
0.456531648888889,3.411,0.456484033055556,3.411,0.457528601944444,3.4
0.456809795555556,3.411,0.456762239166667,3.411,0.457806599444444,3.411
0.457087334444444,3.411,0.457039819166667,3.411,0.458084313888889,3.4
0.457365654444444,3.411,0.457317676388889,3.411,0.458362204444444,3.4
0.457643758055556,3.411,0.457595394166667,3.411,0.458639712777778,3.411
0.457921790555556,3.411,0.457873510277778,3.411,0.458917724166667,3.411
0.458199526666667,3.411,0.458151256944444,3.411,0.459195471111111,3.4
0.458477453055556,3.411,0.458429432777778,3.411,0.459473047777778,3.411
0.458754847222222,3.411,0.458707305833333,3.411,0.459751002222222,3.411
0.459033008611111,3.411,0.458985268055556,3.411,0.460029021388889,3.411
0.459310945,3.411,0.459263286944444,3.411,0.460306587777778,3.4
0.459589159444444,3.411,0.459541392777778,3.411,0.460584729444444,3.411
0.459866710833333,3.411,0.459819035833333,3.411,0.460862601111111,3.411
0.460144560833333,3.411,0.460096918888889,3.411,0.461140318611111,3.4
0.460422433333333,3.411,0.460374921666667,3.411,0.461418056388889,3.411
0.460700478888889,3.411,0.460652665555556,3.411,0.461696133611111,3.4
0.460978138611111,3.411,0.460930373611111,3.411,0.461973641111111,3.4
0.461256122777778,3.411,0.461207838055556,3.421,0.4622517975,3.4
0.461533856388889,3.411,0.461485693055556,3.411,0.462529688333333,3.411
0.4618117,3.411,0.461763720277778,3.411,0.462808096111111,3.4
0.462089498055556,3.411,0.462041578611111,3.411,0.463085771944444,3.411
0.462366785,3.411,0.462319446388889,3.411,0.463363746666667,3.4
0.462645089166667,3.411,0.4625971325,3.411,0.463641420833333,3.411
0.462923073611111,3.411,0.462874783888889,3.411,0.463919323611111,3.411
0.463201071111111,3.411,0.463152818888889,3.411,0.464196970833333,3.4
0.463478583888889,3.411,0.463430291944444,3.411,0.464474668611111,3.411
0.463756518055556,3.411,0.463708434166667,3.411,0.464752564166667,3.411
0.464034376111111,3.411,0.463986672222222,3.411,0.465030442777778,3.411
0.464312190833333,3.411,0.464264486388889,3.411,0.46530849,3.411
0.464589872222222,3.411,0.464542101944444,3.411,0.465586140833333,3.411
0.464867730833333,3.411,0.464819915833333,3.411,0.46586433,3.411
0.465145827777778,3.411,0.4650980475,3.411,0.466141905555556,3.411
0.465423861111111,3.411,0.465375913611111,3.411,0.46641979,3.4
0.465701453611111,3.411,0.465653891944444,3.411,0.466697463055556,3.411
0.46597946,3.411,0.465931142777778,3.411,0.4669753775,3.411
0.4662571925,3.411,0.466209201666667,3.411,0.467253252777778,3.4
0.466535084444444,3.411,0.466487425833333,3.411,0.467531327777778,3.411
0.466812941388889,3.411,0.466765213333333,3.411,0.467809230277778,3.411
0.467090891944444,3.411,0.467043171666667,3.411,0.468086868888889,3.411
0.467368930833333,3.411,0.467320569166667,3.411,0.468364725,3.411
0.467646473055556,3.411,0.467598391388889,3.411,0.468642513888889,3.411
0.467924443333333,3.411,0.467876568611111,3.411,0.468920711666667,3.411
0.468202083611111,3.411,0.468154604166667,3.411,0.469198523888889,3.411
0.468480303333333,3.411,0.468432296944444,3.411,0.469476295,3.411
0.468758039166667,3.411,0.468710305833333,3.411,0.469754475277778,3.411
0.469035836388889,3.411,0.46898819,3.411,0.470032241666667,3.4
0.469313264166667,3.411,0.469266421944444,3.411,0.470310000555556,3.411
0.469591403611111,3.411,0.469544171666667,3.411,0.470587740277778,3.411
0.469869055277778,3.411,0.469822189722222,3.411,0.470865211388889,3.411
0.4701472,3.411,0.470099940555556,3.411,0.471143309722222,3.411
0.4704246975,3.411,0.470377725555556,3.411,0.471421119166667,3.4
0.470702786388889,3.411,0.470655526111111,3.411,0.471699044444444,3.411
0.470980881111111,3.411,0.470933279722222,3.411,0.47197706,3.411
0.471259066388889,3.411,0.471211036111111,3.411,0.472255014444444,3.411
0.471536953333333,3.411,0.4714888475,3.411,0.472532535,3.4
0.471814528055556,3.411,0.471766615833333,3.411,0.472810598333333,3.411
0.472092446666667,3.411,0.472044425833333,3.411,0.473088788333333,3.411
0.472370646944444,3.411,0.472322201666667,3.411,0.473366824166667,3.411
0.472648573055556,3.411,0.472599959166667,3.411,0.473644751666667,3.411
0.472926765833333,3.411,0.472877684166667,3.411,0.473922889722222,3.411
0.473204824722222,3.411,0.473155471388889,3.411,0.474200712222222,3.411
0.473482899444444,3.411,0.473433059166667,3.411,0.4744785475,3.411
0.473761131666667,3.411,0.473711068055556,3.411,0.47475647,3.4
0.474038834722222,3.411,0.473988655277778,3.411,0.475034241944444,3.411
0.474316396944444,3.411,0.474266591666667,3.411,0.475311733055556,3.4
0.474594439166667,3.411,0.474544412222222,3.411,0.475589640277778,3.411
0.474872209722222,3.411,0.474822179722222,3.411,0.475867601388889,3.411
0.475149966111111,3.411,0.475099963611111,3.411,0.4761459275,3.411
0.475427832777778,3.411,0.475377761944444,3.411,0.47642366,3.411
0.4757056325,3.411,0.475655380277778,3.411,0.476701388055556,3.4
0.475983624166667,3.411,0.475933569166667,3.411,0.476979399444444,3.411
0.476260924444444,3.411,0.4762111175,3.411,0.477257385833333,3.411
0.47653888,3.411,0.476489063888889,3.411,0.477535547222222,3.411
0.476817155277778,3.411,0.476766941944444,3.411,0.477813591388889,3.411
0.477095001388889,3.411,0.477044988333333,3.411,0.478091445277778,3.411
0.477372694722222,3.411,0.477322635277778,3.411,0.478369272222222,3.4
0.477650393611111,3.411,0.477600494444444,3.411,0.478646834722222,3.411
0.477928351111111,3.411,0.477878273055556,3.411,0.478924435277778,3.411
0.478206416944444,3.411,0.478156113055556,3.411,0.47920218,3.4
0.478484149444444,3.411,0.4784338975,3.421,0.479480103888889,3.411
0.478762028888889,3.411,0.478711908333333,3.411,0.479757996944444,3.411
0.479039857777778,3.411,0.478989870277778,3.411,0.480036218055556,3.411
0.479317769444444,3.411,0.479267490833333,3.411,0.480313829722222,3.411
0.479595620833333,3.411,0.479545548888889,3.421,0.480591751666667,3.411
0.479873356944444,3.411,0.479823403333333,3.411,0.480869859166667,3.411
0.480151245833333,3.411,0.480101497777778,3.421,0.481147649166667,3.411
0.480429278055556,3.411,0.480378959444444,3.411,0.481425409166667,3.411
0.480707144166667,3.411,0.480656731666667,3.411,0.481703433333333,3.411
0.480984977222222,3.411,0.480934764166667,3.421,0.481981208055556,3.411
0.481262319166667,3.411,0.4812125275,3.411,0.482259124444444,3.411
0.481540381388889,3.411,0.481490231944444,3.411,0.482536781388889,3.411
0.481818562777778,3.411,0.481767957777778,3.421,0.482814731666667,3.4
0.482096328888889,3.411,0.4820460325,3.411,0.483092485833333,3.411
0.482374013888889,3.411,0.482323886388889,3.411,0.483370242222222,3.411
0.482652154722222,3.411,0.482601982222222,3.411,0.483648349166667,3.411
0.482930024444444,3.411,0.482879929444444,3.411,0.483925748333333,3.411
0.483207896111111,3.411,0.483157373611111,3.411,0.4842039025,3.411
0.483485421944444,3.411,0.483435375833333,3.411,0.484481661111111,3.4
0.483763485,3.411,0.483713034444444,3.411,0.484759363611111,3.411
0.484041302777778,3.411,0.483991038055556,3.411,0.485037139444444,3.411
0.484319029722222,3.411,0.484268880555556,3.411,0.485315014166667,3.411
0.4845969625,3.411,0.484546724166667,3.411,0.485592724166667,3.411
0.484874659722222,3.411,0.484824681944444,3.411,0.485870925,3.411
0.485152344722222,3.411,0.485102659722222,3.421,0.486148498333333,3.411
0.485430371666667,3.411,0.485380227222222,3.411,0.486426047777778,3.411
0.485708387222222,3.411,0.485658273611111,3.411,0.486704494444444,3.411
0.485986471111111,3.411,0.485935890833333,3.411,0.486982256944444,3.411
0.486264174166667,3.411,0.486214328888889,3.421,0.487259988333333,3.411
0.486541797777778,3.411,0.486491907222222,3.411,0.487537961666667,3.411
0.486819810833333,3.411,0.486769981388889,3.411,0.487815480833333,3.411
0.487097515555556,3.411,0.487047751111111,3.411,0.488093859722222,3.4
0.487375353888889,3.411,0.487325806388889,3.411,0.488371610555556,3.411
0.4876533275,3.411,0.487603411388889,3.411,0.488649690277778,3.411
0.487931177222222,3.411,0.487881206666667,3.411,0.488927596944444,3.411
0.488209147222222,3.411,0.488159362777778,3.411,0.489205312777778,3.411
0.488486627777778,3.411,0.488437504444444,3.421,0.489483368333333,3.411
0.488764738888889,3.411,0.488715048888889,3.411,0.489760761944444,3.411
0.489042409722222,3.411,0.488993089722222,3.411,0.490038632222222,3.411
0.489320142222222,3.411,0.489270961388889,3.411,0.490316872777778,3.411
0.489597862777778,3.411,0.489548754166667,3.411,0.490594658055556,3.411
0.489875478055556,3.411,0.489826514166667,3.411,0.490872565277778,3.411
0.490153472777778,3.411,0.4901044075,3.411,0.491150768055556,3.411
0.490431505277778,3.411,0.490382019166667,3.411,0.491428521388889,3.411
0.490709206666667,3.411,0.490660175,3.411,0.491706383888889,3.411
0.490987189722222,3.411,0.490937866111111,3.411,0.491984429444444,3.411
0.491264921944444,3.411,0.491215553611111,3.421,0.492262353333333,3.411
0.491543021944444,3.411,0.491493513888889,3.411,0.492540354166667,3.411
0.491820682777778,3.411,0.4917713325,3.411,0.492817907222222,3.411
0.492099068888889,3.411,0.492049204166667,3.411,0.493095755277778,3.411
0.492376871944444,3.411,0.492327061388889,3.411,0.493373519444444,3.411
0.4926544875,3.411,0.492605017222222,3.411,0.4936515375,3.411
0.492932471111111,3.411,0.492882951944444,3.421,0.493929461388889,3.411
0.493210580555556,3.411,0.493160402777778,3.411,0.49420732,3.411
0.493488381388889,3.411,0.493438509444444,3.411,0.494485046944444,3.4
0.493766045555556,3.411,0.493716190555556,3.411,0.494763476111111,3.411
0.49404374,3.411,0.493994207222222,3.411,0.495041319166667,3.411
0.494321658611111,3.411,0.4942719225,3.411,0.495318930555556,3.411
0.494599568888889,3.411,0.494549752222222,3.421,0.495597076388889,3.411
0.4948777075,3.411,0.494827660833333,3.421,0.495874900555556,3.4
0.495155111111111,3.411,0.4951055075,3.411,0.496152962777778,3.411
0.495433268611111,3.411,0.495383211944444,3.411,0.496430470277778,3.411
0.495711159444444,3.411,0.495661043888889,3.411,0.496708725833333,3.411
0.495989083055556,3.411,0.495938841666667,3.411,0.496986294166667,3.411
0.496266965277778,3.411,0.496216530277778,3.411,0.497264280277778,3.411
0.496544416111111,3.411,0.496494268055556,3.421,0.497541608333333,3.411
0.496822055,3.411,0.496772189722222,3.421,0.497819982222222,3.411
0.497100373611111,3.411,0.497049963333333,3.411,0.498097425277778,3.411
0.4973782225,3.411,0.497327831666667,3.421,0.498375582777778,3.411
0.497655636944444,3.411,0.497606029444444,3.411,0.498653449722222,3.411
0.497933475833333,3.411,0.497883799444444,3.411,0.498931520555556,3.411
0.498211694166667,3.411,0.4981615725,3.411,0.499208847222222,3.411
0.498489085833333,3.411,0.498439290555556,3.411,0.499487012777778,3.411
0.498766937777778,3.411,0.498717131388889,3.411,0.499764841666667,3.411
0.499044598611111,3.411,0.498995061944444,3.411,0.500042825555556,3.411
0.499322513055556,3.411,0.499273033888889,3.421,0.500320268888889,3.411
0.4996001025,3.411,0.499550578333333,3.411,0.50059845,3.411
0.499878290833333,3.411,0.499828577777778,3.421,0.500876671944444,3.411
0.500155858611111,3.411,0.500106055,3.411,0.501154393055556,3.411
0.500433773055556,3.411,0.500384436388889,3.411,0.501432176388889,3.411
0.500711604166667,3.411,0.500661864166667,3.411,0.5017103075,3.411
0.500989744722222,3.411,0.500939877222222,3.411,0.501988009444444,3.411
0.501267047222222,3.411,0.501217751111111,3.421,0.502266236388889,3.411
0.501545311111111,3.411,0.501495320277778,3.411,0.502543902222222,3.411
0.501822953333333,3.411,0.501773655277778,3.411,0.502821757777778,3.411
0.502101088333333,3.411,0.502051503333333,3.411,0.503099823888889,3.411
0.502378749444444,3.411,0.502329204722222,3.411,0.503377406388889,3.411
0.502657011111111,3.411,0.502606983611111,3.421,0.503655645555556,3.411
0.502934348888889,3.411,0.502884499444444,3.421,0.503933263055556,3.411
0.503212041944444,3.411,0.503162543333333,3.411,0.504211128333333,3.411
0.503489944722222,3.411,0.503440336388889,3.411,0.504489261944444,3.4
0.503767946666667,3.411,0.503718365833333,3.421,0.504767088611111,3.411
0.50404585,3.411,0.503995858055556,3.411,0.50504496,3.411
0.504323590833333,3.411,0.504274365,3.421,0.505322957222222,3.411
0.504601778055556,3.411,0.504552118333333,3.411,0.505600858055556,3.411
0.504879782777778,3.411,0.504830408611111,3.411,0.505878743888889,3.411
0.505157389722222,3.411,0.505108850555556,3.411,0.506156510555556,3.411
0.505435631944445,3.411,0.505386643888889,3.421,0.506434342222222,3.411
0.505713563055556,3.411,0.505664642777778,3.411,0.506712136388889,3.411
0.505991758333333,3.411,0.505942468888889,3.411,0.506989720277778,3.4
0.506269724166667,3.411,0.506220210833333,3.421,0.507267709444444,3.411
0.506547308055556,3.411,0.5064977925,3.411,0.507545513888889,3.411
0.5068251175,3.411,0.506775519444444,3.411,0.507823243888889,3.411
0.507102883888889,3.411,0.507053509722222,3.421,0.508101081944444,3.411
0.507381094444444,3.411,0.507331371944444,3.411,0.508378800833333,3.411
0.507658960555555,3.411,0.507609178888889,3.411,0.508656643888889,3.411
0.507936942777778,3.411,0.507887231944444,3.411,0.508934358888889,3.411
0.508214546111111,3.411,0.508164974444444,3.411,0.5092121425,3.411
0.508492329166667,3.411,0.508442824444444,3.421,0.509489953611111,3.411
0.508770346666667,3.411,0.508720775555556,3.421,0.509767696111111,3.411
0.509048261388889,3.411,0.508998576944444,3.411,0.510045273888889,3.411
0.509326046388889,3.411,0.509276149166667,3.421,0.510323679722222,3.411
0.509603578888889,3.411,0.509554116111111,3.411,0.510601315833333,3.411
0.509881519722222,3.411,0.5098314,3.411,0.510879356666667,3.411
0.510159375555556,3.411,0.510109481944444,3.421,0.511157144166667,3.411
0.510437295277778,3.411,0.510387281666667,3.421,0.511435154722222,3.411
0.510714960833333,3.411,0.510665233055556,3.421,0.511712965555556,3.411
0.510993004722222,3.411,0.510942926666667,3.421,0.511990465,3.411
0.511270904166667,3.411,0.511221114444444,3.411,0.512268696666667,3.411
0.511548878611111,3.411,0.511498934166667,3.421,0.512546091944444,3.411
0.511826683888889,3.411,0.511776419722222,3.421,0.512824292777778,3.411
0.512105015833333,3.411,0.512054573055556,3.411,0.513102003055556,3.411
0.512382688611111,3.411,0.512332351666667,3.421,0.513380241111111,3.411
0.512660584166667,3.411,0.512610167222222,3.421,0.51365801,3.411
0.512938290555556,3.411,0.512888290833333,3.421,0.513935899722222,3.411
0.513216295,3.411,0.513166069166667,3.411,0.514213547222222,3.411
0.513493855555556,3.411,0.513444037222222,3.411,0.514491479444444,3.411
0.513771835833333,3.411,0.513722074444445,3.421,0.514769425277778,3.411
0.514049518333333,3.411,0.513999991944444,3.411,0.515047452222222,3.411
0.514327723888889,3.411,0.514277860833333,3.421,0.515325451666667,3.411
0.514605543888889,3.411,0.514555585,3.421,0.515603308333333,3.411
0.514883315555556,3.411,0.514833377222222,3.421,0.515881253611111,3.411
0.515160731111111,3.411,0.515110904722222,3.421,0.516158788333333,3.411
0.515438734166667,3.411,0.515389020833333,3.421,0.516436816388889,3.411
0.515716586111111,3.411,0.515666802777778,3.421,0.516714841944444,3.411
0.515994691111111,3.411,0.515944904166667,3.421,0.51699267,3.411
0.516272506388889,3.411,0.516222463055556,3.411,0.517270550277778,3.411
0.516550353333333,3.411,0.516500396111111,3.411,0.517548248055556,3.411
0.516827903611111,3.411,0.516778162777778,3.411,0.517826067222222,3.411
0.517105940555556,3.411,0.517056558888889,3.411,0.518103885833333,3.411
0.517383415555556,3.411,0.517334465,3.421,0.518381931944444,3.411
0.5176619125,3.411,0.517612687777778,3.421,0.518659608055556,3.411
0.517939488888889,3.411,0.5178904025,3.421,0.518937973333333,3.411
0.518217314166667,3.411,0.518168177222222,3.411,0.519215605555556,3.411
0.518495276111111,3.411,0.5184464775,3.421,0.5194931875,3.411
0.518772825277778,3.411,0.518724531666667,3.411,0.519771060277778,3.411
0.519050809722222,3.411,0.519002496111111,3.421,0.520049083055556,3.411
0.519328620555556,3.411,0.519280010555556,3.421,0.520327137777778,3.411
0.519606989444445,3.411,0.519557922222222,3.421,0.520605003611111,3.411
0.5198845425,3.411,0.519835753888889,3.421,0.520882737222222,3.411
0.520162240277778,3.411,0.520113349166667,3.411,0.5211606125,3.411
0.520439905277778,3.411,0.520391245833333,3.421,0.521438113055556,3.411
0.520718048055556,3.411,0.520669201388889,3.421,0.521716296111111,3.411
0.520995568888889,3.411,0.520947142777778,3.421,0.521994347777778,3.411
0.521273255277778,3.411,0.521224885277778,3.421,0.522272328888889,3.411
0.5215512425,3.411,0.5215027625,3.421,0.522549716388889,3.411
0.521829127222222,3.411,0.521780105833333,3.421,0.522827948888889,3.411
0.522106939722222,3.411,0.522058238055556,3.421,0.523105779722222,3.411
0.522384686388889,3.411,0.522336084722222,3.411,0.523383551666667,3.411
0.522662308333333,3.411,0.5226138675,3.411,0.523661513055556,3.411
0.522940155,3.411,0.522891574722222,3.421,0.523939238611111,3.411
0.523218044166667,3.411,0.523169229722222,3.421,0.524217013611111,3.411
0.523495713333333,3.411,0.523446988333333,3.411,0.524495046388889,3.411
0.523773808888889,3.411,0.523724771666667,3.421,0.524772663611111,3.411
0.524051602777778,3.411,0.524002794722222,3.421,0.525050710555556,3.411
0.524329366388889,3.411,0.5242804525,3.421,0.525328422777778,3.411
0.524607415,3.411,0.524558226944444,3.421,0.525606274722222,3.411
0.524885120555556,3.411,0.524836182222222,3.411,0.525884210833333,3.411
0.525162921944444,3.411,0.525114111944444,3.421,0.526162207777778,3.411
0.525440679444445,3.411,0.525392119444444,3.421,0.526440041666667,3.411
0.525718390555556,3.411,0.5256699525,3.411,0.526718044444444,3.411
0.525996235555556,3.411,0.525947520555556,3.421,0.526995988333333,3.411
0.526274016388889,3.411,0.526225858333333,3.421,0.527273567222222,3.411
0.526551832222222,3.411,0.5265036975,3.421,0.527551803055555,3.411
0.526829635,3.411,0.526781374166667,3.421,0.527829457777778,3.411
0.527107481388889,3.411,0.527059013333333,3.421,0.528107153888889,3.411
0.527385515277778,3.411,0.527337123888889,3.421,0.528384751111111,3.411
0.527663521388889,3.411,0.527614514444445,3.421,0.528662995555556,3.411
0.52794137,3.411,0.5278928175,3.421,0.528940543611111,3.411
0.528219135,3.411,0.52817073,3.421,0.529218635277778,3.411
0.528496910277778,3.411,0.528448531388889,3.421,0.529496712222222,3.411
0.528774650833333,3.411,0.528726002777778,3.421,0.529774365833333,3.411
0.529052180277778,3.411,0.529004373888889,3.421,0.530052212777778,3.411
0.529330133888889,3.411,0.529281801388889,3.421,0.530330403888889,3.411
0.529608230833333,3.411,0.529559795,3.411,0.530607878055556,3.411
0.529886503888889,3.411,0.529837538611111,3.421,0.530885554722222,3.411
0.530164298888889,3.411,0.530115723333333,3.421,0.531163886111111,3.411
0.530442232222222,3.421,0.530393068333333,3.411,0.531441829722222,3.411
0.53072,3.411,0.530671341944444,3.411,0.531719660555556,3.411
0.5309976775,3.411,0.530949001666667,3.421,0.531997598333333,3.411
0.531275423333333,3.411,0.531227405833333,3.411,0.532275461944444,3.411
0.531553407222222,3.411,0.531505136111111,3.421,0.532553886111111,3.411
0.531831314444444,3.411,0.531782864166667,3.411,0.532831360555556,3.411
0.532109156388889,3.411,0.532060825555556,3.421,0.533109349444444,3.411
0.532386786666667,3.411,0.532338865,3.421,0.5333877225,3.411
0.532664563055556,3.411,0.532616998333333,3.411,0.533665787777778,3.411
0.532942330833333,3.411,0.532895069444444,3.411,0.533943859444444,3.411
0.533220648055556,3.411,0.533173045277778,3.421,0.534221866388889,3.411
0.533498569722222,3.411,0.533451029166667,3.421,0.534499250277778,3.411
0.533776501111111,3.411,0.533728923333333,3.411,0.534777227777778,3.411
0.534054219722222,3.421,0.534006814166667,3.421,0.535054896388889,3.411
0.534332121944444,3.411,0.534284689166667,3.421,0.5353328925,3.411
0.534609904444444,3.411,0.534562379166667,3.421,0.535610546388889,3.411
0.534887509444444,3.411,0.534840380277778,3.421,0.535888365,3.411
0.535165379166667,3.411,0.5351181625,3.421,0.536166155555556,3.411
0.535443375555556,3.421,0.535395981666667,3.421,0.536443803611111,3.411
0.535720857777778,3.411,0.535673649444445,3.421,0.536721759166667,3.411
0.53599872,3.411,0.535951496388889,3.421,0.536999658611111,3.411
0.536276724444444,3.411,0.536229286666667,3.421,0.537277565833333,3.411
0.536554706944444,3.421,0.536507187222222,3.421,0.537555276944444,3.411
0.536832590555556,3.411,0.536785070555556,3.421,0.537832701388889,3.411
0.537110363611111,3.421,0.537063175,3.411,0.538110950555556,3.411
0.537388427222222,3.411,0.537340939444444,3.421,0.538389036111111,3.411
0.537666451388889,3.411,0.53761879,3.421,0.538666565277778,3.411
0.537944156111111,3.411,0.5378964275,3.421,0.538944855,3.411
0.538222225277778,3.421,0.538173929722222,3.421,0.5392225525,3.411
0.5384999425,3.411,0.538452231666667,3.421,0.539500526666667,3.411
0.538777752777778,3.411,0.538730179166667,3.421,0.539778215277778,3.411
0.539055534166667,3.421,0.539007919444444,3.421,0.540055976666667,3.411
0.539333504444444,3.411,0.539285786944444,3.421,0.540333832777778,3.411
0.539611356944445,3.411,0.539563865,3.421,0.540611480833333,3.411
0.539889176111111,3.411,0.539841629444444,3.411,0.540889479722222,3.411
0.540167049166667,3.411,0.540119237777778,3.411,0.541167325277778,3.411
0.540444751388889,3.421,0.540397128333333,3.421,0.541444709166667,3.411
0.540722693333333,3.411,0.540674981944444,3.421,0.541722850277778,3.411
0.54100084,3.411,0.540952843611111,3.421,0.542000430555556,3.411
0.541278717777778,3.411,0.541230810833333,3.421,0.542278401388889,3.411
0.541556801666667,3.411,0.541508895833333,3.421,0.542556261666667,3.411
0.541834795555556,3.411,0.541786267777778,3.421,0.542834200833333,3.411
0.542112584444444,3.411,0.542064351944444,3.421,0.543111915277778,3.411
0.5423903675,3.411,0.542342225555556,3.421,0.543389756388889,3.411
0.542668629722222,3.411,0.542620173611111,3.421,0.5436677175,3.411
0.542946205277778,3.411,0.542898004166667,3.421,0.5439460025,3.411
0.543223996111111,3.411,0.543175763888889,3.421,0.5442238475,3.411
0.543502069722222,3.411,0.543453463611111,3.421,0.544501650555556,3.411
0.543780043055555,3.411,0.543731155833333,3.421,0.544779596111111,3.411
0.544058038888889,3.411,0.544008669166667,3.421,0.54505732,3.411
0.544335833611111,3.411,0.544286715,3.421,0.545335065555556,3.411
0.544613863611111,3.411,0.544564361944444,3.421,0.5456129325,3.411
0.544891595,3.411,0.544842117777778,3.421,0.5458909725,3.411
0.545169143055556,3.421,0.545119898888889,3.421,0.546168696666667,3.411
0.545447091111111,3.411,0.5453980875,3.421,0.546446260555556,3.411
0.545725003611111,3.421,0.545675629444444,3.421,0.546724057777778,3.411
0.546003148611111,3.421,0.54595376,3.421,0.547001766388889,3.411
0.546281305277778,3.411,0.546231559444444,3.421,0.547279658333333,3.411
0.546559154166667,3.411,0.546509351666667,3.421,0.547557527777778,3.411
0.546836843611111,3.411,0.546786706111111,3.421,0.547835750555556,3.411
0.547114369166667,3.411,0.547065043611111,3.421,0.548113699722222,3.411
0.547392396111111,3.411,0.547343068333333,3.421,0.548391544722222,3.411
0.547670361111111,3.411,0.547620936111111,3.421,0.548669204444444,3.411
0.547948145277778,3.411,0.547898921666667,3.421,0.548947221111111,3.411
0.548226015555556,3.411,0.548176724444444,3.421,0.549224917222222,3.411
0.548503823055556,3.421,0.548454273055556,3.421,0.549502799444444,3.411
0.548781914444444,3.411,0.548732236111111,3.421,0.549780581388889,3.411
0.549059363333333,3.411,0.549010088611111,3.421,0.550058675555556,3.411
0.549337088888889,3.411,0.549288158333333,3.421,0.550336469722222,3.411
0.549615253055555,3.411,0.549566195,3.421,0.550614313055556,3.411
0.549893258333333,3.411,0.549844068611111,3.421,0.550891985833333,3.411
0.550171217222222,3.421,0.550121911388889,3.421,0.5511701025,3.411
0.550449242222222,3.411,0.550399491388889,3.421,0.551447958611111,3.411
0.550727408333333,3.411,0.550677298055556,3.421,0.551725900555556,3.411
0.551005201944444,3.411,0.550955507777778,3.421,0.552004231111111,3.411
0.551282850833333,3.411,0.551233225277778,3.421,0.552282111388889,3.411
0.551560788888889,3.411,0.551511067222222,3.421,0.552559612777778,3.411
0.551838251944444,3.411,0.551788663611111,3.421,0.552837448888889,3.411
0.552116181944444,3.411,0.552067001388889,3.421,0.553115481666667,3.411
0.552394085277778,3.421,0.552344503888889,3.421,0.553393404444444,3.411
0.552671931111111,3.421,0.552622627777778,3.421,0.553671554166667,3.411
0.552949815833333,3.411,0.552900248611111,3.421,0.553949475833333,3.411
0.553227834722222,3.411,0.553178278055556,3.421,0.554227209166667,3.411
0.553505530833333,3.411,0.553455866111111,3.421,0.554505247222222,3.411
0.553783018333333,3.421,0.553734005277778,3.421,0.554783194166667,3.411
0.554060792222222,3.421,0.554011751944444,3.421,0.555060881666667,3.411
0.554338734722222,3.421,0.554289595555556,3.421,0.555338630555556,3.411
0.554616391666667,3.411,0.554567403333333,3.421,0.555616347222222,3.411
0.554894275,3.411,0.554845228333333,3.421,0.555893885277778,3.411
0.555172089166667,3.411,0.555123001944444,3.421,0.556171766388889,3.411
0.555450183055555,3.411,0.555400497777778,3.421,0.556449550277778,3.411
0.555727690833333,3.411,0.555678373333333,3.421,0.556727832222222,3.411
0.556005895,3.411,0.555956448888889,3.421,0.557005417777778,3.411
0.55628366,3.411,0.556234111666667,3.421,0.557283278055556,3.411
0.556561735277778,3.411,0.556512156944444,3.421,0.557561186944444,3.411
0.556839820555556,3.421,0.556790330277778,3.421,0.557838899166667,3.411
0.557117742222222,3.411,0.557068131111111,3.421,0.558116301111111,3.411
0.557395913611111,3.411,0.5573459,3.421,0.558394250833333,3.411
0.557673954722222,3.411,0.557624078333333,3.421,0.558672079444444,3.411
0.557951760833333,3.421,0.557901751388889,3.421,0.558950168888889,3.411
0.558229624166667,3.411,0.5581796425,3.421,0.559227824444444,3.411
0.558508005833333,3.411,0.558457282222222,3.421,0.559505963611111,3.411
0.558785456111111,3.411,0.558734946944444,3.421,0.559783839444444,3.411
0.559063235277778,3.421,0.559013126388889,3.421,0.560061650277778,3.411
0.559341241666667,3.411,0.559290956388889,3.421,0.560339526666667,3.411
0.559619439444444,3.411,0.559568894166667,3.421,0.560617250833333,3.411
0.559896964166667,3.421,0.559846400833333,3.421,0.560894838055556,3.411
0.560174896388889,3.411,0.560124965555556,3.421,0.5611728125,3.411
0.560452586388889,3.411,0.560402470833333,3.421,0.561450769722222,3.411
0.560730463055556,3.411,0.560680419444444,3.421,0.561728690555556,3.411
0.561008627222222,3.411,0.560958150277778,3.421,0.562007144166667,3.411
0.561286301944445,3.421,0.561236384722222,3.421,0.562284730555556,3.411
0.561563885833333,3.411,0.561513997222222,3.421,0.562562816388889,3.411
0.561841929722222,3.411,0.5617918125,3.421,0.562840543055556,3.411
0.562119531666667,3.411,0.562069397222222,3.421,0.5631185,3.411
0.562397548888889,3.421,0.562347470833333,3.421,0.563396024444444,3.411
0.562675286666667,3.411,0.562625208611111,3.421,0.563673888611111,3.411
0.562953049722222,3.411,0.562903189166667,3.421,0.563951831944444,3.411
0.563230909166667,3.411,0.563180833888889,3.421,0.564229609444444,3.411
0.5635087525,3.421,0.563458829166667,3.421,0.564507418611111,3.411
0.563786256111111,3.411,0.563736423333333,3.421,0.564785274722222,3.411
0.564064446666667,3.421,0.564014636111111,3.421,0.565062985555556,3.411
0.5643422575,3.421,0.564292154444444,3.421,0.565341181666667,3.411
0.564620276944444,3.421,0.564570342777778,3.421,0.565619120277778,3.411
0.564898143333333,3.411,0.564848276111111,3.421,0.565897063611111,3.411
0.565175817222222,3.411,0.565126029166667,3.421,0.566174636944444,3.411
0.565453479444444,3.421,0.565403936388889,3.421,0.566452399166667,3.411
0.565731317777778,3.421,0.565681792222222,3.421,0.566730191944444,3.411
0.566009029166667,3.421,0.565959830555556,3.421,0.567008343888889,3.411
0.566286523055555,3.411,0.566237596944444,3.421,0.567285746944444,3.411
0.566564861388889,3.421,0.566515381388889,3.421,0.567564053055556,3.411
0.566842627222222,3.421,0.566793176388889,3.421,0.567841662222222,3.411
0.567120485555555,3.421,0.567071055833333,3.421,0.568119322777778,3.411
0.567398368611111,3.411,0.567348716388889,3.421,0.568396931666667,3.411
0.567676041666667,3.421,0.567626682222222,3.421,0.568675201111111,3.411
0.567954006388889,3.421,0.5679046575,3.421,0.568952691944444,3.411
0.568231750277778,3.421,0.568182584444444,3.421,0.569230458333333,3.411
0.568510056666667,3.421,0.568460487222222,3.421,0.569508239166667,3.411
0.568787618888889,3.421,0.568738328055556,3.421,0.569786302222222,3.411
0.569065510555556,3.421,0.569015868611111,3.421,0.5700641575,3.411
0.5693432725,3.421,0.5692939675,3.421,0.570342044166667,3.411
0.569620932222222,3.411,0.569572134166667,3.421,0.570620171111111,3.411
0.569898871944444,3.421,0.569849894444444,3.421,0.570897988611111,3.411
0.570176760833333,3.411,0.570127626944444,3.421,0.571175843055556,3.411
0.5704543025,3.411,0.570405503888889,3.421,0.571453795,3.411
0.570732498611111,3.411,0.570683230833333,3.421,0.571731450833333,3.411
0.571010725555556,3.411,0.570960989722222,3.421,0.572009300833333,3.411
0.571288413333333,3.421,0.571239078055556,3.421,0.572287218055555,3.411
0.571566036666667,3.411,0.571516400555556,3.421,0.572565447777778,3.411
0.571844076944444,3.421,0.571794606111111,3.421,0.572842944722222,3.411
0.5721215525,3.421,0.572072246944444,3.421,0.573120795,3.411
0.572399641388889,3.411,0.572350354722222,3.421,0.573398819444444,3.411
0.572677204444444,3.411,0.572627815277778,3.421,0.573676569722222,3.411
0.572955276388889,3.421,0.572906179722222,3.421,0.573954447222222,3.411
0.573232975555556,3.411,0.573184158333333,3.421,0.574232195833333,3.411
0.573510731666667,3.421,0.573462091944444,3.421,0.574510329166667,3.411
0.573788680555556,3.411,0.5737397525,3.421,0.574788442222222,3.411
0.5740666125,3.421,0.5740179375,3.421,0.575066096944444,3.411
0.574344309444444,3.411,0.574295586666667,3.421,0.575344091666667,3.411
0.574622438333333,3.411,0.574573466388889,3.421,0.575622020555556,3.411
0.574900187777778,3.411,0.574850967222222,3.421,0.575899969444444,3.411
0.5751784525,3.421,0.575129137222222,3.421,0.576177946111111,3.411
0.575456000277778,3.421,0.575406598333333,3.421,0.576455848611111,3.411
0.575734173333333,3.411,0.575684458333333,3.421,0.576733793888889,3.411
0.576011814722222,3.421,0.575962480833333,3.421,0.577011593888889,3.411
0.576289705833333,3.411,0.576240283333333,3.421,0.577289293611111,3.411
0.576567420833333,3.421,0.576518125,3.421,0.577567159722222,3.411
0.576845152777778,3.421,0.576796048611111,3.421,0.577844705277778,3.411
0.577122923055556,3.421,0.577073496111111,3.421,0.578122780833333,3.411
0.577400799444444,3.421,0.577351653611111,3.421,0.578400840277778,3.411
0.577678176388889,3.411,0.577629776944444,3.421,0.578678505555556,3.411
0.577956528888889,3.411,0.577907264722222,3.421,0.578956481388889,3.411
0.578234538333333,3.421,0.578185585,3.421,0.579234608611111,3.411
0.578512908888889,3.421,0.578463258888889,3.421,0.579512226666667,3.411
0.578790764166667,3.411,0.578741293888889,3.421,0.579790390277778,3.411
0.579068883055555,3.421,0.579019361388889,3.421,0.580067945,3.411
0.579346404722222,3.421,0.579297225833333,3.421,0.580345775277778,3.411
0.579624011111111,3.421,0.579575266111111,3.421,0.580624030833333,3.411
0.579902136388889,3.421,0.579853009166667,3.421,0.580901578055556,3.411
0.5801796925,3.421,0.580131054722222,3.421,0.581179507222222,3.411
0.5804578275,3.411,0.580408866944444,3.421,0.581457639444445,3.411
0.580735602777778,3.421,0.580686464722222,3.421,0.581735342777778,3.411
0.581013168888889,3.421,0.580964324722222,3.421,0.582013029722222,3.411
0.581290941111111,3.421,0.581242213611111,3.421,0.582290916111111,3.411
0.581569211111111,3.411,0.581520009166667,3.421,0.582568770833333,3.411
0.581847083888889,3.411,0.581797824722222,3.421,0.5828461875,3.411
0.582125226666667,3.421,0.5820757875,3.421,0.583124210833333,3.411
0.582403138333333,3.411,0.582353344444444,3.421,0.583401656111111,3.411
0.582680916944444,3.421,0.582631218055556,3.421,0.583679405277778,3.411
0.582958721944444,3.421,0.582908795277778,3.421,0.58395723,3.411
0.583237222777778,3.421,0.583186706111111,3.421,0.584235193888889,3.411
0.583514613888889,3.411,0.58346439,3.421,0.5845127525,3.411
0.583792872777778,3.421,0.583742207777778,3.421,0.584791094166667,3.411
0.584070348333333,3.411,0.584020119166667,3.421,0.585068837222222,3.411
0.584348051388889,3.421,0.584297791944445,3.421,0.585346869444444,3.411
0.584625983888889,3.411,0.584575695833333,3.421,0.585624762222222,3.411
0.5849034275,3.421,0.584853531388889,3.421,0.585902621666667,3.411
0.5851818275,3.421,0.585131150277778,3.421,0.5861799375,3.411
0.585459399166667,3.421,0.585408948611111,3.421,0.586458023611111,3.411
0.585737515833333,3.421,0.585687019166667,3.421,0.586735658611111,3.411
0.586015404722222,3.421,0.585964895,3.421,0.587013548055556,3.411
0.586293669166667,3.421,0.586242584722222,3.421,0.587291493888889,3.411
0.586571516388889,3.421,0.586520051944444,3.421,0.587569403888889,3.411
0.5868498,3.411,0.586798361666667,3.421,0.58784745,3.411
0.587127807777778,3.421,0.587076205833333,3.421,0.588125221111111,3.411
0.587405823888889,3.421,0.587353903888889,3.421,0.588403125555556,3.411
0.587683441111111,3.421,0.587631936388889,3.421,0.588681223333333,3.411
0.587961446944444,3.421,0.587909720277778,3.421,0.588958810277778,3.411
0.5882394775,3.421,0.588187803333333,3.421,0.589236731111111,3.411
0.588517264444444,3.421,0.588465326944444,3.421,0.589514452777778,3.411
0.588794992222222,3.411,0.5887433525,3.421,0.589791994444445,3.411
0.589072304166667,3.411,0.589020955833333,3.421,0.590070124166667,3.411
0.589350559444444,3.421,0.589298918611111,3.421,0.590347730555556,3.411
0.5896283625,3.421,0.589576970277778,3.421,0.590625558055555,3.411
0.589905999444444,3.411,0.589854632222222,3.421,0.590903401388889,3.411
0.590183810277778,3.421,0.590132660555556,3.421,0.5911810275,3.411
0.590461719444444,3.421,0.590410025,3.421,0.591458933333333,3.411
0.590739663611111,3.421,0.590687881666667,3.421,0.591736706111111,3.411
0.591017435277778,3.421,0.590965917777778,3.421,0.592014337222222,3.411
0.591295284444444,3.421,0.591243702222222,3.421,0.592291905555556,3.411
0.591572887222222,3.421,0.591521189166667,3.421,0.592570161388889,3.411
0.591850791388889,3.411,0.591799207222222,3.421,0.592848388055556,3.411
0.5921286575,3.421,0.592077067222222,3.421,0.593126139166667,3.411
0.592406569166667,3.411,0.592354840555556,3.421,0.593403608888889,3.411
0.592684331944444,3.421,0.592632563055556,3.421,0.593681661944444,3.411
0.592962176666667,3.421,0.592910145833333,3.421,0.593959359722222,3.411
0.593240383055556,3.421,0.5931880775,3.421,0.594237218055556,3.411
0.593517867222222,3.411,0.593465780277778,3.421,0.594515005277778,3.411
0.593795814444445,3.421,0.593743801111111,3.421,0.594792746944445,3.411
0.594073863055556,3.421,0.5940218025,3.421,0.595070473055555,3.411
0.5943515225,3.421,0.594299560833333,3.421,0.595348286111111,3.411
0.594629397777778,3.421,0.5945769725,3.421,0.595626531388889,3.411
0.594906929722222,3.421,0.594855251944444,3.421,0.595904371666667,3.411
0.595184947777778,3.421,0.595133022777778,3.421,0.596182479166667,3.411
0.595462557777778,3.421,0.5954111375,3.421,0.596460153888889,3.411
0.5957405425,3.421,0.595689318055556,3.421,0.596738144444445,3.411
0.596017979722222,3.421,0.595967069722222,3.421,0.597015761388889,3.411
0.596295830555556,3.421,0.596244802222222,3.421,0.597294076944444,3.411
0.596573871111111,3.421,0.5965224175,3.421,0.597571959444445,3.411
0.596851460555556,3.421,0.596800010277778,3.421,0.597849898333333,3.411
0.597129340833333,3.421,0.597078241666667,3.421,0.598127281666667,3.411
0.597406991666667,3.421,0.597355758611111,3.421,0.598405176111111,3.411
0.597684572222222,3.411,0.597633797222222,3.421,0.5986834875,3.411
0.5979625775,3.411,0.597911468333333,3.421,0.598960742777778,3.411
0.598240503055556,3.421,0.598189521666667,3.421,0.599238977222222,3.411
0.598518231666667,3.421,0.598467298888889,3.421,0.599516851388889,3.411
0.598795981388889,3.421,0.598745379444444,3.421,0.599794543055556,3.411
0.599074197222222,3.421,0.599023295277778,3.421,0.600072395555556,3.411
0.5993520525,3.421,0.599301149444444,3.421,0.600350172222222,3.411
0.599629984444444,3.421,0.599579191388889,3.421,0.600628148888889,3.411
0.5999075375,3.421,0.599856936388889,3.421,0.600905710833333,3.411
0.6001854575,3.421,0.600134994166667,3.421,0.6011832425,3.421
0.600462989444444,3.421,0.600413102777778,3.421,0.601461314166667,3.411
0.600741128333333,3.421,0.600690975555556,3.421,0.601739534722222,3.411
0.601019129444444,3.421,0.600968864166667,3.421,0.602017688611111,3.411
0.601296862777778,3.421,0.601246919444444,3.421,0.602295515277778,3.411
0.601574569722222,3.421,0.601524885277778,3.421,0.602573341944444,3.411
0.601852770833333,3.421,0.601802289722222,3.421,0.602851265833333,3.411
0.602130728055556,3.421,0.602080245833333,3.421,0.603129128611111,3.411
0.602408597777778,3.421,0.602358145833333,3.421,0.603406925277778,3.411
0.602686400555556,3.421,0.602636115555556,3.421,0.603684525555556,3.411
0.602964412222222,3.421,0.602913758611111,3.421,0.603962456944445,3.411
0.603242217222222,3.421,0.603191555277778,3.421,0.604240280277778,3.411
0.603519781388889,3.421,0.603469577777778,3.421,0.604518238055555,3.411
0.603797715,3.421,0.603747313888889,3.421,0.604796023055556,3.411
0.604075473055556,3.421,0.604025171388889,3.421,0.605074066388889,3.411
0.604353605555556,3.421,0.604303206944444,3.421,0.605351830833333,3.411
0.604631162777778,3.421,0.604581065277778,3.421,0.605629855277778,3.411
0.6049091325,3.421,0.604859410277778,3.421,0.605907445277778,3.411
0.605186556388889,3.421,0.605137209722222,3.421,0.606185423055556,3.411
0.605464746666667,3.421,0.605415120555556,3.421,0.606463293888889,3.411
0.605742886666667,3.421,0.605692826388889,3.421,0.6067408575,3.411
0.606020922222222,3.421,0.605970403333333,3.421,0.607018856388889,3.421
0.606298950555556,3.421,0.606248410555556,3.421,0.607296981944444,3.411
0.606576352777778,3.421,0.606526585277778,3.421,0.607574951944444,3.411
0.606854238333333,3.421,0.606803904166667,3.421,0.607852895,3.411
0.607132036666667,3.421,0.607082100833333,3.421,0.60813076,3.411
0.607410196388889,3.421,0.607359719722222,3.421,0.608408429722222,3.411
0.607687912777778,3.421,0.607637273611111,3.421,0.608686583333333,3.411
0.607965703333333,3.421,0.607915021666667,3.421,0.608964623888889,3.411
0.608243534722222,3.421,0.608193155,3.421,0.609242818611111,3.411
0.608521281944444,3.421,0.6084708625,3.421,0.609520485833333,3.411
0.608799309166667,3.421,0.6087487825,3.421,0.609798273888889,3.411
0.609077212777778,3.421,0.609026470833333,3.421,0.610076120833333,3.411
0.609355276944444,3.421,0.609304145277778,3.421,0.610353545277778,3.411
0.609633032777778,3.421,0.609582312777778,3.421,0.610631571666667,3.411
0.609910791388889,3.421,0.609859752777778,3.421,0.610909468055556,3.411
0.6101884675,3.421,0.610138217777778,3.421,0.611186943055556,3.411
0.610466352777778,3.421,0.6104160725,3.421,0.6114650125,3.411
0.6107439725,3.421,0.610693793888889,3.421,0.611742925833333,3.411
0.611021517222222,3.421,0.610971641111111,3.421,0.612020550277778,3.411
0.611299623055556,3.421,0.611249385277778,3.421,0.612298250833333,3.411
0.611577677222222,3.421,0.611527245277778,3.421,0.612576123055556,3.411
0.611855503333333,3.421,0.611805035833333,3.421,0.6128538875,3.421
0.612133492222222,3.421,0.612083064722222,3.421,0.613131562777778,3.411
0.6124114625,3.421,0.612360725555556,3.421,0.6134097125,3.411
0.612689418611111,3.421,0.612638656111111,3.421,0.613687386388889,3.411
0.612967246666667,3.421,0.612916570833333,3.421,0.613965446944444,3.411
0.613244904444444,3.421,0.613194426111111,3.421,0.614243456666667,3.411
0.613522688888889,3.421,0.613472471388889,3.421,0.614521090833333,3.411
0.613800216666667,3.421,0.613750096666667,3.421,0.614799067777778,3.411
0.614078311111111,3.421,0.614027988333333,3.421,0.615077120555556,3.411
0.614355986111111,3.421,0.6143061275,3.421,0.615354998611111,3.411
0.614633795555556,3.421,0.6145838225,3.421,0.615632725833333,3.411
0.614911638333333,3.421,0.614861727222222,3.421,0.615910503611111,3.411
0.615189376388889,3.421,0.6151397625,3.421,0.616188442777778,3.411
0.615466836666667,3.421,0.615417700277778,3.421,0.616466303333333,3.411
0.615744897777778,3.421,0.615695496111111,3.421,0.616743998055556,3.411
0.616022397777778,3.421,0.615973207222222,3.421,0.617022145833333,3.411
0.6163005075,3.421,0.616250868611111,3.421,0.617299725,3.411
0.616578650277778,3.421,0.616528865555556,3.421,0.617577847777778,3.411
0.616856416944444,3.421,0.616806510555556,3.421,0.617855591388889,3.411
0.617134047222222,3.421,0.617084868611111,3.421,0.618133436111111,3.411
0.617412248333333,3.421,0.617362627222222,3.421,0.618411203888889,3.411
0.617689904722222,3.421,0.617640613611111,3.421,0.618688996111111,3.421
0.6179677,3.421,0.6179185375,3.421,0.618966754722222,3.411
0.618245544722222,3.421,0.618196305,3.421,0.619244365,3.411
0.618523221111111,3.421,0.618473986388889,3.421,0.619522290833333,3.411
0.618801091111111,3.421,0.618751715,3.421,0.619800175277778,3.411
0.619078641944444,3.421,0.619029913055556,3.421,0.620078113055556,3.411
0.619356621944444,3.421,0.619307714444444,3.421,0.620355608888889,3.421
0.6196343075,3.421,0.6195852875,3.421,0.620633439444444,3.411
0.619912131666667,3.421,0.619863413888889,3.421,0.620911422777778,3.411
0.620189877222222,3.411,0.620140973611111,3.421,0.621189147777778,3.411
0.620467603888889,3.421,0.620419360277778,3.421,0.621467505,3.421
0.620745616666667,3.421,0.620697240555556,3.421,0.621745278888889,3.411
0.621022886111111,3.421,0.620975048888889,3.421,0.622023155277778,3.411
0.621301333888889,3.421,0.621252618055556,3.421,0.622300816666667,3.421
0.621579020555556,3.421,0.621530995555555,3.421,0.622579035833333,3.411
0.621856956666667,3.421,0.621808786944444,3.421,0.622856588611111,3.411
0.622134745,3.421,0.622087005277778,3.421,0.623134711388889,3.411
0.622412316111111,3.421,0.622364915,3.421,0.623412886944444,3.411
0.622690216388889,3.421,0.622643131111111,3.421,0.623690948611111,3.411
0.622967832777778,3.421,0.622920821944444,3.421,0.623968766388889,3.411
0.6232459575,3.421,0.623198749444445,3.421,0.624246068055555,3.411
0.62352398,3.421,0.623476726666667,3.421,0.624524188333333,3.411
0.623801945555556,3.421,0.623754454722222,3.421,0.624801590833333,3.411
0.624079796388889,3.421,0.624032531666667,3.421,0.625079739722222,3.411
0.624357801666667,3.421,0.6243104025,3.421,0.625357479166667,3.411
0.624635403055556,3.421,0.624588361666667,3.421,0.625635322777778,3.411
0.624913345,3.421,0.624866241111111,3.421,0.625912970833333,3.411
0.625190943333333,3.421,0.625143931111111,3.421,0.626190482777778,3.421
0.625468794722222,3.421,0.6254220275,3.421,0.626468973888889,3.411
0.625746676111111,3.421,0.625699980555556,3.421,0.626746873055556,3.411
0.626024422777778,3.421,0.625977759444444,3.421,0.627024672777778,3.421
0.626302369444444,3.421,0.626255819444444,3.421,0.627302335277778,3.411
0.626579913611111,3.421,0.626533782777778,3.421,0.627580261666667,3.411
0.626857968055556,3.421,0.626811313888889,3.421,0.6278581925,3.411
0.627135757777778,3.421,0.627089550555556,3.421,0.628135749722222,3.411
0.627413825833333,3.421,0.627367474444444,3.421,0.628413263888889,3.411
0.627691505277778,3.421,0.6276453675,3.421,0.628691463611111,3.411
0.627969412777778,3.421,0.627923356388889,3.421,0.628969175833333,3.421
0.628247426111111,3.421,0.628201269722222,3.421,0.629246870277778,3.411
0.628525252222222,3.421,0.628479179444445,3.421,0.629524651666667,3.411
0.628803285833333,3.421,0.628756896111111,3.421,0.629802886111111,3.411
0.629081049444444,3.421,0.629034755,3.421,0.6300806075,3.421
0.629359006666667,3.421,0.629312243611111,3.421,0.630358196666667,3.411
0.629636979722222,3.421,0.629590412777778,3.421,0.630636247222222,3.411
0.629914434166667,3.421,0.629868034166667,3.421,0.630914069722222,3.421
0.630192481388889,3.421,0.630145973611111,3.421,0.631192188333333,3.421
0.630470303611111,3.421,0.630423827222222,3.421,0.631469900555556,3.411
0.630748024166667,3.421,0.630701755555556,3.421,0.631748016388889,3.411
0.631025885277778,3.421,0.630979444444444,3.421,0.632025767222222,3.411
0.631303591388889,3.421,0.631257417777778,3.421,0.632303684166667,3.411
0.631581282222222,3.421,0.631534742777778,3.421,0.632581653055556,3.411
0.631859482222222,3.421,0.631813109166667,3.421,0.632859243888889,3.411
0.632137074166667,3.421,0.632090587222222,3.421,0.633137218333333,3.421
0.632414916111111,3.421,0.632368703333333,3.421,0.633415006944445,3.421
0.632692692777778,3.421,0.632646482777778,3.421,0.633692696111111,3.411
0.632970221944444,3.421,0.632924239166667,3.421,0.633970490555556,3.411
0.633248223888889,3.421,0.633201772777778,3.421,0.634248056388889,3.411
0.633525967777778,3.421,0.633479516388889,3.421,0.634526216111111,3.411
0.633803793055556,3.421,0.633757339722222,3.421,0.634804145555556,3.411
0.634081382222222,3.421,0.634035318055556,3.421,0.635081775,3.421
0.634359120555556,3.421,0.634313366944444,3.421,0.635359640277778,3.421
0.634637148888889,3.421,0.634591684722222,3.421,0.635637401666667,3.411
0.634914928611111,3.421,0.634869553888889,3.421,0.635915252222222,3.411
0.635192628055556,3.421,0.635147725555556,3.421,0.6361930575,3.421
0.635470424166667,3.421,0.635425358888889,3.421,0.636470456666667,3.421
0.635748365277778,3.421,0.635703551944445,3.421,0.636748694722222,3.411
0.636026163888889,3.421,0.63598133,3.421,0.637026184444444,3.411
0.636304064166667,3.421,0.636258838055556,3.421,0.637304296388889,3.421
0.636581794444445,3.421,0.636536689722222,3.421,0.637582258055555,3.411
0.636859726111111,3.421,0.636814495277778,3.421,0.637860145277778,3.411
0.637137558333333,3.421,0.637092446944444,3.421,0.638138028888889,3.411
0.637415611111111,3.421,0.637369996944445,3.421,0.638415733888889,3.411
0.637693159166667,3.421,0.637648081388889,3.421,0.638693636666667,3.421
0.637970933888889,3.421,0.637925856944444,3.421,0.63897146,3.421
0.638248712222222,3.421,0.6382038075,3.421,0.639249268055555,3.411
0.638526516388889,3.421,0.638481963888889,3.421,0.639527144722222,3.421
0.638804343611111,3.421,0.638759765277778,3.421,0.639805106111111,3.411
0.6390819425,3.421,0.639037594444444,3.421,0.640082469722222,3.411
0.639360016666667,3.421,0.639315393611111,3.421,0.640360530555556,3.421
0.639637905555556,3.421,0.639593179444444,3.421,0.640638469444444,3.411
0.639915919444444,3.421,0.639870805,3.421,0.640916395833333,3.421
0.640193689166667,3.421,0.6401486475,3.421,0.64119438,3.411
0.640471258611111,3.421,0.64042652,3.421,0.641472186111111,3.421
0.640749554444444,3.421,0.640704020555556,3.421,0.641750110555556,3.411
0.6410271475,3.421,0.640982063055555,3.421,0.642027899166667,3.411
0.641305216944444,3.421,0.6412598625,3.421,0.642305829166667,3.421
0.641582916666667,3.421,0.641537748611111,3.421,0.642583563333333,3.411
0.641860800277778,3.421,0.641815365555556,3.421,0.642861042777778,3.411
0.642138323888889,3.421,0.642093180833333,3.421,0.643139183055556,3.411
0.642416377222222,3.421,0.642370962777778,3.421,0.643416630833333,3.411
0.642694062222222,3.421,0.642648738333333,3.421,0.643695060833333,3.411
0.642972495555556,3.421,0.642926516944444,3.421,0.643972869444444,3.411
0.643250251388889,3.421,0.643204540555556,3.421,0.644250588055556,3.411
0.643528033888889,3.421,0.643482585555555,3.421,0.6445284025,3.411
0.6438058775,3.421,0.643760528611111,3.421,0.644806193333333,3.421
0.644083357777778,3.421,0.644038296666667,3.421,0.645083665277778,3.411
0.644361231944445,3.421,0.644316157222222,3.421,0.645361569166667,3.411
0.644639111388889,3.421,0.644594012222222,3.421,0.645639555,3.411
0.644917083055556,3.421,0.644871681944444,3.421,0.645917476388889,3.411
0.645194950555556,3.421,0.645149725,3.421,0.6461951575,3.421
0.645472910833333,3.421,0.645427575833333,3.421,0.646473090833333,3.421
0.645750757777778,3.421,0.645705527222222,3.421,0.646750992222222,3.421
0.646028606666667,3.421,0.6459829675,3.421,0.647028848333333,3.411
0.646306199444444,3.421,0.646260996944444,3.421,0.6473066475,3.411
0.646584335555556,3.421,0.646538343888889,3.421,0.647584385555556,3.421
0.646862102777778,3.421,0.646816295833333,3.421,0.647862205833333,3.411
0.647139885555555,3.421,0.647094406388889,3.421,0.648140235277778,3.411
0.647417795833333,3.421,0.647372105,3.421,0.648418221388889,3.411
0.647695444444444,3.421,0.647649941388889,3.421,0.648696546388889,3.411
0.647973332777778,3.421,0.647927671388889,3.421,0.648974220555556,3.421
0.648251036388889,3.421,0.648205471944444,3.421,0.64925244,3.411
0.648528725555556,3.421,0.6484833025,3.421,0.649530234166667,3.421
0.648806706944445,3.421,0.648760781666667,3.421,0.649808018611111,3.421
0.649084407777778,3.421,0.649038838888889,3.421,0.650085941944444,3.421
0.649362065833333,3.421,0.649316508333333,3.421,0.650363445833333,3.421
0.649639854166667,3.421,0.649594240833333,3.421,0.650641520833333,3.411
0.649917611666667,3.421,0.649872048055556,3.421,0.650919360555556,3.411
0.6501952125,3.421,0.650149930277778,3.421,0.651197148333333,3.411
0.650473305833333,3.421,0.650427658888889,3.421,0.651475163611111,3.411
0.6507509725,3.421,0.650705489444444,3.421,0.651752688611111,3.421
0.6510287475,3.421,0.650983099722222,3.421,0.652030929722222,3.411
0.651306557777778,3.421,0.651260940277778,3.421,0.652308445277778,3.411
0.651584328611111,3.421,0.651538832777778,3.421,0.652586476666667,3.411
0.651862101111111,3.421,0.651817110277778,3.421,0.652864368333333,3.411
0.652139837777778,3.421,0.652094921666667,3.421,0.653142240833333,3.421
0.652417545,3.421,0.652372721388889,3.421,0.653419878611111,3.421
0.6526954075,3.421,0.652650318333333,3.421,0.653697736944444,3.411
0.652973272222222,3.421,0.652928596666667,3.421,0.6539751875,3.421
0.653250959444444,3.421,0.653206110833333,3.421,0.654253309444444,3.421
0.653528836388889,3.421,0.653484269166667,3.421,0.654531174722222,3.411
0.653806738055556,3.421,0.653761706944444,3.421,0.654808999166667,3.411
0.654084631666667,3.421,0.654039992777778,3.421,0.655086880277778,3.421
0.654362663611111,3.421,0.654318092222222,3.421,0.655364765,3.411
0.654640675833333,3.421,0.654595938611111,3.421,0.655642486666667,3.411
0.654918148055555,3.421,0.654873478611111,3.421,0.655920278611111,3.421
0.655196298888889,3.421,0.655151603333333,3.421,0.656197968888889,3.421
0.655474136111111,3.421,0.655429266111111,3.421,0.656475823611111,3.421
0.655751524444445,3.421,0.655706981111111,3.421,0.656753815277778,3.411
0.656029296666667,3.421,0.655984814444444,3.421,0.657031624166667,3.421
0.656307421944444,3.421,0.656262309722222,3.421,0.657309631388889,3.411
0.656585176944444,3.421,0.656540534166667,3.421,0.65758759,3.411
0.65686289,3.421,0.656818532777778,3.421,0.657865376388889,3.411
0.657140681388889,3.421,0.657096065555555,3.421,0.658143231111111,3.411
0.657418655277778,3.421,0.657374090555556,3.421,0.658421163888889,3.421
0.657696034166667,3.421,0.657651818888889,3.421,0.658698783055556,3.421
0.657973881666667,3.421,0.657929826944444,3.421,0.658976665555555,3.421
0.658252379722222,3.421,0.658207565277778,3.421,0.659254371388889,3.411
0.658529824722222,3.421,0.658485543333333,3.421,0.659532128055556,3.421
0.658807946111111,3.421,0.658763541944444,3.421,0.659810428055556,3.421
0.659085805555556,3.421,0.659041411666667,3.421,0.660088618333333,3.421
0.659363370555555,3.421,0.659319237777778,3.421,0.660366009444444,3.421
0.659641336111111,3.421,0.659597170555556,3.421,0.660644398611111,3.421
0.659919071666667,3.421,0.659874899444444,3.421,0.660922220833333,3.421
0.660196858611111,3.421,0.660152759166667,3.421,0.661200029166667,3.421
0.660474613055556,3.421,0.660431036388889,3.421,0.661478382222222,3.411
0.660752395,3.421,0.660708725555555,3.421,0.661756105277778,3.421
0.661030171111111,3.421,0.660986606388889,3.421,0.662033968888889,3.421
0.661308114166667,3.421,0.661264178888889,3.421,0.662311649722222,3.421
0.661585767222222,3.421,0.661542456388889,3.421,0.662589661944444,3.411
0.661863653888889,3.421,0.661820269722222,3.421,0.662868107222222,3.421
0.662141308611111,3.421,0.662098110277778,3.421,0.663145814444444,3.421
0.662419094722222,3.421,0.662375623611111,3.421,0.663423795,3.421
0.662696558333333,3.421,0.662653639444444,3.421,0.663701622777778,3.411
0.662974700277778,3.421,0.662931704722222,3.421,0.663979551944444,3.421
0.663252391944444,3.421,0.663209854166667,3.421,0.664257576388889,3.421
0.663529914722222,3.421,0.663487539722222,3.421,0.664535260833333,3.411
0.663807957222222,3.421,0.663765397222222,3.421,0.664813112777778,3.421
0.664085954166667,3.421,0.664043172777778,3.421,0.6650907025,3.421
0.664363841388889,3.421,0.664320940833333,3.421,0.665368771388889,3.421
0.664641606666667,3.421,0.664598684722222,3.421,0.665646442222222,3.421
0.664919433055555,3.421,0.664876503333333,3.421,0.665924710277778,3.421
0.665197266388889,3.421,0.665154206944444,3.421,0.666202755833333,3.411
0.665475306388889,3.421,0.665432050555556,3.421,0.666480479722222,3.411
0.665753355277778,3.421,0.665709786666667,3.421,0.666758453333333,3.421
0.666031231111111,3.421,0.665987316388889,3.421,0.667036336666667,3.411
0.666308767777778,3.421,0.666265645277778,3.421,0.667314041666667,3.421
0.666586825277778,3.421,0.666543536944444,3.421,0.667591888055556,3.421
0.666864743611111,3.421,0.666821371666667,3.421,0.6678696525,3.421
0.667142607222222,3.421,0.667099246111111,3.421,0.668147544444444,3.411
0.667420228055556,3.421,0.667376710555555,3.421,0.668425369444444,3.421
0.667698070277778,3.421,0.66765487,3.421,0.668703307222222,3.421
0.667976199444444,3.421,0.667932551944444,3.421,0.668981087222222,3.421
0.668254230555556,3.421,0.668210393055556,3.421,0.669259010555555,3.421
0.6685323275,3.421,0.668488087222222,3.421,0.669536592777778,3.421
0.668810144722222,3.421,0.668765911388889,3.421,0.669814280555555,3.421
0.6690882175,3.421,0.669043716111111,3.421,0.670091919444444,3.421
0.669366170833333,3.421,0.669321935833333,3.421,0.670370081111111,3.411
0.669643824444444,3.421,0.669599196111111,3.421,0.67064804,3.411
0.6699216575,3.421,0.669877401666667,3.421,0.670925738611111,3.411
0.670199269444444,3.421,0.670154751944445,3.421,0.671203774166667,3.421
0.670477240555556,3.421,0.670433073888889,3.421,0.671481653611111,3.421
0.670755103888889,3.421,0.670710721666667,3.421,0.6717598025,3.421
0.671032680833333,3.421,0.670988804722222,3.421,0.672037481666667,3.421
0.671310999166667,3.421,0.671266513055556,3.421,0.672315476388889,3.421
0.671588745,3.421,0.671544340833333,3.421,0.672593485277778,3.421
0.671866786111111,3.421,0.671821676666667,3.421,0.672871412777778,3.421
0.672144610277778,3.421,0.672099948055556,3.421,0.673149161666667,3.421
0.672422416111111,3.421,0.672377851944444,3.421,0.673427138888889,3.411
0.672699938888889,3.421,0.672655716111111,3.421,0.673704654166667,3.421
0.672977915277778,3.421,0.672933823888889,3.421,0.673982847777778,3.421
0.6732556225,3.421,0.673211593055556,3.421,0.674261083611111,3.421
0.673533202222222,3.421,0.673489716944444,3.421,0.674538879722222,3.421
0.673811488888889,3.421,0.673767664166667,3.421,0.674816784166667,3.411
0.674089816111111,3.421,0.674045355277778,3.421,0.675094828611111,3.421
0.674367650555556,3.421,0.67432313,3.421,0.675372120833333,3.421
0.674645394166667,3.421,0.674601051944444,3.421,0.675650369722222,3.421
0.674923228888889,3.421,0.674878728611111,3.421,0.675927960555556,3.421
0.675201028333333,3.421,0.675156610277778,3.421,0.676205930277778,3.421
0.675478811666667,3.421,0.675434459166667,3.421,0.676483753333333,3.421
0.675756585,3.421,0.675712484166667,3.421,0.676761704166667,3.421
0.676034706111111,3.421,0.675990166388889,3.421,0.677039171666667,3.421
0.676312125833333,3.421,0.676267851666667,3.421,0.677316951666667,3.421
0.676590129444445,3.421,0.676545729444444,3.421,0.677594764444444,3.421
0.676868099166667,3.421,0.676823438055556,3.421,0.677872850833333,3.421
0.677145371388889,3.421,0.677101368055556,3.421,0.678150655,3.421
0.677423416388889,3.421,0.677378926944444,3.421,0.678428329444444,3.421
0.677701410833333,3.421,0.677656956111111,3.421,0.67870646,3.421
0.677979027777778,3.421,0.677934835277778,3.421,0.678984203055556,3.421
0.678257023611111,3.421,0.678212620555556,3.421,0.679262036944444,3.421
0.678535121111111,3.421,0.678490774166667,3.421,0.679540136944444,3.421
0.678812903055556,3.421,0.678768543055556,3.421,0.679817921666667,3.421
0.679090677777778,3.421,0.679046430277778,3.421,0.680095752222222,3.421
0.679368681111111,3.421,0.679324364444444,3.421,0.680373564722222,3.421
0.679646301666667,3.421,0.679602439444444,3.421,0.680651194166667,3.421
0.679924133611111,3.421,0.679880200277778,3.421,0.680928815,3.411
0.6802019325,3.421,0.680157844722222,3.421,0.681206970555555,3.421
0.680479697222222,3.421,0.680435718055556,3.421,0.681484956388889,3.421
0.680757247222222,3.421,0.680713668888889,3.421,0.681762859444444,3.421
0.681035185,3.421,0.680991491111111,3.421,0.682040549166667,3.421
0.681313331666667,3.421,0.681269276944445,3.421,0.682318383888889,3.421
0.681591004444444,3.421,0.681546978611111,3.421,0.682596086388889,3.421
0.681868539166667,3.421,0.681824975833333,3.421,0.682874405555556,3.421
0.68214662,3.421,0.682102629166667,3.421,0.683152043055556,3.421
0.682424676388889,3.421,0.68238052,3.421,0.683429707222222,3.411
0.682702575833333,3.421,0.682658276111111,3.421,0.683707992777778,3.421
0.682980564166667,3.421,0.682936090555556,3.421,0.683985689444444,3.421
0.683258373888889,3.421,0.683213561388889,3.421,0.684263449722222,3.421
0.683536618611111,3.421,0.683491418888889,3.421,0.684540855833333,3.421
0.683814441944445,3.421,0.683769278611111,3.421,0.684818969166667,3.421
0.684092478888889,3.421,0.684047161111111,3.421,0.685096835833333,3.421
0.684370044166667,3.421,0.6843251,3.421,0.685374677777778,3.411
0.684648203055556,3.421,0.684603154166667,3.421,0.685652455277778,3.421
0.684925852222222,3.421,0.684881100555556,3.421,0.685930234444444,3.421
0.685204108888889,3.421,0.685158725,3.421,0.686208111111111,3.411
0.685481555555556,3.421,0.685436451388889,3.421,0.686486101944444,3.421
0.685759604722222,3.421,0.685714561111111,3.421,0.686764036111111,3.411
0.686037538888889,3.421,0.685992383055556,3.421,0.687042106666667,3.421
0.686315380277778,3.421,0.686270317777778,3.421,0.687319973055556,3.421
0.686593441111111,3.421,0.686548225555556,3.421,0.687597759722222,3.421
0.686871429444444,3.421,0.686826555,3.421,0.687875603888889,3.421
0.687149512222222,3.421,0.687104083888889,3.421,0.688153805277778,3.421
0.687427411388889,3.421,0.687382050277778,3.421,0.688431653611111,3.421
0.687705256666667,3.421,0.687659855833333,3.421,0.688709445,3.421
0.687982995555556,3.421,0.687938025,3.421,0.688987227222222,3.421
0.688260458055556,3.421,0.688215895277778,3.421,0.689264706944444,3.421
0.688538475555555,3.421,0.688493975833333,3.421,0.689542771111111,3.421
0.688816380555555,3.421,0.688771964166667,3.421,0.689820196944444,3.421
0.689094151666667,3.421,0.689049890833333,3.421,0.690098305555556,3.421
0.689371903055556,3.421,0.689327739444444,3.421,0.690376109444444,3.421
0.689649689444444,3.421,0.689605551944445,3.421,0.690653894166667,3.421
0.6899274075,3.421,0.689883506388889,3.421,0.690931553333333,3.421
0.690205255555555,3.421,0.690161452222222,3.421,0.691209339166667,3.421
0.690482910555556,3.421,0.690439489722222,3.421,0.691487161666667,3.421
0.690760589722222,3.421,0.690717375277778,3.421,0.691765010555556,3.421
0.691038590555555,3.421,0.690994865833333,3.421,0.692042771111111,3.421
0.691316369166667,3.421,0.691272948055556,3.421,0.692320542777778,3.421
0.691594146666667,3.421,0.691550845,3.421,0.692598272777778,3.421
0.6918718775,3.421,0.691828427222222,3.421,0.692876290833333,3.421
0.692149820555556,3.421,0.692106461111111,3.421,0.693154400833333,3.421
0.692427721944444,3.421,0.692384486111111,3.421,0.693432490277778,3.421
0.692705475555556,3.421,0.692662488888889,3.421,0.693710111944444,3.421
0.692982873055556,3.421,0.692939982222222,3.421,0.693988026111111,3.411
0.693260854166667,3.421,0.693217735,3.421,0.694266052222222,3.421
0.693538506388889,3.421,0.693495759444444,3.421,0.694544076388889,3.421
0.693816601388889,3.421,0.693773178611111,3.421,0.6948220075,3.421
0.694094459444444,3.421,0.694051376388889,3.421,0.695100039722222,3.421
0.694372291111111,3.421,0.694329281944444,3.421,0.695378205277778,3.421
0.694650147222222,3.421,0.694607055277778,3.421,0.695656225555556,3.421
0.694927831111111,3.421,0.694884891111111,3.421,0.695933679166667,3.421
0.695205728055556,3.421,0.695162514166667,3.421,0.696211615833333,3.421
0.695483825833333,3.421,0.695440329166667,3.421,0.696489499166667,3.421
0.695761758333333,3.421,0.695718227222222,3.421,0.696767166111111,3.421
0.696039726388889,3.421,0.695995794722222,3.421,0.6970450725,3.421
0.696317384444444,3.421,0.696273746388889,3.421,0.697322709166667,3.421
0.696595935277778,3.421,0.696551489166667,3.421,0.697600613333333,3.421
0.696873463611111,3.421,0.696829295277778,3.421,0.697878339444444,3.421
0.697151181111111,3.421,0.697107070555556,3.421,0.698156236388889,3.421
0.697429153333333,3.421,0.697385091666667,3.431,0.698433808055556,3.421
0.697706507777778,3.421,0.697662536666667,3.421,0.698711678055556,3.421
0.697984825833333,3.421,0.697940601388889,3.421,0.698989241388889,3.421
0.698262881388889,3.421,0.698218562222222,3.421,0.699267560555556,3.421
0.698540738888889,3.421,0.698496479722222,3.421,0.699545232777778,3.421
0.698818475,3.421,0.698774017777778,3.421,0.699823033888889,3.421
0.699096224722222,3.421,0.699051693611111,3.421,0.700101065277778,3.421
0.699374101944444,3.421,0.699329590833333,3.421,0.700378840833333,3.421
0.6996522575,3.421,0.699607631111111,3.421,0.700656846666667,3.421
0.699929995,3.421,0.699885105833333,3.421,0.700934681666667,3.421
0.700208040555556,3.421,0.700163151111111,3.421,0.701212411666667,3.421
0.700485810833333,3.421,0.7004406025,3.421,0.701490715833333,3.421
0.700763516944444,3.421,0.700718716944444,3.421,0.701768696111111,3.421
0.701041360277778,3.421,0.700996669444444,3.421,0.7020467125,3.421
0.701319138611111,3.421,0.7012746725,3.421,0.702324521944444,3.421
0.701596951111111,3.421,0.701552015555555,3.421,0.702602143611111,3.421
0.7018750075,3.421,0.701830174444444,3.421,0.702880416111111,3.421
0.702152434722222,3.421,0.702107976111111,3.421,0.7031580175,3.421
0.702430644722222,3.421,0.702386074722222,3.421,0.703435962222222,3.421
0.7027082525,3.421,0.702664210277778,3.421,0.703713762777778,3.421
0.7029864625,3.421,0.702942166111111,3.421,0.703991442777778,3.421
0.703264199722222,3.421,0.703219853888889,3.421,0.704269640833333,3.421
0.70354192,3.421,0.703497727222222,3.421,0.704547620555556,3.421
0.703819702777778,3.421,0.703775399722222,3.421,0.704825183888889,3.421
0.704097392222222,3.421,0.7040535975,3.421,0.705103116111111,3.421
0.704375539444444,3.421,0.704331148333333,3.421,0.70538047,3.421
0.704653107222222,3.421,0.704609385,3.421,0.705658510555556,3.421
0.704930979166667,3.421,0.704887368333333,3.421,0.705936373055556,3.421
0.705208826111111,3.421,0.705164947777778,3.421,0.706214232777778,3.421
0.705486761388889,3.421,0.7054431375,3.421,0.706491697777778,3.421
0.705764344722222,3.421,0.7057208725,3.421,0.706769835,3.421
0.706042029722222,3.421,0.705998729722222,3.421,0.707047842777778,3.421
0.706319865277778,3.421,0.706276478888889,3.421,0.707325750833333,3.421
0.706597716666667,3.421,0.706554285555556,3.421,0.707603979166667,3.421
0.706875801666667,3.421,0.706832063055556,3.421,0.707881661111111,3.421
0.707153262777778,3.421,0.707109864166667,3.421,0.7081595375,3.421
0.707431143055556,3.421,0.707387393611111,3.421,0.708437522777778,3.421
0.707709018888889,3.421,0.707665039166667,3.421,0.708715175277778,3.421
0.707986944444444,3.421,0.707942890833333,3.421,0.708993288333333,3.421
0.708264566111111,3.421,0.708221055,3.421,0.709271176388889,3.421
0.708542668333333,3.421,0.708499263888889,3.421,0.709548871944444,3.421
0.708820426944444,3.421,0.708777153888889,3.421,0.709826894722222,3.421
0.709098446388889,3.421,0.709054891666667,3.421,0.710104623333333,3.421
0.709376193611111,3.421,0.709332336944445,3.431,0.7103824675,3.421
0.709654113611111,3.421,0.709610506111111,3.421,0.710660680277778,3.421
0.709931485,3.421,0.709888458333333,3.421,0.710938458055556,3.421
0.710209883055556,3.421,0.710166368611111,3.431,0.711216352777778,3.421
0.710487787222222,3.421,0.710444269722222,3.421,0.711494323333333,3.421
0.710765579166667,3.421,0.710722439444444,3.421,0.711771932222222,3.421
0.711042984444444,3.421,0.711000066111111,3.421,0.712049926111111,3.421
0.711321244722222,3.421,0.711278141666667,3.421,0.712327873333333,3.421
0.711598999722222,3.421,0.711556386111111,3.421,0.712605646388889,3.421
0.711876807777778,3.421,0.711834033888889,3.421,0.712883506666667,3.421
0.712154635277778,3.421,0.712112293888889,3.421,0.713161463055556,3.421
0.7124320325,3.421,0.712390218888889,3.421,0.713439373888889,3.421
0.7127099275,3.421,0.712668156944444,3.421,0.713717171111111,3.421
0.712988078888889,3.421,0.712946045,3.421,0.7139951275,3.421
0.713265972777778,3.421,0.713224087222222,3.421,0.714273176666667,3.421
0.7135437575,3.421,0.7135015075,3.421,0.714550945555556,3.421
0.713821995833333,3.421,0.713779200277778,3.421,0.7148286275,3.421
0.714099643888889,3.421,0.714057456388889,3.421,0.715106949444444,3.421
0.714377808055556,3.421,0.714335418333333,3.421,0.715384498611111,3.421
0.714655346111111,3.421,0.714613285,3.421,0.715662399444444,3.421
0.7149332625,3.421,0.714891033888889,3.421,0.715940649444444,3.421
0.715211199444444,3.421,0.715168741388889,3.421,0.716218416111111,3.421
0.715489382777778,3.421,0.715446960555556,3.431,0.7164966425,3.421
0.7157670725,3.421,0.715725355277778,3.421,0.716774591388889,3.421
0.716044939166667,3.421,0.716003372222222,3.421,0.717052321388889,3.421
0.716322630555556,3.421,0.716281154722222,3.421,0.717330048611111,3.421
0.716600543888889,3.421,0.716558629444444,3.421,0.717607714166667,3.421
0.716877938611111,3.421,0.716836949166667,3.421,0.717885935277778,3.421
0.717156126111111,3.421,0.71711446,3.431,0.718163695277778,3.421
0.717434101666667,3.421,0.717392175,3.421,0.718441633055556,3.421
0.717711474722222,3.421,0.717670030833333,3.421,0.718719803333333,3.421
0.717989596944444,3.421,0.717948003611111,3.421,0.718997743888889,3.421
0.718267384166667,3.421,0.718225575833333,3.421,0.719275220277778,3.421
0.718545256388889,3.421,0.718503394444444,3.421,0.7195537325,3.421
0.718823150555556,3.421,0.718781175,3.421,0.719831621388889,3.421
0.719101138611111,3.421,0.719059091944445,3.421,0.720109446944444,3.421
0.7193787425,3.421,0.719336924722222,3.421,0.720387201944444,3.421
0.7196564975,3.421,0.719614501111111,3.421,0.720665011666667,3.421
0.7199342375,3.421,0.7198920425,3.421,0.720942786944444,3.421
0.72021215,3.421,0.720170281388889,3.421,0.721220534722222,3.421
0.720490413055556,3.421,0.720447966388889,3.421,0.721498471944444,3.421
0.720767886111111,3.421,0.720725748333333,3.431,0.721776327777778,3.421
0.721046075555556,3.421,0.721003405555556,3.421,0.722054041388889,3.421
0.721323757777778,3.421,0.721281351111111,3.421,0.722331575277778,3.421
0.721601649722222,3.421,0.721558928055556,3.421,0.722609747777778,3.421
0.721879638333333,3.421,0.721836709722222,3.421,0.722887981944444,3.421
0.722157566944444,3.421,0.722114675,3.421,0.723166149722222,3.421
0.7224351275,3.421,0.722392296944445,3.421,0.723443869166667,3.421
0.722712909722222,3.421,0.722670218888889,3.421,0.723721834722222,3.421
0.722990723611111,3.421,0.722947766944445,3.421,0.723999838888889,3.421
0.723268591666667,3.421,0.723225580555556,3.421,0.724277401388889,3.421
0.723546346388889,3.421,0.723503481944444,3.431,0.724555228333333,3.421
0.723824298611111,3.421,0.7237811525,3.431,0.724833203055556,3.421
0.724102131666667,3.421,0.7240589575,3.431,0.725110963611111,3.421
0.724379897777778,3.421,0.724336695,3.421,0.725388536388889,3.421
0.724657682777778,3.421,0.724614385833333,3.421,0.725666440555556,3.421
0.724935176944445,3.421,0.7248923975,3.421,0.725944399166667,3.421
0.725213295,3.421,0.725169795555556,3.431,0.726222380833333,3.421
0.725491384444444,3.421,0.725447891111111,3.431,0.726500213333333,3.421
0.725769163055555,3.421,0.725725781111111,3.421,0.726778213333333,3.421
0.726046836944444,3.421,0.7260035425,3.421,0.727056046666667,3.421
0.726324656388889,3.421,0.726281138888889,3.421,0.727333931388889,3.421
0.726602391944444,3.421,0.726559131388889,3.421,0.727611786666667,3.421
0.726880636944444,3.421,0.726836715833333,3.421,0.727889350277778,3.421
0.727158462222222,3.421,0.727114391666667,3.421,0.728167418333333,3.421
0.727436393055556,3.421,0.727392261944444,3.421,0.728445538333333,3.421
0.727714042222222,3.421,0.727670208611111,3.421,0.728723321388889,3.421
0.727991801944444,3.421,0.727948214444444,3.431,0.729001102222222,3.421
0.728269682222222,3.421,0.728226133055556,3.421,0.729278916666667,3.421
0.728547377777778,3.421,0.728504036111111,3.431,0.729556812777778,3.421
0.728825182777778,3.421,0.728781940833333,3.421,0.729834457222222,3.421
0.7291033425,3.421,0.729059821944444,3.421,0.730112638611111,3.421
0.729381307222222,3.421,0.729337616666667,3.431,0.730390454166667,3.421
0.729659056388889,3.421,0.729615314444444,3.431,0.730668576388889,3.421
0.7299369175,3.421,0.729893171388889,3.431,0.730946345277778,3.421
0.730214842222222,3.421,0.730170781388889,3.431,0.731224133055556,3.421
0.730492729444444,3.421,0.730448710277778,3.431,0.731501588055556,3.421
0.7307705375,3.421,0.730726413055556,3.431,0.731780168611111,3.421
0.731048195,3.421,0.731004254444444,3.431,0.732058084166667,3.421
0.7313259525,3.421,0.731282016944444,3.421,0.7323360625,3.421
0.731603741666667,3.421,0.731559805,3.421,0.732614116388889,3.421
0.731881609444444,3.421,0.731837596666667,3.431,0.732891988888889,3.421
0.732159372777778,3.421,0.732115363888889,3.421,0.733169941666667,3.421
0.732437316666667,3.421,0.732393506944444,3.421,0.733447758888889,3.421
0.732715435555556,3.421,0.732671413888889,3.421,0.7337255525,3.421
0.732993133888889,3.421,0.732949244444444,3.421,0.734003479722222,3.421
0.73327106,3.421,0.733226986111111,3.421,0.734281505833333,3.421
0.733548771111111,3.421,0.733504809166667,3.421,0.734559225833333,3.421
0.733826554444444,3.421,0.733782756111111,3.421,0.734837459166667,3.421
0.734104428055556,3.421,0.734060903888889,3.431,0.735115189166667,3.421
0.734382023333333,3.421,0.734338805,3.431,0.735393131111111,3.421
0.734660133055556,3.421,0.734616608055556,3.421,0.735670809722222,3.421
0.7349376475,3.421,0.7348945425,3.431,0.735949064722222,3.421
0.7352153725,3.421,0.735172569166667,3.431,0.736227371666667,3.421
0.735493658333333,3.421,0.735450132222222,3.421,0.736504973888889,3.421
0.7357713475,3.421,0.735728323611111,3.421,0.736782980555555,3.421
0.736048691111111,3.421,0.736006021388889,3.421,0.737060741111111,3.421
0.736326638611111,3.421,0.736284061666667,3.431,0.737338700555556,3.421
0.73660476,3.421,0.736561550555556,3.421,0.737616771388889,3.421
0.7368823575,3.421,0.736839350555556,3.431,0.737894888055556,3.421
0.737160098333333,3.421,0.737117235,3.421,0.738172884166667,3.421
0.737438045,3.421,0.737395355833333,3.421,0.7384508375,3.421
0.737715362222222,3.421,0.737673114444444,3.421,0.73872878,3.421
0.737993538611111,3.421,0.737950821944444,3.431,0.739006660277778,3.421
0.738271472777778,3.421,0.738228731111111,3.431,0.739284349166667,3.421
0.738549406388889,3.421,0.738506129166667,3.431,0.739562375833333,3.421
0.738827536388889,3.421,0.738784425277778,3.431,0.739839901111111,3.421
0.739105148888889,3.421,0.739061868333333,3.421,0.740117880555556,3.421
0.739382931666667,3.421,0.7393398125,3.421,0.740395543888889,3.421
0.739660443611111,3.421,0.739617671388889,3.421,0.740673578611111,3.421
0.739938214722222,3.421,0.739895426944444,3.421,0.740951287222222,3.421
0.740216200833333,3.421,0.740173431666667,3.431,0.741229228055556,3.421
0.740494213055556,3.421,0.740451421111111,3.431,0.741507121666667,3.421
0.740772189722222,3.421,0.740729434444444,3.421,0.741785414722222,3.421
0.741049802777778,3.421,0.741007294444444,3.421,0.742063458888889,3.421
0.741327848055556,3.421,0.741285061111111,3.431,0.742340922222222,3.421
0.741605584166667,3.421,0.7415630375,3.431,0.742618973333333,3.421
0.7418838425,3.421,0.741840758055556,3.431,0.742896706388889,3.421
0.742161383333333,3.421,0.742118418611111,3.421,0.743174628888889,3.421
0.742439504166667,3.421,0.742396199444444,3.431,0.743452631111111,3.421
0.742717332777778,3.421,0.742673948611111,3.421,0.743730631388889,3.421
0.742995101388889,3.421,0.742951733611111,3.431,0.744008785833333,3.421
0.743273027777778,3.421,0.743229524722222,3.431,0.744286674444445,3.421
0.74355064,3.421,0.743507250277778,3.431,0.744564458333333,3.421
0.743828676944444,3.421,0.743785205277778,3.431,0.744842436944444,3.421
0.744106614444444,3.431,0.744062958055556,3.421,0.745120250555556,3.421
0.744384152222222,3.421,0.744340922777778,3.421,0.745398051111111,3.421
0.744661944722222,3.421,0.744618828055556,3.421,0.745675801111111,3.421
0.744939978611111,3.431,0.744896985833333,3.431,0.745953674166667,3.421
0.745217729444444,3.421,0.745174993888889,3.431,0.746231823888889,3.421
0.745495290833333,3.421,0.745453215555556,3.421,0.746509809444444,3.421
0.745773279722222,3.421,0.745731026944444,3.421,0.746787490833333,3.421
0.746051211111111,3.421,0.746008936944444,3.421,0.747065466388889,3.421
0.746329125555556,3.421,0.746286723611111,3.431,0.747343471111111,3.421
0.746606867222222,3.421,0.746564659444445,3.431,0.747621272222222,3.421
0.746884652222222,3.421,0.746842603055555,3.421,0.747899052777778,3.421
0.7471621525,3.421,0.747120338055556,3.421,0.748176300277778,3.421
0.747440365833333,3.421,0.747398273055556,3.431,0.748454249722222,3.421
0.747718439166667,3.421,0.747675974166667,3.421,0.748732116944444,3.421
0.747996549722222,3.421,0.7479537825,3.421,0.7490100825,3.421
0.748274285,3.421,0.748231478888889,3.431,0.749287955,3.421
0.748552050833333,3.421,0.748509407222222,3.421,0.749565860833333,3.421
0.748830082222222,3.431,0.748786985277778,3.431,0.749843830277778,3.421
0.749108025,3.421,0.749064856666667,3.431,0.750122096944445,3.421
0.749385566388889,3.421,0.749342295833333,3.431,0.750399884722222,3.421
0.7496632675,3.421,0.749620454722222,3.431,0.750677612777778,3.421
0.749941211388889,3.431,0.749898122777778,3.421,0.750955212777778,3.421
0.750219105277778,3.421,0.750176059444444,3.431,0.751232884722222,3.421
0.750497231944444,3.421,0.750453773055555,3.431,0.751510822777778,3.421
0.750774538055555,3.421,0.750731456944444,3.421,0.751788796944444,3.421
0.751052862777778,3.421,0.751009455555556,3.431,0.752066665833333,3.421
0.751330808055556,3.421,0.751287479166667,3.421,0.752344891388889,3.421
0.751608600277778,3.421,0.751565463055556,3.431,0.752622650833333,3.421
0.751886641944444,3.421,0.751843418333333,3.431,0.752900545,3.421
0.752164290833333,3.421,0.752120868055555,3.431,0.753178481666667,3.421
0.752442057777778,3.421,0.752399263333333,3.431,0.753456261388889,3.421
0.752719768333333,3.421,0.752677054166667,3.431,0.753734069166667,3.421
0.752997308888889,3.421,0.752955213055556,3.421,0.754012033888889,3.421
0.753275836111111,3.421,0.753233063888889,3.421,0.754289539166667,3.421
0.753553458333333,3.421,0.753511020277778,3.431,0.7545676625,3.421
0.753831231388889,3.421,0.753788692222222,3.421,0.754845663611111,3.421
0.754109188333333,3.421,0.754066645277778,3.421,0.755122971388889,3.421
0.75438696,3.421,0.754344755833333,3.431,0.755401136944444,3.421
0.754665032777778,3.421,0.7546227425,3.431,0.755678900277778,3.421
0.754943060833333,3.421,0.754900608333333,3.431,0.755956676944444,3.421
0.755220682777778,3.421,0.755178395,3.431,0.756234456111111,3.421
0.755498571111111,3.421,0.755456178888889,3.431,0.756512670277778,3.421
0.75577634,3.421,0.755734115,3.431,0.756790509166667,3.421
0.756054256944445,3.431,0.756011843333333,3.431,0.757068342222222,3.421
0.756332309444445,3.421,0.756289643611111,3.431,0.757346213888889,3.421
0.756609793611111,3.421,0.756567063888889,3.431,0.757624084444444,3.421
0.756887674444444,3.421,0.756845277777778,3.431,0.757901775833333,3.421
0.757165361388889,3.421,0.757123082777778,3.431,0.758179329722222,3.421
0.757443451111111,3.421,0.757400981944444,3.431,0.758457396944444,3.421
0.757721251111111,3.421,0.757678343888889,3.431,0.758735198055556,3.421
0.757999026388889,3.421,0.757956575833333,3.421,0.759012693055556,3.421
0.758276723333333,3.421,0.758234210555556,3.431,0.7592909975,3.421
0.758554660277778,3.421,0.758512076944444,3.431,0.759568940555556,3.421
0.758832322222222,3.431,0.758789791111111,3.431,0.7598465525,3.421
0.759110280833333,3.421,0.759067661388889,3.431,0.760124293888889,3.421
0.759388043333333,3.421,0.759345461111111,3.431,0.7604020325,3.421
0.759665786666667,3.421,0.759623159166667,3.431,0.760680204722222,3.421
0.759943711666667,3.421,0.759901110833333,3.431,0.760957773333333,3.421
0.760221740555555,3.421,0.760179058055556,3.431,0.761236131111111,3.421
0.760499559722222,3.421,0.760456985,3.431,0.761514106111111,3.421
0.760777351944445,3.421,0.760734611666667,3.421,0.761791977777778,3.421
0.761055207777778,3.421,0.7610127475,3.431,0.762069573055556,3.421
0.761332949722222,3.421,0.761290471388889,3.431,0.762347568333333,3.421
0.761610715,3.421,0.761567808333333,3.431,0.762625361388889,3.421
0.761888496944444,3.421,0.761846109722222,3.431,0.762902676111111,3.421
0.762166403888889,3.431,0.762123674444444,3.431,0.763180806666667,3.421
0.762444274444444,3.431,0.762401764722222,3.421,0.763458266388889,3.421
0.762722024444444,3.431,0.762679468888889,3.431,0.763736213333333,3.421
0.763000035277778,3.421,0.762957636944444,3.431,0.764013955,3.421
0.763277911944444,3.421,0.763235589444444,3.431,0.764292114166667,3.421
0.7635555575,3.421,0.763513372222222,3.431,0.764570051944444,3.421
0.763833656388889,3.431,0.7637912325,3.431,0.764847531944444,3.421
0.764111701666667,3.421,0.764068878611111,3.431,0.765125673333333,3.421
0.7643895075,3.421,0.764346681944444,3.431,0.765403506111111,3.421
0.764667156111111,3.421,0.7646245325,3.431,0.765681291388889,3.421
0.764945048888889,3.421,0.764902570555556,3.431,0.765959233611111,3.421
0.765222859444444,3.421,0.765180605555556,3.431,0.766236990555555,3.421
0.765500926111111,3.421,0.765458550833333,3.431,0.766515113055556,3.421
0.765778735555556,3.421,0.765735958055556,3.431,0.766792801944444,3.421
0.766056725555556,3.421,0.766014118333333,3.431,0.767070738611111,3.421
0.766334403611111,3.421,0.766291853055555,3.431,0.767348464166667,3.421
0.766612161944444,3.421,0.766569951388889,3.431,0.767626442777778,3.421
0.766890002222222,3.421,0.766847739722222,3.421,0.767904056388889,3.421
0.767167693611111,3.421,0.767125791666667,3.431,0.768182121944444,3.421
0.767445382222222,3.421,0.767403258333333,3.431,0.768459995833333,3.421
0.767723418888889,3.421,0.767681526111111,3.431,0.7687376275,3.421
0.768001462222222,3.421,0.767959047777778,3.431,0.769015736111111,3.421
0.76827911,3.421,0.7682369725,3.431,0.769293668333333,3.421
0.768556831944444,3.421,0.768514781111111,3.431,0.769571713611111,3.421
0.768834738888889,3.431,0.768792798055556,3.431,0.769849638055556,3.421
0.769112575277778,3.431,0.769070818055556,3.431,0.7701276975,3.421
0.769390593333333,3.421,0.769348823611111,3.431,0.770405624166667,3.421
0.769668472222222,3.421,0.769627186111111,3.431,0.770683425833333,3.421
0.769945929444445,3.421,0.769905074722222,3.431,0.770960773611111,3.421
0.770223703333333,3.431,0.770183286111111,3.431,0.7712385375,3.421
0.770501825833333,3.421,0.770460823055556,3.431,0.771516699722222,3.421
0.7707796125,3.421,0.770738866944444,3.431,0.771794549444444,3.421
0.771057536944444,3.421,0.771016750833333,3.431,0.772072601666667,3.421
0.771335015,3.421,0.771294813611111,3.431,0.772350332222222,3.421
0.771612876111111,3.421,0.771572753611111,3.421,0.772628513611111,3.421
0.771890460277778,3.421,0.771850766944444,3.431,0.77290638,3.421
0.772168432777778,3.431,0.7721286075,3.431,0.773184345833333,3.421
0.772446506388889,3.421,0.772406757222222,3.421,0.773461866666667,3.421
0.772724031944445,3.421,0.772684725833333,3.431,0.773740025,3.421
0.773002183888889,3.431,0.772962635277778,3.431,0.774017498611111,3.421
0.77327986,3.431,0.7732404675,3.421,0.774295565833333,3.421
0.773558003888889,3.421,0.773518509166667,3.421,0.774573304722222,3.421
0.773835846944444,3.421,0.773796293888889,3.431,0.774851091111111,3.421
0.774113429722222,3.421,0.774074329166667,3.421,0.775128861666667,3.421
0.774391488888889,3.421,0.774352034722222,3.421,0.775407181944444,3.421
0.774669612777778,3.421,0.77463023,3.431,0.775685026944444,3.421
0.774947578611111,3.421,0.77490791,3.431,0.775962396111111,3.421
0.775225406944445,3.421,0.775186120277778,3.431,0.776240708333333,3.421
0.775503290555556,3.421,0.775464233611111,3.421,0.776518563611111,3.421
0.775781088888889,3.421,0.775742228333333,3.431,0.776796035,3.421
0.776058867777778,3.431,0.776020279722222,3.431,0.777074381666667,3.421
0.776336664166667,3.421,0.776297858055556,3.431,0.777352316388889,3.421
0.776614243055556,3.431,0.776575849166667,3.431,0.777630607222222,3.421
0.776891778333333,3.421,0.7768537025,3.431,0.7779084525,3.421
0.777169551111111,3.431,0.777131740833333,3.421,0.778186518888889,3.421
0.777447682777778,3.421,0.777409840555556,3.431,0.778464412222222,3.421
0.777725603333333,3.431,0.777687481111111,3.431,0.778742249166667,3.421
0.778003601666667,3.421,0.7779650325,3.431,0.779020175555556,3.421
0.778281573333333,3.431,0.778243172777778,3.421,0.779297966111111,3.421
0.778559302222222,3.421,0.778520925555556,3.431,0.779576073055556,3.421
0.778837000555555,3.421,0.778798725833333,3.431,0.77985405,3.421
0.77911522,3.431,0.779076511666667,3.431,0.7801319275,3.421
0.779392823055556,3.431,0.779354193055556,3.431,0.780409616111111,3.421
0.779670647777778,3.421,0.77963204,3.431,0.780687762777778,3.421
0.779948564444444,3.421,0.779910075,3.431,0.780965953611111,3.421
0.780226205833333,3.421,0.780187798611111,3.431,0.781243649722222,3.421
0.780504236666667,3.431,0.780465577777778,3.431,0.781521479166667,3.421
0.780782006944444,3.421,0.780743642777778,3.431,0.781799501111111,3.421
0.781060031111111,3.421,0.781021420555556,3.431,0.782077491944444,3.421
0.781337915,3.421,0.781299275833333,3.431,0.782355255277778,3.421
0.781615369722222,3.431,0.781577430277778,3.431,0.782633138611111,3.421
0.781893420277778,3.421,0.781855833055556,3.431,0.782910701666667,3.421
0.782171379722222,3.421,0.782133325833333,3.431,0.783188530277778,3.421
0.782449148888889,3.431,0.782411071111111,3.431,0.783466510277778,3.421
0.782726596388889,3.421,0.782688710833333,3.431,0.783743863055556,3.421
0.78300455,3.431,0.782966789722222,3.431,0.784022113055556,3.421
0.783282452222222,3.431,0.783244626944444,3.431,0.784299726388889,3.421
0.783560251666667,3.421,0.783522398333333,3.431,0.784577651388889,3.421
0.783838126111111,3.421,0.783800068055556,3.431,0.784855541111111,3.421
0.784116157777778,3.431,0.784078321666667,3.431,0.7851333175,3.421
0.784393916666667,3.421,0.784355969166667,3.431,0.785411185277778,3.421
0.784671670833333,3.421,0.784633703333333,3.431,0.785688663055556,3.421
0.784949573888889,3.431,0.784911474722222,3.431,0.785966740833333,3.421
0.785227396388889,3.421,0.785189700833333,3.431,0.786244244166667,3.421
0.785504906111111,3.421,0.7854672425,3.431,0.786522317777778,3.421
0.785782998611111,3.431,0.7857454625,3.431,0.786799923888889,3.421
0.786060793611111,3.421,0.786023752777778,3.431,0.787078070555556,3.421
0.786338316111111,3.431,0.7863012225,3.431,0.7873559675,3.421
0.786616178888889,3.421,0.786578946111111,3.431,0.787633646666667,3.421
0.786894156111111,3.421,0.786856751944444,3.431,0.787911594444444,3.421
0.787171917222222,3.431,0.787134593888889,3.431,0.788189086111111,3.421
0.787449659166667,3.431,0.787412366666667,3.431,0.788466949444444,3.421
0.787727353055556,3.431,0.787690198333333,3.431,0.788744903055556,3.421
0.788004806666667,3.431,0.787967930555556,3.431,0.789023049166667,3.421
0.788282808055556,3.421,0.788245800555556,3.431,0.789301085833333,3.421
0.788560785,3.421,0.788523521944444,3.431,0.789578653333333,3.421
0.788838551111111,3.431,0.788801237777778,3.431,0.7898565225,3.421
0.789116456111111,3.431,0.789078935277778,3.431,0.790134432777778,3.421
0.789394284722222,3.421,0.789357182777778,3.431,0.790412316666667,3.421
0.789671900277778,3.421,0.789634733055556,3.431,0.790690196388889,3.421
0.789949809444444,3.421,0.789912703055556,3.431,0.790968009444444,3.421
0.790227731111111,3.431,0.790190531944444,3.431,0.791245951944444,3.421
0.790505891111111,3.421,0.790468256666667,3.431,0.791523608611111,3.421
0.790783641388889,3.421,0.790745852777778,3.431,0.791801632777778,3.421
0.791061716944444,3.421,0.791023973888889,3.431,0.792079926111111,3.421
0.791339699722222,3.421,0.791301728611111,3.431,0.792357866111111,3.421
0.79161752,3.421,0.791579843055556,3.431,0.792635731111111,3.421
0.791895431944444,3.421,0.791858008333333,3.431,0.792913637777778,3.421
0.792173228611111,3.421,0.792136051388889,3.431,0.793191580277778,3.421
0.792451002777778,3.421,0.7924138,3.431,0.793469115,3.421
0.792728763888889,3.431,0.792692001388889,3.431,0.793747011666667,3.421
0.793006706944444,3.431,0.792970025555556,3.431,0.794024531944444,3.421
0.793284683055556,3.431,0.793247985277778,3.431,0.794302475833333,3.421
0.793562571944444,3.431,0.793525638055556,3.431,0.794580160555556,3.421
0.793840347777778,3.431,0.793803558611111,3.431,0.794858123333333,3.421
0.794118184166667,3.421,0.794081189722222,3.431,0.795135573333333,3.421
0.794396128055556,3.421,0.794359120277778,3.431,0.795413767777778,3.421
0.794673905277778,3.431,0.794636544444445,3.431,0.795691655,3.421
0.794951500833333,3.421,0.794914669722222,3.431,0.795969608055556,3.421
0.795229241111111,3.421,0.795192550277778,3.431,0.796247239444444,3.421
0.795507180555556,3.421,0.795470554166667,3.431,0.796525116666667,3.421
0.795784870833333,3.431,0.795748370555555,3.431,0.79680307,3.421
0.796062572222222,3.421,0.796026116388889,3.431,0.797081052222222,3.421
0.796340439722222,3.431,0.7963040425,3.431,0.797358960833333,3.421
0.796618401944444,3.421,0.796582298888889,3.431,0.797636708888889,3.421
0.796896065833333,3.431,0.796860153333333,3.431,0.797914529722222,3.421
0.797173713333333,3.431,0.797137764166667,3.431,0.798192205833333,3.421
0.797451781388889,3.431,0.797415878888889,3.431,0.798470073055556,3.421
0.797729675555556,3.431,0.797693720277778,3.431,0.798748014722222,3.421
0.798007113611111,3.431,0.797971278055556,3.431,0.7990254525,3.421
0.798285394722222,3.431,0.798249273611111,3.431,0.799303605,3.421
0.798563043888889,3.421,0.798527017222222,3.431,0.799581413888889,3.421
0.798840953055556,3.431,0.798804823611111,3.431,0.799859311666667,3.421
0.799118879166667,3.421,0.799082925555555,3.431,0.800137193055556,3.421
0.799396806388889,3.421,0.799360642777778,3.431,0.800415225833333,3.421
0.799674681666667,3.421,0.799638106944444,3.431,0.800693213888889,3.421
0.799952445555556,3.431,0.799916323333333,3.431,0.800971095,3.421
0.800230103055556,3.431,0.800193658888889,3.431,0.801248806388889,3.421
0.800507595555556,3.431,0.800472041111111,3.431,0.801526845,3.421
0.800785604722222,3.421,0.800749653333333,3.431,0.801804724166667,3.421
0.801063653055555,3.421,0.801027750833333,3.431,0.8020827175,3.421
0.801341262777778,3.431,0.801305618333333,3.431,0.802360538055556,3.421
0.801619504444444,3.431,0.801583495555556,3.431,0.802638169722222,3.421
0.801897061944444,3.421,0.801861631944444,3.431,0.802916019722222,3.421
0.802175007777778,3.431,0.802139386944445,3.431,0.803194142777778,3.421
0.8024528225,3.431,0.802416676944445,3.431,0.803471983611111,3.421
0.802730600277778,3.431,0.802694916666667,3.431,0.803750218055556,3.421
0.803008611111111,3.421,0.802972300555555,3.431,0.804028075555556,3.421
0.803286556944444,3.431,0.803250365833333,3.431,0.804305611666667,3.421
0.80356448,3.431,0.803528289444444,3.431,0.804583838888889,3.421
0.8038422325,3.431,0.803806091944444,3.431,0.804861411388889,3.421
0.804120375555556,3.421,0.804083462222222,3.431,0.805139574722222,3.421
0.804398075555556,3.431,0.804361912777778,3.431,0.805417022777778,3.421
0.804676208611111,3.421,0.804639566944444,3.431,0.805695084166667,3.421
0.804954100555555,3.431,0.8049174725,3.431,0.805972737222222,3.421
0.805232293333333,3.431,0.805195429166667,3.431,0.806250711111111,3.421
0.805509861388889,3.431,0.805473138333333,3.431,0.806528553888889,3.421
0.8057875875,3.431,0.805751047777778,3.431,0.806806399444444,3.421
0.806065385277778,3.421,0.806028910833333,3.431,0.807084421111111,3.421
0.806342860833333,3.431,0.806307180833333,3.431,0.807362134444444,3.421
0.806620813055556,3.431,0.806584836388889,3.431,0.807640002222222,3.421
0.806898624166667,3.431,0.806862619444444,3.431,0.807917490277778,3.421
0.807176340833333,3.431,0.807140397777778,3.431,0.808195468055556,3.421
0.807454507222222,3.421,0.807418189444444,3.431,0.808473449166667,3.421
0.807732080277778,3.431,0.807696105,3.431,0.8087516575,3.421
0.808009810833333,3.431,0.807974008055556,3.431,0.809029254722222,3.421
0.808287640555556,3.431,0.808251851666667,3.431,0.809307154166667,3.421
0.808565586111111,3.421,0.80852947,3.431,0.809585135,3.421
0.808843273888889,3.421,0.808807398611111,3.431,0.809862835555555,3.421
0.809121366944444,3.431,0.809085113611111,3.431,0.810140582777778,3.421
0.809398698333333,3.431,0.809363091944444,3.431,0.810418497777778,3.421
0.809676780833333,3.421,0.809641140555556,3.431,0.810696025555556,3.421
0.809954673888889,3.431,0.809919213888889,3.431,0.8109737575,3.421
0.810232442222222,3.431,0.810196836944444,3.431,0.811251602777778,3.421
0.810510169444444,3.431,0.810474692777778,3.431,0.811529528055556,3.421
0.810787883055555,3.421,0.810752549166667,3.431,0.811807224722222,3.421
0.811065729722222,3.431,0.811030518888889,3.431,0.812085410555555,3.421
0.811343571111111,3.431,0.811308018055556,3.431,0.812363248611111,3.421
0.811621313888889,3.431,0.811586019722222,3.431,0.812640764722222,3.421
0.811899254444444,3.431,0.811863443055556,3.431,0.812918976666667,3.421
0.812176747222222,3.431,0.812141361388889,3.431,0.813196628611111,3.421
0.812454726388889,3.431,0.812419449444445,3.431,0.813474605277778,3.421
0.812732836666667,3.431,0.812697451666667,3.431,0.813752403333333,3.421
0.813010760833333,3.431,0.812975296944444,3.431,0.814030584722222,3.421
0.813288583888889,3.431,0.813253164166667,3.431,0.814308492222222,3.421
0.8135663575,3.431,0.813530698055556,3.431,0.814586604166667,3.421
0.813844138611111,3.431,0.813808753333333,3.431,0.814864649722222,3.421
0.814121925277778,3.431,0.814086287222222,3.431,0.815142636666667,3.421
0.814399673611111,3.421,0.81436442,3.431,0.815420725277778,3.421
0.814677587222222,3.431,0.814641959166667,3.431,0.815698751944444,3.421
0.814955590833333,3.431,0.814920055,3.431,0.815976795,3.421
0.815233583333333,3.431,0.815198040555556,3.431,0.816254481388889,3.421
0.815511227777778,3.431,0.815475864722222,3.431,0.816532357222222,3.421
0.8157893975,3.431,0.815753696666667,3.431,0.816810263055556,3.421
0.816067568611111,3.431,0.816031569166667,3.431,0.817087863888889,3.421
0.816345399722222,3.431,0.816309705555555,3.431,0.817365854722222,3.421
0.816623253055555,3.421,0.816587429444445,3.431,0.8176433325,3.421
0.816901039166667,3.431,0.8168651575,3.431,0.817921397222222,3.421
0.817178798333333,3.431,0.817143152777778,3.431,0.818199209444444,3.421
0.817456769444444,3.431,0.817421114722222,3.431,0.818476985277778,3.421
0.817734801666667,3.431,0.817699146111111,3.431,0.818754833888889,3.421
0.818012768055556,3.431,0.817976814166667,3.431,0.819032461388889,3.421
0.818290464166667,3.431,0.818254639444445,3.431,0.819310730277778,3.421
0.818568316388889,3.431,0.818532585277778,3.431,0.819588184444444,3.421
0.818846258333333,3.431,0.818810324722222,3.431,0.819866122777778,3.421
0.819124113055556,3.431,0.819088033055556,3.431,0.820143963333333,3.421
0.81940181,3.431,0.819365771666667,3.431,0.820421851111111,3.421
0.819679823055556,3.431,0.819643630833333,3.431,0.820699953333333,3.421
0.819957766666667,3.431,0.819921655277778,3.431,0.820977727222222,3.421
0.820235856111111,3.431,0.820199648611111,3.431,0.821255715555556,3.421
0.820513700277778,3.431,0.820477311111111,3.431,0.821533283333333,3.421
0.820791656388889,3.431,0.820754772222222,3.431,0.821811057222222,3.421
0.821069351111111,3.431,0.821032911388889,3.431,0.822088984444444,3.421
0.821347857777778,3.431,0.821310304166667,3.431,0.822367134444444,3.421
0.821625919722222,3.431,0.8215887075,3.431,0.822644760555556,3.421
0.821903746666667,3.431,0.821866614166667,3.431,0.822922703888889,3.421
0.822181716111111,3.431,0.822144472777778,3.431,0.823200495277778,3.421
0.822459719166667,3.431,0.822422170277778,3.431,0.823478539444444,3.421
0.822737514166667,3.431,0.822699993611111,3.431,0.823756726666667,3.421
0.823015126944444,3.421,0.822977955833333,3.431,0.824034598611111,3.421
0.823293246666667,3.431,0.823255936111111,3.431,0.824312358888889,3.421
0.823571197222222,3.431,0.823533703888889,3.431,0.824589893333333,3.421
0.8238493125,3.431,0.823811589444445,3.431,0.824867702777778,3.421
0.824127414166667,3.431,0.824089305,3.431,0.825145628055556,3.421
0.824405426111111,3.431,0.824367277777778,3.431,0.8254232575,3.421
0.82468341,3.431,0.824645244722222,3.431,0.825701326944444,3.421
0.824961569444444,3.431,0.824923038611111,3.431,0.825979652222222,3.421
0.8252393275,3.431,0.825201032777778,3.431,0.826257280555556,3.421
0.825517165833333,3.431,0.825478571111111,3.431,0.826535134722222,3.421
0.825794913888889,3.421,0.825756590555556,3.431,0.826813094722222,3.421
0.826072871388889,3.431,0.826034470277778,3.431,0.827090536388889,3.421
0.826350924166667,3.431,0.826312046944444,3.431,0.827368256388889,3.421
0.826628931944445,3.431,0.826589868333333,3.431,0.827646254444444,3.421
0.826906865555556,3.431,0.826867640277778,3.431,0.827924205555556,3.421
0.827184754166667,3.431,0.827145630277778,3.431,0.828201594166667,3.421
0.827462640277778,3.431,0.8274234775,3.431,0.828479720555556,3.421
0.827740502777778,3.431,0.82770094,3.431,0.828757506111111,3.421
0.828018146111111,3.431,0.827979260555556,3.431,0.829035436111111,3.421
0.828296312777778,3.421,0.828256982222222,3.431,0.829313453333333,3.421
0.828573973055555,3.431,0.828534857777778,3.431,0.829591297222222,3.421
0.828852086944444,3.431,0.828812471666667,3.431,0.829869280555556,3.421
0.82913002,3.431,0.829090395,3.431,0.830146808055556,3.421
0.829407560277778,3.431,0.829368170555556,3.431,0.830424895277778,3.421
0.829685396111111,3.431,0.829645848888889,3.431,0.830702889722222,3.421
0.829962868611111,3.431,0.829923675555555,3.431,0.830980338333333,3.421
0.830240984444444,3.431,0.830201443055556,3.431,0.831258545277778,3.421
0.830519013333333,3.431,0.830479660277778,3.431,0.831536445,3.421
0.830796910555556,3.431,0.830757537777778,3.431,0.831813938611111,3.421
0.831074687777778,3.431,0.831035174444444,3.431,0.832091983888889,3.421
0.831352437222222,3.431,0.831313096388889,3.431,0.832369667222222,3.421
0.831630196944444,3.431,0.831591048611111,3.431,0.832647640277778,3.421
0.831907867222222,3.431,0.831869041111111,3.431,0.8329255175,3.421
0.8321853975,3.431,0.832146814444444,3.431,0.833203413055556,3.421
0.832463440833333,3.431,0.832424929166667,3.431,0.833481350555556,3.421
0.83274136,3.431,0.83270275,3.431,0.833759404722222,3.421
0.833018968055556,3.431,0.832980730833333,3.431,0.834037137222222,3.421
0.833297334166667,3.431,0.833258476111111,3.431,0.834315141111111,3.421
0.833575316666667,3.431,0.833536619444444,3.431,0.834592691666667,3.421
0.833853188333333,3.431,0.833814478888889,3.431,0.834870471944444,3.421
0.834130946944444,3.431,0.834092439444444,3.431,0.835148247222222,3.421
0.834408741944444,3.431,0.834369973055555,3.431,0.835426027222222,3.421
0.834686539444444,3.431,0.834647940277778,3.431,0.835704284166667,3.421
0.834964372777778,3.431,0.834925362222222,3.431,0.835982053888889,3.421
0.835242343888889,3.431,0.835203475833333,3.431,0.836259958611111,3.421
0.8355205,3.431,0.835481024166667,3.431,0.8365380375,3.421
0.835798287777778,3.431,0.835759057222222,3.431,0.836815692777778,3.421
0.836076191666667,3.431,0.836036838055556,3.431,0.837093586944444,3.421
0.836353714444444,3.431,0.836314581944445,3.431,0.837371541388889,3.421
0.836631561666667,3.431,0.836592403888889,3.431,0.837649606944444,3.421
0.836909326388889,3.431,0.836870553888889,3.431,0.837927328611111,3.421
0.837187134166667,3.431,0.837148302222222,3.431,0.838205215,3.421
0.837464744722222,3.431,0.8374261925,3.431,0.838482998055556,3.421
0.837742812222222,3.431,0.837704275833333,3.431,0.838760920833333,3.421
0.838020961666667,3.431,0.837981956111111,3.431,0.839038555555556,3.421
0.838298951666667,3.431,0.838259707222222,3.431,0.839316251388889,3.421
0.838576504444444,3.431,0.838537548055556,3.431,0.839594109722222,3.421
0.838854617777778,3.431,0.838815393333333,3.431,0.839871954722222,3.421
0.839132496111111,3.431,0.839093074722222,3.431,0.840150007777778,3.421
0.839410329444444,3.431,0.839370924166667,3.431,0.840427674722222,3.421
0.839688170555556,3.431,0.839648965277778,3.431,0.840705871388889,3.421
0.839966135555556,3.431,0.839926766388889,3.431,0.840983717777778,3.421
0.840244133888889,3.431,0.840205070555555,3.431,0.841261345277778,3.421
0.840521881944444,3.431,0.840482789166667,3.431,0.841539659444444,3.421
0.840799715555556,3.431,0.840761069166667,3.431,0.841817589444444,3.421
0.841077170277778,3.431,0.841038847777778,3.431,0.842095713611111,3.421
0.841355188333333,3.431,0.841316593888889,3.431,0.8423729825,3.421
0.841633046111111,3.431,0.841594495833333,3.431,0.842651095277778,3.421
0.841910800833333,3.431,0.841872487777778,3.431,0.842928806388889,3.421
0.842188556388889,3.431,0.842150445,3.431,0.843206396666667,3.421
0.842466364166667,3.431,0.842428047222222,3.431,0.843484359444444,3.421
0.842743783333333,3.431,0.842705934722222,3.431,0.843762145277778,3.421
0.843022074166667,3.431,0.842984309166667,3.431,0.844039921666667,3.421
0.843299606666667,3.431,0.843262191666667,3.431,0.844317795555556,3.421
0.843577795,3.431,0.843540036111111,3.431,0.844595303611111,3.421
0.843855591944444,3.431,0.843817894166667,3.431,0.844873309166667,3.421
0.844133517777778,3.431,0.844095927222222,3.431,0.845151036944444,3.421
0.844411491111111,3.431,0.84437357,3.431,0.845429393611111,3.421
0.844689333611111,3.431,0.844651729166667,3.431,0.845707143055556,3.421
0.844967076111111,3.431,0.844929586944444,3.431,0.845984703611111,3.421
0.845244912222222,3.431,0.845207470277778,3.431,0.846262858611111,3.421
0.845522840555556,3.431,0.845485055555556,3.431,0.846540473611111,3.421
0.8458008975,3.431,0.845763235833333,3.431,0.846818711388889,3.421
0.846079073888889,3.431,0.846041416111111,3.431,0.847096574722222,3.421
0.8463568,3.431,0.846319402222222,3.431,0.847374208611111,3.421
0.846634810833333,3.431,0.846597173611111,3.431,0.847651675833333,3.421
0.846912874166667,3.431,0.846874955,3.431,0.847929705277778,3.421
0.847190736666667,3.431,0.847152255277778,3.431,0.848207654444444,3.421
0.847468680833333,3.431,0.847430526666667,3.431,0.848485679444444,3.421
0.84774641,3.431,0.847708868611111,3.431,0.848763595833333,3.421
0.848024761944444,3.431,0.847986720277778,3.431,0.849041585277778,3.421
0.848302560555556,3.431,0.848264574444444,3.431,0.849319397777778,3.421
0.84858021,3.431,0.8485427375,3.431,0.849597327222222,3.421
0.848858037222222,3.431,0.848820748333333,3.431,0.849875211666667,3.421
0.849135795555556,3.431,0.849098392777778,3.431,0.850152989722222,3.421
0.849413410833333,3.431,0.849376244444444,3.431,0.850430732777778,3.431
0.849691104722222,3.431,0.849653911388889,3.431,0.850708627222222,3.421
0.849969145555555,3.431,0.849932128611111,3.431,0.850986520277778,3.421
0.850246859444445,3.431,0.850209822777778,3.431,0.851264210277778,3.421
0.850524689444444,3.431,0.850487487222222,3.431,0.851541988055555,3.421
0.850802679444444,3.431,0.850765472222222,3.431,0.851819376944445,3.421
0.851080483611111,3.431,0.851043081944444,3.431,0.852097340555556,3.421
0.851358292777778,3.431,0.851320914166667,3.431,0.852375453611111,3.421
0.851636242777778,3.431,0.851598855555556,3.431,0.852653314722222,3.421
0.851913978055555,3.431,0.851876526944444,3.431,0.852931005,3.421
0.852191814722222,3.431,0.852154460277778,3.431,0.853208749166667,3.421
0.852469878333333,3.431,0.852432475833333,3.431,0.853486506944445,3.421
0.852747749166667,3.431,0.852710336666667,3.431,0.853764484166667,3.421
0.853025391388889,3.431,0.8529880625,3.431,0.854042293333333,3.421
0.853303164722222,3.431,0.853265919444444,3.431,0.8543201375,3.421
0.853581253611111,3.431,0.853543755,3.431,0.854597838888889,3.431
0.853859206666667,3.431,0.8538216425,3.431,0.854875717222222,3.431
0.854136867777778,3.431,0.854099496666667,3.431,0.855153829722222,3.421
0.854414676388889,3.431,0.854377711666667,3.431,0.855431601666667,3.431
0.854692374444444,3.431,0.854655333055556,3.431,0.855709633611111,3.421
0.854970423333333,3.431,0.854933863055556,3.431,0.855987148055556,3.421
0.855248264722222,3.431,0.855211219444444,3.431,0.856265363055556,3.421
0.8555259675,3.431,0.855489435555555,3.431,0.8565429825,3.421
0.855803729166667,3.431,0.855767019722222,3.431,0.856821059722222,3.421
0.856081580555555,3.431,0.856044952222222,3.431,0.857098777222222,3.421
0.856359364722222,3.431,0.856322878888889,3.431,0.857376293611111,3.421
0.856637123055556,3.431,0.856600939166667,3.431,0.857654361666667,3.421
0.856914984166667,3.431,0.856878728888889,3.431,0.85793252,3.421
0.857192688055556,3.431,0.857156137222222,3.431,0.858210210833333,3.421
0.8574706675,3.431,0.857433968333333,3.431,0.858488152777778,3.421
0.857748494722222,3.431,0.857712016111111,3.431,0.858766137222222,3.421
0.858026467222222,3.431,0.857989920833333,3.431,0.859044000555556,3.421
0.858304523611111,3.431,0.858268106944445,3.431,0.859321682222222,3.421
0.8585821625,3.431,0.858545590833333,3.431,0.859599273055556,3.421
0.858859877777778,3.431,0.858823736111111,3.431,0.859877162777778,3.421
0.859137854444444,3.431,0.859101500555556,3.431,0.860154935833333,3.421
0.859415525277778,3.431,0.859379561111111,3.431,0.860432691944444,3.421
0.859693132222222,3.431,0.859657066944444,3.431,0.860710486111111,3.421
0.859971192777778,3.431,0.859935193611111,3.431,0.860988537777778,3.421
0.860248786111111,3.431,0.860212981666667,3.431,0.861266539166667,3.421
0.860526716944444,3.431,0.860490814722222,3.431,0.861544438055555,3.421
0.860804593888889,3.431,0.860768691944444,3.431,0.861822343888889,3.431
0.861082423611111,3.431,0.861046555,3.431,0.862100229444444,3.421
0.861359801666667,3.431,0.86132431,3.431,0.862377843611111,3.431
0.861637736944444,3.431,0.861602269166667,3.431,0.862655729166667,3.421
0.861915705555556,3.431,0.86188016,3.431,0.862933301111111,3.421
0.862193638333333,3.431,0.862157863611111,3.431,0.863211508888889,3.421
0.862471281388889,3.431,0.862435637777778,3.431,0.863489290555556,3.421
0.862748968611111,3.431,0.862713495277778,3.431,0.863767276111111,3.421
0.863026940277778,3.431,0.862991225,3.431,0.8640452375,3.421
0.863304698055556,3.431,0.863269388333333,3.431,0.864323130277778,3.431
0.86358236,3.431,0.863547143333333,3.431,0.864600840277778,3.421
0.863860092222222,3.431,0.863824861944444,3.431,0.864879142777778,3.421
0.864138360555556,3.431,0.864102924166667,3.431,0.865157136944444,3.421
0.8644163725,3.431,0.864380538888889,3.431,0.865435223055556,3.431
0.864694144444444,3.431,0.8646585325,3.431,0.865712979166667,3.421
0.86497222,3.431,0.864936334166667,3.431,0.86599088,3.431
0.865249978611111,3.431,0.865214418055556,3.431,0.866268566111111,3.431
0.865527643055556,3.431,0.865491844166667,3.431,0.866546577777778,3.431
0.8658057,3.431,0.865770189166667,3.431,0.866824602222222,3.431
0.866083417222222,3.431,0.866047868888889,3.431,0.867102438888889,3.431
0.866361201388889,3.431,0.866325785833333,3.431,0.867380581388889,3.421
0.866639395,3.431,0.866603873611111,3.431,0.867658374722222,3.431
0.866917050277778,3.431,0.866881905833333,3.431,0.867936278055556,3.421
0.867194995833333,3.431,0.867159480555555,3.431,0.868213850277778,3.421
0.8674728875,3.431,0.867437489166667,3.431,0.868492116388889,3.431
0.867750716388889,3.431,0.867715420833333,3.431,0.868769995,3.421
0.868028533333333,3.431,0.8679929075,3.431,0.8690477575,3.421
0.86830633,3.431,0.868271162777778,3.431,0.869325602222222,3.421
0.868583883055556,3.431,0.8685489975,3.431,0.869603407222222,3.421
0.868862036111111,3.431,0.868826958333333,3.431,0.869881258055556,3.421
0.869139853055556,3.431,0.869104816944444,3.431,0.870158886388889,3.421
0.869417687777778,3.431,0.869382698333333,3.431,0.870436862222222,3.421
0.869695396944444,3.431,0.869660047777778,3.431,0.870714868611111,3.421
0.869972876111111,3.431,0.869938378333333,3.431,0.870992716388889,3.421
0.870250825555556,3.431,0.870215846111111,3.431,0.871270507222222,3.421
0.870528663611111,3.431,0.870494269722222,3.431,0.871548380833333,3.421
0.870806643055556,3.431,0.870772224444444,3.431,0.871826110277778,3.421
0.871084006111111,3.431,0.871050289722222,3.431,0.872103805277778,3.421
0.871362159444444,3.431,0.871328274722222,3.431,0.872381587777778,3.421
0.871639920833333,3.431,0.871606036111111,3.431,0.872659356944444,3.431
0.871917675555556,3.431,0.871883674722222,3.431,0.872937124166667,3.421
0.872195453055556,3.431,0.872161729722222,3.431,0.873214963611111,3.421
0.872473469444444,3.431,0.8724396225,3.431,0.873492959166667,3.431
0.872751420277778,3.431,0.872717502222222,3.431,0.873771080833333,3.421
0.873029200555556,3.431,0.872995585277778,3.431,0.874048847222222,3.421
0.873306708055556,3.431,0.873273441388889,3.431,0.874326780555556,3.431
0.873584783055556,3.431,0.873551579444445,3.441,0.874604645833333,3.431
0.873862339722222,3.431,0.8738292,3.431,0.874882734166667,3.431
0.87414074,3.431,0.874107339444445,3.431,0.875160680833333,3.431
0.874418538055555,3.431,0.874385043888889,3.431,0.875438341388889,3.431
0.874696348888889,3.431,0.874663112222222,3.431,0.875716085277778,3.421
0.874974078333333,3.431,0.874940966944444,3.431,0.875994145277778,3.421
0.875252320833333,3.431,0.875218383611111,3.431,0.876271953611111,3.421
0.875530234722222,3.431,0.875496449722222,3.431,0.876549855833333,3.431
0.875808023055556,3.431,0.875774271666667,3.431,0.876827619166667,3.431
0.876085634166667,3.431,0.876051976388889,3.431,0.877105401111111,3.421
0.876363471944445,3.431,0.876329911111111,3.431,0.877382968055555,3.431
0.876641345833333,3.431,0.876607853333333,3.431,0.87766093,3.431
0.876919098333333,3.431,0.876885654166667,3.431,0.877938718611111,3.421
0.877196852777778,3.431,0.877163636388889,3.431,0.878216676666667,3.421
0.877474623055556,3.431,0.877441655,3.431,0.878494381388889,3.421
0.877752450833333,3.431,0.877719413888889,3.431,0.878772189722222,3.421
0.878030248333333,3.431,0.877996938888889,3.431,0.879049976944444,3.421
0.878307872777778,3.431,0.878274770833333,3.431,0.879327969166667,3.431
0.878585838611111,3.431,0.878552563888889,3.431,0.879605853611111,3.431
0.878863438333333,3.431,0.878830204166667,3.431,0.879883430833333,3.421
0.879141419722222,3.431,0.879108231666667,3.431,0.880161049444444,3.431
0.879419351111111,3.431,0.879385832777778,3.431,0.880439257222222,3.421
0.879697309166667,3.431,0.879663623888889,3.441,0.880716851666667,3.421
0.879975267777778,3.431,0.879941299722222,3.431,0.880994870555556,3.421
0.8802528375,3.431,0.880219021666667,3.431,0.881272891388889,3.431
0.880530635277778,3.431,0.880497210555556,3.431,0.881550778611111,3.421
0.880808351944444,3.431,0.8807752425,3.431,0.881828525,3.421
0.881086166388889,3.431,0.881052544166667,3.431,0.882106575833333,3.431
0.881363971388889,3.431,0.881330844722222,3.431,0.882384153611111,3.421
0.881641708888889,3.431,0.881608409166667,3.431,0.882662036944444,3.421
0.881919783055556,3.431,0.881886158055555,3.431,0.882940009166667,3.421
0.882197512777778,3.431,0.882163913888889,3.431,0.883217690833333,3.421
0.882475093888889,3.431,0.882442118055556,3.431,0.883495473611111,3.421
0.882753097222222,3.431,0.882719748333333,3.431,0.883773344444444,3.421
0.883030815277778,3.431,0.882997981388889,3.431,0.884051116111111,3.421
0.883308836944445,3.431,0.883275565555556,3.431,0.884328836388889,3.431
0.883586639166667,3.431,0.883553788611111,3.431,0.884606698055555,3.421
0.883864259722222,3.431,0.883831693888889,3.431,0.884884610833333,3.431
0.884142177777778,3.431,0.884109560555556,3.431,0.8851629675,3.421
0.884419563333333,3.431,0.884387131388889,3.431,0.885440835,3.431
0.884697851666667,3.431,0.884665354722222,3.441,0.885718350277778,3.431
0.884975628611111,3.431,0.88494282,3.431,0.885996295277778,3.431
0.8852537125,3.431,0.885220945277778,3.431,0.886274274166667,3.421
0.8855316925,3.431,0.885498608611111,3.441,0.886551885555556,3.421
0.885809293888889,3.431,0.885776434722222,3.431,0.886829950833333,3.431
0.886087402222222,3.431,0.886054443333333,3.431,0.887107844722222,3.431
0.8863653,3.431,0.88633211,3.441,0.887385520555556,3.431
0.886643148611111,3.431,0.8866104875,3.431,0.887663450555556,3.431
0.886921160555556,3.431,0.88688815,3.431,0.887941188888889,3.421
0.887198691111111,3.431,0.887165904722222,3.431,0.888219197222222,3.431
0.887476401111111,3.431,0.887443795833333,3.431,0.888496565,3.421
0.887754096666667,3.431,0.887721511666667,3.431,0.8887743675,3.431
0.888032028611111,3.431,0.887999321111111,3.431,0.889052658333333,3.431
0.888310168055556,3.431,0.888276831944444,3.431,0.889330630833333,3.431
0.888588141388889,3.431,0.888554624166667,3.431,0.889608259722222,3.431
0.888865938055556,3.431,0.8888327,3.431,0.8898860675,3.431
0.889143951666667,3.431,0.889110305277778,3.431,0.890163895277778,3.431
0.889421728611111,3.431,0.8893882375,3.431,0.890441779166667,3.431
0.889699480555556,3.431,0.889666343333333,3.431,0.890719556944444,3.421
0.889977494166667,3.431,0.889944362777778,3.431,0.890997331666667,3.431
0.890255467222222,3.431,0.890222043611111,3.431,0.891274921111111,3.421
0.890533248055556,3.431,0.890499889166667,3.441,0.891552887222222,3.431
0.890811019722222,3.431,0.8907776925,3.431,0.891830947222222,3.431
0.891088725277778,3.431,0.891055427777778,3.431,0.892108530277778,3.431
0.891366763055556,3.431,0.891333313333333,3.431,0.8923864775,3.431
0.891644464444444,3.431,0.891611168055556,3.431,0.892664346388889,3.431
0.891922278888889,3.431,0.89188887,3.431,0.892941625,3.421
0.892200096666667,3.431,0.892166730833333,3.431,0.893220004166667,3.431
0.892478046666667,3.431,0.892444723611111,3.431,0.893497776944444,3.431
0.892755927777778,3.431,0.892722589166667,3.431,0.893775710555555,3.431
0.893033959166667,3.431,0.893000436944445,3.441,0.894053621666667,3.431
0.893311986111111,3.431,0.893278293333333,3.431,0.894331414166667,3.431
0.893589915277778,3.431,0.8935558675,3.441,0.894609193888889,3.421
0.893867698611111,3.431,0.893833778333333,3.431,0.894886565277778,3.431
0.894145479166667,3.431,0.894111672222222,3.431,0.895164658611111,3.431
0.894423259722222,3.431,0.894389460555556,3.431,0.895442665555556,3.431
0.8947012725,3.431,0.894667456944444,3.431,0.895720555,3.431
0.894979170833333,3.431,0.894945226666667,3.431,0.895998338333333,3.431
0.895256810277778,3.431,0.895222864722222,3.441,0.896276088055556,3.431
0.895534603888889,3.431,0.895500935,3.441,0.896553844166667,3.431
0.895812528888889,3.431,0.895778753888889,3.431,0.896831774444444,3.421
0.896090296111111,3.431,0.896056543888889,3.441,0.897109719722222,3.431
0.896368659722222,3.431,0.896334479166667,3.441,0.897387118888889,3.431
0.896646660555556,3.431,0.896612426944444,3.431,0.897665500555555,3.431
0.8969245975,3.431,0.896890258333333,3.441,0.897943525833333,3.431
0.897202489722222,3.431,0.897168272222222,3.431,0.898221426388889,3.431
0.897480248888889,3.431,0.897445939722222,3.441,0.898499276944444,3.431
0.897758021388889,3.431,0.897723861111111,3.431,0.898777123888889,3.431
0.898035776388889,3.431,0.89800174,3.431,0.899055187222222,3.431
0.898313415,3.431,0.898279530833333,3.431,0.899333234444444,3.431
0.898590962777778,3.431,0.898557540277778,3.441,0.8996107475,3.431
0.898868706111111,3.431,0.898835299166667,3.431,0.899888614166667,3.431
0.899146674166667,3.431,0.899113169444444,3.431,0.900166645,3.431
0.8994247275,3.431,0.899391037777778,3.431,0.900444440277778,3.431
0.899702542777778,3.431,0.8996687925,3.441,0.900722375277778,3.421
0.899980190555556,3.431,0.899946193888889,3.431,0.901000046111111,3.431
0.900258072222222,3.431,0.9002242525,3.431,0.901277640277778,3.431
0.900535533055556,3.431,0.900502207222222,3.441,0.901555333888889,3.431
0.900813433333333,3.431,0.900780223611111,3.431,0.901833013611111,3.431
0.90109129,3.431,0.901058398888889,3.431,0.902110758055556,3.431
0.901369124166667,3.431,0.901336174166667,3.431,0.902388830555556,3.421
0.901646868611111,3.431,0.9016143575,3.431,0.902666843611111,3.431
0.901924450277778,3.431,0.901892111388889,3.441,0.902944889444445,3.431
0.902202107777778,3.431,0.902170152777778,3.441,0.9032224575,3.431
0.902480186111111,3.431,0.902447989444444,3.431,0.90350052,3.431
0.902757995,3.431,0.902725604166667,3.431,0.903778257222222,3.431
0.903035751666667,3.431,0.903003506666667,3.441,0.904056315833333,3.431
0.903313436388889,3.431,0.903281140555556,3.431,0.904333863888889,3.431
0.903591685833333,3.431,0.9035589275,3.431,0.904611571111111,3.421
0.903869903888889,3.431,0.903836548333333,3.431,0.904889625833333,3.431
0.904147525277778,3.431,0.904114583888889,3.431,0.905167581388889,3.431
0.904425954722222,3.431,0.904392259722222,3.431,0.9054455875,3.431
0.904703414444444,3.431,0.904670239166667,3.431,0.905723403055556,3.431
0.904981667222222,3.431,0.904947932777778,3.431,0.906001092222222,3.431
0.905259264444444,3.431,0.905225818611111,3.441,0.906279268611111,3.431
0.905537321666667,3.431,0.905503775833333,3.431,0.906556865,3.431
0.905815123888889,3.431,0.905781438611111,3.441,0.906835162777778,3.421
0.906093225277778,3.431,0.906059406944444,3.441,0.907113372222222,3.421
0.906371176111111,3.431,0.906337000555556,3.431,0.907391335555556,3.431
0.906648859444445,3.431,0.906614865277778,3.431,0.907669600555556,3.431
0.906926484166667,3.431,0.906892807777778,3.431,0.907947325833333,3.421
0.907204480833333,3.431,0.907170746944444,3.441,0.908225235277778,3.431
0.907482137777778,3.431,0.907448665277778,3.441,0.908502888611111,3.431
0.9077602925,3.431,0.907726415,3.431,0.90878057,3.431
0.908037935277778,3.431,0.9080041375,3.431,0.909058287777778,3.421
0.908315692222222,3.431,0.908281940555556,3.441,0.909336289444444,3.431
0.908593686944444,3.431,0.908559929166667,3.431,0.909614423055556,3.431
0.908871621666667,3.431,0.908837970555556,3.441,0.909892403611111,3.431
0.9091493025,3.431,0.909115858888889,3.431,0.9101699725,3.431
0.909427504166667,3.431,0.909393786666667,3.431,0.910447836944444,3.431
0.909705316388889,3.431,0.909671194444444,3.441,0.910725615277778,3.431
0.909983252222222,3.431,0.909949245,3.441,0.9110030725,3.431
0.910260859444444,3.431,0.910227080833333,3.431,0.911280917777778,3.431
0.910538716388889,3.431,0.910505000277778,3.441,0.911559032222222,3.421
0.910817022222222,3.431,0.910782621388889,3.441,0.911836835833333,3.421
0.911095025277778,3.431,0.911060573333333,3.441,0.912114644444444,3.431
0.9113728,3.431,0.911338504444444,3.441,0.912393312222222,3.431
0.9116505175,3.431,0.911616203333333,3.441,0.912671224722222,3.431
0.911928217777778,3.431,0.911894093055555,3.441,0.912949024166667,3.431
0.912206233333333,3.431,0.91217183,3.431,0.913226931388889,3.431
0.912484274444444,3.431,0.912449774444444,3.441,0.913504810833333,3.431
0.912761909444444,3.431,0.912727290277778,3.441,0.913782510555555,3.421
0.913040259444444,3.431,0.9130054825,3.441,0.914060758333333,3.431
0.913317932222222,3.431,0.913283185277778,3.441,0.914338665,3.431
0.913595746111111,3.431,0.913561292222222,3.441,0.914616553611111,3.431
0.913873568888889,3.431,0.913839341666667,3.431,0.914894403888889,3.431
0.914151236666667,3.431,0.914117518333333,3.441,0.915171940833333,3.431
0.914429054166667,3.431,0.914395128611111,3.441,0.915450082222222,3.431
0.914706761944444,3.431,0.914673187222222,3.431,0.915727820833333,3.431
0.914984636944444,3.431,0.914950582222222,3.431,0.916005618055556,3.431
0.9152624775,3.431,0.915228693888889,3.441,0.916283797222222,3.431
0.915540453888889,3.431,0.915506611666667,3.431,0.916561338333333,3.431
0.915818275555556,3.431,0.915784247777778,3.431,0.916839709444444,3.431
0.916096048888889,3.431,0.916062461944444,3.431,0.917117492777778,3.431
0.916373861666667,3.431,0.9163401625,3.431,0.91739546,3.431
0.916651471111111,3.431,0.916617880555555,3.441,0.917673148611111,3.431
0.916929602222222,3.431,0.916895963611111,3.431,0.9179509125,3.431
0.917207288888889,3.431,0.917174090277778,3.441,0.918228691666667,3.431
0.917485053055556,3.431,0.917452049722222,3.431,0.918506585833333,3.431
0.917762954722222,3.431,0.917729508611111,3.431,0.918784519166667,3.421
0.918040393888889,3.431,0.918007599444444,3.431,0.919062476666667,3.431
0.918318449166667,3.431,0.918285410555556,3.431,0.919340481388889,3.431
0.918596306666667,3.431,0.918563270277778,3.441,0.919618638055556,3.421
0.918873992222222,3.431,0.918840714722222,3.431,0.919896392222222,3.421
0.9191517675,3.431,0.919118699444444,3.441,0.920174371111111,3.431
0.919429765277778,3.431,0.919396182222222,3.441,0.920452436944444,3.431
0.919707600555556,3.431,0.919674227777778,3.441,0.920730382222222,3.431
0.919985427222222,3.431,0.919952100277778,3.441,0.921008394166667,3.431
0.920263216944444,3.431,0.920230155277778,3.431,0.921286134444444,3.431
0.920541296666667,3.431,0.920508335555556,3.431,0.921564008611111,3.431
0.920819101388889,3.431,0.920785945555556,3.441,0.921841874444444,3.431
0.921097114166667,3.431,0.921063413333333,3.431,0.922119516111111,3.431
0.921374998888889,3.431,0.921341630555556,3.441,0.922397746111111,3.431
0.921652790833333,3.431,0.9216193325,3.431,0.9226755625,3.431
0.921930591944444,3.431,0.921897136111111,3.441,0.922953474444445,3.431
0.922208648611111,3.431,0.922174983333333,3.441,0.923231412777778,3.431
0.922486394722222,3.431,0.922452729722222,3.441,0.923509130833333,3.421
0.922764279444445,3.431,0.922730455555556,3.441,0.923786864166667,3.431
0.923042046666667,3.431,0.923008323611111,3.441,0.924064746111111,3.431
0.923320155833333,3.431,0.923286093055556,3.441,0.924342422222222,3.431
0.923597594166667,3.431,0.923564265,3.431,0.924620566111111,3.431
0.923875855277778,3.431,0.9238422425,3.431,0.924898799722222,3.431
0.924153760555556,3.431,0.924120166944444,3.441,0.925177011111111,3.431
0.924431612777778,3.431,0.924398013333333,3.441,0.925454796388889,3.431
0.924709266388889,3.431,0.924675758333333,3.431,0.925732925833333,3.431
0.924987127222222,3.431,0.924953791388889,3.431,0.9260109075,3.431
0.925264908333333,3.431,0.925231490833333,3.431,0.926288295277778,3.431
0.925542653888889,3.431,0.925509326944444,3.431,0.926566618611111,3.431
0.925820501388889,3.431,0.925787002777778,3.431,0.926844083333333,3.431
0.926098709166667,3.431,0.926064838055556,3.441,0.927121869722222,3.431
0.926376578333333,3.431,0.926342604166667,3.441,0.92740036,3.431
0.926654265277778,3.441,0.926620421944444,3.431,0.9276779825,3.431
0.9269325375,3.431,0.926898135277778,3.431,0.927955838888889,3.431
0.927210349722222,3.431,0.927176121666667,3.441,0.928233682222222,3.431
0.927488231666667,3.431,0.927454145555555,3.441,0.928511583888889,3.431
0.927766414166667,3.431,0.927731494722222,3.441,0.928789501111111,3.431
0.928044003055556,3.431,0.928009438888889,3.441,0.929067238055556,3.431
0.928321844166667,3.431,0.928287371666667,3.441,0.929345031944445,3.431
0.928599605833333,3.431,0.9285650425,3.441,0.929622908055555,3.431
0.928877300277778,3.441,0.928843025555556,3.441,0.929900533611111,3.431
0.929155102777778,3.431,0.929120885555556,3.441,0.930178255555556,3.431
0.929432843888889,3.431,0.929398726944444,3.441,0.930456205277778,3.431
0.929710780277778,3.431,0.929676544166667,3.441,0.930734065555556,3.431
0.929988607777778,3.431,0.929953980833333,3.441,0.931011716388889,3.431
0.930266292222222,3.431,0.930232225833333,3.441,0.9312891375,3.431
0.930544080277778,3.431,0.930509760277778,3.441,0.931566929722222,3.431
0.930821839444445,3.431,0.930787538888889,3.431,0.931845144722222,3.431
0.931099626111111,3.431,0.931065681388889,3.441,0.932122445,3.431
0.931377569444444,3.431,0.931343674444444,3.441,0.932400508888889,3.431
0.931655458611111,3.441,0.931621620555556,3.441,0.932678698611111,3.431
0.931933103611111,3.441,0.931899446666667,3.431,0.932956531111111,3.431
0.932211014166667,3.431,0.932177328611111,3.441,0.933234363055556,3.421
0.932489015555556,3.441,0.932455355,3.441,0.933512141944445,3.431
0.932767036111111,3.441,0.932733388333333,3.441,0.933789918611111,3.431
0.933044522777778,3.431,0.933011481388889,3.441,0.934067764166667,3.431
0.933322506388889,3.431,0.933289094722222,3.441,0.93434554,3.431
0.933600311111111,3.431,0.933567133611111,3.441,0.934623343888889,3.431
0.933878106111111,3.431,0.933845180555556,3.441,0.934901193333333,3.431
0.934155845,3.431,0.934123033611111,3.441,0.935178545833333,3.431
0.934433416111111,3.431,0.934400626388889,3.441,0.935456657777778,3.431
0.934711739166667,3.441,0.934678881944444,3.441,0.935734459166667,3.431
0.934989918333333,3.431,0.934956473333333,3.441,0.936012238055556,3.431
0.935267629444445,3.431,0.935234559444444,3.441,0.936289918333333,3.431
0.935545531388889,3.431,0.935512776666667,3.441,0.936567793888889,3.431
0.935823276111111,3.431,0.935791014166667,3.441,0.936845558333333,3.431
0.936101049722222,3.431,0.936068809166667,3.431,0.937123318611111,3.431
0.936378803055556,3.431,0.936346647222222,3.441,0.937401210555556,3.431
0.936656533333333,3.441,0.936624126111111,3.441,0.9376788075,3.431
0.9369342925,3.431,0.936902131388889,3.441,0.937956765,3.431
0.937212075,3.431,0.937180008888889,3.441,0.938234442777778,3.431
0.937489849444444,3.441,0.937458081666667,3.441,0.938512227222222,3.431
0.937767666666667,3.431,0.9377359725,3.441,0.938790265,3.431
0.938045471111111,3.431,0.938013461944444,3.441,0.939068030833333,3.431
0.938323285555556,3.431,0.938291469166667,3.441,0.939345784166667,3.431
0.938601097777778,3.431,0.938569388888889,3.441,0.939623543888889,3.431
0.938878823055556,3.431,0.938846761388889,3.441,0.939901362222222,3.431
0.939156465277778,3.441,0.939124953055556,3.441,0.940179554166667,3.431
0.93943428,3.431,0.939402746388889,3.431,0.940457375,3.431
0.939712166111111,3.431,0.939680266111111,3.431,0.940735153333333,3.431
0.939990024166667,3.431,0.939958342222222,3.441,0.941012954722222,3.431
0.940268144722222,3.441,0.940235861666667,3.441,0.941290881666667,3.431
0.940545816111111,3.431,0.940514213888889,3.441,0.941568512777778,3.431
0.9408235,3.431,0.940792486388889,3.441,0.941846010555556,3.431
0.941101513333333,3.441,0.941070280555556,3.441,0.942124018333333,3.431
0.941379350277778,3.431,0.941348146111111,3.441,0.942401906111111,3.431
0.941657309166667,3.431,0.941626135277778,3.441,0.942679908888889,3.431
0.941934862222222,3.431,0.941903930833333,3.441,0.942957770833333,3.431
0.942212684444444,3.441,0.942182041666667,3.431,0.943235446111111,3.431
0.942490616944444,3.441,0.942460044166667,3.441,0.943513480833333,3.431
0.942768199166667,3.441,0.942737975,3.431,0.943791251944444,3.431
0.94304634,3.431,0.943015459722222,3.441,0.944069120833333,3.431
0.943324148055556,3.431,0.943293658888889,3.441,0.944346602222222,3.431
0.943601894444444,3.441,0.943571475,3.441,0.944624676944445,3.431
0.943879536388889,3.441,0.943849240555556,3.441,0.944902644722222,3.431
0.944157349444444,3.431,0.944126809722222,3.441,0.945180479166667,3.431
0.944435257222222,3.431,0.944405272222222,3.441,0.945458280555555,3.431
0.944712961111111,3.431,0.944682895833333,3.441,0.945735952222222,3.431
0.944990897222222,3.441,0.944961088333333,3.441,0.94601404,3.431
0.945268551666667,3.441,0.945239221388889,3.441,0.946291593888889,3.431
0.945546491666667,3.441,0.945517215277778,3.441,0.946569345555556,3.431
0.945824357777778,3.431,0.945794779444444,3.441,0.946847285277778,3.431
0.9461022475,3.431,0.946073001111111,3.441,0.947124636111111,3.431
0.946379642777778,3.431,0.946350881111111,3.441,0.947402706666667,3.431
0.946657943333333,3.431,0.946628671388889,3.441,0.947680513055556,3.431
0.946935836111111,3.431,0.946906616944444,3.431,0.947958451666667,3.431
0.947213606388889,3.441,0.947184474722222,3.441,0.948236067222222,3.431
0.94749124,3.431,0.947462484444444,3.441,0.948513904166667,3.431
0.947769291944444,3.441,0.947740359444444,3.441,0.948791920555556,3.431
0.948047005833333,3.441,0.948018153055555,3.431,0.949069716111111,3.431
0.948324928611111,3.431,0.948296407777778,3.441,0.949347329166667,3.431
0.948602570833333,3.431,0.948574293055556,3.441,0.949625152222222,3.421
0.948880485555556,3.441,0.948852229722222,3.441,0.949903041111111,3.431
0.949158065555556,3.441,0.949129986111111,3.441,0.950180920833333,3.431
0.949435746666667,3.431,0.949407760555556,3.441,0.950458895,3.431
0.949713733055556,3.431,0.949685817777778,3.441,0.950736805,3.431
0.949991683611111,3.441,0.949963745,3.441,0.951014311388889,3.431
0.950269680555556,3.431,0.950241294166667,3.441,0.951292173055556,3.431
0.950547562777778,3.431,0.950519231388889,3.441,0.951570056944444,3.431
0.950825478888889,3.431,0.950797070833333,3.441,0.951848090277778,3.431
0.9511033525,3.431,0.9510749875,3.441,0.9521255525,3.431
0.951381206666667,3.441,0.951352785,3.441,0.952403318055556,3.431
0.951658703611111,3.431,0.951630649166667,3.441,0.9526811,3.431
0.951937028055556,3.431,0.951908611666667,3.441,0.952959281666667,3.431
0.952214614444444,3.431,0.952186410555556,3.441,0.953237212777778,3.431
0.952492655555556,3.431,0.952464272222222,3.441,0.9535149325,3.431
0.952770410277778,3.431,0.952742351111111,3.441,0.953792816111111,3.431
0.953048090277778,3.431,0.953020019722222,3.441,0.954070535277778,3.431
0.953326021666667,3.431,0.953297731666667,3.441,0.954348596388889,3.431
0.953603783888889,3.431,0.953575791944444,3.441,0.954626523611111,3.431
0.953881529444444,3.431,0.953853328055555,3.441,0.954904670833333,3.431
0.954159275555556,3.431,0.954131379444444,3.441,0.955182466111111,3.431
0.954436965833333,3.431,0.954409174444444,3.441,0.955460339444444,3.431
0.954714773888889,3.431,0.9546870625,3.441,0.955737914722222,3.431
0.954992578055556,3.441,0.954964515,3.441,0.956015745833333,3.431
0.955270486388889,3.441,0.955243005555556,3.441,0.956293971111111,3.431
0.955548388055556,3.441,0.955520768055556,3.441,0.956571605555556,3.431
0.955826433888889,3.441,0.955798705277778,3.441,0.956849508888889,3.431
0.956104014166667,3.431,0.956076379444444,3.431,0.957127409722222,3.431
0.956381979722222,3.431,0.956354196666667,3.441,0.957405425277778,3.431
0.956659761944444,3.431,0.956631980555556,3.441,0.957683379166667,3.431
0.956937402222222,3.441,0.956909849166667,3.441,0.957961213333333,3.431
0.957215872777778,3.431,0.957187516111111,3.441,0.958239120555555,3.431
0.9574938575,3.431,0.957465256111111,3.441,0.958516577222222,3.431
0.957771705555556,3.441,0.9577431625,3.441,0.958794576111111,3.431
0.958049688333333,3.431,0.958020963888889,3.441,0.959072636111111,3.431
0.958327430833333,3.431,0.958298647777778,3.441,0.959350498611111,3.431
0.958604925833333,3.441,0.958576510833333,3.441,0.959628419166667,3.431
0.958882953888889,3.441,0.958854290555556,3.441,0.959906278055556,3.431
0.959160738055556,3.441,0.959132020277778,3.441,0.960184073888889,3.431
0.959438216388889,3.431,0.959409848055556,3.441,0.960461580833333,3.431
0.959716057777778,3.431,0.959687700277778,3.441,0.960739703055556,3.431
0.959994156388889,3.441,0.95996577,3.441,0.961017567777778,3.431
0.960272122222222,3.441,0.960243595,3.441,0.961295406944444,3.431
0.960549768055556,3.441,0.960521456666667,3.441,0.961573176111111,3.431
0.960827790833333,3.431,0.960799313333333,3.441,0.961851280833333,3.431
0.961105678888889,3.441,0.961077160833333,3.441,0.962128806666667,3.431
0.961383386388889,3.441,0.961355056666667,3.441,0.962407149722222,3.431
0.961661408888889,3.431,0.961632975277778,3.441,0.9626852825,3.431
0.961939112222222,3.441,0.961910648611111,3.441,0.962963023888889,3.431
0.962216924166667,3.441,0.962188388055556,3.441,0.963240837777778,3.431
0.96249453,3.441,0.962466332777778,3.441,0.963518630277778,3.431
0.962772555277778,3.431,0.962743955,3.441,0.963796084166667,3.431
0.963049881944444,3.441,0.9630219375,3.441,0.964074050555556,3.431
0.963328057777778,3.441,0.963299764722222,3.441,0.964351956388889,3.431
0.963605913055556,3.441,0.963577718333333,3.441,0.964629359444444,3.431
0.963883889444444,3.441,0.963855519444444,3.441,0.964907533611111,3.431
0.964161749722222,3.431,0.964133279722222,3.441,0.965185276388889,3.431
0.9644399325,3.431,0.964411019722222,3.441,0.965462694722222,3.431
0.964717671944444,3.431,0.964688850555556,3.441,0.965740876388889,3.431
0.964995593333333,3.441,0.964966401388889,3.441,0.966018415555556,3.431
0.965272880277778,3.441,0.965244405833333,3.441,0.96629636,3.431
0.9655512775,3.441,0.965522033055556,3.441,0.966574076111111,3.431
0.965829186388889,3.441,0.965799955,3.441,0.966852151944444,3.431
0.966106748333333,3.431,0.966077820277778,3.441,0.967129626944444,3.431
0.966384733055556,3.441,0.9663557975,3.441,0.967407336388889,3.431
0.966662630833333,3.441,0.966633403333333,3.441,0.967685162222222,3.431
0.966940679166667,3.441,0.966911092222222,3.441,0.967962753611111,3.431
0.967218433055556,3.431,0.967189217222222,3.441,0.968240740555556,3.431
0.967496469166667,3.441,0.967467077222222,3.441,0.968518868055556,3.431
0.967774443888889,3.441,0.967744689166667,3.441,0.968797033333333,3.431
0.968052124444444,3.431,0.968022287777778,3.441,0.969074631666667,3.431
0.968329905,3.441,0.96830056,3.441,0.969352620555555,3.431
0.9686079275,3.441,0.968578479722222,3.441,0.969630275833333,3.431
0.968885826944444,3.441,0.968855916388889,3.441,0.969908143055556,3.431
0.969163600277778,3.441,0.969133941666667,3.441,0.970186042222222,3.431
0.969441349722222,3.431,0.969411551666667,3.441,0.970463521666667,3.431
0.969719283888889,3.441,0.969689663333333,3.441,0.970741671666667,3.431
0.969997275555556,3.431,0.969967705555556,3.441,0.971019472777778,3.431
0.970275071111111,3.431,0.970245699166667,3.441,0.971297608888889,3.431
0.970552693888889,3.441,0.970523546666667,3.441,0.971575188888889,3.431
0.9708308875,3.441,0.970801534166667,3.441,0.971853391111111,3.431
0.971108458333333,3.431,0.971079209166667,3.441,0.972131308055556,3.431
0.971386592222222,3.441,0.9713570525,3.441,0.972409416944444,3.431
0.971664513333333,3.441,0.971634965,3.441,0.972687373888889,3.431
0.971942081944445,3.441,0.971912851944444,3.441,0.972965262222222,3.431
0.972219901388889,3.441,0.972190329444444,3.441,0.973242916944444,3.431
0.972497727777778,3.441,0.972468377777778,3.441,0.973520705,3.431
0.972775736111111,3.441,0.972746296666667,3.441,0.973798558611111,3.431
0.973053912222222,3.441,0.9730242775,3.441,0.974076289444444,3.431
0.973331600555556,3.441,0.973302258888889,3.441,0.974354373333333,3.431
0.973609047222222,3.441,0.973580284444444,3.441,0.974632220555556,3.431
0.973887532222222,3.441,0.973857876944444,3.441,0.974910098055556,3.431
0.974165197222222,3.441,0.974135597777778,3.441,0.975187809444444,3.431
0.974443030833333,3.431,0.974413738888889,3.441,0.975465726111111,3.431
0.974720730555556,3.441,0.974691993055556,3.441,0.975743329722222,3.431
0.974998699166667,3.441,0.974970084166667,3.441,0.976021265833333,3.431
0.975276576111111,3.441,0.975247993611111,3.441,0.976299093611111,3.431
0.975554301388889,3.441,0.975526031666667,3.441,0.976576913611111,3.431
0.975832282777778,3.441,0.975803886944445,3.441,0.976854443611111,3.431
0.976110126388889,3.441,0.976081893333333,3.441,0.977132598333333,3.431
0.976388328611111,3.441,0.976359578888889,3.441,0.977410767222222,3.431
0.976666103611111,3.441,0.976637622777778,3.441,0.977688583333333,3.431
0.976944046666667,3.441,0.976915399722222,3.441,0.977966466111111,3.431
0.977221764444444,3.441,0.977193550277778,3.441,0.978244417222222,3.431
0.977499616666667,3.441,0.977471595,3.441,0.978522323888889,3.431
0.977777361111111,3.441,0.977749385833333,3.441,0.978799635555555,3.431
0.978055345555556,3.441,0.978027150833333,3.441,0.979077669722222,3.431
0.978333371944444,3.441,0.978304934444444,3.441,0.979355513888889,3.431
0.978610951111111,3.441,0.978582370277778,3.441,0.979633106111111,3.431
0.978889046111111,3.441,0.978860369166667,3.441,0.979910768055556,3.431
0.979166839722222,3.441,0.979138286111111,3.441,0.980188993333333,3.431
0.979444908333333,3.441,0.979416388333333,3.441,0.980466635,3.431
0.979722763055556,3.441,0.979694447222222,3.441,0.980744533055556,3.431
0.980000443888889,3.431,0.979972212222222,3.441,0.981022188055556,3.431
0.980278278611111,3.441,0.980249996111111,3.441,0.981300338888889,3.431
0.980556028888889,3.441,0.980527957777778,3.441,0.981577956666667,3.431
0.980833836666667,3.441,0.980805819166667,3.441,0.981856029166667,3.431
0.981111670555556,3.441,0.981083878333333,3.441,0.982133931388889,3.431
0.981389461111111,3.441,0.981361243333333,3.441,0.982411678611111,3.431
0.981667195555556,3.441,0.981639602777778,3.441,0.982689287222222,3.431
0.981945398611111,3.431,0.9819174425,3.441,0.982967163888889,3.431
0.982223195277778,3.431,0.982195209444444,3.441,0.983245002222222,3.431
0.982501224444444,3.441,0.982472957222222,3.441,0.9835228625,3.431
0.982779238888889,3.441,0.982750904166667,3.441,0.983800400833333,3.431
0.983057228055556,3.441,0.983028688888889,3.441,0.984078216388889,3.431
0.983335092222222,3.441,0.983306330555556,3.441,0.9843561875,3.431
0.983612818333333,3.441,0.983583898333333,3.441,0.984633818333333,3.431
0.983891032777778,3.441,0.983861735555556,3.441,0.984911646944444,3.431
0.984168873333333,3.441,0.984139866388889,3.441,0.985189526666667,3.431
0.984446706111111,3.441,0.984418194722222,3.441,0.985467448611111,3.431
0.984724610555555,3.441,0.984696315833333,3.441,0.985745093888889,3.431
0.985002486944444,3.441,0.984974358888889,3.441,0.986022954722222,3.431
0.985280250555556,3.441,0.985252219444445,3.441,0.986300928611111,3.431
0.985557737777778,3.441,0.985530481666667,3.441,0.986578653333333,3.431
0.985835785277778,3.441,0.985808149444444,3.441,0.986856671111111,3.431
0.986113421666667,3.441,0.986085953055556,3.441,0.987134409444444,3.431
0.986391024444444,3.441,0.986363779444445,3.441,0.987412136388889,3.431
0.9866693425,3.441,0.986641661666667,3.441,0.987689998333333,3.431
0.986947176111111,3.441,0.986919239166667,3.441,0.987968196111111,3.431
0.9872250575,3.441,0.987197538333333,3.441,0.988245946111111,3.431
0.987502623611111,3.441,0.987475141944444,3.441,0.988523661666667,3.431
0.987780825555556,3.441,0.987753102222222,3.441,0.988801568055556,3.431
0.988058388888889,3.441,0.988030958055556,3.441,0.989079648611111,3.431
0.988336194722222,3.441,0.988308646388889,3.441,0.989357812777778,3.431
0.9886140325,3.441,0.988586383055556,3.441,0.989635684722222,3.431
0.988892163888889,3.441,0.988864256944444,3.441,0.989913507222222,3.431
0.989169591666667,3.441,0.989142118333333,3.441,0.990191637777778,3.431
0.989447814166667,3.441,0.989420091388889,3.441,0.990469542222222,3.431
0.989725711944444,3.431,0.989697614722222,3.441,0.990747298888889,3.431
0.990003642222222,3.441,0.989975971388889,3.441,0.991025133611111,3.441
0.990281499722222,3.441,0.990253628888889,3.441,0.99130344,3.431
0.990559414444444,3.431,0.990531296666667,3.441,0.9915811425,3.431
0.990837273333333,3.441,0.990809214722222,3.441,0.991858853888889,3.431
0.991115391388889,3.441,0.991086865,3.441,0.992136410277778,3.431
0.991393115555556,3.441,0.99136483,3.441,0.992414745833333,3.431
0.991671051666667,3.441,0.991642671111111,3.441,0.992692433333333,3.431
0.991948524166667,3.441,0.991920540277778,3.441,0.992970555833333,3.431
0.992226773888889,3.441,0.992198358611111,3.441,0.993248249722222,3.431
0.9925046825,3.441,0.992476318888889,3.441,0.993525828333333,3.431
0.9927823725,3.441,0.992754378055556,3.441,0.993803611944444,3.431
0.993060307777778,3.441,0.993032188333333,3.441,0.994081655555556,3.431
0.993338102777778,3.441,0.993309846944444,3.441,0.994359409444444,3.431
0.993615806666667,3.441,0.993587816111111,3.441,0.994636847222222,3.431
0.99389354,3.441,0.993865711944445,3.441,0.994914745,3.431
0.994171727222222,3.441,0.994143384722222,3.441,0.995192762777778,3.431
0.994449608333333,3.441,0.994421198611111,3.441,0.995470567777778,3.431
0.994727053888889,3.441,0.994699361388889,3.441,0.9957483525,3.431
0.995005283333333,3.441,0.994976791666667,3.441,0.996026078888889,3.431
0.995283051944444,3.441,0.995254844166667,3.441,0.996304155,3.431
0.995560816944444,3.441,0.995533093055556,3.441,0.996581925,3.431
0.995838685555556,3.441,0.995811092777778,3.441,0.996859472777778,3.431
0.996116898333333,3.441,0.996088791944444,3.441,0.997137526944444,3.431
0.996394791111111,3.441,0.996367015,3.441,0.997415193888889,3.441
0.996672323055556,3.441,0.996644816944445,3.441,0.997692970833333,3.431
0.99695034,3.441,0.996922637222222,3.441,0.9979711325,3.431
0.997228199722222,3.441,0.997200584444444,3.441,0.998249115833333,3.431
0.997506029444444,3.441,0.997478592777778,3.441,0.998527125833333,3.431
0.997783725555556,3.441,0.997756798611111,3.441,0.998805147222222,3.431
0.99806196,3.441,0.998034669166667,3.441,0.99908272,3.431
0.998339523333333,3.441,0.998312317222222,3.441,0.999360565,3.431
0.998617545277778,3.441,0.998590382777778,3.441,0.999638402777778,3.431
0.998895506388889,3.441,0.998868518055556,3.441,0.999916309166667,3.431
0.999173241111111,3.441,0.999146203055556,3.441,1.00019378583333,3.431
0.999450963888889,3.441,0.999423678055556,3.441,1.00047220916667,3.431
0.999729126666667,3.441,0.999701746111111,3.441,1.00075018444444,3.431
1.00000701666667,3.441,0.999979693055556,3.441,1.00102822166667,3.431
1.00028498027778,3.441,1.00025780722222,3.441,1.00130586916667,3.431
1.000562965,3.441,1.0005358175,3.441,1.00158388916667,3.431
1.00084048166667,3.441,1.00081342472222,3.441,1.00186179722222,3.431
1.00111844694444,3.441,1.00109095722222,3.441,1.00213946333333,3.431
1.0013964925,3.441,1.00136910472222,3.441,1.00241744777778,3.431
1.00167428694444,3.441,1.00164666361111,3.441,1.002695095,3.431
1.00195250944444,3.441,1.00192467333333,3.441,1.00297304611111,3.431
1.00223042833333,3.441,1.00220237333333,3.441,1.0032511425,3.431
1.00250806,3.441,1.00247977444444,3.441,1.00352884833333,3.431
1.0027860475,3.441,1.00275822,3.441,1.00380667305556,3.431
1.00306381027778,3.441,1.00303592416667,3.441,1.00408445583333,3.431
1.0033415925,3.441,1.00331379027778,3.441,1.00436221055556,3.431
1.00361900472222,3.441,1.00359166666667,3.441,1.00463998444444,3.431
1.00389707027778,3.441,1.0038693075,3.441,1.00491790111111,3.431
1.00417499055556,3.441,1.004147035,3.441,1.00519567638889,3.431
1.00445292833333,3.441,1.0044248675,3.441,1.00547385,3.431
1.00473074972222,3.441,1.0047027775,3.441,1.00575165916667,3.431
1.00500848583333,3.441,1.00498032583333,3.441,1.00602926333333,3.431
1.00528660444444,3.441,1.00525861444444,3.441,1.00630727222222,3.431
1.00556436444444,3.441,1.00553651722222,3.441,1.00658528111111,3.431
1.00584219305556,3.441,1.00581442583333,3.441,1.00686306472222,3.431
1.00612031888889,3.441,1.00609196472222,3.441,1.00714099388889,3.431
1.00639807305556,3.441,1.00637016361111,3.441,1.00741877222222,3.431
1.00667645722222,3.441,1.00664799027778,3.441,1.00769659861111,3.431
1.00695404805556,3.441,1.00692616777778,3.441,1.00797443777778,3.431
1.00723195972222,3.441,1.00720370027778,3.441,1.00825243888889,3.431
1.00751001333333,3.441,1.00748203861111,3.441,1.00853024361111,3.431
1.00778759444444,3.441,1.00775976472222,3.441,1.00880794972222,3.431
1.00806557166667,3.441,1.00803759638889,3.441,1.00908578388889,3.441
1.00834336222222,3.441,1.00831536777778,3.441,1.00936366333333,3.431
1.00862117888889,3.441,1.00859319416667,3.441,1.00964163611111,3.431
1.0088989475,3.441,1.00887114416667,3.441,1.00991943916667,3.431
1.00917684861111,3.441,1.00914906666667,3.441,1.01019738388889,3.431
1.00945446416667,3.441,1.00942660111111,3.441,1.01047494861111,3.431
1.00973256388889,3.441,1.00970483111111,3.441,1.01075292083333,3.431
1.01001023083333,3.441,1.00998261277778,3.441,1.01103065833333,3.431
1.01028808972222,3.441,1.01026044361111,3.441,1.0113085625,3.431
1.01056596555556,3.441,1.010537855,3.441,1.01158601583333,3.431
1.01084405777778,3.441,1.01081593111111,3.441,1.01186388194444,3.431
1.01112177833333,3.441,1.01109384805556,3.441,1.01214176833333,3.431
1.011399555,3.441,1.01137171,3.441,1.01241971361111,3.431
1.01167712222222,3.441,1.011649615,3.441,1.01269757694444,3.431
1.01195507972222,3.441,1.01192757944444,3.441,1.01297520611111,3.431
1.01223276361111,3.441,1.01220544333333,3.441,1.0132530975,3.431
1.012510625,3.441,1.01248335083333,3.451,1.01353123,3.441
1.01278855388889,3.441,1.01276100694444,3.441,1.01380928583333,3.431
1.01306600083333,3.441,1.01303885388889,3.441,1.0140872425,3.431
1.01334371222222,3.441,1.01331659888889,3.441,1.01436518833333,3.431
1.01362179944444,3.441,1.01359394444444,3.441,1.01464334361111,3.431
1.01389966916667,3.441,1.0138722375,3.441,1.0149213775,3.431
1.01417745527778,3.441,1.01415016305556,3.441,1.01519915055556,3.431
1.01445541277778,3.441,1.01442828777778,3.441,1.01547703527778,3.431
1.01473332888889,3.441,1.01470589833333,3.441,1.01575489916667,3.431
1.01501121083333,3.441,1.01498393361111,3.441,1.01603268027778,3.431
1.01528892555556,3.441,1.01526172388889,3.441,1.01631063777778,3.431
1.01556697972222,3.441,1.01553963694444,3.441,1.01658845361111,3.441
1.0158448,3.441,1.01581750555556,3.441,1.01686605944444,3.431
1.01612280611111,3.441,1.01609548722222,3.441,1.0171441475,3.431
1.01640059416667,3.441,1.01637314055556,3.441,1.01742179611111,3.431
1.01667819138889,3.441,1.01665114277778,3.441,1.01769985416667,3.431
1.01695584666667,3.441,1.01692899666667,3.441,1.01797771444444,3.431
1.01723369861111,3.441,1.01720756166667,3.441,1.01825553888889,3.431
1.01751163111111,3.441,1.01748578972222,3.441,1.01853350666667,3.431
1.01778940222222,3.441,1.01776385055556,3.441,1.01881102222222,3.431
1.01806718916667,3.441,1.01804144583333,3.441,1.01908955166667,3.441
1.01834493,3.441,1.0183193275,3.441,1.01936729944444,3.431
1.01862279305556,3.441,1.01859688305556,3.441,1.019644705,3.431
1.01890068611111,3.441,1.01887500555556,3.441,1.01992260888889,3.431
1.01917847083333,3.441,1.01915243444444,3.441,1.02020049277778,3.431
1.019456185,3.441,1.01943063583333,3.441,1.02047844416667,3.431
1.01973419388889,3.441,1.01970858694444,3.441,1.02075625944444,3.431
1.02001179027778,3.441,1.01998647861111,3.441,1.02103410027778,3.431
1.02028955305556,3.441,1.02026437361111,3.441,1.02131193111111,3.431
1.02056748444444,3.441,1.02054215305556,3.441,1.02159012583333,3.431
1.02084552944444,3.441,1.02082040972222,3.441,1.02186788916667,3.431
1.02112315666667,3.441,1.02109829305556,3.441,1.02214546222222,3.431
1.02140087583333,3.441,1.02137607833333,3.441,1.02242319888889,3.431
1.02167872333333,3.441,1.02165364694444,3.441,1.02270098166667,3.431
1.02195621,3.441,1.02193167138889,3.451,1.02297859472222,3.431
1.02223446638889,3.441,1.02220919527778,3.441,1.02325656861111,3.431
1.02251236166667,3.441,1.0224874475,3.451,1.02353450388889,3.431
1.02279034527778,3.441,1.02276546777778,3.441,1.02381211888889,3.431
1.02306844444444,3.441,1.02304343305556,3.441,1.02408999861111,3.431
1.02334636638889,3.441,1.02332131111111,3.451,1.02436775722222,3.431
1.02362414888889,3.441,1.02359902388889,3.441,1.02464551166667,3.431
1.02390179972222,3.441,1.02387671166667,3.451,1.02492296055556,3.431
1.02417942472222,3.441,1.02415446527778,3.441,1.02520082972222,3.431
1.02445760416667,3.441,1.02443231583333,3.451,1.02547896277778,3.431
1.02473513583333,3.441,1.02471040583333,3.441,1.02575629194444,3.431
1.02501356916667,3.441,1.02498814194444,3.441,1.02603434361111,3.441
1.02529138833333,3.441,1.02526599916667,3.441,1.02631222,3.441
1.02556886361111,3.441,1.02554366083333,3.441,1.02659000277778,3.431
1.02584680555556,3.441,1.02582155166667,3.441,1.02686777888889,3.431
1.02612470527778,3.441,1.02609923861111,3.451,1.02714554222222,3.431
1.02640249,3.441,1.02637735444444,3.441,1.02742326055556,3.431
1.02668032166667,3.441,1.026655315,3.441,1.02770100027778,3.431
1.02695802083333,3.441,1.02693307388889,3.441,1.027978595,3.431
1.02723555305556,3.441,1.02721111277778,3.441,1.02825656583333,3.431
1.02751357611111,3.441,1.02748924166667,3.441,1.02853417944444,3.431
1.02779105083333,3.441,1.02776730777778,3.441,1.02881192583333,3.431
1.02806907222222,3.441,1.02804525277778,3.441,1.02909001861111,3.431
1.02834726138889,3.441,1.02832316527778,3.451,1.02936748194444,3.441
1.02862529111111,3.441,1.02860140388889,3.441,1.02964518388889,3.431
1.02890343111111,3.441,1.02887965277778,3.441,1.02992327305556,3.431
1.02918134638889,3.441,1.02915730861111,3.451,1.03020104611111,3.431
1.02945911611111,3.441,1.0294355275,3.441,1.03047900444444,3.431
1.02973691416667,3.441,1.02971314888889,3.441,1.03075664888889,3.431
1.03001472277778,3.441,1.02999065722222,3.441,1.03103449333333,3.431
1.03029257055556,3.441,1.03026892388889,3.441,1.03131213527778,3.431
1.03057038583333,3.441,1.03054692083333,3.441,1.03159000277778,3.431
1.03084819777778,3.441,1.03082490833333,3.451,1.03186778055556,3.431
1.03112613361111,3.441,1.03110261666667,3.441,1.03214547194444,3.431
1.03140416555556,3.441,1.03138047611111,3.441,1.03242323916667,3.431
1.03168180777778,3.441,1.03165826361111,3.451,1.03270128027778,3.431
1.0319597325,3.441,1.03193604694444,3.441,1.0329792175,3.431
1.03223755694444,3.441,1.03221372527778,3.441,1.03325689527778,3.431
1.03251520472222,3.441,1.03249141805556,3.451,1.03353460416667,3.431
1.03279311861111,3.441,1.03276920916667,3.441,1.03381257111111,3.431
1.03307110222222,3.441,1.0330471575,3.441,1.03409037777778,3.431
1.03334887166667,3.441,1.03332503166667,3.451,1.03436845638889,3.431
1.0336262325,3.441,1.03360324361111,3.441,1.03464639111111,3.431
1.03390421472222,3.441,1.03388106,3.441,1.034924135,3.431
1.03418226416667,3.441,1.03415900555556,3.441,1.03520231333333,3.431
1.03445982388889,3.441,1.03443688333333,3.441,1.03547991527778,3.431
1.034737625,3.441,1.03471480361111,3.451,1.03575774722222,3.431
1.03501544833333,3.441,1.034992575,3.441,1.03603520194444,3.431
1.03529320833333,3.441,1.03527058444444,3.451,1.03631343944444,3.431
1.0355712275,3.441,1.03554855083333,3.441,1.03659111194444,3.431
1.03584887722222,3.441,1.03582619222222,3.451,1.03686864138889,3.431
1.03612669305556,3.441,1.03610418694444,3.441,1.03714679944444,3.441
1.03640448527778,3.441,1.03638205416667,3.441,1.03742439305556,3.431
1.03668237,3.441,1.03665975722222,3.441,1.03770235444444,3.431
1.03696035694444,3.441,1.03693767361111,3.451,1.03797973694444,3.431
1.03723759777778,3.441,1.03721578944444,3.441,1.03825784083333,3.431
1.03751583166667,3.441,1.03749350972222,3.441,1.03853550222222,3.431
1.03779354638889,3.441,1.03777150694444,3.451,1.03881359194444,3.431
1.03807123111111,3.441,1.03804907138889,3.441,1.03909151111111,3.431
1.03834921888889,3.441,1.03832706361111,3.441,1.03936933833333,3.441
1.03862721916667,3.441,1.03860461833333,3.441,1.03964720611111,3.431
1.03890485638889,3.441,1.03888235472222,3.451,1.03992496194444,3.441
1.03918278638889,3.441,1.03916032944444,3.441,1.04020328638889,3.431
1.03946053944444,3.441,1.03943834222222,3.441,1.04048083916667,3.431
1.03973832333333,3.441,1.03971624444444,3.441,1.0407588825,3.431
1.04001592944444,3.441,1.03999441361111,3.451,1.04103658666667,3.431
1.04029354055556,3.451,1.04027208333333,3.441,1.04131481055556,3.431
1.04057163861111,3.441,1.04054984111111,3.441,1.04159238583333,3.431
1.04084914305556,3.441,1.04082730555556,3.451,1.04187047555556,3.431
1.04112713555556,3.441,1.04110540777778,3.441,1.04214786722222,3.441
1.04140453611111,3.441,1.0413833225,3.441,1.04242574472222,3.441
1.04168269555556,3.441,1.04166129444444,3.441,1.04270398777778,3.431
1.04196068611111,3.441,1.04193906583333,3.441,1.04298213472222,3.441
1.04223854944444,3.441,1.04221725,3.451,1.04325964083333,3.431
1.04251634861111,3.441,1.04249494277778,3.441,1.04353741861111,3.431
1.04279404361111,3.451,1.04277293111111,3.441,1.04381523444444,3.431
1.04307189944444,3.441,1.04305050472222,3.451,1.04409323583333,3.431
1.04334953722222,3.441,1.04332856611111,3.451,1.04437140166667,3.431
1.04362733527778,3.451,1.04360634055556,3.441,1.04464879555556,3.441
1.04390546888889,3.441,1.04388392361111,3.441,1.04492690361111,3.431
1.04418313055556,3.441,1.04416182416667,3.441,1.0452049025,3.431
1.04446120083333,3.441,1.04443988666667,3.441,1.04548299027778,3.431
1.04473914944444,3.441,1.04471728555556,3.441,1.04576079805556,3.441
1.04501680361111,3.441,1.04499531527778,3.451,1.04603859361111,3.441
1.04529483416667,3.441,1.04527341638889,3.441,1.046316655,3.431
1.04557286222222,3.441,1.04555144638889,3.451,1.0465942325,3.441
1.04585098555556,3.441,1.04582925611111,3.451,1.0468721775,3.441
1.04612857888889,3.441,1.04610722277778,3.441,1.04715039722222,3.441
1.0464070775,3.441,1.04638481194444,3.441,1.04742815916667,3.431
1.04668489972222,3.441,1.04666284,3.451,1.04770577333333,3.431
1.04696318138889,3.441,1.04694055722222,3.451,1.04798364222222,3.431
1.04724115388889,3.451,1.04721839527778,3.441,1.04826153722222,3.431
1.04751892277778,3.441,1.04749646611111,3.451,1.04853940055556,3.431
1.04779666333333,3.441,1.04777440888889,3.441,1.04881727111111,3.431
1.04807457083333,3.441,1.04805222583333,3.451,1.04909506666667,3.431
1.04835249277778,3.441,1.04833006444444,3.441,1.04937296277778,3.441
1.048630205,3.441,1.04860799611111,3.451,1.04965086361111,3.431
1.04890799861111,3.441,1.04888559444444,3.441,1.04992844944444,3.431
1.04918581472222,3.441,1.04916351333333,3.451,1.05020630305556,3.431
1.04946319194444,3.441,1.0494414025,3.451,1.05048416222222,3.431
1.0497412975,3.441,1.0497192525,3.441,1.05076196722222,3.431
1.05001914972222,3.441,1.04999721944444,3.451,1.05103993416667,3.431
1.05029688722222,3.441,1.05027521638889,3.451,1.0513177775,3.431
1.05057505305556,3.451,1.05055295166667,3.441,1.05159555222222,3.441
1.05085279194444,3.441,1.0508306975,3.451,1.05187347027778,3.431
1.05113068666667,3.441,1.05110895083333,3.441,1.05215136944444,3.431
1.05140861666667,3.451,1.05138684305556,3.451,1.05242926111111,3.431
1.05168639388889,3.441,1.05166494027778,3.441,1.05270724805556,3.431
1.05196444833333,3.451,1.05194280083333,3.451,1.05298516722222,3.441
1.05224219305556,3.441,1.05222074916667,3.451,1.05326320388889,3.431
1.05251982833333,3.441,1.05249809,3.451,1.05354125388889,3.431
1.05279792138889,3.441,1.05277639666667,3.451,1.05381905416667,3.441
1.05307585027778,3.441,1.05305453361111,3.451,1.05409713027778,3.441
1.05335369722222,3.441,1.0533323225,3.451,1.05437516166667,3.431
1.05363122388889,3.441,1.05361020277778,3.441,1.05465298638889,3.431
1.0539087425,3.441,1.05388801972222,3.451,1.05493076305556,3.431
1.05418684,3.441,1.05416631916667,3.451,1.05520843722222,3.441
1.05446497388889,3.441,1.05444442388889,3.451,1.05548655472222,3.431
1.05474292,3.441,1.05472222472222,3.451,1.05576412083333,3.441
1.05502095305556,3.441,1.05499992694444,3.441,1.05604239166667,3.431
1.05529857194444,3.441,1.05527740361111,3.441,1.05631993472222,3.431
1.05557668277778,3.441,1.05555546722222,3.441,1.05659825305556,3.441
1.055854565,3.441,1.05583284194444,3.451,1.05687638888889,3.431
1.05613249416667,3.441,1.05611108194444,3.441,1.0571541025,3.441
1.05641037583333,3.441,1.05638878111111,3.451,1.05743213277778,3.431
1.05668814944444,3.451,1.05666665888889,3.451,1.05771014361111,3.441
1.05696612722222,3.441,1.05694453027778,3.441,1.05798768444444,3.441
1.05724394333333,3.451,1.0572225275,3.451,1.05826589805556,3.431
1.05752120527778,3.451,1.05750036277778,3.451,1.05854401,3.431
1.05779925305556,3.441,1.05777828138889,3.441,1.05882157361111,3.441
1.05807700555556,3.441,1.05805612416667,3.451,1.05909973805556,3.441
1.05835500805556,3.441,1.05833415805556,3.451,1.05937785333333,3.431
1.05863260611111,3.451,1.05861166583333,3.441,1.05965558722222,3.431
1.05891075222222,3.451,1.058889495,3.451,1.05993330388889,3.431
1.05918842166667,3.441,1.059167445,3.451,1.06021153027778,3.441
1.05946651722222,3.441,1.05944563388889,3.441,1.06048925694444,3.431
1.0597443675,3.441,1.05972317944444,3.451,1.06076694194444,3.441
1.06002228861111,3.441,1.06000130083333,3.451,1.06104479472222,3.441
1.06029982055556,3.441,1.06027891861111,3.441,1.06132293916667,3.441
1.06057823972222,3.441,1.06055680277778,3.451,1.06160049305556,3.431
1.06085625083333,3.441,1.060834255,3.451,1.06187860833333,3.441
1.06113414333333,3.441,1.06111206555556,3.451,1.0621564725,3.441
1.06141197055556,3.451,1.06138998944444,3.451,1.06243434805556,3.441
1.06168966388889,3.441,1.06166796444444,3.451,1.06271218277778,3.441
1.06196730722222,3.451,1.06194580361111,3.451,1.0629899025,3.441
1.06224549722222,3.441,1.06222366861111,3.451,1.06326811583333,3.431
1.06252309444444,3.441,1.06250132527778,3.451,1.06354596833333,3.431
1.06280087444444,3.451,1.06277924861111,3.451,1.06382356972222,3.441
1.06307876694444,3.451,1.06305701277778,3.451,1.064101645,3.441
1.06335621,3.451,1.06333475777778,3.451,1.06437975722222,3.431
1.06363449222222,3.441,1.06361252,3.451,1.06465726222222,3.441
1.0639124075,3.441,1.06389029722222,3.451,1.06493513194444,3.441
1.06419011277778,3.441,1.06416803111111,3.451,1.06521281138889,3.431
1.06446821916667,3.451,1.06444632555556,3.451,1.06549083777778,3.441
1.06474622888889,3.451,1.06472426111111,3.451,1.06576908305556,3.431
1.06502404388889,3.441,1.06500211027778,3.451,1.06604682666667,3.441
1.06530228666667,3.441,1.06527979166667,3.451,1.06632480027778,3.441
1.06557958583333,3.451,1.06555763666667,3.451,1.06660249138889,3.431
1.06585779722222,3.451,1.06583502305556,3.451,1.06688077777778,3.441
1.0661351275,3.441,1.06611329111111,3.451,1.0671585275,3.431
1.06641306861111,3.441,1.06639087361111,3.451,1.06743617694444,3.441
1.06669136027778,3.451,1.06666878722222,3.451,1.06771389416667,3.431
1.06696907333333,3.451,1.06694622055556,3.451,1.06799206694444,3.441
1.06724683805556,3.441,1.06722432777778,3.451,1.06826964611111,3.441
1.06752444388889,3.451,1.06750172,3.451,1.06854770805556,3.441
1.06780206944444,3.441,1.06777977916667,3.451,1.06882549111111,3.431
1.06808025944444,3.441,1.06805768944444,3.441,1.06910335527778,3.431
1.06835800222222,3.441,1.06833558194444,3.451,1.0693811725,3.441
1.06863562944444,3.451,1.06861307027778,3.451,1.06965898222222,3.431
1.06891345972222,3.441,1.06889115055556,3.451,1.06993676861111,3.441
1.06919124861111,3.451,1.0691689075,3.451,1.07021438055556,3.431
1.06946884972222,3.451,1.06944671805556,3.451,1.07049221722222,3.431
1.06974691,3.441,1.06972471027778,3.451,1.07076996777778,3.431
1.07002468611111,3.441,1.07000197888889,3.451,1.07104782111111,3.431
1.07030248111111,3.451,1.07028021638889,3.451,1.07132549694444,3.431
1.07058035333333,3.441,1.07055772388889,3.451,1.07160335222222,3.441
1.07085839277778,3.451,1.07083608138889,3.451,1.07188081527778,3.441
1.07113620194444,3.441,1.07111406611111,3.451,1.07215867361111,3.431
1.07141386666667,3.441,1.07139188777778,3.451,1.07243685694444,3.441
1.07169185027778,3.451,1.07166985055556,3.451,1.07271434861111,3.441
1.07196971638889,3.441,1.07194750694444,3.451,1.07299249166667,3.431
1.07224757972222,3.441,1.07222539444444,3.451,1.07327039472222,3.431
1.07252562666667,3.441,1.07250279361111,3.451,1.07354798611111,3.431
1.07280340333333,3.441,1.07278116305556,3.441,1.07382581805556,3.441
1.07308122361111,3.441,1.07305910472222,3.451,1.07410344555556,3.441
1.07335903138889,3.441,1.07333752194444,3.451,1.07438129222222,3.441
1.07363680777778,3.451,1.07361502166667,3.451,1.07465932972222,3.441
1.0739145175,3.441,1.07389294333333,3.451,1.0749370975,3.431
1.07419276416667,3.451,1.07417120083333,3.451,1.07521486777778,3.441
1.07447074416667,3.441,1.07444896194444,3.451,1.07549274388889,3.441
1.07474869444444,3.441,1.07472667361111,3.451,1.07577024805556,3.441
1.07502668638889,3.441,1.07500466416667,3.451,1.07604848305556,3.441
1.07530439611111,3.451,1.07528231916667,3.451,1.0763265025,3.441
1.07558218055556,3.451,1.07556031305556,3.451,1.07660410333333,3.441
1.07585981166667,3.441,1.07583835972222,3.451,1.07688206805556,3.441
1.07613744611111,3.451,1.07611595527778,3.451,1.07715965666667,3.441
1.07641551416667,3.441,1.07639389333333,3.451,1.07743731388889,3.441
1.07669321083333,3.441,1.07667143027778,3.451,1.07771551722222,3.441
1.07697118638889,3.451,1.07694925277778,3.451,1.07799345194444,3.441
1.07724878416667,3.441,1.07722706,3.451,1.07827113861111,3.441
1.07752646194444,3.451,1.07750482583333,3.451,1.07854879277778,3.441
1.07780471361111,3.451,1.07778250416667,3.451,1.07882669194444,3.441
1.07808239916667,3.451,1.07806046833333,3.451,1.07910449083333,3.441
1.07836024166667,3.441,1.07833829472222,3.451,1.079382225,3.441
1.07863808833333,3.451,1.07861604222222,3.451,1.0796600825,3.441
1.07891582694444,3.451,1.07889337916667,3.451,1.07993797527778,3.441
1.07919388777778,3.451,1.079171505,3.451,1.08021610694444,3.441
1.07947194305556,3.451,1.07944934638889,3.451,1.08049379972222,3.431
1.07974952055556,3.451,1.07972698527778,3.451,1.08077199666667,3.431
1.08002743111111,3.441,1.08000486694444,3.451,1.08104987861111,3.441
1.0803051675,3.441,1.08028279527778,3.451,1.08132749027778,3.441
1.08058288694444,3.451,1.08056076055556,3.451,1.0816056075,3.441
1.08086140388889,3.441,1.08083870388889,3.451,1.081883485,3.441
1.08113924722222,3.451,1.08111663083333,3.451,1.08216102111111,3.441
1.081416805,3.451,1.08139438694444,3.451,1.08243897972222,3.441
1.08169487222222,3.451,1.08167218277778,3.451,1.08271710694444,3.441
1.08197258111111,3.451,1.08194965833333,3.451,1.08299505638889,3.441
1.08225058833333,3.441,1.08222767583333,3.451,1.08327274444444,3.441
1.08252822583333,3.441,1.08250553638889,3.451,1.08355032888889,3.441
1.08280604916667,3.451,1.08278337416667,3.451,1.08382845888889,3.441
1.08308385,3.451,1.08306130027778,3.451,1.08410628694444,3.441
1.08336154833333,3.451,1.08333924722222,3.451,1.08438419555556,3.441
1.08363940388889,3.451,1.08361719166667,3.451,1.08466216444444,3.441
1.08391724166667,3.441,1.08389490166667,3.451,1.08494036083333,3.441
1.08419534694444,3.451,1.08417289083333,3.451,1.08521798888889,3.441
1.08447329388889,3.441,1.0844508975,3.451,1.08549574305556,3.441
1.08475139444444,3.451,1.08472870138889,3.451,1.08577399138889,3.441
1.08502899611111,3.451,1.08500645472222,3.451,1.08605167305556,3.441
1.08530698222222,3.451,1.08528494444444,3.451,1.08632916638889,3.441
1.08558518388889,3.451,1.08556302944444,3.451,1.08660744972222,3.441
1.08586297055556,3.441,1.08584067694444,3.451,1.08688514305556,3.441
1.0861407625,3.451,1.08611836138889,3.451,1.08716313083333,3.441
1.08641849611111,3.441,1.0863964175,3.451,1.08744081138889,3.441
1.08669623472222,3.441,1.086674385,3.451,1.08771830166667,3.441
1.08697410861111,3.451,1.08695236694444,3.451,1.08799644361111,3.441
1.08725198444444,3.451,1.08723014611111,3.451,1.08827434722222,3.441
1.08752989861111,3.451,1.08750829611111,3.451,1.088552355,3.441
1.08780763055556,3.451,1.08778591527778,3.451,1.08882993555556,3.441
1.08808540055556,3.441,1.08806424277778,3.441,1.08910781722222,3.441
1.08836314722222,3.451,1.08834198722222,3.451,1.08938546444444,3.441
1.08864098444444,3.451,1.0886202425,3.451,1.08966355916667,3.441
1.08891867888889,3.451,1.08889803722222,3.451,1.08994121583333,3.441
1.08919625111111,3.451,1.08917580583333,3.451,1.09021931888889,3.441
1.0894740025,3.451,1.08945385027778,3.451,1.09049657694444,3.441
1.08975254527778,3.451,1.08973155472222,3.451,1.09077468805556,3.441
1.09003018638889,3.451,1.09000917,3.451,1.09105268611111,3.441
1.09030794777778,3.441,1.09028702694444,3.451,1.0913307275,3.441
1.09058580388889,3.451,1.09056505,3.451,1.09160860722222,3.441
1.09086357916667,3.451,1.09084281194444,3.451,1.09188653555556,3.441
1.09114111055556,3.451,1.09112101583333,3.451,1.09216431611111,3.441
1.09141896277778,3.451,1.09139867722222,3.451,1.09244217805556,3.441
1.09169686277778,3.451,1.09167633583333,3.451,1.09272049916667,3.441
1.09197430611111,3.451,1.09195420861111,3.451,1.09299831416667,3.441
1.09225231444444,3.451,1.09223233861111,3.451,1.09327655444444,3.441
1.09252983472222,3.451,1.092510195,3.451,1.09355449472222,3.431
1.09280781305556,3.451,1.09278800138889,3.451,1.09383193861111,3.441
1.09308581888889,3.451,1.09306557527778,3.451,1.09411009777778,3.441
1.09336363083333,3.451,1.09334348416667,3.451,1.09438786277778,3.431
1.09364133861111,3.451,1.09362113888889,3.451,1.09466610083333,3.441
1.09391901555556,3.451,1.09389968166667,3.451,1.0949440025,3.441
1.09419685972222,3.451,1.09417699388889,3.451,1.09522172583333,3.441
1.09447489888889,3.451,1.09445473194444,3.451,1.09549938583333,3.441
1.09475278027778,3.451,1.09473302527778,3.451,1.09577723166667,3.441
1.09503010694444,3.451,1.0950106375,3.451,1.09605495138889,3.441
1.09530805305556,3.451,1.09528846777778,3.451,1.09633276833333,3.441
1.09558606,3.451,1.09556615388889,3.451,1.09661070305556,3.441
1.095864065,3.451,1.09584421777778,3.451,1.09688839194444,3.441
1.09614179416667,3.451,1.09612181194444,3.451,1.09716623805556,3.441
1.09641975666667,3.451,1.09639997638889,3.451,1.09744410472222,3.441
1.09669785194444,3.451,1.09667794805556,3.451,1.09772233444444,3.441
1.09697561861111,3.451,1.09695576777778,3.451,1.09800005333333,3.441
1.09725355333333,3.451,1.09723353527778,3.451,1.09827773722222,3.441
1.09753123388889,3.451,1.09751142,3.451,1.09855538888889,3.441
1.09780927055556,3.451,1.09778936277778,3.451,1.09883366527778,3.441
1.09808684444444,3.441,1.09806723694444,3.451,1.099111575,3.441
1.09836493333333,3.441,1.09834546277778,3.451,1.09938964416667,3.441
1.09864270444444,3.451,1.09862327777778,3.451,1.0996671225,3.441
1.09892035527778,3.451,1.09890102166667,3.451,1.09994488722222,3.441
1.0991980975,3.451,1.099178855,3.451,1.10022266694444,3.441
1.09947616666667,3.451,1.09945675055556,3.451,1.10050056027778,3.441
1.09975413333333,3.451,1.09973483138889,3.451,1.10077842944444,3.441
1.10003176583333,3.451,1.10001267444444,3.451,1.10105609638889,3.441
1.10030993694444,3.441,1.10029057888889,3.451,1.10133356472222,3.441
1.10058782555556,3.451,1.10056843166667,3.451,1.10161171833333,3.431
1.10086541583333,3.451,1.10084665,3.451,1.10188960805556,3.441
1.10114337583333,3.451,1.1011246375,3.451,1.10216787888889,3.441
1.10142108388889,3.451,1.1014022225,3.451,1.10244555944444,3.441
1.10169886277778,3.451,1.10168008916667,3.451,1.10272332416667,3.441
1.10197661638889,3.441,1.10195798916667,3.451,1.10300181722222,3.441
1.10225437611111,3.451,1.10223594472222,3.451,1.10327953,3.441
1.10253255638889,3.451,1.10251377611111,3.451,1.10355731861111,3.441
1.10281054722222,3.451,1.1027915,3.451,1.10383478722222,3.441
1.10308803611111,3.451,1.10306942194444,3.451,1.10411306222222,3.441
1.10336618777778,3.451,1.10334718083333,3.451,1.10439105194444,3.441
1.1036441325,3.451,1.10362489805556,3.451,1.10466903138889,3.441
1.1039220025,3.451,1.10390274694444,3.451,1.10494662972222,3.441
1.1042000975,3.451,1.10418053555556,3.451,1.10522448194444,3.441
1.10447830916667,3.451,1.10445823861111,3.451,1.10550192916667,3.441
1.10475610777778,3.451,1.10473607138889,3.451,1.105779635,3.441
1.10503407,3.451,1.10501387472222,3.451,1.10605764527778,3.441
1.10531218861111,3.451,1.10529163944444,3.451,1.10633553694444,3.441
1.10558974611111,3.451,1.10556936,3.451,1.10661333944444,3.441
1.10586775222222,3.451,1.10584720722222,3.451,1.10689098277778,3.441
1.10614588333333,3.451,1.10612496694444,3.451,1.10716887333333,3.441
1.10642395777778,3.451,1.10640261722222,3.451,1.10744682416667,3.441
1.10670182277778,3.451,1.10668054916667,3.451,1.10772497861111,3.441
1.10697979055556,3.451,1.10695855833333,3.451,1.10800269833333,3.441
1.1072579175,3.451,1.10723629472222,3.451,1.1082807,3.441
1.10753596555556,3.451,1.10751424555556,3.451,1.10855875111111,3.441
1.10781398861111,3.451,1.10779219083333,3.451,1.10883662611111,3.441
1.10809175305556,3.451,1.10806997305556,3.451,1.10911414666667,3.441
1.10836982277778,3.451,1.10834755944444,3.451,1.10939232111111,3.441
1.10864749222222,3.451,1.10862549888889,3.451,1.10967018972222,3.441
1.10892511166667,3.451,1.1089030975,3.451,1.10994810277778,3.441
1.10920342638889,3.451,1.10918104388889,3.451,1.11022593805556,3.441
1.10948123972222,3.451,1.109458785,3.451,1.110503495,3.441
1.10975901444444,3.451,1.10973659833333,3.451,1.11078136277778,3.441
1.11003696444444,3.451,1.1100144825,3.451,1.11105934916667,3.441
1.11031472027778,3.451,1.11029262138889,3.451,1.11133713111111,3.441
1.11059254944444,3.451,1.11057082722222,3.451,1.11161495694444,3.441
1.11087041611111,3.451,1.11084838138889,3.451,1.11189267388889,3.441
1.11114820722222,3.451,1.11112593277778,3.451,1.11217055694444,3.441
1.11142594666667,3.451,1.11140400555556,3.451,1.11244823944444,3.441
1.11170367444444,3.451,1.11168207361111,3.451,1.11272611805556,3.441
1.11198160805556,3.451,1.11195989583333,3.451,1.11300388083333,3.441
1.11225974583333,3.451,1.11223752944444,3.451,1.11328166222222,3.441
1.11253772083333,3.451,1.11251547138889,3.451,1.11355934527778,3.441
1.11281565166667,3.451,1.11279364055556,3.451,1.11383719944444,3.441
1.11309369305556,3.451,1.11307114694444,3.451,1.11411494583333,3.441
1.11337178083333,3.451,1.11334920944444,3.451,1.1143925025,3.441
1.11364965194444,3.451,1.11362703694444,3.451,1.114670475,3.441
1.1139274775,3.451,1.11390475833333,3.451,1.11494832666667,3.441
1.11420513972222,3.451,1.11418246222222,3.451,1.11522608888889,3.441
1.11448297861111,3.451,1.11446052111111,3.451,1.11550413027778,3.441
1.11476060194444,3.451,1.11473810638889,3.451,1.11578219694444,3.441
1.11503848277778,3.451,1.11501629861111,3.451,1.11606001527778,3.441
1.11531632444444,3.451,1.11529377138889,3.451,1.11633770305556,3.441
1.11559407722222,3.451,1.11557190222222,3.451,1.11661547027778,3.441
1.11587193472222,3.451,1.11584966416667,3.451,1.11689332833333,3.441
1.11614969388889,3.451,1.11612730916667,3.451,1.1171712975,3.441
1.11642732638889,3.451,1.11640518166667,3.451,1.11744930694444,3.441
1.11670547916667,3.451,1.11668313916667,3.451,1.11772741277778,3.441
1.11698305083333,3.451,1.11696066972222,3.451,1.11800538861111,3.441
1.11726089861111,3.451,1.11723900833333,3.451,1.118283515,3.441
1.11753889583333,3.451,1.11751642027778,3.451,1.1185615125,3.441
1.11781700694444,3.451,1.11779466722222,3.451,1.11883878972222,3.441
1.11809451861111,3.451,1.11807256527778,3.451,1.11911666527778,3.441
1.11837250861111,3.451,1.11835041694444,3.451,1.11939480666667,3.441
1.11865053472222,3.451,1.11862855805556,3.451,1.11967248194444,3.441
1.11892831916667,3.451,1.11890603361111,3.451,1.11995041944444,3.441
1.11920609888889,3.451,1.11918411138889,3.451,1.12022778972222,3.441
1.11948407305556,3.451,1.11946178416667,3.451,1.1205057675,3.441
1.11976157638889,3.451,1.11973987722222,3.451,1.12078373916667,3.441
1.12003987083333,3.451,1.12001788444444,3.451,1.12106179472222,3.441
1.12031767166667,3.451,1.12029530666667,3.451,1.12133968416667,3.441
1.12059546666667,3.451,1.12057320111111,3.451,1.12161774583333,3.441
1.12087327083333,3.451,1.12085145222222,3.451,1.12189549333333,3.441
1.12115102277778,3.451,1.12112928944444,3.451,1.1221737025,3.441
1.1214288125,3.451,1.12140680722222,3.451,1.12245148555556,3.441
1.12170657944444,3.451,1.12168481722222,3.451,1.12272923055556,3.441
1.12198430361111,3.451,1.12196285805556,3.451,1.12300724694444,3.441
1.12226252277778,3.451,1.122240945,3.451,1.12328496694444,3.441
1.12254008944444,3.451,1.12251862777778,3.451,1.12356241583333,3.441
1.12281810944444,3.451,1.12279655138889,3.451,1.12384051805556,3.441
1.12309598638889,3.451,1.1230742725,3.451,1.12411813611111,3.441
1.12337362888889,3.451,1.12335241361111,3.451,1.12439623694444,3.441
1.12365150194444,3.451,1.12362977694444,3.451,1.12467412805556,3.441
1.12392926861111,3.451,1.12390790472222,3.451,1.12495179333333,3.441
1.12420715305556,3.451,1.12418545472222,3.451,1.12522944861111,3.441
1.12448485694444,3.451,1.12446359222222,3.451,1.12550774166667,3.441
1.12476263472222,3.451,1.12474119666667,3.451,1.12578580888889,3.441
1.12504015916667,3.451,1.12501911388889,3.451,1.12606328888889,3.441
1.12531843472222,3.451,1.12529668416667,3.451,1.12634149611111,3.441
1.12559624972222,3.451,1.12557457055556,3.451,1.12661905416667,3.441
1.1258742,3.451,1.12585243888889,3.451,1.12689697916667,3.441
1.12615204694444,3.451,1.1261302625,3.451,1.12717482666667,3.441
1.12642991083333,3.451,1.12640812583333,3.451,1.12745248027778,3.441
1.12670775194444,3.451,1.126685745,3.451,1.12773013805556,3.441
1.12698569583333,3.451,1.12696378,3.451,1.12800818805556,3.441
1.12726371972222,3.451,1.12724166583333,3.451,1.12828573388889,3.441
1.12754195611111,3.451,1.127519605,3.451,1.12856389861111,3.441
1.12781974277778,3.451,1.12779737666667,3.451,1.12884179027778,3.441
1.12809718416667,3.451,1.12807504833333,3.451,1.12911958083333,3.441
1.12837496305556,3.451,1.12835282111111,3.451,1.12939775305556,3.441
1.12865345388889,3.451,1.12863062305556,3.451,1.1296756325,3.441
1.1289315375,3.451,1.12890856583333,3.451,1.12995351722222,3.441
1.12920924944444,3.451,1.12918656611111,3.451,1.13023164277778,3.441
1.12948708916667,3.451,1.12946468,3.451,1.13050945166667,3.441
1.12976483888889,3.451,1.12974198555556,3.451,1.13078712944444,3.441
1.13004286444444,3.451,1.13002003611111,3.451,1.13106508666667,3.441
1.130320885,3.451,1.13029796944444,3.451,1.13134277861111,3.441
1.13059843527778,3.451,1.13057600166667,3.451,1.13162091333333,3.441
1.13087669888889,3.451,1.13085348972222,3.451,1.13189901277778,3.441
1.13115461777778,3.451,1.13113133611111,3.451,1.13217666361111,3.441
1.1314327925,3.451,1.13140898527778,3.451,1.13245436277778,3.441
1.13171027916667,3.451,1.13168687722222,3.451,1.13273248305556,3.441
1.13198831888889,3.451,1.1319645825,3.451,1.13301026166667,3.441
1.13226645583333,3.451,1.13224267027778,3.451,1.13328804638889,3.441
1.13254413194444,3.451,1.13252007111111,3.451,1.13356571583333,3.441
1.13282192388889,3.451,1.13279811972222,3.451,1.13384367138889,3.441
1.133099705,3.451,1.13307588472222,3.451,1.13412184277778,3.441
1.13337718333333,3.451,1.13335382333333,3.451,1.134399655,3.441
1.13365532611111,3.451,1.13363170722222,3.451,1.1346771925,3.441
1.13393328805556,3.451,1.13390931805556,3.451,1.13495528972222,3.441
1.13421109194444,3.451,1.13418724611111,3.451,1.13523316916667,3.441
1.13448908138889,3.451,1.13446483416667,3.451,1.13551092361111,3.441
1.134767125,3.451,1.13474284583333,3.451,1.13578888638889,3.441
1.13504520416667,3.451,1.13502069138889,3.451,1.13606678444444,3.441
1.1353228775,3.451,1.1352986975,3.451,1.1363441125,3.441
1.13560091305556,3.451,1.13557635611111,3.451,1.13662214666667,3.441
1.13587838027778,3.451,1.13585409277778,3.451,1.13689967694444,3.441
1.13615619833333,3.451,1.13613214861111,3.451,1.13717763277778,3.441
1.13643399222222,3.451,1.13641032166667,3.451,1.13745557138889,3.441
1.13671184277778,3.451,1.13668833944444,3.451,1.13773297777778,3.441
1.136989715,3.451,1.13696632805556,3.451,1.13801127611111,3.441
1.13726772833333,3.451,1.13724404666667,3.451,1.13828915416667,3.441
1.13754561277778,3.451,1.1375217775,3.451,1.13856708388889,3.441
1.13782347694444,3.451,1.13779993583333,3.451,1.13884490555556,3.441
1.13810140972222,3.451,1.13807776222222,3.451,1.1391229525,3.441
1.13837898527778,3.451,1.13835553805556,3.451,1.13940088694444,3.441
1.13865690861111,3.451,1.13863322277778,3.451,1.13967832944444,3.441
1.13893480972222,3.451,1.13891099805556,3.451,1.13995640722222,3.441
1.13921299972222,3.451,1.13918879083333,3.451,1.14023413833333,3.441
1.13949073277778,3.451,1.13946634527778,3.451,1.14051194444444,3.441
1.13976871472222,3.451,1.13974439388889,3.451,1.14078989888889,3.441
1.14004672361111,3.451,1.14002200805556,3.451,1.141067415,3.441
1.14032485555556,3.451,1.14030000527778,3.451,1.14134525388889,3.441
1.14060273055556,3.451,1.14057813583333,3.451,1.14162314888889,3.441
1.14088053138889,3.451,1.14085584833333,3.451,1.14190122777778,3.441
1.14115830277778,3.451,1.14113353861111,3.451,1.14217856305556,3.441
1.14143608916667,3.451,1.14141188583333,3.451,1.14245633472222,3.441
1.14171394555556,3.451,1.14168952611111,3.451,1.14273456861111,3.441
1.14199179694444,3.451,1.14196736861111,3.451,1.14301256055556,3.441
1.14226961194444,3.451,1.1422453325,3.451,1.14329059055556,3.441
1.14254736111111,3.451,1.14252321916667,3.451,1.14356837222222,3.441
1.14282503194444,3.451,1.14280089777778,3.451,1.14384613833333,3.441
1.14310304333333,3.451,1.143078805,3.451,1.14412394888889,3.441
1.14338082222222,3.451,1.14335667861111,3.451,1.14440142,3.441
1.14365888861111,3.451,1.14363455638889,3.451,1.14467953277778,3.441
1.14393683861111,3.451,1.14391251527778,3.451,1.14495703472222,3.441
1.14421484805556,3.451,1.14419030333333,3.451,1.14523509166667,3.441
1.14449259944444,3.451,1.14446816166667,3.451,1.14551284138889,3.441
1.14477043888889,3.451,1.14474592194444,3.451,1.14579047388889,3.441
1.14504821694444,3.451,1.14502374222222,3.451,1.14606864888889,3.441
1.14532594388889,3.451,1.14530135777778,3.451,1.14634641222222,3.441
1.14560341388889,3.451,1.14557922,3.451,1.146624455,3.441
1.14588161305556,3.451,1.14585695805556,3.451,1.14690240222222,3.441
1.14615931527778,3.451,1.14613449944444,3.451,1.14718044305556,3.441
1.14643715777778,3.451,1.14641297638889,3.451,1.14745831555556,3.441
1.14671491944444,3.451,1.146690345,3.451,1.14773614361111,3.441
1.14699269388889,3.451,1.14696845472222,3.451,1.148013835,3.441
1.14727052638889,3.451,1.14724613083333,3.451,1.14829165361111,3.441
1.14754853194444,3.451,1.1475244875,3.451,1.14856958888889,3.441
1.14782631861111,3.451,1.14780260972222,3.451,1.14884732194444,3.441
1.14810410583333,3.451,1.14808068222222,3.451,1.14912521472222,3.441
1.14838183944444,3.451,1.14835849138889,3.451,1.14940314805556,3.441
1.14865968055556,3.451,1.1486363675,3.451,1.14968065805556,3.441
1.14893742305556,3.451,1.14891433972222,3.451,1.14995849583333,3.441
1.14921548388889,3.451,1.14919245944444,3.451,1.15023632944444,3.451
1.14949316694444,3.451,1.14947027638889,3.451,1.15051409277778,3.441
1.14977118333333,3.451,1.149748245,3.451,1.15079204944444,3.441
1.15004881166667,3.451,1.15002609305556,3.451,1.15106935916667,3.441
1.15032664527778,3.451,1.15030409916667,3.451,1.15134746416667,3.441
1.15060476888889,3.451,1.15058187305556,3.451,1.1516252225,3.441
1.15088232194444,3.451,1.15085959888889,3.451,1.15190316166667,3.441
1.15116085555556,3.451,1.15113756888889,3.451,1.15218077333333,3.441
1.15143843972222,3.451,1.15141542527778,3.451,1.15245875888889,3.441
1.15171638,3.451,1.15169337111111,3.451,1.15273628444444,3.441
1.15199415583333,3.451,1.15197122861111,3.451,1.153013955,3.441
1.15227191305556,3.451,1.15224924916667,3.451,1.15329205111111,3.441
1.15254964111111,3.451,1.15252720916667,3.451,1.15356952861111,3.441
1.15282744916667,3.451,1.15280497555556,3.451,1.15384765861111,3.441
1.1531051675,3.451,1.15308291722222,3.451,1.15412553972222,3.441
1.15338340444444,3.451,1.15336051444444,3.451,1.15440339805556,3.441
1.15366145555556,3.451,1.15363827888889,3.451,1.15468104972222,3.441
1.15393904333333,3.451,1.15391624083333,3.451,1.15495886388889,3.441
1.15421681861111,3.451,1.15419393944444,3.451,1.15523665694444,3.441
1.15449477583333,3.451,1.15447201805556,3.451,1.15551424861111,3.441
1.15477219472222,3.451,1.15474949388889,3.451,1.15579226277778,3.441
1.15505050138889,3.451,1.15502763472222,3.451,1.15606993777778,3.441
1.15532826055556,3.451,1.15530545055556,3.451,1.15634786666667,3.441
1.15560601805556,3.451,1.15558321666667,3.451,1.15662575138889,3.441
1.15588393416667,3.451,1.15586110805556,3.451,1.15690371972222,3.441
1.15616207444444,3.451,1.15613905666667,3.451,1.15718137833333,3.441
1.156439845,3.451,1.1564171825,3.451,1.15745918833333,3.441
1.15671792805556,3.451,1.15669479083333,3.451,1.1577369825,3.441
1.15699576722222,3.451,1.15697246944444,3.451,1.158014565,3.441
1.15727361416667,3.451,1.15725002111111,3.451,1.15829247472222,3.441
1.1575514225,3.451,1.15752832722222,3.451,1.15857046888889,3.441
1.15782901527778,3.451,1.15780605888889,3.451,1.158848335,3.441
1.15810696638889,3.451,1.158083965,3.451,1.1591265175,3.441
1.15838484138889,3.451,1.15836207083333,3.451,1.15940419944444,3.441
1.15866269972222,3.451,1.15863984916667,3.451,1.15968229861111,3.441
1.15894039305556,3.451,1.15891772194444,3.451,1.15996000944444,3.441
1.15921796388889,3.451,1.15919560416667,3.451,1.16023760138889,3.451
1.15949622638889,3.451,1.15947355638889,3.461,1.16051555861111,3.441
1.1597740775,3.451,1.15975145,3.451,1.16079339805556,3.441
1.16005202527778,3.451,1.1600292225,3.451,1.16107103083333,3.441
1.16033004944444,3.451,1.16030678805556,3.451,1.16134900527778,3.441
1.160607965,3.451,1.16058454944444,3.451,1.16162700027778,3.441
1.16088578388889,3.451,1.16086261333333,3.451,1.16190487333333,3.441
1.1611634475,3.451,1.16114039166667,3.451,1.1621825275,3.441
1.16144135277778,3.451,1.16141815194444,3.451,1.16246048027778,3.441
1.16171904222222,3.451,1.16169593777778,3.451,1.16273848972222,3.451
1.16199667944444,3.451,1.16197361305556,3.451,1.16301593722222,3.451
1.16227466694444,3.451,1.1622515125,3.451,1.16329380055556,3.441
1.16255248305556,3.451,1.1625289575,3.451,1.16357157972222,3.441
1.16283030111111,3.451,1.16280704333333,3.451,1.16384997388889,3.441
1.16310802611111,3.451,1.16308445638889,3.451,1.16412772083333,3.441
1.16338581222222,3.451,1.16336264305556,3.451,1.1644054425,3.441
1.16366359638889,3.451,1.16364040722222,3.451,1.16468309388889,3.441
1.16394131611111,3.451,1.16391807083333,3.451,1.16496106194444,3.441
1.16421873194444,3.451,1.16419566611111,3.451,1.16523901222222,3.441
1.16449722277778,3.451,1.16447372527778,3.461,1.16551677111111,3.441
1.16477480916667,3.451,1.16475120611111,3.451,1.16579441666667,3.441
1.16505302861111,3.451,1.16502912444444,3.451,1.16607218444444,3.441
1.16533067194444,3.451,1.16530702666667,3.451,1.16635007527778,3.441
1.16560860694444,3.451,1.16558506416667,3.451,1.16662795833333,3.441
1.16588638944444,3.451,1.16586263527778,3.451,1.16690601888889,3.441
1.16616390861111,3.451,1.16614059972222,3.461,1.16718394527778,3.441
1.16644188861111,3.451,1.16641859444444,3.451,1.1674615,3.441
1.16671952,3.451,1.16669647611111,3.451,1.16773945388889,3.441
1.16699733305556,3.451,1.16697442111111,3.451,1.16801730222222,3.441
1.16727508,3.451,1.16725246083333,3.451,1.16829497638889,3.441
1.16755330416667,3.451,1.16753023,3.451,1.16857286694444,3.441
1.167831155,3.451,1.16780783666667,3.451,1.16885056972222,3.441
1.16810894361111,3.451,1.16808553666667,3.451,1.16912841361111,3.441
1.16838669694444,3.451,1.16836350861111,3.451,1.1694060725,3.441
1.16866451638889,3.451,1.16864090833333,3.461,1.1696838125,3.441
1.16894225888889,3.451,1.16891898138889,3.451,1.16996176083333,3.441
1.16921993861111,3.451,1.16919643388889,3.451,1.17023955638889,3.441
1.16949799833333,3.451,1.16947477194444,3.451,1.17051739138889,3.441
1.16977615527778,3.451,1.16975268805556,3.451,1.17079526222222,3.451
1.17005389111111,3.451,1.1700308,3.451,1.1710732925,3.441
1.17033149444444,3.451,1.17030864166667,3.451,1.17135125305556,3.441
1.17060971166667,3.451,1.17058659388889,3.451,1.17162956638889,3.441
1.17088759333333,3.451,1.17086433527778,3.451,1.17190727416667,3.441
1.17116558722222,3.451,1.17114217222222,3.451,1.17218502277778,3.441
1.17144318555556,3.451,1.17141988222222,3.451,1.17246293194444,3.441
1.17172124777778,3.451,1.17169776416667,3.451,1.17274028416667,3.441
1.17199897638889,3.451,1.17197533027778,3.451,1.1730181725,3.441
1.1722768475,3.451,1.17225357083333,3.451,1.17329613361111,3.441
1.17255475305556,3.451,1.17253115277778,3.451,1.17357397777778,3.441
1.17283264,3.451,1.17280906,3.451,1.17385170222222,3.441
1.17311063694444,3.451,1.17308690388889,3.451,1.17412937,3.451
1.17338858805556,3.451,1.17336468694444,3.451,1.17440695472222,3.441
1.17366630444444,3.451,1.17364246055556,3.451,1.17468503472222,3.441
1.17394405805556,3.451,1.17392005416667,3.451,1.17496273916667,3.441
1.17422186333333,3.451,1.17419782333333,3.461,1.17524049916667,3.441
1.17449965333333,3.451,1.17447547027778,3.451,1.17551823972222,3.441
1.17477739388889,3.451,1.17475352277778,3.451,1.17579649388889,3.441
1.17505497111111,3.451,1.17503113222222,3.451,1.17607381555556,3.441
1.17533295861111,3.451,1.17530911416667,3.451,1.17635208083333,3.441
1.17561080861111,3.451,1.17558658944444,3.461,1.17662970416667,3.441
1.17588838361111,3.451,1.1758644625,3.451,1.17690755111111,3.451
1.17616632416667,3.451,1.17614236083333,3.451,1.17718510805556,3.441
1.17644405444444,3.451,1.1764200375,3.451,1.17746304944444,3.451
1.17672207416667,3.451,1.17669801805556,3.451,1.17774114361111,3.441
1.17700004833333,3.451,1.17697559777778,3.451,1.17801919638889,3.441
1.17727804277778,3.451,1.17725346833333,3.451,1.17829692777778,3.441
1.17755577611111,3.451,1.17753132833333,3.451,1.17857439861111,3.441
1.17783338111111,3.451,1.17780922361111,3.461,1.17885240861111,3.441
1.17811144166667,3.451,1.17808714027778,3.451,1.17913020416667,3.441
1.17838934194444,3.451,1.1783647475,3.451,1.17940856833333,3.441
1.17866714361111,3.451,1.1786425975,3.451,1.17968641138889,3.441
1.17894492555556,3.451,1.17892045916667,3.461,1.17996410722222,3.451
1.17922261666667,3.451,1.179198175,3.451,1.18024230027778,3.451
1.17950060861111,3.451,1.17947588694444,3.451,1.18052000527778,3.441
1.17977833888889,3.451,1.17975375388889,3.461,1.18079821083333,3.441
1.18005605833333,3.451,1.18003184083333,3.451,1.18107601722222,3.441
1.18033398166667,3.451,1.18030965527778,3.451,1.18135396194444,3.441
1.18061193222222,3.451,1.18058748527778,3.461,1.181631665,3.451
1.18088972444444,3.451,1.180865605,3.461,1.1819098875,3.451
1.181167275,3.451,1.1811434225,3.451,1.18218748027778,3.441
1.18144527388889,3.451,1.18142169583333,3.451,1.18246556138889,3.441
1.18172258222222,3.461,1.181699455,3.451,1.18274316055556,3.441
1.18200086555556,3.451,1.18197762666667,3.451,1.18302151055556,3.441
1.18227865138889,3.451,1.182255205,3.451,1.18329899944444,3.441
1.18255649472222,3.451,1.18253296194444,3.451,1.18357694472222,3.451
1.18283427694444,3.451,1.18281110055556,3.451,1.18385485861111,3.441
1.18311213916667,3.451,1.18308906555556,3.451,1.18413222611111,3.441
1.18338984861111,3.451,1.18336721944444,3.451,1.18441019333333,3.451
1.18366765583333,3.451,1.18364490638889,3.451,1.18468815944444,3.441
1.18394545444444,3.451,1.18392300777778,3.451,1.18496603277778,3.441
1.18422339277778,3.451,1.18420077638889,3.451,1.18524395388889,3.451
1.18450141722222,3.451,1.18447862638889,3.461,1.18552196527778,3.441
1.18477914138889,3.451,1.18475630972222,3.461,1.18579962111111,3.441
1.18505652527778,3.451,1.18503423222222,3.451,1.18607760333333,3.451
1.18533468111111,3.451,1.18531216527778,3.461,1.18635520055556,3.441
1.18561252833333,3.451,1.18558987388889,3.451,1.18663320055556,3.451
1.18589029194444,3.451,1.18586765583333,3.451,1.18691126222222,3.441
1.18616829777778,3.451,1.18614574888889,3.451,1.18718858,3.441
1.18644594444444,3.451,1.18642366222222,3.461,1.18746659166667,3.441
1.18672382055556,3.451,1.18670146694444,3.451,1.18774484027778,3.441
1.18700159444444,3.451,1.18697947166667,3.451,1.18802263388889,3.451
1.18727937361111,3.451,1.1872572375,3.451,1.18830050138889,3.441
1.18755700222222,3.451,1.18753532138889,3.461,1.18857844805556,3.451
1.18783487388889,3.451,1.18781312194444,3.451,1.18885611333333,3.451
1.18811280833333,3.451,1.18809115166667,3.461,1.18913393722222,3.441
1.18839038777778,3.451,1.18836934722222,3.451,1.18941145194444,3.441
1.18866826055556,3.461,1.18864706166667,3.461,1.18968961972222,3.441
1.18894594583333,3.451,1.18892501777778,3.451,1.18996743694444,3.441
1.18922377055556,3.451,1.18920290083333,3.461,1.19024561305556,3.441
1.18950174222222,3.451,1.18948096055556,3.451,1.19052348138889,3.441
1.18977953583333,3.461,1.18975836722222,3.451,1.19080127583333,3.451
1.19005783888889,3.451,1.1900366375,3.461,1.19107906916667,3.441
1.19033532944444,3.451,1.19031450916667,3.461,1.19135695277778,3.441
1.19061334055556,3.451,1.19059242805556,3.461,1.19163472083333,3.441
1.19089101888889,3.451,1.19087037111111,3.451,1.19191269138889,3.441
1.19116871111111,3.451,1.19114818416667,3.461,1.19219052611111,3.451
1.19144625583333,3.461,1.19142616638889,3.461,1.19246831416667,3.451
1.19172447277778,3.451,1.191704115,3.451,1.19274613611111,3.441
1.1920020575,3.451,1.19198142388889,3.461,1.19302392277778,3.441
1.19228029777778,3.461,1.19225938638889,3.451,1.19330156694444,3.441
1.19255838638889,3.451,1.19253732861111,3.451,1.19357971861111,3.441
1.19283624055556,3.451,1.19281510472222,3.451,1.19385770916667,3.441
1.19311421416667,3.461,1.19309294416667,3.451,1.19413565805556,3.451
1.19339211361111,3.451,1.19337071527778,3.451,1.19441336666667,3.441
1.19366980972222,3.451,1.19364841805556,3.451,1.19469131583333,3.441
1.19394779527778,3.451,1.19392642277778,3.461,1.19496949861111,3.441
1.19422584611111,3.451,1.19420430111111,3.461,1.19524727083333,3.441
1.19450355277778,3.451,1.19448205666667,3.461,1.19552504527778,3.451
1.1947812075,3.451,1.19475982222222,3.461,1.19580318222222,3.451
1.19505910833333,3.451,1.19503754555556,3.451,1.19608123055556,3.451
1.19533709888889,3.461,1.19531554583333,3.461,1.19635907777778,3.451
1.195614925,3.451,1.19559340722222,3.451,1.19663687694444,3.451
1.19589270055556,3.451,1.19587139611111,3.451,1.19691476555556,3.441
1.19617037777778,3.451,1.19614934388889,3.451,1.19719260694444,3.451
1.196448585,3.451,1.19642669027778,3.451,1.19747055222222,3.451
1.19672638555556,3.451,1.19670495416667,3.461,1.19774832888889,3.451
1.19700406416667,3.451,1.19698265916667,3.461,1.19802609416667,3.441
1.19728200861111,3.451,1.19726087222222,3.461,1.19830353166667,3.441
1.19755992027778,3.461,1.19753870555556,3.461,1.19858165694444,3.451
1.19783767305556,3.461,1.197816645,3.461,1.19885936416667,3.451
1.19811558194444,3.451,1.19809424611111,3.451,1.1991373525,3.441
1.19839323166667,3.451,1.19837256722222,3.461,1.19941518194444,3.441
1.19867135388889,3.461,1.19865046694444,3.451,1.19969327916667,3.441
1.19894909833333,3.451,1.19892804722222,3.451,1.19997112638889,3.441
1.19922690888889,3.451,1.19920605055556,3.461,1.20024902361111,3.451
1.19950449638889,3.451,1.19948394361111,3.461,1.20052674666667,3.441
1.1997823425,3.451,1.19976198416667,3.461,1.20080450083333,3.451
1.20006050555556,3.451,1.20003991305556,3.461,1.20108224833333,3.441
1.20033839305556,3.461,1.20031783694444,3.461,1.20135998805556,3.451
1.20061655333333,3.451,1.20059590916667,3.461,1.20163801027778,3.441
1.20089456055556,3.451,1.20087369444444,3.451,1.20191594972222,3.451
1.20117247166667,3.461,1.20115144305556,3.461,1.20219356472222,3.451
1.20145066305556,3.451,1.20142925527778,3.461,1.20247159388889,3.451
1.20172882888889,3.451,1.20170706277778,3.461,1.20274916,3.441
1.20200654444444,3.461,1.20198526583333,3.461,1.20302743194444,3.451
1.20228419833333,3.451,1.20226262694444,3.461,1.20330537861111,3.441
1.20256208388889,3.461,1.20254058833333,3.461,1.203583215,3.451
1.20283994027778,3.461,1.20281853111111,3.461,1.20386129527778,3.441
1.203117645,3.461,1.20309628888889,3.461,1.20413933277778,3.441
1.20339550972222,3.461,1.20337393277778,3.451,1.20441692527778,3.451
1.20367332027778,3.451,1.20365205111111,3.461,1.20469504027778,3.451
1.20395107722222,3.451,1.20392982083333,3.451,1.20497261972222,3.441
1.20422890055556,3.451,1.20420748611111,3.451,1.20525047333333,3.451
1.20450640694444,3.451,1.20448534861111,3.461,1.20552812305556,3.451
1.204784215,3.461,1.20476387055556,3.451,1.20580622777778,3.451
1.20506200972222,3.451,1.20504222305556,3.461,1.20608398805556,3.441
1.20533992555556,3.451,1.20531991694444,3.461,1.20636162388889,3.441
1.20561766111111,3.451,1.20559784611111,3.451,1.20663955166667,3.451
1.20589538444444,3.451,1.20587546277778,3.461,1.20691716638889,3.451
1.20617348333333,3.461,1.20615360305556,3.461,1.20719539944444,3.441
1.20645121833333,3.451,1.20643138944444,3.461,1.20747334444444,3.451
1.20672917527778,3.461,1.20670930722222,3.451,1.20775123861111,3.451
1.20700690027778,3.461,1.206986845,3.461,1.2080287975,3.441
1.20728475083333,3.451,1.20726479027778,3.451,1.20830684277778,3.441
1.20756287666667,3.461,1.20754309055556,3.461,1.20858504638889,3.451
1.20784119777778,3.451,1.20782094444444,3.461,1.20886273222222,3.441
1.20811915305556,3.461,1.20809846555556,3.461,1.2091404425,3.451
1.20839692277778,3.461,1.20837646583333,3.451,1.20941825083333,3.451
1.20867469666667,3.451,1.20865391555556,3.461,1.209695775,3.451
1.20895245027778,3.461,1.20893204361111,3.461,1.20997409638889,3.441
1.20923019972222,3.461,1.20920982166667,3.461,1.21025196416667,3.441
1.20950798833333,3.461,1.20948752277778,3.461,1.21053008805556,3.451
1.20978584888889,3.461,1.20976549861111,3.461,1.21080771944444,3.451
1.21006352055556,3.451,1.21004371416667,3.461,1.21108567055556,3.451
1.21034110944444,3.461,1.21032175833333,3.461,1.21136344666667,3.441
1.21061880166667,3.451,1.21059950805556,3.461,1.21164100277778,3.441
1.21089691638889,3.461,1.21087730833333,3.461,1.21191896916667,3.451
1.21117472555556,3.451,1.21115517527778,3.461,1.21219651666667,3.451
1.21145250388889,3.461,1.21143311138889,3.461,1.21247456638889,3.451
1.21173023694444,3.451,1.21171108833333,3.461,1.21275242194444,3.451
1.21200806055556,3.461,1.21198897138889,3.461,1.21303032138889,3.451
1.21228574583333,3.461,1.21226678944444,3.461,1.21330809694444,3.451
1.21256361555556,3.461,1.21254477944444,3.461,1.21358586194444,3.451
1.2128413725,3.461,1.21282253361111,3.461,1.21386382861111,3.451
1.21311911194444,3.461,1.21310053416667,3.461,1.21414211055556,3.451
1.21339725805556,3.461,1.21337839277778,3.461,1.21441981055556,3.451
1.213675125,3.461,1.213656335,3.461,1.2146975975,3.451
1.21395290805556,3.461,1.21393378861111,3.461,1.21497518805556,3.451
1.21423071666667,3.461,1.21421179611111,3.461,1.21525330666667,3.441
1.21450865472222,3.461,1.21448998694444,3.461,1.21553105972222,3.451
1.21478671416667,3.461,1.21476772055556,3.461,1.21580930277778,3.451
1.21506445777778,3.461,1.21504587777778,3.461,1.21608716305556,3.451
1.21534223583333,3.461,1.21532358138889,3.461,1.21636495472222,3.451
1.21562013777778,3.461,1.21560170527778,3.461,1.21664274444444,3.451
1.21589813361111,3.461,1.21587952138889,3.461,1.21692046416667,3.451
1.21617577083333,3.461,1.21615759583333,3.461,1.21719857305556,3.451
1.21645385722222,3.451,1.21643563083333,3.461,1.21747679694444,3.441
1.21673159472222,3.461,1.21671359944444,3.451,1.21775477444444,3.441
1.21700939361111,3.461,1.21699164611111,3.461,1.2180324825,3.451
1.2172871025,3.461,1.217269775,3.461,1.21831071722222,3.451
1.21756493027778,3.451,1.21754776638889,3.461,1.21858811611111,3.441
1.21784264722222,3.461,1.21782581805556,3.461,1.21886574944444,3.451
1.21812036,3.461,1.21810377027778,3.461,1.219143715,3.451
1.21839814444444,3.461,1.21838192972222,3.461,1.21942129,3.451
1.2186762,3.461,1.21865979944444,3.461,1.21969958138889,3.451
1.21895409611111,3.451,1.21893760472222,3.461,1.21997720611111,3.441
1.21923177722222,3.451,1.21921538805556,3.461,1.22025491722222,3.441
1.21951002111111,3.461,1.21949310694444,3.461,1.22053300805556,3.451
1.21978791527778,3.461,1.21977094916667,3.461,1.22081068194444,3.451
1.2200657175,3.451,1.22004872138889,3.461,1.22108849944444,3.451
1.22034363166667,3.461,1.22032644361111,3.461,1.22136619194444,3.451
1.22062130361111,3.461,1.22060449972222,3.461,1.22164392361111,3.451
1.22089871944444,3.451,1.22088244361111,3.461,1.22192161583333,3.451
1.22117687194444,3.461,1.22116037305556,3.461,1.22219986888889,3.451
1.22145425055556,3.461,1.22143820361111,3.461,1.2224777625,3.451
1.22173221722222,3.461,1.22171644305556,3.461,1.22275572722222,3.451
1.22201000972222,3.461,1.22199420861111,3.461,1.223033375,3.451
1.22228807888889,3.451,1.22227227083333,3.461,1.2233118475,3.451
1.22256602805556,3.461,1.22255036527778,3.461,1.22358928166667,3.451
1.22284371333333,3.461,1.2228284175,3.461,1.22386721611111,3.451
1.22312148777778,3.451,1.22310607666667,3.461,1.22414518861111,3.451
1.22339984055556,3.461,1.22338420083333,3.461,1.22442318638889,3.451
1.22367756527778,3.461,1.22366199194444,3.461,1.22470087138889,3.451
1.22395577027778,3.461,1.22393946861111,3.461,1.22497865555556,3.451
1.22423348444444,3.461,1.22421784305556,3.461,1.22525656361111,3.451
1.22451146666667,3.461,1.22449537305556,3.461,1.22553508861111,3.451
1.22478947944444,3.461,1.22477337,3.461,1.22581279111111,3.451
1.22506737138889,3.461,1.22505141083333,3.461,1.22609052638889,3.451
1.22534537666667,3.461,1.22532951416667,3.461,1.22636852194444,3.451
1.22562322138889,3.461,1.22560744388889,3.461,1.2266460175,3.451
1.22590104777778,3.461,1.22588506805556,3.461,1.22692445972222,3.451
1.22617875944444,3.461,1.22616330555556,3.461,1.227202325,3.451
1.226456725,3.461,1.22644132388889,3.461,1.22747993416667,3.451
1.22673467416667,3.461,1.22671898416667,3.461,1.22775779944444,3.451
1.22701230777778,3.461,1.22699720444444,3.461,1.22803566861111,3.451
1.22729066583333,3.451,1.22727517805556,3.461,1.22831351805556,3.451
1.22756880722222,3.461,1.22755293972222,3.461,1.22859144166667,3.451
1.22784655666667,3.461,1.22783088194444,3.461,1.22886919666667,3.451
1.22812439555556,3.461,1.22810859111111,3.461,1.22914741805556,3.451
1.22840252222222,3.461,1.22838640583333,3.461,1.22942537861111,3.451
1.22868016888889,3.461,1.2286639575,3.461,1.22970325666667,3.451
1.22895816583333,3.461,1.22894174083333,3.461,1.22998109944444,3.451
1.22923572638889,3.461,1.22921982833333,3.461,1.23025897722222,3.451
1.22951374583333,3.461,1.22949755277778,3.461,1.23053684305556,3.451
1.22979161833333,3.461,1.22977558944444,3.461,1.23081436888889,3.451
1.23006933583333,3.461,1.23005363472222,3.461,1.23109215333333,3.451
1.23034737611111,3.461,1.23033163805556,3.461,1.23137003055556,3.451
1.23062533277778,3.461,1.23060947805556,3.461,1.23164773861111,3.451
1.2309028875,3.461,1.2308873325,3.461,1.23192561305556,3.451
1.23118090222222,3.461,1.23116518583333,3.461,1.23220345055556,3.451
1.23145867944444,3.461,1.23144305361111,3.461,1.2324813375,3.451
1.23173624944444,3.461,1.23172097305556,3.461,1.23275918027778,3.451
1.23201438555556,3.461,1.23199886611111,3.461,1.23303753277778,3.451
1.232292005,3.461,1.23227668388889,3.461,1.23331526027778,3.451
1.23257006583333,3.461,1.23255465083333,3.461,1.23359317694444,3.451
1.23284799611111,3.461,1.2328321525,3.461,1.23387104611111,3.451
1.2331254075,3.461,1.23311025611111,3.461,1.23414865361111,3.451
1.2334036475,3.461,1.23338765416667,3.461,1.2344266225,3.451
1.23368119361111,3.461,1.23366559888889,3.461,1.23470456638889,3.451
1.23395875111111,3.461,1.23394330111111,3.461,1.23498240611111,3.451
1.23423706055556,3.461,1.234221495,3.461,1.23526042583333,3.451
1.23451501777778,3.461,1.234498985,3.461,1.23553833055556,3.451
1.23479263611111,3.461,1.23477736388889,3.461,1.23581637972222,3.451
1.23507055944444,3.461,1.23505484361111,3.461,1.23609416916667,3.451
1.23534864638889,3.461,1.23533303194444,3.461,1.23637220222222,3.451
1.23562652333333,3.461,1.2356107325,3.461,1.23665009111111,3.451
1.23590451194444,3.461,1.23588882666667,3.461,1.23692847305556,3.451
1.23618209527778,3.461,1.23616634138889,3.461,1.23720646472222,3.451
1.2364599975,3.461,1.23644434444444,3.461,1.23748381,3.451
1.23673789555556,3.461,1.23672198388889,3.461,1.23776209916667,3.451
1.23701575694444,3.461,1.23699982166667,3.461,1.2380399275,3.451
1.23729346166667,3.461,1.23727771166667,3.461,1.2383178075,3.451
1.23757130805556,3.461,1.23755557944444,3.461,1.23859546944444,3.451
1.237848975,3.461,1.23783375722222,3.461,1.23887330305556,3.451
1.23812755222222,3.461,1.23811171638889,3.461,1.23915110361111,3.451
1.23840552361111,3.461,1.23838957166667,3.461,1.23942887333333,3.451
1.23868332555556,3.461,1.23866774861111,3.461,1.23970682222222,3.451
1.2389610375,3.461,1.23894550833333,3.461,1.23998434888889,3.451
1.23923882888889,3.461,1.23922338388889,3.461,1.24026257111111,3.451
1.23951655527778,3.461,1.23950131694444,3.461,1.24054047833333,3.451
1.23979448055556,3.461,1.2397790975,3.461,1.24081844388889,3.451
1.24007215722222,3.461,1.24005682777778,3.461,1.24109633472222,3.451
1.24034990861111,3.461,1.24033445277778,3.461,1.24137405333333,3.451
1.24062769944444,3.461,1.24061241722222,3.461,1.24165195611111,3.441
1.24090551194444,3.461,1.24089025638889,3.461,1.24192980916667,3.441
1.24118336333333,3.461,1.24116779305556,3.461,1.24220765111111,3.451
1.24146144638889,3.461,1.24144573527778,3.461,1.24248548222222,3.451
1.24173947861111,3.461,1.24172335277778,3.461,1.24276351,3.451
1.24201730111111,3.461,1.24200146388889,3.461,1.24304106972222,3.451
1.24229523472222,3.461,1.24227924972222,3.461,1.24331931472222,3.451
1.24257315861111,3.461,1.24255706055556,3.461,1.24359752944444,3.451
1.24285125361111,3.461,1.24283481416667,3.461,1.24387541555556,3.451
1.24312895416667,3.461,1.24311260305556,3.461,1.24415333666667,3.451
1.24340704194444,3.461,1.24339037638889,3.461,1.24443139666667,3.451
1.24368471055556,3.461,1.24366815388889,3.461,1.24470936472222,3.451
1.24396263527778,3.461,1.243945855,3.461,1.24498721361111,3.451
1.24424069638889,3.461,1.24422369305556,3.461,1.24526490138889,3.451
1.24451848083333,3.461,1.24450148388889,3.461,1.24554249611111,3.451
1.2447962575,3.461,1.24477927916667,3.461,1.24582061916667,3.451
1.24507424666667,3.461,1.24505705722222,3.461,1.24609797472222,3.451
1.245352235,3.461,1.24533501305556,3.461,1.24637611472222,3.451
1.24562994805556,3.461,1.24561299055556,3.461,1.24665352222222,3.451
1.24590785222222,3.461,1.24589083861111,3.461,1.24693155472222,3.451
1.24618566583333,3.461,1.24616840055556,3.461,1.24720935722222,3.451
1.24646349,3.461,1.24644645583333,3.461,1.24748726111111,3.451
1.24674136138889,3.461,1.24672438305556,3.461,1.24776500611111,3.451
1.2470190075,3.461,1.24700213944444,3.461,1.24804276055556,3.451
1.24729693055556,3.461,1.24728001,3.461,1.24832029361111,3.451
1.24757464666667,3.461,1.24755761083333,3.461,1.24859804722222,3.451
1.24785249194444,3.461,1.24783546388889,3.461,1.24887581111111,3.451
1.24813022638889,3.461,1.24811315777778,3.461,1.24915359027778,3.451
1.24840801111111,3.461,1.24839107,3.461,1.24943176638889,3.451
1.24868584138889,3.461,1.24866869111111,3.461,1.2497096375,3.451
1.24896393638889,3.461,1.24894700694444,3.461,1.2499874275,3.451
1.24924177,3.461,1.24922447416667,3.461,1.25026583638889,3.451
1.24951978833333,3.461,1.24950268055556,3.461,1.25054375638889,3.451
1.24979747861111,3.461,1.24978053138889,3.461,1.25082163305556,3.451
1.25007525083333,3.461,1.25005821638889,3.461,1.25109953277778,3.451
1.25035303166667,3.461,1.25033609416667,3.461,1.25137730611111,3.451
1.25063086222222,3.461,1.25061398083333,3.461,1.2516549275,3.441
1.250908645,3.461,1.25089173333333,3.461,1.25193291027778,3.451
1.25118677194444,3.461,1.25116969805556,3.461,1.25221080861111,3.451
1.25146479777778,3.461,1.25144722583333,3.461,1.25248879055556,3.451
1.2517427025,3.461,1.25172523666667,3.461,1.25276663055556,3.451
1.25202056833333,3.461,1.25200254944444,3.461,1.25304486416667,3.451
1.25229875111111,3.461,1.25228091305556,3.461,1.25332280027778,3.451
1.252576535,3.461,1.25255889111111,3.461,1.25360042833333,3.451
1.252854645,3.461,1.25283691583333,3.461,1.25387837388889,3.451
1.25313244055556,3.461,1.25311424694444,3.461,1.25415609694444,3.451
1.25341023166667,3.461,1.253392255,3.461,1.2544339575,3.451
1.25368793416667,3.461,1.25367027694444,3.461,1.25471143166667,3.451
1.25396573333333,3.461,1.25394830111111,3.461,1.25498957277778,3.451
1.25424350444444,3.461,1.25422567361111,3.461,1.25526732944444,3.451
1.25452116944444,3.461,1.25450370055556,3.461,1.25554520027778,3.451
1.25479905777778,3.461,1.25478179166667,3.461,1.25582298555556,3.451
1.25507651277778,3.461,1.25505996222222,3.461,1.25610112472222,3.451
1.25535455277778,3.461,1.25533756083333,3.461,1.25637922611111,3.451
1.25563229555556,3.461,1.25561538194444,3.461,1.25665688305556,3.451
1.25591015166667,3.461,1.2558934875,3.461,1.25693472944444,3.451
1.25618797694444,3.461,1.25617132527778,3.461,1.25721267555556,3.451
1.25646579055556,3.461,1.25644906666667,3.461,1.25749039333333,3.451
1.25674342944444,3.461,1.25672720222222,3.461,1.25776830194444,3.451
1.25702131555556,3.461,1.25700471,3.461,1.25804619416667,3.451
1.25729910666667,3.461,1.25728265222222,3.461,1.25832390527778,3.451
1.25757684888889,3.461,1.25756006055556,3.461,1.25860171083333,3.451
1.25785466277778,3.461,1.25783810722222,3.461,1.25888001333333,3.451
1.25813235361111,3.461,1.25811608083333,3.461,1.25915773277778,3.451
1.25841021166667,3.461,1.2583936825,3.461,1.25943601583333,3.451
1.25868811361111,3.461,1.25867162111111,3.461,1.25971404861111,3.451
1.25896598805556,3.461,1.25894929388889,3.461,1.25999187416667,3.451
1.25924401833333,3.461,1.25922671416667,3.461,1.26026996388889,3.451
1.2595218825,3.461,1.25950500527778,3.461,1.26054761833333,3.451
1.2597996825,3.461,1.25978289416667,3.461,1.2608256525,3.441
1.26007727944444,3.461,1.26006062055556,3.461,1.2611034025,3.451
1.26035511722222,3.461,1.26033839722222,3.461,1.26138107555556,3.451
1.26063309861111,3.461,1.26061647305556,3.461,1.26165921777778,3.451
1.26091113666667,3.461,1.26089441722222,3.461,1.26193696944444,3.451
1.26118915833333,3.461,1.26117219472222,3.461,1.26221464388889,3.451
1.26146674111111,3.461,1.26144995555556,3.461,1.26249243861111,3.451
1.26174478333333,3.461,1.26172775972222,3.461,1.26276999833333,3.451
1.26202238666667,3.461,1.26200582777778,3.461,1.26304804472222,3.451
1.26230031833333,3.461,1.26228370638889,3.461,1.26332581916667,3.451
1.26257820777778,3.461,1.26256164472222,3.461,1.26360378666667,3.451
1.26285613027778,3.461,1.26283974027778,3.461,1.26388144166667,3.451
1.26313383388889,3.461,1.26311774111111,3.461,1.26415911277778,3.451
1.26341137416667,3.461,1.26339577833333,3.461,1.26443697361111,3.451
1.26368925916667,3.461,1.26367337666667,3.461,1.26471478194444,3.451
1.26396739916667,3.461,1.26395154833333,3.461,1.26499258361111,3.451
1.26424542333333,3.461,1.26422925888889,3.461,1.26527034833333,3.451
1.26452370416667,3.461,1.26450727722222,3.461,1.265548235,3.451
1.2648017325,3.461,1.26478505222222,3.461,1.26582611638889,3.451
1.26507934777778,3.461,1.26506278722222,3.461,1.26610386472222,3.451
1.26535712305556,3.461,1.2653408675,3.461,1.26638157666667,3.451
1.26563480222222,3.461,1.26561848555556,3.461,1.26665971111111,3.451
1.265912805,3.461,1.26589619583333,3.461,1.26693744777778,3.451
1.26619086805556,3.461,1.26617439555556,3.461,1.26721519111111,3.451
1.26646848333333,3.461,1.26645226611111,3.461,1.26749333527778,3.451
1.26674645361111,3.461,1.26672996166667,3.461,1.26777120833333,3.451
1.26702446972222,3.461,1.26700752861111,3.461,1.26804888944444,3.451
1.26730206194444,3.461,1.26728582194444,3.461,1.26832660027778,3.451
1.26758026916667,3.461,1.26756338555556,3.461,1.26860466833333,3.451
1.26785801444444,3.461,1.26784167305556,3.461,1.26888265694444,3.451
1.26813588416667,3.461,1.26811927583333,3.461,1.26916024944444,3.451
1.26841392388889,3.461,1.26839706694444,3.461,1.26943797638889,3.451
1.26869194277778,3.461,1.26867545861111,3.472,1.26971604666667,3.451
1.26896960472222,3.461,1.26895323583333,3.461,1.26999432805556,3.451
1.269247705,3.461,1.26923086833333,3.461,1.27027194805556,3.451
1.26952525944444,3.461,1.26950878722222,3.461,1.27054965805556,3.451
1.26980320444444,3.461,1.26978635694444,3.461,1.27082784361111,3.451
1.27008106722222,3.461,1.27006441694444,3.461,1.27110590361111,3.451
1.27035887972222,3.461,1.27034198305556,3.461,1.27138397583333,3.451
1.27063657222222,3.461,1.27062005305556,3.461,1.27166163638889,3.451
1.27091425805556,3.461,1.27089772861111,3.461,1.27193970833333,3.451
1.27119188944444,3.461,1.271175505,3.461,1.2722179425,3.451
1.27147007611111,3.461,1.27145335888889,3.461,1.27249546722222,3.451
1.27174834555556,3.461,1.27173159166667,3.461,1.27277367333333,3.451
1.27202598888889,3.461,1.27200910833333,3.461,1.27305179694444,3.451
1.27230383638889,3.461,1.27228679083333,3.461,1.27332963361111,3.451
1.27258158222222,3.461,1.27256504305556,3.461,1.27360731444444,3.451
1.27285935583333,3.461,1.27284294916667,3.461,1.27388550388889,3.451
1.27313709638889,3.461,1.2731205875,3.461,1.2741633,3.451
1.27341495083333,3.461,1.2733988325,3.461,1.27444124333333,3.451
1.27369266416667,3.461,1.27367659472222,3.461,1.27471922166667,3.451
1.27397056194444,3.461,1.2739545675,3.461,1.27499662027778,3.451
1.27424867555556,3.461,1.274232535,3.461,1.27527474222222,3.451
1.27452642861111,3.461,1.27451048944444,3.461,1.27555269694444,3.451
1.27480447361111,3.461,1.27478828083333,3.461,1.27583057638889,3.451
1.27508227527778,3.461,1.27506597805556,3.461,1.27610850916667,3.451
1.27536009722222,3.461,1.27534383833333,3.461,1.27638643805556,3.451
1.27563810944444,3.461,1.27562160555556,3.461,1.27666412138889,3.451
1.27591601611111,3.461,1.27589940833333,3.461,1.27694197277778,3.451
1.27619385166667,3.461,1.27617736166667,3.461,1.27721985222222,3.451
1.27647170861111,3.461,1.27645528638889,3.461,1.27749772361111,3.451
1.27674949166667,3.461,1.27673343055556,3.461,1.27777551388889,3.451
1.27702742194444,3.461,1.27701102027778,3.461,1.27805343277778,3.451
1.27730507944444,3.472,1.27728896833333,3.461,1.27833158166667,3.451
1.27758322277778,3.461,1.27756669416667,3.461,1.27860941416667,3.451
1.27786125972222,3.461,1.2778447325,3.461,1.27888728194444,3.451
1.2781390575,3.472,1.27812249083333,3.461,1.27916544138889,3.451
1.27841727777778,3.461,1.27840024111111,3.461,1.27944346333333,3.451
1.27869538222222,3.461,1.27867835555556,3.461,1.27972134305556,3.451
1.27897320027778,3.461,1.27895605138889,3.461,1.2799990875,3.451
1.27925098083333,3.461,1.27923414027778,3.472,1.28027704916667,3.451
1.27952876222222,3.461,1.27951169583333,3.472,1.28055462,3.451
1.27980645638889,3.461,1.27978993833333,3.461,1.28083265916667,3.451
1.28008433777778,3.461,1.28006793888889,3.461,1.28111052972222,3.451
1.28036187,3.461,1.28034593111111,3.461,1.28138848527778,3.451
1.28063964361111,3.461,1.28062351166667,3.461,1.28166626888889,3.451
1.28091767138889,3.461,1.28090149,3.461,1.28194379722222,3.451
1.28119532944444,3.461,1.2811795275,3.472,1.282222035,3.451
1.28147330277778,3.461,1.28145752888889,3.461,1.28249995416667,3.451
1.2817510175,3.461,1.28173531055556,3.472,1.28277787583333,3.451
1.28202876277778,3.461,1.28201340722222,3.472,1.28305605166667,3.451
1.28230653138889,3.461,1.28229133083333,3.461,1.28333379972222,3.451
1.282584285,3.461,1.28256879166667,3.461,1.28361167333333,3.451
1.28286255444444,3.461,1.28284643861111,3.461,1.28388955944444,3.451
1.28314011083333,3.472,1.28312421638889,3.472,1.28416687972222,3.451
1.28341772916667,3.461,1.28340198,3.461,1.28444523111111,3.451
1.28369559638889,3.461,1.28368024388889,3.461,1.28472302833333,3.451
1.28397362361111,3.472,1.28395793166667,3.472,1.28500101,3.451
1.284251285,3.461,1.28423601388889,3.472,1.28527852083333,3.451
1.28452917777778,3.472,1.28451372833333,3.461,1.28555680805556,3.451
1.28480685083333,3.461,1.28479157388889,3.472,1.28583483166667,3.451
1.28508468666667,3.461,1.28506945583333,3.461,1.28611256222222,3.451
1.28536243611111,3.461,1.28534768277778,3.461,1.286390205,3.451
1.28563996888889,3.472,1.28562547361111,3.461,1.28666801333333,3.451
1.28591762944444,3.461,1.28590313416667,3.461,1.28694591277778,3.451
1.28619584888889,3.461,1.28618072027778,3.472,1.28722403888889,3.451
1.28647361944444,3.472,1.28645896361111,3.461,1.28750175388889,3.451
1.28675138083333,3.461,1.2867369625,3.461,1.28777959305556,3.451
1.28702913777778,3.461,1.28701490583333,3.461,1.28805757027778,3.451
1.2873067275,3.472,1.28729281083333,3.472,1.28833520861111,3.451
1.28758453527778,3.461,1.287570765,3.472,1.28861298083333,3.451
1.28786253,3.461,1.28784846722222,3.472,1.28889092833333,3.451
1.28814066027778,3.461,1.28812584972222,3.472,1.28916857861111,3.451
1.28841876277778,3.461,1.28840402,3.472,1.28944607694444,3.451
1.28869652416667,3.461,1.28868193666667,3.461,1.28972421888889,3.451
1.28897426861111,3.461,1.2889598675,3.472,1.2900019675,3.451
1.28925218305556,3.461,1.28923740361111,3.461,1.29027968305556,3.451
1.28953009833333,3.461,1.28951524138889,3.461,1.29055772055556,3.451
1.28980821805556,3.461,1.28979316638889,3.472,1.29083550166667,3.451
1.29008589055556,3.472,1.29007116861111,3.461,1.29111350833333,3.451
1.290363925,3.461,1.29034908805556,3.461,1.29139143083333,3.451
1.29064207583333,3.461,1.29062690666667,3.472,1.29166943333333,3.451
1.29091994944444,3.461,1.29090471055556,3.472,1.291947445,3.451
1.29119785305556,3.472,1.29118261138889,3.472,1.29222542833333,3.451
1.29147581944444,3.472,1.29146051527778,3.472,1.29250275222222,3.451
1.29175396305556,3.461,1.29173811027778,3.461,1.29278086777778,3.451
1.29203145833333,3.472,1.29201575805556,3.461,1.29305845611111,3.451
1.2923093675,3.472,1.29229366194444,3.472,1.29333602055556,3.451
1.29258722611111,3.472,1.29257118861111,3.461,1.29361428472222,3.451
1.29286514777778,3.472,1.29284927861111,3.472,1.29389189583333,3.451
1.29314291,3.461,1.29312702027778,3.461,1.29416984027778,3.451
1.2934206625,3.472,1.29340455527778,3.472,1.29444740416667,3.451
1.2936987075,3.472,1.2936826825,3.472,1.29472513416667,3.451
1.29397624194444,3.472,1.29396035472222,3.472,1.29500323694444,3.451
1.29425416638889,3.461,1.29423821527778,3.472,1.29528112527778,3.451
1.29453204055556,3.472,1.29451589861111,3.472,1.29555889194444,3.451
1.29481003138889,3.472,1.29479371083333,3.472,1.29583669972222,3.451
1.29508779527778,3.472,1.29507196027778,3.461,1.296114085,3.451
1.295365585,3.472,1.29534995555556,3.472,1.29639223027778,3.451
1.29564315055556,3.472,1.295628015,3.461,1.29667009416667,3.451
1.29592112277778,3.472,1.29590598333333,3.472,1.29694797166667,3.451
1.29619915805556,3.472,1.29618384027778,3.472,1.29722570638889,3.451
1.29647708111111,3.472,1.29646159472222,3.461,1.29750352305556,3.451
1.29675525055556,3.461,1.29673971805556,3.472,1.29778128666667,3.451
1.29703277666667,3.472,1.29701761555556,3.472,1.29805916611111,3.451
1.29731041666667,3.472,1.29729568555556,3.472,1.29833688472222,3.451
1.29758871666667,3.472,1.29757345861111,3.472,1.29861468055556,3.451
1.29786673138889,3.461,1.29785119,3.472,1.29889211972222,3.451
1.29814490055556,3.472,1.29812911055556,3.472,1.29917032361111,3.451
1.29842282944444,3.472,1.29840710277778,3.472,1.29944808694444,3.451
1.29870033722222,3.472,1.29868477138889,3.472,1.29972601638889,3.451
1.29897794416667,3.472,1.29896274333333,3.472,1.30000389694444,3.451
1.29925609777778,3.472,1.29924069194444,3.472,1.300281355,3.451
1.29953375611111,3.472,1.29951836416667,3.472,1.30055956972222,3.451
1.29981177361111,3.472,1.29979631166667,3.472,1.30083717916667,3.451
1.30008999194444,3.472,1.30007399166667,3.472,1.30111525277778,3.451
1.30036775194444,3.472,1.30035203083333,3.472,1.30139272916667,3.451
1.30064538944444,3.472,1.30062979694444,3.472,1.30167113833333,3.451
1.30092325111111,3.472,1.3009076425,3.472,1.30194859666667,3.451
1.30120067972222,3.461,1.3011855025,3.472,1.30222665416667,3.451
1.30147878861111,3.472,1.30146340833333,3.472,1.30250443805556,3.451
1.30175658416667,3.472,1.3017411575,3.472,1.30278219666667,3.451
1.30203457666667,3.472,1.30201929222222,3.472,1.30306026194444,3.451
1.302312325,3.472,1.30229720583333,3.472,1.30333793555556,3.451
1.30259000694444,3.472,1.30257508083333,3.472,1.30361580916667,3.451
1.30286766611111,3.472,1.302853075,3.472,1.30389350305556,3.451
1.30314578888889,3.472,1.30313103472222,3.472,1.30417127027778,3.451
1.30342349888889,3.472,1.3034085075,3.472,1.30444950583333,3.451
1.3037012075,3.472,1.30368655972222,3.472,1.30472689111111,3.451
1.30397884,3.472,1.30396420722222,3.472,1.30500471361111,3.451
1.30425704,3.472,1.30424220444444,3.472,1.30528276138889,3.451
1.3045349375,3.472,1.30452014277778,3.472,1.30556064055556,3.451
1.30481245305556,3.472,1.30479792111111,3.472,1.30583843722222,3.451
1.30509037472222,3.472,1.30507569555556,3.472,1.30611622416667,3.451
1.30536891777778,3.472,1.30535356916667,3.472,1.3063941575,3.451
1.30564659222222,3.472,1.30563150916667,3.472,1.30667213833333,3.451
1.30592459611111,3.472,1.30590963472222,3.472,1.30695038666667,3.451
1.30620248611111,3.472,1.30618728888889,3.472,1.30722808666667,3.451
1.30648024472222,3.472,1.30646515361111,3.461,1.30750577944444,3.451
1.30675800861111,3.472,1.30674302222222,3.472,1.30778331055556,3.451
1.30703573388889,3.472,1.30702098972222,3.472,1.30806174888889,3.451
1.30731359027778,3.472,1.30729844888889,3.472,1.30833966361111,3.451
1.30759107805556,3.472,1.30757643083333,3.472,1.30861756305556,3.451
1.30786915666667,3.461,1.30785427916667,3.472,1.30889527527778,3.451
1.30814657916667,3.472,1.30813233222222,3.472,1.30917304583333,3.451
1.30842469055556,3.472,1.30840977083333,3.472,1.309450805,3.451
1.30870209527778,3.472,1.30868786638889,3.472,1.30972853055556,3.451
1.30898026861111,3.472,1.3089659,3.472,1.31000644472222,3.451
1.30925803833333,3.472,1.30924344638889,3.472,1.31028387944444,3.451
1.30953581222222,3.472,1.30952119416667,3.472,1.310561995,3.451
1.30981340777778,3.472,1.30979939277778,3.472,1.31084044861111,3.451
1.31009127555556,3.472,1.31007712194444,3.472,1.31111825194444,3.451
1.31036904444444,3.472,1.31035490388889,3.472,1.31139641555556,3.451
1.31064684722222,3.472,1.31063236444444,3.472,1.31167421388889,3.451
1.31092469388889,3.472,1.31091049472222,3.472,1.31195206888889,3.451
1.31120247,3.472,1.311188175,3.472,1.31222978583333,3.451
1.31148043944444,3.472,1.31146598805556,3.472,1.31250719944444,3.451
1.31175841777778,3.472,1.31174368694444,3.472,1.31278538138889,3.451
1.31203664944444,3.461,1.31202201611111,3.472,1.31306348972222,3.451
1.31231432861111,3.472,1.31230002416667,3.472,1.31334147194444,3.451
1.31259180138889,3.472,1.31257813166667,3.472,1.31361940527778,3.451
1.31286973055556,3.472,1.31285594416667,3.472,1.3138973175,3.451
1.31314762361111,3.472,1.31313390722222,3.472,1.3141752725,3.451
1.31342544444444,3.472,1.31341182388889,3.472,1.31445342944444,3.451
1.31370339861111,3.472,1.31368962777778,3.472,1.31473127111111,3.451
1.31398137555556,3.472,1.31396724638889,3.472,1.31500944,3.451
1.31425926972222,3.472,1.3142451425,3.472,1.31528723361111,3.451
1.31453714277778,3.472,1.31452285194444,3.472,1.31556491694444,3.451
1.31481491833333,3.472,1.31480068194444,3.472,1.31584267861111,3.451
1.31509268888889,3.472,1.3150786425,3.472,1.31612098,3.451
1.31537042,3.472,1.31535667777778,3.472,1.31639869694444,3.451
1.31564815277778,3.472,1.31563435722222,3.472,1.3166765825,3.451
1.31592634444444,3.472,1.31591231861111,3.472,1.31695441,3.451
1.31620388305556,3.472,1.31619024805556,3.472,1.31723282888889,3.451
1.3164819425,3.472,1.31646785388889,3.482,1.31751020638889,3.451
1.31675947694444,3.472,1.31674566555556,3.472,1.31778842222222,3.451
1.31703742388889,3.472,1.31702333777778,3.472,1.31806653055556,3.451
1.31731537416667,3.472,1.31730117305556,3.472,1.31834432111111,3.461
1.31759334388889,3.472,1.31757911416667,3.472,1.318621995,3.451
1.31787121861111,3.472,1.317857165,3.472,1.31889963722222,3.451
1.31814918055556,3.472,1.31813524388889,3.472,1.31917794166667,3.451
1.31842704055556,3.472,1.31841321055556,3.472,1.31945577583333,3.451
1.31870455472222,3.472,1.31869092305556,3.472,1.31973329055556,3.451
1.31898272805556,3.472,1.31896841916667,3.472,1.32001149388889,3.451
1.31926048194444,3.472,1.31924621638889,3.472,1.32028921361111,3.451
1.3195380375,3.472,1.31952426194444,3.472,1.32056686555556,3.451
1.3198162375,3.472,1.31980203388889,3.472,1.32084519777778,3.451
1.3200940525,3.472,1.32007991888889,3.482,1.32112314388889,3.451
1.32037169027778,3.472,1.32035772694444,3.472,1.32140104222222,3.451
1.3206492675,3.472,1.32063537222222,3.472,1.32167920527778,3.451
1.32092747472222,3.472,1.32091329972222,3.472,1.32195687638889,3.451
1.32120504972222,3.472,1.32119095305556,3.482,1.32223497972222,3.451
1.32148295194444,3.472,1.32146889305556,3.472,1.32251297972222,3.451
1.32176078944444,3.472,1.32174667472222,3.472,1.32279088305556,3.451
1.32203879805556,3.472,1.32202466694444,3.472,1.32306855472222,3.451
1.32231669777778,3.482,1.32230266083333,3.472,1.32334639638889,3.451
1.32259444361111,3.472,1.32258075944444,3.472,1.32362381972222,3.451
1.32287230611111,3.472,1.32285836972222,3.472,1.32390199388889,3.451
1.32315027,3.472,1.32313623333333,3.472,1.32417959916667,3.461
1.32342804583333,3.472,1.32341422305556,3.472,1.32445748333333,3.451
1.32370571694444,3.472,1.32369210083333,3.472,1.32473498583333,3.451
1.32398362666667,3.472,1.32397007916667,3.472,1.32501303027778,3.451
1.32426138361111,3.472,1.32424767444444,3.472,1.325290715,3.451
1.32453939777778,3.472,1.32452561805556,3.472,1.32556895277778,3.451
1.32481734833333,3.472,1.324803275,3.472,1.32584658277778,3.451
1.32509517194444,3.472,1.32508141388889,3.472,1.32612460333333,3.451
1.32537294583333,3.472,1.32535929944444,3.482,1.32640246527778,3.451
1.32565094888889,3.472,1.32563722666667,3.472,1.32668023138889,3.451
1.32592880444444,3.472,1.32591504638889,3.482,1.32695804194444,3.451
1.3262065025,3.472,1.32619344388889,3.472,1.32723627111111,3.451
1.32648435861111,3.472,1.32647108916667,3.472,1.32751410305556,3.451
1.32676209861111,3.472,1.32674908638889,3.472,1.327791725,3.451
1.32704010972222,3.472,1.3270269125,3.472,1.32806987277778,3.451
1.32731779416667,3.482,1.32730486444444,3.472,1.32834761611111,3.451
1.32759546083333,3.472,1.32758281944444,3.472,1.328625645,3.451
1.32787324222222,3.472,1.32786082555556,3.472,1.32890341777778,3.451
1.32815091888889,3.472,1.3281384175,3.482,1.32918134138889,3.451
1.32842872694444,3.482,1.32841654277778,3.482,1.3294593825,3.451
1.32870672138889,3.482,1.32869408111111,3.472,1.32973716416667,3.451
1.32898474111111,3.472,1.3289721025,3.472,1.33001525611111,3.451
1.32926232944444,3.472,1.32924976944444,3.472,1.33029325305556,3.451
1.32954019638889,3.472,1.32952770055556,3.482,1.33057130138889,3.451
1.32981804111111,3.472,1.32980554194444,3.482,1.33084942277778,3.451
1.33009582972222,3.472,1.3300833075,3.482,1.33112721111111,3.451
1.33037314722222,3.472,1.3303610725,3.482,1.33140492527778,3.451
1.33065135722222,3.472,1.33063877944444,3.472,1.33168281027778,3.451
1.33092906777778,3.472,1.33091661777778,3.482,1.33196073,3.451
1.33120689694444,3.472,1.33119432194444,3.472,1.33223837194444,3.451
1.33148460305556,3.482,1.3314721675,3.482,1.33251622722222,3.451
1.33176248833333,3.472,1.33174999194444,3.472,1.33279423777778,3.451
1.33204041916667,3.472,1.33202766777778,3.472,1.33307200638889,3.451
1.33231840361111,3.472,1.3323055575,3.472,1.33334998444444,3.451
1.33259613611111,3.472,1.33258324416667,3.482,1.33362768805556,3.451
1.33287405611111,3.482,1.33286105472222,3.482,1.33390544083333,3.451
1.33315189777778,3.482,1.333138845,3.472,1.33418296833333,3.451
1.3334294475,3.482,1.33341663361111,3.482,1.33446105472222,3.451
1.333707475,3.472,1.33369441583333,3.482,1.3347390075,3.451
1.33398536138889,3.482,1.33397226333333,3.472,1.33501680611111,3.451
1.33426320944444,3.482,1.33425001972222,3.482,1.33529438666667,3.451
1.33454115222222,3.482,1.33452802305556,3.482,1.33557258833333,3.451
1.33481867666667,3.472,1.3348056475,3.482,1.33585042361111,3.451
1.33509645888889,3.472,1.33508378916667,3.482,1.336128195,3.451
1.33537468333333,3.482,1.33536184277778,3.482,1.33640590361111,3.451
1.33565247611111,3.472,1.33563974611111,3.482,1.33668379888889,3.451
1.33593023277778,3.472,1.33591775916667,3.472,1.33696172638889,3.451
1.33620807583333,3.482,1.33619556222222,3.482,1.33723956,3.451
1.33648575111111,3.482,1.33647316638889,3.472,1.33751721583333,3.451
1.33676376222222,3.482,1.33675112472222,3.472,1.33779548972222,3.461
1.33704164277778,3.482,1.33702904833333,3.482,1.33807323416667,3.461
1.33731944861111,3.472,1.33730699111111,3.472,1.33835110722222,3.451
1.33759729305556,3.482,1.33758450833333,3.482,1.3386289,3.451
1.33787516777778,3.472,1.33786260666667,3.482,1.33890663527778,3.451
1.33815312055556,3.482,1.33814039361111,3.482,1.339184345,3.451
1.33843089694444,3.482,1.33841779527778,3.482,1.33946212833333,3.451
1.33870857083333,3.482,1.33869602027778,3.482,1.33974000305556,3.451
1.33898670777778,3.482,1.33897395083333,3.482,1.34001748194444,3.451
1.33926464944444,3.482,1.33925159027778,3.482,1.34029553638889,3.451
1.3395426375,3.482,1.33952966166667,3.482,1.34057333194444,3.451
1.33982043694444,3.472,1.33980723388889,3.482,1.34085105055556,3.451
1.34009824861111,3.482,1.34008512472222,3.482,1.3411288725,3.451
1.34037639027778,3.482,1.34036271055556,3.482,1.34140663888889,3.451
1.34065403388889,3.482,1.34064056027778,3.472,1.34168458833333,3.451
1.34093222861111,3.482,1.34091833111111,3.482,1.34196273222222,3.451
1.34120965638889,3.482,1.34119621027778,3.482,1.34224048388889,3.461
1.341487555,3.482,1.34147419861111,3.472,1.34251841277778,3.451
1.34176549611111,3.482,1.34175216861111,3.482,1.34279576166667,3.451
1.3420431675,3.482,1.34202996916667,3.482,1.34307415,3.451
1.34232091694444,3.482,1.34230755027778,3.482,1.34335195333333,3.451
1.34259891916667,3.482,1.34258528888889,3.482,1.34362978222222,3.451
1.34287656722222,3.472,1.34286358,3.482,1.34390748138889,3.451
1.343154455,3.482,1.3431414575,3.482,1.344185705,3.451
1.34343230916667,3.482,1.343419485,3.482,1.34446350666667,3.451
1.34371027861111,3.482,1.34369751527778,3.482,1.34474160388889,3.451
1.34398780388889,3.482,1.34397545416667,3.482,1.34501952583333,3.451
1.34426563333333,3.482,1.34425319722222,3.482,1.34529700861111,3.451
1.34454318444444,3.482,1.34453083583333,3.482,1.34557510027778,3.451
1.34482134388889,3.482,1.34480908388889,3.482,1.34585270972222,3.451
1.34509929861111,3.482,1.34508690138889,3.482,1.34613072305556,3.451
1.34537702888889,3.482,1.34536490972222,3.482,1.34640824472222,3.451
1.34565487305556,3.482,1.34564279305556,3.482,1.34668619388889,3.461
1.34593279166667,3.482,1.34592025666667,3.482,1.34696405638889,3.451
1.34621039722222,3.482,1.34619840138889,3.482,1.34724176805556,3.451
1.34648817222222,3.482,1.34647611138889,3.482,1.34751989194444,3.451
1.34676607111111,3.482,1.34675393388889,3.482,1.34779764138889,3.451
1.34704341277778,3.482,1.3470317875,3.482,1.34807534972222,3.451
1.34732163583333,3.482,1.34730945972222,3.482,1.3483532875,3.451
1.347599695,3.482,1.34758739722222,3.482,1.34863113111111,3.451
1.34787747694444,3.482,1.3478652625,3.482,1.3489092,3.451
1.34815554638889,3.482,1.34814299166667,3.482,1.34918713638889,3.461
1.34843321666667,3.472,1.34842055944444,3.482,1.34946533805556,3.451
1.3487111625,3.482,1.34869877277778,3.482,1.34974296916667,3.451
1.34898887055556,3.482,1.34897650138889,3.482,1.35002121583333,3.451
1.34926671194444,3.482,1.34925424611111,3.482,1.35029896333333,3.461
1.34954456222222,3.482,1.34953203166667,3.482,1.35057676527778,3.451
1.34982263611111,3.482,1.34980982833333,3.482,1.35085435694444,3.451
1.35010051472222,3.482,1.35008754916667,3.482,1.35113203944444,3.451
1.35037818833333,3.482,1.35036536555556,3.482,1.3514099925,3.451
1.35065618333333,3.482,1.35064315611111,3.482,1.35168797111111,3.461
1.35093343777778,3.482,1.35092093361111,3.482,1.3519659875,3.451
1.3512117675,3.482,1.35119871777778,3.482,1.35224407833333,3.461
1.35148971194444,3.482,1.35147650833333,3.482,1.35252200555556,3.451
1.35176764277778,3.482,1.351754265,3.482,1.35279998944444,3.451
1.35204584166667,3.482,1.35203210027778,3.482,1.35307783694444,3.451
1.35232333583333,3.482,1.352310025,3.482,1.35335537083333,3.451
1.35260154083333,3.482,1.3525879325,3.482,1.353633505,3.451
1.35287925972222,3.482,1.35286563111111,3.482,1.35391129638889,3.451
1.35315713194444,3.482,1.35314342277778,3.482,1.35418897444444,3.451
1.35343495277778,3.482,1.35342150555556,3.482,1.35446674333333,3.451
1.3537127975,3.482,1.35369918194444,3.482,1.35474454833333,3.451
1.35399089861111,3.482,1.35397688611111,3.482,1.35502242194444,3.451
1.354268705,3.482,1.3542547825,3.482,1.35530032333333,3.451
1.35454676194444,3.482,1.354532625,3.482,1.355578235,3.451
1.35482467555556,3.482,1.35481038666667,3.482,1.35585598166667,3.451
1.35510212666667,3.482,1.35508825805556,3.482,1.35613391111111,3.461
1.35538023333333,3.482,1.35536613777778,3.482,1.35641182833333,3.461
1.35565805805556,3.482,1.355644255,3.482,1.35668984666667,3.451
1.35593573583333,3.482,1.35592205305556,3.482,1.35696743055556,3.451
1.35621397611111,3.482,1.35620010388889,3.482,1.35724509305556,3.451
1.35649198388889,3.482,1.35647824638889,3.482,1.35752297027778,3.451
1.35676977777778,3.482,1.35675617027778,3.482,1.35780101416667,3.451
1.35704753805556,3.482,1.3570341625,3.482,1.35807867972222,3.461
1.35732529583333,3.482,1.35731205777778,3.482,1.35835639361111,3.461
1.35760272777778,3.482,1.35758996666667,3.482,1.35863440944444,3.451
1.35788072722222,3.482,1.35786766194444,3.482,1.35891255277778,3.461
1.35815894222222,3.482,1.35814544,3.482,1.35919057194444,3.461
1.35843683916667,3.482,1.35842359916667,3.482,1.35946822833333,3.451
1.35871473,3.482,1.35870114305556,3.482,1.35974628888889,3.461
1.35899228638889,3.482,1.35897942583333,3.482,1.3600246175,3.461
1.35927025277778,3.482,1.35925712083333,3.482,1.36030265777778,3.451
1.35954812944444,3.482,1.35953521666667,3.482,1.36058050222222,3.451
1.35982580972222,3.482,1.35981309888889,3.482,1.36085831833333,3.451
1.360103735,3.482,1.36009091472222,3.482,1.36113631805556,3.461
1.36038165638889,3.482,1.36036889277778,3.482,1.36141425277778,3.451
1.36065969861111,3.482,1.36064691694444,3.482,1.36169167166667,3.461
1.36093767916667,3.482,1.36092451444444,3.482,1.36196992277778,3.461
1.36121550722222,3.482,1.36120270166667,3.482,1.36224747361111,3.451
1.36149320277778,3.482,1.36148051055556,3.482,1.36252548972222,3.461
1.36177100944444,3.482,1.36175833027778,3.482,1.362803475,3.451
1.36204865555556,3.482,1.36203644333333,3.482,1.36308118555556,3.461
1.36232678583333,3.482,1.36231445388889,3.482,1.36335940416667,3.451
1.36260439444444,3.482,1.36259237611111,3.482,1.36363758027778,3.451
1.36288205777778,3.482,1.36287033166667,3.482,1.36391522083333,3.461
1.36315980833333,3.482,1.36314815944444,3.482,1.36419328527778,3.451
1.36343804166667,3.482,1.3634261775,3.482,1.364471085,3.461
1.36371596833333,3.482,1.3637037625,3.482,1.36474878722222,3.461
1.36399398083333,3.482,1.36398201388889,3.482,1.36502691555556,3.451
1.364271925,3.482,1.36425980527778,3.482,1.36530495972222,3.451
1.36454970666667,3.482,1.36453797305556,3.482,1.36558284888889,3.451
1.3648274375,3.482,1.3648155625,3.482,1.36586099138889,3.461
1.36510505444444,3.482,1.36509329638889,3.482,1.36613899083333,3.461
1.36538275805556,3.482,1.36537116527778,3.482,1.36641690722222,3.451
1.365660825,3.482,1.36564910722222,3.482,1.36669470305556,3.451
1.36593853472222,3.482,1.3659267125,3.482,1.36697260805556,3.451
1.36621633277778,3.482,1.36620475027778,3.482,1.367250415,3.451
1.36649438222222,3.482,1.36648227916667,3.482,1.36752845888889,3.461
1.36677219055556,3.482,1.36676030833333,3.482,1.36780608527778,3.451
1.36705017527778,3.482,1.36703833083333,3.482,1.36808394027778,3.451
1.36732804583333,3.482,1.367316325,3.482,1.36836184444444,3.461
1.36760589305556,3.492,1.36759415722222,3.482,1.36863972944444,3.461
1.36788377833333,3.482,1.36787196111111,3.482,1.36891774694444,3.461
1.36816162833333,3.482,1.36814997583333,3.482,1.36919553722222,3.451
1.36843951777778,3.482,1.36842778583333,3.482,1.36947332,3.461
1.36871736805556,3.482,1.36870586027778,3.482,1.36975110138889,3.461
1.36899482138889,3.482,1.36898387,3.482,1.37002882055556,3.461
1.36927313277778,3.482,1.3692614975,3.482,1.37030693916667,3.451
1.36955107194444,3.482,1.3695396625,3.482,1.37058492944444,3.451
1.36982882333333,3.482,1.369817205,3.482,1.37086289861111,3.461
1.37010659333333,3.482,1.37009518333333,3.482,1.37114080638889,3.451
1.37038432333333,3.482,1.37037288555556,3.482,1.37141887777778,3.461
1.37066223083333,3.492,1.37065063166667,3.492,1.37169647305556,3.461
1.37093986777778,3.482,1.37092880333333,3.482,1.37197461305556,3.451
1.37121768527778,3.482,1.37120669472222,3.482,1.37225268722222,3.451
1.37149521166667,3.482,1.37148394027778,3.482,1.37253070805556,3.461
1.37177319777778,3.482,1.37176209777778,3.482,1.37280827638889,3.461
1.37205096305556,3.482,1.37204031361111,3.482,1.3730862175,3.461
1.37232887944444,3.482,1.37231810916667,3.482,1.37336402555556,3.461
1.37260671472222,3.482,1.37259595416667,3.482,1.37364187777778,3.461
1.37288421,3.482,1.37287373694444,3.482,1.37391957444444,3.451
1.37316177166667,3.482,1.37315146611111,3.482,1.37419754944444,3.451
1.37343961027778,3.482,1.37342929472222,3.482,1.37447539277778,3.451
1.37371767194444,3.492,1.37370708111111,3.492,1.37475299527778,3.451
1.37399523416667,3.492,1.37398482694444,3.482,1.37503092694444,3.461
1.37427317111111,3.482,1.37426262166667,3.482,1.37530878361111,3.461
1.37455101416667,3.492,1.37454055916667,3.482,1.37558658361111,3.461
1.37482844444444,3.482,1.37481817083333,3.482,1.37586452916667,3.461
1.37510652138889,3.482,1.37509589277778,3.482,1.37614228111111,3.451
1.37538429638889,3.482,1.37537385111111,3.482,1.37641987972222,3.461
1.37566227722222,3.482,1.37565140805556,3.482,1.37669788138889,3.461
1.37594009638889,3.492,1.37592912833333,3.482,1.37697549972222,3.461
1.37621815277778,3.492,1.37620696611111,3.482,1.37725340666667,3.461
1.37649601361111,3.492,1.37648483777778,3.492,1.37753120527778,3.461
1.37677402277778,3.482,1.37676254166667,3.482,1.37780895472222,3.451
1.37705194722222,3.482,1.37704039194444,3.482,1.37808635638889,3.461
1.37732970277778,3.482,1.37731817083333,3.482,1.37836460277778,3.461
1.37760709527778,3.492,1.37759592638889,3.482,1.37864274861111,3.461
1.37788542138889,3.492,1.37787376611111,3.482,1.378920545,3.461
1.37816317,3.482,1.37815150416667,3.492,1.3791983175,3.461
1.3784408925,3.492,1.37842927638889,3.482,1.37947609444444,3.461
1.3787187875,3.482,1.37870707472222,3.492,1.37975379166667,3.461
1.37899668527778,3.482,1.37898481083333,3.482,1.38003129694444,3.461
1.37927444972222,3.492,1.37926294083333,3.492,1.38030944805556,3.461
1.37955208222222,3.492,1.37954057694444,3.482,1.38058692527778,3.461
1.37982970972222,3.482,1.37981861611111,3.482,1.38086495305556,3.461
1.38010759305556,3.492,1.38009648194444,3.482,1.38114277,3.451
1.38038565611111,3.492,1.38037433694444,3.492,1.38142061638889,3.461
1.38066309555556,3.492,1.380652195,3.492,1.38169833583333,3.451
1.3809409575,3.482,1.38093007777778,3.492,1.38197581777778,3.461
1.38121879638889,3.492,1.38120799333333,3.492,1.38225384416667,3.461
1.38149648666667,3.492,1.38148554305556,3.482,1.38253161277778,3.461
1.3817743825,3.482,1.38176344194444,3.482,1.38280915055556,3.461
1.38205230888889,3.492,1.38204121638889,3.482,1.38308713416667,3.451
1.38232994722222,3.492,1.38231908444444,3.492,1.38336470805556,3.461
1.38260730444444,3.492,1.38259661583333,3.492,1.38364268138889,3.461
1.38288584027778,3.492,1.38287447611111,3.482,1.38392076138889,3.451
1.38316356083333,3.492,1.38315234,3.492,1.38419833,3.461
1.38344147638889,3.492,1.38343026083333,3.492,1.384476275,3.461
1.38371902027778,3.492,1.38370820861111,3.482,1.38475420916667,3.461
1.38399673972222,3.492,1.38398611694444,3.482,1.38503157694444,3.461
1.38427465,3.492,1.38426415416667,3.492,1.38530977444444,3.461
1.38455245333333,3.482,1.38454171888889,3.492,1.38558767916667,3.461
1.38483054111111,3.482,1.38481947972222,3.492,1.38586575166667,3.461
1.38510831305556,3.492,1.38509773777778,3.492,1.38614378166667,3.461
1.38538625,3.492,1.38537530638889,3.492,1.38642148027778,3.461
1.38566392527778,3.492,1.38565349694444,3.482,1.38669944722222,3.461
1.38594197277778,3.492,1.38593125861111,3.492,1.38697738472222,3.461
1.38621999972222,3.492,1.38620892333333,3.492,1.38725516972222,3.461
1.38649733916667,3.492,1.38648689777778,3.482,1.38753316166667,3.461
1.38677564527778,3.492,1.38676455833333,3.492,1.38781086194444,3.461
1.38705322,3.492,1.38704271583333,3.492,1.38808853833333,3.461
1.38733108333333,3.492,1.38732081972222,3.492,1.38836689416667,3.461
1.38760843833333,3.492,1.38759840611111,3.492,1.38864467555556,3.461
1.38788663916667,3.492,1.38787615027778,3.492,1.38892271166667,3.461
1.38816434833333,3.492,1.38815444194444,3.482,1.38920062194444,3.461
1.38844229805556,3.492,1.38843223055556,3.482,1.38947846,3.461
1.3887198875,3.492,1.38871008972222,3.492,1.3897561725,3.461
1.38899763416667,3.492,1.38898827444444,3.492,1.39003368555556,3.451
1.38927554861111,3.492,1.38926609166667,3.492,1.39031131111111,3.461
1.38955337027778,3.492,1.38954343861111,3.492,1.39058970472222,3.461
1.38983107111111,3.492,1.38982165833333,3.492,1.39086767027778,3.461
1.39010842388889,3.492,1.39009930805556,3.492,1.39114556972222,3.461
1.39038640083333,3.492,1.39037695361111,3.482,1.39142324,3.461
1.39066451888889,3.492,1.390654955,3.492,1.39170101722222,3.461
1.39094241944444,3.492,1.39093262444444,3.492,1.39197888444444,3.461
1.39122012138889,3.492,1.39121083555556,3.492,1.39225667027778,3.461
1.3914979725,3.492,1.39148881527778,3.492,1.39253446611111,3.461
1.39177574722222,3.492,1.39176666972222,3.482,1.39281222583333,3.461
1.39205381916667,3.492,1.39204477833333,3.492,1.39308972305556,3.461
1.39233200027778,3.492,1.39232260888889,3.492,1.39336777305556,3.461
1.39261007166667,3.492,1.39260029527778,3.492,1.39364555527778,3.461
1.39288772166667,3.492,1.39287831916667,3.492,1.39392364305556,3.461
1.39316576527778,3.492,1.393156065,3.492,1.39420110388889,3.461
1.39344390666667,3.492,1.39343363916667,3.492,1.39447942638889,3.461
1.39372154,3.492,1.39371192055556,3.492,1.39475749694444,3.461
1.39399963916667,3.492,1.39398992833333,3.492,1.39503527416667,3.461
1.39427738527778,3.492,1.39426779638889,3.492,1.3953131325,3.461
1.39455532666667,3.492,1.39454547138889,3.492,1.39559129944444,3.461
1.39483338388889,3.492,1.39482339888889,3.492,1.39586933666667,3.461
1.39511113583333,3.492,1.39510124805556,3.492,1.39614712166667,3.461
1.39538921083333,3.492,1.39537892333333,3.492,1.39642487833333,3.461
1.39566675111111,3.492,1.39565667166667,3.492,1.39670245583333,3.461
1.39594477527778,3.492,1.39593466333333,3.492,1.39698019222222,3.461
1.39622256555556,3.492,1.39621223583333,3.492,1.39725796305556,3.461
1.39650041611111,3.492,1.39649027138889,3.492,1.39753575972222,3.461
1.39677827444444,3.492,1.39676797833333,3.492,1.39781384027778,3.461
1.39705591972222,3.492,1.39704568611111,3.492,1.39809176972222,3.461
1.39733402611111,3.492,1.39732371972222,3.492,1.39836952166667,3.461
1.39761199388889,3.492,1.39760116055556,3.492,1.39864737666667,3.461
1.39788992166667,3.492,1.39787891416667,3.492,1.39892541111111,3.461
1.398167515,3.492,1.3981569825,3.492,1.39920279944444,3.461
1.39844538333333,3.492,1.39843497111111,3.492,1.39948051361111,3.461
1.39872320333333,3.492,1.39871260305556,3.492,1.39975882527778,3.461
1.39900111305556,3.492,1.39899056083333,3.492,1.40003682194444,3.461
1.39927877194444,3.492,1.3992684325,3.492,1.40031436555556,3.461
1.39955668277778,3.492,1.39954614555556,3.492,1.40059268805556,3.461
1.39983443666667,3.492,1.39982444194444,3.492,1.40087063055556,3.461
1.40011260944444,3.492,1.40010208666667,3.492,1.40114868277778,3.461
1.40039056222222,3.492,1.40038001361111,3.492,1.40142636972222,3.461
1.40066829166667,3.492,1.40065810888889,3.492,1.40170417305556,3.461
1.40094591722222,3.492,1.400936195,3.492,1.401981975,3.461
1.40122373944444,3.492,1.40121372583333,3.492,1.40225985777778,3.461
1.40150179833333,3.492,1.40149191111111,3.492,1.40253773166667,3.461
1.4017795775,3.492,1.4017693625,3.492,1.4028154275,3.461
1.40205744777778,3.492,1.40204749805556,3.492,1.40309339555556,3.461
1.40233509555556,3.492,1.40232476444444,3.492,1.40337113277778,3.461
1.40261298638889,3.492,1.40260331611111,3.492,1.40364905027778,3.461
1.40289092222222,3.492,1.40288091333333,3.492,1.4039269225,3.461
1.40316921277778,3.492,1.40315868833333,3.492,1.40420498388889,3.461
1.40344700777778,3.492,1.40343657083333,3.492,1.40448275944444,3.461
1.40372496444444,3.492,1.40371442638889,3.492,1.4047608,3.461
1.40400323472222,3.492,1.40399252694444,3.492,1.40503824472222,3.461
1.40428101638889,3.492,1.40427031222222,3.492,1.40531647972222,3.461
1.40455895583333,3.492,1.404548325,3.492,1.40559415472222,3.461
1.40483703083333,3.492,1.40482651861111,3.492,1.40587224777778,3.461
1.4051145475,3.492,1.40510429972222,3.492,1.40615018805556,3.461
1.40539246416667,3.502,1.4053818575,3.492,1.40642798166667,3.461
1.40567053027778,3.492,1.40566008777778,3.492,1.40670575777778,3.461
1.40594841666667,3.492,1.40593827055556,3.492,1.4069836975,3.461
1.40622623666667,3.492,1.40621596277778,3.492,1.40726187638889,3.461
1.40650410194444,3.492,1.40649416194444,3.492,1.40753975722222,3.461
1.40678218222222,3.492,1.40677186722222,3.492,1.40781826138889,3.461
1.40706048805556,3.492,1.40705002611111,3.492,1.40809652138889,3.461
1.40733846472222,3.492,1.40732760277778,3.492,1.4083745225,3.461
1.40761641083333,3.492,1.40760561722222,3.492,1.40865235138889,3.461
1.40789413722222,3.492,1.4078831625,3.492,1.40892996333333,3.461
1.40817181416667,3.492,1.40816114027778,3.492,1.40920815472222,3.461
1.40844980777778,3.492,1.40843906638889,3.492,1.40948577777778,3.461
1.40872756472222,3.492,1.40871672583333,3.492,1.40976371611111,3.461
1.40900548055556,3.502,1.40899458333333,3.492,1.41004134833333,3.461
1.40928324388889,3.492,1.40927285138889,3.492,1.410319545,3.461
1.40956142111111,3.502,1.40955069916667,3.492,1.41059731972222,3.461
1.40983927527778,3.502,1.40982835083333,3.492,1.41087485472222,3.461
1.41011713611111,3.492,1.41010634194444,3.492,1.41115261138889,3.461
1.41039484138889,3.492,1.41038418222222,3.492,1.41143050555556,3.461
1.4106727,3.502,1.41066210638889,3.492,1.41170848583333,3.461
1.41095052166667,3.502,1.4109398,3.492,1.411986305,3.461
1.41122812277778,3.502,1.41121788944444,3.492,1.41226433722222,3.461
1.41150592,3.492,1.41149556583333,3.492,1.41254184222222,3.461
1.41178387055556,3.502,1.41177393583333,3.492,1.41282010583333,3.461
1.41206180555556,3.502,1.41205224916667,3.492,1.4130978975,3.461
1.41233973972222,3.492,1.41233032388889,3.492,1.41337564638889,3.461
1.41261757638889,3.502,1.41260826388889,3.492,1.41365305416667,3.461
1.41289548111111,3.492,1.4128861175,3.492,1.41393119944444,3.461
1.41317313638889,3.492,1.41316373833333,3.492,1.41420913888889,3.461
1.41345094972222,3.502,1.41344163805556,3.492,1.41448706138889,3.461
1.41372875194444,3.492,1.41371941972222,3.492,1.41476496833333,3.461
1.41400671277778,3.492,1.41399757222222,3.492,1.41504242638889,3.461
1.41428455194444,3.502,1.41427549833333,3.492,1.41532055166667,3.461
1.41456233166667,3.492,1.41455309777778,3.492,1.41559805055556,3.461
1.4148398775,3.502,1.41483109277778,3.492,1.41587622666667,3.461
1.41511810388889,3.492,1.41510916861111,3.492,1.41615392027778,3.461
1.41539597611111,3.502,1.41538671333333,3.492,1.41643192388889,3.461
1.41567376638889,3.502,1.41566449916667,3.492,1.41670957166667,3.461
1.41595173416667,3.502,1.41594247277778,3.492,1.41698742805556,3.461
1.41622976277778,3.492,1.41622025861111,3.502,1.41726532416667,3.461
1.41650747638889,3.492,1.41649822638889,3.492,1.41754295666667,3.461
1.41678514833333,3.502,1.41677617861111,3.492,1.41782093194444,3.461
1.41706304833333,3.492,1.41705392527778,3.492,1.41809899111111,3.461
1.41734059972222,3.502,1.41733188638889,3.492,1.41837667861111,3.461
1.41761823722222,3.502,1.41760969,3.492,1.41865464833333,3.461
1.41789644916667,3.502,1.41788758194444,3.502,1.41893264805556,3.461
1.41817432666667,3.502,1.41816539916667,3.502,1.41921023722222,3.461
1.41845230222222,3.502,1.41844312611111,3.502,1.41948821194444,3.461
1.41873002055556,3.502,1.41872099361111,3.492,1.41976607333333,3.461
1.41900762861111,3.502,1.41899865861111,3.502,1.42004395138889,3.461
1.4192855675,3.502,1.4192764825,3.502,1.42032190861111,3.461
1.41956318944444,3.502,1.41955422083333,3.492,1.4205997425,3.461
1.41984068694444,3.502,1.41983198138889,3.502,1.42087756555556,3.461
1.42011878861111,3.502,1.42010985444444,3.502,1.42115563194444,3.461
1.42039623222222,3.502,1.42038754861111,3.492,1.42143343194444,3.461
1.42067425722222,3.502,1.42066513555556,3.492,1.42171110722222,3.461
1.42095248527778,3.502,1.4209430025,3.492,1.42198881055556,3.461
1.42123019416667,3.502,1.42122104666667,3.502,1.42226677388889,3.461
1.42150795638889,3.502,1.42149869833333,3.502,1.42254465444444,3.461
1.42178564694444,3.502,1.42177698861111,3.492,1.42282244111111,3.461
1.42206344194444,3.502,1.42205464416667,3.492,1.42310009833333,3.461
1.42234101861111,3.502,1.42233262166667,3.502,1.42337810527778,3.461
1.42261912277778,3.502,1.42261012055556,3.502,1.42365596305556,3.461
1.42289692666667,3.502,1.42288826833333,3.492,1.42393377972222,3.461
1.42317471805556,3.502,1.42316598833333,3.502,1.4242117225,3.461
1.42345246777778,3.502,1.42344375361111,3.502,1.42448955388889,3.461
1.42373048472222,3.502,1.42372145694444,3.502,1.42476732111111,3.461
1.42400880722222,3.502,1.42399917944444,3.502,1.42504511111111,3.461
1.42428662305556,3.502,1.42427772472222,3.502,1.42532313333333,3.461
1.42456430944444,3.502,1.42455573805556,3.492,1.42560121027778,3.461
1.42484220416667,3.502,1.42483359861111,3.502,1.42587863277778,3.461
1.42512039027778,3.502,1.42511150638889,3.492,1.42615666555556,3.461
1.425398165,3.502,1.42538931194444,3.502,1.42643408416667,3.461
1.42567590527778,3.502,1.42566699527778,3.502,1.42671217277778,3.461
1.42595368138889,3.502,1.4259447125,3.502,1.42698963111111,3.461
1.426231615,3.502,1.42622234166667,3.502,1.42726785833333,3.461
1.42650972527778,3.502,1.42650046833333,3.492,1.42754573027778,3.461
1.42678705861111,3.502,1.42677840444444,3.502,1.42782394388889,3.461
1.42706527027778,3.502,1.42705630833333,3.502,1.42810159472222,3.461
1.42734301833333,3.502,1.4273339675,3.502,1.428379605,3.461
1.42762073361111,3.502,1.4276117,3.502,1.428657455,3.461
1.4278987575,3.502,1.42788936277778,3.502,1.42893541388889,3.461
1.42817644722222,3.502,1.42816718666667,3.502,1.42921333166667,3.461
1.42845470527778,3.502,1.42844499361111,3.502,1.42949082222222,3.461
1.42873235555556,3.502,1.42872271722222,3.502,1.42976893972222,3.461
1.42901021527778,3.502,1.42900070194444,3.502,1.43004688222222,3.461
1.42928789861111,3.502,1.42927863194444,3.502,1.43032476388889,3.461
1.42956566472222,3.502,1.42955660722222,3.502,1.43060272555556,3.461
1.42984373,3.502,1.42983435833333,3.502,1.43088074777778,3.461
1.43012203333333,3.502,1.43011216916667,3.502,1.43115867138889,3.461
1.430399465,3.502,1.43038980166667,3.502,1.43143660611111,3.461
1.43067733305556,3.502,1.43066802222222,3.502,1.43171438972222,3.461
1.43095493083333,3.502,1.43094568055556,3.502,1.43199223861111,3.461
1.43123289611111,3.502,1.43122381527778,3.502,1.43227009444444,3.461
1.43151073027778,3.502,1.43150158138889,3.502,1.43254789527778,3.461
1.43178845972222,3.502,1.43177891833333,3.502,1.43282590972222,3.461
1.43206675166667,3.502,1.43205706388889,3.502,1.43310375694444,3.461
1.43234444277778,3.502,1.43233483055556,3.502,1.43338132,3.461
1.43262251972222,3.502,1.43261261694444,3.502,1.43365942777778,3.461
1.43290003305556,3.502,1.43289037472222,3.502,1.43393751583333,3.461
1.43317782111111,3.502,1.43316792083333,3.502,1.43421524305556,3.461
1.43345584416667,3.502,1.43344593972222,3.502,1.43449297027778,3.461
1.43373351527778,3.502,1.4337233775,3.502,1.434770825,3.461
1.43401152805556,3.502,1.4340015075,3.502,1.43504905222222,3.461
1.43428958111111,3.502,1.43427914694444,3.502,1.43532701361111,3.461
1.43456737388889,3.502,1.43455676472222,3.502,1.43560488416667,3.461
1.43484541583333,3.502,1.434835045,3.502,1.43588273611111,3.461
1.43512341194444,3.502,1.43511298472222,3.502,1.43616079638889,3.461
1.43540118777778,3.502,1.43539061027778,3.502,1.43643863472222,3.461
1.43567916305556,3.502,1.4356687275,3.502,1.43671647305556,3.461
1.43595696416667,3.502,1.43594647694444,3.502,1.43699432666667,3.461
1.43623455472222,3.502,1.43622397944444,3.502,1.43727221388889,3.461
1.43651285583333,3.502,1.43650171888889,3.502,1.43755013138889,3.461
1.43679038694444,3.502,1.43677999388889,3.502,1.43782768638889,3.461
1.43706840972222,3.502,1.43705816555556,3.502,1.43810562027778,3.461
1.43734647138889,3.502,1.43733588472222,3.502,1.43838346388889,3.461
1.43762408083333,3.502,1.43761383388889,3.502,1.43866128472222,3.461
1.43790152361111,3.502,1.43789161777778,3.502,1.43893927611111,3.461
1.43817976055556,3.502,1.4381693875,3.502,1.43921707138889,3.461
1.43845744388889,3.502,1.43844718388889,3.502,1.43949462694444,3.461
1.4387351025,3.502,1.43872494972222,3.502,1.43977285777778,3.461
1.43901305555556,3.502,1.43900259333333,3.502,1.44005049555556,3.461
1.43929059527778,3.502,1.439280535,3.502,1.44032833583333,3.461
1.43956875472222,3.502,1.43955805277778,3.502,1.44060620388889,3.461
1.43984662055556,3.502,1.43983608222222,3.502,1.44088394833333,3.461
1.44012484361111,3.502,1.44011415527778,3.502,1.44116159805556,3.461
1.44040286416667,3.502,1.4403921775,3.502,1.44143946305556,3.461
1.44068092972222,3.502,1.44066977416667,3.502,1.44171737611111,3.461
1.44095849777778,3.512,1.44094771444444,3.502,1.44199549583333,3.461
1.44123643166667,3.502,1.44122505305556,3.502,1.44227305222222,3.461
1.44151430888889,3.502,1.44150322444444,3.502,1.44255101472222,3.461
1.44179208388889,3.502,1.44178110638889,3.502,1.44282892861111,3.461
1.44206992166667,3.512,1.44205906333333,3.502,1.443106665,3.461
1.44234814333333,3.512,1.44233694194444,3.502,1.44338442527778,3.461
1.44262565944444,3.512,1.44261489444444,3.502,1.44366211861111,3.461
1.44290371694444,3.512,1.44289275472222,3.502,1.44393998583333,3.461
1.4431816,3.512,1.44317058833333,3.502,1.44421774305556,3.461
1.4434592925,3.512,1.44344860805556,3.502,1.44449524861111,3.461
1.44373714611111,3.502,1.44372631527778,3.502,1.44477328111111,3.461
1.44401491111111,3.502,1.44400372944444,3.502,1.44505101666667,3.461
1.44429266527778,3.512,1.44428206638889,3.502,1.44532878611111,3.461
1.4445706325,3.512,1.44455948555556,3.502,1.44560659027778,3.461
1.44484854166667,3.512,1.44483761138889,3.502,1.44588415027778,3.461
1.44512622027778,3.512,1.44511531472222,3.502,1.44616194055556,3.461
1.44540419,3.512,1.44539317277778,3.502,1.44643998861111,3.461
1.44568176194444,3.512,1.44567078277778,3.502,1.44671775888889,3.461
1.44595975305556,3.512,1.44594872722222,3.502,1.44699578083333,3.461
1.44623750083333,3.512,1.44622642527778,3.502,1.44727368333333,3.461
1.44651535444444,3.512,1.44650423805556,3.502,1.4475516925,3.461
1.446793255,3.512,1.44678202666667,3.512,1.447829635,3.461
1.4470707775,3.512,1.44705973166667,3.502,1.44810744861111,3.461
1.44734850472222,3.512,1.44733753888889,3.502,1.44838542027778,3.461
1.44762621583333,3.512,1.44761557527778,3.502,1.448663415,3.461
1.44790434694444,3.512,1.44789356638889,3.502,1.44894139444444,3.461
1.44818228027778,3.512,1.44817127972222,3.502,1.44921924805556,3.461
1.44846024277778,3.512,1.44844909111111,3.502,1.44949681638889,3.461
1.44873787722222,3.512,1.44872713055556,3.502,1.44977471027778,3.461
1.44901598694444,3.512,1.44900492194444,3.502,1.45005259,3.461
1.4492938625,3.512,1.44928255611111,3.512,1.45033068611111,3.461
1.44957167194444,3.512,1.44956074222222,3.502,1.4506082775,3.461
1.44984956722222,3.512,1.44983843722222,3.502,1.45088622944444,3.461
1.4501273675,3.512,1.45011612777778,3.502,1.45116366916667,3.461
1.45040533083333,3.512,1.45039422472222,3.502,1.4514417675,3.461
1.45068306277778,3.512,1.45067241138889,3.502,1.45171956611111,3.461
1.45096097,3.512,1.45095030805556,3.502,1.45199730027778,3.461
1.45123919972222,3.512,1.45122866305556,3.502,1.45227543083333,3.461
1.45151713611111,3.512,1.45150642861111,3.502,1.45255322361111,3.461
1.45179526194444,3.512,1.45178420916667,3.502,1.45283101666667,3.461
1.45207302694444,3.512,1.45206191805556,3.502,1.45310889027778,3.461
1.45235100083333,3.512,1.45233970583333,3.502,1.4533867775,3.461
1.45262870138889,3.512,1.45261757305556,3.502,1.45366481944444,3.461
1.45290679166667,3.512,1.45289553472222,3.512,1.45394257305556,3.461
1.45318452805556,3.512,1.45317318416667,3.512,1.45422008611111,3.461
1.45346277138889,3.512,1.45345104472222,3.512,1.45449795166667,3.461
1.45374040527778,3.512,1.45372887972222,3.502,1.45477588833333,3.472
1.45401864138889,3.512,1.45400697888889,3.512,1.45505373166667,3.461
1.45429630277778,3.512,1.45428485166667,3.512,1.455331445,3.461
1.45457420638889,3.512,1.45456274611111,3.502,1.4556090825,3.461
1.45485244277778,3.512,1.45484038888889,3.512,1.45588694416667,3.461
1.45513010361111,3.512,1.45511816972222,3.512,1.45616466972222,3.461
1.45540813555556,3.512,1.45539568305556,3.502,1.45644279722222,3.472
1.45568592083333,3.512,1.45567345611111,3.512,1.45672055111111,3.461
1.45596422277778,3.512,1.45595146083333,3.512,1.45699797472222,3.461
1.45624186444444,3.512,1.45622927833333,3.512,1.45727587972222,3.461
1.45651992722222,3.512,1.45650705444444,3.512,1.45755389805556,3.461
1.45679768083333,3.512,1.45678483888889,3.512,1.45783166194444,3.461
1.45707545972222,3.512,1.45706235166667,3.512,1.45810916777778,3.461
1.4573532475,3.512,1.4573403075,3.512,1.45838719138889,3.461
1.45763098805556,3.512,1.45761816388889,3.512,1.45866499861111,3.461
1.45790877388889,3.512,1.45789601277778,3.512,1.45894350583333,3.472
1.4581865,3.512,1.45817365527778,3.512,1.45922129277778,3.461
1.45846443472222,3.512,1.45845165194444,3.512,1.45949934916667,3.461
1.45874227194444,3.512,1.45872965,3.512,1.4597771225,3.461
1.45902007861111,3.512,1.45900754,3.512,1.46005510583333,3.472
1.45929808194444,3.512,1.45928554861111,3.512,1.46033277083333,3.461
1.45957565083333,3.512,1.45956358472222,3.512,1.46061072527778,3.461
1.45985346472222,3.512,1.45984117388889,3.512,1.46088838138889,3.461
1.46013136638889,3.512,1.46011934027778,3.512,1.46116652666667,3.461
1.46040918444444,3.512,1.46039687527778,3.512,1.46144442916667,3.461
1.46068689055556,3.512,1.460674545,3.512,1.46172236416667,3.461
1.46096470916667,3.523,1.46095267666667,3.512,1.46200001166667,3.461
1.46124246111111,3.512,1.46123044527778,3.512,1.46227768277778,3.461
1.46152065277778,3.512,1.46150830805556,3.512,1.46255590666667,3.461
1.46179841694444,3.512,1.46178578555556,3.512,1.46283376,3.461
1.46207646833333,3.512,1.46206376972222,3.512,1.46311130722222,3.461
1.46235451083333,3.523,1.46234146166667,3.512,1.46338927194444,3.472
1.46263228083333,3.523,1.46261934583333,3.512,1.4636674275,3.461
1.46291028638889,3.523,1.46289749527778,3.512,1.46394526972222,3.461
1.46318793055556,3.512,1.46317522861111,3.512,1.46422285583333,3.461
1.46346593361111,3.512,1.46345326583333,3.512,1.46450059388889,3.461
1.46374369416667,3.512,1.46373129055556,3.512,1.464778645,3.461
1.46402153111111,3.512,1.46400912833333,3.512,1.4650568325,3.461
1.46429933527778,3.512,1.46428687555556,3.512,1.46533449611111,3.461
1.46457720583333,3.512,1.4645648425,3.512,1.46561249111111,3.461
1.46485505611111,3.523,1.46484267388889,3.512,1.46589026805556,3.461
1.46513316972222,3.523,1.46512036833333,3.512,1.46616792166667,3.461
1.46541110027778,3.523,1.46539851611111,3.512,1.46644573694444,3.461
1.46568872583333,3.523,1.46567623138889,3.512,1.466723235,3.472
1.46596669527778,3.523,1.46595439194444,3.512,1.46700149083333,3.472
1.46624489583333,3.523,1.46623206,3.512,1.46727960472222,3.472
1.46652283805556,3.523,1.46651014611111,3.512,1.46755694222222,3.461
1.46680058277778,3.523,1.46678834611111,3.512,1.46783501444444,3.461
1.46707857916667,3.523,1.4670659025,3.512,1.46811287666667,3.461
1.4673563275,3.523,1.46734404166667,3.512,1.46839063611111,3.472
1.4676342475,3.523,1.46762203944444,3.512,1.46866870555556,3.461
1.4679122425,3.523,1.46789997916667,3.512,1.46894664805556,3.461
1.468189925,3.523,1.46817778916667,3.512,1.46922437472222,3.461
1.46846769722222,3.523,1.46845593361111,3.512,1.4695021175,3.461
1.46874562555556,3.523,1.46873395972222,3.512,1.46978002416667,3.461
1.46902346972222,3.523,1.46901190361111,3.512,1.47005763527778,3.461
1.46930150583333,3.523,1.46928949444444,3.512,1.47033517861111,3.461
1.46957952472222,3.523,1.46956748472222,3.512,1.47061327166667,3.461
1.46985757111111,3.523,1.46984551055556,3.523,1.47089123583333,3.472
1.47013509138889,3.523,1.47012356138889,3.512,1.47116885388889,3.461
1.47041259944444,3.523,1.47040116361111,3.512,1.47144684722222,3.472
1.47069095333333,3.523,1.47067896416667,3.512,1.47172482833333,3.461
1.47096911861111,3.523,1.47095672111111,3.512,1.47200260944444,3.461
1.4712471175,3.523,1.47123447333333,3.523,1.47228023138889,3.461
1.47152480527778,3.523,1.47151238,3.523,1.47255785333333,3.461
1.4718025175,3.523,1.47179027472222,3.512,1.47283576694444,3.472
1.47208009166667,3.523,1.47206808277778,3.523,1.47311363416667,3.461
1.47235786972222,3.523,1.47234616611111,3.512,1.47339122805556,3.472
1.47263613305556,3.523,1.47262411833333,3.512,1.47366916027778,3.461
1.47291388555556,3.523,1.47290202416667,3.512,1.47394656388889,3.461
1.47319165638889,3.523,1.473179475,3.512,1.47422472361111,3.461
1.47346940305556,3.523,1.47345787416667,3.512,1.47450275361111,3.461
1.4737472025,3.523,1.4737354175,3.512,1.474780685,3.461
1.47402490472222,3.523,1.47401338666667,3.512,1.47505842861111,3.461
1.47430281527778,3.523,1.47429091722222,3.512,1.47533657527778,3.461
1.47458084861111,3.523,1.47456922833333,3.512,1.47561379388889,3.461
1.47485865222222,3.523,1.47484708972222,3.512,1.47589184055556,3.472
1.47513612944444,3.523,1.47512485861111,3.512,1.47616984055556,3.461
1.47541398888889,3.523,1.47540258444444,3.523,1.47644773972222,3.472
1.4756920075,3.523,1.47568050527778,3.523,1.47672558861111,3.461
1.47596979805556,3.523,1.47595782194444,3.512,1.47700343361111,3.461
1.47624785611111,3.523,1.47623623305556,3.523,1.47728073416667,3.472
1.476525475,3.523,1.47651409944444,3.523,1.47755885972222,3.461
1.47680351722222,3.523,1.47679196777778,3.512,1.47783679944444,3.461
1.47708147,3.523,1.47706973166667,3.523,1.478114565,3.472
1.47735913055556,3.523,1.47734778888889,3.523,1.47839236444444,3.472
1.47763690083333,3.523,1.47762572388889,3.523,1.47867064194444,3.472
1.47791483583333,3.523,1.47790391055556,3.523,1.47894829027778,3.461
1.47819273416667,3.523,1.47818214972222,3.512,1.47922580305556,3.472
1.47847058305556,3.523,1.47845979222222,3.512,1.47950425083333,3.461
1.47874840222222,3.523,1.47873759,3.523,1.47978221694444,3.472
1.47902627305556,3.533,1.479015365,3.523,1.480060165,3.461
1.47930427305556,3.533,1.47929328944444,3.512,1.480338035,3.472
1.47958192861111,3.523,1.47957093666667,3.523,1.48061606916667,3.461
1.47985982138889,3.523,1.47984869666667,3.523,1.48089387416667,3.472
1.48013760638889,3.523,1.48012650194444,3.523,1.48117144777778,3.461
1.48041564138889,3.523,1.48040426833333,3.523,1.48144945833333,3.472
1.48069348083333,3.523,1.48068232972222,3.523,1.48172716444444,3.472
1.48097161333333,3.523,1.48096028944444,3.523,1.48200534611111,3.461
1.48124930083333,3.533,1.48123788027778,3.523,1.4822829775,3.472
1.48152704444444,3.533,1.48151568972222,3.523,1.48256100527778,3.472
1.4818052825,3.523,1.48179339027778,3.523,1.48283883805556,3.472
1.482082965,3.533,1.48207150638889,3.523,1.48311674527778,3.461
1.48236037166667,3.523,1.48234931722222,3.523,1.483394665,3.472
1.48263870666667,3.533,1.48262722722222,3.512,1.48367246055556,3.472
1.48291681444444,3.523,1.48290464944444,3.523,1.483950175,3.472
1.48319448222222,3.523,1.48318286055556,3.523,1.48422872305556,3.472
1.48347240611111,3.533,1.48346062972222,3.523,1.4845063275,3.461
1.48375072111111,3.523,1.48373857972222,3.523,1.48478405055556,3.461
1.48402847277778,3.533,1.48401631111111,3.523,1.48506206416667,3.472
1.48430647361111,3.523,1.48429364972222,3.523,1.48533961972222,3.472
1.48458427916667,3.533,1.48457190694444,3.523,1.48561778583333,3.461
1.48486186055556,3.533,1.48484918027778,3.523,1.48589556638889,3.472
1.48514007277778,3.533,1.48512709055556,3.523,1.486173695,3.461
1.48541814694444,3.523,1.48540547777778,3.523,1.48645135083333,3.472
1.485696365,3.523,1.48568348916667,3.523,1.48672880833333,3.472
1.48597410944444,3.533,1.48596145638889,3.523,1.48700705055556,3.461
1.48625159333333,3.533,1.48623931277778,3.523,1.48728460055556,3.472
1.48652953194444,3.533,1.48651685805556,3.523,1.48756248111111,3.472
1.48680750888889,3.523,1.48679499388889,3.523,1.48784015194444,3.472
1.48708545833333,3.533,1.48707294166667,3.523,1.48811796888889,3.472
1.48736333277778,3.533,1.48735043888889,3.523,1.48839612638889,3.472
1.48764119861111,3.523,1.48762857722222,3.523,1.48867426166667,3.472
1.4879187225,3.533,1.48790656111111,3.523,1.48895195166667,3.472
1.48819695638889,3.533,1.48818438555556,3.533,1.48922998222222,3.472
1.48847497555556,3.533,1.488462055,3.523,1.48950784444444,3.461
1.48875250944444,3.533,1.48873991833333,3.523,1.48978568583333,3.472
1.4890306475,3.533,1.48901772555556,3.523,1.4900637825,3.472
1.48930858527778,3.533,1.48929508194444,3.523,1.49034145916667,3.472
1.4895863975,3.533,1.48957333361111,3.523,1.49061919194444,3.472
1.48986442055556,3.533,1.48985109916667,3.523,1.49089737944444,3.461
1.49014224416667,3.533,1.49012869277778,3.533,1.4911754425,3.472
1.49041993555556,3.533,1.49040652055556,3.523,1.49145331722222,3.461
1.49069778722222,3.533,1.49068405027778,3.533,1.49173108083333,3.472
1.49097568027778,3.533,1.49096216638889,3.523,1.49200893138889,3.472
1.49125343722222,3.533,1.49123993305556,3.523,1.49228670194444,3.461
1.49153111861111,3.533,1.49151770611111,3.523,1.49256452666667,3.472
1.49180899972222,3.533,1.49179532305556,3.523,1.49284202944444,3.461
1.49208702333333,3.533,1.4920731075,3.523,1.49312015694444,3.472
1.49236489083333,3.533,1.49235057222222,3.523,1.49339767972222,3.472
1.49264267611111,3.533,1.49262870138889,3.523,1.49367623027778,3.472
1.49292058083333,3.533,1.49290649888889,3.523,1.49395412611111,3.472
1.49319846166667,3.533,1.49318446027778,3.533,1.49423237,3.472
1.49347626972222,3.533,1.49346205722222,3.533,1.49451017638889,3.472
1.49375418416667,3.533,1.49374026611111,3.533,1.49478781222222,3.472
1.49403200083333,3.533,1.49401798805556,3.533,1.49506551555556,3.461
1.49430986055556,3.533,1.49429583055556,3.523,1.49534360388889,3.472
1.49458789055556,3.533,1.49457344805556,3.523,1.49562141333333,3.472
1.49486575166667,3.533,1.49485136222222,3.523,1.49589906944444,3.461
1.49514391861111,3.533,1.49512866777778,3.523,1.49617685416667,3.472
1.49542160861111,3.533,1.49540673694444,3.533,1.49645455222222,3.472
1.49569947861111,3.533,1.49568456861111,3.523,1.49673258277778,3.461
1.49597715944444,3.533,1.49596243361111,3.523,1.49701046305556,3.472
1.49625506833333,3.533,1.49624031305556,3.533,1.49728836805556,3.472
1.49653302305556,3.533,1.49651827305556,3.533,1.49756602555556,3.472
1.49681038833333,3.533,1.4967964325,3.533,1.49784394166667,3.472
1.49708853027778,3.533,1.4970742925,3.533,1.49812157166667,3.472
1.4973663675,3.533,1.49735205222222,3.533,1.49839959722222,3.472
1.49764410861111,3.543,1.49762979166667,3.533,1.49867701027778,3.472
1.49792191833333,3.533,1.49790763416667,3.533,1.49895505972222,3.472
1.49819968833333,3.533,1.49818545638889,3.533,1.4992324,3.472
1.49847745666667,3.533,1.49846336416667,3.533,1.49951051055556,3.472
1.49875523083333,3.543,1.49874124333333,3.533,1.49978858805556,3.472
1.4990329975,3.543,1.4990192875,3.533,1.50006653833333,3.472
1.49931069194444,3.543,1.499297205,3.533,1.50034441055556,3.472
1.49958882944444,3.533,1.49957527166667,3.533,1.50062220833333,3.472
1.49986654166667,3.533,1.49985302472222,3.533,1.50089998222222,3.472
1.50014438444444,3.543,1.50013064527778,3.533,1.50117813222222,3.472
1.50042226027778,3.543,1.5004086725,3.533,1.50145579833333,3.472
1.50070032555556,3.543,1.50068660416667,3.533,1.50173405916667,3.472
1.50097814888889,3.543,1.50096441833333,3.533,1.50201210555556,3.472
1.50125578305556,3.543,1.50124228916667,3.533,1.50228985194444,3.472
1.50153325083333,3.543,1.50152022583333,3.533,1.50256790916667,3.472
1.50181141722222,3.543,1.50179771333333,3.533,1.50284554055556,3.472
1.50208921305556,3.543,1.50207595722222,3.533,1.50312330388889,3.472
1.50236718194444,3.543,1.50235366305556,3.533,1.5034015,3.472
1.50264488444444,3.543,1.502631675,3.533,1.503679115,3.472
1.50292232833333,3.543,1.50290946722222,3.533,1.50395733194444,3.472
1.50320047416667,3.543,1.50318757805556,3.533,1.50423495305556,3.472
1.50347834361111,3.543,1.50346532055556,3.533,1.50451306694444,3.472
1.50375616638889,3.543,1.50374316166667,3.533,1.50479126833333,3.472
1.5040338925,3.543,1.50402076333333,3.533,1.50506880083333,3.472
1.50431124527778,3.543,1.50429870277778,3.533,1.50534697694444,3.472
1.50458947083333,3.543,1.50457647416667,3.533,1.50562514527778,3.472
1.5048673725,3.533,1.50485402444444,3.533,1.50590273277778,3.472
1.50514535472222,3.543,1.50513169333333,3.533,1.50618081916667,3.472
1.50542331972222,3.543,1.50540982194444,3.533,1.50645851,3.472
1.50570095194444,3.543,1.50568723305556,3.533,1.50673692861111,3.472
1.50597859361111,3.543,1.50596516916667,3.533,1.50701474,3.472
1.50625632138889,3.543,1.50624317416667,3.533,1.50729248222222,3.472
1.50653405916667,3.543,1.50652089027778,3.533,1.50757027138889,3.472
1.50681200305556,3.543,1.50679863694444,3.533,1.50784835055556,3.472
1.50708964944444,3.543,1.50707648722222,3.533,1.50812613027778,3.472
1.50736761388889,3.543,1.50735421833333,3.533,1.50840388138889,3.472
1.50764578972222,3.543,1.50763221305556,3.533,1.50868158333333,3.472
1.50792372305556,3.543,1.50791038722222,3.533,1.50895942611111,3.472
1.50820148444444,3.543,1.508187825,3.533,1.50923714444444,3.472
1.50847952166667,3.543,1.50846610444444,3.533,1.50951491611111,3.472
1.50875747388889,3.543,1.50874416083333,3.533,1.50979301611111,3.472
1.50903514833333,3.543,1.5090221625,3.533,1.51007096555556,3.472
1.50931300861111,3.543,1.50929980111111,3.533,1.51034857972222,3.472
1.50959036972222,3.543,1.50957823138889,3.533,1.51062667388889,3.472
1.50986855916667,3.543,1.50985575666667,3.533,1.51090464805556,3.472
1.51014591527778,3.543,1.51013379916667,3.543,1.51118251583333,3.472
1.51042430055556,3.543,1.51041137833333,3.533,1.5114603,3.472
1.51070202555556,3.543,1.51068936027778,3.533,1.51173828833333,3.472
1.51097984861111,3.543,1.51096711111111,3.533,1.51201619722222,3.472
1.51125776722222,3.543,1.51124477861111,3.533,1.51229412222222,3.472
1.51153546083333,3.543,1.51152243305556,3.533,1.512572005,3.472
1.51181329888889,3.543,1.51180032861111,3.543,1.51284992972222,3.472
1.5120909675,3.543,1.51207830861111,3.543,1.51312747111111,3.472
1.51236918416667,3.543,1.51235633361111,3.533,1.51340549972222,3.472
1.51264676305556,3.543,1.51263414888889,3.543,1.51368342722222,3.472
1.51292451277778,3.543,1.51291208361111,3.533,1.51396121583333,3.472
1.5132026275,3.543,1.5131897575,3.543,1.51423935138889,3.472
1.51348045611111,3.543,1.51346763444444,3.543,1.51451702833333,3.482
1.51375817194444,3.543,1.5137452975,3.543,1.51479470055556,3.472
1.514036205,3.543,1.51402357,3.543,1.51507260972222,3.472
1.51431417194444,3.543,1.51430125722222,3.543,1.51535015722222,3.472
1.51459203444444,3.543,1.51457922416667,3.543,1.51562806638889,3.472
1.51486970555556,3.543,1.51485704138889,3.543,1.51590581138889,3.472
1.51514724194444,3.543,1.51513485833333,3.543,1.516183545,3.472
1.51542535055556,3.543,1.5154126,3.543,1.51646135277778,3.472
1.51570309888889,3.543,1.51569030305556,3.543,1.51673924972222,3.472
1.51598085444444,3.553,1.51596831138889,3.543,1.51701700722222,3.472
1.51625883472222,3.543,1.51624622027778,3.543,1.51729442722222,3.472
1.51653656444444,3.543,1.51652408194444,3.543,1.51757274555556,3.472
1.5168145825,3.543,1.51680151138889,3.543,1.51785061944444,3.472
1.51709262944444,3.553,1.51707921555556,3.543,1.51812815833333,3.472
1.51737042388889,3.553,1.51735731027778,3.543,1.51840617333333,3.472
1.51764821611111,3.543,1.51763540444444,3.543,1.51868355027778,3.472
1.51792594472222,3.543,1.51791327,3.543,1.5189613125,3.472
1.51820346888889,3.543,1.51819089277778,3.543,1.51923951444444,3.472
1.5184818975,3.553,1.51846892361111,3.543,1.51951749777778,3.472
1.51875958055556,3.543,1.51874690861111,3.543,1.51979547416667,3.472
1.51903752055556,3.553,1.51902498,3.543,1.52007325472222,3.472
1.51931550138889,3.553,1.51930276694444,3.543,1.52035110055556,3.472
1.51959316194444,3.553,1.51958034444444,3.543,1.52062859694444,3.482
1.51987114194444,3.543,1.51985838527778,3.543,1.52090665833333,3.472
1.52014892194444,3.553,1.52013615833333,3.543,1.52118407138889,3.472
1.52042660222222,3.553,1.52041422416667,3.543,1.52146220833333,3.472
1.52070480027778,3.553,1.52069177,3.543,1.52174001472222,3.472
1.52098238472222,3.553,1.52096985222222,3.543,1.52201770472222,3.472
1.52126055861111,3.553,1.52124775805556,3.543,1.52229615388889,3.472
1.52153816527778,3.553,1.52152587722222,3.543,1.52257390333333,3.472
1.52181603944444,3.553,1.52180362388889,3.543,1.52285168916667,3.472
1.52209391083333,3.553,1.5220818975,3.543,1.52312957666667,3.472
1.52237149222222,3.553,1.52235978722222,3.543,1.52340716416667,3.472
1.52264963944444,3.553,1.52263766583333,3.543,1.52368490305556,3.472
1.52292730222222,3.553,1.52291542222222,3.543,1.52396295111111,3.482
1.52320491416667,3.553,1.523193425,3.543,1.52424077,3.472
1.52348311138889,3.553,1.52347106388889,3.543,1.52451847638889,3.472
1.52376123111111,3.553,1.52374889305556,3.543,1.52479645527778,3.472
1.52403923583333,3.553,1.52402648194444,3.543,1.52507440972222,3.472
1.52431699222222,3.553,1.52430464972222,3.543,1.52535235361111,3.472
1.52459458055556,3.553,1.52458249027778,3.543,1.52562997027778,3.472
1.52487212805556,3.553,1.52486032805556,3.543,1.52590798805556,3.472
1.52515016166667,3.553,1.52513833777778,3.543,1.52618567833333,3.472
1.52542812166667,3.553,1.52541637194444,3.543,1.52646383027778,3.472
1.52570592416667,3.553,1.52569422583333,3.543,1.52674158083333,3.472
1.52598393805556,3.553,1.52597217722222,3.543,1.527019085,3.472
1.52626131861111,3.553,1.52624997611111,3.543,1.52729754388889,3.472
1.5265394725,3.553,1.52652811694444,3.543,1.52757511888889,3.472
1.52681753,3.553,1.52680566416667,3.543,1.52785299166667,3.482
1.52709528527778,3.563,1.52708361222222,3.543,1.52813092722222,3.472
1.52737309194444,3.553,1.52736164805556,3.543,1.52840852666667,3.472
1.52765069888889,3.553,1.52763951527778,3.543,1.52868639444444,3.472
1.52792874111111,3.553,1.52791715888889,3.543,1.52896416694444,3.472
1.52820646,3.553,1.528195095,3.543,1.52924243638889,3.472
1.52848471916667,3.553,1.52847268833333,3.553,1.52952010361111,3.472
1.52876257,3.563,1.52875090333333,3.543,1.52979769916667,3.482
1.52904030722222,3.563,1.52902878388889,3.543,1.53007578527778,3.482
1.52931815888889,3.563,1.5293067,3.543,1.53035368583333,3.472
1.52959613194444,3.563,1.52958491861111,3.543,1.53063138777778,3.482
1.52987398527778,3.563,1.5298626725,3.543,1.53090941638889,3.472
1.53015201666667,3.563,1.53014035722222,3.543,1.53118722444444,3.472
1.5304298875,3.563,1.53041813638889,3.543,1.53146500388889,3.472
1.53070777416667,3.563,1.53069595416667,3.543,1.53174265472222,3.472
1.53098543611111,3.563,1.53097371722222,3.543,1.5320208,3.482
1.53126350694444,3.563,1.53125171638889,3.543,1.53229824666667,3.482
1.5315416925,3.563,1.53152918805556,3.543,1.53257652583333,3.472
1.53181941388889,3.563,1.53180726027778,3.543,1.53285437305556,3.472
1.53209702194444,3.563,1.53208562111111,3.553,1.53313227055556,3.472
1.53237499416667,3.563,1.53236341138889,3.543,1.53341003583333,3.482
1.53265275888889,3.563,1.532641175,3.543,1.53368770138889,3.472
1.53293065,3.563,1.53291943083333,3.543,1.53396558138889,3.472
1.53320864,3.563,1.53319688833333,3.543,1.53424352194444,3.472
1.53348638972222,3.563,1.53347461083333,3.543,1.53452163472222,3.482
1.53376399527778,3.563,1.53375261833333,3.543,1.53479947777778,3.472
1.53404204861111,3.563,1.53403035388889,3.553,1.535077395,3.482
1.53432034111111,3.563,1.53430819555556,3.553,1.53535542694444,3.472
1.53459803166667,3.563,1.53458609805556,3.543,1.53563327,3.482
1.5348756625,3.563,1.53486396055556,3.553,1.53591110805556,3.482
1.5351538075,3.563,1.53514156611111,3.543,1.53618904555556,3.482
1.53543163694444,3.563,1.53541951277778,3.553,1.53646676472222,3.472
1.53570942916667,3.563,1.535697565,3.553,1.53674462361111,3.482
1.53598737527778,3.563,1.53597549861111,3.553,1.53702240166667,3.482
1.53626516472222,3.563,1.53625296388889,3.553,1.53730038222222,3.472
1.5365431475,3.563,1.53653107833333,3.553,1.53757804138889,3.472
1.53682115805556,3.563,1.53680879111111,3.553,1.53785576277778,3.482
1.537098935,3.563,1.53708681111111,3.553,1.53813343527778,3.472
1.53737670055556,3.563,1.53736446277778,3.553,1.53841160527778,3.472
1.53765469083333,3.563,1.53764254194444,3.553,1.5386894975,3.482
1.53793234972222,3.563,1.537920525,3.553,1.53896726138889,3.472
1.53821033777778,3.563,1.53819835861111,3.553,1.53924510916667,3.472
1.5384882675,3.563,1.53847601388889,3.553,1.53952298666667,3.472
1.53876619111111,3.563,1.53875423694444,3.553,1.53980091611111,3.482
1.53904412638889,3.563,1.53903202333333,3.553,1.54007879416667,3.482
1.5393218175,3.563,1.53930998277778,3.553,1.54035664916667,3.482
1.53959952138889,3.563,1.53958782944444,3.553,1.54063409,3.472
1.5398773075,3.574,1.5398657575,3.553,1.54091210611111,3.472
1.54015526944444,3.563,1.540143365,3.553,1.54118991416667,3.472
1.54043303027778,3.563,1.54042112722222,3.553,1.54146769583333,3.482
1.54071053944444,3.563,1.54069892805556,3.553,1.54174573027778,3.472
1.540988225,3.563,1.54097669388889,3.553,1.54202390944444,3.482
1.54126620833333,3.563,1.54125475777778,3.553,1.54230169388889,3.482
1.54154431611111,3.563,1.54153263861111,3.553,1.54257977416667,3.482
1.54182220694444,3.563,1.541810335,3.553,1.54285713944444,3.482
1.54210002722222,3.563,1.54208830638889,3.553,1.54313520083333,3.482
1.54237776388889,3.563,1.54236636916667,3.553,1.54341333694444,3.482
1.54265563472222,3.574,1.54264441666667,3.553,1.54369115416667,3.482
1.54293360916667,3.563,1.54292230611111,3.553,1.54396899638889,3.482
1.54321142638889,3.574,1.54320034027778,3.553,1.544246285,3.482
1.54348902888889,3.563,1.54347830833333,3.553,1.54452435888889,3.482
1.54376733555556,3.574,1.54375570333333,3.553,1.54480227583333,3.482
1.54404515722222,3.574,1.54403383305556,3.553,1.54507963388889,3.482
1.54432309388889,3.574,1.54431161388889,3.553,1.54535805055556,3.472
1.5446008875,3.574,1.54458937861111,3.553,1.54563598138889,3.482
1.54487882722222,3.574,1.54486736166667,3.553,1.54591381861111,3.482
1.54515651777778,3.574,1.54514530777778,3.563,1.54619176361111,3.472
1.54543426777778,3.574,1.54542281583333,3.563,1.54646963305556,3.472
1.54571226472222,3.574,1.54570111444444,3.553,1.54674777944444,3.482
1.54599011861111,3.574,1.54597903722222,3.563,1.54702517611111,3.482
1.54626795555556,3.574,1.54625691888889,3.563,1.547303425,3.482
1.54654575138889,3.574,1.54653465222222,3.553,1.54758133055556,3.482
1.54682377722222,3.574,1.54681279416667,3.553,1.54785881388889,3.482
1.54710153027778,3.574,1.54709107777778,3.553,1.54813694277778,3.482
1.54737923277778,3.574,1.54736891027778,3.563,1.54841465,3.482
1.5476573025,3.574,1.5476461225,3.553,1.54869288138889,3.482
1.54793491,3.574,1.54792427333333,3.563,1.54897052444444,3.482
1.54821265555556,3.574,1.54820236666667,3.563,1.54924837222222,3.482
1.54849078416667,3.574,1.54848028166667,3.553,1.54952592861111,3.482
1.54876873361111,3.574,1.54875828388889,3.553,1.54980410416667,3.482
1.54904674361111,3.574,1.54903603138889,3.563,1.55008213638889,3.482
1.54932434555556,3.574,1.54931382472222,3.563,1.55035962444444,3.482
1.54960206777778,3.574,1.5495915625,3.563,1.55063767305556,3.482
1.54987988,3.574,1.54986967527778,3.553,1.55091577277778,3.482
1.55015775194444,3.574,1.55014748944444,3.563,1.55119398388889,3.482
1.55043586583333,3.574,1.55042551527778,3.563,1.55147191166667,3.482
1.55071367111111,3.574,1.55070328194444,3.563,1.55174969972222,3.482
1.55099162194444,3.574,1.55098105611111,3.563,1.55202738888889,3.482
1.55126939305556,3.574,1.55125912722222,3.563,1.55230490638889,3.482
1.55154709166667,3.574,1.55153669055556,3.563,1.55258296972222,3.482
1.55182499944444,3.574,1.55181457444444,3.563,1.55286109027778,3.482
1.55210264972222,3.574,1.55209247416667,3.563,1.55313885944444,3.482
1.55238043833333,3.574,1.5523703175,3.563,1.55341696277778,3.482
1.55265841694444,3.574,1.55264814472222,3.563,1.55369450916667,3.482
1.55293604638889,3.574,1.55292616944444,3.563,1.55397241611111,3.482
1.55321391527778,3.574,1.5532039225,3.563,1.55425055138889,3.482
1.55349172194444,3.574,1.55348194666667,3.563,1.55452814527778,3.482
1.55376948555556,3.574,1.55375980138889,3.563,1.55480601722222,3.482
1.5540471575,3.574,1.55403753583333,3.563,1.55508387194444,3.482
1.55432521694444,3.574,1.55431507138889,3.563,1.55536176055556,3.482
1.55460275944444,3.574,1.55459319666667,3.563,1.55563972194444,3.482
1.55488092972222,3.574,1.55487070138889,3.563,1.55591770027778,3.482
1.55515874166667,3.574,1.55514892944444,3.563,1.5561954725,3.482
1.55543671944444,3.574,1.55542668083333,3.563,1.55647333527778,3.482
1.5557142675,3.584,1.55570457333333,3.563,1.55675111611111,3.482
1.55599211194444,3.574,1.5559826525,3.563,1.55702880388889,3.482
1.55627030666667,3.584,1.55626005916667,3.563,1.55730665166667,3.482
1.55654794222222,3.574,1.5565383225,3.563,1.55758410972222,3.482
1.55682569277778,3.584,1.55681633555556,3.563,1.5578621525,3.482
1.55710358138889,3.584,1.55709391083333,3.563,1.55813992638889,3.482
1.557381045,3.584,1.55737185333333,3.563,1.55841769083333,3.482
1.55765899222222,3.584,1.55764950388889,3.563,1.558695475,3.482
1.55793718111111,3.584,1.55792726722222,3.563,1.55897325277778,3.482
1.5582149475,3.574,1.55820502777778,3.563,1.55925101305556,3.482
1.55849268055556,3.584,1.55848331027778,3.563,1.55952880888889,3.482
1.55877044527778,3.574,1.55876101611111,3.563,1.5598065775,3.482
1.55904821611111,3.584,1.55903913027778,3.563,1.56008454611111,3.482
1.55932610722222,3.584,1.55931684194444,3.563,1.56036214694444,3.482
1.55960391777778,3.584,1.55959496305556,3.563,1.56064015111111,3.482
1.55988180166667,3.584,1.55987304638889,3.563,1.56091804694444,3.482
1.56015977666667,3.574,1.5601507175,3.563,1.56119569583333,3.482
1.56043744944444,3.584,1.56042840388889,3.563,1.56147361027778,3.482
1.56071511666667,3.584,1.56070612805556,3.563,1.56175137638889,3.482
1.56099317944444,3.584,1.56098438527778,3.563,1.56202924583333,3.482
1.56127104555556,3.584,1.56126209972222,3.563,1.5623070425,3.482
1.56154873722222,3.584,1.56153983194444,3.563,1.56258466388889,3.482
1.56182674777778,3.584,1.56181800833333,3.563,1.562862815,3.482
1.562104555,3.584,1.56209572666667,3.563,1.56314123027778,3.482
1.56238215694444,3.584,1.56237337416667,3.563,1.56341891138889,3.482
1.562660115,3.584,1.56265144305556,3.563,1.56369640166667,3.482
1.56293798666667,3.584,1.56292928111111,3.574,1.56397486777778,3.482
1.56321570166667,3.584,1.56320749416667,3.563,1.56425240583333,3.482
1.56349345611111,3.584,1.56348520194444,3.563,1.56453066083333,3.482
1.56377124222222,3.584,1.56376282694444,3.574,1.56480835444444,3.482
1.56404901694444,3.584,1.56404101083333,3.563,1.56508644055556,3.482
1.56432692194444,3.584,1.56431865333333,3.574,1.56536392138889,3.482
1.56460468055556,3.584,1.56459684138889,3.574,1.56564211194444,3.482
1.56488205444444,3.584,1.56487488916667,3.563,1.56592021055556,3.482
1.56516036111111,3.584,1.56515275111111,3.563,1.56619797388889,3.482
1.56543815638889,3.584,1.56543054666667,3.574,1.5664758375,3.482
1.56571609638889,3.584,1.56570823722222,3.574,1.56675332611111,3.482
1.56599376861111,3.584,1.56598644305556,3.563,1.56703132972222,3.482
1.56627155027778,3.584,1.56626452333333,3.574,1.56730935972222,3.482
1.56654930611111,3.584,1.56654241666667,3.574,1.56758721666667,3.482
1.56682708111111,3.584,1.566820715,3.563,1.56786528944444,3.482
1.56710483833333,3.584,1.56709874111111,3.563,1.56814294277778,3.482
1.56738273277778,3.584,1.56737622722222,3.574,1.5684208175,3.482
1.56766028638889,3.584,1.56765442333333,3.574,1.56869850722222,3.482
1.56793823916667,3.584,1.56793270083333,3.574,1.56897666361111,3.482
1.5682161675,3.584,1.56821049722222,3.574,1.56925460361111,3.482
1.5684942175,3.584,1.5684881475,3.574,1.56953213388889,3.482
1.56877182638889,3.584,1.56876634416667,3.574,1.56981002027778,3.482
1.56904966444444,3.584,1.56904421638889,3.574,1.57008814722222,3.482
1.569327435,3.584,1.56932207611111,3.574,1.57036587666667,3.482
1.56960502388889,3.594,1.56960001166667,3.574,1.57064375166667,3.482
1.569882805,3.584,1.56987775972222,3.574,1.57092163083333,3.482
1.57016051555556,3.584,1.57015588472222,3.574,1.57119941833333,3.482
1.57043838944444,3.584,1.57043384111111,3.574,1.57147733694444,3.482
1.570716285,3.584,1.57071157638889,3.574,1.57175503388889,3.482
1.57099404361111,3.584,1.57098943277778,3.574,1.57203273,3.482
1.57127188083333,3.584,1.57126725444444,3.574,1.57231050611111,3.482
1.57154966611111,3.584,1.57154522527778,3.574,1.5725884725,3.482
1.57182741083333,3.584,1.57182272055556,3.574,1.57286610416667,3.482
1.57210537027778,3.584,1.57210082972222,3.574,1.57314391638889,3.482
1.57238309638889,3.584,1.57237870666667,3.574,1.57342211194444,3.482
1.57266098277778,3.594,1.5726561275,3.574,1.573699835,3.482
1.57293880861111,3.594,1.57293425805556,3.574,1.57397752666667,3.482
1.57321666138889,3.594,1.57321198944444,3.574,1.57425527444444,3.482
1.57349440361111,3.584,1.57348993333333,3.574,1.57453315305556,3.482
1.57377229,3.594,1.57376782888889,3.574,1.57481123277778,3.482
1.57405000277778,3.584,1.57404605361111,3.574,1.57508898027778,3.482
1.57432768416667,3.594,1.5743237275,3.574,1.57536677277778,3.482
1.57460554,3.594,1.57460143666667,3.574,1.5756446525,3.482
1.57488339055556,3.594,1.5748792975,3.574,1.57592257277778,3.482
1.57516114083333,3.594,1.57515698611111,3.574,1.57620051888889,3.482
1.57543892888889,3.594,1.57543483638889,3.574,1.57647837861111,3.482
1.57571658527778,3.594,1.57571261888889,3.574,1.57675626083333,3.482
1.57599478194444,3.594,1.57599078888889,3.574,1.5770341625,3.482
1.57627266083333,3.594,1.57626819583333,3.574,1.57731162222222,3.482
1.57655063555556,3.594,1.5765463125,3.574,1.57758967861111,3.482
1.5768287525,3.594,1.57682424305556,3.574,1.5778675575,3.482
1.57710655194444,3.594,1.57710214833333,3.574,1.57814533333333,3.482
1.57738448055556,3.584,1.57737969361111,3.574,1.57842334972222,3.482
1.57766214055556,3.594,1.57765755805556,3.574,1.57870102888889,3.482
1.57793998583333,3.594,1.57793559583333,3.574,1.57897880972222,3.482
1.57821794222222,3.594,1.57821353722222,3.574,1.57925658027778,3.482
1.57849570472222,3.594,1.57849164472222,3.574,1.57953414194444,3.482
1.57877377694444,3.594,1.57876932194444,3.574,1.57981242055556,3.482
1.57905146888889,3.594,1.57904710972222,3.574,1.58009046638889,3.482
1.57932967305556,3.594,1.57932488694444,3.574,1.58036830166667,3.482
1.57960782777778,3.594,1.57960248472222,3.574,1.58064611722222,3.482
1.57988563777778,3.594,1.57988008194444,3.574,1.58092407611111,3.482
1.58016345694444,3.594,1.58015809944444,3.574,1.58120186055556,3.482
1.58044132583333,3.594,1.58043585944444,3.574,1.58147991388889,3.482
1.58071932444444,3.594,1.58071378083333,3.574,1.58175795722222,3.482
1.58099717638889,3.594,1.58099167166667,3.574,1.582036,3.482
1.58127527111111,3.594,1.58126930777778,3.574,1.58231386555556,3.482
1.58155292861111,3.594,1.58154755972222,3.574,1.58259175055556,3.492
1.58183107388889,3.594,1.58182518277778,3.574,1.58286946777778,3.482
1.58210874916667,3.594,1.58210322055556,3.574,1.58314708611111,3.482
1.58238699416667,3.594,1.58238099,3.574,1.58342512694444,3.482
1.58266526361111,3.594,1.58265906027778,3.574,1.58370269277778,3.482
1.58294266916667,3.594,1.58293657277778,3.584,1.58398063861111,3.482
1.58322049083333,3.594,1.58321445888889,3.574,1.58425853277778,3.482
1.58349822138889,3.594,1.58349234555556,3.584,1.58453647194444,3.482
1.58377635388889,3.594,1.58377007222222,3.584,1.5848142225,3.482
1.58405405694444,3.594,1.58404765611111,3.574,1.58509180722222,3.482
1.58433198222222,3.594,1.58432550027778,3.584,1.58536965527778,3.482
1.58461007222222,3.594,1.58460330555556,3.584,1.58564738,3.482
1.58488780472222,3.594,1.58488126666667,3.574,1.58592537277778,3.482
1.5851654475,3.604,1.58515885777778,3.574,1.58620307194444,3.482
1.58544330055556,3.594,1.58543691722222,3.574,1.58648077527778,3.482
1.58572091694444,3.604,1.58571432055556,3.584,1.5867591325,3.482
1.58599904472222,3.604,1.58599216305556,3.584,1.5870368125,3.482
1.58627705611111,3.594,1.58626974333333,3.574,1.587314655,3.482
1.58655501888889,3.604,1.58654799,3.574,1.5875926025,3.482
1.58683289111111,3.604,1.58682576361111,3.574,1.5878703025,3.482
1.58711074722222,3.604,1.58710308527778,3.584,1.58814809555556,3.482
1.58738842027778,3.604,1.58738129833333,3.574,1.58842591111111,3.492
1.58766624,3.604,1.58765898638889,3.584,1.58870405555556,3.482
1.58794414388889,3.604,1.58793642277778,3.584,1.58898166055556,3.482
1.58822180833333,3.594,1.58821471,3.584,1.58925959833333,3.482
1.58849962416667,3.594,1.58849223111111,3.584,1.58953737416667,3.482
1.58877786222222,3.594,1.58877024944444,3.584,1.58981491555556,3.482
1.58905567333333,3.594,1.58904801638889,3.584,1.59009278611111,3.482
1.58933358805556,3.604,1.58932597833333,3.584,1.59037054944444,3.482
1.58961137527778,3.604,1.58960383388889,3.584,1.59064826444444,3.482
1.5898893475,3.594,1.58988143138889,3.584,1.59092602611111,3.492
1.59016688833333,3.604,1.59015932305556,3.584,1.59120394888889,3.482
1.59044497,3.604,1.59043745305556,3.584,1.59148204138889,3.482
1.590722705,3.604,1.59071520416667,3.584,1.59175936388889,3.482
1.59100049277778,3.604,1.590993065,3.584,1.59203714333333,3.492
1.59127859611111,3.604,1.59127093583333,3.584,1.59231519055556,3.482
1.59155671444444,3.604,1.59154909694444,3.584,1.59259324472222,3.482
1.59183450694444,3.604,1.59182665472222,3.584,1.59287112,3.482
1.59211274694444,3.604,1.59210454333333,3.584,1.59314905083333,3.492
1.59239065333333,3.604,1.59238250694444,3.584,1.59342689611111,3.482
1.59266848472222,3.604,1.59266066333333,3.584,1.59370480916667,3.492
1.59294612083333,3.604,1.59293851138889,3.584,1.59398252638889,3.482
1.59322410638889,3.604,1.59321620166667,3.584,1.59426047527778,3.482
1.59350175277778,3.604,1.59349423638889,3.584,1.59453840388889,3.492
1.59378010833333,3.604,1.59377217194444,3.584,1.59481624277778,3.492
1.59405802305556,3.604,1.59404980777778,3.584,1.59509413444444,3.482
1.59433569611111,3.604,1.59432799861111,3.584,1.59537200916667,3.492
1.59461371666667,3.604,1.59460590166667,3.584,1.59565005472222,3.482
1.594891775,3.604,1.59488379305556,3.584,1.59592799861111,3.492
1.59516981,3.604,1.59516151277778,3.584,1.59620576583333,3.482
1.59544771194444,3.604,1.59543922305556,3.584,1.59648371361111,3.482
1.59572541027778,3.614,1.59571717944444,3.584,1.59676132638889,3.482
1.59600327055556,3.604,1.59599477888889,3.584,1.5970393125,3.492
1.59628113194444,3.604,1.59627273722222,3.584,1.59731738944444,3.492
1.59655898833333,3.604,1.59655035,3.584,1.59759539416667,3.492
1.59683686694444,3.604,1.59682830472222,3.584,1.59787298027778,3.492
1.59711486805556,3.604,1.5971059725,3.584,1.59815094972222,3.492
1.59739268277778,3.604,1.59738411555556,3.584,1.59842876555556,3.482
1.59767048611111,3.604,1.59766205611111,3.584,1.59870669166667,3.482
1.59794839833333,3.604,1.59794008916667,3.584,1.59898456277778,3.482
1.5982259375,3.604,1.59821815138889,3.584,1.59926210805556,3.482
1.59850400527778,3.604,1.59849595888889,3.584,1.59953965611111,3.492
1.59878188555556,3.604,1.59877356333333,3.584,1.59981802444444,3.492
1.59905990861111,3.604,1.599051485,3.584,1.60009599333333,3.492
1.59933730361111,3.604,1.59932920444444,3.584,1.60037424361111,3.482
1.59961558972222,3.604,1.59960697777778,3.584,1.60065192333333,3.482
1.59989347388889,3.604,1.59988477527778,3.584,1.60092995027778,3.492
1.60017138222222,3.604,1.6001630475,3.584,1.60120805111111,3.492
1.60044907972222,3.614,1.60044091694444,3.584,1.60148576861111,3.492
1.60072693277778,3.604,1.60071883861111,3.584,1.60176380777778,3.482
1.60100477166667,3.604,1.60099661583333,3.584,1.60204183805556,3.482
1.60128251027778,3.614,1.60127460416667,3.584,1.60231907055556,3.492
1.60155987277778,3.614,1.60155253055556,3.584,1.60259692972222,3.482
1.6018380875,3.614,1.60183054666667,3.584,1.60287510583333,3.492
1.60211584638889,3.614,1.6021083675,3.594,1.60315291027778,3.492
1.60239365861111,3.614,1.60238618027778,3.594,1.60343018722222,3.492
1.60267158722222,3.604,1.602664115,3.584,1.60370831388889,3.492
1.60294927527778,3.604,1.60294219666667,3.584,1.60398627222222,3.492
1.60322702888889,3.614,1.60321989305556,3.594,1.60426409694444,3.482
1.60350516055556,3.604,1.60349803638889,3.594,1.6045418375,3.492
1.60378332333333,3.614,1.60377591472222,3.594,1.604819525,3.492
1.60406108166667,3.604,1.60405410194444,3.584,1.60509737027778,3.482
1.60433888527778,3.614,1.60433176027778,3.594,1.60537489944444,3.492
1.60461658527778,3.614,1.60460968027778,3.594,1.60565331777778,3.492
1.60489495027778,3.614,1.60488741972222,3.594,1.60593138111111,3.492
1.60517274666667,3.614,1.60516502083333,3.594,1.60620919083333,3.492
1.60545055,3.614,1.60544302361111,3.594,1.60648694666667,3.492
1.60572838194444,3.614,1.60572062777778,3.584,1.60676471638889,3.492
1.60600633,3.614,1.6059985775,3.594,1.60704278277778,3.492
1.60628405527778,3.614,1.60627616166667,3.594,1.60732087027778,3.492
1.60656153305556,3.614,1.60655408527778,3.594,1.60759860194444,3.492
1.60683953305556,3.614,1.60683184166667,3.594,1.60787631277778,3.492
1.60711782722222,3.614,1.60710950861111,3.594,1.60815418,3.492
1.60739531583333,3.614,1.60738739305556,3.594,1.60843208305556,3.492
1.60767318,3.614,1.60766505361111,3.594,1.608710205,3.492
1.60795104555556,3.614,1.60794298888889,3.594,1.60898799888889,3.482
1.60822879694444,3.614,1.60822059527778,3.594,1.60926574888889,3.492
1.60850653416667,3.614,1.60849872638889,3.594,1.60954352333333,3.492
1.60878434305556,3.614,1.60877651166667,3.594,1.60982121916667,3.492
1.60906230444444,3.614,1.6090543625,3.594,1.61009906527778,3.492
1.60934010194444,3.614,1.60933176944444,3.594,1.61037721777778,3.482
1.60961804277778,3.614,1.60960947,3.594,1.61065521388889,3.492
1.60989617027778,3.614,1.60988758972222,3.594,1.61093289194444,3.492
1.61017360388889,3.614,1.6101656725,3.594,1.61121080083333,3.492
1.61045148555556,3.614,1.61044388027778,3.594,1.61148840083333,3.492
1.61072954861111,3.614,1.61072158638889,3.594,1.61176649416667,3.492
1.61100733611111,3.614,1.61099931611111,3.594,1.61204382055556,3.492
1.61128538416667,3.614,1.61127708944444,3.594,1.61232205611111,3.492
1.61156315666667,3.614,1.61155452527778,3.594,1.61259968055556,3.492
1.61184110305556,3.614,1.61183256333333,3.594,1.61287767333333,3.492
1.61211892083333,3.614,1.6121101425,3.594,1.61315526555556,3.492
1.61239647972222,3.614,1.61238837611111,3.594,1.61343321416667,3.492
1.61267433083333,3.614,1.61266594583333,3.594,1.61371082833333,3.492
1.61295221,3.614,1.61294394361111,3.594,1.61398876444444,3.492
1.61323006361111,3.614,1.6132219575,3.594,1.61426646833333,3.492
1.61350781222222,3.614,1.61349990805556,3.594,1.6145441875,3.492
1.61378580361111,3.614,1.61377774805556,3.594,1.61482183138889,3.492
1.61406342888889,3.614,1.61405552388889,3.594,1.61509977861111,3.482
1.61434136583333,3.614,1.61433347833333,3.594,1.61537755583333,3.492
1.61461921472222,3.614,1.61461122833333,3.594,1.61565525611111,3.492
1.61489713083333,3.614,1.61488903972222,3.594,1.61593321138889,3.492
1.61517500444444,3.614,1.61516711611111,3.594,1.61621106361111,3.492
1.61545308305556,3.614,1.61544489583333,3.594,1.61648879527778,3.492
1.61573068833333,3.614,1.61572281027778,3.594,1.61676669305556,3.492
1.61600842694444,3.614,1.61600083611111,3.594,1.61704461833333,3.492
1.61628621611111,3.614,1.61627848305556,3.594,1.6173227375,3.492
1.61656400583333,3.614,1.61655585833333,3.594,1.61760103138889,3.492
1.61684195722222,3.614,1.61683426111111,3.594,1.61787889805556,3.492
1.61711986972222,3.614,1.6171122475,3.594,1.618156385,3.492
1.61739762388889,3.614,1.61739033944444,3.594,1.61843436388889,3.492
1.6176756175,3.614,1.61766808638889,3.594,1.61871222638889,3.492
1.61795356388889,3.614,1.617945945,3.604,1.6189899975,3.492
1.61823158194444,3.614,1.61822367555556,3.594,1.61926798277778,3.492
1.61850937638889,3.614,1.61850178333333,3.594,1.61954601333333,3.492
1.618787165,3.614,1.618779225,3.594,1.61982409972222,3.492
1.61906491944444,3.614,1.61905728111111,3.594,1.62010216527778,3.492
1.61934264638889,3.614,1.61933511333333,3.594,1.62038021972222,3.492
1.61962042555556,3.614,1.61961269972222,3.594,1.62065849944444,3.492
1.61989813111111,3.614,1.61989077666667,3.594,1.6209364475,3.492
1.62017604416667,3.614,1.62016871138889,3.594,1.62121432472222,3.492
1.62045389972222,3.614,1.62044617444444,3.594,1.62149227388889,3.492
1.62073161416667,3.614,1.62072451833333,3.594,1.62176994611111,3.492
1.62100929694444,3.614,1.62100230222222,3.594,1.62204762805556,3.492
1.62128714888889,3.625,1.62128053861111,3.594,1.62232559805556,3.492
1.62156491194444,3.614,1.62155854583333,3.604,1.62260328777778,3.492
1.62184266888889,3.614,1.62183645611111,3.594,1.6228812925,3.492
1.62212049333333,3.614,1.62211432722222,3.594,1.62315918861111,3.492
1.62239825222222,3.614,1.62239220694444,3.604,1.62343661444444,3.492
1.62267595277778,3.614,1.62266977138889,3.594,1.62371472527778,3.492
1.62295364777778,3.614,1.6229476325,3.604,1.62399248055556,3.492
1.62323191166667,3.614,1.62322551972222,3.594,1.62427030722222,3.492
1.62350924777778,3.625,1.62350363416667,3.594,1.62454773944444,3.492
1.62378743972222,3.614,1.62378150444444,3.604,1.62482593388889,3.492
1.62406516055556,3.614,1.62405992666667,3.594,1.62510380666667,3.492
1.62434308166667,3.614,1.62433757722222,3.604,1.62538166277778,3.492
1.62462060305556,3.614,1.62461512055556,3.594,1.62565946361111,3.492
1.62489841083333,3.614,1.62489287055556,3.604,1.62593719416667,3.492
1.62517624722222,3.614,1.62517093888889,3.594,1.62621493888889,3.492
1.62545419194444,3.625,1.62544872722222,3.604,1.626492765,3.492
1.62573177333333,3.625,1.62572650611111,3.594,1.62677037527778,3.492
1.62601023055556,3.625,1.62600436583333,3.594,1.6270482875,3.492
1.62628789555556,3.614,1.62628227694444,3.594,1.62732619333333,3.492
1.62656584666667,3.614,1.62656055527778,3.604,1.62760422694444,3.492
1.62684359388889,3.614,1.62683850361111,3.604,1.62788190333333,3.492
1.62712118611111,3.625,1.62711633833333,3.604,1.6281599475,3.492
1.6273989175,3.614,1.62739393333333,3.594,1.62843779166667,3.492
1.62767652611111,3.625,1.62767139944444,3.604,1.62871583361111,3.492
1.62795449166667,3.625,1.62794975861111,3.604,1.62899387111111,3.492
1.6282322975,3.625,1.62822772333333,3.594,1.62927135611111,3.492
1.62851002861111,3.625,1.62850547222222,3.604,1.62954951611111,3.492
1.62878793194444,3.625,1.62878331527778,3.604,1.62982724388889,3.492
1.62906566027778,3.625,1.62906108,3.604,1.63010536944444,3.492
1.62934342833333,3.625,1.62933886222222,3.604,1.630382905,3.492
1.62962142722222,3.625,1.62961710111111,3.604,1.63066121388889,3.492
1.62989928666667,3.625,1.62989447666667,3.604,1.63093898472222,3.492
1.63017706138889,3.625,1.6301726875,3.604,1.63121702055556,3.492
1.63045491083333,3.625,1.63045051138889,3.604,1.63149455333333,3.492
1.63073280805556,3.625,1.63072817805556,3.604,1.63177248,3.492
1.63101036305556,3.625,1.63100606472222,3.604,1.63205038833333,3.492
1.63128858083333,3.625,1.63128382472222,3.604,1.63232786722222,3.492
1.63156613277778,3.625,1.6315618275,3.604,1.63260576,3.492
1.63184415333333,3.625,1.63183962,3.604,1.63288360722222,3.492
1.63212192777778,3.625,1.63211708111111,3.604,1.63316145555556,3.492
1.63239968805556,3.625,1.63239505083333,3.604,1.63343901444444,3.492
1.63267743527778,3.625,1.63267299972222,3.604,1.63371686555556,3.492
1.63295524444444,3.625,1.63295049138889,3.604,1.63399483805556,3.492
1.63323268527778,3.625,1.63322840666667,3.604,1.63427261111111,3.492
1.63351078444444,3.625,1.633506695,3.604,1.63455022361111,3.492
1.63378843694444,3.625,1.63378456805556,3.604,1.63482767527778,3.492
1.63406624194444,3.625,1.63406261888889,3.604,1.63510583333333,3.492
1.63434433388889,3.625,1.63434070416667,3.604,1.63538343638889,3.492
1.63462220166667,3.625,1.63461836111111,3.604,1.63566131666667,3.492
1.6348998975,3.625,1.63489631444444,3.604,1.63593909027778,3.492
1.63517773166667,3.625,1.63517433777778,3.604,1.63621704361111,3.492
1.63545544388889,3.625,1.63545224722222,3.604,1.63649462583333,3.492
1.63573289444444,3.625,1.63572974972222,3.604,1.63677262333333,3.492
1.63601108833333,3.625,1.63600793277778,3.604,1.63705022138889,3.492
1.63628895305556,3.625,1.63628570472222,3.604,1.63732837194444,3.492
1.6365668475,3.625,1.63656359194444,3.604,1.63760578305556,3.492
1.63684495055556,3.625,1.63684144694444,3.604,1.63788390333333,3.492
1.63712266083333,3.625,1.63711939083333,3.604,1.63816177444444,3.492
1.6374006,3.625,1.63739718916667,3.604,1.63844007916667,3.492
1.63767844722222,3.625,1.63767496111111,3.604,1.63871794,3.492
1.63795636416667,3.625,1.63795262277778,3.604,1.63899545388889,3.492
1.63823403944444,3.625,1.63823033916667,3.614,1.63927323222222,3.492
1.63851176277778,3.625,1.63850831694444,3.604,1.63955125972222,3.492
1.63878967722222,3.625,1.63878604388889,3.604,1.63982933694444,3.492
1.63906759888889,3.625,1.63906389305556,3.614,1.64010685777778,3.492
1.639345125,3.625,1.63934159305556,3.604,1.64038468277778,3.492
1.63962326583333,3.625,1.63961893,3.604,1.64066260861111,3.492
1.63990104916667,3.625,1.63989714472222,3.604,1.6409406675,3.502
1.64017873833333,3.625,1.6401749775,3.604,1.64121852861111,3.492
1.64045688305556,3.625,1.64045283916667,3.604,1.64149631277778,3.492
1.64073449777778,3.625,1.64073090333333,3.604,1.64177464722222,3.492
1.64101243416667,3.625,1.6410083525,3.604,1.64205225361111,3.492
1.64129014805556,3.625,1.6412865425,3.614,1.64233019055556,3.492
1.64156822805556,3.625,1.64156441583333,3.604,1.64260795555556,3.492
1.64184569472222,3.625,1.64184225111111,3.604,1.64288588,3.492
1.64212392,3.625,1.64211976722222,3.604,1.64316345222222,3.492
1.64240179333333,3.625,1.64239782611111,3.604,1.64344144083333,3.492
1.64267970055556,3.625,1.64267589388889,3.604,1.64371888388889,3.492
1.64295750694444,3.625,1.64295377694444,3.614,1.6439971,3.492
1.64323541611111,3.625,1.64323116972222,3.614,1.64427497305556,3.492
1.64351317055556,3.625,1.64350934305556,3.604,1.64455309833333,3.492
1.64379076611111,3.625,1.64378696638889,3.604,1.64483096305556,3.492
1.64406879694444,3.625,1.64406497027778,3.604,1.64510884694444,3.492
1.64434659666667,3.625,1.64434288194444,3.614,1.64538629861111,3.492
1.6446243475,3.625,1.64462069305556,3.614,1.6456645225,3.492
1.64490213222222,3.625,1.64489827611111,3.604,1.64594210611111,3.492
1.64518025888889,3.625,1.64517638833333,3.604,1.64621999694444,3.492
1.64545807583333,3.625,1.64545398305556,3.614,1.64649780027778,3.492
1.64573579916667,3.625,1.64573219611111,3.614,1.64677545333333,3.502
1.64601359444444,3.625,1.64600982666667,3.604,1.64705357222222,3.492
1.64629122416667,3.625,1.64628805611111,3.614,1.64733175083333,3.492
1.64656907527778,3.625,1.64656550305556,3.614,1.64760945777778,3.492
1.64684698416667,3.625,1.64684336694444,3.614,1.64788720833333,3.492
1.6471246925,3.625,1.64712128611111,3.604,1.64816527944444,3.492
1.64740277055556,3.625,1.64739923972222,3.604,1.64844333944444,3.492
1.64768055166667,3.625,1.6476773675,3.614,1.64872132333333,3.492
1.64795831527778,3.625,1.6479550925,3.614,1.64899939722222,3.492
1.6482358075,3.625,1.64823252166667,3.614,1.64927732361111,3.492
1.64851383611111,3.625,1.64851059916667,3.614,1.64955479138889,3.492
1.64879158916667,3.625,1.6487883625,3.604,1.649832975,3.492
1.64906907527778,3.625,1.64906660527778,3.614,1.65011089527778,3.502
1.64934715944444,3.625,1.649344315,3.614,1.65038857611111,3.492
1.6496250875,3.625,1.64962255027778,3.614,1.65066651888889,3.502
1.64990277083333,3.625,1.64990053083333,3.614,1.65094413277778,3.502
1.6501804625,3.625,1.65017814361111,3.614,1.65122208194444,3.492
1.65045858944444,3.625,1.65045562888889,3.614,1.65149967472222,3.502
1.65073626138889,3.625,1.65073388972222,3.614,1.65177761166667,3.502
1.65101401194444,3.625,1.651011475,3.614,1.65205537472222,3.492
1.65129173861111,3.625,1.65128973388889,3.614,1.652333175,3.502
1.65156977722222,3.625,1.65156767888889,3.614,1.65261114666667,3.502
1.65184725305556,3.625,1.65184546638889,3.614,1.65288898277778,3.492
1.65212548583333,3.625,1.65212327055556,3.614,1.65316696055556,3.502
1.65240337055556,3.625,1.65240084638889,3.614,1.65344484055556,3.492
1.65268127555556,3.625,1.65267887,3.614,1.65372271,3.502
1.65295932888889,3.625,1.65295702638889,3.614,1.65400045972222,3.492
1.6532371575,3.625,1.65323476944444,3.614,1.65427843055556,3.492
1.65351489138889,3.625,1.65351259722222,3.614,1.65455630833333,3.502
1.65379269833333,3.625,1.65379038166667,3.614,1.65483392805556,3.492
1.65407034555556,3.625,1.65406830972222,3.614,1.65511168305556,3.502
1.65434790416667,3.625,1.65434567388889,3.614,1.65538935666667,3.502
1.65462600722222,3.625,1.65462364388889,3.614,1.6556674925,3.492
1.6549037975,3.625,1.65490123444444,3.614,1.65594543083333,3.502
1.65518184111111,3.625,1.65517918555556,3.614,1.6562230075,3.502
1.65545956388889,3.625,1.65545687333333,3.614,1.65650082138889,3.502
1.65573781583333,3.625,1.65573480833333,3.614,1.65677859222222,3.502
1.65601559555556,3.625,1.65601260444444,3.614,1.65705666194444,3.492
1.65629306944444,3.625,1.65629032833333,3.614,1.65733436388889,3.502
1.65657117027778,3.625,1.65656837416667,3.614,1.65761232527778,3.502
1.65684925027778,3.635,1.65684633138889,3.614,1.65789011972222,3.502
1.65712689055556,3.625,1.65712364416667,3.614,1.65816794361111,3.502
1.65740495805556,3.625,1.65740189888889,3.614,1.65844577444444,3.502
1.65768245027778,3.625,1.65767949416667,3.614,1.65872333027778,3.502
1.65796023361111,3.625,1.65795747222222,3.614,1.65900104666667,3.502
1.65823862472222,3.625,1.65823486805556,3.614,1.65927920444444,3.502
1.65851635333333,3.635,1.65851279555556,3.614,1.65955692722222,3.502
1.65879415194444,3.625,1.65879072833333,3.614,1.65983481638889,3.502
1.65907191583333,3.625,1.65906840722222,3.614,1.66011284527778,3.502
1.65934968083333,3.625,1.65934619416667,3.614,1.66039059361111,3.502
1.65962740833333,3.625,1.65962423222222,3.614,1.66066840583333,3.502
1.65990492194444,3.625,1.65990199722222,3.614,1.66094654916667,3.502
1.66018259944444,3.625,1.66017992638889,3.614,1.66122435444444,3.502
1.66046052722222,3.625,1.66045724111111,3.614,1.66150198583333,3.502
1.66073840805556,3.625,1.66073537972222,3.614,1.66177983805556,3.502
1.66101637416667,3.625,1.66101322611111,3.614,1.66205777555556,3.502
1.6612941025,3.625,1.66129085361111,3.614,1.66233555972222,3.502
1.66157180305556,3.625,1.66156897416667,3.614,1.66261329027778,3.502
1.66184966722222,3.625,1.66184682027778,3.614,1.66289117555556,3.502
1.66212743916667,3.625,1.6621241975,3.614,1.6631691,3.502
1.66240517277778,3.625,1.66240249444444,3.614,1.66344699833333,3.502
1.66268295333333,3.625,1.66268009305556,3.614,1.66372492138889,3.502
1.66296099805556,3.625,1.66295781777778,3.614,1.66400315944444,3.502
1.66323847333333,3.625,1.66323577055556,3.614,1.66428073527778,3.502
1.66351654194444,3.625,1.66351381055556,3.614,1.66455852694444,3.502
1.66379490333333,3.635,1.66379160722222,3.614,1.66483645888889,3.502
1.66407254361111,3.635,1.664069395,3.614,1.66511426833333,3.502
1.66435042694444,3.625,1.66434719,3.614,1.665392365,3.502
1.66462819388889,3.635,1.66462557861111,3.614,1.66566998694444,3.502
1.66490596861111,3.635,1.66490361333333,3.614,1.66594777027778,3.502
1.66518376861111,3.625,1.66518158388889,3.614,1.66622521916667,3.502
1.665461685,3.635,1.66545939722222,3.614,1.66650298888889,3.502
1.66573946444444,3.635,1.66573724861111,3.614,1.66678112944444,3.502
1.66601787222222,3.625,1.66601535805556,3.614,1.66705892833333,3.502
1.66629557555556,3.625,1.6662931875,3.614,1.66733678722222,3.502
1.66657362361111,3.625,1.66657070277778,3.614,1.66761459638889,3.502
1.66685193861111,3.625,1.66684866638889,3.614,1.66789235722222,3.502
1.66712967611111,3.635,1.66712691277778,3.614,1.66817043888889,3.502
1.66740730305556,3.625,1.66740482166667,3.614,1.6684479725,3.502
1.66768528333333,3.625,1.66768257944444,3.614,1.668725735,3.502
1.66796313027778,3.635,1.66796044972222,3.614,1.66900379055556,3.502
1.66824091055556,3.635,1.66823812638889,3.614,1.66928156972222,3.502
1.66851867916667,3.635,1.66851600777778,3.614,1.66955982083333,3.502
1.66879652888889,3.635,1.66879381833333,3.614,1.66983761194444,3.502
1.66907396972222,3.635,1.66907151361111,3.614,1.6701155725,3.502
1.66935181194444,3.635,1.66934922416667,3.614,1.67039347722222,3.502
1.66962996472222,3.635,1.66962709555556,3.614,1.67067080555556,3.502
1.66990770944444,3.635,1.66990480861111,3.614,1.67094886833333,3.502
1.67018577222222,3.635,1.67018278166667,3.614,1.67122676555556,3.502
1.67046392138889,3.625,1.67046045722222,3.614,1.67150420638889,3.502
1.67074160666667,3.625,1.67073814166667,3.614,1.67178215361111,3.502
1.67101969305556,3.635,1.67101617833333,3.614,1.67206028027778,3.502
1.67129730833333,3.625,1.6712940575,3.614,1.67233807972222,3.502
1.67157562583333,3.625,1.67157171722222,3.614,1.67261587472222,3.502
1.67185331861111,3.625,1.67184961916667,3.614,1.67289357722222,3.502
1.67213103527778,3.635,1.67212743222222,3.614,1.67317154944444,3.502
1.672409175,3.635,1.67240509111111,3.614,1.67344940138889,3.502
1.672686895,3.635,1.6726830425,3.614,1.67372709694444,3.502
1.67296466277778,3.635,1.67296066,3.614,1.67400522722222,3.502
1.67324240638889,3.635,1.67323864194444,3.614,1.674283085,3.502
1.67352057027778,3.635,1.67351661416667,3.614,1.67456074111111,3.502
1.67379853638889,3.635,1.673794185,3.614,1.67483869472222,3.502
1.67407672916667,3.635,1.67407211472222,3.614,1.67511664416667,3.502
1.67435466611111,3.635,1.67434989611111,3.625,1.67539447722222,3.502
1.67463233138889,3.635,1.67462769277778,3.614,1.67567245194444,3.502
1.6749100875,3.635,1.67490588611111,3.625,1.67595040166667,3.502
1.6751882575,3.635,1.67518386583333,3.614,1.67622786416667,3.502
1.67546604,3.635,1.67546155694444,3.614,1.67650595444444,3.502
1.67574422888889,3.635,1.67573896527778,3.614,1.67678381138889,3.502
1.67602193305556,3.635,1.67601722333333,3.625,1.67706139666667,3.502
1.67629958583333,3.635,1.67629504555556,3.614,1.67733939583333,3.502
1.67657784111111,3.635,1.6765727575,3.614,1.67761738416667,3.502
1.67685565888889,3.635,1.67685058861111,3.614,1.67789526194444,3.502
1.67713387222222,3.635,1.67712835833333,3.614,1.67817325055556,3.502
1.67741174805556,3.635,1.67740632277778,3.614,1.67845116583333,3.502
1.67768974555556,3.635,1.67768379083333,3.614,1.67872860416667,3.502
1.67796757472222,3.635,1.67796184222222,3.625,1.67900665611111,3.502
1.67824553416667,3.635,1.67823948277778,3.625,1.67928486055556,3.502
1.67852345111111,3.635,1.678517395,3.614,1.67956235277778,3.502
1.67880146,3.635,1.67879517527778,3.614,1.6798399175,3.502
1.67907923388889,3.635,1.67907298111111,3.614,1.68011816944444,3.502
1.67935703888889,3.635,1.67935072111111,3.625,1.68039625888889,3.502
1.67963506888889,3.635,1.67962878055556,3.614,1.68067458027778,3.502
1.67991290777778,3.635,1.67990670972222,3.625,1.68095219583333,3.502
1.68019039472222,3.635,1.68018467583333,3.614,1.68123017333333,3.502
1.68046865194444,3.635,1.68046201666667,3.625,1.68150815972222,3.502
1.680746185,3.635,1.68074029111111,3.625,1.68178578722222,3.502
1.68102420194444,3.635,1.68101803888889,3.625,1.68206377805556,3.502
1.6813018375,3.635,1.68129589972222,3.614,1.68234134583333,3.502
1.6815797525,3.635,1.68157374527778,3.625,1.68261909027778,3.502
1.68185755638889,3.635,1.68185179083333,3.625,1.68289703277778,3.502
1.68213530527778,3.635,1.68212942,3.614,1.68317446277778,3.502
1.68241342,3.635,1.68240743361111,3.625,1.68345268527778,3.502
1.68269114138889,3.635,1.68268508833333,3.614,1.68373027388889,3.502
1.68296879361111,3.635,1.68296324472222,3.625,1.68400798861111,3.502
1.68324648083333,3.635,1.683241165,3.614,1.68428593805556,3.502
1.68352469444444,3.635,1.68351888333333,3.625,1.68456386944444,3.502
1.68380223861111,3.635,1.68379642138889,3.625,1.6848417075,3.502
1.68407999277778,3.635,1.68407474,3.614,1.68511967083333,3.502
1.68435807666667,3.635,1.68435284777778,3.625,1.68539732,3.502
1.68463582194444,3.635,1.68463065111111,3.614,1.68567542888889,3.502
1.68491358694444,3.635,1.68490881361111,3.625,1.68595304694444,3.502
1.68519135694444,3.635,1.68518642388889,3.625,1.68623076027778,3.502
1.68546951027778,3.635,1.68546402083333,3.625,1.68650871388889,3.502
1.68574708222222,3.625,1.68574223444444,3.625,1.68678628777778,3.502
1.68602454055556,3.635,1.68602030055556,3.625,1.68706408833333,3.502
1.68630300888889,3.635,1.68629817055556,3.625,1.68734187166667,3.502
1.68658064305556,3.635,1.68657567611111,3.625,1.68761963388889,3.502
1.68685889111111,3.635,1.68685387833333,3.625,1.6878977425,3.502
1.68713664333333,3.635,1.68713181638889,3.614,1.6881756075,3.502
1.68741450861111,3.635,1.68740992,3.614,1.68845326611111,3.502
1.68769213638889,3.635,1.68768764666667,3.625,1.68873090111111,3.502
1.68796993527778,3.635,1.68796589277778,3.625,1.68900913388889,3.502
1.68824768416667,3.635,1.68824338583333,3.625,1.68928686833333,3.512
1.68852541472222,3.635,1.6885212425,3.625,1.68956471638889,3.502
1.68880314527778,3.635,1.68879930694444,3.625,1.68984252166667,3.502
1.68908107888889,3.635,1.68907727166667,3.625,1.69012024638889,3.512
1.68935875444444,3.635,1.68935494472222,3.625,1.69039835083333,3.502
1.68963667083333,3.635,1.68963295388889,3.625,1.69067632944444,3.502
1.68991426611111,3.635,1.68991067388889,3.625,1.69095386666667,3.502
1.69019222027778,3.635,1.69018845611111,3.625,1.69123200444444,3.502
1.69047006888889,3.635,1.69046636638889,3.625,1.69150943527778,3.502
1.69074793583333,3.635,1.69074423611111,3.625,1.69178774833333,3.512
1.69102588611111,3.635,1.69102217583333,3.625,1.69206521805556,3.512
1.69130374861111,3.635,1.69130035583333,3.614,1.69234322888889,3.512
1.69158172666667,3.635,1.69157827611111,3.625,1.69262102916667,3.502
1.69185933944444,3.635,1.69185628916667,3.614,1.69289952138889,3.512
1.69213691194444,3.635,1.69213405222222,3.625,1.69317713611111,3.502
1.69241501555556,3.635,1.69241199055556,3.625,1.69345500777778,3.512
1.69269241777778,3.635,1.69268983416667,3.625,1.69373292472222,3.502
1.69297048944444,3.635,1.69296766083333,3.625,1.69401066527778,3.512
1.69324821,3.635,1.69324505027778,3.625,1.69428853055556,3.512
1.69352617305556,3.635,1.69352329194444,3.625,1.69456640111111,3.512
1.69380415638889,3.635,1.69380118305556,3.625,1.69484425555556,3.512
1.6940818675,3.635,1.69407920527778,3.625,1.69512196777778,3.502
1.6943596225,3.635,1.69435727972222,3.625,1.69539985972222,3.512
1.694637365,3.635,1.69463528583333,3.625,1.69567768583333,3.502
1.6949151175,3.635,1.69491362472222,3.625,1.69595538333333,3.512
1.69519304666667,3.635,1.69519160388889,3.625,1.69623339805556,3.512
1.69547071166667,3.635,1.69546941611111,3.625,1.69651129527778,3.512
1.69574867222222,3.635,1.6957469075,3.625,1.696788965,3.512
1.6960262875,3.635,1.69602495972222,3.625,1.69706688416667,3.512
1.69630422527778,3.635,1.69630271888889,3.625,1.69734505444444,3.512
1.6965821125,3.635,1.69658051277778,3.625,1.69762279138889,3.502
1.69685992277778,3.635,1.69685828666667,3.625,1.69790018472222,3.512
1.69713789833333,3.635,1.69713586861111,3.625,1.69817797666667,3.512
1.69741578083333,3.635,1.69741381361111,3.625,1.69845624972222,3.512
1.69769350916667,3.635,1.6976915575,3.625,1.69873380138889,3.512
1.69797095194444,3.635,1.69796912861111,3.625,1.69901200166667,3.512
1.69824875583333,3.635,1.69824704166667,3.625,1.69929016638889,3.512
1.69852651111111,3.635,1.69852496611111,3.625,1.69956816527778,3.512
1.69880432833333,3.635,1.69880274555556,3.625,1.69984546361111,3.512
1.69908204833333,3.635,1.699080865,3.625,1.700123775,3.512
1.69936013361111,3.635,1.69935880555556,3.625,1.70040145361111,3.512
1.69963764111111,3.635,1.69963649055556,3.625,1.70067933555556,3.512
1.69991549,3.635,1.6999144375,3.625,1.70095730833333,3.512
1.70019332416667,3.635,1.70019209472222,3.625,1.70123517861111,3.512
1.70047150194444,3.635,1.70046994444444,3.625,1.70151302611111,3.512
1.70074941194444,3.635,1.70074806777778,3.625,1.70179051666667,3.512
1.70102706194444,3.635,1.70102635027778,3.625,1.7020687425,3.512
1.70130518416667,3.635,1.70130420222222,3.625,1.70234659472222,3.512
1.70158302583333,3.635,1.70158230944444,3.625,1.70262409944444,3.512
1.70186066083333,3.635,1.70185979083333,3.625,1.702902155,3.512
1.70213849194444,3.635,1.70213757305556,3.625,1.70318038444444,3.512
1.70241624472222,3.635,1.70241556166667,3.625,1.70345788166667,3.512
1.70269403166667,3.635,1.70269369083333,3.625,1.70373549944444,3.512
1.70297188861111,3.635,1.7029715625,3.625,1.7040133175,3.512
1.70324977527778,3.635,1.70324924694444,3.625,1.70429147527778,3.512
1.70352768277778,3.635,1.70352681111111,3.625,1.70456884444444,3.512
1.70380542361111,3.635,1.70380465555556,3.625,1.70484693277778,3.512
1.70408331166667,3.645,1.70408287,3.625,1.70512445555556,3.512
1.70436093111111,3.635,1.70436079583333,3.625,1.70540215888889,3.512
1.70463891222222,3.635,1.70463807333333,3.625,1.70568036583333,3.512
1.70491699472222,3.635,1.70491653972222,3.625,1.70595796583333,3.512
1.70519477361111,3.635,1.70519419,3.625,1.70623600694444,3.512
1.705472355,3.635,1.70547222361111,3.625,1.706513945,3.512
1.7057498475,3.635,1.70574999361111,3.625,1.70679162861111,3.512
1.70602797805556,3.635,1.70602798,3.625,1.70706992944444,3.512
1.70630617194444,3.635,1.70630587888889,3.625,1.70734793694444,3.512
1.70658385805556,3.635,1.70658378611111,3.625,1.707625555,3.512
1.70686165361111,3.645,1.70686167222222,3.625,1.70790356277778,3.512
1.70713943972222,3.635,1.70713966638889,3.625,1.708181165,3.512
1.70741720138889,3.635,1.70741716305556,3.625,1.70845915944444,3.512
1.70769500527778,3.635,1.70769522833333,3.625,1.70873736527778,3.512
1.70797271694444,3.635,1.70797286,3.625,1.70901552583333,3.512
1.70825039972222,3.635,1.70825059638889,3.625,1.70929333222222,3.512
1.70852795388889,3.635,1.70852841666667,3.625,1.70957102444444,3.512
1.70880598972222,3.635,1.70880646111111,3.625,1.70984916944444,3.512
1.70908375805556,3.635,1.70908420777778,3.625,1.71012742305556,3.512
1.70936195472222,3.635,1.70936194,3.625,1.71040542805556,3.512
1.70963954527778,3.635,1.70963994388889,3.625,1.71068302027778,3.512
1.7099171275,3.635,1.70991776055556,3.625,1.71096087416667,3.512
1.71019510083333,3.635,1.71019565138889,3.625,1.71123867527778,3.512
1.71047289833333,3.635,1.71047360055556,3.625,1.71151643916667,3.512
1.71075083666667,3.635,1.71075148638889,3.625,1.7117938275,3.512
1.71102855833333,3.635,1.71102915861111,3.625,1.71207186444444,3.512
1.71130606083333,3.635,1.71130696583333,3.625,1.71234969722222,3.512
1.71158420666667,3.635,1.71158481166667,3.625,1.71262747305556,3.512
1.71186207222222,3.635,1.71186260277778,3.625,1.71290548277778,3.512
1.71213994805556,3.635,1.71214034861111,3.625,1.71318345333333,3.512
1.71241768555556,3.635,1.712418325,3.625,1.71346132861111,3.512
1.71269542222222,3.635,1.71269619694444,3.625,1.71373892027778,3.512
1.71297325916667,3.635,1.71297425361111,3.625,1.71401681777778,3.523
1.71325099944444,3.635,1.71325212333333,3.625,1.7142946525,3.512
1.71352869222222,3.645,1.71352982111111,3.625,1.71457232722222,3.512
1.71380637,3.645,1.7138078925,3.625,1.71485015944444,3.512
1.71408448527778,3.635,1.71408553888889,3.625,1.71512778333333,3.512
1.71436223861111,3.635,1.71436357833333,3.625,1.71540602083333,3.512
1.71464033361111,3.635,1.71464142777778,3.625,1.71568386722222,3.512
1.71491821888889,3.635,1.714919525,3.625,1.71596164361111,3.512
1.71519602722222,3.635,1.71519757333333,3.625,1.716239525,3.523
1.71547380972222,3.635,1.71547548166667,3.625,1.71651738833333,3.512
1.71575158361111,3.635,1.71575327055556,3.625,1.71679518305556,3.512
1.71602940138889,3.635,1.71603117138889,3.625,1.71707331472222,3.512
1.71630709972222,3.635,1.71630896944444,3.625,1.71735152,3.512
1.71658465055556,3.635,1.71658723694444,3.625,1.71762936388889,3.512
1.71686257527778,3.635,1.71686482888889,3.625,1.71790726277778,3.512
1.7171403525,3.635,1.71714276722222,3.625,1.71818498888889,3.512
1.71741804444444,3.645,1.71742001555556,3.625,1.71846275555556,3.512
1.71769591944444,3.635,1.71769838916667,3.625,1.71874095555556,3.512
1.71797396194444,3.635,1.71797630361111,3.625,1.71901859666667,3.512
1.71825174444444,3.635,1.71825422638889,3.625,1.71929683361111,3.512
1.71852970861111,3.635,1.71853204333333,3.625,1.71957452777778,3.512
1.71880755638889,3.635,1.71880996111111,3.625,1.71985220472222,3.512
1.71908497833333,3.635,1.7190879725,3.625,1.72013009083333,3.512
1.71936259777778,3.635,1.71936573416667,3.625,1.72040769027778,3.512
1.71964073833333,3.645,1.71964318944444,3.625,1.72068531555556,3.512
1.71991821611111,3.635,1.71992127777778,3.625,1.72096338611111,3.512
1.72019659055556,3.635,1.72019927527778,3.625,1.72124129166667,3.512
1.72047402611111,3.635,1.720476775,3.625,1.72151915111111,3.523
1.72075211694444,3.635,1.72075483916667,3.625,1.72179714583333,3.512
1.72102997083333,3.635,1.72103230611111,3.625,1.722075185,3.523
1.72130779888889,3.645,1.72131032361111,3.625,1.72235287305556,3.523
1.72158568138889,3.635,1.72158824,3.625,1.7226310325,3.512
1.72186339305556,3.635,1.72186590888889,3.625,1.72290898638889,3.523
1.72214133638889,3.635,1.72214399666667,3.625,1.72318663444444,3.512
1.7224193925,3.635,1.72242176166667,3.625,1.72346409,3.512
1.72269719694444,3.635,1.72269925638889,3.625,1.72374218,3.512
1.72297497166667,3.645,1.72297733138889,3.625,1.72402020777778,3.523
1.72325270333333,3.635,1.7232547775,3.625,1.72429798083333,3.512
1.7235303975,3.635,1.72353291138889,3.625,1.72457590972222,3.523
1.72380816277778,3.635,1.72381079805556,3.625,1.72485362027778,3.523
1.72408610638889,3.635,1.72408842333333,3.625,1.7251316675,3.523
1.72436375416667,3.635,1.72436620916667,3.625,1.72540980666667,3.512
1.72464185333333,3.635,1.72464411166667,3.635,1.72568770916667,3.523
1.72491984805556,3.645,1.72492172916667,3.625,1.72596576277778,3.512
1.72519773305556,3.635,1.72519970666667,3.625,1.72624377361111,3.523
1.72547520555556,3.635,1.72547792111111,3.625,1.72652163722222,3.523
1.72575337444444,3.635,1.72575579305556,3.625,1.7267997725,3.523
1.72603112166667,3.645,1.72603385805556,3.625,1.72707765194444,3.523
1.72630899361111,3.645,1.72631161861111,3.625,1.72735569527778,3.523
1.72658679138889,3.645,1.72658919166667,3.625,1.72763325638889,3.523
1.72686459305556,3.635,1.72686717,3.625,1.72791126444444,3.523
1.72714216416667,3.645,1.72714478694444,3.625,1.72818960972222,3.523
1.72742032,3.645,1.72742268916667,3.625,1.7284673175,3.523
1.72769818833333,3.635,1.72770054111111,3.625,1.72874484805556,3.523
1.7279759225,3.635,1.72797856527778,3.625,1.72902277527778,3.523
1.72825398888889,3.635,1.72825634722222,3.625,1.72930065055556,3.523
1.72853177666667,3.635,1.72853424722222,3.625,1.72957798138889,3.523
1.728809355,3.635,1.72881220333333,3.635,1.72985612083333,3.523
1.72908731111111,3.635,1.72909019472222,3.625,1.73013389388889,3.523
1.72936507055556,3.635,1.72936783305556,3.625,1.73041175194444,3.523
1.72964323611111,3.635,1.72964578361111,3.625,1.73068985305556,3.523
1.72992094277778,3.635,1.72992337722222,3.625,1.73096755111111,3.523
1.73019867472222,3.635,1.73020136583333,3.625,1.73124510611111,3.523
1.73047648138889,3.635,1.73047945388889,3.625,1.73152305222222,3.523
1.73075449527778,3.645,1.73075738638889,3.625,1.73180080055556,3.523
1.73103202611111,3.645,1.73103509972222,3.635,1.7320785175,3.523
1.73131033777778,3.635,1.73131331027778,3.625,1.73235637361111,3.523
1.73158821388889,3.635,1.73159097861111,3.625,1.73263408388889,3.523
1.73186618583333,3.635,1.73186913361111,3.625,1.73291221833333,3.523
1.73214413027778,3.635,1.73214677027778,3.625,1.73319000083333,3.523
1.73242192805556,3.635,1.73242448222222,3.625,1.73346755916667,3.523
1.73269959555556,3.635,1.7327026725,3.625,1.7337454575,3.523
1.73297707472222,3.635,1.732980385,3.635,1.73402359555556,3.523
1.73325518388889,3.635,1.73325820305556,3.625,1.73430143444444,3.523
1.73353336583333,3.635,1.733536325,3.635,1.73457907194444,3.523
1.73381108,3.635,1.73381405805556,3.625,1.73485692194444,3.523
1.734089025,3.645,1.73409173944444,3.625,1.73513519027778,3.523
1.73436692583333,3.635,1.73436989027778,3.625,1.73541316277778,3.523
1.73464451833333,3.645,1.7346476625,3.625,1.73569102222222,3.523
1.73492237277778,3.635,1.73492532277778,3.625,1.73596882,3.523
1.735200255,3.645,1.73520357666667,3.625,1.73624664305556,3.523
1.73547803305556,3.635,1.7354811475,3.625,1.73652449805556,3.523
1.73575587,3.635,1.73575897138889,3.635,1.73680232444444,3.523
1.73603365138889,3.635,1.73603667638889,3.625,1.73708015472222,3.523
1.73631130527778,3.635,1.73631446944444,3.625,1.73735818055556,3.523
1.73658922861111,3.635,1.73659271166667,3.625,1.73763565083333,3.523
1.73686652527778,3.635,1.73687037722222,3.625,1.73791399416667,3.523
1.73714513277778,3.635,1.73714808944444,3.625,1.73819172333333,3.523
1.73742308388889,3.635,1.73742619055556,3.625,1.73846960527778,3.523
1.73770061055556,3.635,1.73770427861111,3.625,1.73874770527778,3.523
1.7379787625,3.635,1.73798216111111,3.625,1.73902557638889,3.523
1.73825672111111,3.645,1.73825998361111,3.625,1.73930339777778,3.523
1.73853437861111,3.645,1.73853784694444,3.625,1.73958123555556,3.523
1.73881210694444,3.645,1.73881614027778,3.625,1.73985903055556,3.523
1.73908997694444,3.635,1.73909371,3.635,1.74013685083333,3.523
1.73936753694444,3.635,1.73937198611111,3.625,1.7404146275,3.523
1.73964551611111,3.635,1.73964984138889,3.635,1.74069268111111,3.523
1.73992326972222,3.635,1.73992771388889,3.625,1.74097060444444,3.523
1.74020104333333,3.635,1.74020536222222,3.635,1.74124824055556,3.523
1.74047892555556,3.635,1.7404830975,3.635,1.74152633694444,3.523
1.74075657277778,3.635,1.74076128416667,3.625,1.74180416611111,3.523
1.74103447027778,3.645,1.741038935,3.625,1.74208198805556,3.523
1.74131238611111,3.635,1.74131686666667,3.625,1.74235941694444,3.523
1.74159004888889,3.645,1.74159446888889,3.625,1.74263757472222,3.523
1.74186802055556,3.635,1.74187254861111,3.625,1.74291495277778,3.533
1.74214612305556,3.645,1.74215015361111,3.625,1.74319296027778,3.523
1.74242375444444,3.635,1.74242795944444,3.625,1.74347095861111,3.533
1.74270159805556,3.645,1.74270596555556,3.625,1.74374872361111,3.533
1.74297945194444,3.645,1.74298382833333,3.635,1.74402639833333,3.523
1.74325732305556,3.635,1.74326140861111,3.635,1.74430453638889,3.533
1.74353526666667,3.645,1.74353928833333,3.635,1.74458214361111,3.523
1.74381309638889,3.635,1.74381721333333,3.625,1.74486004416667,3.533
1.74409066611111,3.635,1.744095085,3.635,1.74513787416667,3.523
1.74436838638889,3.645,1.74437294833333,3.635,1.74541611166667,3.523
1.74464627194444,3.645,1.74465084666667,3.635,1.74569405527778,3.523
1.74492407555556,3.635,1.74492879861111,3.625,1.7459718975,3.523
1.74520188138889,3.645,1.74520631888889,3.625,1.74624990722222,3.523
1.74547928583333,3.635,1.74548405527778,3.635,1.74652741361111,3.533
1.74575710222222,3.645,1.74576181194444,3.625,1.74680498194444,3.523
1.74603483472222,3.635,1.74603990527778,3.635,1.74708301277778,3.533
1.74631292833333,3.645,1.74631780333333,3.635,1.74736099472222,3.533
1.74659135388889,3.645,1.74659574083333,3.635,1.74763867944444,3.533
1.7468690975,3.635,1.74687320055556,3.635,1.74791652416667,3.533
1.74714686916667,3.635,1.74715124055556,3.635,1.74819441,3.523
1.74742465305556,3.645,1.74742864444444,3.625,1.74847242,3.533
1.74770220194444,3.635,1.74770695833333,3.625,1.74875022638889,3.533
1.7479798475,3.645,1.74798427277778,3.635,1.74902781861111,3.533
1.748257985,3.635,1.74826255805556,3.635,1.74930590166667,3.523
1.74853593305556,3.635,1.7485403975,3.635,1.74958407638889,3.523
1.74881392972222,3.635,1.74881813916667,3.635,1.74986193277778,3.523
1.74909193833333,3.645,1.74909602416667,3.635,1.75013984305556,3.533
1.749370065,3.635,1.74937426361111,3.625,1.75041809861111,3.523
1.74964799694444,3.645,1.74965174194444,3.625,1.75069573944444,3.523
1.7499257425,3.635,1.7499300125,3.635,1.75097328027778,3.533
1.75020359833333,3.645,1.75020738361111,3.635,1.75125133555556,3.533
1.7504813425,3.635,1.75048537305556,3.625,1.75152878944444,3.523
1.75075912833333,3.635,1.75076347361111,3.635,1.75180684472222,3.523
1.75103677611111,3.645,1.75104122555556,3.625,1.75208463722222,3.533
1.75131482138889,3.635,1.75131897833333,3.635,1.75236259194444,3.523
1.75159270583333,3.645,1.75159672194444,3.635,1.75264034194444,3.533
1.75187030055556,3.635,1.75187471888889,3.625,1.75291829805556,3.533
1.75214818972222,3.645,1.75215275194444,3.625,1.75319609472222,3.533
1.75242593638889,3.635,1.75243088194444,3.635,1.75347368,3.533
1.75270377277778,3.645,1.75270864861111,3.635,1.75375161555556,3.533
1.75298158527778,3.645,1.75298658472222,3.635,1.75402957888889,3.533
1.75325936138889,3.645,1.75326417527778,3.635,1.75430721027778,3.533
1.75353713972222,3.645,1.75354221527778,3.625,1.75458490777778,3.533
1.75381498138889,3.635,1.75382021361111,3.625,1.75486326972222,3.533
1.75409309861111,3.645,1.75409780472222,3.635,1.75514136,3.533
1.75437085722222,3.645,1.75437550222222,3.635,1.75541933611111,3.533
1.75464850555556,3.645,1.75465358833333,3.635,1.75569701388889,3.533
1.75492637611111,3.645,1.75493142555556,3.635,1.75597513722222,3.533
1.7552042375,3.645,1.75520924138889,3.635,1.75625279944444,3.533
1.7554822475,3.645,1.75548696333333,3.635,1.75653050944444,3.533
1.75576006388889,3.645,1.75576486472222,3.635,1.75680833222222,3.533
1.75603841555556,3.645,1.75604252472222,3.625,1.75708628361111,3.533
1.75631635194444,3.635,1.75632032111111,3.635,1.75736409166667,3.533
1.75659433388889,3.635,1.75659819805556,3.635,1.75764186361111,3.533
1.75687219194444,3.645,1.75687585583333,3.635,1.75791955416667,3.533
1.75714999055556,3.645,1.75715380166667,3.625,1.75819739138889,3.533
1.75742774,3.635,1.75743156194444,3.635,1.75847511166667,3.533
1.75770535583333,3.645,1.75770893638889,3.635,1.75875282805556,3.533
1.75798321444444,3.635,1.75798714388889,3.635,1.75903075,3.533
1.75826095805556,3.635,1.75826505583333,3.635,1.75930877611111,3.533
1.75853879555556,3.645,1.7585428425,3.635,1.7595866625,3.533
1.75881696611111,3.635,1.75882062,3.635,1.75986482277778,3.533
1.75909497972222,3.645,1.75909807138889,3.635,1.76014255333333,3.533
1.75937286777778,3.645,1.75937663666667,3.635,1.76042017555556,3.533
1.75965079722222,3.645,1.75965453388889,3.625,1.76069823722222,3.533
1.75992870833333,3.645,1.75993229388889,3.635,1.76097601388889,3.533
1.76020647416667,3.635,1.76021018527778,3.635,1.76125388444444,3.533
1.76048451,3.645,1.76048764333333,3.635,1.76153128527778,3.533
1.76076242916667,3.635,1.76076565861111,3.635,1.761809165,3.533
1.76104042944444,3.645,1.76104387166667,3.635,1.76208709388889,3.533
1.76131849333333,3.645,1.76132177416667,3.635,1.76236535416667,3.533
1.76159645888889,3.635,1.76159953777778,3.625,1.76264298833333,3.533
1.76187446777778,3.645,1.76187727166667,3.635,1.76292074444444,3.533
1.76215230055556,3.635,1.76215529861111,3.635,1.76319885444444,3.533
1.76243024194444,3.645,1.76243320777778,3.635,1.76347683972222,3.533
1.76270802833333,3.645,1.76271108861111,3.635,1.76375497055556,3.533
1.76298563805556,3.635,1.76298887166667,3.635,1.76403302694444,3.533
1.76326351416667,3.645,1.76326659416667,3.635,1.76431048,3.533
1.76354133111111,3.645,1.76354455305556,3.635,1.76458865083333,3.533
1.763819185,3.645,1.76382222416667,3.635,1.76486617055556,3.533
1.76409726305556,3.645,1.7641001975,3.635,1.76514431027778,3.533
1.76437551666667,3.645,1.76437817,3.635,1.76542184222222,3.533
1.76465329416667,3.645,1.76465598555556,3.625,1.76570002166667,3.533
1.76493128333333,3.645,1.76493417527778,3.635,1.76597773416667,3.533
1.76520904138889,3.635,1.76521219916667,3.635,1.76625592611111,3.533
1.76548709638889,3.645,1.76548995138889,3.635,1.76653358333333,3.533
1.76576481833333,3.645,1.76576805888889,3.635,1.76681163277778,3.533
1.76604305222222,3.645,1.76604571527778,3.635,1.76708940083333,3.533
1.76632071555556,3.635,1.7663233475,3.635,1.76736725194444,3.533
1.76659852194444,3.635,1.76660128055556,3.635,1.76764514194444,3.533
1.76687648583333,3.645,1.76687927777778,3.635,1.76792292611111,3.533
1.76715443638889,3.645,1.76715714861111,3.635,1.76820050666667,3.533
1.76743245527778,3.645,1.76743475944444,3.635,1.76847844777778,3.533
1.767710315,3.645,1.76771270472222,3.635,1.76875623861111,3.533
1.76798818861111,3.645,1.76799097555556,3.635,1.76903409333333,3.533
1.76826612583333,3.645,1.76826881527778,3.635,1.7693119425,3.533
1.76854369888889,3.645,1.76854662611111,3.635,1.76958935805556,3.533
1.76882142416667,3.645,1.76882467694444,3.635,1.76986780833333,3.543
1.76909943527778,3.645,1.76910219222222,3.635,1.77014581222222,3.533
1.76937710527778,3.645,1.76938017777778,3.635,1.77042326083333,3.533
1.76965455055556,3.645,1.76965787111111,3.635,1.77070134638889,3.533
1.76993248388889,3.645,1.76993583833333,3.635,1.77097926166667,3.533
1.77021046277778,3.635,1.77021378388889,3.635,1.77125723777778,3.533
1.77048841027778,3.645,1.77049162777778,3.625,1.77153490722222,3.533
1.7707663575,3.645,1.77076930833333,3.635,1.77181267611111,3.543
1.77104412861111,3.645,1.77104719027778,3.625,1.77209049833333,3.543
1.77132169638889,3.645,1.77132487277778,3.635,1.77236852583333,3.533
1.77159957833333,3.645,1.77160242083333,3.635,1.77264643166667,3.533
1.77187733,3.645,1.77188056833333,3.635,1.77292463805556,3.533
1.77215529527778,3.645,1.77215823166667,3.635,1.77320251555556,3.543
1.77243329638889,3.645,1.77243601055556,3.625,1.77348027555556,3.543
1.77271099555556,3.635,1.77271377444444,3.625,1.77375809027778,3.543
1.77298871472222,3.645,1.77299157555556,3.635,1.7740357225,3.533
1.77326654166667,3.645,1.77326895972222,3.635,1.77431381027778,3.533
1.77354448305556,3.645,1.77354677888889,3.635,1.77459139194444,3.533
1.77382212444444,3.645,1.77382493638889,3.625,1.77486954611111,3.543
1.77409962833333,3.645,1.77410263111111,3.635,1.77514692833333,3.543
1.77437767222222,3.645,1.77438052861111,3.635,1.77542519583333,3.533
1.7746558925,3.645,1.77465866027778,3.635,1.77570268722222,3.533
1.774934,3.645,1.77493662333333,3.635,1.77598065972222,3.543
1.77521218888889,3.645,1.77521422,3.635,1.77625879,3.543
1.77548976861111,3.635,1.77549253444444,3.635,1.77653665194444,3.543
1.77576770972222,3.645,1.77577051222222,3.635,1.77681467916667,3.543
1.77604547638889,3.635,1.77604882055556,3.635,1.77709279611111,3.543
1.77632324194444,3.645,1.77632648388889,3.635,1.77737056638889,3.543
1.77660100555556,3.645,1.77660414833333,3.635,1.77764833722222,3.543
1.77687866722222,3.645,1.77688191888889,3.635,1.7779261,3.543
1.77715624388889,3.645,1.77715981194444,3.635,1.778203855,3.543
1.7774343375,3.635,1.7774376175,3.635,1.77848138611111,3.543
1.77771180166667,3.645,1.77771535972222,3.635,1.77875916361111,3.543
1.77798993972222,3.645,1.77799323861111,3.635,1.77903720472222,3.543
1.778267915,3.645,1.77827118944444,3.635,1.77931490555556,3.543
1.77854595888889,3.645,1.77854907888889,3.635,1.77959315583333,3.543
1.77882398305556,3.645,1.77882673166667,3.635,1.77987074777778,3.543
1.77910191888889,3.645,1.77910459083333,3.635,1.78014871027778,3.543
1.77937974222222,3.645,1.77938259472222,3.635,1.78042664305556,3.543
1.77965755277778,3.645,1.77966008666667,3.635,1.78070450694444,3.543
1.77993514444444,3.635,1.77993828138889,3.635,1.78098213972222,3.543
1.78021312416667,3.645,1.78021564472222,3.635,1.78126009277778,3.543
1.78049094611111,3.645,1.78049400027778,3.635,1.78153820861111,3.543
1.78076897666667,3.645,1.78077161694444,3.635,1.78181626611111,3.543
1.78104681333333,3.645,1.781049525,3.635,1.78209368833333,3.543
1.78132488166667,3.645,1.78132750638889,3.635,1.78237150138889,3.543
1.78160264972222,3.635,1.78160551305556,3.635,1.78264947083333,3.543
1.78188052361111,3.635,1.78188355305556,3.635,1.78292744444444,3.543
1.78215862805556,3.645,1.78216149666667,3.635,1.78320535861111,3.543
1.78243623083333,3.645,1.7824392675,3.635,1.78348331666667,3.543
1.78271411972222,3.635,1.78271741694444,3.635,1.78376118972222,3.543
1.78299173583333,3.635,1.78299483083333,3.635,1.78403892972222,3.543
1.78326954083333,3.635,1.78327300305556,3.635,1.78431677333333,3.543
1.78354713277778,3.645,1.78355050333333,3.635,1.78459439388889,3.543
1.78382531083333,3.635,1.78382836277778,3.635,1.78487239055556,3.543
1.78410307166667,3.645,1.78410633722222,3.635,1.78515023444444,3.543
1.78438100722222,3.645,1.78438413666667,3.635,1.78542811222222,3.543
1.78465873444444,3.645,1.78466200333333,3.635,1.78570630722222,3.543
1.78493650333333,3.645,1.78494022861111,3.635,1.78598409361111,3.543
1.78521400055556,3.645,1.78521781055556,3.635,1.78626196583333,3.543
1.78549188777778,3.645,1.785495835,3.635,1.78653971888889,3.543
1.78576992833333,3.645,1.78577374527778,3.635,1.78681759527778,3.543
1.78604764972222,3.645,1.78605146805556,3.635,1.78709528805556,3.543
1.78632571111111,3.645,1.78632928833333,3.635,1.78737318944444,3.543
1.78660353916667,3.645,1.78660687305556,3.635,1.78765074805556,3.543
1.78688153916667,3.645,1.7868849475,3.635,1.78792905777778,3.543
1.78715936666667,3.645,1.78716309638889,3.635,1.78820674527778,3.543
1.78743714944444,3.645,1.78744107416667,3.635,1.78848490055556,3.543
1.78771490972222,3.645,1.78771913027778,3.635,1.78876278972222,3.543
1.78799315694444,3.645,1.78799673,3.635,1.78904068666667,3.543
1.78827095805556,3.645,1.78827446972222,3.635,1.7893184,3.543
1.78854866694444,3.635,1.78855245583333,3.635,1.78959636416667,3.543
1.78882671111111,3.635,1.788830065,3.635,1.78987431194444,3.543
1.78910432027778,3.635,1.78910842416667,3.635,1.79015230305556,3.543
1.78938192888889,3.645,1.78938645888889,3.635,1.79043,3.543
1.78965975055556,3.645,1.78966442055556,3.635,1.79070812111111,3.543
1.78993759611111,3.645,1.78994167944444,3.635,1.79098554222222,3.543
1.79021536027778,3.645,1.79021949194444,3.635,1.7912636525,3.543
1.79049362944444,3.635,1.79049758805556,3.635,1.79154161361111,3.543
1.79077124833333,3.635,1.790775505,3.635,1.79181964166667,3.543
1.79104902722222,3.635,1.79105349444444,3.635,1.79209741388889,3.543
1.79132678972222,3.645,1.79133125722222,3.635,1.79237505833333,3.543
1.79160485722222,3.635,1.79160932527778,3.635,1.79265314277778,3.543
1.79188283416667,3.645,1.791887185,3.635,1.79293120027778,3.543
1.79216084805556,3.645,1.79216449833333,3.635,1.79320884361111,3.543
1.7924384375,3.635,1.79244258861111,3.635,1.79348674972222,3.543
1.79271636944444,3.645,1.79272050805556,3.635,1.79376444388889,3.543
1.79299413611111,3.645,1.79299809083333,3.635,1.79404249277778,3.543
1.79327180111111,3.645,1.79327654722222,3.635,1.7943202725,3.543
1.79354953138889,3.635,1.79355426111111,3.635,1.79459781638889,3.543
1.79382743888889,3.645,1.79383197138889,3.635,1.79487577305556,3.543
1.79410533527778,3.645,1.79411002416667,3.635,1.79515367666667,3.543
1.79438313972222,3.645,1.79438786722222,3.635,1.79543119805556,3.543
1.79466162722222,3.645,1.79466593527778,3.635,1.79570885722222,3.543
1.79493949111111,3.645,1.79494386611111,3.635,1.79598706138889,3.543
1.79521709222222,3.645,1.79522191194444,3.635,1.79626498222222,3.543
1.7954951525,3.645,1.79549999194444,3.635,1.79654299444444,3.543
1.79577287527778,3.645,1.79577795083333,3.635,1.79682073416667,3.543
1.796050905,3.645,1.79605575444444,3.635,1.79709867722222,3.543
1.79632903083333,3.645,1.79633367944444,3.635,1.7973762475,3.543
1.79660685944444,3.645,1.79661160444444,3.635,1.797654205,3.543
1.79688464083333,3.645,1.79688946611111,3.635,1.79793159194444,3.543
1.79716266222222,3.645,1.79716733861111,3.635,1.79820974416667,3.543
1.79744040555556,3.645,1.79744554111111,3.635,1.79848766472222,3.543
1.79771865,3.645,1.79772347194444,3.635,1.79876546777778,3.543
1.79799636972222,3.645,1.79800105388889,3.635,1.7990431975,3.543
1.79827413805556,3.645,1.79827894638889,3.635,1.79932100472222,3.553
1.79855192888889,3.645,1.79855676444444,3.635,1.79959895805556,3.543
1.79882964,3.645,1.7988349475,3.635,1.79987665305556,3.543
1.79910752083333,3.645,1.7991129625,3.635,1.80015456416667,3.543
1.79938540916667,3.645,1.79939097111111,3.635,1.80043217055556,3.543
1.79966333583333,3.645,1.79966872305556,3.635,1.80071022361111,3.543
1.79994094722222,3.645,1.79994640305556,3.635,1.80098786777778,3.543
1.80021869583333,3.645,1.80022443666667,3.635,1.80126601111111,3.543
1.8004966375,3.645,1.80050272055556,3.635,1.80154360194444,3.543
1.80077472916667,3.645,1.80078058333333,3.635,1.80182153166667,3.543
1.80105249111111,3.645,1.80105829833333,3.635,1.80209937166667,3.543
1.80132992305556,3.645,1.80133632888889,3.635,1.80237725694444,3.553
1.80160800611111,3.645,1.80161436055556,3.635,1.80265482194444,3.553
1.80188562361111,3.645,1.80189212833333,3.635,1.80293284583333,3.553
1.80216322638889,3.645,1.80217000722222,3.635,1.80321110194444,3.553
1.80244136472222,3.645,1.80244797861111,3.635,1.80348905722222,3.543
1.80271908722222,3.645,1.80272586277778,3.635,1.80376707611111,3.543
1.80299665,3.645,1.80300381833333,3.635,1.80404522277778,3.543
1.80327470694444,3.645,1.80328143305556,3.635,1.80432309388889,3.553
1.80355248055556,3.645,1.8035592875,3.635,1.80460081805556,3.543
1.80383019722222,3.645,1.803837015,3.635,1.8048786975,3.553
1.80410771416667,3.635,1.80411502222222,3.635,1.80515657194444,3.553
1.80438573944444,3.645,1.8043925275,3.635,1.80543482472222,3.543
1.80466353833333,3.645,1.80467031666667,3.635,1.80571240444444,3.553
1.80494133111111,3.645,1.80494861222222,3.635,1.80599024194444,3.553
1.80521924527778,3.645,1.80522649805556,3.635,1.80626778833333,3.553
1.80549728,3.635,1.80550426388889,3.635,1.80654575972222,3.553
1.80577510527778,3.645,1.80578206944444,3.635,1.80682366805556,3.553
1.8060526575,3.645,1.80605975027778,3.635,1.80710129305556,3.553
1.80633070611111,3.645,1.80633762305556,3.635,1.80737953694444,3.543
1.80660876833333,3.635,1.8066153975,3.635,1.80765691916667,3.543
1.80688658694444,3.645,1.80689310166667,3.635,1.80793516583333,3.553
1.80716436833333,3.645,1.807171205,3.635,1.80821277194444,3.543
1.80744175972222,3.645,1.80744909583333,3.635,1.80849055416667,3.553
1.80772004555556,3.645,1.80772700277778,3.635,1.80876846305556,3.553
1.80799785055556,3.645,1.80800495416667,3.635,1.80904619027778,3.553
1.80827596416667,3.645,1.80828294583333,3.635,1.80932383611111,3.543
1.8085541975,3.645,1.80856108805556,3.635,1.80960174916667,3.543
1.80883167416667,3.645,1.80883899861111,3.635,1.80987988027778,3.553
1.80910956888889,3.635,1.80911701611111,3.635,1.81015760055556,3.553
,,1.80939487833333,3.635,1.81043550305556,3.553
,,1.80967271833333,3.635,1.81071327722222,3.553
,,1.80995041444444,3.635,1.81099117194444,3.553
,,1.81022840805556,3.635,1.81126911305556,3.553
,,1.81050588555556,3.635,1.81154712722222,3.553
,,1.81078411944444,3.635,1.81182540222222,3.543
,,1.81106185444444,3.635,1.81210316166667,3.543
,,1.81133976194444,3.635,1.81238046,3.553
,,1.8116173275,3.635,1.81265843138889,3.553
,,1.81189538305556,3.635,1.81293621083333,3.553
,,1.8121728375,3.635,1.81321415944444,3.553
,,1.81245088638889,3.645,1.81349201638889,3.553
,,1.81272883305556,3.635,1.81376988583333,3.553
,,1.81300662888889,3.635,1.8140477775,3.553
,,1.81328422833333,3.635,1.81432562472222,3.553
,,1.81356220111111,3.635,1.81460346916667,3.553
,,1.81384002361111,3.635,1.81488138388889,3.553
,,1.81411797666667,3.635,1.81515915611111,3.553
,,1.81439582916667,3.635,1.81543684972222,3.553
,,1.81467362111111,3.635,1.81571499111111,3.553
,,1.81495138777778,3.635,1.81599271694444,3.553
,,1.81522943,3.635,1.8162709125,3.553
,,1.81550747972222,3.635,1.81654859916667,3.553
,,1.81578546277778,3.635,1.81682649694444,3.553
,,1.81606342666667,3.635,1.81710427388889,3.553
,,1.81634150583333,3.635,1.81738194861111,3.553
,,1.81661941027778,3.635,1.81765986027778,3.553
,,1.81689719472222,3.635,1.81793778805556,3.553
,,1.81717496611111,3.635,1.818215435,3.553
,,1.81745266805556,3.635,1.81849334444444,3.553
,,1.81773046944444,3.635,1.81877120222222,3.553
,,1.81800784638889,3.635,1.81904892194444,3.553
,,1.818286005,3.635,1.81932685916667,3.553
,,1.81856362833333,3.635,1.81960476583333,3.553
,,1.81884172138889,3.645,1.81988264972222,3.553
,,1.81911947722222,3.635,1.82016054111111,3.553
,,1.8193974025,3.635,1.8204382625,3.563
,,1.81967500583333,3.635,1.82071627333333,3.553
,,1.81995279305556,3.635,1.8209944875,3.553
,,1.82023096694444,3.635,1.82127196166667,3.553
,,1.82050890138889,3.635,1.8215500275,3.553
,,1.82078668138889,3.635,1.82182769888889,3.553
,,1.82106479361111,3.635,1.82210566111111,3.563
,,1.82134259305556,3.635,1.82238353472222,3.553
,,1.82162054416667,3.635,1.82266148583333,3.553
,,1.82189813944444,3.635,1.82293933333333,3.553
,,1.82217610083333,3.635,1.82321720444444,3.563
,,1.82245407305556,3.635,1.82349508416667,3.563
,,1.82273195638889,3.635,1.82377247944444,3.563
,,1.82300979722222,3.635,1.82405061611111,3.553
,,1.82328787305556,3.645,1.82432851527778,3.553
,,1.82356530277778,3.635,1.82460637944444,3.563
,,1.82384342138889,3.635,1.82488441694444,3.553
,,1.82412116472222,3.635,1.82516221305556,3.563
,,1.82439890416667,3.635,1.82543971416667,3.553
,,1.82467696555556,3.635,1.82571777388889,3.563
,,1.82495553361111,3.635,1.82599555555556,3.563
,,1.82523356055556,3.635,1.82627303111111,3.563
,,1.82551156861111,3.635,1.82655080388889,3.563
,,1.82578924972222,3.635,1.82682875361111,3.563
,,1.82606727805556,3.645,1.82710656611111,3.553
,,1.82634520361111,3.635,1.8273844225,3.563
,,1.82662307583333,3.635,1.82766212833333,3.563
,,1.82690090722222,3.645,1.82793999722222,3.563
,,1.8271787325,3.645,1.82821778388889,3.563
,,1.82745664833333,3.635,1.82849552916667,3.563
,,1.82773469166667,3.635,1.82877318583333,3.563
,,1.82801226194444,3.635,1.82905102861111,3.563
,,1.828290195,3.635,1.82932880472222,3.563
,,1.82856827083333,3.635,1.82960658472222,3.563
,,1.82884592555556,3.645,1.82988444027778,3.563
,,1.82912369388889,3.635,1.83016223805556,3.563
,,1.82940148916667,3.635,1.83043999666667,3.563
,,1.82967926416667,3.635,1.83071776,3.563
,,1.82995721944444,3.635,1.83099574194444,3.563
,,1.83023520166667,3.645,1.8312735925,3.563
,,1.83051287027778,3.635,1.83155164388889,3.563
,,1.83079039583333,3.635,1.83182934083333,3.563
,,1.83106864472222,3.635,1.83210692472222,3.563
,,1.83134660694444,3.635,1.83238503805556,3.563
,,1.83162441944444,3.635,1.83266303916667,3.563
,,1.83190226722222,3.635,1.83294100944444,3.563
,,1.83218001611111,3.635,1.83321903027778,3.563
,,1.83245800694444,3.635,1.83349691472222,3.563
,,1.83273588444444,3.635,1.833774725,3.563
,,1.83301384916667,3.645,1.83405229583333,3.563
,,1.83329204777778,3.635,1.83433018944444,3.563
,,1.83357007861111,3.635,1.83460797138889,3.563
,,1.83384822166667,3.635,1.83488592305556,3.563
,,1.83412574194444,3.645,1.83516381027778,3.563
,,1.83440370944444,3.635,1.83544177138889,3.563
,,1.83468148472222,3.635,1.83571954444444,3.563
,,1.83495895555556,3.635,1.83599731611111,3.563
,,1.83523712583333,3.635,1.83627523833333,3.563
,,1.83551504194444,3.635,1.83655318305556,3.563
,,1.83579292138889,3.635,1.83683091972222,3.563
,,1.83607085583333,3.635,1.83710837722222,3.563
,,1.8363488775,3.635,1.83738622138889,3.563
,,1.83662705805556,3.635,1.83766411361111,3.563
,,1.83690474194444,3.635,1.83794175527778,3.563
,,1.83718304472222,3.635,1.83822007083333,3.563
,,1.83746087472222,3.635,1.8384978525,3.563
,,1.83773874277778,3.645,1.83877568666667,3.563
,,1.83801659694444,3.635,1.83905352944444,3.563
,,1.83829439638889,3.635,1.83933117972222,3.563
,,1.838571975,3.635,1.83960929444444,3.563
,,1.83885032027778,3.645,1.83988658694444,3.563
,,1.8391282875,3.635,1.84016481194444,3.563
,,1.8394061625,3.645,1.84044243833333,3.563
,,1.83968411444444,3.635,1.84072000222222,3.563
,,1.83996168277778,3.635,1.84099850222222,3.563
,,1.84023974277778,3.635,1.84127609861111,3.563
,,1.84051754333333,3.635,1.84155355555556,3.563
,,1.84079554972222,3.635,1.84183168,3.563
,,1.84107361472222,3.635,1.84210978638889,3.563
,,1.8413515025,3.635,1.84238772305556,3.563
,,1.84162948194444,3.635,1.84266567027778,3.563
,,1.84190743166667,3.635,1.84294373694444,3.563
,,1.84218484138889,3.635,1.84322145805556,3.563
,,1.84246290805556,3.635,1.84349941611111,3.563
,,1.84274049444444,3.635,1.84377734083333,3.563
,,1.84301845611111,3.635,1.844055145,3.563
,,1.84329647916667,3.635,1.84433292583333,3.563
,,1.84357420444444,3.635,1.84461017694444,3.574
,,1.84385216805556,3.635,1.844888245,3.563
,,1.84413011666667,3.635,1.84516608805556,3.563
,,1.84440772777778,3.645,1.84544388027778,3.563
,,1.84468580416667,3.635,1.84572163888889,3.563
,,1.84496349,3.635,1.84599985111111,3.563
,,1.84524173777778,3.645,1.846277145,3.563
,,1.84551989472222,3.635,1.84655522611111,3.574
,,1.84579775694444,3.635,1.84683303305556,3.563
,,1.84607560583333,3.645,1.84711101361111,3.563
,,1.84635353861111,3.635,1.84738897222222,3.563
,,1.84663133527778,3.635,1.84766670861111,3.574
,,1.84690893583333,3.645,1.8479445375,3.563
,,1.84718687527778,3.645,1.84822266722222,3.563
,,1.84746453361111,3.635,1.84850055111111,3.563
,,1.84774227944444,3.635,1.84877832055556,3.563
,,1.8480202825,3.645,1.84905619194444,3.574
,,1.84829756666667,3.635,1.84933410138889,3.563
,,1.84857560361111,3.635,1.84961197083333,3.563
,,1.84885346916667,3.645,1.84988960222222,3.563
,,1.849131135,3.635,1.85016747861111,3.574
,,1.84940916111111,3.635,1.8504457125,3.574
,,1.84968711222222,3.645,1.85072350027778,3.574
,,1.84996485222222,3.635,1.85100134805556,3.574
,,1.8502425325,3.635,1.85127910194444,3.563
,,1.85052051305556,3.635,1.85155692222222,3.563
,,1.85079821694444,3.645,1.85183437777778,3.574
,,1.85107584916667,3.645,1.85211253,3.574
,,1.85135389583333,3.635,1.85239024138889,3.574
,,1.85163151583333,3.635,1.85266841666667,3.574
,,1.85190931944444,3.635,1.85294612388889,3.574
,,1.8521872025,3.645,1.85322383166667,3.574
,,1.85246502305556,3.645,1.85350154222222,3.563
,,1.85274296277778,3.635,1.85377943888889,3.574
,,1.85302092944444,3.635,1.85405717611111,3.574
,,1.853298635,3.645,1.85433465638889,3.574
,,1.85357649944444,3.645,1.85461301472222,3.574
,,1.85385431444444,3.645,1.85489062888889,3.574
,,1.85413170888889,3.645,1.85516866972222,3.574
,,1.85440958611111,3.645,1.85544602138889,3.574
,,1.854687465,3.635,1.85572394444444,3.574
,,1.8549652675,3.635,1.85600184583333,3.574
,,1.85524315388889,3.635,1.85627935722222,3.574
,,1.85552085611111,3.635,1.85655745805556,3.574
,,1.85579854527778,3.635,1.85683534277778,3.574
,,1.85607641388889,3.645,1.85711323083333,3.574
,,1.85635426361111,3.635,1.85739098555556,3.574
,,1.85663204611111,3.635,1.85766887611111,3.574
,,1.8569098325,3.635,1.85794690583333,3.574
,,1.85718762333333,3.645,1.85822478888889,3.574
,,1.85746584083333,3.635,1.85850277,3.574
,,1.85774335777778,3.645,1.85878019472222,3.574
,,1.85802114861111,3.635,1.85905843444444,3.574
,,1.85829904916667,3.635,1.85933626305556,3.574
,,1.85857716277778,3.635,1.85961385277778,3.574
,,1.85885531,3.635,1.85989165388889,3.574
,,1.85913334222222,3.645,1.86016968388889,3.574
,,1.85941073083333,3.635,1.86044737972222,3.574
,,1.85968879527778,3.645,1.86072529527778,3.574
,,1.85996641916667,3.635,1.86100318416667,3.574
,,1.86024465583333,3.635,1.86128099694444,3.574
,,1.86052229666667,3.635,1.86155843888889,3.574
,,1.86080050972222,3.645,1.86183649055556,3.574
,,1.86107831083333,3.635,1.86211437666667,3.574
,,1.86135630611111,3.635,1.86239228777778,3.574
,,1.86163401277778,3.645,1.862670155,3.574
,,1.86191219138889,3.645,1.86294798694444,3.574
,,1.862189735,3.645,1.86322577944444,3.574
,,1.86246757694444,3.645,1.86350381388889,3.574
,,1.86274574083333,3.635,1.86378178916667,3.574
,,1.86302360833333,3.645,1.86405984361111,3.574
,,1.86330114305556,3.635,1.86433753166667,3.574
,,1.86357908,3.645,1.86461576111111,3.574
,,1.8638572175,3.645,1.86489375361111,3.574
,,1.86413506694444,3.635,1.86517132888889,3.574
,,1.86441301444444,3.635,1.86544939722222,3.574
,,1.86469109416667,3.645,1.86572719527778,3.574
,,1.86496916361111,3.635,1.86600508861111,3.574
,,1.86524682277778,3.635,1.86628252138889,3.574
,,1.86552458055556,3.635,1.8665605225,3.574
,,1.86580224777778,3.635,1.86683863944444,3.574
,,1.86608015444444,3.645,1.86711637416667,3.574
,,1.86635827138889,3.645,1.86739426833333,3.574
,,1.86663586888889,3.635,1.86767219916667,3.574
,,1.86691385527778,3.635,1.86794981638889,3.574
,,1.86719189,3.635,1.8682276625,3.574
,,1.86746974277778,3.645,1.86850564305556,3.574
,,1.86774767916667,3.635,1.86878332361111,3.574
,,1.86802522611111,3.645,1.8690611075,3.574
,,1.86830284694444,3.635,1.86933902611111,3.574
,,1.86858082638889,3.645,1.86961661416667,3.574
,,1.86885883388889,3.645,1.86989435944444,3.574
,,1.86913658333333,3.635,1.87017271583333,3.574
,,1.86941429388889,3.645,1.87045056972222,3.574
,,1.86969215972222,3.635,1.87072825333333,3.574
,,1.86996995611111,3.645,1.87100611138889,3.574
,,1.87024763888889,3.635,1.87128395583333,3.574
,,1.87052549527778,3.645,1.87156177944444,3.574
,,1.87080334166667,3.635,1.87183938,3.574
,,1.87108110361111,3.645,1.87211723111111,3.574
,,1.87135887416667,3.635,1.87239511916667,3.584
,,1.87163669944444,3.635,1.87267293222222,3.574
,,1.87191466527778,3.645,1.87295095388889,3.574
,,1.87219220694444,3.645,1.8732285175,3.574
,,1.87247020138889,3.635,1.87350647888889,3.574
,,1.87274813722222,3.645,1.87378418361111,3.574
,,1.87302605722222,3.635,1.87406236027778,3.574
,,1.87330374694444,3.645,1.87433990305556,3.574
,,1.87358216611111,3.645,1.87461794,3.584
,,1.87385981916667,3.645,1.87489594333333,3.574
,,1.87413744944444,3.635,1.87517363111111,3.574
,,1.87441539055556,3.635,1.8754516325,3.574
,,1.874693545,3.645,1.87572970805556,3.584
,,1.87497122277778,3.635,1.87600748888889,3.574
,,1.87524927416667,3.645,1.87628534833333,3.574
,,1.87552745694444,3.645,1.87656306666667,3.574
,,1.87580517444444,3.635,1.87684107055556,3.574
,,1.87608292805556,3.635,1.87711881916667,3.574
,,1.87636071611111,3.645,1.87739695583333,3.584
,,1.87663888472222,3.645,1.87767474611111,3.584
,,1.87691703416667,3.635,1.87795264416667,3.584
,,1.87719494444444,3.645,1.87823038194444,3.584
,,1.87747313611111,3.645,1.87850834083333,3.574
,,1.87775070833333,3.645,1.87878597972222,3.584
,,1.87802865944444,3.635,1.87906383694444,3.574
,,1.87830677944444,3.635,1.87934157583333,3.574
,,1.87858472194444,3.645,1.87961961083333,3.584
,,1.87886223055556,3.645,1.87989731694444,3.584
,,1.87914022416667,3.645,1.88017519444444,3.584
,,1.87941791944444,3.645,1.88045307166667,3.584
,,1.87969572916667,3.645,1.88073090805556,3.584
,,1.87997320916667,3.645,1.88100875166667,3.584
,,1.88025140611111,3.635,1.88128663388889,3.584
,,1.88052924472222,3.635,1.88156456055556,3.584
,,1.88080712861111,3.635,1.88184221777778,3.584
,,1.88108508333333,3.635,1.88212010194444,3.584
,,1.88136306916667,3.645,1.88239815472222,3.584
,,1.88164105722222,3.645,1.88267551,3.584
,,1.8819188575,3.635,1.8829536125,3.584
,,1.88219658944444,3.645,1.88323141305556,3.584
,,1.88247441583333,3.645,1.88350926305556,3.584
,,1.88275229777778,3.635,1.88378720972222,3.574
,,1.88303003944444,3.645,1.88406500833333,3.584
,,1.88330793805556,3.645,1.88434270916667,3.584
,,1.88358605861111,3.645,1.88462046944444,3.574
,,1.88386355666667,3.635,1.88489831722222,3.584
,,1.88414154861111,3.635,1.88517603222222,3.584
,,,,1.88545416194444,3.584
,,,,1.885731865,3.584
,,,,1.88600991805556,3.584
,,,,1.88628783472222,3.584
,,,,1.88656557138889,3.584
,,,,1.88684332027778,3.584
,,,,1.88712138916667,3.584
,,,,1.88739931416667,3.584
,,,,1.88767739472222,3.584
,,,,1.88795546611111,3.584
,,,,1.88823309638889,3.584
,,,,1.8885115075,3.584
,,,,1.88878908944444,3.584
,,,,1.88906666277778,3.584
,,,,1.88934480527778,3.584
,,,,1.88962266416667,3.584
,,,,1.88990060833333,3.584
,,,,1.89017835166667,3.584
,,,,1.890456185,3.584
,,,,1.89073402666667,3.584
,,,,1.89101130555556,3.584
,,,,1.89128936416667,3.584
,,,,1.89156748861111,3.584
,,,,1.89184535277778,3.584
,,,,1.89212306722222,3.584
,,,,1.89240083055556,3.584
,,,,1.89267929777778,3.584
,,,,1.89295670861111,3.584
,,,,1.89323445194444,3.584
,,,,1.89351264138889,3.584
,,,,1.89379024,3.584
,,,,1.89406814,3.584
,,,,1.89434594111111,3.584
,,,,1.89462376194444,3.584
,,,,1.89490172888889,3.584
,,,,1.89517923805556,3.584
,,,,1.89545718722222,3.584
,,,,1.89573493694444,3.584
,,,,1.89601274944444,3.584
,,,,1.8962907775,3.584
,,,,1.89656871027778,3.584
,,,,1.89684631833333,3.584
,,,,1.89712413611111,3.584
,,,,1.89740196361111,3.584
,,,,1.89767971916667,3.584
,,,,1.89795787666667,3.584
,,,,1.898235535,3.584
,,,,1.8985132775,3.584
,,,,1.89879117027778,3.584
,,,,1.89906905972222,3.584
,,,,1.89934690777778,3.584
,,,,1.89962435638889,3.584
,,,,1.89990262444444,3.584
,,,,1.90018022472222,3.584
,,,,1.90045829083333,3.584
,,,,1.90073596055556,3.584
,,,,1.90101383666667,3.594
,,,,1.90129175305556,3.584
,,,,1.901569415,3.584
,,,,1.90184732638889,3.584
,,,,1.90212504583333,3.584
,,,,1.90240288,3.584
,,,,1.90268065472222,3.584
,,,,1.90295877416667,3.594
,,,,1.90323667083333,3.584
,,,,1.90351451583333,3.584
,,,,1.90379222055556,3.584
,,,,1.904070065,3.594
,,,,1.90434742388889,3.594
,,,,1.90462550194444,3.584
,,,,1.90490328916667,3.584
,,,,1.90518085916667,3.584
,,,,1.90545909055556,3.594
,,,,1.90573677305556,3.584
,,,,1.90601465361111,3.584
,,,,1.90629258888889,3.584
,,,,1.9065703575,3.584
,,,,1.90684829722222,3.584
,,,,1.90712653305556,3.594
,,,,1.90740419472222,3.594
,,,,1.9076818675,3.584
,,,,1.90795993777778,3.584
,,,,1.90823812638889,3.584
,,,,1.90851593138889,3.594
,,,,1.90879391777778,3.584
,,,,1.90907178472222,3.594
,,,,1.90934972055556,3.594
,,,,1.90962751638889,3.594
,,,,1.90990546222222,3.594
,,,,1.91018330944444,3.594
,,,,1.91046080444444,3.594
,,,,1.91073897416667,3.594
,,,,1.91101705111111,3.584
,,,,1.91129476638889,3.594
,,,,1.91157225805556,3.594
,,,,1.91185039611111,3.594
,,,,1.91212828638889,3.594
,,,,1.9124062125,3.594
,,,,1.91268412416667,3.594
,,,,1.91296205083333,3.594
,,,,1.91323981611111,3.594
,,,,1.91351772305556,3.594
,,,,1.91379574666667,3.594
,,,,1.91407396194444,3.594
,,,,1.91435131416667,3.594
,,,,1.91462926944444,3.594
,,,,1.91490721277778,3.594
,,,,1.91518505277778,3.594
,,,,1.91546287277778,3.594
,,,,1.91574064916667,3.594
,,,,1.91601862138889,3.594
,,,,1.91629608944444,3.594
,,,,1.91657413,3.594
,,,,1.9168516775,3.594
,,,,1.91712937055556,3.594
,,,,1.91740758138889,3.594
,,,,1.91768532805556,3.594
,,,,1.91796294916667,3.594
,,,,1.91824090027778,3.594
,,,,1.91851863222222,3.594
,,,,1.91879635222222,3.594
,,,,1.91907419472222,3.594
,,,,1.91935163611111,3.594
,,,,1.91963015583333,3.594
,,,,1.91990750888889,3.594
,,,,1.9201852825,3.594
,,,,1.92046333388889,3.594
,,,,1.92074132583333,3.594
,,,,1.921019005,3.594
,,,,1.92129708611111,3.594
,,,,1.92157465194444,3.594
,,,,1.92185211972222,3.594
,,,,1.92213003555556,3.594
,,,,1.92240815694444,3.594
,,,,1.9226854725,3.594
,,,,1.92296359472222,3.594
,,,,1.9232414375,3.594
,,,,1.92351937027778,3.594
,,,,1.92379689611111,3.594
,,,,1.92407480388889,3.594
,,,,1.92435255805556,3.594
,,,,1.92463053611111,3.594
,,,,1.92490838555556,3.594
,,,,1.92518617861111,3.594
,,,,1.92546381138889,3.594
,,,,1.92574156083333,3.594
,,,,1.92601949361111,3.594
,,,,1.92629725416667,3.594
,,,,1.92657503472222,3.594
,,,,1.92685302222222,3.594
,,,,1.92713097833333,3.594
,,,,1.92740899166667,3.594
,,,,1.92768628777778,3.594
,,,,1.92796464305556,3.594
,,,,1.92824256055556,3.594
,,,,1.92852054027778,3.594
,,,,1.92879798861111,3.594
,,,,1.92907602694444,3.594
,,,,1.9293538075,3.594
,,,,1.92963158111111,3.594
,,,,1.92990944166667,3.594
,,,,1.93018722,3.594
,,,,1.93046495527778,3.594
,,,,1.93074298666667,3.594
,,,,1.931021025,3.594
,,,,1.93129877194444,3.594
,,,,1.93157670416667,3.594
,,,,1.93185445583333,3.594
,,,,1.93213216805556,3.604
,,,,1.93241031055556,3.594
,,,,1.93268840694444,3.604
,,,,1.932966455,3.594
,,,,1.93324412194444,3.594
,,,,1.93352199277778,3.594
,,,,1.93379985138889,3.594
,,,,1.9340778925,3.594
,,,,1.93435591555556,3.604
,,,,1.93463356638889,3.594
,,,,1.93491105555556,3.604
,,,,1.93518912611111,3.604
,,,,1.93546676694444,3.594
,,,,1.93574449277778,3.594
,,,,1.93602259888889,3.604
,,,,1.93630034722222,3.594
,,,,1.93657820138889,3.594
,,,,1.93685570805556,3.594
,,,,1.93713354027778,3.604
,,,,1.93741159305556,3.604
,,,,1.93768985777778,3.594
,,,,1.93796718777778,3.604
,,,,1.93824529416667,3.604
,,,,1.93852332527778,3.604
,,,,1.93880103,3.604
,,,,1.93907889138889,3.604
,,,,1.93935665944444,3.604
,,,,1.93963444472222,3.604
,,,,1.93991219277778,3.604
,,,,1.94018991805556,3.604
,,,,1.94046749666667,3.604
,,,,1.94074521,3.604
,,,,1.94102363555556,3.604
,,,,1.94130138777778,3.604
,,,,1.941579435,3.604
,,,,1.94185751861111,3.604
,,,,1.94213520527778,3.604
,,,,1.94241304527778,3.604
,,,,1.94269094055556,3.604
,,,,1.9429688825,3.604
,,,,1.94324636055556,3.604
,,,,1.94352435333333,3.604
,,,,1.9438020525,3.604
,,,,1.94408032361111,3.604
,,,,1.94435851277778,3.604
,,,,1.94463648805556,3.604
,,,,1.9449140775,3.604
,,,,1.94519201555556,3.604
,,,,1.94546936444444,3.604
,,,,1.94574759694444,3.604
,,,,1.94602533027778,3.604
,,,,1.94630316611111,3.604
,,,,1.94658077027778,3.604
,,,,1.94685851888889,3.604
,,,,1.94713680722222,3.604
,,,,1.94741466611111,3.604
,,,,1.94769258527778,3.604
,,,,1.94797035472222,3.604
,,,,1.94824781416667,3.604
,,,,1.948525825,3.604
,,,,1.94880360888889,3.604
,,,,1.94908138555556,3.604
,,,,1.94935953777778,3.604
,,,,1.94963744361111,3.604
,,,,1.94991492805556,3.604
,,,,1.950192945,3.604
,,,,1.95047083972222,3.604
,,,,1.95074832055556,3.604
,,,,1.95102638444444,3.604
,,,,1.95130419888889,3.604
,,,,1.95158186833333,3.604
,,,,1.95185971194444,3.604
,,,,1.95213787277778,3.604
,,,,1.95241563916667,3.604
,,,,1.95269340916667,3.604
,,,,1.95297141194444,3.604
,,,,1.95324944416667,3.604
,,,,1.95352721972222,3.604
,,,,1.95380515388889,3.604
,,,,1.95408274472222,3.604
,,,,1.95436075805556,3.604
,,,,1.95463858638889,3.604
,,,,1.95491630805556,3.604
,,,,1.95519406666667,3.604
,,,,1.95547193833333,3.604
,,,,1.95575015388889,3.604
,,,,1.95602768527778,3.604
,,,,1.9563059325,3.614
,,,,1.95658343027778,3.604
,,,,1.95686175,3.604
,,,,1.95713947138889,3.604
,,,,1.95741691888889,3.604
,,,,1.95769507194444,3.604
,,,,1.95797250166667,3.604
,,,,1.95825044944444,3.604
,,,,1.95852838388889,3.604
,,,,1.95880638305556,3.604
,,,,1.95908445722222,3.604
,,,,1.95936218805556,3.604
,,,,1.95964042916667,3.604
,,,,1.95991791388889,3.604
,,,,1.96019584,3.604
,,,,1.96047351,3.604
,,,,1.96075139416667,3.604
,,,,1.96102892972222,3.604
,,,,1.96130713,3.604
,,,,1.96158488527778,3.604
,,,,1.96186304083333,3.604
,,,,1.96214083416667,3.614
,,,,1.96241884416667,3.614
,,,,1.96269680138889,3.604
,,,,1.96297465111111,3.604
,,,,1.96325219305556,3.604
,,,,1.96353020777778,3.604
,,,,1.96380795916667,3.614
,,,,1.96408636027778,3.604
,,,,1.96436420638889,3.604
,,,,1.96464203583333,3.604
,,,,1.9649199525,3.604
,,,,1.96519783666667,3.604
,,,,1.96547538527778,3.614
,,,,1.96575323388889,3.614
,,,,1.96603129361111,3.614
,,,,1.96630895583333,3.604
,,,,1.96658692888889,3.614
,,,,1.96686473361111,3.614
,,,,1.96714259277778,3.614
,,,,1.96742055861111,3.614
,,,,1.96769850666667,3.604
,,,,1.96797629472222,3.614
,,,,1.96825394527778,3.614
,,,,1.96853182805556,3.614
,,,,1.96880962666667,3.614
,,,,1.96908757805556,3.614
,,,,1.96936534916667,3.614
,,,,1.96964359527778,3.614
,,,,1.9699215375,3.614
,,,,1.97019913972222,3.614
,,,,1.97047694277778,3.614
,,,,1.97075464055556,3.604
,,,,1.97103251416667,3.604
,,,,1.97131067222222,3.614
,,,,1.97158833972222,3.614
,,,,1.97186607833333,3.614
,,,,1.97214356333333,3.614
,,,,1.97242177166667,3.614
,,,,1.97269941916667,3.614
,,,,1.97297712277778,3.614
,,,,1.97325534333333,3.614
,,,,1.973533425,3.614
,,,,1.9738112375,3.614
,,,,1.974088995,3.614
,,,,1.97436685194444,3.614
,,,,1.9746447525,3.614
,,,,1.9749223725,3.614
,,,,1.97520021638889,3.614
,,,,1.975478095,3.614
,,,,1.97575545638889,3.614
,,,,1.97603338638889,3.614
,,,,1.97631163472222,3.614
,,,,1.97658943277778,3.614
,,,,1.97686725083333,3.614
,,,,1.97714515666667,3.614
,,,,1.97742269472222,3.614
,,,,1.97770055277778,3.614
,,,,1.97797798138889,3.614
,,,,1.97825622416667,3.614
,,,,1.97853370944444,3.614
,,,,1.97881155361111,3.614
,,,,1.97908935722222,3.614
,,,,1.9793672175,3.614
,,,,1.97964523666667,3.614
,,,,1.97992307361111,3.614
,,,,1.98020050472222,3.614
,,,,1.98047862388889,3.614
,,,,1.98075636888889,3.614
,,,,1.98103445722222,3.614
,,,,1.98131186944444,3.614
,,,,1.98159004388889,3.614
,,,,1.981867795,3.614
,,,,1.98214532416667,3.614
,,,,1.98242302833333,3.614
,,,,1.9827010675,3.614
,,,,1.98297886138889,3.614
,,,,1.98325661694444,3.614
,,,,1.98353453472222,3.614
,,,,1.98381248222222,3.614
,,,,1.98409030805556,3.614
,,,,1.98436795916667,3.614
,,,,1.98464575222222,3.614
,,,,1.98492380555556,3.614
,,,,1.98520186833333,3.614
,,,,1.98547937138889,3.614
,,,,1.98575766972222,3.614
,,,,1.98603542722222,3.614
,,,,1.986312875,3.614
,,,,1.9865910125,3.614
,,,,1.9868690425,3.614
,,,,1.98714686111111,3.614
,,,,1.98742470166667,3.614
,,,,1.98770253805556,3.614
,,,,1.9879802525,3.614
,,,,1.98825822527778,3.614
,,,,1.98853590888889,3.614
,,,,1.98881355916667,3.614
,,,,1.98909154944444,3.614
,,,,1.98936933805556,3.614
,,,,1.98964686694444,3.614
,,,,1.98992504583333,3.614
,,,,1.99020268833333,3.614
,,,,1.99048078722222,3.614
,,,,1.99075866722222,3.614
,,,,1.99103638972222,3.614
,,,,1.99131427416667,3.614
,,,,1.99159218638889,3.614
,,,,1.99186966611111,3.614
,,,,1.99214776666667,3.614
,,,,1.99242551111111,3.614
,,,,1.99270362972222,3.614
,,,,1.99298174361111,3.614
,,,,1.99325940833333,3.614
,,,,1.99353739777778,3.614
,,,,1.99381533555556,3.614
,,,,1.99409317972222,3.614
,,,,1.99437096166667,3.614
,,,,1.99464895194444,3.614
,,,,1.99492672388889,3.614
,,,,1.99520420194444,3.614
,,,,1.99548237555556,3.614
,,,,1.99576051777778,3.614
,,,,1.99603827527778,3.614
,,,,1.99631634277778,3.614
,,,,1.99659434777778,3.614
,,,,1.99687231527778,3.614
,,,,1.99714992083333,3.614
,,,,1.99742778472222,3.614
,,,,1.99770574861111,3.614
,,,,1.99798355083333,3.614
,,,,1.99826120777778,3.614
,,,,1.99853886277778,3.614
,,,,1.99881666194444,3.614
,,,,1.99909489472222,3.614
,,,,1.99937245694444,3.614
,,,,1.99965053,3.614
,,,,1.99992844944444,3.614
,,,,2.00020627916667,3.614
,,,,2.00048414944444,3.614
,,,,2.00076219166667,3.614
,,,,2.00103995416667,3.614
,,,,2.00131754333333,3.614
,,,,2.00159519388889,3.614
,,,,2.00187336111111,3.614
,,,,2.00215150944444,3.614
,,,,2.00242912694444,3.614
,,,,2.00270704416667,3.614
,,,,2.00298470722222,3.614
,,,,2.00326277722222,3.614
,,,,2.0035406425,3.614
,,,,2.00381897166667,3.614
,,,,2.00409651722222,3.614
,,,,2.00437456194444,3.614
,,,,2.00465234055556,3.614
,,,,2.00493013944444,3.614
,,,,2.00520801111111,3.614
,,,,2.005485935,3.614
,,,,2.00576343555556,3.614
,,,,2.00604143694444,3.614
,,,,2.00631920638889,3.614
,,,,2.006597105,3.614
,,,,2.006875005,3.614
,,,,2.007152975,3.614
,,,,2.00743087472222,3.614
,,,,2.00770870083333,3.614
,,,,2.00798675638889,3.614
,,,,2.008264545,3.614
,,,,2.00854223722222,3.614
,,,,2.00882030555556,3.614
,,,,2.00909796805556,3.614
,,,,2.00937592194444,3.614
,,,,2.00965325222222,3.614
,,,,2.00993125111111,3.614
,,,,2.01020909638889,3.625
,,,,2.01048711416667,3.614
,,,,2.01076491527778,3.625
,,,,2.01104269861111,3.614
,,,,2.01132041638889,3.614
,,,,2.01159829361111,3.614
,,,,2.01187597388889,3.614
,,,,2.01215384777778,3.614
,,,,2.0124314025,3.614
,,,,2.01270914944444,3.614
,,,,2.01298720916667,3.625
,,,,2.01326502694444,3.614
,,,,2.01354278611111,3.614
,,,,2.01382056388889,3.614
,,,,2.01409833611111,3.614
,,,,2.01437609694444,3.625
,,,,2.01465401222222,3.614
,,,,2.01493158111111,3.614
,,,,2.01520972833333,3.625
,,,,2.01548740222222,3.614
,,,,2.015765385,3.614
,,,,2.01604302527778,3.614
,,,,2.0163207875,3.614
,,,,2.01659860222222,3.614
,,,,2.01687641027778,3.614
,,,,2.01715412194444,3.614
,,,,2.01743185861111,3.614
,,,,2.01770971472222,3.625
,,,,2.01798733444444,3.614
,,,,2.01826568111111,3.625
,,,,2.01854374972222,3.614
,,,,2.01882163361111,3.625
,,,,2.01909950972222,3.625
,,,,2.01937737361111,3.614
,,,,2.01965495361111,3.614
,,,,2.01993267333333,3.614
,,,,2.02021049416667,3.625
,,,,2.02048833055556,3.625
,,,,2.02076584611111,3.614
,,,,2.02104390611111,3.614
,,,,2.02132206277778,3.625
,,,,2.02159982277778,3.614
,,,,2.02187769916667,3.625
,,,,2.02215566555556,3.625
,,,,2.02243321361111,3.625
,,,,2.02271097277778,3.625
,,,,2.02298855166667,3.614
,,,,2.02326672666667,3.625
,,,,2.02354431805556,3.625
,,,,2.02382190055556,3.625
,,,,2.02409971694444,3.625
,,,,2.02437764777778,3.625
,,,,2.02465577333333,3.625
,,,,2.02493370472222,3.625
,,,,2.02521183444444,3.614
,,,,2.02548970388889,3.625
,,,,2.02576769083333,3.614
,,,,2.02604548138889,3.625
,,,,2.02632372472222,3.625
,,,,2.02660134055556,3.625
,,,,2.02687931055556,3.625
,,,,2.02715723416667,3.625
,,,,2.02743488916667,3.625
,,,,2.02771272055556,3.614
,,,,2.02799068027778,3.625
,,,,2.028268475,3.625
,,,,2.02854659305556,3.625
,,,,2.02882452972222,3.625
,,,,2.02910239166667,3.625
,,,,2.02938031805556,3.625
,,,,2.02965829,3.625
,,,,2.02993618944444,3.625
,,,,2.03021398833333,3.625
,,,,2.03049157361111,3.625
,,,,2.03076948916667,3.625
,,,,2.03104706805556,3.625
,,,,2.03132495916667,3.625
,,,,2.03160290722222,3.625
,,,,2.03188062416667,3.625
,,,,2.03215855472222,3.625
,,,,2.03243630611111,3.625
,,,,2.03271441416667,3.625
,,,,2.0329922825,3.625
,,,,2.03327025555556,3.625
,,,,2.03354837722222,3.625
,,,,2.03382582638889,3.625
,,,,2.03410384138889,3.625
,,,,2.03438172444444,3.625
,,,,2.03465972694444,3.625
,,,,2.03493718305556,3.625
,,,,2.0352152525,3.625
,,,,2.03549330805556,3.625
,,,,2.03577119166667,3.625
,,,,2.03604892222222,3.625
,,,,2.03632659583333,3.625
,,,,2.03660481055556,3.625
,,,,2.03688247694444,3.625
,,,,2.03716019583333,3.614
,,,,2.03743837833333,3.625
,,,,2.03771631722222,3.625
,,,,2.03799409583333,3.625
,,,,2.03827228388889,3.625
,,,,2.03855040166667,3.625
,,,,2.03882792805556,3.625
,,,,2.03910577777778,3.625
,,,,2.03938364333333,3.625
,,,,2.03966174583333,3.625
,,,,2.03993943305556,3.625
,,,,2.04021715944444,3.625
,,,,2.04049520083333,3.614
,,,,2.04077305166667,3.625
,,,,2.04105111916667,3.625
,,,,2.04132859083333,3.625
,,,,2.04160630083333,3.625
,,,,2.04188459444444,3.625
,,,,2.04216238333333,3.625
,,,,2.04243999694444,3.625
,,,,2.04271841861111,3.625
,,,,2.04299594222222,3.625
,,,,2.0432737775,3.625
,,,,2.04355191694444,3.625
,,,,2.04382990666667,3.625
,,,,2.04410743194444,3.625
,,,,2.04438565361111,3.625
,,,,2.04466326027778,3.625
,,,,2.04494098527778,3.625
,,,,2.04521881444444,3.625
,,,,2.04549682861111,3.625
,,,,2.04577472222222,3.625
,,,,2.04605285277778,3.625
,,,,2.04633049166667,3.625
,,,,2.04660851861111,3.625
,,,,2.04688649833333,3.625
,,,,2.04716389972222,3.625
,,,,2.04744188277778,3.625
,,,,2.04771963583333,3.625
,,,,2.047997625,3.625
,,,,2.04827540583333,3.625
,,,,2.04855278111111,3.625
,,,,2.048830665,3.625
,,,,2.04910851333333,3.625
,,,,2.04938630555556,3.625
,,,,2.04966407833333,3.625
,,,,2.04994200166667,3.625
,,,,2.05021986138889,3.625
,,,,2.05049749777778,3.625
,,,,2.05077490611111,3.625
,,,,2.05105288888889,3.625
,,,,2.0513304575,3.625
,,,,2.05160882611111,3.625
,,,,2.05188657972222,3.625
,,,,2.05216445805556,3.625
,,,,2.05244231833333,3.625
,,,,2.05272051916667,3.625
,,,,2.05299828972222,3.625
,,,,2.05327609083333,3.625
,,,,2.05355367638889,3.625
,,,,2.05383129083333,3.625
,,,,2.05410916194444,3.625
,,,,2.05438722472222,3.625
,,,,2.05466490444444,3.625
,,,,2.05494310555556,3.625
,,,,2.05522080833333,3.625
,,,,2.05549869777778,3.625
,,,,2.05577635472222,3.625
,,,,2.05605417583333,3.625
,,,,2.05633161111111,3.625
,,,,2.05660962361111,3.625
,,,,2.05688775555556,3.625
,,,,2.05716572527778,3.625
,,,,2.0574439825,3.625
,,,,2.05772149194444,3.625
,,,,2.05799971972222,3.625
,,,,2.05827743055556,3.625
,,,,2.05855533861111,3.625
,,,,2.05883302833333,3.625
,,,,2.05911094555556,3.625
,,,,2.05938871277778,3.625
,,,,2.05966655833333,3.625
,,,,2.05994432888889,3.625
,,,,2.06022264888889,3.625
,,,,2.06050010083333,3.625
,,,,2.06077797722222,3.625
,,,,2.06105547361111,3.625
,,,,2.06133369611111,3.625
,,,,2.06161154694444,3.625
,,,,2.06188928111111,3.625
,,,,2.06216721833333,3.625
,,,,2.06244485638889,3.625
,,,,2.06272271944444,3.625
,,,,2.06300053388889,3.625
,,,,2.06327838361111,3.625
,,,,2.06355632666667,3.625
,,,,2.06383406694444,3.625
,,,,2.06411205861111,3.625
,,,,2.06438955916667,3.625
,,,,2.06466747277778,3.625
,,,,2.06494521805556,3.625
,,,,2.06522331694444,3.625
,,,,2.06550156305556,3.625
,,,,2.06577945194444,3.625
,,,,2.06605720444444,3.625
,,,,2.06633491166667,3.625
,,,,2.06661279555556,3.625
,,,,2.0668904625,3.625
,,,,2.06716840944444,3.625
,,,,2.06744603027778,3.625
,,,,2.06772390361111,3.625
,,,,2.06800164277778,3.625
,,,,2.06827946916667,3.625
,,,,2.06855721277778,3.625
,,,,2.06883528972222,3.625
,,,,2.06911331694444,3.625
,,,,2.06939129972222,3.625
,,,,2.0696692475,3.625
,,,,2.06994669305556,3.625
,,,,2.07022446722222,3.625
,,,,2.07050250333333,3.625
,,,,2.07078038166667,3.625
,,,,2.07105827527778,3.625
,,,,2.07133620333333,3.625
,,,,2.07161393277778,3.625
,,,,2.07189219527778,3.625
,,,,2.07216969361111,3.625
,,,,2.07244801861111,3.625
,,,,2.07272582305556,3.625
,,,,2.07300379777778,3.625
,,,,2.07328144194444,3.625
,,,,2.0735590425,3.625
,,,,2.07383685777778,3.625
,,,,2.07411468722222,3.625
,,,,2.07439212944444,3.625
,,,,2.07466990055556,3.625
,,,,2.07494822444444,3.625
,,,,2.07522625277778,3.625
,,,,2.07550360083333,3.625
,,,,2.07578162055556,3.625
,,,,2.07605942833333,3.625
,,,,2.07633721805556,3.625
,,,,2.0766146525,3.625
,,,,2.07689266,3.625
,,,,2.07717101138889,3.625
,,,,2.07744915111111,3.625
,,,,2.07772683583333,3.625
,,,,2.07800469138889,3.625
,,,,2.07828248777778,3.625
,,,,2.07856042861111,3.625
,,,,2.07883805444444,3.625
,,,,2.07911601333333,3.625
,,,,2.07939400611111,3.625
,,,,2.07967169277778,3.625
,,,,2.07994959861111,3.625
,,,,2.08022761194444,3.625
,,,,2.08050530305556,3.625
,,,,2.0807826825,3.625
,,,,2.081060945,3.625
,,,,2.08133886444444,3.625
,,,,2.08161659138889,3.635
,,,,2.08189454444444,3.625
,,,,2.08217220527778,3.625
,,,,2.08245011722222,3.625
,,,,2.08272811361111,3.625
,,,,2.08300555083333,3.625
,,,,2.08328372638889,3.625
,,,,2.08356109416667,3.625
,,,,2.08383884305556,3.625
,,,,2.0841170725,3.625
,,,,2.08439492388889,3.625
,,,,2.084673,3.625
,,,,2.08495087055556,3.625
,,,,2.0852288275,3.625
,,,,2.08550667194444,3.625
,,,,2.08578433472222,3.625
,,,,2.08606217333333,3.625
,,,,2.08634015638889,3.625
,,,,2.08661793,3.625
,,,,2.08689583722222,3.625
,,,,2.0871740075,3.625
,,,,2.08745134638889,3.625
,,,,2.08772950138889,3.625
,,,,2.08800739833333,3.625
,,,,2.08828523888889,3.625
,,,,2.08856309361111,3.625
,,,,2.08884121694444,3.625
,,,,2.08911886166667,3.625
,,,,2.08939692444444,3.625
,,,,2.08967438111111,3.625
,,,,2.08995214361111,3.625
,,,,2.09023027222222,3.625
,,,,2.09050824277778,3.625
,,,,2.09078603166667,3.625
,,,,2.09106377083333,3.625
,,,,2.0913413275,3.635
,,,,2.09161940583333,3.625
,,,,2.09189713111111,3.635
,,,,2.09217495527778,3.625
,,,,2.09245286111111,3.635
,,,,2.09273056611111,3.625
,,,,2.09300840777778,3.635
,,,,2.0932865325,3.625
,,,,2.09356450861111,3.625
,,,,2.09384240694444,3.625
,,,,2.09412016055556,3.625
,,,,2.09439802361111,3.625
,,,,2.0946757325,3.625
,,,,2.09495362666667,3.625
,,,,2.09523102361111,3.625
,,,,2.09550951888889,3.625
,,,,2.09578716861111,3.625
,,,,2.09606499555556,3.625
,,,,2.09634274083333,3.625
,,,,2.09662056722222,3.625
,,,,2.09689839388889,3.625
,,,,2.097176105,3.635
,,,,2.09745409194444,3.635
,,,,2.09773201611111,3.635
,,,,2.09800964777778,3.625
,,,,2.09828738916667,3.625
,,,,2.0985652475,3.625
,,,,2.09884325361111,3.625
,,,,2.09912140638889,3.635
,,,,2.09939919972222,3.625
,,,,2.09967740472222,3.625
,,,,2.09995550166667,3.625
,,,,2.10023357222222,3.625
,,,,2.10051121277778,3.625
,,,,2.10078927527778,3.625
,,,,2.10106730305556,3.625
,,,,2.10134564055556,3.625
,,,,2.10162349861111,3.625
,,,,2.101901375,3.635
,,,,2.102179465,3.635
,,,,2.1024573825,3.625
,,,,2.10273515694444,3.635
,,,,2.10301341888889,3.625
,,,,2.10329130972222,3.625
,,,,2.10356951138889,3.625
,,,,2.10384696416667,3.635
,,,,2.10412510666667,3.625
,,,,2.10440276111111,3.635
,,,,2.10468047583333,3.625
,,,,2.10495833166667,3.625
,,,,2.10523608972222,3.635
,,,,2.1055137025,3.625
,,,,2.10579178027778,3.625
,,,,2.10606963194444,3.625
,,,,2.10634754305556,3.635
,,,,2.10662521083333,3.625
,,,,2.10690304138889,3.625
,,,,2.10718054194444,3.625
,,,,2.10745877,3.625
,,,,2.1077363125,3.635
,,,,2.10801413083333,3.625
,,,,2.10829158972222,3.625
,,,,2.10856974111111,3.635
,,,,2.10884771166667,3.625
,,,,2.10912583222222,3.635
,,,,2.10940360277778,3.625
,,,,2.10968155861111,3.625
,,,,2.1099595575,3.635
,,,,2.11023735944444,3.625
,,,,2.1105149375,3.625
,,,,2.11079327388889,3.625
,,,,2.11107092805556,3.625
,,,,2.11134933194444,3.635
,,,,2.11162660722222,3.635
,,,,2.11190487305556,3.625
,,,,2.11218236888889,3.635
,,,,2.11246041416667,3.625
,,,,2.11273776055556,3.635
,,,,2.11301598611111,3.635
,,,,2.11329348944444,3.635
,,,,2.11357158666667,3.625
,,,,2.11384946944444,3.625
,,,,2.1141270275,3.625
,,,,2.11440495166667,3.625
,,,,2.11468243111111,3.625
,,,,2.11496059083333,3.625
,,,,2.11523842444444,3.635
,,,,2.11551639166667,3.625
,,,,2.11579418638889,3.635
,,,,2.11607208138889,3.635
,,,,2.11634972222222,3.625
,,,,2.11662791861111,3.625
,,,,2.11690563888889,3.635
,,,,2.11718329388889,3.635
,,,,2.11746134805556,3.635
,,,,2.11773919888889,3.635
,,,,2.11801665666667,3.625
,,,,2.11829454916667,3.635
,,,,2.11857230805556,3.635
,,,,2.118850505,3.625
,,,,2.11912841916667,3.635
,,,,2.11940619166667,3.625
,,,,2.11968404166667,3.625
,,,,2.11996185527778,3.625
,,,,2.12023977111111,3.625
,,,,2.12051760222222,3.635
,,,,2.12079520388889,3.625
,,,,2.12107273194444,3.625
,,,,2.12135074611111,3.625
,,,,2.12162902361111,3.635
,,,,2.12190666472222,3.635
,,,,2.12218436222222,3.635
,,,,2.122462395,3.635
,,,,2.12274033638889,3.635
,,,,2.12301801111111,3.635
,,,,2.1232960225,3.635
,,,,2.12357392055556,3.625
,,,,2.12385192166667,3.635
,,,,2.12412974611111,3.625
,,,,2.12440736111111,3.635
,,,,2.12468545638889,3.635
,,,,2.12496305361111,3.625
,,,,2.12524112583333,3.635
,,,,2.1255190675,3.635
,,,,2.12579661888889,3.625
,,,,2.12607464083333,3.625
,,,,2.12635234694444,3.635
,,,,2.12663043083333,3.625
,,,,2.12690822444444,3.635
,,,,2.12718615388889,3.635
,,,,2.12746384055556,3.635
,,,,2.12774204416667,3.635
,,,,2.12801954138889,3.635
,,,,2.12829749166667,3.635
,,,,2.12857513972222,3.635
,,,,2.12885314166667,3.625
,,,,2.12913088305556,3.625
,,,,2.12940861472222,3.625
,,,,2.12968680138889,3.635
,,,,2.12996457194444,3.635
,,,,2.1302420375,3.635
,,,,2.13051962138889,3.625
,,,,2.13079778277778,3.635
,,,,2.13107561833333,3.635
,,,,2.13135323333333,3.635
,,,,2.13163120055556,3.635
,,,,2.13190905527778,3.625
,,,,2.13218698722222,3.635
,,,,2.13246468444444,3.635
,,,,2.1327429875,3.625
,,,,2.13302047166667,3.625
,,,,2.13329877916667,3.625
,,,,2.13357653472222,3.635
,,,,2.13385467166667,3.635
,,,,2.13413267222222,3.625
,,,,2.13441028527778,3.635
,,,,2.13468798416667,3.635
,,,,2.13496612305556,3.635
,,,,2.13524402277778,3.625
,,,,2.13552220277778,3.635
,,,,2.13579995027778,3.635
,,,,2.13607770083333,3.635
,,,,2.1363557425,3.635
,,,,2.13663371416667,3.635
,,,,2.13691132083333,3.635
,,,,2.13718918083333,3.635
,,,,2.13746687611111,3.635
,,,,2.137744875,3.635
,,,,2.13802248277778,3.635
,,,,2.13830009777778,3.635
,,,,2.13857811527778,3.635
,,,,2.13885618944444,3.635
,,,,2.13913387638889,3.635
,,,,2.13941154861111,3.635
,,,,2.13968948944444,3.635
,,,,2.13996741111111,3.635
,,,,2.14024534194444,3.625
,,,,2.14052307055556,3.635
,,,,2.14080074527778,3.635
,,,,2.14107887222222,3.635
,,,,2.14135636055556,3.635
,,,,2.14163435166667,3.635
,,,,2.14191213722222,3.635
,,,,2.14219076666667,3.635
,,,,2.14246857027778,3.635
,,,,2.14274667472222,3.635
,,,,2.14302445361111,3.635
,,,,2.14330294138889,3.635
,,,,2.14358049833333,3.635
,,,,2.14385844583333,3.635
,,,,2.14413651861111,3.635
,,,,2.14441449333333,3.635
,,,,2.14469253527778,3.635
,,,,2.14497048361111,3.635
,,,,2.14524824222222,3.635
,,,,2.14552636416667,3.625
,,,,2.14580415138889,3.635
,,,,2.14608175972222,3.635
,,,,2.14635970694444,3.635
,,,,2.14663783916667,3.635
,,,,2.14691518805556,3.635
,,,,2.14719337861111,3.635
,,,,2.14747075194444,3.635
,,,,2.14774867416667,3.625
,,,,2.14802673972222,3.635
,,,,2.148304465,3.635
,,,,2.14858212222222,3.635
,,,,2.14886050666667,3.635
,,,,2.14913801333333,3.635
,,,,2.14941618416667,3.635
,,,,2.14969409277778,3.635
,,,,2.14997165972222,3.635
,,,,2.15024961,3.635
,,,,2.15052742083333,3.635
,,,,2.15080519166667,3.635
,,,,2.15108297138889,3.635
,,,,2.15136089083333,3.635
,,,,2.15163850305556,3.635
,,,,2.15191608555556,3.635
,,,,2.15219423055556,3.635
,,,,2.15247233138889,3.635
,,,,2.1527499925,3.635
,,,,2.15302793916667,3.635
,,,,2.15330594027778,3.635
,,,,2.15358350694444,3.635
,,,,2.15386117416667,3.635
,,,,2.15413916555556,3.635
,,,,2.15441677222222,3.635
,,,,2.15469462305556,3.635
,,,,2.15497239694444,3.635
,,,,2.15525075222222,3.635
,,,,2.15552865722222,3.635
,,,,2.15580655611111,3.635
,,,,2.15608416777778,3.635
,,,,2.15636223361111,3.635
,,,,2.15664017138889,3.635
,,,,2.15691797583333,3.635
,,,,2.15719595361111,3.635
,,,,2.15747377138889,3.635
,,,,2.15775150722222,3.635
,,,,2.15802944861111,3.635
,,,,2.158307265,3.635
,,,,2.1585851675,3.635
,,,,2.15886316305556,3.635
,,,,2.15914101555556,3.635
,,,,2.15941899305556,3.635
,,,,2.15969703,3.635
,,,,2.15997489555556,3.635
,,,,2.160252855,3.635
,,,,2.16053075694444,3.635
,,,,2.16080872694444,3.635
,,,,2.16108651305556,3.635
,,,,2.161364195,3.635
,,,,2.1616418975,3.635
,,,,2.16191995972222,3.635
,,,,2.16219773861111,3.635
,,,,2.16247563277778,3.635
,,,,2.16275370277778,3.635
,,,,2.16303150972222,3.635
,,,,2.16330935333333,3.635
,,,,2.16358712611111,3.635
,,,,2.16386490083333,3.635
,,,,2.16414274277778,3.635
,,,,2.16442091888889,3.635
,,,,2.16469852638889,3.635
,,,,2.16497664555556,3.635
,,,,2.16525497638889,3.635
,,,,2.16553289027778,3.635
,,,,2.16581049638889,3.635
,,,,2.16608882666667,3.635
,,,,2.16636676805556,3.635
,,,,2.1666448825,3.635
,,,,2.16692244527778,3.635
,,,,2.1672006975,3.635
,,,,2.16747808833333,3.635
,,,,2.16775606805556,3.635
,,,,2.16803400916667,3.635
,,,,2.16831156611111,3.635
,,,,2.16858908833333,3.635
,,,,2.16886730805556,3.635
,,,,2.16914509194444,3.635
,,,,2.16942276305556,3.635
,,,,2.1697005175,3.635
,,,,2.169977995,3.635
,,,,2.17025617277778,3.635
,,,,2.17053384861111,3.635
,,,,2.17081178055556,3.635
,,,,2.17108942805556,3.635
,,,,2.17136732444444,3.635
,,,,2.17164462583333,3.635
,,,,2.17192277611111,3.635
,,,,2.17220062138889,3.635
,,,,2.1724784575,3.635
,,,,2.17275644694444,3.635
,,,,2.17303432805556,3.635
,,,,2.17331184611111,3.635
,,,,2.17358969861111,3.635
,,,,2.17386788472222,3.635
,,,,2.17414594611111,3.635
,,,,2.17442353416667,3.635
,,,,2.17470163166667,3.635
,,,,2.1749795625,3.635
,,,,2.17525731027778,3.635
,,,,2.175535135,3.635
,,,,2.17581301972222,3.635
,,,,2.17609079083333,3.625
,,,,2.17636842583333,3.625
