Timestamp_1 [h],BATT_003_CC1 [V],Timestamp_2 [h],BATT_003_CC2 [V],Timestamp_3 [h],BATT_003_CC3 [V]
0,2.881,0,2.87,0,2.718
0.000256093333333333,2.87,0.000203871666666667,2.87,0.000276335833333333,2.718
0.000533790555555556,2.87,0.000481567777777778,2.87,0.000554209444444445,2.718
0.000811774444444444,2.932,0.000759409444444445,2.87,0.000832090277777778,2.718
0.00108962583333333,2.952,0.00103736861111111,2.87,0.00110972583333333,2.718
0.00136751666666667,2.962,0.0013152575,2.87,0.00138801694444444,2.718
0.00164578416666667,2.962,0.00159318055555556,2.87,0.0016657825,2.718
0.00192371555555556,2.972,0.00187097277777778,2.87,0.00194387611111111,2.718
0.00220163444444444,2.972,0.00214898722222222,2.87,0.00222177944444444,2.718
0.00247929583333333,2.983,0.00242636305555556,2.87,0.00249964166666667,2.718
0.00275708972222222,2.993,0.00270439916666667,2.87,0.00277777305555556,2.799
0.00303490416666667,2.993,0.00298234083333333,2.87,0.00305558944444444,2.809
0.00331267833333333,3.003,0.00326022166666667,2.932,0.00333354611111111,2.82
0.00359070138888889,3.003,0.00353826166666667,2.942,0.00361170861111111,2.83
0.00386868444444444,3.013,0.0038162075,2.952,0.00388945194444444,2.84
0.00414631472222222,3.013,0.00409399361111111,2.962,0.00416767861111111,2.85
0.00442413555555556,3.013,0.00437230861111111,2.972,0.00444577277777778,2.86
0.00470199916666667,3.013,0.00465022305555556,2.972,0.00472333916666667,2.87
0.00497953611111111,3.023,0.0049281975,2.983,0.00500111916666667,2.881
0.0052570825,3.033,0.0052058775,2.983,0.00527962277777778,2.891
0.00553528944444444,3.033,0.00548351611111111,2.993,0.00555723,2.891
0.00581308833333333,3.033,0.00576108722222222,2.993,0.00583516888888889,2.901
0.00609095277777778,3.044,0.00603898444444444,3.003,0.00611277861111111,2.901
0.00636900888888889,3.044,0.0063170125,3.003,0.00639062222222222,2.911
0.00664688583333333,3.054,0.00659469611111111,3.013,0.00666827555555556,2.921
0.0069248225,3.054,0.00687271638888889,3.013,0.00694616861111111,2.921
0.00720265361111111,3.054,0.00715065555555556,3.013,0.00722425583333333,2.932
0.00748066138888889,3.054,0.00742846055555556,3.023,0.00750248944444444,2.932
0.00775871638888889,3.054,0.00770635333333333,3.023,0.00778019055555556,2.942
0.00803623305555556,3.064,0.00798432805555556,3.033,0.00805826722222222,2.942
0.00831461111111111,3.064,0.00826172805555556,3.033,0.00833579777777778,2.952
0.00859259194444444,3.074,0.00853989166666667,3.044,0.00861394555555556,2.962
0.00887059861111111,3.074,0.00881761861111111,3.044,0.00889188333333333,2.962
0.0091482125,3.074,0.00909524333333333,3.054,0.00916971305555556,2.962
0.00942576972222222,3.074,0.00937339777777778,3.054,0.00944778777777778,2.972
0.00970403444444445,3.084,0.00965121333333333,3.054,0.00972531138888889,2.972
0.00998178944444444,3.084,0.00992887611111111,3.054,0.0100035388888889,2.983
0.0102599761111111,3.084,0.0102067919444444,3.054,0.0102815933333333,2.983
0.0105380736111111,3.095,0.0104848052777778,3.064,0.0105596825,2.993
0.0108157041666667,3.095,0.0107625911111111,3.064,0.0108376841666667,2.993
0.0110936647222222,3.095,0.0110403013888889,3.074,0.0111152527777778,3.003
0.0113712544444444,3.095,0.0113178233333333,3.074,0.0113933075,3.003
0.0116488458333333,3.095,0.0115958766666667,3.074,0.0116708555555556,3.003
0.0119270391666667,3.095,0.0118737577777778,3.084,0.0119486602777778,3.013
0.0122049175,3.105,0.0121516358333333,3.084,0.0122266216666667,3.013
0.0124829347222222,3.105,0.0124291822222222,3.084,0.0125044225,3.013
0.0127609725,3.105,0.0127070063888889,3.084,0.0127825172222222,3.013
0.0130388888888889,3.105,0.0129847641666667,3.084,0.0130603058333333,3.023
0.0133168861111111,3.115,0.0132628961111111,3.095,0.0133382555555556,3.023
0.0135947816666667,3.115,0.0135404002777778,3.095,0.0136159305555556,3.033
0.0138723761111111,3.125,0.0138180863888889,3.095,0.0138936866666667,3.033
0.0141504341666667,3.125,0.0140957844444444,3.095,0.0141711752777778,3.033
0.0144281136111111,3.125,0.0143738286111111,3.105,0.0144491677777778,3.044
0.0147058047222222,3.125,0.0146514666666667,3.105,0.0147266516666667,3.044
0.0149840738888889,3.125,0.0149298538888889,3.105,0.0150048322222222,3.044
0.0152617913888889,3.135,0.0152077652777778,3.105,0.0152826822222222,3.054
0.0155396961111111,3.135,0.0154856680555556,3.115,0.0155601988888889,3.054
0.0158174761111111,3.135,0.0157631113888889,3.115,0.0158380366666667,3.054
0.0160953,3.135,0.0160412236111111,3.115,0.0161158341666667,3.064
0.0163731866666667,3.135,0.0163190936111111,3.115,0.0163935813888889,3.054
0.0166512205555556,3.135,0.0165973172222222,3.115,0.0166713036111111,3.064
0.01692912,3.146,0.0168754702777778,3.125,0.0169492194444444,3.074
0.0172067244444444,3.146,0.0171535005555556,3.125,0.0172269594444444,3.074
0.0174844116666667,3.146,0.0174314755555556,3.125,0.0175051061111111,3.074
0.0177625694444444,3.156,0.0177091919444444,3.135,0.0177827641666667,3.074
0.0180404325,3.156,0.0179870805555556,3.135,0.0180613263888889,3.074
0.0183185891666667,3.156,0.0182644305555556,3.135,0.0183386913888889,3.084
0.018596305,3.156,0.018542935,3.135,0.0186168486111111,3.084
0.0188741969444444,3.156,0.0188204688888889,3.135,0.0188949480555556,3.084
0.0191517661111111,3.156,0.0190985622222222,3.135,0.0191725425,3.084
0.0194293541666667,3.166,0.0193762736111111,3.146,0.0194503972222222,3.095
0.0197078205555556,3.166,0.0196539838888889,3.146,0.0197281208333333,3.095
0.0199851272222222,3.166,0.0199317255555556,3.146,0.0200061786111111,3.095
0.0202629680555556,3.166,0.0202094225,3.146,0.0202840288888889,3.095
0.0205409455555556,3.166,0.0204872302777778,3.156,0.0205615952777778,3.095
0.0208189483333333,3.176,0.0207650366666667,3.156,0.0208396713888889,3.105
0.021097075,3.166,0.0210425938888889,3.156,0.0211171436111111,3.105
0.0213752072222222,3.176,0.0213205786111111,3.156,0.0213954694444444,3.105
0.0216531669444444,3.176,0.0215990527777778,3.156,0.0216729138888889,3.105
0.0219306894444444,3.176,0.0218770686111111,3.156,0.0219508719444444,3.115
0.0222088466666667,3.176,0.0221547616666667,3.166,0.0222284825,3.115
0.0224864411111111,3.176,0.0224324555555556,3.166,0.0225063825,3.115
0.0227641830555556,3.186,0.0227103219444444,3.166,0.0227848144444444,3.125
0.0230420733333333,3.176,0.0229887577777778,3.166,0.0230625794444444,3.125
0.0233199666666667,3.186,0.0232664680555556,3.166,0.0233407127777778,3.125
0.0235980691666667,3.186,0.0235445530555556,3.166,0.0236184238888889,3.125
0.0238757736111111,3.186,0.0238221783333333,3.166,0.0238960616666667,3.125
0.0241536769444444,3.197,0.0241002708333333,3.176,0.0241738686111111,3.125
0.0244313666666667,3.197,0.0243785169444444,3.176,0.0244518605555556,3.135
0.0247089969444444,3.197,0.0246566663888889,3.176,0.0247298697222222,3.135
0.0249867672222222,3.197,0.02493445,3.176,0.0250078,3.135
0.0252647719444444,3.197,0.0252128758333333,3.176,0.0252856291666667,3.135
0.0255421588888889,3.197,0.0254903522222222,3.176,0.0255640613888889,3.135
0.0258202372222222,3.197,0.0257683177777778,3.186,0.0258413894444444,3.135
0.0260981177777778,3.197,0.0260464138888889,3.186,0.0261195558333333,3.146
0.0263763111111111,3.207,0.0263244080555556,3.186,0.0263969572222222,3.146
0.0266541875,3.207,0.0266025797222222,3.186,0.02667509,3.146
0.0269319094444444,3.207,0.0268802663888889,3.186,0.0269524602777778,3.156
0.0272096097222222,3.217,0.0271580669444444,3.197,0.0272302430555556,3.156
0.0274873794444444,3.207,0.0274358980555556,3.197,0.0275084386111111,3.156
0.0277649405555556,3.217,0.027713925,3.197,0.0277863908333333,3.156
0.0280429286111111,3.217,0.0279919002777778,3.197,0.0280644469444444,3.156
0.0283209525,3.217,0.0282697230555556,3.197,0.0283422275,3.156
0.0285989111111111,3.217,0.0285474805555556,3.207,0.0286201113888889,3.166
0.0288765533333333,3.217,0.0288252788888889,3.207,0.0288977247222222,3.166
0.0291541991666667,3.217,0.0291030269444444,3.207,0.0291754125,3.166
0.0294320666666667,3.217,0.0293813138888889,3.207,0.0294534286111111,3.166
0.0297102261111111,3.217,0.0296592158333333,3.207,0.0297312088888889,3.166
0.0299881147222222,3.217,0.0299369155555556,3.207,0.0300093897222222,3.176
0.0302658936111111,3.227,0.0302150027777778,3.207,0.0302871088888889,3.176
0.0305438769444444,3.227,0.0304928022222222,3.217,0.0305648788888889,3.176
0.0308216233333333,3.217,0.0307705033333333,3.217,0.0308425308333333,3.176
0.0310993325,3.227,0.0310482786111111,3.217,0.0311206852777778,3.176
0.0313774977777778,3.227,0.0313263058333333,3.217,0.0313987558333333,3.176
0.03165505,3.227,0.0316036783333333,3.217,0.0316766713888889,3.176
0.0319329519444444,3.227,0.0318816094444444,3.217,0.0319547980555556,3.176
0.0322112208333333,3.237,0.0321596108333333,3.217,0.0322327347222222,3.186
0.0324887033333333,3.237,0.0324371061111111,3.217,0.0325104769444444,3.186
0.0327662425,3.237,0.0327149616666667,3.217,0.0327880722222222,3.186
0.0330442844444444,3.237,0.0329930447222222,3.217,0.0330661022222222,3.186
0.0333220094444444,3.237,0.0332705405555556,3.227,0.0333441572222222,3.186
0.0336000502777778,3.237,0.0335487061111111,3.227,0.0336219830555556,3.186
0.0338775472222222,3.237,0.0338264119444444,3.227,0.0338998419444444,3.197
0.0341551808333333,3.247,0.0341041611111111,3.227,0.03417784,3.197
0.0344332855555556,3.247,0.0343820441666667,3.227,0.0344555838888889,3.197
0.0347115322222222,3.247,0.0346599130555556,3.237,0.0347334655555556,3.197
0.0349892044444444,3.247,0.0349377205555556,3.237,0.0350112905555556,3.207
0.0352670866666667,3.247,0.0352157033333333,3.237,0.0352888583333333,3.207
0.0355449983333333,3.247,0.0354937461111111,3.237,0.0355666425,3.207
0.0358226883333333,3.247,0.0357713780555556,3.237,0.0358446083333333,3.207
0.0361006658333333,3.258,0.0360491952777778,3.237,0.0361222497222222,3.207
0.0363780125,3.258,0.0363270747222222,3.237,0.0364002969444444,3.207
0.0366559341666667,3.258,0.0366047752777778,3.237,0.0366780758333333,3.207
0.0369334994444444,3.258,0.0368822094444444,3.247,0.0369557030555556,3.207
0.0372116161111111,3.258,0.0371604569444444,3.247,0.0372333394444444,3.217
0.0374894041666667,3.258,0.0374377702777778,3.247,0.03751137,3.217
0.037767335,3.258,0.0377159816666667,3.247,0.0377891730555556,3.217
0.0380455733333333,3.258,0.0379937611111111,3.247,0.0380670452777778,3.217
0.0383231927777778,3.258,0.0382712497222222,3.247,0.038345025,3.217
0.0386010780555556,3.258,0.0385489486111111,3.258,0.0386228608333333,3.217
0.0388787911111111,3.268,0.0388269708333333,3.247,0.0389006419444444,3.217
0.0391567813888889,3.258,0.0391047327777778,3.258,0.0391782713888889,3.217
0.0394348625,3.268,0.0393825225,3.258,0.0394561138888889,3.217
0.0397133072222222,3.268,0.0396600013888889,3.258,0.0397340983333333,3.227
0.0399909766666667,3.268,0.0399378375,3.258,0.0400120766666667,3.227
0.0402688602777778,3.268,0.0402159752777778,3.258,0.0402896616666667,3.227
0.0405465461111111,3.268,0.0404936186111111,3.258,0.0405673213888889,3.237
0.0408243022222222,3.268,0.0407713147222222,3.258,0.0408453005555556,3.227
0.04110238,3.268,0.0410492230555555,3.258,0.0411231072222222,3.227
0.0413804683333333,3.268,0.04132702,3.258,0.0414010355555555,3.227
0.0416581772222222,3.278,0.0416048927777778,3.258,0.0416787591666667,3.237
0.0419361372222222,3.278,0.0418832963888889,3.258,0.041956635,3.237
0.0422144602777778,3.278,0.0421609030555556,3.268,0.0422343905555555,3.237
0.0424921527777778,3.278,0.0424389661111111,3.268,0.0425123122222222,3.237
0.0427699041666667,3.278,0.0427171330555556,3.268,0.0427900936111111,3.237
0.0430483438888889,3.278,0.0429946975,3.268,0.04306789,3.237
0.0433260011111111,3.278,0.0432730169444444,3.268,0.0433458983333333,3.247
0.0436039969444444,3.278,0.043550995,3.268,0.0436239075,3.247
0.0438818711111111,3.278,0.0438292375,3.268,0.0439017041666667,3.247
0.0441598733333333,3.278,0.0441071633333333,3.268,0.0441797063888889,3.247
0.0444377636111111,3.278,0.0443847975,3.268,0.0444576883333333,3.247
0.0447151455555556,3.278,0.0446626583333333,3.278,0.0447360783333333,3.247
0.0449933436111111,3.288,0.0449404591666667,3.278,0.0450134711111111,3.247
0.0452709672222222,3.288,0.0452185088888889,3.278,0.045291725,3.247
0.0455490113888889,3.288,0.0454964097222222,3.278,0.0455696413888889,3.258
0.0458270752777778,3.288,0.0457741672222222,3.278,0.0458473447222222,3.258
0.0461046291666667,3.288,0.0460522388888889,3.278,0.0461252311111111,3.258
0.0463826183333333,3.288,0.0463299575,3.278,0.0464031347222222,3.258
0.0466605913888889,3.288,0.0466079847222222,3.278,0.0466808758333333,3.258
0.0469382833333333,3.288,0.0468858116666667,3.288,0.04695898,3.258
0.0472162266666667,3.288,0.0471640552777778,3.278,0.0472366430555556,3.258
0.0474940619444444,3.288,0.0474416486111111,3.288,0.0475144538888889,3.258
0.0477721805555556,3.288,0.0477196580555556,3.288,0.0477919397222222,3.258
0.0480499030555556,3.298,0.0479974852777778,3.288,0.0480698458333333,3.258
0.0483276605555556,3.288,0.0482755530555556,3.288,0.0483479491666667,3.268
0.0486056561111111,3.288,0.0485534977777778,3.288,0.048626005,3.258
0.0488834547222222,3.288,0.0488310663888889,3.288,0.0489033369444444,3.258
0.0491614222222222,3.288,0.0491088280555556,3.288,0.0491814911111111,3.268
0.0494392030555556,3.298,0.0493868144444444,3.288,0.0494589788888889,3.268
0.0497173233333333,3.298,0.04966466,3.288,0.0497372105555556,3.268
0.0499953997222222,3.288,0.0499419727777778,3.288,0.0500151780555556,3.268
0.0502734147222222,3.298,0.0502201358333333,3.288,0.0502931352777778,3.268
0.0505510527777778,3.298,0.0504983902777778,3.288,0.0505711405555556,3.268
0.0508289225,3.298,0.0507760127777778,3.288,0.0508490294444445,3.268
0.0511067136111111,3.298,0.0510540488888889,3.288,0.0511267361111111,3.268
0.0513843388888889,3.298,0.0513318875,3.298,0.0514043427777778,3.278
0.0516621883333333,3.298,0.0516096861111111,3.288,0.0516819208333333,3.278
0.0519396736111111,3.298,0.0518877080555556,3.288,0.0519601602777778,3.278
0.0522177730555556,3.298,0.0521652886111111,3.288,0.0522377583333333,3.278
0.0524961475,3.298,0.0524432836111111,3.288,0.0525156144444444,3.278
0.0527737247222222,3.298,0.0527208944444444,3.298,0.0527940883333333,3.278
0.0530514841666667,3.298,0.0529989188888889,3.298,0.0530718575,3.278
0.0533295366666667,3.298,0.0532767438888889,3.298,0.0533496305555556,3.288
0.0536075633333333,3.298,0.0535544508333333,3.298,0.0536274205555556,3.288
0.0538852958333333,3.298,0.0538319269444444,3.298,0.0539053313888889,3.288
0.0541630197222222,3.298,0.0541101094444444,3.298,0.05418325,3.288
0.0544407763888889,3.298,0.0543880511111111,3.298,0.0544608969444444,3.288
0.0547191016666667,3.298,0.0546655766666667,3.298,0.0547387525,3.288
0.0549967883333333,3.298,0.0549436722222222,3.298,0.0550165491666667,3.288
0.0552747547222222,3.298,0.0552214997222222,3.298,0.055293905,3.288
0.0555527077777778,3.298,0.0554988475,3.298,0.0555721386111111,3.288
0.0558304936111111,3.298,0.0557771958333333,3.298,0.0558499861111111,3.288
0.0561082644444444,3.298,0.0560552519444444,3.298,0.0561281002777778,3.288
0.0563862969444444,3.298,0.0563330661111111,3.298,0.0564058422222222,3.288
0.0566641486111111,3.298,0.0566108275,3.298,0.0566838822222222,3.288
0.056941625,3.298,0.056888835,3.298,0.0569618347222222,3.288
0.05721957,3.298,0.0571667761111111,3.298,0.0572395736111111,3.288
0.0574972913888889,3.298,0.0574444691666667,3.298,0.0575171911111111,3.288
0.0577754405555556,3.298,0.0577223383333333,3.298,0.0577950538888889,3.288
0.0580533711111111,3.298,0.0580004430555556,3.298,0.0580731486111111,3.298
0.0583309738888889,3.298,0.058278095,3.298,0.0583513447222222,3.288
0.0586091688888889,3.298,0.0585558491666667,3.298,0.0586291455555556,3.288
0.0588866511111111,3.298,0.0588339975,3.298,0.058907055,3.298
0.0591644594444444,3.298,0.0591121644444444,3.298,0.0591845125,3.298
0.0594423969444444,3.298,0.0593901033333333,3.309,0.0594629572222222,3.288
0.0597204755555556,3.298,0.0596680016666667,3.298,0.0597408833333333,3.298
0.0599983202777778,3.298,0.0599458905555556,3.298,0.0600185366666667,3.288
0.0602762077777778,3.298,0.0602239994444444,3.298,0.0602965061111111,3.298
0.0605539177777778,3.298,0.0605013738888889,3.298,0.0605741230555556,3.298
0.0608317466666667,3.298,0.0607795711111111,3.298,0.0608516613888889,3.298
0.0611095552777778,3.298,0.0610572961111111,3.298,0.0611300161111111,3.298
0.0613877830555556,3.298,0.0613354786111111,3.309,0.0614081547222222,3.298
0.0616654977777778,3.298,0.0616135994444444,3.298,0.0616855691666667,3.298
0.0619432097222222,3.309,0.0618914666666667,3.309,0.0619634211111111,3.298
0.0622209611111111,3.298,0.06216908,3.298,0.0622414713888889,3.298
0.0624987241666667,3.298,0.0624471736111111,3.298,0.0625193427777778,3.298
0.0627765402777778,3.298,0.0627250219444444,3.298,0.0627969516666667,3.298
0.06305444,3.309,0.0630029836111111,3.298,0.0630748183333333,3.298
0.0633326244444444,3.309,0.0632812116666667,3.309,0.0633529513888889,3.298
0.0636106841666667,3.309,0.0635590969444444,3.298,0.0636309936111111,3.298
0.0638882216666667,3.309,0.0638366983333333,3.298,0.0639086877777778,3.298
0.0641666208333333,3.298,0.0641147105555556,3.298,0.0641867047222222,3.298
0.0644445197222222,3.298,0.0643927344444444,3.309,0.0644645908333333,3.298
0.0647223905555556,3.309,0.0646707475,3.309,0.0647421822222222,3.298
0.0649998583333333,3.298,0.06494858,3.298,0.06502049,3.298
0.0652783741666667,3.298,0.0652262108333333,3.309,0.0652983241666667,3.298
0.06555625,3.298,0.0655042869444444,3.309,0.0655763569444444,3.298
0.0658342430555556,3.309,0.0657819152777778,3.309,0.0658541055555556,3.298
0.0661117933333333,3.298,0.0660600572222222,3.298,0.0661322008333333,3.298
0.0663896825,3.298,0.0663380147222222,3.298,0.0664100313888889,3.298
0.0666678877777778,3.309,0.0666159477777778,3.309,0.0666879272222222,3.298
0.0669457747222222,3.309,0.0668933663888889,3.309,0.0669659366666667,3.298
0.0672234661111111,3.309,0.0671717458333333,3.298,0.0672435530555556,3.298
0.0675012861111111,3.309,0.0674492008333333,3.309,0.0675214633333333,3.298
0.0677790194444444,3.298,0.0677272913888889,3.309,0.0677991716666667,3.298
0.0680567311111111,3.298,0.0680052125,3.309,0.0680770483333333,3.298
0.0683351119444444,3.309,0.0682830686111111,3.309,0.0683547886111111,3.298
0.0686127813888889,3.309,0.0685608116666667,3.309,0.0686329211111111,3.298
0.0688905711111111,3.309,0.0688386608333333,3.298,0.068910925,3.298
0.0691689005555556,3.309,0.0691165430555556,3.309,0.0691887097222222,3.298
0.0694467666666667,3.309,0.0693944183333333,3.309,0.0694663227777778,3.298
0.0697248755555556,3.309,0.0696722036111111,3.309,0.0697439236111111,3.298
0.0700027180555556,3.309,0.0699502347222222,3.309,0.0700220644444444,3.309
0.0702806180555555,3.309,0.0702279641666667,3.309,0.0702998530555556,3.309
0.0705581680555556,3.309,0.0705060233333333,3.309,0.0705774052777778,3.309
0.0708360711111111,3.309,0.0707838916666667,3.309,0.0708552447222222,3.309
0.0711140230555556,3.309,0.0710617502777778,3.309,0.0711337580555556,3.309
0.0713917966666667,3.309,0.0713399108333333,3.309,0.071411565,3.298
0.0716700280555555,3.309,0.0716175758333333,3.309,0.0716895333333333,3.298
0.0719478611111111,3.309,0.0718953388888889,3.309,0.0719677152777778,3.298
0.0722255416666667,3.309,0.0721736127777778,3.309,0.0722454552777778,3.298
0.0725033936111111,3.309,0.0724515283333333,3.309,0.0725227708333333,3.309
0.0727812652777778,3.309,0.0727292605555555,3.309,0.0728008005555555,3.298
0.0730592266666667,3.309,0.0730069072222222,3.309,0.0730787644444444,3.298
0.0733373858333333,3.309,0.0732851280555556,3.309,0.0733568588888889,3.298
0.0736151275,3.309,0.0735628066666667,3.309,0.0736342483333333,3.298
0.0738926463888889,3.309,0.0738405819444444,3.309,0.0739126422222222,3.309
0.0741711788888889,3.309,0.0741186825,3.309,0.0741903658333333,3.298
0.0744489202777778,3.309,0.0743964952777778,3.309,0.0744682122222222,3.309
0.0747270047222222,3.309,0.0746746227777778,3.309,0.0747459244444444,3.309
0.0750047647222222,3.309,0.0749523566666667,3.309,0.0750236277777778,3.298
0.0752821172222222,3.309,0.0752305072222222,3.309,0.0753015672222222,3.309
0.0755600102777778,3.309,0.0755084913888889,3.309,0.0755796027777778,3.309
0.0758378933333333,3.309,0.0757863083333333,3.309,0.0758570561111111,3.309
0.0761158922222222,3.309,0.0760646669444445,3.309,0.0761350183333333,3.309
0.0763936869444444,3.309,0.0763427530555556,3.309,0.0764127572222222,3.309
0.0766718594444444,3.309,0.0766203666666667,3.309,0.0766904716666667,3.309
0.076949885,3.309,0.0768984375,3.309,0.0769687102777778,3.309
0.0772276861111111,3.309,0.0771764561111111,3.309,0.0772468708333333,3.309
0.0775054005555556,3.309,0.0774541258333333,3.309,0.0775246572222222,3.309
0.0777829125,3.309,0.0777321522222222,3.309,0.0778026577777778,3.309
0.0780612630555556,3.309,0.0780099283333333,3.309,0.0780804169444444,3.309
0.0783392461111111,3.309,0.0782878238888889,3.309,0.0783584744444445,3.309
0.0786169422222222,3.319,0.0785659386111111,3.309,0.0786361327777778,3.309
0.0788945822222222,3.309,0.0788437733333333,3.309,0.07891393,3.309
0.0791726669444444,3.309,0.0791213744444444,3.309,0.0791919413888889,3.309
0.0794505494444444,3.309,0.0793988675,3.309,0.0794694175,3.309
0.0797285208333333,3.309,0.0796773,3.309,0.0797475202777778,3.309
0.0800063833333333,3.309,0.0799549372222222,3.309,0.0800257083333333,3.309
0.0802842305555556,3.319,0.0802329983333333,3.309,0.0803033763888889,3.309
0.0805617944444444,3.309,0.0805111525,3.309,0.0805811255555556,3.309
0.0808402213888889,3.309,0.0807888861111111,3.309,0.0808593577777778,3.309
0.0811179188888889,3.309,0.0810669033333333,3.309,0.0811373908333333,3.309
0.0813957019444444,3.309,0.0813446705555556,3.309,0.0814154247222222,3.309
0.0816735761111111,3.309,0.0816224611111111,3.309,0.0816937813888889,3.309
0.0819518702777778,3.309,0.0819002563888889,3.309,0.0819713994444444,3.309
0.0822296602777778,3.309,0.0821783002777778,3.319,0.0822490211111111,3.309
0.0825078052777778,3.309,0.0824566469444444,3.309,0.0825272747222222,3.309
0.0827856652777778,3.309,0.0827342647222222,3.309,0.0828049744444444,3.309
0.0830636094444445,3.309,0.0830122011111111,3.319,0.0830828613888889,3.309
0.0833414022222222,3.309,0.0832899138888889,3.309,0.0833610169444444,3.319
0.0836193611111111,3.309,0.0835679,3.309,0.0836385688888889,3.309
0.0838972847222222,3.309,0.0838457541666667,3.319,0.0839165316666667,3.319
0.0841750488888889,3.309,0.0841233161111111,3.309,0.0841943833333333,3.309
0.0844528936111111,3.309,0.0844012925,3.319,0.0844719136111111,3.309
0.08473068,3.309,0.0846793827777778,3.319,0.0847501805555556,3.309
0.0850082758333333,3.319,0.0849576663888889,3.309,0.0850278338888889,3.309
0.0852861569444444,3.319,0.0852354636111111,3.309,0.0853056975,3.309
0.0855640547222222,3.319,0.0855130366666667,3.309,0.08558337,3.309
0.0858423080555556,3.309,0.0857911844444444,3.319,0.0858612786111111,3.309
0.086120215,3.319,0.086068855,3.309,0.0861390741666667,3.309
0.0863981880555556,3.319,0.0863465175,3.309,0.0864173741666667,3.309
0.0866757327777778,3.309,0.0866243630555556,3.319,0.0866949494444444,3.319
0.0869535816666667,3.319,0.086902325,3.309,0.0869728347222222,3.309
0.0872312211111111,3.319,0.0871802044444444,3.309,0.0872506061111111,3.309
0.0875091069444444,3.319,0.0874584422222222,3.319,0.0875281738888889,3.309
0.0877869233333333,3.319,0.0877361602777778,3.319,0.0878060563888889,3.319
0.0880650205555556,3.319,0.0880139452777778,3.309,0.0880841986111111,3.319
0.0883431477777778,3.319,0.0882920208333333,3.319,0.0883617883333333,3.309
0.0886207833333333,3.319,0.0885697005555556,3.319,0.0886395394444445,3.309
0.0888989983333333,3.319,0.0888473830555555,3.319,0.08891773,3.309
0.0891764852777778,3.319,0.0891252025,3.319,0.0891960397222222,3.309
0.08945403,3.319,0.0894030361111111,3.319,0.0894737758333333,3.309
0.0897320583333333,3.319,0.0896811808333333,3.319,0.0897518786111111,3.319
0.0900104091666667,3.319,0.0899593963888889,3.319,0.0900299025,3.309
0.0902877622222222,3.319,0.0902370675,3.319,0.0903072,3.309
0.0905654316666667,3.319,0.0905147077777778,3.319,0.0905850872222222,3.309
0.0908437058333333,3.319,0.0907927097222222,3.319,0.0908628608333333,3.309
0.0911219858333333,3.319,0.0910709688888889,3.319,0.0911408336111111,3.309
0.0913995005555556,3.319,0.09134867,3.319,0.0914187075,3.309
0.0916772894444444,3.319,0.0916264327777778,3.319,0.0916970594444445,3.319
0.0919549580555555,3.319,0.0919045627777778,3.319,0.0919751916666667,3.309
0.0922330944444444,3.319,0.0921821261111111,3.319,0.0922529675,3.319
0.0925108136111111,3.319,0.0924600597222222,3.319,0.0925310538888889,3.319
0.0927885194444445,3.319,0.0927380383333333,3.319,0.0928088925,3.319
0.0930663652777778,3.319,0.0930159105555556,3.319,0.0930866661111111,3.319
0.0933443033333333,3.319,0.0932937602777778,3.319,0.0933645313888889,3.319
0.0936223858333333,3.319,0.0935714144444444,3.319,0.0936420166666667,3.319
0.0938999775,3.319,0.093849325,3.319,0.0939201230555556,3.309
0.0941778791666667,3.319,0.0941274713888889,3.319,0.0941979533333333,3.319
0.0944555644444444,3.319,0.0944049697222222,3.319,0.0944755066666667,3.319
0.0947337336111111,3.319,0.0946831533333333,3.319,0.0947537344444444,3.309
0.0950115155555556,3.319,0.0949614108333333,3.319,0.0950311841666667,3.319
0.095289435,3.319,0.0952393383333333,3.319,0.0953093377777778,3.319
0.0955676127777778,3.319,0.0955168086111111,3.319,0.0955874913888889,3.319
0.0958454483333333,3.319,0.0957947930555556,3.319,0.0958655397222222,3.319
0.0961234747222222,3.319,0.0960726030555556,3.319,0.0961434794444445,3.319
0.0964014122222222,3.319,0.0963503475,3.319,0.0964213166666667,3.319
0.0966794422222222,3.319,0.09662855,3.319,0.0966994527777778,3.319
0.0969573166666667,3.319,0.0969062061111111,3.319,0.0969773572222222,3.319
0.0972352016666667,3.319,0.0971839486111111,3.319,0.0972550366666667,3.319
0.0975132580555556,3.319,0.0974617047222222,3.319,0.0975326280555556,3.319
0.0977911858333333,3.319,0.0977402166666667,3.319,0.0978105827777778,3.319
0.0980690041666667,3.319,0.0980177908333333,3.319,0.0980885422222222,3.319
0.0983466211111111,3.319,0.098295725,3.319,0.0983658555555555,3.319
0.0986244294444445,3.319,0.0985738316666667,3.319,0.0986440794444444,3.319
0.09890191,3.319,0.0988515152777778,3.319,0.0989217411111111,3.319
0.0991799525,3.319,0.0991291619444444,3.319,0.0991997713888889,3.319
0.0994576347222222,3.319,0.0994072972222222,3.319,0.0994777705555556,3.319
0.0997356997222222,3.319,0.0996851433333333,3.319,0.0997553997222222,3.319
0.100013582222222,3.319,0.099962895,3.319,0.100033398888889,3.319
0.100291350555556,3.319,0.100240554444444,3.319,0.100311425555556,3.319
0.100569179722222,3.319,0.1005186375,3.319,0.100589317777778,3.319
0.100847001388889,3.319,0.100796695,3.319,0.100867238888889,3.319
0.101124595,3.319,0.101074968888889,3.319,0.101145176111111,3.319
0.101402448888889,3.319,0.101352365555556,3.319,0.101422775,3.319
0.101680333611111,3.319,0.101630380555556,3.319,0.101701026944444,3.319
0.101958137777778,3.319,0.10190823,3.319,0.101978980833333,3.319
0.102236161666667,3.319,0.1021859675,3.319,0.102256896388889,3.319
0.102513747777778,3.319,0.102464113055556,3.319,0.102534768888889,3.319
0.102791267777778,3.319,0.102742146944444,3.319,0.102812418611111,3.319
0.103069434166667,3.319,0.103020108333333,3.319,0.103090024166667,3.319
0.103346908333333,3.319,0.103297803888889,3.319,0.103368336944444,3.319
0.103625263611111,3.319,0.103575949444444,3.319,0.103646024166667,3.319
0.103903118333333,3.319,0.103853639444444,3.319,0.103924065555556,3.319
0.104180841944444,3.319,0.104131785,3.319,0.104201755555556,3.319
0.1044586725,3.319,0.104409956388889,3.319,0.104479363055556,3.319
0.104736239444444,3.319,0.104687865277778,3.319,0.104757177777778,3.319
0.105014289166667,3.319,0.104965660555556,3.319,0.105035441666667,3.319
0.105292319722222,3.319,0.105243142777778,3.319,0.105313108333333,3.319
0.105570652222222,3.329,0.105521199444444,3.319,0.1055910825,3.319
0.105848368611111,3.319,0.105799365,3.319,0.105869028055556,3.319
0.106126070833333,3.319,0.106077071944444,3.319,0.106146473055556,3.319
0.1064039725,3.319,0.106354758611111,3.329,0.106424376388889,3.319
0.106682230833333,3.319,0.106632925277778,3.319,0.106702901111111,3.319
0.106959894166667,3.319,0.106910782777778,3.319,0.106980229166667,3.319
0.107237542222222,3.319,0.107188940833333,3.319,0.107257878333333,3.319
0.107515447222222,3.329,0.107466390833333,3.319,0.107535666111111,3.319
0.107793276388889,3.319,0.107744534722222,3.319,0.107813574444444,3.319
0.1080709575,3.319,0.108022345,3.329,0.108091562777778,3.319
0.108348567777778,3.319,0.108300030277778,3.319,0.108369253611111,3.319
0.108626650277778,3.319,0.108577728333333,3.329,0.1086473325,3.319
0.108904785833333,3.319,0.108855786388889,3.319,0.10892493,3.319
0.109182295,3.319,0.109133742777778,3.319,0.109202809444444,3.319
0.109459888333333,3.329,0.109411815833333,3.329,0.109480670555556,3.319
0.109737668888889,3.319,0.109689516944444,3.319,0.109758572777778,3.319
0.110016139722222,3.319,0.109967309722222,3.319,0.110036370277778,3.319
0.1102937825,3.319,0.110244985277778,3.329,0.110313838055556,3.319
0.110571734166667,3.319,0.110522735,3.329,0.110591838888889,3.319
0.110849305277778,3.329,0.110801115,3.319,0.110869478055556,3.319
0.111127161388889,3.319,0.111079145555556,3.319,0.1111469375,3.319
0.11140494,3.329,0.111357141388889,3.329,0.111425099166667,3.319
0.111683093611111,3.329,0.111634831388889,3.319,0.1117025525,3.319
0.111960990833333,3.319,0.111912691666667,3.319,0.111980827222222,3.319
0.112238978888889,3.329,0.112190238611111,3.329,0.112258389166667,3.319
0.112516987222222,3.329,0.112468127777778,3.329,0.112536360833333,3.319
0.112795107222222,3.319,0.112746073333333,3.329,0.1128143825,3.319
0.113072709722222,3.329,0.113024085555556,3.329,0.113092158055556,3.319
0.113350126944444,3.319,0.1133020275,3.319,0.113370036666667,3.319
0.1136284875,3.319,0.113580111666667,3.329,0.1136478625,3.319
0.113906658333333,3.329,0.113857991944444,3.329,0.113925514166667,3.319
0.114184409166667,3.329,0.1141355575,3.329,0.114203645277778,3.319
0.114462575555556,3.329,0.114413440555556,3.329,0.114481516388889,3.319
0.114740213333333,3.329,0.114690922222222,3.329,0.114759373611111,3.319
0.115017960277778,3.319,0.114968588333333,3.329,0.115037149444444,3.319
0.115295648888889,3.329,0.115246398333333,3.329,0.115314838055556,3.319
0.115573185555556,3.319,0.115524465277778,3.329,0.115592571388889,3.329
0.115851303611111,3.329,0.115802523611111,3.329,0.115870537777778,3.329
0.116129470277778,3.329,0.116080731944444,3.329,0.11614829,3.329
0.116407114722222,3.329,0.116358633888889,3.329,0.116426426666667,3.329
0.116684862777778,3.329,0.116636567222222,3.329,0.116704535277778,3.329
0.116962431666667,3.329,0.116914257222222,3.329,0.116982509444444,3.319
0.117240198611111,3.329,0.117191903888889,3.329,0.11726025,3.319
0.1175184025,3.329,0.117469684722222,3.329,0.117538019722222,3.329
0.117796665555556,3.329,0.117747629722222,3.329,0.117815900277778,3.329
0.118074415,3.329,0.118025029444444,3.329,0.118093521388889,3.329
0.118352561666667,3.329,0.118303267222222,3.329,0.1183713925,3.329
0.118630399444444,3.329,0.118581178055556,3.329,0.118649457777778,3.329
0.118907664722222,3.329,0.118859131666667,3.329,0.118927305277778,3.329
0.119186136944444,3.329,0.119137177222222,3.329,0.119205117222222,3.329
0.119463833611111,3.329,0.119415125277778,3.329,0.119483258055556,3.329
0.119741883611111,3.329,0.119692772777778,3.329,0.119760560555556,3.329
0.120019839444444,3.329,0.1199709775,3.329,0.120038774722222,3.319
0.120297728055556,3.329,0.120248629722222,3.329,0.120316948055556,3.329
0.120575678333333,3.329,0.120526389722222,3.329,0.120595070277778,3.319
0.120853625,3.329,0.120804094166667,3.329,0.120872703333333,3.329
0.121131268055556,3.329,0.121081983055556,3.329,0.121150521111111,3.329
0.121408888333333,3.329,0.121359755,3.329,0.121428286666667,3.329
0.121686916388889,3.329,0.1216373225,3.329,0.121706072777778,3.329
0.121964761111111,3.329,0.121915240555556,3.329,0.121984043888889,3.329
0.122242643888889,3.329,0.122193278333333,3.329,0.122261813888889,3.329
0.122520240555556,3.329,0.122471174166667,3.329,0.122539369722222,3.329
0.122798485833333,3.329,0.122749035555556,3.329,0.122817224444444,3.329
0.1230762675,3.329,0.123026875555556,3.329,0.123095006666667,3.329
0.123354015277778,3.329,0.123304849722222,3.329,0.123373206944444,3.329
0.123632428611111,3.329,0.123582616944444,3.329,0.123650876944444,3.329
0.123910608611111,3.329,0.123860341944444,3.329,0.123929075,3.329
0.124187913333333,3.329,0.124138221111111,3.329,0.124206648055556,3.329
0.1244657125,3.329,0.124416156944444,3.329,0.124484415,3.329
0.124743603333333,3.329,0.124694077222222,3.329,0.124762163888889,3.329
0.125021365833333,3.329,0.124971650277778,3.329,0.12503971,3.329
0.125299549722222,3.329,0.125249839166667,3.329,0.125317687222222,3.329
0.125577418055556,3.329,0.125527505277778,3.329,0.125595511388889,3.329
0.125855364166667,3.329,0.125805585277778,3.329,0.125873228333333,3.329
0.126133171944444,3.329,0.126083499166667,3.329,0.126151380555556,3.329
0.126411103611111,3.329,0.126360925277778,3.329,0.126428858055556,3.329
0.126688715277778,3.329,0.126639113055556,3.329,0.126706886111111,3.329
0.126966742777778,3.329,0.126916629722222,3.329,0.126985236944444,3.329
0.127244269444444,3.329,0.127194449722222,3.329,0.127263494722222,3.329
0.127522061944444,3.329,0.127472239722222,3.329,0.127541213611111,3.329
0.127799848055556,3.329,0.127750021944444,3.329,0.127819058611111,3.329
0.128077448888889,3.329,0.128027971388889,3.329,0.128096962222222,3.329
0.128355523611111,3.329,0.128305904166667,3.329,0.128374834444444,3.329
0.128633459444444,3.329,0.128583713611111,3.339,0.128652665833333,3.329
0.128911396111111,3.329,0.12886142,3.329,0.128930353611111,3.329
0.129189286666667,3.329,0.129139130277778,3.329,0.129208301666667,3.329
0.129467131388889,3.329,0.129417347777778,3.329,0.129486181666667,3.329
0.129745064166667,3.329,0.129694973055556,3.329,0.129764148055556,3.329
0.130022592777778,3.329,0.129973033611111,3.329,0.130042028055556,3.329
0.130300706666667,3.329,0.130251146388889,3.329,0.130320177777778,3.329
0.130579013611111,3.329,0.1305288675,3.329,0.130598066111111,3.329
0.130856997222222,3.329,0.130807110833333,3.329,0.130876076944444,3.329
0.131134568333333,3.329,0.131084533055556,3.329,0.131153897222222,3.329
0.131412352777778,3.329,0.131362491111111,3.329,0.131432134444444,3.329
0.131690366111111,3.329,0.131640263333333,3.329,0.131710195277778,3.329
0.131967911388889,3.329,0.131917849166667,3.329,0.131987659166667,3.329
0.132245663888889,3.329,0.132196028333333,3.329,0.132265284166667,3.329
0.132523590555556,3.329,0.132474136388889,3.329,0.132543399166667,3.329
0.132801354722222,3.329,0.132752003888889,3.339,0.132820839444444,3.329
0.133079035,3.329,0.133029831666667,3.339,0.1330990625,3.339
0.133356796944444,3.329,0.133307579166667,3.329,0.133377038333333,3.329
0.133634998888889,3.329,0.133585437777778,3.329,0.133654558611111,3.329
0.133913351111111,3.339,0.133863317777778,3.339,0.133932440555556,3.329
0.134191196388889,3.339,0.134141067222222,3.329,0.134210150277778,3.329
0.134468943611111,3.339,0.134419109166667,3.339,0.134488083333333,3.329
0.134746926111111,3.329,0.134697201111111,3.339,0.134766265277778,3.329
0.135024668333333,3.339,0.134974681388889,3.339,0.135043963333333,3.329
0.135302857222222,3.339,0.135252976944444,3.339,0.135321397222222,3.329
0.135580914722222,3.339,0.135531016666667,3.339,0.1355994975,3.329
0.135858575833333,3.339,0.135808904166667,3.339,0.135877390555556,3.329
0.136136293611111,3.339,0.136086770555556,3.339,0.136154945,3.329
0.136414215833333,3.339,0.136364361388889,3.339,0.136433037777778,3.329
0.136692177222222,3.339,0.136642281666667,3.329,0.136710833888889,3.329
0.136970055555556,3.339,0.136919980833333,3.339,0.136988962222222,3.329
0.137248008888889,3.329,0.137198144444444,3.329,0.137266684722222,3.329
0.137525767222222,3.339,0.137475896388889,3.339,0.137544160833333,3.329
0.137803211111111,3.339,0.137753848611111,3.329,0.137822641666667,3.329
0.138081365277778,3.339,0.138032123611111,3.339,0.138100436666667,3.339
0.138358869444444,3.339,0.138309881944444,3.339,0.138378159166667,3.329
0.138636578333333,3.339,0.138587610833333,3.339,0.138655545555556,3.329
0.138914355833333,3.339,0.138865399722222,3.339,0.138933745277778,3.339
0.139192335833333,3.329,0.139143216666667,3.339,0.139211549444444,3.339
0.139470296388889,3.339,0.139421081944444,3.339,0.139489483611111,3.339
0.139748086666667,3.339,0.139698921944444,3.339,0.139767626944444,3.329
0.140025771111111,3.329,0.139977098888889,3.339,0.140045321388889,3.339
0.140303759166667,3.339,0.140254679722222,3.339,0.140323106388889,3.339
0.140581018888889,3.339,0.140532609166667,3.339,0.14060065,3.339
0.140859231111111,3.339,0.140810011944444,3.339,0.140878692777778,3.339
0.141136923055556,3.339,0.1410883675,3.339,0.141156463333333,3.339
0.141414955555556,3.339,0.141365672777778,3.339,0.141434116666667,3.329
0.141693080277778,3.339,0.141643463888889,3.339,0.1417120325,3.339
0.141970680277778,3.339,0.141921411944444,3.339,0.1419898125,3.329
0.142248713333333,3.339,0.142199350277778,3.339,0.142267208333333,3.329
0.142526500277778,3.339,0.142476945555556,3.339,0.142545274722222,3.339
0.142803925,3.339,0.142755158611111,3.339,0.142823345833333,3.329
0.143081665555556,3.339,0.143032886111111,3.339,0.143101288888889,3.329
0.143359333611111,3.339,0.143310575555556,3.339,0.143378958611111,3.339
0.143637117777778,3.339,0.143588824444444,3.339,0.143656796388889,3.329
0.143915148888889,3.339,0.14386686,3.339,0.143934650833333,3.339
0.144192666111111,3.339,0.144144783055556,3.339,0.144212835,3.339
0.144470898611111,3.339,0.144422516111111,3.339,0.144491039166667,3.339
0.144748985833333,3.339,0.144700686666667,3.339,0.144768593611111,3.339
0.145026662222222,3.339,0.144978666388889,3.339,0.145046554722222,3.329
0.1453041825,3.339,0.145256350277778,3.339,0.145324210555556,3.339
0.145582066944444,3.339,0.145534476111111,3.339,0.145601954166667,3.339
0.145859676944444,3.339,0.1458123725,3.339,0.145880192777778,3.339
0.146137787222222,3.339,0.146090427222222,3.339,0.146158019444444,3.339
0.146415783333333,3.339,0.1463680825,3.339,0.146436079166667,3.339
0.146693661944444,3.339,0.146645981944444,3.339,0.146713961388889,3.339
0.146971360833333,3.339,0.146923348055556,3.339,0.146992095277778,3.339
0.147248998611111,3.339,0.147201153888889,3.339,0.147269746944444,3.339
0.147526883333333,3.339,0.147478952777778,3.339,0.147547504444444,3.339
0.147804428333333,3.339,0.147757166666667,3.339,0.147825910833333,3.339
0.148082635277778,3.339,0.148035168611111,3.339,0.148104069166667,3.339
0.148360737777778,3.339,0.148312885,3.339,0.148381922777778,3.339
0.148638640833333,3.339,0.148590635555556,3.339,0.148659513611111,3.339
0.148916457222222,3.339,0.148868528333333,3.339,0.148937722222222,3.339
0.149194355555556,3.339,0.149146506388889,3.339,0.149215776111111,3.339
0.149472175555556,3.339,0.1494240075,3.339,0.149493644444444,3.339
0.149749971388889,3.339,0.149702054444444,3.339,0.149771419166667,3.339
0.150028177777778,3.339,0.149979855833333,3.339,0.150049082222222,3.339
0.150306158333333,3.339,0.150257719722222,3.339,0.150327141388889,3.339
0.150584000277778,3.339,0.150535638333333,3.339,0.150604909166667,3.339
0.150861773888889,3.339,0.150813480277778,3.339,0.150882971388889,3.339
0.151139674444444,3.339,0.151091262222222,3.339,0.151160630277778,3.339
0.15141735,3.339,0.151369396111111,3.339,0.151438721111111,3.339
0.151695291666667,3.339,0.151647309166667,3.339,0.151716275833333,3.339
0.151972877777778,3.339,0.151925035277778,3.339,0.151994106111111,3.339
0.152250792222222,3.339,0.152202629444444,3.339,0.152272308611111,3.339
0.152528917222222,3.339,0.152480664166667,3.339,0.152549958055556,3.339
0.152806636388889,3.339,0.1527584275,3.339,0.152827920277778,3.339
0.153084662222222,3.339,0.153036383333333,3.339,0.153106042222222,3.339
0.153362785277778,3.339,0.153314600555556,3.339,0.153384043333333,3.339
0.153640499444444,3.339,0.153592151666667,3.339,0.153661593888889,3.339
0.153918360833333,3.339,0.153870371388889,3.339,0.153939905,3.339
0.15419622,3.339,0.154147750555556,3.339,0.154217662777778,3.339
0.154473886666667,3.339,0.154426051666667,3.339,0.154495221944444,3.339
0.154751630277778,3.339,0.154703828055556,3.339,0.154773261944444,3.339
0.155029359166667,3.339,0.15498158,3.339,0.155050885,3.339
0.155307176111111,3.339,0.155259528888889,3.339,0.155328617777778,3.339
0.155585487777778,3.339,0.155537171388889,3.339,0.155606650555556,3.339
0.1558633625,3.339,0.155815351111111,3.339,0.155884931666667,3.339
0.156141010555556,3.339,0.156093386388889,3.349,0.156162724166667,3.339
0.1564187675,3.339,0.156371513888889,3.339,0.156440688888889,3.339
0.1566964075,3.339,0.156649282777778,3.339,0.156718535277778,3.339
0.156974548333333,3.339,0.156927196944444,3.339,0.156996601388889,3.339
0.157252445833333,3.339,0.157205135277778,3.339,0.157274181111111,3.339
0.15753053,3.339,0.157483176666667,3.339,0.157552096666667,3.339
0.157808272222222,3.339,0.157761289166667,3.339,0.157829855555556,3.339
0.158086006111111,3.339,0.158038576111111,3.339,0.1581075625,3.339
0.158363863611111,3.339,0.158316960833333,3.339,0.158385632777778,3.339
0.158641783333333,3.339,0.158594636944444,3.339,0.158663378055556,3.339
0.158919757777778,3.339,0.158872373888889,3.339,0.158941567222222,3.339
0.159197552222222,3.339,0.159150314166667,3.339,0.1592193825,3.339
0.1594756325,3.339,0.159428023055556,3.339,0.159497543611111,3.339
0.159753493888889,3.339,0.159706252222222,3.339,0.159775480555556,3.339
0.1600313075,3.339,0.159983928611111,3.339,0.1600530375,3.339
0.160309275833333,3.339,0.160261791666667,3.339,0.160330976111111,3.339
0.160586815277778,3.339,0.160539239166667,3.339,0.160608379444444,3.339
0.160864881388889,3.339,0.160817263611111,3.339,0.160886198055556,3.339
0.161142938333333,3.339,0.161095162777778,3.339,0.161164061666667,3.339
0.161420657222222,3.339,0.161373021111111,3.339,0.161442192777778,3.339
0.161698814166667,3.349,0.1616513325,3.339,0.161720078333333,3.339
0.161976664722222,3.339,0.1619289625,3.339,0.161997853888889,3.339
0.162254906944444,3.349,0.162206839722222,3.339,0.162275766111111,3.339
0.162532628333333,3.339,0.162484419166667,3.339,0.1625540825,3.339
0.162810645833333,3.339,0.162762497777778,3.339,0.162831865555556,3.339
0.163088357777778,3.339,0.163040701944444,3.339,0.163109726944444,3.339
0.1633660675,3.339,0.16331803,3.349,0.163387394444444,3.339
0.163643574444444,3.339,0.163596231666667,3.339,0.163665337777778,3.339
0.163921576944444,3.339,0.163874023611111,3.349,0.16394278,3.339
0.16419935,3.339,0.164151756388889,3.339,0.164220780277778,3.339
0.164477515833333,3.339,0.164429668055556,3.339,0.164499075277778,3.339
0.164755251666667,3.339,0.164707609444444,3.349,0.1647766625,3.339
0.165033173888889,3.349,0.164985443611111,3.349,0.165054888333333,3.339
0.165311158888889,3.339,0.165263455277778,3.339,0.165332685555556,3.339
0.165588465555556,3.339,0.165541120833333,3.339,0.165610373888889,3.339
0.165866681388889,3.349,0.165819114722222,3.349,0.165888484722222,3.339
0.166144415555556,3.339,0.166097095555556,3.339,0.166166628888889,3.349
0.166422111388889,3.339,0.166374551388889,3.339,0.166444177222222,3.339
0.166700094722222,3.339,0.166652484444444,3.349,0.166722302777778,3.349
0.166977691111111,3.349,0.166930681111111,3.339,0.166999970555556,3.339
0.167256158611111,3.339,0.167208574166667,3.349,0.167278259444444,3.339
0.167534265833333,3.349,0.167486386111111,3.349,0.167556266944444,3.339
0.167812143333333,3.349,0.167764205833333,3.349,0.167833970555556,3.339
0.168090117222222,3.349,0.168041942777778,3.339,0.168111615555556,3.339
0.168368305833333,3.349,0.168319930555556,3.349,0.168389350277778,3.339
0.168646026666667,3.349,0.168598139166667,3.349,0.168667222777778,3.339
0.168923714722222,3.339,0.168875829444444,3.349,0.1689451725,3.339
0.169201648055556,3.349,0.169153785277778,3.349,0.169223533611111,3.339
0.1694792475,3.349,0.169431477777778,3.349,0.169501496388889,3.339
0.169757064444444,3.349,0.169709341111111,3.339,0.169779358888889,3.339
0.170035091944444,3.349,0.169987111944444,3.349,0.170057106944444,3.339
0.170313034722222,3.349,0.17026521,3.349,0.170335044722222,3.349
0.170590958055556,3.349,0.170542981388889,3.349,0.170612694166667,3.339
0.170869106944444,3.349,0.170820788333333,3.349,0.170890503333333,3.339
0.171146999444444,3.349,0.171098690277778,3.349,0.171168287777778,3.339
0.171424943333333,3.349,0.171376544722222,3.349,0.171446024444444,3.349
0.171702640555556,3.349,0.171654155555556,3.349,0.171723829444444,3.339
0.171980620277778,3.339,0.171931924722222,3.349,0.172001563888889,3.339
0.172258440555556,3.349,0.172209411111111,3.349,0.172279866388889,3.339
0.172536340277778,3.349,0.172487661944444,3.349,0.172557474166667,3.339
0.172814060277778,3.349,0.172765396388889,3.349,0.172835590277778,3.349
0.173091574722222,3.349,0.173043223611111,3.349,0.173113395277778,3.349
0.173369820833333,3.349,0.173320985555556,3.349,0.173391511666667,3.349
0.173647811666667,3.349,0.173598863055556,3.349,0.173669400277778,3.349
0.173925439722222,3.349,0.173876636666667,3.349,0.173947208055556,3.339
0.174203215833333,3.349,0.174154732777778,3.349,0.174224950833333,3.339
0.174481112222222,3.349,0.174432719166667,3.349,0.174502801388889,3.349
0.174758697777778,3.349,0.174710321111111,3.349,0.174780619722222,3.349
0.175036785,3.349,0.174988228611111,3.349,0.175058398333333,3.349
0.175314454166667,3.349,0.175265812777778,3.349,0.175336426944444,3.349
0.175592393611111,3.349,0.175544084722222,3.349,0.175614308333333,3.349
0.175870312777778,3.349,0.175821654444444,3.349,0.175891927222222,3.349
0.176147634166667,3.349,0.176099153055556,3.349,0.176169499722222,3.349
0.176425883055556,3.349,0.176377292777778,3.349,0.176447790555556,3.349
0.1767034475,3.349,0.176655333888889,3.349,0.176725750555556,3.349
0.176981390277778,3.349,0.176933338611111,3.349,0.177003201111111,3.349
0.177259240277778,3.349,0.177211249444444,3.349,0.177280886388889,3.349
0.177536804166667,3.349,0.177488716944444,3.349,0.177558745555556,3.349
0.177814595833333,3.349,0.177767110277778,3.349,0.177836887777778,3.349
0.178092360833333,3.349,0.178045147222222,3.349,0.178114764722222,3.349
0.1783703475,3.349,0.178323228055556,3.349,0.178392671944444,3.339
0.1786485125,3.349,0.178600973333333,3.349,0.178670556944444,3.349
0.178926636111111,3.349,0.178878771111111,3.349,0.178948588333333,3.349
0.179204282222222,3.349,0.179156972222222,3.349,0.179226433611111,3.349
0.179482090555556,3.349,0.179434783888889,3.349,0.179504290555556,3.349
0.179760066111111,3.349,0.179712736944444,3.349,0.179782121111111,3.349
0.180038007777778,3.349,0.179990255833333,3.349,0.180060469444444,3.349
0.180315706111111,3.349,0.180268279444444,3.349,0.180338048055556,3.349
0.180593351388889,3.349,0.180546190833333,3.349,0.180615952777778,3.349
0.180871310833333,3.349,0.180824086388889,3.349,0.180894078888889,3.349
0.181149154722222,3.349,0.181101646944444,3.349,0.181171708611111,3.349
0.181427022222222,3.349,0.181379216111111,3.349,0.1814495,3.349
0.181704311111111,3.349,0.181657395,3.349,0.181727275833333,3.349
0.1819825575,3.349,0.181934955,3.349,0.182005214166667,3.349
0.182260404722222,3.349,0.182213134722222,3.349,0.182282758055556,3.349
0.182538334166667,3.349,0.182490849166667,3.349,0.182560586666667,3.349
0.182816345277778,3.349,0.182768452777778,3.349,0.182838420555556,3.349
0.183094323055556,3.349,0.183046325277778,3.349,0.183116217777778,3.349
0.18337262,3.349,0.183324021666667,3.349,0.183394350833333,3.349
0.183650514444444,3.349,0.183601746111111,3.349,0.183672059166667,3.349
0.183928662222222,3.349,0.183879893888889,3.349,0.18394991,3.349
0.184206584444444,3.349,0.184157491111111,3.349,0.184227552777778,3.349
0.184484502777778,3.349,0.184435619444444,3.349,0.184505325833333,3.349
0.184761896388889,3.349,0.1847137675,3.349,0.184783265833333,3.349
0.185040308055556,3.349,0.184991350277778,3.349,0.185061324722222,3.349
0.185318469722222,3.349,0.185269581666667,3.349,0.185338925833333,3.349
0.185596196666667,3.349,0.185547533055556,3.349,0.185616690555556,3.349
0.185874148888889,3.349,0.185825313333333,3.349,0.185894550277778,3.349
0.1861523925,3.349,0.186103101111111,3.349,0.1861722625,3.349
0.186430554722222,3.349,0.186380965,3.349,0.186450386388889,3.349
0.186708176388889,3.349,0.18665859,3.349,0.186727754722222,3.349
0.186986034722222,3.349,0.186936475555556,3.349,0.187006034444444,3.349
0.187263528055556,3.36,0.187214188888889,3.349,0.187283338333333,3.349
0.187541666944444,3.349,0.187491923888889,3.36,0.1875616325,3.349
0.187819565833333,3.349,0.18777012,3.349,0.187839396666667,3.349
0.188097315277778,3.349,0.188047793888889,3.349,0.188117687777778,3.349
0.188375480833333,3.349,0.188325951666667,3.349,0.188395041944444,3.349
0.188653271944444,3.349,0.188603588333333,3.349,0.188673083611111,3.349
0.188930697222222,3.36,0.188881491944444,3.36,0.188951243333333,3.349
0.189208598888889,3.349,0.189159581111111,3.349,0.1892290625,3.349
0.189486804444444,3.349,0.189436917777778,3.349,0.189507108055556,3.349
0.189764364722222,3.349,0.189714795277778,3.349,0.189784472777778,3.349
0.190042363333333,3.349,0.189992966388889,3.349,0.19006272,3.349
0.190320471666667,3.349,0.190270823611111,3.349,0.190340865833333,3.349
0.190598506666667,3.349,0.190548850833333,3.349,0.190618693611111,3.349
0.190876483611111,3.349,0.190826804722222,3.349,0.190896371388889,3.349
0.191154498333333,3.36,0.191104251666667,3.349,0.191174443055556,3.349
0.191432584444444,3.349,0.191381899722222,3.349,0.191452770277778,3.349
0.191710232777778,3.36,0.191660164722222,3.349,0.191730496111111,3.349
0.1919879725,3.349,0.191938131111111,3.349,0.192008701388889,3.349
0.192265700833333,3.349,0.1922158175,3.36,0.192286169166667,3.349
0.192543531111111,3.349,0.192493499444444,3.36,0.192564531388889,3.349
0.192821831944444,3.349,0.192771450833333,3.349,0.192842236944444,3.349
0.193099531388889,3.36,0.1930492075,3.349,0.193120016944444,3.349
0.193377237777778,3.349,0.193327070555556,3.349,0.193397803333333,3.349
0.193655501111111,3.36,0.1936049275,3.36,0.193675594166667,3.349
0.193932905833333,3.349,0.193883159444444,3.36,0.193953306944444,3.349
0.194211375555556,3.349,0.194160994444444,3.36,0.194231616944444,3.349
0.1944889525,3.36,0.194438718611111,3.36,0.194509625277778,3.349
0.194766839166667,3.349,0.194716378888889,3.36,0.194787414166667,3.36
0.195044493333333,3.36,0.194994311388889,3.36,0.1950648825,3.349
0.195322367777778,3.36,0.1952722975,3.36,0.195342800277778,3.349
0.195600191666667,3.36,0.195550019722222,3.36,0.195620842777778,3.349
0.195877923055556,3.349,0.195827869444444,3.36,0.195898626944444,3.349
0.196155753611111,3.36,0.196105530555556,3.36,0.196176137777778,3.349
0.196433430555556,3.36,0.196383444722222,3.36,0.196454113611111,3.349
0.1967113125,3.36,0.1966612125,3.36,0.196732039166667,3.36
0.196989509722222,3.36,0.196939185,3.36,0.197009853888889,3.36
0.197267855833333,3.349,0.197216886944444,3.36,0.197287536944444,3.349
0.197545434722222,3.36,0.197494601944444,3.36,0.197564983888889,3.349
0.197823416666667,3.36,0.197772610833333,3.36,0.197842948055556,3.36
0.198101681944444,3.36,0.198050265277778,3.36,0.198120983611111,3.349
0.198379358055556,3.36,0.198327760555556,3.36,0.198398569722222,3.349
0.198657016111111,3.36,0.198605873611111,3.36,0.198676348611111,3.36
0.198935431111111,3.36,0.198883955833333,3.36,0.198953855833333,3.36
0.199213372222222,3.36,0.199161923888889,3.36,0.199232145555556,3.349
0.199491006944444,3.36,0.199439998611111,3.36,0.199510236944444,3.36
0.199769300833333,3.36,0.1997178175,3.36,0.199788028055556,3.36
0.200047195833333,3.36,0.199995293333333,3.36,0.200065655,3.36
0.200324778888889,3.36,0.200273419166667,3.36,0.200343448611111,3.36
0.200602772777778,3.36,0.200551111944444,3.36,0.200621590833333,3.36
0.200880720277778,3.36,0.200828993888889,3.36,0.200899341944444,3.36
0.201158773611111,3.36,0.201106348333333,3.36,0.201177312777778,3.349
0.201436622222222,3.36,0.201384621388889,3.36,0.201454768055556,3.349
0.201714449444444,3.36,0.201662701944444,3.36,0.201732470555556,3.36
0.201992092777778,3.36,0.201940224444444,3.36,0.202010510277778,3.36
0.202269820833333,3.36,0.202218308888889,3.36,0.2022884725,3.36
0.202547577222222,3.36,0.202496256388889,3.36,0.202565792777778,3.36
0.202825733611111,3.36,0.202774057222222,3.36,0.202843805,3.36
0.203103667222222,3.36,0.203052011111111,3.36,0.203121636944444,3.36
0.203381351111111,3.36,0.203329865,3.36,0.203399573888889,3.36
0.203659140277778,3.36,0.203607708333333,3.36,0.203677300277778,3.36
0.203936914722222,3.36,0.203885705833333,3.36,0.203955655277778,3.36
0.204214621388889,3.36,0.204163560555556,3.36,0.204233345833333,3.349
0.20449248,3.36,0.204441437222222,3.36,0.2045110775,3.36
0.204770634166667,3.36,0.204719317222222,3.36,0.204788705833333,3.36
0.205048458888889,3.36,0.204996806388889,3.36,0.205066950555556,3.36
0.205326486111111,3.36,0.205274843333333,3.36,0.205344595555556,3.36
0.205604230555556,3.36,0.205552625277778,3.36,0.205622298333333,3.36
0.205882153611111,3.36,0.205830432222222,3.36,0.20590033,3.36
0.206160067222222,3.36,0.206108012777778,3.36,0.206178056666667,3.36
0.206437694166667,3.36,0.206386096111111,3.36,0.206455750833333,3.36
0.206715562222222,3.36,0.206663866944444,3.36,0.206733763611111,3.36
0.206993385833333,3.36,0.206941693055556,3.36,0.207011388055556,3.36
0.207270999722222,3.36,0.207219746944444,3.36,0.207288846944444,3.36
0.207548557777778,3.36,0.207497821111111,3.37,0.207567038888889,3.349
0.207826533333333,3.36,0.207775586944444,3.36,0.207844921111111,3.36
0.208104343611111,3.36,0.208053641111111,3.36,0.208122581111111,3.36
0.208382107777778,3.36,0.208331498888889,3.36,0.208400456666667,3.36
0.208660242777778,3.36,0.208609685,3.36,0.208678571388889,3.36
0.208938003333333,3.36,0.208887670555556,3.36,0.2089560925,3.36
0.2092157325,3.36,0.209165099722222,3.36,0.209233925555556,3.36
0.209493808611111,3.36,0.209443073888889,3.36,0.209511694444444,3.36
0.209771499444444,3.36,0.209720907222222,3.36,0.2097894825,3.36
0.210049447222222,3.36,0.209998826388889,3.36,0.210067339444444,3.36
0.210327445833333,3.36,0.210276540833333,3.36,0.210345458333333,3.36
0.210605243888889,3.36,0.210554468611111,3.36,0.210623364444444,3.36
0.210883155555556,3.36,0.210832198333333,3.36,0.210901064444444,3.36
0.211160995555556,3.36,0.21111046,3.37,0.2111791925,3.36
0.211439146388889,3.36,0.2113880875,3.36,0.211457,3.36
0.211716994166667,3.36,0.211665929166667,3.36,0.211734972222222,3.36
0.211994600277778,3.36,0.211943689722222,3.36,0.212013134722222,3.36
0.212272483888889,3.36,0.2122214375,3.36,0.212290567222222,3.36
0.212550365,3.37,0.212499251111111,3.37,0.212568833888889,3.36
0.212828483333333,3.36,0.2127771575,3.37,0.212846501111111,3.36
0.213106331666667,3.36,0.213055047222222,3.36,0.213124268611111,3.36
0.213383786944444,3.36,0.213332813888889,3.36,0.213401984722222,3.36
0.213661533611111,3.36,0.2136110525,3.36,0.213679721944444,3.36
0.213939582777778,3.36,0.213888826388889,3.36,0.213957431944444,3.36
0.214217468055556,3.36,0.214166605,3.36,0.214235318055556,3.36
0.214495455,3.36,0.214444906666667,3.37,0.214513479166667,3.36
0.214773575555556,3.36,0.214722414166667,3.37,0.214791415833333,3.36
0.215051598333333,3.36,0.215000315555556,3.37,0.215069203888889,3.36
0.215329513333333,3.37,0.215278296666667,3.37,0.215347240833333,3.36
0.215607280833333,3.36,0.215556478888889,3.36,0.215625141388889,3.36
0.215884851111111,3.36,0.215834296944444,3.36,0.215902906944444,3.36
0.216163221388889,3.36,0.216111947222222,3.36,0.216180524166667,3.36
0.216440851666667,3.36,0.216389545277778,3.36,0.216458636944444,3.36
0.216718975833333,3.36,0.216667608333333,3.36,0.2167366225,3.36
0.216996518333333,3.36,0.216945393055556,3.36,0.217014044166667,3.36
0.217274442777778,3.36,0.217222776388889,3.36,0.217292441111111,3.36
0.217552176666667,3.36,0.217501179166667,3.36,0.217570002777778,3.36
0.217830250555556,3.37,0.217779126388889,3.36,0.21784787,3.37
0.218108014444444,3.36,0.218056878888889,3.36,0.218125466944444,3.36
0.218385819166667,3.36,0.218334808888889,3.36,0.218403499166667,3.36
0.218663788055556,3.36,0.218612714444444,3.37,0.218681136111111,3.36
0.218941778888889,3.37,0.218890695833333,3.36,0.218959079166667,3.36
0.219219770555556,3.36,0.219168384166667,3.36,0.219237174722222,3.36
0.219497381388889,3.36,0.219446076944444,3.37,0.219515336944444,3.36
0.219775298611111,3.37,0.219723962222222,3.37,0.219793016111111,3.36
0.220053220555556,3.36,0.220001808611111,3.37,0.220071061388889,3.36
0.220330782222222,3.36,0.220279458333333,3.36,0.220348969444444,3.36
0.22060899,3.36,0.220557810833333,3.36,0.220626564722222,3.36
0.220886525555556,3.37,0.220835676944444,3.36,0.220904266944444,3.37
0.221164829166667,3.36,0.221113448333333,3.36,0.221182135,3.36
0.221442124444444,3.37,0.221391130555556,3.37,0.221460096944444,3.36
0.221720418611111,3.37,0.221669009722222,3.37,0.221737998055556,3.36
0.221997999166667,3.36,0.221946538333333,3.36,0.222015509166667,3.36
0.222275957222222,3.37,0.222224486388889,3.37,0.222293227777778,3.36
0.222553686666667,3.37,0.222502231666667,3.37,0.222571123611111,3.36
0.222831425,3.37,0.222780218611111,3.36,0.222849090277778,3.36
0.223109303055556,3.37,0.223057855,3.37,0.223126753333333,3.37
0.223387146111111,3.36,0.223335531388889,3.37,0.223404429444444,3.37
0.223665003888889,3.37,0.223613491944444,3.37,0.223682466111111,3.36
0.22394288,3.37,0.223891094722222,3.37,0.223960739166667,3.36
0.224220941944444,3.36,0.224168935555556,3.36,0.224238728055556,3.36
0.224498727222222,3.37,0.224446827222222,3.37,0.224516503055556,3.37
0.224776549166667,3.37,0.224724299444444,3.36,0.2247941425,3.36
0.225054364722222,3.37,0.225002044722222,3.37,0.225071810555556,3.36
0.225332160555556,3.37,0.225279750555556,3.37,0.225349926111111,3.36
0.225610649444444,3.37,0.225557989722222,3.37,0.225627705833333,3.37
0.2258879375,3.36,0.225835675555556,3.37,0.225905524722222,3.36
0.226166011111111,3.37,0.226113708055556,3.36,0.226183341666667,3.36
0.226444038611111,3.37,0.226391369166667,3.37,0.226461373333333,3.36
0.226721947222222,3.37,0.226669505,3.36,0.226739172222222,3.37
0.227000311388889,3.37,0.226947181666667,3.37,0.227017084444444,3.36
0.227278198888889,3.37,0.227225248611111,3.37,0.227294811388889,3.37
0.227556165277778,3.37,0.227502989166667,3.37,0.227572671666667,3.36
0.227833961944444,3.37,0.2277808275,3.37,0.227850498055556,3.37
0.228111708888889,3.37,0.228058580277778,3.37,0.228128438055556,3.36
0.228389053611111,3.37,0.228336698888889,3.37,0.228406103611111,3.37
0.228667078888889,3.37,0.228614585555556,3.37,0.228684258888889,3.36
0.228945044444444,3.37,0.228892480277778,3.37,0.228962168611111,3.37
0.229222915,3.37,0.229170259722222,3.37,0.229239723055556,3.37
0.229500691111111,3.37,0.229447763333333,3.37,0.229517861944444,3.36
0.2297782475,3.37,0.229726228888889,3.37,0.229795886388889,3.37
0.230056670555556,3.37,0.230003846111111,3.37,0.230073791388889,3.37
0.230334434722222,3.37,0.230281616944444,3.37,0.23035139,3.37
0.230612250833333,3.37,0.230559382777778,3.37,0.230629002777778,3.37
0.230889865,3.37,0.230837429722222,3.37,0.23090719,3.37
0.231167622222222,3.37,0.231115399444444,3.37,0.231184824444444,3.37
0.231445582222222,3.37,0.231392888333333,3.37,0.2314627025,3.37
0.231723273611111,3.37,0.231670890833333,3.37,0.231741068888889,3.37
0.232001140277778,3.37,0.231948933055556,3.37,0.232019008055556,3.37
0.232279124444444,3.37,0.232226916944444,3.37,0.232296887222222,3.37
0.232556973888889,3.37,0.232504440555556,3.37,0.232574448055556,3.37
0.232834501111111,3.37,0.232782668611111,3.37,0.232852745,3.37
0.233112439444444,3.37,0.233060299722222,3.37,0.233130777777778,3.37
0.233390636111111,3.37,0.233338013888889,3.37,0.233408779444444,3.37
0.233668158055556,3.37,0.233615903333333,3.37,0.233686082222222,3.37
0.233945807222222,3.37,0.233893658055556,3.37,0.233964099444444,3.37
0.234223779444444,3.37,0.234171764166667,3.37,0.234242108055556,3.37
0.2345015975,3.37,0.234449328333333,3.37,0.234519620555556,3.37
0.23477998,3.37,0.234727289444444,3.37,0.234797667777778,3.37
0.23505829,3.37,0.235005446944444,3.37,0.235075553333333,3.37
0.235335995833333,3.37,0.235283421388889,3.37,0.235353440555556,3.36
0.235613784444444,3.37,0.235561203333333,3.37,0.235631643333333,3.37
0.235891513611111,3.37,0.235839236944444,3.37,0.235909454166667,3.37
0.236169834166667,3.37,0.236116956111111,3.37,0.236187411388889,3.37
0.236447528333333,3.37,0.236394426944444,3.37,0.236465005833333,3.37
0.236725927777778,3.37,0.236672498888889,3.37,0.236742727777778,3.37
0.237003506944444,3.37,0.236950350833333,3.37,0.237020638888889,3.37
0.237281195,3.37,0.237228530555556,3.37,0.237298379444444,3.37
0.237559139166667,3.37,0.23750612,3.37,0.237576088333333,3.37
0.237836997222222,3.37,0.237784099166667,3.37,0.237854359444444,3.37
0.238115120277778,3.37,0.238061963611111,3.37,0.238131978611111,3.37
0.238393361388889,3.37,0.238340075277778,3.37,0.238409834722222,3.37
0.238670985555556,3.37,0.238617839166667,3.37,0.238687637777778,3.36
0.238948989722222,3.37,0.238895560277778,3.37,0.238965403055556,3.37
0.239226676388889,3.37,0.2391734525,3.37,0.239242926944444,3.37
0.239505079722222,3.37,0.239451025833333,3.37,0.239521318055556,3.37
0.239782682777778,3.37,0.239728583888889,3.37,0.23979883,3.37
0.240060741111111,3.37,0.2400069275,3.37,0.240076639166667,3.37
0.240339003611111,3.37,0.240284815833333,3.37,0.240354410833333,3.37
0.240616569444444,3.37,0.240562698333333,3.37,0.240632452222222,3.37
0.240894647777778,3.37,0.240840755833333,3.37,0.240910341666667,3.37
0.241172538611111,3.37,0.241118642777778,3.37,0.241188127777778,3.37
0.241450586944444,3.37,0.241396414166667,3.37,0.241466035,3.37
0.241728443333333,3.37,0.24167412,3.37,0.241743583888889,3.37
0.242006414722222,3.37,0.241952380555556,3.37,0.242021964722222,3.37
0.242284315833333,3.37,0.242229765277778,3.37,0.242299804166667,3.37
0.242562183333333,3.37,0.242507695,3.37,0.242577972222222,3.37
0.242839651944444,3.37,0.242785544444444,3.37,0.2428554575,3.37
0.243117840555556,3.37,0.243063010555556,3.37,0.243133328888889,3.37
0.243395474166667,3.37,0.243341212777778,3.37,0.243411487222222,3.37
0.243673663055556,3.37,0.243619038888889,3.37,0.243689828055556,3.37
0.243951408055556,3.37,0.243896816944444,3.37,0.2439676,3.37
0.244229185277778,3.37,0.244174633888889,3.37,0.244245055277778,3.37
0.244506893888889,3.37,0.244452500833333,3.37,0.2445227625,3.37
0.244784922777778,3.37,0.244730746388889,3.37,0.244800964722222,3.37
0.245062985,3.37,0.245008605277778,3.37,0.245079094722222,3.37
0.245340649722222,3.37,0.245286381388889,3.37,0.245356918888889,3.37
0.245618757777778,3.37,0.245564208055556,3.37,0.245634949444444,3.37
0.245896715555556,3.37,0.245841890833333,3.37,0.2459127675,3.37
0.246174511944444,3.37,0.246119928611111,3.37,0.246190814166667,3.37
0.246451931111111,3.37,0.2463980325,3.37,0.246468895555556,3.37
0.2467299975,3.37,0.246676297222222,3.37,0.246746805555556,3.37
0.247007776388889,3.37,0.2469538375,3.37,0.247024686944444,3.37
0.247285905555556,3.37,0.247231796388889,3.37,0.247302521388889,3.37
0.247563977222222,3.37,0.247509423055556,3.37,0.247580431666667,3.37
0.247841743055556,3.37,0.247787399444444,3.37,0.247858553611111,3.37
0.248119630277778,3.37,0.248065231944444,3.37,0.248136036111111,3.37
0.2483974425,3.38,0.248343113333333,3.37,0.248414057777778,3.37
0.248675214166667,3.37,0.248620961111111,3.37,0.248691786666667,3.37
0.248953295555556,3.37,0.248898824166667,3.37,0.248969850833333,3.37
0.249231466111111,3.37,0.249176709444444,3.37,0.249247618055556,3.37
0.249509118333333,3.37,0.2494545425,3.37,0.249525408611111,3.37
0.249787000833333,3.37,0.249732229444444,3.38,0.249803084722222,3.37
0.250064838888889,3.37,0.250010273055556,3.37,0.250081258333333,3.37
0.250342627777778,3.37,0.250288533888889,3.37,0.250358969166667,3.37
0.250620894444444,3.37,0.250565808611111,3.37,0.250637131944444,3.37
0.250898300555556,3.37,0.250844029722222,3.37,0.250914862777778,3.37
0.2511763325,3.37,0.25112143,3.38,0.251192339722222,3.38
0.251454424166667,3.37,0.251399729444444,3.38,0.251470389444444,3.37
0.2517320725,3.37,0.251677936388889,3.37,0.251747900833333,3.37
0.25200985,3.37,0.251955468888889,3.38,0.252026310277778,3.37
0.2522877,3.37,0.252233536388889,3.37,0.252303978333333,3.37
0.252565865277778,3.37,0.2525111175,3.37,0.252582100833333,3.37
0.252843781388889,3.37,0.252789589444444,3.37,0.252859954722222,3.37
0.253122033888889,3.37,0.253067685555556,3.37,0.253138177222222,3.37
0.253399460833333,3.37,0.253345667222222,3.37,0.253416321666667,3.37
0.253677296666667,3.37,0.253623425277778,3.37,0.253693893888889,3.37
0.253955158333333,3.37,0.253901296388889,3.37,0.253971562222222,3.37
0.254233061388889,3.37,0.254179495833333,3.38,0.254249921111111,3.37
0.254510859166667,3.37,0.254457100555556,3.38,0.254528180277778,3.37
0.2547884725,3.37,0.254734679444444,3.37,0.254806345,3.37
0.255066661111111,3.38,0.255012876111111,3.38,0.255083993888889,3.37
0.255344317222222,3.37,0.255290573888889,3.38,0.255361957222222,3.37
0.255622032222222,3.37,0.255568519444444,3.38,0.255640091388889,3.37
0.255900051388889,3.37,0.255846426388889,3.38,0.255917720833333,3.37
0.256177897222222,3.37,0.256124237777778,3.37,0.256195651666667,3.37
0.256455725833333,3.37,0.256402255277778,3.37,0.256473230555556,3.37
0.256733679166667,3.37,0.256680239166667,3.37,0.256751140555556,3.37
0.257011020833333,3.37,0.25695852,3.37,0.257028791111111,3.37
0.257288903611111,3.37,0.257236274444444,3.38,0.257306355,3.37
0.257567033333333,3.37,0.257513593055556,3.37,0.257584227777778,3.37
0.257845010833333,3.37,0.257791378611111,3.37,0.257862303333333,3.37
0.258122856944444,3.37,0.258069576388889,3.38,0.258140121388889,3.37
0.258400157777778,3.37,0.258347530833333,3.37,0.258418342222222,3.37
0.2586780975,3.38,0.258625650277778,3.38,0.258696287777778,3.37
0.258956183611111,3.37,0.258903916944444,3.38,0.258973981388889,3.37
0.259233940833333,3.37,0.259182096666667,3.38,0.259251812222222,3.37
0.259511394166667,3.38,0.259459408055556,3.38,0.259529979722222,3.37
0.259789529166667,3.37,0.259737511666667,3.37,0.259808300555556,3.37
0.260067278611111,3.37,0.260015545277778,3.38,0.260086177777778,3.37
0.260345132777778,3.37,0.2602933475,3.38,0.260364078333333,3.37
0.260623030277778,3.38,0.260571166388889,3.38,0.260641638055556,3.37
0.260900770555556,3.37,0.260849113055556,3.38,0.260919245555556,3.38
0.261178902222222,3.37,0.261127132222222,3.37,0.261197248611111,3.37
0.261456675,3.38,0.261404707777778,3.38,0.261475226111111,3.37
0.261734373888889,3.37,0.261682847222222,3.38,0.261753230277778,3.37
0.262012518611111,3.37,0.261960592777778,3.37,0.262030994722222,3.37
0.262290381111111,3.37,0.262238471111111,3.37,0.262308681111111,3.37
0.262568729444444,3.37,0.262515807777778,3.38,0.262586781388889,3.37
0.26284652,3.38,0.262794057777778,3.38,0.262864739722222,3.38
0.263124460833333,3.38,0.263071704166667,3.38,0.2631427375,3.37
0.263402324166667,3.38,0.263349650833333,3.37,0.263420996666667,3.38
0.263679995555556,3.38,0.263627508611111,3.38,0.263698646944444,3.37
0.263957960277778,3.38,0.263905605277778,3.38,0.263976299722222,3.37
0.264235813333333,3.38,0.264183484444444,3.38,0.264254152777778,3.37
0.264513905555556,3.38,0.264461546666667,3.38,0.264532216666667,3.38
0.264791598611111,3.38,0.264739403055556,3.38,0.2648099575,3.37
0.265069703611111,3.37,0.265017558333333,3.38,0.265087783055556,3.38
0.265347342777778,3.37,0.265295380833333,3.37,0.265365591111111,3.38
0.265625389444444,3.37,0.26557339,3.38,0.265643576388889,3.37
0.265903045,3.38,0.265851087222222,3.38,0.265921501388889,3.38
0.266180962222222,3.38,0.266128868055556,3.38,0.266199345555556,3.37
0.266458841111111,3.38,0.266406845555556,3.38,0.266477234166667,3.37
0.266736893888889,3.38,0.266684708055556,3.38,0.266755006388889,3.38
0.267014783888889,3.37,0.266962489722222,3.38,0.267033009444444,3.38
0.267292767222222,3.38,0.267240251388889,3.38,0.267311101944444,3.38
0.267570436111111,3.38,0.267518201666667,3.38,0.267589071666667,3.38
0.26784825,3.37,0.267795734166667,3.38,0.267866835555556,3.37
0.268126156944444,3.38,0.268073598611111,3.38,0.268144541111111,3.38
0.268403921944444,3.38,0.268351545,3.38,0.268422243888889,3.38
0.268681762777778,3.38,0.268629307222222,3.38,0.268700097222222,3.38
0.268959758333333,3.38,0.268907091944444,3.38,0.268978220277778,3.38
0.269237400555556,3.38,0.269185297222222,3.38,0.2692559675,3.38
0.2695156325,3.38,0.269463130833333,3.38,0.269533293888889,3.38
0.269793183888889,3.37,0.26974127,3.38,0.269811521666667,3.38
0.270071169166667,3.38,0.270019412777778,3.38,0.270089186111111,3.38
0.270348862222222,3.37,0.270297251944444,3.38,0.270366970277778,3.38
0.2706265425,3.38,0.270575243055556,3.38,0.270644699166667,3.37
0.27090456,3.37,0.270853173611111,3.38,0.270922826666667,3.37
0.271181831111111,3.37,0.271131087777778,3.38,0.271200893055556,3.38
0.271460056111111,3.37,0.271408984722222,3.38,0.271478901111111,3.38
0.271738323888889,3.38,0.271687078055556,3.38,0.271756884722222,3.38
0.272016024444444,3.37,0.271964960555556,3.38,0.2720349425,3.38
0.272294171388889,3.38,0.272243219166667,3.38,0.272312896944444,3.38
0.272571851666667,3.38,0.272521054444444,3.38,0.272590473888889,3.37
0.272849633333333,3.37,0.272798859722222,3.38,0.27286825,3.38
0.273127959722222,3.38,0.273076428055556,3.38,0.273146138055556,3.38
0.273405754444444,3.38,0.273354653333333,3.38,0.273424016944444,3.38
0.273683570277778,3.38,0.273632246944444,3.38,0.273701734166667,3.38
0.273961833333333,3.37,0.273910360833333,3.38,0.273979558055556,3.38
0.274239468888889,3.38,0.274188494166667,3.38,0.274257395833333,3.38
0.274517244166667,3.38,0.274466156388889,3.38,0.274535720277778,3.38
0.274795104722222,3.38,0.274743772777778,3.38,0.2748134425,3.38
0.275073083333333,3.38,0.275021894722222,3.38,0.275091137222222,3.38
0.275350876111111,3.38,0.275300145277778,3.38,0.275368774722222,3.38
0.275628388055556,3.38,0.275577756111111,3.38,0.275646845833333,3.38
0.275906054444444,3.38,0.275855783333333,3.38,0.275924426388889,3.38
0.276184208055556,3.38,0.276133610277778,3.38,0.276202713055556,3.38
0.276462032222222,3.38,0.276411395555556,3.38,0.276480254722222,3.38
0.276739923888889,3.37,0.276689098333333,3.38,0.276758361666667,3.38
0.277017665555556,3.38,0.276966930555556,3.38,0.277036178333333,3.38
0.277295494444444,3.37,0.277244920277778,3.38,0.277314219166667,3.38
0.277573426944444,3.38,0.277522521111111,3.38,0.277592259166667,3.38
0.277851239444444,3.38,0.277800248888889,3.38,0.277870233888889,3.38
0.278128880555556,3.38,0.278078521388889,3.38,0.278147863888889,3.38
0.278406559722222,3.38,0.278356174166667,3.38,0.278425939166667,3.38
0.278684387222222,3.38,0.2786343025,3.38,0.278703993055556,3.38
0.278962319722222,3.38,0.278911968611111,3.38,0.278981622222222,3.38
0.2792401175,3.38,0.279189724444444,3.38,0.279259478888889,3.38
0.279518045277778,3.38,0.279467745277778,3.38,0.279537495277778,3.38
0.279796105833333,3.38,0.279745373055556,3.38,0.279815495555556,3.38
0.280074020833333,3.38,0.280023065,3.38,0.280093230833333,3.38
0.280351946944444,3.38,0.280301065833333,3.38,0.280371590555556,3.38
0.280630369444444,3.38,0.280579138333333,3.38,0.280649201666667,3.38
0.280907775,3.38,0.280857157777778,3.38,0.280927213333333,3.38
0.281185425,3.38,0.281135097222222,3.38,0.281204992777778,3.38
0.281463350555556,3.38,0.281412796388889,3.38,0.281483318611111,3.38
0.281741004722222,3.38,0.281690612777778,3.38,0.281760875555556,3.38
0.282019163888889,3.38,0.281968855555556,3.38,0.282039000555556,3.38
0.282297223333333,3.38,0.28224686,3.38,0.282316440555556,3.38
0.282574992777778,3.38,0.282524389444444,3.38,0.282594693888889,3.38
0.282852596666667,3.38,0.282802366388889,3.38,0.282872601111111,3.38
0.283130493888889,3.38,0.283080354722222,3.38,0.283150685,3.38
0.283408456111111,3.38,0.283357770833333,3.38,0.283428250277778,3.38
0.283686417777778,3.38,0.283635721388889,3.38,0.283705793055556,3.38
0.283963963333333,3.38,0.283913491666667,3.38,0.283984005,3.38
0.284241984166667,3.38,0.284191233888889,3.38,0.284261788611111,3.38
0.2845199025,3.38,0.284469315555556,3.38,0.284539656388889,3.38
0.284797940277778,3.38,0.284747520277778,3.38,0.2848173175,3.38
0.285075801388889,3.38,0.285025057222222,3.38,0.285095009166667,3.38
0.285353455277778,3.38,0.285302834444444,3.38,0.285373194722222,3.38
0.285631024444444,3.38,0.2855809275,3.38,0.285651017222222,3.38
0.285908983888889,3.38,0.2858587675,3.38,0.285928807222222,3.38
0.286187038333333,3.38,0.286136671388889,3.38,0.286207162777778,3.38
0.2864650075,3.38,0.286414625555556,3.38,0.28648483,3.38
0.286742950833333,3.38,0.286692291944444,3.38,0.286762505,3.38
0.287020739444444,3.38,0.286970050555556,3.38,0.287040757777778,3.38
0.287298265,3.38,0.287248042222222,3.38,0.287318298333333,3.38
0.287576213888889,3.38,0.287525810555556,3.38,0.287596281944444,3.38
0.287854096944444,3.38,0.287803783611111,3.38,0.287874576388889,3.38
0.28813195,3.38,0.288081376666667,3.38,0.288152365555556,3.38
0.288409724722222,3.38,0.288359328611111,3.38,0.288430680277778,3.38
0.288687585833333,3.38,0.288637260555556,3.38,0.288708310833333,3.38
0.288964951388889,3.38,0.288915474444444,3.38,0.288986205,3.38
0.289242949166667,3.38,0.289193350833333,3.38,0.289264202777778,3.38
0.289520704166667,3.38,0.289471200277778,3.38,0.289542,3.38
0.289798532222222,3.38,0.289749121388889,3.38,0.289819943888889,3.38
0.2900766125,3.38,0.290027061944444,3.38,0.290097490555556,3.38
0.290354090833333,3.38,0.290304766111111,3.38,0.290375975833333,3.38
0.290632317777778,3.38,0.290582836944444,3.38,0.290653347777778,3.38
0.290910235833333,3.38,0.290860818611111,3.38,0.290931227222222,3.38
0.291187938888889,3.38,0.291138641944444,3.38,0.291209298055556,3.38
0.2914663175,3.38,0.291416446666667,3.38,0.291486753055556,3.38
0.291744409166667,3.38,0.291694321388889,3.38,0.291764780277778,3.38
0.292022431666667,3.38,0.291972178611111,3.38,0.292042711666667,3.38
0.2923001675,3.37,0.292250240555556,3.38,0.29232018,3.38
0.292578352777778,3.38,0.292528228055556,3.38,0.292598105833333,3.38
0.292856225833333,3.38,0.292805975277778,3.38,0.292875785,3.38
0.293134022222222,3.38,0.293083491944444,3.38,0.293153817222222,3.38
0.293411965,3.38,0.293361411388889,3.38,0.293431412777778,3.38
0.293690198333333,3.38,0.293639266944444,3.38,0.293709210555556,3.38
0.293968303333333,3.38,0.293917378611111,3.38,0.293986720277778,3.38
0.2942459725,3.38,0.294195033333333,3.38,0.294264961388889,3.38
0.294524039166667,3.38,0.294473323611111,3.38,0.294543166944444,3.38
0.294802003611111,3.38,0.294751238888889,3.38,0.294821011388889,3.38
0.295080119444444,3.38,0.295029417777778,3.38,0.295099005555556,3.38
0.295358171388889,3.38,0.295307671666667,3.38,0.295377160833333,3.38
0.29563616,3.38,0.295585522222222,3.38,0.295654849166667,3.38
0.295914181666667,3.38,0.295863216111111,3.38,0.295932673888889,3.38
0.296192251388889,3.38,0.296140573611111,3.38,0.29621007,3.38
0.296470142222222,3.38,0.296418624166667,3.38,0.296488154444444,3.38
0.296748028055556,3.38,0.296696586388889,3.38,0.296765811944444,3.38
0.297026086666667,3.38,0.296974520277778,3.38,0.297043799444444,3.38
0.297304057222222,3.38,0.297252356666667,3.38,0.2973215,3.38
0.297582217222222,3.38,0.297529790277778,3.38,0.297598878055556,3.38
0.297860105555556,3.38,0.2978076175,3.38,0.297876891111111,3.38
0.298138043888889,3.38,0.298086041666667,3.38,0.298155131388889,3.38
0.2984160125,3.38,0.298363675277778,3.38,0.298432903611111,3.38
0.298694188888889,3.38,0.298641175833333,3.38,0.298710350555556,3.38
0.298971778333333,3.38,0.298918923611111,3.38,0.298988461388889,3.38
0.299249864166667,3.38,0.299196881388889,3.38,0.299265989166667,3.38
0.299527734722222,3.38,0.299474731666667,3.38,0.299543868055556,3.38
0.299805430277778,3.38,0.299752531944444,3.38,0.299822125555556,3.38
0.300083174444444,3.38,0.300030468611111,3.38,0.300099757777778,3.38
0.300361052777778,3.38,0.300308098333333,3.38,0.300377658611111,3.38
0.300638821388889,3.38,0.300585873333333,3.38,0.300655231944444,3.38
0.3009169975,3.38,0.30086376,3.38,0.300933156388889,3.38
0.301194604722222,3.38,0.301141413611111,3.38,0.301211355,3.38
0.301472715555556,3.38,0.301419313055556,3.38,0.301489596111111,3.38
0.301750497222222,3.38,0.301696958333333,3.38,0.301766975277778,3.38
0.302028436388889,3.38,0.301975356944444,3.38,0.302045184166667,3.38
0.302306478611111,3.38,0.302253081944444,3.38,0.302323195277778,3.38
0.302584095555556,3.38,0.302530799166667,3.38,0.302600513055556,3.38
0.302861991111111,3.38,0.302808600555556,3.38,0.302878661111111,3.38
0.303139868055556,3.38,0.303086448888889,3.38,0.30315684,3.38
0.303417779722222,3.38,0.303364108333333,3.38,0.303434985833333,3.38
0.30369567,3.38,0.303642376388889,3.38,0.3037132025,3.38
0.303973906666667,3.38,0.3039201325,3.38,0.303990901666667,3.38
0.304251706944444,3.38,0.304198243055556,3.38,0.304268748055556,3.38
0.304529831388889,3.38,0.304475968888889,3.38,0.304546897777778,3.38
0.304807978888889,3.38,0.304753705,3.38,0.304824420555556,3.38
0.305085527777778,3.38,0.305031379444444,3.38,0.305102341388889,3.38
0.305363397222222,3.38,0.3053094375,3.38,0.305380269444444,3.38
0.305641586666667,3.38,0.305587198888889,3.38,0.305658371388889,3.38
0.305919414444444,3.38,0.305865301111111,3.38,0.305936146388889,3.38
0.306197516666667,3.38,0.306143412222222,3.38,0.306214016111111,3.38
0.306474914444444,3.38,0.306420793611111,3.38,0.306491788333333,3.38
0.306753233611111,3.38,0.306699164166667,3.38,0.306769398888889,3.38
0.307030942777778,3.38,0.306976880555556,3.38,0.307047207222222,3.38
0.307308796944444,3.38,0.307254624166667,3.38,0.307325003333333,3.38
0.307586671111111,3.38,0.307532574166667,3.38,0.307602589444444,3.38
0.307864086944444,3.38,0.307810259444444,3.38,0.307880926111111,3.38
0.3081420075,3.38,0.308088141111111,3.38,0.308158624722222,3.38
0.308420135555556,3.38,0.308365538611111,3.38,0.308436575,3.38
0.308698097222222,3.38,0.308643902222222,3.38,0.308714432222222,3.38
0.308975670277778,3.38,0.308921840555556,3.38,0.308992546111111,3.38
0.309253535,3.38,0.309199206388889,3.38,0.309270551111111,3.38
0.309531224444444,3.38,0.309477287222222,3.38,0.309548373611111,3.38
0.309809159166667,3.38,0.309755208611111,3.38,0.309826046944444,3.38
0.310087624166667,3.38,0.310033063888889,3.38,0.310104461111111,3.38
0.3103653425,3.38,0.310310828333333,3.38,0.310382549722222,3.38
0.310643288888889,3.38,0.310589262777778,3.38,0.310660333611111,3.38
0.310921149166667,3.38,0.310866906666667,3.38,0.310938383611111,3.38
0.311198787222222,3.38,0.311145057222222,3.38,0.311216167222222,3.38
0.311476517222222,3.38,0.311422473055556,3.38,0.311493898888889,3.38
0.311754781944444,3.38,0.311701002777778,3.38,0.311771881111111,3.38
0.3120326675,3.38,0.311978879166667,3.38,0.312049501666667,3.38
0.312310827222222,3.38,0.312256913333333,3.38,0.312327212222222,3.38
0.312588464722222,3.38,0.312534749444444,3.38,0.312604908888889,3.38
0.312866160277778,3.38,0.312812868888889,3.38,0.3128825325,3.38
0.313144300833333,3.38,0.313090925,3.38,0.313160491388889,3.38
0.313422333611111,3.38,0.313368716944444,3.38,0.313438486111111,3.38
0.313700301666667,3.38,0.313646123888889,3.38,0.313716113055556,3.38
0.313978164444444,3.38,0.313924165833333,3.38,0.313994016944444,3.38
0.314255833333333,3.38,0.314202050277778,3.38,0.314272462777778,3.38
0.314533493055556,3.38,0.314479609722222,3.38,0.314550202777778,3.38
0.314811438333333,3.38,0.314757578333333,3.38,0.314828256944444,3.38
0.315089025833333,3.38,0.315035583055556,3.38,0.315105590555556,3.38
0.315367070833333,3.38,0.315313603055556,3.38,0.315383372777778,3.38
0.315644915,3.38,0.315591499166667,3.38,0.315661407777778,3.38
0.315922838333333,3.38,0.315869099166667,3.38,0.315939328888889,3.38
0.316200669166667,3.38,0.316146824444444,3.38,0.316217542222222,3.38
0.316478573611111,3.38,0.316424788055556,3.38,0.316495437777778,3.38
0.316756425277778,3.38,0.316702605,3.38,0.316773066944444,3.38
0.3170341825,3.38,0.316979964444444,3.38,0.317051052777778,3.38
0.317311759444444,3.38,0.317257944166667,3.38,0.317329210833333,3.38
0.317589682222222,3.38,0.317536200833333,3.38,0.317607187777778,3.38
0.317867559166667,3.38,0.3178138925,3.38,0.317885036388889,3.38
0.318145552222222,3.38,0.318091814722222,3.38,0.318162705833333,3.38
0.318423314166667,3.38,0.318369544722222,3.38,0.318440544166667,3.38
0.3187012425,3.38,0.318646980277778,3.38,0.318718651666667,3.38
0.318979279166667,3.38,0.318924675277778,3.38,0.318996720277778,3.38
0.319257170277778,3.38,0.319202986388889,3.38,0.319274499722222,3.38
0.319534894444444,3.38,0.319480806388889,3.38,0.319552279444444,3.38
0.3198129075,3.38,0.319759053055556,3.38,0.319829991666667,3.38
0.320091334444444,3.38,0.320036502222222,3.38,0.320108096111111,3.38
0.320369481111111,3.38,0.320314506388889,3.38,0.320386340277778,3.38
0.320647261388889,3.38,0.320592981944444,3.38,0.320663609444444,3.38
0.320925329444444,3.38,0.320870468611111,3.38,0.320941730555556,3.38
0.321203248055556,3.38,0.321148436944444,3.38,0.321219901388889,3.38
0.321481142777778,3.38,0.321426395,3.38,0.321497611666667,3.38
0.321758985833333,3.38,0.321704076111111,3.38,0.321775554444444,3.38
0.322036898888889,3.38,0.321981660833333,3.38,0.3220532875,3.38
0.322314402777778,3.38,0.322259902222222,3.38,0.322330860555556,3.38
0.322592764444444,3.38,0.322537777777778,3.38,0.322609018333333,3.38
0.322870129166667,3.38,0.322815376388889,3.38,0.322886614444444,3.38
0.323148214444444,3.38,0.323093291388889,3.38,0.323164516666667,3.38
0.323426164166667,3.38,0.323371210555556,3.38,0.323442391666667,3.38
0.323703845,3.38,0.323649063333333,3.38,0.323720655277778,3.38
0.323981702222222,3.38,0.323926964444444,3.38,0.323998324722222,3.38
0.324259427222222,3.38,0.324204816388889,3.38,0.324276152222222,3.38
0.324537777777778,3.38,0.324482572777778,3.38,0.324554073333333,3.38
0.324815405,3.38,0.324760269444444,3.38,0.324831839444444,3.38
0.325093136944444,3.38,0.325037991944444,3.38,0.325109420277778,3.38
0.325370885,3.38,0.325316116944444,3.38,0.32538778,3.38
0.325648828333333,3.38,0.325593934166667,3.38,0.325665288333333,3.38
0.325926608055556,3.38,0.325871940833333,3.38,0.325943263333333,3.38
0.326204443888889,3.38,0.326149783333333,3.38,0.326221061944444,3.38
0.326482358333333,3.38,0.326427283611111,3.38,0.326499096944444,3.38
0.326760194444444,3.38,0.326705346666667,3.38,0.326777090277778,3.38
0.327038068611111,3.38,0.326982831944444,3.38,0.327054659166667,3.38
0.327315984722222,3.38,0.327260668333333,3.38,0.327332365555556,3.38
0.327594058611111,3.38,0.327538873333333,3.38,0.327610415833333,3.38
0.327872018611111,3.38,0.3278169975,3.38,0.327887829166667,3.38
0.328149701111111,3.38,0.328095175277778,3.38,0.328165881666667,3.38
0.328427435833333,3.38,0.3283732825,3.38,0.328444095555556,3.38
0.328704918611111,3.38,0.328650958611111,3.38,0.328722025555556,3.38
0.328983072777778,3.38,0.328928708333333,3.38,0.329000246666667,3.38
0.329261017777778,3.38,0.329206802222222,3.38,0.329277723888889,3.38
0.329538806388889,3.38,0.329484464722222,3.38,0.329555709166667,3.38
0.329816704444444,3.38,0.329762188333333,3.38,0.329833025,3.38
0.330094268888889,3.38,0.330040151388889,3.38,0.330111224444444,3.38
0.330372012222222,3.38,0.330317494444444,3.38,0.330388977222222,3.38
0.33065007,3.38,0.330595671111111,3.38,0.330666676944444,3.38
0.33092767,3.38,0.330873313055556,3.38,0.330944273333333,3.38
0.331205742222222,3.38,0.331151377777778,3.38,0.331222294444444,3.38
0.331483546388889,3.38,0.331429339722222,3.38,0.331499991111111,3.38
0.33176175,3.38,0.331706901666667,3.38,0.331777943611111,3.38
0.3320394775,3.38,0.331985085555556,3.38,0.332055793888889,3.38
0.332317305277778,3.38,0.332262890555556,3.38,0.332333100555556,3.38
0.332595208888889,3.38,0.332540866111111,3.38,0.332610799166667,3.38
0.332873113055556,3.38,0.332818697222222,3.38,0.332888930555556,3.38
0.333150952777778,3.38,0.33309626,3.38,0.333167201666667,3.38
0.333428904444444,3.38,0.333374376666667,3.38,0.333444647222222,3.38
0.333706707222222,3.38,0.333651995,3.38,0.333722806666667,3.38
0.333984453333333,3.38,0.333929881388889,3.38,0.334000528333333,3.38
0.334262416666667,3.38,0.334207743333333,3.38,0.334278383055556,3.38
0.334540520277778,3.38,0.334485816944444,3.38,0.334556213055556,3.38
0.334818215833333,3.38,0.334763487222222,3.38,0.334834348888889,3.38
0.335096042777778,3.38,0.335041369166667,3.38,0.335112224166667,3.38
0.335374086666667,3.38,0.335319263611111,3.38,0.335390171944444,3.38
0.335651761111111,3.38,0.335596996944444,3.38,0.335668185555556,3.38
0.335930125555556,3.38,0.335874871944444,3.38,0.335945789444444,3.38
0.336207882222222,3.38,0.336152839444444,3.38,0.336223681111111,3.38
0.336485665,3.38,0.336430495277778,3.38,0.33650156,3.38
0.336763831666667,3.38,0.336708550277778,3.38,0.336779239444444,3.38
0.337041986388889,3.38,0.336986106944444,3.38,0.337056701666667,3.38
0.337319494722222,3.38,0.337263863611111,3.38,0.337334919166667,3.38
0.337597659166667,3.38,0.337541981666667,3.38,0.337612500555556,3.38
0.337875448611111,3.38,0.337820041111111,3.38,0.337890433888889,3.38
0.338153193333333,3.38,0.338098060277778,3.38,0.338168292222222,3.38
0.338431218333333,3.38,0.338375760277778,3.38,0.338446085277778,3.38
0.338709015555556,3.38,0.338653705,3.38,0.338724379722222,3.38
0.338986898055556,3.38,0.338931433333333,3.38,0.339002156388889,3.38
0.339264310277778,3.38,0.339208905277778,3.38,0.339280136388889,3.38
0.339542341111111,3.38,0.339486872222222,3.38,0.339557783611111,3.38
0.339820113055556,3.38,0.339764828888889,3.38,0.339835939166667,3.38
0.340098014166667,3.38,0.340042719444444,3.38,0.340113442777778,3.38
0.340375961666667,3.38,0.340320541944444,3.38,0.340391303611111,3.38
0.340653716388889,3.38,0.340598481388889,3.38,0.3406693675,3.38
0.3409316,3.38,0.340876215833333,3.38,0.340947325,3.38
0.341209796666667,3.38,0.341153857777778,3.38,0.341225009444444,3.38
0.341487098333333,3.38,0.341431791944444,3.38,0.341502702777778,3.38
0.341765499166667,3.38,0.34170967,3.38,0.341780458888889,3.38
0.342043429444444,3.38,0.341987254444444,3.38,0.342058331666667,3.38
0.3423214925,3.38,0.342265420555556,3.38,0.342336336111111,3.38
0.342598844444444,3.38,0.342542753611111,3.38,0.342613871944444,3.38
0.342876781944444,3.38,0.3428210575,3.38,0.342891856666667,3.38
0.3431547475,3.38,0.343099009166667,3.38,0.343169909166667,3.38
0.343432353055556,3.38,0.343376605277778,3.38,0.343447406388889,3.38
0.343710445833333,3.38,0.343654575,3.38,0.343725431111111,3.38
0.343988690555556,3.38,0.343931989722222,3.38,0.344003315,3.38
0.344266411388889,3.38,0.344210050277778,3.38,0.344281509444444,3.38
0.344544242222222,3.38,0.344488085277778,3.38,0.344559045277778,3.38
0.344822081111111,3.38,0.344765879444444,3.38,0.344836928055556,3.38
0.345099756666667,3.38,0.345043953055556,3.38,0.345114465555556,3.38
0.345377391666667,3.38,0.345321981666667,3.38,0.345392370277778,3.38
0.345655412777778,3.38,0.345599866111111,3.38,0.345670226111111,3.38
0.345933453333333,3.38,0.345877908333333,3.38,0.345948030277778,3.38
0.346211016111111,3.38,0.346155888888889,3.38,0.346226065,3.38
0.346488998888889,3.38,0.346433767777778,3.38,0.346504393333333,3.38
0.346766831388889,3.38,0.346711370555556,3.38,0.346781957777778,3.38
0.347044583611111,3.38,0.346988903611111,3.38,0.3470597375,3.38
0.347322390555556,3.38,0.347267100833333,3.38,0.347337314722222,3.38
0.347600068055556,3.38,0.3475449575,3.38,0.347615469166667,3.38
0.347878047777778,3.38,0.347822940833333,3.38,0.347893536944444,3.38
0.348155891111111,3.38,0.348100645,3.38,0.348171183888889,3.38
0.348433761388889,3.38,0.348378565833333,3.38,0.348448832222222,3.38
0.348711804722222,3.38,0.348656120277778,3.38,0.348726752777778,3.38
0.348989759166667,3.38,0.348934564166667,3.38,0.3490044425,3.38
0.349267530277778,3.38,0.349211966388889,3.38,0.349282131944444,3.38
0.349545395833333,3.38,0.349490158611111,3.38,0.349559802222222,3.38
0.349823163333333,3.38,0.349767926388889,3.38,0.349838291111111,3.38
0.350101009722222,3.38,0.350045593888889,3.38,0.350116297222222,3.38
0.350379046111111,3.38,0.350323354444444,3.38,0.350393998333333,3.38
0.350656851111111,3.38,0.350601516666667,3.38,0.3506719225,3.38
0.350934940833333,3.38,0.350879296944444,3.38,0.350949755833333,3.38
0.351212470833333,3.38,0.351156756388889,3.38,0.351227256388889,3.38
0.351490516111111,3.38,0.351434424166667,3.38,0.351505598333333,3.38
0.351768569444444,3.38,0.351712572222222,3.38,0.351783167222222,3.38
0.352046808333333,3.38,0.351990438611111,3.38,0.352061288888889,3.38
0.352324695833333,3.38,0.35226787,3.38,0.352339116944444,3.38
0.352602505833333,3.38,0.352545593333333,3.38,0.352617072777778,3.38
0.352880385833333,3.38,0.352823822777778,3.38,0.352894819444444,3.38
0.353158490277778,3.38,0.35310165,3.38,0.353172938888889,3.38
0.353436241666667,3.38,0.353379417222222,3.38,0.353450646944444,3.38
0.353713952222222,3.38,0.353656940277778,3.38,0.353728794166667,3.38
0.353991846388889,3.38,0.353934898055556,3.38,0.354006546388889,3.38
0.354269748333333,3.38,0.354212794722222,3.38,0.354284184444444,3.38
0.354547614722222,3.38,0.354490641388889,3.38,0.354561764722222,3.38
0.354825238055556,3.38,0.354768426666667,3.38,0.354839867777778,3.38
0.355103373888889,3.38,0.355046214166667,3.38,0.355117741666667,3.38
0.355381816388889,3.38,0.355324311388889,3.38,0.355395463611111,3.38
0.35565964,3.38,0.355602051944444,3.38,0.355673546388889,3.38
0.355937346666667,3.38,0.355879415277778,3.38,0.355951246944444,3.38
0.356215506944444,3.38,0.356157470277778,3.38,0.356229295833333,3.38
0.356492913611111,3.38,0.356435343611111,3.38,0.356506794166667,3.38
0.356770938333333,3.38,0.356713291944444,3.38,0.356784910277778,3.38
0.357049006388889,3.38,0.356991314166667,3.38,0.3570624575,3.38
0.357327035,3.38,0.357269045277778,3.38,0.357340654722222,3.38
0.357604693055556,3.38,0.357547140555556,3.38,0.357618825833333,3.38
0.357882374444444,3.38,0.357824768611111,3.38,0.357896540833333,3.38
0.35816022,3.38,0.358102464166667,3.38,0.358174464166667,3.38
0.358438075833333,3.38,0.358380553888889,3.38,0.358452134722222,3.38
0.358715681111111,3.38,0.358658208055556,3.38,0.358729737777778,3.38
0.358993514166667,3.38,0.358935788611111,3.38,0.359007943611111,3.38
0.359271713888889,3.38,0.359213935,3.38,0.359285330277778,3.38
0.359549417222222,3.38,0.359491821111111,3.38,0.359563078611111,3.38
0.359827276944444,3.38,0.359769908333333,3.38,0.359841248333333,3.38
0.360104628055556,3.38,0.360047665,3.38,0.3601186875,3.38
0.360382896111111,3.38,0.360325063888889,3.38,0.360396861944444,3.38
0.360660990277778,3.38,0.360603046944444,3.38,0.360674380833333,3.38
0.360938783333333,3.38,0.360881254722222,3.38,0.3609522975,3.38
0.361216680555556,3.38,0.3611589925,3.38,0.361229809166667,3.38
0.361494210277778,3.38,0.361436935555556,3.38,0.361508015555556,3.38
0.361772514722222,3.38,0.361714583055556,3.38,0.361785975833333,3.38
0.362050418333333,3.38,0.361992500555556,3.38,0.362063735555556,3.38
0.362328392777778,3.38,0.3622703225,3.38,0.362341328611111,3.38
0.362606137777778,3.38,0.3625480175,3.38,0.362619400277778,3.38
0.362883755833333,3.38,0.362826068333333,3.38,0.362897357777778,3.38
0.363161476666667,3.38,0.363103698333333,3.38,0.363175208888889,3.38
0.363439411388889,3.38,0.363381639166667,3.38,0.363453265,3.38
0.363717126944444,3.38,0.363659668055556,3.38,0.363731195833333,3.38
0.363994868055556,3.38,0.363937673611111,3.38,0.364009349444444,3.38
0.364273352222222,3.38,0.364215431666667,3.38,0.364287465833333,3.38
0.364550953611111,3.38,0.364493198888889,3.38,0.364564940277778,3.38
0.364828561666667,3.38,0.364771339722222,3.38,0.364842824722222,3.38
0.3651066425,3.38,0.365049417777778,3.38,0.36512039,3.38
0.365384286111111,3.38,0.365327391666667,3.38,0.365398748055556,3.38
0.365662103611111,3.38,0.365605004166667,3.38,0.365676168333333,3.38
0.365939960277778,3.38,0.365882696111111,3.38,0.365954438055556,3.38
0.366217992777778,3.38,0.3661603125,3.38,0.366232175833333,3.38
0.366496046666667,3.38,0.366438296944444,3.38,0.36651019,3.38
0.366774228333333,3.38,0.366716020277778,3.38,0.366788036111111,3.38
0.367051813888889,3.38,0.366993959166667,3.38,0.367065720555556,3.38
0.367330068333333,3.38,0.367271803888889,3.38,0.367343540277778,3.38
0.367607631111111,3.38,0.367549936111111,3.38,0.367621156944444,3.38
0.367885616388889,3.38,0.367827751944444,3.38,0.367899473333333,3.38
0.368163532222222,3.38,0.368105721388889,3.38,0.368177329166667,3.38
0.368441353333333,3.38,0.368383463888889,3.38,0.368454973611111,3.38
0.3687192975,3.38,0.368660896388889,3.38,0.368732883611111,3.38
0.368997884166667,3.38,0.368939063888889,3.38,0.369010933333333,3.38
0.369275796388889,3.38,0.369216794166667,3.38,0.369288757777778,3.38
0.369553518055556,3.38,0.3694946275,3.38,0.369566468055556,3.38
0.369831304722222,3.38,0.369772804444444,3.38,0.369843968333333,3.38
0.370109152222222,3.38,0.370050356944444,3.38,0.370122141666667,3.39
0.370387055555556,3.38,0.370328329444444,3.38,0.370400217777778,3.38
0.37066463,3.38,0.370606155833333,3.38,0.370678073333333,3.38
0.370942620277778,3.38,0.370884231111111,3.38,0.370956103888889,3.38
0.371220544722222,3.38,0.371162258611111,3.38,0.371234078333333,3.38
0.371498364166667,3.38,0.371439998333333,3.38,0.371511703333333,3.38
0.371776518888889,3.38,0.371717796111111,3.38,0.371789765833333,3.38
0.372054581666667,3.38,0.371995865833333,3.38,0.372067788333333,3.38
0.372332641944444,3.38,0.37227372,3.38,0.372345240555556,3.38
0.372610492777778,3.38,0.372551766111111,3.38,0.372623099166667,3.38
0.372888433611111,3.38,0.372829452777778,3.38,0.372901326666667,3.38
0.373166483888889,3.38,0.373107449444444,3.38,0.373179025277778,3.38
0.373444605555556,3.38,0.373385166111111,3.38,0.3734571125,3.38
0.373722071944444,3.38,0.373663174722222,3.38,0.373734760833333,3.38
0.374000268055556,3.38,0.373941048611111,3.38,0.374012621944444,3.38
0.374277946388889,3.38,0.3742188475,3.38,0.374290084166667,3.38
0.374555688333333,3.38,0.374496925833333,3.38,0.37456819,3.38
0.374833445277778,3.38,0.374774673055556,3.38,0.374845829722222,3.38
0.375111263055556,3.38,0.375052649444444,3.38,0.375123596111111,3.38
0.375389177222222,3.38,0.375330524722222,3.39,0.3754011325,3.38
0.375666979444444,3.38,0.375608325,3.38,0.375679290555556,3.38
0.375944848055556,3.38,0.375886518611111,3.38,0.375957622222222,3.38
0.376222767222222,3.38,0.3761641875,3.38,0.376234986388889,3.38
0.376500827777778,3.38,0.376442319166667,3.38,0.3765127925,3.38
0.376778692222222,3.38,0.376719969166667,3.39,0.376790605555556,3.38
0.377055990277778,3.38,0.376998240555556,3.38,0.377068650833333,3.38
0.377334025277778,3.38,0.377275860277778,3.38,0.377346506388889,3.38
0.377612011388889,3.38,0.377553754444444,3.38,0.377624554166667,3.38
0.377889805833333,3.38,0.377831482222222,3.38,0.377902165,3.38
0.378167596666667,3.38,0.378109270833333,3.38,0.378179823055556,3.38
0.378445181388889,3.38,0.378387143055556,3.38,0.378457801388889,3.38
0.378722756388889,3.38,0.378665177222222,3.38,0.378735741944444,3.38
0.379000669444444,3.38,0.378943288611111,3.38,0.379013849444444,3.38
0.379278498055556,3.38,0.379221023055556,3.38,0.379291994166667,3.38
0.379556390277778,3.38,0.379498973333333,3.38,0.379569920833333,3.38
0.379833893333333,3.38,0.379776578333333,3.38,0.379848271388889,3.38
0.380111958333333,3.38,0.380054441666667,3.38,0.380125933055556,3.38
0.380389834722222,3.38,0.380331996666667,3.38,0.380403630833333,3.38
0.380667281666667,3.38,0.380609863611111,3.38,0.38068157,3.38
0.380945293333333,3.38,0.380887835833333,3.38,0.380959449444444,3.38
0.381222890555556,3.38,0.381165786111111,3.38,0.381237371666667,3.38
0.381500758888889,3.38,0.381444094722222,3.38,0.381514685277778,3.38
0.381778421944444,3.38,0.381721525555556,3.38,0.381792939444444,3.38
0.382056335277778,3.38,0.381999691666667,3.38,0.3820709425,3.38
0.382334260555556,3.38,0.38227773,3.38,0.382348871388889,3.38
0.382612141944444,3.38,0.382555203888889,3.38,0.382626650277778,3.38
0.382890102222222,3.38,0.382833196944444,3.38,0.382904126944444,3.38
0.383167761666667,3.38,0.383110848333333,3.38,0.383182555833333,3.38
0.383445455833333,3.38,0.383388908055556,3.38,0.383460453888889,3.38
0.383723400277778,3.38,0.3836667725,3.38,0.383738090555556,3.38
0.384000914722222,3.38,0.383944190833333,3.38,0.384015796388889,3.38
0.384278770555556,3.38,0.384222320277778,3.38,0.384293294722222,3.38
0.384556625,3.38,0.384500351666667,3.38,0.384571525,3.38
0.384834673611111,3.38,0.3847777325,3.38,0.384849377777778,3.38
0.385112593333333,3.38,0.385055955,3.38,0.385127229722222,3.38
0.385390138611111,3.38,0.385333289444444,3.38,0.385405363888889,3.38
0.385668141388889,3.38,0.385611851666667,3.38,0.385683501666667,3.38
0.385945690833333,3.38,0.385889605833333,3.38,0.3859614225,3.38
0.386223615833333,3.38,0.386166981944444,3.38,0.386239189722222,3.38
0.386502042222222,3.38,0.386445246944444,3.38,0.386516940555556,3.38
0.386779431944444,3.38,0.386723213055556,3.38,0.386794985833333,3.38
0.387057159444444,3.38,0.387001278333333,3.38,0.387072712222222,3.38
0.387335256944444,3.38,0.38727898,3.38,0.387350786944444,3.38
0.3876128925,3.38,0.387556704722222,3.38,0.387628648055556,3.38
0.387890431111111,3.38,0.387834586111111,3.38,0.387906502777778,3.38
0.388168366944444,3.38,0.388112234166667,3.38,0.388184108333333,3.38
0.388446475,3.38,0.388390121111111,3.38,0.388461663888889,3.38
0.388723895,3.38,0.388667763611111,3.38,0.388739874444444,3.38
0.389002026388889,3.38,0.388945695,3.38,0.3890174625,3.38
0.389279446666667,3.38,0.389223871388889,3.38,0.389295667222222,3.38
0.389557196944444,3.38,0.389501658611111,3.38,0.3895732475,3.38
0.389835414722222,3.38,0.389779316944444,3.38,0.389851252222222,3.39
0.390113393055556,3.38,0.390057699722222,3.38,0.390128809166667,3.38
0.390391136666667,3.38,0.390335386111111,3.38,0.390406826944444,3.38
0.390669159444444,3.38,0.390612878333333,3.38,0.390684904166667,3.38
0.390947148888889,3.39,0.390890711666667,3.38,0.390962672777778,3.38
0.391225200277778,3.38,0.39116884,3.38,0.391240453888889,3.38
0.391503043333333,3.38,0.391446646944444,3.38,0.391518275,3.38
0.391780691111111,3.38,0.391724139722222,3.38,0.3917962525,3.38
0.392058496111111,3.38,0.392002319722222,3.38,0.392073949444444,3.38
0.392336384722222,3.38,0.392280412777778,3.38,0.392351746111111,3.38
0.392614711111111,3.38,0.392558011388889,3.38,0.392629618888889,3.38
0.392892125277778,3.38,0.392836115833333,3.38,0.392907391388889,3.38
0.393170111388889,3.38,0.393113935555556,3.38,0.393185303333333,3.38
0.393447945833333,3.38,0.393391565,3.38,0.393462966388889,3.38
0.393725894166667,3.38,0.393669491388889,3.38,0.393740843888889,3.38
0.394003799444444,3.38,0.393947523333333,3.38,0.394018696944444,3.38
0.394281541111111,3.38,0.394225242222222,3.39,0.394296849444444,3.38
0.394559431944444,3.38,0.3945031125,3.38,0.394574876666667,3.38
0.3948374875,3.39,0.394780923611111,3.39,0.394852181111111,3.38
0.3951152425,3.38,0.395058898333333,3.38,0.395130467222222,3.38
0.395393436944444,3.38,0.395336831666667,3.38,0.395408051388889,3.39
0.395671427777778,3.38,0.3956147775,3.38,0.395686334722222,3.38
0.395949103055556,3.38,0.395892835833333,3.39,0.395964392777778,3.38
0.396226801388889,3.38,0.396170822777778,3.38,0.396242104166667,3.38
0.396504943888889,3.38,0.396448738333333,3.38,0.396519930277778,3.39
0.396782515833333,3.38,0.396726326944444,3.39,0.3967977225,3.38
0.397060558888889,3.38,0.397004230277778,3.39,0.397075411666667,3.38
0.397338305833333,3.38,0.397282209444444,3.38,0.397353250555556,3.38
0.397615702222222,3.38,0.3975603175,3.38,0.397631213888889,3.38
0.397893628333333,3.38,0.397838031944444,3.38,0.3979089075,3.38
0.398171774166667,3.38,0.398115956111111,3.38,0.3981869025,3.38
0.398449631388889,3.38,0.398394240277778,3.39,0.398464441666667,3.38
0.398728023888889,3.38,0.398672091944444,3.38,0.398742670277778,3.38
0.3990060175,3.38,0.398949942222222,3.38,0.399020578611111,3.38
0.399284218888889,3.38,0.3992275075,3.38,0.3992982675,3.38
0.399561638333333,3.38,0.399505487222222,3.38,0.399576143611111,3.38
0.399840129166667,3.38,0.399783772777778,3.38,0.399854110555556,3.38
0.400117515277778,3.38,0.400061685277778,3.38,0.400131676666667,3.38
0.400395139166667,3.38,0.400339649166667,3.38,0.400409874722222,3.38
0.400672975277778,3.38,0.400617797777778,3.38,0.400687602222222,3.39
0.400951274722222,3.38,0.400895311111111,3.38,0.400965378055556,3.38
0.401229512222222,3.38,0.401173371944444,3.38,0.401242980833333,3.38
0.401507096111111,3.38,0.401451422777778,3.38,0.40152118,3.38
0.401785280833333,3.38,0.401729513611111,3.38,0.401799256111111,3.38
0.402063331666667,3.38,0.402007200277778,3.38,0.402076893611111,3.38
0.402341141666667,3.38,0.402285292777778,3.38,0.402354774166667,3.38
0.402618859444444,3.38,0.4025630825,3.38,0.402632468055556,3.38
0.402896556111111,3.38,0.402840923055556,3.38,0.402910349444444,3.38
0.403174560277778,3.38,0.403118826388889,3.38,0.403188524444444,3.38
0.403452595277778,3.38,0.403396470277778,3.38,0.403466320277778,3.38
0.403730369722222,3.38,0.403674198888889,3.38,0.4037439175,3.38
0.404008217777778,3.38,0.4039519125,3.38,0.404021835555556,3.38
0.404286001666667,3.38,0.404229721666667,3.38,0.404299903333333,3.38
0.404563606111111,3.38,0.404507691944444,3.38,0.404577592222222,3.38
0.404841526388889,3.38,0.404785232222222,3.38,0.40485555,3.38
0.405119308888889,3.38,0.405063285833333,3.38,0.405133446944444,3.38
0.405397673333333,3.38,0.405341041944444,3.38,0.405411275277778,3.38
0.405675929722222,3.38,0.405618978611111,3.38,0.405689241111111,3.38
0.405953989166667,3.38,0.405896876111111,3.38,0.405966945555556,3.39
0.406232202222222,3.38,0.406174639722222,3.38,0.406244753611111,3.38
0.406509705,3.38,0.406452383611111,3.39,0.406522510555556,3.38
0.406787797222222,3.38,0.406730053333333,3.39,0.406800068055556,3.38
0.407065398611111,3.38,0.407008009722222,3.38,0.407078087222222,3.39
0.407343293333333,3.38,0.407285828333333,3.38,0.407355708055556,3.38
0.407621440833333,3.38,0.407564029722222,3.39,0.407634085,3.38
0.407899387777778,3.38,0.407841360833333,3.38,0.407911913611111,3.38
0.408177309166667,3.38,0.408119724722222,3.38,0.408189740833333,3.38
0.408455001111111,3.38,0.4083975175,3.38,0.408467529444444,3.38
0.408732668333333,3.38,0.408675308333333,3.38,0.408745360833333,3.38
0.409010568333333,3.38,0.408953323055556,3.38,0.409023427222222,3.38
0.409288631666667,3.38,0.409231401111111,3.39,0.409300968333333,3.38
0.409566549444444,3.38,0.409509176388889,3.38,0.409578882777778,3.38
0.409844600277778,3.38,0.409786945277778,3.38,0.409856778888889,3.38
0.410122334722222,3.38,0.410064841111111,3.38,0.410134353888889,3.38
0.410400050277778,3.38,0.410342675555556,3.38,0.410412338888889,3.38
0.41067785,3.38,0.410620188333333,3.39,0.410690151666667,3.38
0.410955958611111,3.38,0.410897794166667,3.38,0.410967866944444,3.38
0.411233885277778,3.38,0.411176309166667,3.39,0.411245999444444,3.38
0.411511790555556,3.38,0.411454166666667,3.38,0.411523780277778,3.38
0.411789595555556,3.38,0.411732096388889,3.39,0.411801187222222,3.39
0.412067503611111,3.38,0.412009779444444,3.39,0.412079267222222,3.38
0.412345241388889,3.38,0.4122878275,3.38,0.412356825277778,3.39
0.412623036944444,3.38,0.412565241111111,3.38,0.412634951388889,3.38
0.412901310555556,3.38,0.412843720555556,3.38,0.412912768055556,3.38
0.4131791875,3.38,0.413121262222222,3.38,0.413190271111111,3.38
0.413457148888889,3.38,0.41339909,3.38,0.413468711388889,3.39
0.413734945555556,3.38,0.413676954166667,3.39,0.413746393611111,3.39
0.414013007222222,3.38,0.413954948611111,3.38,0.414024211388889,3.38
0.414290917222222,3.38,0.414232827222222,3.38,0.414302139166667,3.38
0.414568329166667,3.39,0.414510976111111,3.39,0.414579858611111,3.38
0.414846437777778,3.39,0.4147886475,3.38,0.414858238888889,3.38
0.415124493333333,3.38,0.415066372777778,3.38,0.415135628333333,3.38
0.415402116666667,3.38,0.415344066111111,3.39,0.415413828333333,3.39
0.415680363888889,3.38,0.415621921944444,3.39,0.415691881666667,3.39
0.415958246944444,3.38,0.415899748333333,3.39,0.415970050555556,3.38
0.416236004166667,3.38,0.416177644444444,3.39,0.416247801111111,3.38
0.416513816944444,3.38,0.416455528888889,3.38,0.416525712777778,3.39
0.4167915775,3.38,0.416733368611111,3.38,0.416803464444444,3.39
0.4170693,3.38,0.417011391111111,3.38,0.417081154722222,3.38
0.417347246111111,3.38,0.417289080555556,3.39,0.417359396388889,3.38
0.417625075,3.38,0.417566663611111,3.39,0.417637141111111,3.38
0.417903001944444,3.39,0.417845320833333,3.38,0.417915114722222,3.38
0.418181137777778,3.38,0.418123444166667,3.38,0.418192912777778,3.38
0.41845898,3.38,0.418401200277778,3.39,0.418470960833333,3.38
0.418737127777778,3.38,0.418679241666667,3.38,0.4187487525,3.38
0.419014968888889,3.38,0.4189571475,3.38,0.419026564722222,3.38
0.419293101666667,3.38,0.419235171666667,3.39,0.419304268888889,3.38
0.419570844722222,3.38,0.419513063333333,3.39,0.419582249722222,3.38
0.419848700833333,3.38,0.419790929722222,3.39,0.419860100277778,3.38
0.420126410555556,3.38,0.420069032777778,3.39,0.420137751388889,3.39
0.420404388055556,3.38,0.4203468675,3.39,0.420415875277778,3.39
0.420682290555556,3.38,0.420624988611111,3.38,0.420693819166667,3.39
0.420960236944444,3.38,0.420903015277778,3.38,0.420971768611111,3.38
0.421238088333333,3.38,0.421180253888889,3.38,0.421249567777778,3.38
0.421516485555556,3.38,0.421458791111111,3.38,0.421527185833333,3.38
0.421794556388889,3.38,0.421736828611111,3.38,0.421805183888889,3.38
0.42207213,3.38,0.422014198333333,3.39,0.422083225555556,3.39
0.422350063333333,3.38,0.422292185,3.38,0.422360848055556,3.38
0.422628103333333,3.38,0.4225696875,3.39,0.422638469166667,3.39
0.422905863611111,3.38,0.422848023055556,3.38,0.422916502777778,3.38
0.423183589722222,3.38,0.423125999166667,3.38,0.4231944125,3.39
0.423461352777778,3.38,0.423403987777778,3.39,0.423472378333333,3.38
0.423739194722222,3.38,0.423681898888889,3.38,0.423750394444444,3.39
0.424016801388889,3.38,0.4239599275,3.39,0.424028181388889,3.39
0.424294745833333,3.38,0.424237334722222,3.39,0.4243060825,3.38
0.4245728825,3.38,0.4245153575,3.39,0.424584201666667,3.38
0.424850884722222,3.38,0.42479309,3.39,0.4248620425,3.38
0.425128711388889,3.38,0.425071182777778,3.38,0.425139628888889,3.39
0.425406637222222,3.38,0.425348586111111,3.39,0.425417340833333,3.39
0.425684426111111,3.38,0.425626704722222,3.39,0.425695486111111,3.39
0.425962263888889,3.38,0.425904723333333,3.38,0.425973102777778,3.38
0.426240287222222,3.38,0.426182578333333,3.39,0.426251546666667,3.39
0.426518133888889,3.38,0.4264602225,3.39,0.426529096666667,3.38
0.426795833055556,3.38,0.426738126666667,3.38,0.4268070125,3.39
0.427073793055556,3.38,0.427016014722222,3.39,0.427084984722222,3.38
0.427351508055556,3.38,0.427293819166667,3.39,0.427362753055556,3.38
0.427629661666667,3.38,0.427571751111111,3.38,0.427640855,3.38
0.427907545,3.38,0.427850097222222,3.38,0.427918466111111,3.38
0.428185304722222,3.38,0.428127957777778,3.39,0.428196732222222,3.38
0.42846309,3.38,0.428405738055556,3.39,0.428474352222222,3.38
0.428740686666667,3.38,0.428683545833333,3.39,0.428752504166667,3.38
0.429018733611111,3.38,0.428961359444444,3.39,0.429030699444444,3.39
0.429297106111111,3.38,0.429239143888889,3.39,0.429308166111111,3.38
0.429574844444444,3.38,0.429516896388889,3.39,0.429585819722222,3.38
0.429852701666667,3.38,0.429794685833333,3.38,0.429863903055556,3.39
0.430130679722222,3.38,0.430072709444444,3.39,0.430141806388889,3.38
0.430408659444444,3.38,0.430350543333333,3.39,0.430419504166667,3.39
0.430685981944444,3.38,0.430628398333333,3.39,0.430697270277778,3.39
0.4309642125,3.38,0.430905892222222,3.38,0.430975120833333,3.38
0.431241938055556,3.39,0.431183805555556,3.38,0.431252987222222,3.39
0.431519606666667,3.38,0.431461492777778,3.38,0.431530990555556,3.38
0.431797451944444,3.38,0.431739160833333,3.39,0.431808615,3.38
0.432075443333333,3.38,0.432017408611111,3.38,0.432086602777778,3.39
0.432353310555556,3.38,0.432295446666667,3.39,0.432364470833333,3.39
0.432630929722222,3.38,0.432573071666667,3.39,0.432642766111111,3.39
0.432908964722222,3.38,0.432850797777778,3.38,0.432920933611111,3.38
0.433187016388889,3.38,0.433128930555556,3.38,0.433198627777778,3.38
0.4334646025,3.38,0.4334069775,3.38,0.433476661111111,3.38
0.433742725,3.38,0.433684938611111,3.39,0.433754404444444,3.38
0.434020713055556,3.38,0.433962873055556,3.38,0.434032199722222,3.38
0.434298586666667,3.38,0.434240741111111,3.38,0.434309936111111,3.39
0.4345764,3.38,0.434518581111111,3.39,0.434587836388889,3.39
0.434854435,3.39,0.434796405,3.39,0.434865264166667,3.39
0.435132445833333,3.38,0.435074361944444,3.39,0.435143379166667,3.38
0.435410324722222,3.38,0.435351841944444,3.38,0.43542123,3.38
0.435687770833333,3.39,0.435629883055556,3.38,0.435698923055556,3.39
0.435965466666667,3.38,0.435908106666667,3.38,0.435977075833333,3.38
0.43624372,3.38,0.436185962222222,3.39,0.436254716666667,3.39
0.436521616944444,3.38,0.436463773055556,3.38,0.436532471666667,3.38
0.436799751944444,3.38,0.436741679444444,3.39,0.436810316111111,3.39
0.437077353611111,3.38,0.437019242777778,3.39,0.437088109166667,3.38
0.437355264166667,3.38,0.437297333055556,3.39,0.437365986111111,3.39
0.437633123611111,3.38,0.437574974166667,3.39,0.437643853611111,3.38
0.437911008333333,3.38,0.437853263611111,3.39,0.437921912777778,3.38
0.438189105555556,3.39,0.438131475277778,3.39,0.438199598888889,3.38
0.438467096944444,3.38,0.438409153055556,3.38,0.438477513055556,3.39
0.4387451325,3.38,0.438686935833333,3.39,0.438755057222222,3.39
0.439023278055556,3.38,0.438965005,3.38,0.439033291111111,3.39
0.439301424166667,3.38,0.439242972222222,3.39,0.439311123611111,3.38
0.439579465,3.38,0.439520913333333,3.38,0.439589047777778,3.39
0.4398571,3.38,0.439798316944444,3.39,0.439866795277778,3.38
0.440134913055556,3.38,0.440076568888889,3.39,0.440144574166667,3.38
0.440412731388889,3.38,0.440354617222222,3.39,0.440422478055556,3.39
0.440690381388889,3.38,0.440632158611111,3.39,0.440700228055556,3.38
0.440968071388889,3.38,0.440910439722222,3.38,0.440978112777778,3.39
0.44124574,3.38,0.441188016944444,3.39,0.441255776111111,3.38
0.441523551666667,3.38,0.441466195,3.39,0.441533780555556,3.39
0.44180153,3.38,0.441743713888889,3.38,0.441811374166667,3.39
0.442079503055556,3.39,0.442021861944444,3.39,0.442089413611111,3.38
0.4423577725,3.38,0.442299446388889,3.39,0.442367190833333,3.39
0.442635575277778,3.38,0.442577664722222,3.38,0.442645095833333,3.38
0.442913098333333,3.38,0.442855351944444,3.39,0.442922736111111,3.39
0.443191006111111,3.38,0.443133015,3.38,0.443200478888889,3.39
0.443468718611111,3.38,0.443410787222222,3.39,0.443478182222222,3.39
0.443746594166667,3.38,0.443689021111111,3.39,0.443756103055556,3.39
0.444024291944444,3.38,0.443966925277778,3.39,0.444033839722222,3.39
0.444302165277778,3.38,0.4442447425,3.39,0.444312091666667,3.39
0.444580176944444,3.38,0.444522881388889,3.39,0.444589829166667,3.39
0.444858140555556,3.38,0.444800676666667,3.39,0.444867398333333,3.38
0.4451359,3.38,0.445078658888889,3.38,0.445144961111111,3.39
0.445413768055556,3.38,0.445356535,3.38,0.445423173888889,3.38
0.445691761388889,3.38,0.445634526944444,3.39,0.445700760277778,3.38
0.4459696075,3.38,0.445912075555556,3.39,0.445978602222222,3.38
0.446247633611111,3.38,0.446190271388889,3.39,0.446256434722222,3.39
0.446525454166667,3.39,0.446468090277778,3.39,0.446534387777778,3.39
0.446803390555556,3.38,0.446745769444444,3.38,0.446812004166667,3.39
0.447081048055556,3.38,0.447023620277778,3.39,0.447089829444444,3.39
0.44735863,3.39,0.447301348888889,3.39,0.447367781666667,3.39
0.4476365125,3.38,0.447579207777778,3.39,0.447645975,3.38
0.447914766111111,3.38,0.447856933333333,3.39,0.447924363888889,3.38
0.448192898333333,3.38,0.448134704166667,3.39,0.448201851388889,3.39
0.448470751944444,3.38,0.448412998333333,3.38,0.448479484166667,3.38
0.4487485,3.38,0.448690838888889,3.38,0.448757256666667,3.38
0.449026328055556,3.39,0.448968714722222,3.39,0.449035161944444,3.39
0.449304006111111,3.39,0.449246388333333,3.39,0.449312861944444,3.39
0.449581766666667,3.39,0.449524137222222,3.39,0.449590776944444,3.38
0.449859481388889,3.38,0.449802061388889,3.39,0.449868508055556,3.39
0.450137817777778,3.38,0.450079794722222,3.39,0.450146244722222,3.38
0.450415485833333,3.38,0.450357454722222,3.39,0.450424567222222,3.39
0.450693269444444,3.38,0.450634973333333,3.39,0.450702374444444,3.39
0.450971092777778,3.39,0.450913008611111,3.39,0.450980043055556,3.39
0.451249251111111,3.39,0.451190881944444,3.39,0.451257966388889,3.38
0.451526934722222,3.38,0.451468679166667,3.39,0.451535588333333,3.39
0.451804755833333,3.39,0.451746495,3.39,0.451814035,3.38
0.452082307222222,3.39,0.452024205277778,3.39,0.452092121111111,3.39
0.452360337777778,3.39,0.452301891111111,3.39,0.452369410555556,3.39
0.452638309166667,3.39,0.452579504166667,3.39,0.452647278333333,3.39
0.452916138888889,3.38,0.452857561388889,3.39,0.452925270555556,3.38
0.45319402,3.38,0.453135388611111,3.39,0.453203114444444,3.39
0.4534717925,3.39,0.453413027222222,3.39,0.45348059,3.39
0.453749843611111,3.39,0.453690911944444,3.39,0.453758618611111,3.39
0.4540276275,3.39,0.453969003611111,3.39,0.454036398055556,3.38
0.454305416944444,3.38,0.454246561944444,3.39,0.454314167222222,3.39
0.454583115555556,3.38,0.454524739444444,3.39,0.454591864444444,3.39
0.454861080277778,3.38,0.454802494722222,3.39,0.454869551111111,3.39
0.455138957777778,3.39,0.455080430833333,3.39,0.455147484722222,3.39
0.455416760277778,3.39,0.455358070555556,3.39,0.455425446666667,3.38
0.455694749722222,3.39,0.455636220555556,3.39,0.455703319722222,3.39
0.455972584722222,3.39,0.455914350555556,3.39,0.455981335,3.39
0.456250682222222,3.39,0.456191922222222,3.39,0.4562592775,3.39
0.456528787777778,3.39,0.456470181944444,3.39,0.456537156111111,3.39
0.456806865555556,3.39,0.456747553055556,3.39,0.456814553611111,3.39
0.4570847075,3.39,0.457025543055556,3.39,0.457092657777778,3.39
0.457362453611111,3.39,0.457303294722222,3.39,0.457369963333333,3.39
0.457640273055556,3.38,0.457581213333333,3.39,0.457648279166667,3.39
0.457918287222222,3.38,0.457859168611111,3.39,0.457926136388889,3.39
0.458195770555556,3.38,0.458137114166667,3.39,0.458204102777778,3.39
0.458473735277778,3.39,0.4584149325,3.39,0.458481873888889,3.39
0.458751853611111,3.39,0.458692938611111,3.39,0.458759655277778,3.39
0.459029676388889,3.39,0.458970648333333,3.39,0.459037525555556,3.39
0.4593072325,3.39,0.459248690555556,3.39,0.459315271111111,3.39
0.459585376111111,3.39,0.459526356666667,3.39,0.459593448055556,3.39
0.459863644722222,3.39,0.459804564444444,3.39,0.459871123055556,3.38
0.460141062222222,3.39,0.460082416944444,3.39,0.4601490225,3.38
0.460418842222222,3.38,0.460360305833333,3.39,0.460427209722222,3.39
0.460696451944444,3.39,0.460637923611111,3.39,0.460704846388889,3.39
0.46097433,3.39,0.460915511944444,3.39,0.460982577222222,3.39
0.4612521325,3.39,0.461193992777778,3.39,0.461260480833333,3.39
0.461530247777778,3.39,0.461471428888889,3.39,0.461538545,3.39
0.461808053888889,3.38,0.461749157777778,3.39,0.461816489722222,3.39
0.462085926666667,3.38,0.462027380277778,3.39,0.462094441944444,3.39
0.4623636625,3.39,0.462304984722222,3.39,0.462372277222222,3.39
0.462641872222222,3.38,0.462582800555556,3.39,0.462649793888889,3.39
0.462919959166667,3.39,0.462860471944444,3.39,0.462927860277778,3.39
0.463198059444444,3.39,0.463138895,3.39,0.463205364722222,3.39
0.463475854722222,3.39,0.463416691111111,3.39,0.463483548055556,3.39
0.463753731388889,3.39,0.4636943475,3.39,0.463761146944444,3.39
0.464031553611111,3.39,0.463972194166667,3.39,0.464039338333333,3.39
0.464309480277778,3.39,0.464250043888889,3.39,0.464317146666667,3.39
0.464586930555556,3.39,0.464528044722222,3.38,0.464595182777778,3.39
0.464864963055556,3.39,0.464806108611111,3.39,0.464873265833333,3.39
0.465142503888889,3.38,0.4650843225,3.39,0.4651511,3.39
0.465420551944444,3.38,0.465362095833333,3.39,0.465429268611111,3.38
0.465698861111111,3.39,0.465640068055556,3.39,0.465706938333333,3.39
0.465976799444444,3.39,0.465917853611111,3.39,0.465984954722222,3.39
0.466254915555556,3.38,0.466195248888889,3.39,0.466262761388889,3.39
0.466532816944444,3.39,0.466473518611111,3.39,0.466540458888889,3.39
0.466810563611111,3.39,0.466751299444444,3.39,0.466818399166667,3.39
0.467088308888889,3.38,0.467029369444444,3.39,0.467095932222222,3.39
0.467366471111111,3.38,0.467307410277778,3.39,0.467373848611111,3.39
0.4676441825,3.39,0.467584970833333,3.39,0.467652039722222,3.39
0.467922144722222,3.38,0.467862908055556,3.39,0.467930170555556,3.39
0.468200126944444,3.39,0.468140602777778,3.39,0.468208185833333,3.39
0.468478401666667,3.39,0.468418394722222,3.39,0.468486055277778,3.39
0.468756092777778,3.38,0.468696321944444,3.39,0.468763367222222,3.39
0.469034169722222,3.38,0.468974253055556,3.39,0.469041655277778,3.39
0.469311585555556,3.39,0.469252113611111,3.39,0.469319346388889,3.39
0.469589618055556,3.38,0.469530389444444,3.39,0.469597397222222,3.39
0.469867829722222,3.39,0.469808158611111,3.39,0.469874679166667,3.39
0.470145592222222,3.39,0.470085835277778,3.39,0.470152843333333,3.39
0.470423532777778,3.39,0.470364045833333,3.39,0.470430691944444,3.39
0.470701022777778,3.39,0.470641827222222,3.39,0.470708362222222,3.39
0.470978954444444,3.39,0.470919361666667,3.39,0.470985912222222,3.39
0.471257081388889,3.38,0.471197124444444,3.39,0.471264293333333,3.39
0.471534562777778,3.39,0.471474880555556,3.39,0.471541880555556,3.38
0.471812614166667,3.39,0.471753131111111,3.39,0.471819784722222,3.39
0.472090563055556,3.39,0.472030791944444,3.39,0.472097836111111,3.39
0.472368403055556,3.39,0.472308989444444,3.39,0.472376041666667,3.39
0.472646405833333,3.38,0.472586678888889,3.39,0.472653842222222,3.39
0.472924068888889,3.39,0.472864495833333,3.39,0.472931550555556,3.39
0.473202042222222,3.39,0.473142374444444,3.39,0.473209748055556,3.39
0.473480339166667,3.39,0.473420067777778,3.39,0.473487634444444,3.39
0.473758194722222,3.39,0.473698221944444,3.39,0.473765246111111,3.39
0.474036156666667,3.38,0.473975903055556,3.39,0.474043274722222,3.39
0.474313931388889,3.39,0.474253614166667,3.39,0.474321254722222,3.39
0.474591703333333,3.39,0.474531818055556,3.39,0.474599393888889,3.39
0.474869586944444,3.39,0.474809696388889,3.39,0.474877575277778,3.39
0.475147646666667,3.39,0.475087429722222,3.39,0.475155335833333,3.39
0.475425715555556,3.39,0.475365135277778,3.39,0.475433270277778,3.39
0.475703442222222,3.39,0.475642791666667,3.39,0.475711136388889,3.39
0.475981266944444,3.39,0.475920804444444,3.39,0.475989058888889,3.39
0.476259093055556,3.39,0.476198702222222,3.39,0.476266743333333,3.39
0.476537049166667,3.39,0.476476483055556,3.39,0.476544533055556,3.39
0.476814979722222,3.39,0.476754262222222,3.39,0.476822497222222,3.39
0.4770926075,3.39,0.477032626666667,3.39,0.477100314722222,3.39
0.477370617777778,3.39,0.477310674166667,3.39,0.477378029166667,3.39
0.4776482475,3.39,0.477588525833333,3.39,0.477655995,3.39
0.477926108888889,3.39,0.477866186944444,3.39,0.4779335875,3.39
0.478204039722222,3.39,0.478144071666667,3.39,0.478211618333333,3.39
0.478481957777778,3.39,0.478422000277778,3.39,0.478489350833333,3.39
0.478759556111111,3.39,0.478699767222222,3.39,0.478767218333333,3.39
0.479037797777778,3.39,0.478977206666667,3.39,0.479045227222222,3.39
0.4793151225,3.39,0.479255376388889,3.39,0.479323159722222,3.39
0.479592914166667,3.39,0.479533444444444,3.39,0.479600634444444,3.39
0.479871029166667,3.39,0.479811461388889,3.39,0.479878826666667,3.39
0.480148661944444,3.38,0.480089075,3.39,0.480156888611111,3.39
0.480426711388889,3.39,0.480367040555556,3.39,0.4804344875,3.39
0.480704076111111,3.39,0.480645126666667,3.39,0.480712318611111,3.39
0.480982512222222,3.39,0.480922491944444,3.39,0.480990420555556,3.39
0.481260172777778,3.38,0.481200288611111,3.39,0.481268001388889,3.39
0.481538141666667,3.39,0.481478263611111,3.39,0.481546165,3.39
0.481815686388889,3.39,0.48175587,3.39,0.4818243625,3.39
0.482094017222222,3.38,0.482034112777778,3.39,0.482101867222222,3.39
0.482371870833333,3.39,0.482311913333333,3.39,0.482380174444444,3.39
0.482649626666667,3.38,0.482589924444444,3.39,0.4826578375,3.39
0.482927614166667,3.39,0.482867574166667,3.39,0.482935558055556,3.39
0.48320535,3.38,0.483145576111111,3.39,0.48321329,3.39
0.483482941944444,3.38,0.483423553333333,3.39,0.483491518611111,3.39
0.483760893611111,3.39,0.483701547222222,3.39,0.483768853333333,3.39
0.484038719722222,3.38,0.483979424722222,3.39,0.484046985833333,3.39
0.48431652,3.39,0.484257270555556,3.39,0.484325083611111,3.39
0.484594275277778,3.39,0.484534751666667,3.39,0.484602774166667,3.39
0.484872154166667,3.39,0.484812735,3.39,0.484880814444444,3.39
0.485150015555556,3.39,0.485091034166667,3.39,0.485158660277778,3.39
0.485428079444444,3.39,0.485368684166667,3.39,0.485436708333333,3.39
0.485705679444444,3.39,0.485646741944444,3.39,0.485714362222222,3.39
0.485983654166667,3.39,0.485924368611111,3.39,0.485992188055556,3.39
0.486261771666667,3.38,0.486202195833333,3.39,0.486270119444444,3.39
0.486539386111111,3.39,0.486479992777778,3.39,0.486548109722222,3.39
0.486817228611111,3.38,0.486757632222222,3.39,0.486825931388889,3.39
0.487095072777778,3.38,0.487035782222222,3.39,0.487103844166667,3.39
0.487372878055556,3.39,0.487313420833333,3.39,0.487381508611111,3.39
0.487650875,3.38,0.487591483055556,3.39,0.487659261666667,3.39
0.487928729166667,3.38,0.487869160833333,3.39,0.487937213611111,3.39
0.488206664166667,3.39,0.4881470175,3.39,0.488215406666667,3.39
0.488484145,3.39,0.488425038611111,3.39,0.488493056944444,3.39
0.4887622775,3.39,0.488702929166667,3.39,0.488770785833333,3.39
0.489040155,3.38,0.488980860833333,3.39,0.4890486375,3.39
0.489318078888889,3.39,0.489259063055556,3.39,0.489326214166667,3.39
0.48959576,3.39,0.489536728333333,3.39,0.489604252222222,3.39
0.489873490555556,3.39,0.489814636388889,3.39,0.489881956944444,3.39
0.490151295,3.39,0.490092260555556,3.39,0.490159960277778,3.39
0.490428744444444,3.39,0.490370011944444,3.39,0.490437531388889,3.39
0.490706993611111,3.39,0.490648139722222,3.39,0.490715759722222,3.39
0.490984657222222,3.39,0.490925860555556,3.39,0.490993808333333,3.39
0.491262440833333,3.39,0.491204286388889,3.39,0.491271458611111,3.39
0.491540480555556,3.39,0.491482415,3.39,0.491549542222222,3.39
0.491818281111111,3.39,0.491759893055556,3.39,0.491827265,3.39
0.492095760833333,3.39,0.492037631666667,3.4,0.492105150833333,3.39
0.492373793611111,3.39,0.492315428055556,3.39,0.492382485277778,3.39
0.492651844166667,3.39,0.492593378333333,3.39,0.492660581111111,3.39
0.492929767777778,3.39,0.4928710875,3.39,0.492938504722222,3.39
0.493207585277778,3.39,0.493148901111111,3.39,0.493216150555556,3.39
0.493485187222222,3.39,0.493426470277778,3.39,0.4934943125,3.39
0.493763316944444,3.39,0.4937045425,3.39,0.493772373888889,3.39
0.494041493333333,3.39,0.493982421944444,3.39,0.4940499575,3.38
0.494319485,3.39,0.494259966111111,3.39,0.494327891388889,3.39
0.494597368611111,3.39,0.494538101944444,3.39,0.494605954722222,3.39
0.494875370555556,3.39,0.49481593,3.39,0.494883857222222,3.39
0.495153337777778,3.39,0.495093443888889,3.39,0.495161491388889,3.39
0.495431022222222,3.39,0.495371282777778,3.39,0.495439132222222,3.39
0.495708731666667,3.39,0.495649168055556,3.39,0.495717291388889,3.39
0.495986878333333,3.39,0.495926845555556,3.39,0.49599474,3.39
0.496264547777778,3.39,0.496204984166667,3.39,0.496273201666667,3.39
0.4965420675,3.39,0.496482943888889,3.39,0.496551078888889,3.39
0.496819966388889,3.39,0.496761093333333,3.39,0.496829275555556,3.39
0.497098015833333,3.39,0.497038771666667,3.39,0.497106892222222,3.39
0.4973758325,3.39,0.497317079722222,3.39,0.497384647222222,3.39
0.4976535925,3.39,0.497594835,3.39,0.497662598888889,3.39
0.497931330833333,3.39,0.497872784166667,3.39,0.497940148888889,3.39
0.498209069444444,3.39,0.498150748333333,3.39,0.498218154722222,3.39
0.498486881944444,3.39,0.498429116388889,3.39,0.498496285833333,3.39
0.498764837222222,3.39,0.498707139722222,3.4,0.498773686944444,3.39
0.499042688055556,3.39,0.498984437777778,3.39,0.499051845277778,3.39
0.499320820555556,3.39,0.499262601666667,3.39,0.499329485833333,3.39
0.499598638888889,3.39,0.499540356111111,3.39,0.499607385833333,3.39
0.499876404444444,3.39,0.499818004444444,3.39,0.499885083888889,3.39
0.500154511666667,3.39,0.500095628611111,3.39,0.500162899444444,3.39
0.500432706944444,3.39,0.500373986388889,3.39,0.500440903888889,3.39
0.500710631388889,3.39,0.500652012777778,3.39,0.500718513888889,3.39
0.500988318333333,3.39,0.500929965277778,3.39,0.500996462222222,3.39
0.501266141666667,3.39,0.501207494166667,3.39,0.501274242222222,3.39
0.501543905833333,3.39,0.501485674722222,3.39,0.501552208888889,3.39
0.501821365277778,3.39,0.501763400555556,3.39,0.50183015,3.39
0.502099227222222,3.39,0.502040881944445,3.39,0.502108076944444,3.39
0.502377166944444,3.39,0.502318831944444,3.39,0.502385633888889,3.39
0.502655242777778,3.39,0.502596670277778,3.39,0.502663793888889,3.39
0.502932922222222,3.39,0.502874176111111,3.39,0.502941570555556,3.39
0.503210990555556,3.39,0.503152143888889,3.4,0.503219351666667,3.39
0.5034891125,3.39,0.503430005833333,3.39,0.503497119444444,3.39
0.503767027777778,3.39,0.503707906666667,3.39,0.503774915,3.39
0.504044763888889,3.39,0.503985693611111,3.39,0.504052528055556,3.39
0.504322570833333,3.39,0.504263601944444,3.39,0.504330106944444,3.39
0.504600196111111,3.39,0.504541384722222,3.39,0.504608288611111,3.39
0.504877993055556,3.39,0.504819185,3.39,0.504886324444444,3.39
0.505155846666667,3.39,0.505096945277778,3.39,0.5051636125,3.39
0.505433702777778,3.39,0.5053746625,3.39,0.505441962222222,3.39
0.505711583888889,3.39,0.505652173333333,3.39,0.505719600833333,3.39
0.505989429722222,3.39,0.505930301111111,3.39,0.505997564444444,3.39
0.506267483888889,3.39,0.506208039722222,3.39,0.506275426944444,3.39
0.50654535,3.39,0.506485871111111,3.39,0.5065531175,3.39
0.506823518055556,3.39,0.506763654166667,3.39,0.506831116666667,3.39
0.507101338611111,3.39,0.507041295277778,3.4,0.507108850833333,3.39
0.507379303055556,3.39,0.507319204722222,3.39,0.507387135277778,3.39
0.507656810833333,3.39,0.507597178055556,3.39,0.507664775833333,3.39
0.5079346125,3.39,0.507874723888889,3.39,0.507942802777778,3.39
0.508212368333333,3.39,0.508152623333333,3.4,0.508220774166667,3.39
0.50849057,3.39,0.508431105833333,3.39,0.508498769722222,3.39
0.508768240277778,3.39,0.508709316944444,3.39,0.508776436111111,3.39
0.509046486388889,3.39,0.508987023888889,3.39,0.509054297777778,3.39
0.509324084722222,3.39,0.509264928333333,3.39,0.509331986944444,3.39
0.509602058333333,3.39,0.509543052777778,3.39,0.509609929722222,3.39
0.509880191388889,3.39,0.509820813333333,3.39,0.509887738888889,3.39
0.510157870277778,3.39,0.510098824722222,3.39,0.510165689444444,3.39
0.5104359,3.39,0.510376466388889,3.39,0.510443303055556,3.39
0.510713651388889,3.39,0.510654120833333,3.39,0.510721278888889,3.39
0.510991738055556,3.39,0.510931830277778,3.39,0.510998923611111,3.39
0.511269220555556,3.39,0.511209822777778,3.39,0.511277171944444,3.39
0.511547368611111,3.39,0.5114878725,3.39,0.511555424722222,3.39
0.511825213333333,3.39,0.511765984166667,3.39,0.511832991388889,3.39
0.512102824722222,3.39,0.512043776388889,3.39,0.512110933333333,3.39
0.512380824722222,3.39,0.512321576944444,3.39,0.5123888025,3.39
0.512658683055556,3.39,0.512599175,3.39,0.512666483611111,3.39
0.512936647777778,3.39,0.512877132777778,3.4,0.512944377222222,3.39
0.513214379722222,3.39,0.513154960277778,3.39,0.513222147222222,3.39
0.513492305277778,3.39,0.51343299,3.39,0.51350011,3.39
0.513770307777778,3.39,0.5137109225,3.39,0.513778198055556,3.39
0.51404865,3.39,0.513988683055556,3.39,0.514055857222222,3.39
0.514326280277778,3.39,0.514266588055556,3.39,0.514333628055556,3.39
0.514604066666667,3.39,0.514544386111111,3.39,0.514611885555555,3.39
0.514882003888889,3.39,0.514821836388889,3.39,0.514889644722222,3.39
0.515159871388889,3.39,0.515100004444444,3.39,0.515167658888889,3.39
0.515437571944444,3.39,0.515378140555556,3.39,0.5154451975,3.39
0.515715557777778,3.39,0.515655767222222,3.39,0.515723192777778,3.39
0.5159934425,3.39,0.515933761666667,3.39,0.516000951944444,3.39
0.516271376944444,3.39,0.516211728611111,3.39,0.516278746666667,3.39
0.516549139166667,3.39,0.516489465,3.39,0.516556721944444,3.39
0.516827188055555,3.39,0.516767613055556,3.4,0.516834438888889,3.39
0.517105111388889,3.39,0.517045307777778,3.4,0.5171122575,3.39
0.517382893333333,3.39,0.517323140277778,3.4,0.517390101944444,3.39
0.517660930555556,3.39,0.517600961944444,3.39,0.517667460277778,3.39
0.517939132777778,3.39,0.517878706111111,3.39,0.517945653055556,3.4
0.518217067222222,3.39,0.518156330277778,3.39,0.518223568888889,3.39
0.518494956388889,3.39,0.5184341725,3.39,0.518501858333333,3.39
0.518772841388889,3.39,0.518711863888889,3.39,0.518779196388889,3.39
0.519050706944444,3.39,0.518989901111111,3.39,0.5190571825,3.39
0.519328418611111,3.39,0.5192675275,3.39,0.519334761388889,3.39
0.519606345833333,3.39,0.5195452925,3.39,0.519612779444444,3.39
0.519884140833333,3.39,0.5198229525,3.39,0.519890550277778,3.39
0.520161565833333,3.39,0.520100911944444,3.39,0.520168480277778,3.39
0.520439515,3.39,0.520379013055556,3.4,0.520446568055556,3.39
0.520717393611111,3.39,0.520656665833333,3.39,0.520724019444444,3.39
0.520995216944445,3.39,0.520934605,3.39,0.521001688333333,3.4
0.521273035277778,3.39,0.521212560555556,3.4,0.521279686388889,3.39
0.521551304722222,3.39,0.521490496388889,3.39,0.521557611388889,3.39
0.52182943,3.39,0.521768200833333,3.39,0.521835825277778,3.39
0.522107297777778,3.39,0.5220462925,3.39,0.522113725277778,3.39
0.522385384444444,3.39,0.522323911666667,3.39,0.522391615555556,3.39
0.522662713888889,3.39,0.522602139722222,3.4,0.522669580277778,3.4
0.522940538055556,3.39,0.522880054166667,3.39,0.522947291944444,3.39
0.523218675,3.39,0.523157695,3.39,0.523225053611111,3.39
0.523496955,3.39,0.523435311944444,3.39,0.523502858611111,3.39
0.523774644166667,3.39,0.523713514166667,3.39,0.523780276944445,3.39
0.524052544444444,3.39,0.523991732777778,3.39,0.5240584525,3.39
0.524330354722222,3.39,0.524269285,3.4,0.524336638888889,3.39
0.524607938055556,3.39,0.524547379444444,3.39,0.524614696944444,3.39
0.524885990277778,3.39,0.524825057222222,3.4,0.524892723055556,3.39
0.525163646666667,3.39,0.525103379444445,3.39,0.525170656666667,3.39
0.525441773611111,3.39,0.525381598055556,3.39,0.525448459444444,3.39
0.525719756944444,3.39,0.525659183611111,3.39,0.525726191388889,3.4
0.525997562777778,3.39,0.525937249444444,3.39,0.526003899444444,3.39
0.526275368055556,3.39,0.526215074166667,3.4,0.526281730833333,3.39
0.526553384722222,3.39,0.526492474166667,3.4,0.526559702777778,3.4
0.52683121,3.39,0.526770734444444,3.39,0.526837225,3.39
0.527109278611111,3.39,0.527049055277778,3.4,0.527114987777778,3.4
0.527386571388889,3.39,0.527326678611111,3.39,0.527392843888889,3.39
0.527664666388889,3.39,0.527604434444444,3.4,0.52767056,3.39
0.527942573611111,3.39,0.527882665,3.39,0.527948453611111,3.39
0.528220381666667,3.39,0.528160582777778,3.39,0.528226215833333,3.4
0.528498299166667,3.39,0.528438125833333,3.4,0.528503592777778,3.4
0.528776101388889,3.39,0.528716305,3.39,0.528781750833333,3.39
0.529053893333333,3.39,0.528994173611111,3.4,0.529059211944444,3.39
0.529331592222222,3.39,0.529272343055556,3.39,0.529336932222222,3.39
0.529609498611111,3.39,0.529549989166667,3.39,0.529615483888889,3.39
0.529887076944444,3.39,0.529827897222222,3.39,0.529893096388889,3.39
0.530164876111111,3.39,0.530105906111111,3.39,0.530170963333333,3.39
0.53044284,3.39,0.530383732777778,3.4,0.5304486025,3.39
0.5307208675,3.39,0.530661687222222,3.39,0.530726599444444,3.39
0.530998614722222,3.39,0.530939336388889,3.4,0.531004305,3.39
0.531276273888889,3.39,0.531217687777778,3.4,0.531282192222222,3.39
0.531554006944444,3.4,0.531495285833333,3.39,0.531560289444444,3.39
0.531832179722222,3.39,0.531772980555556,3.39,0.531838181944444,3.39
0.532110563055556,3.39,0.532051163888889,3.39,0.532116428333333,3.39
0.532387947777778,3.39,0.532329099444444,3.39,0.532394366666667,3.4
0.5326661125,3.39,0.532606847222222,3.4,0.532672400555556,3.39
0.532944073611111,3.39,0.532884833055556,3.4,0.532950317222222,3.4
0.53322191,3.4,0.533162673055556,3.4,0.533228175833333,3.39
0.533499519444444,3.39,0.533440258611111,3.39,0.533506039166667,3.39
0.533777472777778,3.39,0.533718573888889,3.39,0.533783751388889,3.39
0.5340552225,3.39,0.533996516388889,3.4,0.534061764722222,3.39
0.53433319,3.39,0.534274331111111,3.4,0.534339830555556,3.39
0.534611281944445,3.4,0.534552048055556,3.4,0.534617723888889,3.39
0.534889188888889,3.39,0.534830405277778,3.39,0.534895266388889,3.39
0.535167011666667,3.39,0.535108232222222,3.39,0.535173645,3.39
0.535444793055556,3.39,0.535385811111111,3.39,0.535451520555556,3.4
0.535722785277778,3.39,0.535663606666667,3.39,0.535729356944444,3.39
0.536000650277778,3.39,0.535941737222222,3.4,0.536007264722222,3.39
0.536278623611111,3.39,0.536219580833333,3.39,0.536285173888889,3.39
0.536556469722222,3.39,0.536497399444444,3.4,0.536563012222222,3.39
0.536834112222222,3.39,0.536775009444444,3.4,0.536841216666667,3.39
0.537112033888889,3.39,0.537053031388889,3.39,0.537118804166667,3.4
0.537389771388889,3.39,0.537331043611111,3.39,0.537396675,3.39
0.537667681944444,3.39,0.537609026111111,3.4,0.537674359444444,3.39
0.537945733333333,3.39,0.537886555,3.39,0.537952155555556,3.39
0.538223474166667,3.39,0.538164391388889,3.39,0.538229951388889,3.39
0.538501568888889,3.39,0.538442218333333,3.39,0.538507820277778,3.4
0.538779318333333,3.39,0.538720225277778,3.4,0.538785499166667,3.4
0.539057250833333,3.39,0.538998132222222,3.4,0.539063273888889,3.39
0.539335354444444,3.4,0.5392758475,3.39,0.539341210277778,3.4
0.539613073333333,3.39,0.539553391944445,3.4,0.539618935833333,3.39
0.539890882222222,3.39,0.539831443888889,3.4,0.539896851388889,3.39
0.540168261944444,3.39,0.540109433055556,3.4,0.540174843333333,3.39
0.540446225277778,3.39,0.540386989166667,3.4,0.540452693611111,3.39
0.540724071944444,3.39,0.540664943055556,3.4,0.540730929722222,3.4
0.541001938333333,3.39,0.540942676111111,3.39,0.54100905,3.4
0.541279705833333,3.39,0.541220448333333,3.39,0.541286704722222,3.39
0.541557175555555,3.4,0.541498521944444,3.4,0.541564453055556,3.39
0.541835296944444,3.39,0.541776189444444,3.4,0.541842116666667,3.39
0.542113386666667,3.39,0.542053696111111,3.4,0.542120279444444,3.4
0.542391500555556,3.39,0.542331709722222,3.39,0.542398201666667,3.39
0.542669140277778,3.39,0.542609801111111,3.4,0.542675608055555,3.39
0.542947017222222,3.39,0.542887509166667,3.4,0.542953761666667,3.39
0.543224862222222,3.39,0.5431652675,3.4,0.543231616944444,3.39
0.543502906388889,3.39,0.543442806388889,3.4,0.543509459722222,3.39
0.5437807725,3.39,0.543720688333333,3.4,0.543787218333333,3.39
0.544058705277778,3.39,0.543998870833333,3.4,0.544065216944444,3.39
0.544336334722222,3.39,0.544276644444444,3.4,0.544342810555556,3.39
0.544614424166667,3.39,0.544554383333333,3.4,0.544620509444444,3.39
0.544892312777778,3.39,0.5448321075,3.4,0.544898221111111,3.39
0.54516989,3.39,0.545109701666667,3.39,0.545176103888889,3.4
0.545448164722222,3.39,0.545388135,3.39,0.545454046388889,3.39
0.545726126944444,3.39,0.545665935555556,3.39,0.545732021388889,3.4
0.546003941111111,3.39,0.545943821944444,3.4,0.546010489444444,3.39
0.546281855277778,3.39,0.546221848888889,3.4,0.546288188055556,3.39
0.546559676666667,3.39,0.546499556388889,3.4,0.546565645555556,3.39
0.546837470277778,3.39,0.546777763055556,3.39,0.546843369444444,3.4
0.547115136666667,3.4,0.547055698333333,3.4,0.547121395277778,3.4
0.547393085833333,3.39,0.547333244166667,3.4,0.547399364444444,3.39
0.547670721666667,3.39,0.547611532222222,3.39,0.547677395555556,3.39
0.547948450277778,3.39,0.547889126944444,3.39,0.547954996944444,3.39
0.548226499444444,3.39,0.548166984722222,3.4,0.548232495,3.39
0.548504518333333,3.39,0.548444758055556,3.4,0.548510859444444,3.39
0.548782150277778,3.39,0.548722423888889,3.39,0.548788848611111,3.4
0.549059753611111,3.39,0.549000261111111,3.4,0.549066843055556,3.4
0.549337639166667,3.39,0.5492785075,3.4,0.549344761388889,3.4
0.549615158611111,3.39,0.549555882777778,3.4,0.549622616388889,3.4
0.549893309722222,3.39,0.549833859722222,3.39,0.549900304166667,3.4
0.550171468055556,3.39,0.550111699722222,3.39,0.550177981388889,3.39
0.550449195833333,3.39,0.550389495833333,3.4,0.550455956666667,3.39
0.550727329166667,3.39,0.550667595,3.4,0.550733840277778,3.4
0.551004623888889,3.39,0.550945151666667,3.4,0.5510115425,3.39
0.551282418611111,3.39,0.551223261666667,3.39,0.551289203888889,3.39
0.551560456388889,3.39,0.551501269722222,3.4,0.551567038611111,3.4
0.5518386475,3.39,0.551779386111111,3.4,0.551845193888889,3.39
0.552116428055555,3.39,0.552057028888889,3.4,0.552122690555556,3.39
0.552394120833333,3.39,0.552334932777778,3.4,0.552400528611111,3.4
0.552672080555556,3.39,0.552612789444444,3.4,0.552678386944444,3.4
0.552950147222222,3.39,0.552890739444444,3.4,0.5529563725,3.39
0.553227675833333,3.39,0.553168576944444,3.4,0.5532343225,3.4
0.553505909444444,3.39,0.553447030555556,3.4,0.553511761666667,3.4
0.553783638888889,3.39,0.5537245875,3.4,0.553789927222222,3.4
0.554061383611111,3.39,0.554002270833333,3.4,0.554067553611111,3.39
0.554339791666667,3.4,0.554280197777778,3.4,0.554345483888889,3.39
0.554617213611111,3.39,0.554558025833333,3.4,0.554623508611111,3.4
0.554895484444444,3.4,0.554836022777778,3.4,0.554901545277778,3.39
0.555173708333333,3.39,0.555113776388889,3.4,0.555179203611111,3.39
0.555451335833333,3.39,0.5553911025,3.39,0.555457178888889,3.4
0.5557294725,3.4,0.555669419166667,3.4,0.555735407222222,3.4
0.556007111944444,3.39,0.555947246666667,3.4,0.556013446111111,3.39
0.556285019444444,3.39,0.556225190277778,3.4,0.556291275,3.39
0.556562756111111,3.39,0.556502780833333,3.4,0.556569340277778,3.39
0.5568404775,3.39,0.556780781666667,3.4,0.556847010277778,3.39
0.557118472777778,3.39,0.557059030833333,3.4,0.557124505,3.4
0.557396171111111,3.39,0.557336853055556,3.4,0.557402348611111,3.4
0.557673760277778,3.39,0.557614729166667,3.4,0.557680633611111,3.4
0.557951759722222,3.39,0.557892638055556,3.4,0.557958796388889,3.4
0.558229754722222,3.39,0.558170309722222,3.4,0.558236879166667,3.4
0.558507440277778,3.39,0.558448156388889,3.4,0.558514224166667,3.39
0.558785228888889,3.39,0.558726169444444,3.4,0.558792245833333,3.39
0.559063426111111,3.4,0.559003857777778,3.4,0.559070188333333,3.4
0.559341135833333,3.4,0.559281571944444,3.4,0.559347738055556,3.4
0.5596192325,3.4,0.559559823333333,3.4,0.559625855555556,3.4
0.559897210277778,3.39,0.559837500555556,3.39,0.559904028888889,3.39
0.560174579722222,3.4,0.560115398333333,3.4,0.560182083888889,3.4
0.560452785277778,3.39,0.560392796111111,3.4,0.560459923611111,3.4
0.560730426111111,3.39,0.560671051111111,3.4,0.560738046388889,3.4
0.561008845277778,3.39,0.560948773611111,3.4,0.5610155875,3.39
0.561286706111111,3.39,0.561226888888889,3.39,0.561293647777778,3.39
0.561564592777778,3.4,0.561504680277778,3.39,0.561571390277778,3.39
0.561842230277778,3.39,0.561782450277778,3.4,0.561849098333333,3.39
0.562120110833333,3.4,0.56206038,3.4,0.562127284444444,3.39
0.562397771944444,3.39,0.562338238333333,3.39,0.562405135555556,3.4
0.562675660833333,3.4,0.562616079444444,3.4,0.562682761944444,3.39
0.562953644722222,3.4,0.562893975833333,3.4,0.562960487222222,3.4
0.563231830277778,3.39,0.563171665,3.4,0.563238338888889,3.4
0.563510331388889,3.4,0.5634493275,3.4,0.563516347222222,3.4
0.563788003611111,3.39,0.563727069444444,3.4,0.5637942825,3.4
0.564065813333333,3.39,0.564004741666667,3.4,0.564071873055556,3.39
0.564343703333333,3.39,0.564282965555556,3.4,0.564349540555556,3.4
0.564621448333333,3.39,0.564560929166667,3.39,0.564627459722222,3.4
0.564899325833333,3.39,0.564838752777778,3.4,0.564905198055556,3.39
0.565177054722222,3.39,0.565116682777778,3.4,0.5651831025,3.39
0.565455051666667,3.4,0.56539467,3.4,0.565460816944444,3.4
0.565732445277778,3.4,0.565672533888889,3.4,0.565738683055556,3.39
0.566010195277778,3.39,0.565950686111111,3.4,0.566016399444444,3.4
0.566288189166667,3.4,0.566228246388889,3.4,0.566294298055556,3.39
0.566566173888889,3.4,0.566506114166667,3.4,0.5665721825,3.4
0.566843952222222,3.4,0.566783856111111,3.39,0.566850462222222,3.4
0.56712192,3.39,0.56706173,3.4,0.567127955277778,3.4
0.567399874722222,3.4,0.567339812777778,3.4,0.567405889444444,3.39
0.567677896944444,3.39,0.567617751388889,3.4,0.567683804722222,3.39
0.567955744722222,3.4,0.567895310833333,3.4,0.5679616425,3.4
0.568233658888889,3.39,0.568173012777778,3.4,0.5682398925,3.4
0.568511788611111,3.39,0.568451312777778,3.4,0.56851795,3.4
0.568789604444444,3.39,0.568728918333333,3.39,0.568795799444444,3.4
0.5690680825,3.4,0.569006723055556,3.4,0.569073544722222,3.4
0.569346092777778,3.39,0.569284582222222,3.4,0.569351229444444,3.4
0.569623686666667,3.39,0.569562268888889,3.4,0.5696293175,3.4
0.569901924166667,3.39,0.569840400833333,3.4,0.569906999722222,3.4
0.570179303888889,3.4,0.570118366388889,3.4,0.570185098888889,3.4
0.570457384166667,3.39,0.570395784722222,3.4,0.5704627475,3.39
0.570735364444445,3.39,0.570674065277778,3.4,0.570741059166667,3.39
0.571013333611111,3.4,0.570952073333333,3.4,0.571018570277778,3.4
0.57129072,3.39,0.5712299225,3.4,0.571296239166667,3.4
0.57156903,3.4,0.571507907777778,3.4,0.571573920277778,3.4
0.571846951111111,3.39,0.571785262777778,3.4,0.571852141388889,3.4
0.572124660277778,3.4,0.5720636725,3.4,0.572129834166667,3.39
0.572402441111111,3.4,0.572341728611111,3.4,0.572407418888889,3.4
0.572680332777778,3.4,0.572619596666667,3.4,0.572685225833333,3.4
0.572958259722222,3.4,0.572897447777778,3.4,0.572962765277778,3.4
0.573235965555556,3.39,0.573175269166667,3.4,0.573240665277778,3.4
0.573514026944444,3.39,0.573453351666667,3.4,0.573518736388889,3.4
0.573791956666667,3.39,0.573731088611111,3.4,0.573796154722222,3.4
0.574069300833333,3.4,0.574009230277778,3.4,0.5740739925,3.4
0.574347615833333,3.39,0.574286964444444,3.4,0.574351806111111,3.4
0.574625188333333,3.4,0.574564690277778,3.4,0.574629918888889,3.4
0.574903003055556,3.39,0.574842428888889,3.4,0.574907985277778,3.4
0.575181066666667,3.4,0.575120175833333,3.4,0.575185603055556,3.4
0.575458781111111,3.4,0.575398495,3.4,0.575463426944444,3.4
0.575737030277778,3.39,0.575675870277778,3.4,0.575741506666667,3.4
0.576014696944444,3.39,0.575953943333333,3.4,0.576019651111111,3.4
0.576292463055555,3.4,0.576231505555555,3.4,0.576297249166667,3.4
0.576570225277778,3.39,0.576509654444444,3.4,0.576574971944444,3.4
0.576848104166667,3.4,0.5767874475,3.4,0.576852799166667,3.4
0.577125980277778,3.39,0.577065383888889,3.4,0.577130555833333,3.4
0.577403989444444,3.39,0.577343301111111,3.4,0.577408451111111,3.4
0.577681706666667,3.4,0.577621256944444,3.4,0.577686297777778,3.4
0.577959010833333,3.4,0.577898811666667,3.4,0.577964391666667,3.4
0.578237493333333,3.4,0.578176591944444,3.4,0.578241981666667,3.4
0.578515175555556,3.4,0.578454563333333,3.4,0.578520040277778,3.4
0.578792963333333,3.4,0.578732247222222,3.4,0.578797921388889,3.4
0.579070677222222,3.39,0.579010223611111,3.4,0.579075707222222,3.4
0.579348455555555,3.39,0.579288043055556,3.4,0.579353711388889,3.4
0.579626335,3.4,0.579565509166667,3.4,0.5796315775,3.4
0.5799038875,3.4,0.579843526944445,3.4,0.579909067222222,3.4
0.580181825833333,3.4,0.580121382777778,3.4,0.580187425277778,3.4
0.580459583611111,3.4,0.580399442777778,3.4,0.580465083888889,3.4
0.580737642777778,3.39,0.580677328333333,3.4,0.580743010277778,3.4
0.581015805555556,3.4,0.580955249444444,3.4,0.581021045,3.4
0.581293586666667,3.4,0.581233196666667,3.4,0.5812985975,3.4
0.581571581111111,3.4,0.581510939444444,3.4,0.581576188333333,3.4
0.581849500277778,3.4,0.581788743333333,3.4,0.581854285833333,3.4
0.582127503611111,3.4,0.582066323888889,3.4,0.582132041388889,3.4
0.582405398055555,3.39,0.582344453611111,3.4,0.582409799166667,3.4
0.582683064722222,3.4,0.582622241944444,3.4,0.582687430555556,3.4
0.582960963888889,3.4,0.582900388333333,3.4,0.582965484166667,3.4
0.583238679166667,3.39,0.583178056111111,3.4,0.583243405833333,3.4
0.583516528333333,3.39,0.583456053611111,3.4,0.583521577222222,3.4
0.583794327222222,3.4,0.583733909166667,3.4,0.583799295555556,3.4
0.5840723625,3.4,0.584011710277778,3.4,0.5840768775,3.4
0.584350255555556,3.4,0.584289393888889,3.4,0.584354813888889,3.4
0.584628088333333,3.4,0.584567033333333,3.4,0.5846326725,3.4
0.584905556666667,3.4,0.5848451675,3.4,0.584910473888889,3.39
0.58518333,3.39,0.585122852222222,3.4,0.585188247777778,3.4
0.585461715277778,3.39,0.585401055833333,3.4,0.585465966666667,3.4
0.5857392075,3.39,0.585679150555556,3.4,0.585743674444444,3.4
0.586017402222222,3.4,0.585957051388889,3.4,0.586021151944444,3.4
0.586295277222222,3.4,0.586235146388889,3.4,0.586299068055556,3.4
0.586572938333333,3.4,0.586513021944444,3.4,0.586577028333333,3.4
0.586850968333333,3.39,0.586790868333333,3.4,0.586854783055556,3.4
0.587128892777778,3.39,0.587068366944444,3.4,0.587132661666667,3.4
0.587406239444444,3.4,0.587346509166667,3.4,0.587410656666667,3.4
0.587684123333333,3.4,0.587624399166667,3.4,0.587688171388889,3.4
0.58796216,3.4,0.587902361944444,3.4,0.587966136111111,3.4
0.588239915,3.4,0.588180436666667,3.4,0.588244325833333,3.4
0.588517744166667,3.4,0.588458068611111,3.4,0.588521903333333,3.4
0.588795435277778,3.39,0.588736154722222,3.4,0.588799909166667,3.4
0.589073419444444,3.4,0.589014224166667,3.4,0.589077683333333,3.4
0.589351376111111,3.4,0.589291956388889,3.4,0.589355558611111,3.4
0.589629213611111,3.4,0.589569761111111,3.4,0.589633481666667,3.4
0.589906889444444,3.4,0.589847876388889,3.4,0.589911371944444,3.4
0.590184719166667,3.4,0.590125798333333,3.4,0.590188568333333,3.4
0.590462388055556,3.4,0.590403774166667,3.4,0.590466706944444,3.4
0.590740503055555,3.4,0.590681447222222,3.4,0.590744398611111,3.4
0.591018316944445,3.4,0.590959144722222,3.4,0.591022688611111,3.4
0.591295700555556,3.39,0.591236858333333,3.4,0.591300381388889,3.4
0.591573729166667,3.4,0.591514795,3.4,0.591578338611111,3.4
0.591851820277778,3.4,0.591792716111111,3.4,0.591856224444445,3.4
0.592129751944445,3.4,0.592070571388889,3.4,0.592134271666667,3.4
0.592407543333333,3.4,0.592348708888889,3.4,0.592412163611111,3.4
0.592685565,3.4,0.592626630833333,3.4,0.592689683611111,3.4
0.592963352222222,3.4,0.5929044575,3.4,0.592967826666667,3.4
0.593241545555556,3.4,0.593182360555556,3.4,0.5932452475,3.4
0.593519373611111,3.4,0.593460348055556,3.4,0.593523715833333,3.4
0.593797117777778,3.4,0.593738434166667,3.4,0.593801502777778,3.4
0.594075080277778,3.4,0.5940163375,3.4,0.594079364444444,3.4
0.594352868333333,3.39,0.594293907222222,3.4,0.594357229722222,3.4
0.594630432777778,3.4,0.594571960277778,3.4,0.594635339444444,3.4
0.594908631944445,3.4,0.594850118611111,3.4,0.594912802777778,3.4
0.595186260277778,3.39,0.595127726388889,3.4,0.595190895,3.4
0.595464242222222,3.4,0.595405474166667,3.4,0.595468509722222,3.4
0.595741937222222,3.4,0.595683395,3.4,0.595746732222222,3.4
0.596019640277778,3.4,0.595961042222222,3.4,0.596024255,3.4
0.596297493611111,3.4,0.5962388175,3.4,0.5963024575,3.4
0.596575392777778,3.4,0.596516629722222,3.4,0.596580366666667,3.4
0.596853095833333,3.4,0.596794506666667,3.4,0.596858190833333,3.4
0.597131037777778,3.4,0.597072040833333,3.4,0.597135565833333,3.4
0.597408643888889,3.4,0.597350100833333,3.4,0.597413766944444,3.4
0.597686521666667,3.4,0.597628033055556,3.4,0.597691348888889,3.4
0.597964388055556,3.4,0.597906346944444,3.4,0.597969388333333,3.4
0.598242559166667,3.4,0.598184346944444,3.4,0.598247276666667,3.4
0.598520145,3.4,0.598462079722222,3.4,0.598525400833333,3.4
0.598797752222222,3.4,0.598739808055556,3.4,0.598802822222222,3.4
0.599075925,3.4,0.599017449722222,3.4,0.599080788333333,3.4
0.599353566944444,3.4,0.599295281388889,3.4,0.599358707777778,3.4
0.599631803611111,3.4,0.599572916388889,3.4,0.599636559166667,3.4
0.599909543888889,3.4,0.599850843333333,3.4,0.599913936666667,3.4
0.600187375,3.39,0.600128622222222,3.4,0.600192046944445,3.4
0.600464867777778,3.4,0.600406341111111,3.4,0.600469719166667,3.4
0.600743246666667,3.4,0.600684558888889,3.4,0.600747765277778,3.4
0.601021374444444,3.4,0.600962601666667,3.4,0.601025701666667,3.4
0.601299166944444,3.4,0.601240256666667,3.4,0.601303534444444,3.4
0.601577036111111,3.39,0.601517989722222,3.4,0.601581538333333,3.4
0.601854913611111,3.4,0.601795679166667,3.4,0.601859128611111,3.4
0.602133051388889,3.4,0.602073366388889,3.4,0.602137093055556,3.4
0.602410455833333,3.4,0.602351282222222,3.4,0.602414661111111,3.4
0.602688561666667,3.4,0.602629035833333,3.4,0.602692645555555,3.4
0.602966163888889,3.4,0.602907006944444,3.4,0.602970076666667,3.4
0.603243993333333,3.4,0.6031849175,3.4,0.603248078055556,3.4
0.603521864444444,3.4,0.603462891944444,3.4,0.603526045555556,3.4
0.603799377222222,3.4,0.603740440555556,3.4,0.603804149722222,3.4
0.604077605555556,3.4,0.604018126388889,3.4,0.604081704166667,3.4
0.604355393888889,3.4,0.604295843888889,3.4,0.604359763333333,3.4
0.604632913888889,3.4,0.604573643888889,3.4,0.604637523611111,3.4
0.604910531388889,3.4,0.604851443055556,3.4,0.604915418055556,3.4
0.605188272777778,3.4,0.605129589166667,3.4,0.60519299,3.4
0.605466441944445,3.4,0.605407517222222,3.4,0.605470878888889,3.4
0.605744005555556,3.4,0.605685440555556,3.4,0.605748885833333,3.4
0.606022184444444,3.4,0.605963050833333,3.4,0.606026614444444,3.4
0.606299608333333,3.4,0.606240919166667,3.4,0.606304454722222,3.4
0.606577665,3.4,0.606518750833333,3.4,0.606582771666667,3.4
0.606855792222222,3.4,0.606796843888889,3.4,0.606860840555555,3.4
0.607133656111111,3.4,0.60707493,3.4,0.607138596944444,3.4
0.607411532777778,3.4,0.607352505555556,3.4,0.607416481666667,3.4
0.607689508888889,3.4,0.607630604166667,3.4,0.607694317222222,3.4
0.607967334444445,3.4,0.607908761111111,3.4,0.607971869722222,3.4
0.60824493,3.4,0.608186683333333,3.4,0.608249621111111,3.4
0.608523077777778,3.4,0.608464749722222,3.4,0.608527448333333,3.4
0.608800968333333,3.4,0.608742743055556,3.4,0.608805663055556,3.4
0.609078956666667,3.4,0.60902071,3.4,0.609083519166667,3.4
0.609356619444444,3.4,0.60929859,3.4,0.609361360555556,3.4
0.609634503333333,3.4,0.609576590555556,3.4,0.609639225555555,3.4
0.609912314166667,3.4,0.609854206666667,3.4,0.609917008333333,3.4
0.610190221388889,3.4,0.610131961944444,3.4,0.610195006111111,3.4
0.610468299722222,3.4,0.610409876666667,3.4,0.610472696388889,3.4
0.610746128333333,3.4,0.610687969444444,3.4,0.610750984166667,3.4
0.611023804722222,3.4,0.610965785277778,3.4,0.611028331388889,3.4
0.611301668888889,3.4,0.611243696111111,3.4,0.611306105277778,3.4
0.611579769166667,3.4,0.611521413055556,3.4,0.611584352777778,3.4
0.611857158333333,3.4,0.611799294722222,3.4,0.611861855,3.4
0.612135346666667,3.4,0.612077308055556,3.4,0.612139543888889,3.4
0.61241356,3.4,0.612354985277778,3.4,0.612417483333333,3.4
0.612691366111111,3.4,0.612632674722222,3.4,0.612695286111111,3.4
0.612969500277778,3.39,0.612910871944444,3.4,0.6129732325,3.4
0.613247033333333,3.4,0.613189065833333,3.4,0.613251262777778,3.4
0.613524935833333,3.4,0.613466662777778,3.4,0.613529138333333,3.4
0.613802739722222,3.4,0.613744553333333,3.4,0.613807300555556,3.4
0.614080391666667,3.4,0.614022581944444,3.4,0.614084906111111,3.4
0.614358204444444,3.39,0.614300304722222,3.4,0.614362882777778,3.4
0.614636121388889,3.4,0.614578311666667,3.4,0.614640518055556,3.4
0.61491421,3.4,0.614856355833333,3.4,0.614918028055556,3.4
0.615192068055555,3.4,0.615134210833333,3.4,0.615196565555556,3.4
0.615469631388889,3.4,0.615412257777778,3.4,0.615474142222222,3.4
0.615747778333333,3.4,0.615690121388889,3.4,0.6157519725,3.4
0.616025589444444,3.4,0.6159681425,3.4,0.616029909166667,3.4
0.616303173055556,3.4,0.616245950277778,3.4,0.616307527222222,3.4
0.6165809475,3.4,0.616523540555556,3.4,0.616585284166667,3.4
0.616858523333333,3.4,0.616801336666667,3.4,0.616863375277778,3.4
0.617136621388889,3.4,0.617079410277778,3.4,0.617141300555555,3.4
0.617414827777778,3.4,0.617357212222222,3.4,0.617418864722222,3.4
0.617692394166667,3.4,0.617634908888889,3.4,0.617696882222222,3.4
0.617970276944445,3.4,0.617912629722222,3.4,0.617974660277778,3.4
0.618248015,3.4,0.618190828055556,3.4,0.618252574444444,3.4
0.618525699444444,3.4,0.618468793055556,3.4,0.618530303333333,3.4
0.618803180833333,3.4,0.618746387777778,3.4,0.618808096944444,3.4
0.619081170277778,3.4,0.61902477,3.4,0.619085969166667,3.4
0.619359091666667,3.4,0.619302640277778,3.4,0.619363455833333,3.4
0.619637269444445,3.4,0.619580256111111,3.4,0.619641584722222,3.4
0.619914898611111,3.4,0.619858400833333,3.4,0.619919577777778,3.4
0.620192670833333,3.4,0.620135890555556,3.4,0.620197198888889,3.4
0.620470529722222,3.4,0.620413573888889,3.4,0.620475261111111,3.4
0.620748282222222,3.4,0.620691758611111,3.4,0.620753205277778,3.4
0.621025995833333,3.4,0.620969523333333,3.4,0.621031099444444,3.4
0.621303735833333,3.4,0.621247288888889,3.4,0.621308931388889,3.4
0.621581356666667,3.4,0.621525068333333,3.4,0.621586689444444,3.4
0.6218593325,3.4,0.621802998055556,3.4,0.621864545555556,3.4
0.622137155,3.4,0.622081138611111,3.4,0.6221422125,3.4
0.622415058055556,3.4,0.622358688333333,3.4,0.622420005277778,3.4
0.622692648333333,3.4,0.622636618611111,3.4,0.622697765,3.4
0.622970805833333,3.4,0.622914620555556,3.4,0.622975544444444,3.4
0.623248554722222,3.4,0.623192531388889,3.4,0.6232533325,3.4
0.623526408333333,3.4,0.623470704722222,3.4,0.623530970277778,3.4
0.623804741388889,3.4,0.623748765,3.4,0.623808984722222,3.4
0.624082453333333,3.4,0.624026066111111,3.4,0.6240866575,3.4
0.624359972777778,3.4,0.624304404722222,3.4,0.624364540555555,3.4
0.624638051388889,3.4,0.624582526388889,3.4,0.624642220277778,3.4
0.624915747222222,3.4,0.624860241944444,3.4,0.624920229166667,3.4
0.62519385,3.4,0.625138142222222,3.4,0.625198271388889,3.4
0.625471663611111,3.4,0.625415572222222,3.4,0.625476505555556,3.4
0.625749363333333,3.4,0.625694084166667,3.4,0.625754270555556,3.4
0.62602681,3.4,0.625972428611111,3.4,0.626032334444444,3.4
0.626304940555556,3.4,0.626249812777778,3.4,0.626309900277778,3.4
0.626582634444444,3.4,0.626527776111111,3.4,0.626587756944444,3.4
0.626860509444444,3.4,0.626805816666667,3.4,0.626865542777778,3.4
0.627138191944444,3.4,0.627083805,3.4,0.627143713611111,3.4
0.627415875555556,3.4,0.627361341944444,3.4,0.627421319444444,3.4
0.627693767222222,3.4,0.6276393175,3.4,0.627699153055556,3.4
0.627971626944445,3.4,0.627917283888889,3.4,0.627977070833333,3.4
0.628249530555556,3.4,0.628195271111111,3.4,0.628254916666667,3.4
0.628527408333333,3.4,0.62847324,3.4,0.628532900277778,3.4
0.628805610277778,3.4,0.628751093055556,3.4,0.628810900555556,3.4
0.629083561388889,3.4,0.629028786944444,3.4,0.629088513055556,3.4
0.629361426388889,3.4,0.629306685833333,3.4,0.629366493888889,3.4
0.6296392775,3.4,0.629584514166667,3.4,0.629644256111111,3.4
0.629916806388889,3.4,0.629862209166667,3.4,0.629921631666667,3.4
0.630195024444444,3.4,0.630139845833333,3.4,0.630199914722222,3.4
0.630472803888889,3.4,0.630417778611111,3.4,0.630477775,3.4
0.630750405277778,3.4,0.630695266111111,3.4,0.630755681944445,3.4
0.631027959722222,3.4,0.630973629444444,3.4,0.631033559444444,3.4
0.631305995833333,3.4,0.631251416111111,3.4,0.6313113875,3.4
0.631583908055556,3.4,0.631529204722222,3.4,0.631589876388889,3.4
0.631861431111111,3.4,0.631807058333333,3.4,0.631868391111111,3.4
0.632139518333333,3.4,0.632085068333333,3.4,0.632146283611111,3.4
0.632417240833333,3.4,0.632363486388889,3.4,0.632424028055556,3.4
0.632695191111111,3.4,0.632640970833333,3.4,0.632702106944445,3.4
0.632972692777778,3.4,0.632918784444444,3.4,0.632979930833333,3.4
0.633250963055556,3.4,0.633196640277778,3.4,0.633257779722222,3.4
0.633529066111111,3.4,0.633474529722222,3.4,0.633535741666667,3.4
0.633806806666667,3.4,0.633752195833333,3.4,0.633813826944444,3.4
0.634084987777778,3.4,0.6340304275,3.4,0.634091515277778,3.4
0.6343627225,3.4,0.634308054166667,3.4,0.634369323333333,3.4
0.634640617777778,3.4,0.634585923055556,3.4,0.634647536944445,3.4
0.634918219166667,3.4,0.6348636875,3.4,0.634925442777778,3.4
0.635196247777778,3.4,0.635141863888889,3.4,0.635203206666667,3.4
0.635474259444444,3.4,0.635419654166667,3.4,0.635481074444444,3.4
0.635751848333333,3.4,0.635697655277778,3.4,0.635758877777778,3.4
0.636029877222222,3.4,0.635975371666667,3.4,0.636037170555556,3.4
0.636307757222222,3.4,0.636253341944444,3.4,0.636314713888889,3.4
0.636585679444444,3.4,0.636531439166667,3.4,0.636592506111111,3.4
0.636863568611111,3.4,0.636809558333333,3.4,0.636870349444445,3.4
0.6371409975,3.4,0.637087166388889,3.4,0.637148241388889,3.4
0.637419207222222,3.4,0.637364979166667,3.4,0.637425948888889,3.4
0.637696976388889,3.4,0.637643067222222,3.4,0.637703446111111,3.4
0.637975069166667,3.4,0.637920905,3.4,0.637981620555556,3.4
0.638252573888889,3.4,0.638198522222222,3.4,0.638259945277778,3.4
0.638530579722222,3.4,0.638476572777778,3.4,0.638537851666667,3.4
0.638808405,3.4,0.638754114166667,3.4,0.638816025,3.4
0.639085774722222,3.4,0.639031998333333,3.4,0.639094012777778,3.4
0.639363798333333,3.4,0.639310193055555,3.4,0.639371608055555,3.4
0.639641835555556,3.4,0.639587951666667,3.4,0.639649326111111,3.4
0.639919764722222,3.4,0.639865805555556,3.4,0.639926926944445,3.4
0.640197284722222,3.4,0.640143702222222,3.4,0.640205139444444,3.4
0.640475298611111,3.4,0.640421495,3.4,0.640482936666667,3.4
0.640752771944444,3.4,0.640699379444444,3.4,0.640760543611111,3.4
0.641030770555556,3.4,0.640977377777778,3.4,0.6410387425,3.4
0.641308551111111,3.4,0.641254772777778,3.411,0.641316640555555,3.4
0.641586451666667,3.4,0.641533085833333,3.4,0.641594666388889,3.4
0.6418646125,3.4,0.641810841111111,3.4,0.641872967222222,3.4
0.642142667777778,3.4,0.642088783333333,3.4,0.642150564722222,3.4
0.642420850277778,3.4,0.6423663575,3.4,0.642428014166667,3.4
0.642698703333333,3.4,0.642644528888889,3.411,0.642706178333333,3.4
0.642976576666667,3.4,0.642922223333333,3.4,0.642984648611111,3.4
0.643254385277778,3.4,0.643199748333333,3.411,0.643262030277778,3.4
0.643532158888889,3.4,0.643477888888889,3.4,0.643540002222222,3.4
0.643810388055556,3.4,0.643755641388889,3.4,0.6438177675,3.4
0.644088421111111,3.4,0.644033455277778,3.4,0.644095784444444,3.4
0.644366025277778,3.4,0.644310834166667,3.4,0.644373549444444,3.4
0.644643854166667,3.4,0.644588975555556,3.4,0.644651521388889,3.4
0.644921608333333,3.4,0.644866620277778,3.4,0.644928930555556,3.4
0.645199531111111,3.4,0.645144127222222,3.4,0.645207540555556,3.4
0.645477105277778,3.4,0.645422239166667,3.4,0.645485242222222,3.4
0.645755061388889,3.4,0.645700216944444,3.4,0.645763486111111,3.4
0.646032793055555,3.4,0.645978031944444,3.4,0.646040898055556,3.4
0.646310195,3.4,0.646255819444444,3.4,0.646318808055556,3.4
0.646588055555556,3.4,0.646533413888889,3.4,0.646596799166667,3.4
0.646866057777778,3.4,0.646811372222222,3.4,0.64687482,3.4
0.647144230277778,3.4,0.647089279166667,3.4,0.647152546388889,3.4
0.6474223,3.4,0.647367116111111,3.4,0.647430327777778,3.4
0.647699855,3.4,0.647644955555556,3.4,0.647707980277778,3.4
0.647977526666667,3.4,0.647922749166667,3.4,0.647986114722222,3.4
0.648255381111111,3.4,0.648200251388889,3.4,0.648263918055556,3.4
0.648533151388889,3.4,0.648478335555556,3.4,0.648541655,3.4
0.648810890833333,3.4,0.648756235833333,3.4,0.648819568055556,3.4
0.6490892425,3.4,0.649033835277778,3.4,0.649097533055556,3.4
0.649367041388889,3.4,0.649311749166667,3.411,0.649375489444444,3.4
0.649644936666667,3.4,0.649590105833333,3.4,0.649653388888889,3.4
0.649922631944444,3.4,0.649867835,3.4,0.649931138888889,3.4
0.650200776666667,3.4,0.650145713055556,3.4,0.650209009722222,3.4
0.650478638611111,3.4,0.650423484166667,3.4,0.6504871325,3.4
0.650756447777778,3.4,0.650701390555556,3.4,0.650764768333333,3.4
0.651034505833333,3.4,0.650979146666667,3.4,0.651042705555556,3.4
0.651312438611111,3.4,0.651257045277778,3.4,0.651320393055556,3.4
0.651590244722222,3.4,0.651534761388889,3.4,0.651597900277778,3.4
0.651867918611111,3.4,0.651812843888889,3.4,0.651876299722222,3.4
0.652146012222222,3.4,0.652090855555555,3.4,0.65215387,3.4
0.652423739166667,3.4,0.652368571944444,3.4,0.652431458888889,3.4
0.652701751388889,3.4,0.652646573333333,3.4,0.652709686944444,3.4
0.6529793575,3.4,0.652923879722222,3.4,0.652987586111111,3.4
0.653257436944444,3.4,0.653202120833333,3.4,0.653265486388889,3.4
0.653535435,3.4,0.6534801025,3.4,0.653543116666667,3.4
0.653813645555556,3.4,0.653757845833333,3.4,0.653820815,3.4
0.654091698333333,3.4,0.654035866388889,3.4,0.654098904722222,3.4
0.654369813055556,3.4,0.654313732777778,3.4,0.654376439166667,3.4
0.654647283611111,3.4,0.654591608055556,3.4,0.654654521388889,3.4
0.654925293333333,3.4,0.654869541666667,3.4,0.654932326388889,3.4
0.655203099444444,3.4,0.655147240555556,3.4,0.655210080833333,3.4
0.655480425,3.4,0.655425153333333,3.4,0.655487811111111,3.4
0.655758738055556,3.4,0.655703210833333,3.4,0.655766294166667,3.4
0.656036698055556,3.4,0.65598063,3.4,0.6560436625,3.4
0.656314415,3.4,0.656258307222222,3.4,0.656321887777778,3.4
0.656591925,3.4,0.656536088888889,3.4,0.656599866111111,3.4
0.656870118055556,3.4,0.6568142275,3.4,0.656877883333333,3.4
0.657148114722222,3.4,0.657092321666667,3.4,0.657155551388889,3.4
0.6574254875,3.4,0.657369725555556,3.4,0.657433580277778,3.4
0.657703400555556,3.4,0.657647799166667,3.4,0.657711596111111,3.4
0.657981486944444,3.4,0.657925561388889,3.4,0.657989405,3.4
0.658259538055555,3.4,0.658203289166667,3.4,0.658267156388889,3.4
0.658537208333333,3.4,0.658481558611111,3.4,0.658544974722222,3.411
0.658814891111111,3.4,0.658759473333333,3.411,0.658822884722222,3.4
0.659093056666667,3.4,0.659037277222222,3.411,0.659100537777778,3.4
0.65937069,3.4,0.659314943888889,3.4,0.659378716111111,3.4
0.659648674722222,3.4,0.659592724166667,3.4,0.659656522222222,3.4
0.659926554444444,3.4,0.659870783333333,3.4,0.65993428,3.4
0.660204314722222,3.4,0.660148376666667,3.4,0.660212275555556,3.4
0.66048237,3.4,0.660426213611111,3.4,0.660489683333333,3.4
0.660760255277778,3.4,0.660704095277778,3.411,0.660767920277778,3.4
0.661038091944444,3.4,0.660981694722222,3.4,0.661046240833333,3.4
0.661316027222222,3.4,0.661259658611111,3.4,0.6613238125,3.4
0.661593808888889,3.4,0.661537741666667,3.411,0.661601804444444,3.4
0.661871636944444,3.4,0.661815664722222,3.411,0.661879663333333,3.4
0.6621493775,3.4,0.662093483333333,3.4,0.662157378333333,3.4
0.662427620833333,3.4,0.662371271111111,3.4,0.662435708055556,3.4
0.662705519444444,3.4,0.662648957777778,3.4,0.662713398611111,3.4
0.662983483611111,3.4,0.662926635555556,3.4,0.662991325,3.4
0.663261231944445,3.4,0.663204519722222,3.4,0.663269149166667,3.4
0.663539256666667,3.4,0.663482474444444,3.4,0.663546880833333,3.4
0.663816966944444,3.4,0.663759986388889,3.4,0.663824869444444,3.4
0.664094581111111,3.4,0.664038126111111,3.4,0.664102691944444,3.4
0.664372740277778,3.4,0.664315843611111,3.4,0.6643804425,3.4
0.664650673611111,3.4,0.664593688888889,3.4,0.6646579375,3.4
0.664928104444444,3.4,0.66487108,3.4,0.664935953611111,3.411
0.6652060775,3.4,0.665149335,3.4,0.665214028333333,3.4
0.665484318055556,3.4,0.665427422777778,3.4,0.6654917175,3.4
0.665762186388889,3.4,0.665705107222222,3.4,0.665769679722222,3.4
0.666040148333333,3.4,0.665982756388889,3.4,0.666047644722222,3.4
0.666318033888889,3.4,0.666260635277778,3.4,0.666325315,3.4
0.666595658333333,3.4,0.666538442222222,3.411,0.666603166111111,3.411
0.666873470555556,3.4,0.666815789166667,3.411,0.666881476666667,3.4
0.667151062222222,3.4,0.667093982222222,3.411,0.667158996666667,3.4
0.667429061666667,3.4,0.667371761944444,3.4,0.667437105277778,3.4
0.667706784722222,3.4,0.667649684444445,3.4,0.667714444444444,3.4
0.667984666944444,3.4,0.667927591666667,3.4,0.667992940555556,3.411
0.668262788888889,3.4,0.6682052325,3.411,0.668270593611111,3.4
0.668540928055556,3.4,0.668483395833333,3.4,0.668548345833333,3.4
0.668818801111111,3.4,0.6687612175,3.411,0.668826026666667,3.4
0.669096528333333,3.4,0.669038974722222,3.4,0.669103748611111,3.4
0.669374594444444,3.4,0.669316851111111,3.4,0.669382160833333,3.4
0.669652688333333,3.4,0.669594501388889,3.4,0.669660045,3.4
0.66993013,3.4,0.669872408055556,3.411,0.669937917222222,3.4
0.6702081825,3.4,0.670150183888889,3.4,0.670215633888889,3.4
0.670485907777778,3.4,0.670428034166667,3.411,0.670493401388889,3.4
0.670764061944444,3.4,0.670706240555555,3.4,0.670771369166667,3.4
0.671042085555556,3.4,0.670983825,3.4,0.671049181388889,3.4
0.6713199725,3.4,0.671261646944444,3.411,0.671327227777778,3.4
0.671597678055555,3.411,0.671539507222222,3.4,0.671605411111111,3.411
0.671875528333333,3.4,0.671816897222222,3.411,0.671883119722222,3.4
0.672153445833333,3.4,0.672095049722222,3.411,0.672160939722222,3.4
0.67243111,3.4,0.672372969166667,3.411,0.672438720277778,3.4
0.67270912,3.4,0.672650787222222,3.411,0.672716886666667,3.411
0.672987285277778,3.4,0.672928621111111,3.411,0.672994650555556,3.411
0.673265025277778,3.4,0.673206503888889,3.411,0.673272604722222,3.4
0.673542663611111,3.4,0.673484233055556,3.4,0.673550429166667,3.4
0.673820788611111,3.4,0.673761922222222,3.4,0.673828258611111,3.4
0.674098555833333,3.4,0.674039919166667,3.411,0.674105930555556,3.4
0.674376435277778,3.4,0.674317535277778,3.4,0.674383928611111,3.4
0.674654098888889,3.4,0.674595761388889,3.4,0.674661835,3.4
0.674932252222222,3.4,0.674873685277778,3.411,0.674939972777778,3.4
0.6752100125,3.4,0.675151407222222,3.4,0.675217462777778,3.4
0.675487740833333,3.4,0.675429281666667,3.411,0.675495798611111,3.4
0.675765775,3.4,0.675707066944444,3.411,0.675773721666667,3.4
0.676043327777778,3.4,0.675984643611111,3.411,0.676051085,3.4
0.676320971111111,3.4,0.6762625175,3.4,0.676329155277778,3.4
0.6765989875,3.4,0.676540661111111,3.4,0.676606869444444,3.4
0.676876534166667,3.4,0.676818198611111,3.411,0.676885003333333,3.4
0.677154843888889,3.4,0.677096145277778,3.411,0.677162633333333,3.4
0.677432659166667,3.4,0.677374299722222,3.411,0.67744062,3.4
0.677710601111111,3.4,0.677651801944444,3.411,0.677718415833333,3.411
0.677988303333333,3.4,0.677929946388889,3.411,0.677996369444445,3.4
0.678266022222222,3.4,0.678207941944445,3.4,0.678274479444444,3.411
0.678543689166667,3.4,0.678485474166667,3.411,0.678552272777778,3.4
0.678821662222222,3.4,0.678763792777778,3.411,0.678830466944444,3.4
0.6790997825,3.4,0.679041389444444,3.411,0.679107955277778,3.411
0.679377369722222,3.4,0.679318961388889,3.4,0.679385685555556,3.411
0.679655269166667,3.4,0.679597217222222,3.4,0.679663838055556,3.411
0.679933059166667,3.4,0.679874886388889,3.411,0.679941794444444,3.4
0.680210658055556,3.4,0.680152594722222,3.411,0.680219743888889,3.4
0.680488393888889,3.411,0.680430704166667,3.411,0.680497804166667,3.411
0.680766289444444,3.4,0.680708392777778,3.411,0.680775265277778,3.4
0.68104436,3.4,0.680986500277778,3.411,0.681053691388889,3.411
0.681322184444444,3.4,0.681264046944444,3.411,0.681331415,3.4
0.681599920277778,3.4,0.681542141944445,3.4,0.681609466111111,3.4
0.681878100833333,3.4,0.681820149444444,3.411,0.681887254722222,3.4
0.682155717777778,3.4,0.682097889166667,3.4,0.682165261944444,3.4
0.682433962777778,3.4,0.682375910833333,3.411,0.682443174722222,3.4
0.682711536388889,3.4,0.682653834166667,3.411,0.682720836666667,3.4
0.682989561666667,3.4,0.682931720277778,3.4,0.682998984166667,3.4
0.6832673875,3.411,0.683209461666667,3.411,0.683276739722222,3.411
0.683545153333333,3.4,0.683487850833333,3.411,0.683554369166667,3.4
0.683822738055555,3.4,0.683765686666667,3.4,0.683832178888889,3.4
0.684101094722222,3.4,0.684043290833333,3.411,0.684110250555556,3.411
0.684378815555556,3.4,0.684320833611111,3.411,0.6843876925,3.4
0.684656726944444,3.4,0.684598884722222,3.411,0.684665493055556,3.4
0.684934356944444,3.4,0.684876885833333,3.411,0.684943235277778,3.411
0.685212007222222,3.411,0.685154821666667,3.411,0.685221024166667,3.4
0.685489775833333,3.4,0.685432523611111,3.411,0.685498901666667,3.411
0.685767759166667,3.4,0.6857106075,3.411,0.685777093611111,3.4
0.686045363888889,3.4,0.685988685277778,3.411,0.686055283888889,3.4
0.686322972777778,3.4,0.686266714722222,3.411,0.686333042777778,3.411
0.686600975,3.411,0.686544134166667,3.411,0.686611042777778,3.4
0.686878935555556,3.4,0.686822253055555,3.411,0.686888835,3.411
0.68715683,3.4,0.687099836944444,3.411,0.687166754166667,3.411
0.687434669444444,3.411,0.687377806111111,3.411,0.687444626388889,3.411
0.6877125075,3.4,0.6876555325,3.411,0.687722694444444,3.4
0.687990165277778,3.4,0.687933550555556,3.411,0.688000535833333,3.411
0.688267966111111,3.4,0.688211066111111,3.411,0.688278304166667,3.411
0.688545859722222,3.411,0.688489617777778,3.411,0.688555876111111,3.411
0.688823750277778,3.4,0.688767523055556,3.411,0.688834297222222,3.4
0.689101565833333,3.4,0.689045324166667,3.411,0.689111977222222,3.411
0.689379323055555,3.411,0.689323476388889,3.411,0.689389793611111,3.411
0.689657149444444,3.4,0.689601186944444,3.411,0.689667635833333,3.4
0.689934871111111,3.4,0.689878943888889,3.4,0.689945263333333,3.411
0.690212581666667,3.4,0.690156545555556,3.411,0.690223328333333,3.4
0.690490853055556,3.411,0.690434593055556,3.411,0.690501115833333,3.4
0.690768475,3.4,0.690712259722222,3.411,0.690778913888889,3.4
0.691046309722222,3.4,0.690990053611111,3.411,0.691056883611111,3.411
0.691324049444444,3.4,0.691268024166667,3.411,0.691334427777778,3.411
0.6916017375,3.4,0.691546006388889,3.411,0.691612615,3.411
0.691879371111111,3.4,0.691823731666667,3.411,0.691890071666667,3.411
0.692157748333333,3.411,0.692101559722222,3.4,0.692168313333333,3.411
0.692435946111111,3.4,0.692379396388889,3.4,0.692446583888889,3.411
0.692713763333333,3.411,0.692657375,3.411,0.692724191388889,3.4
0.692991451944444,3.411,0.692935435833333,3.411,0.693001898333333,3.411
0.693269198055556,3.4,0.6932127625,3.411,0.693279403611111,3.4
0.693547094722222,3.4,0.693491,3.411,0.693557661111111,3.411
0.693824745555556,3.4,0.6937686075,3.411,0.693835484722222,3.411
0.694102812777778,3.4,0.694046501944444,3.411,0.694112994722222,3.4
0.694380560555556,3.411,0.694324378333333,3.411,0.694391088888889,3.411
0.694658183055556,3.411,0.694602224166667,3.411,0.694669176666667,3.411
0.694935997777778,3.4,0.694880062777778,3.411,0.694946986666667,3.411
0.695213697222222,3.4,0.695157823333333,3.411,0.695225039166667,3.411
0.695491644444444,3.4,0.695435417222222,3.411,0.695503209166667,3.411
0.695769821111111,3.4,0.695713518888889,3.411,0.695781194166667,3.411
0.696047545555556,3.4,0.695991395277778,3.411,0.696058821666667,3.411
0.696325293888889,3.411,0.696269313888889,3.411,0.696336854722222,3.411
0.696603093055556,3.4,0.696546616944444,3.411,0.696614640833333,3.4
0.696881156944444,3.411,0.696825135277778,3.411,0.696892474166667,3.4
0.697158616111111,3.411,0.697103108888889,3.411,0.697170553611111,3.4
0.697436825833333,3.411,0.697380806666667,3.411,0.697448256111111,3.4
0.697714802222222,3.4,0.697658674722222,3.4,0.697725833611111,3.411
0.697992601666667,3.411,0.697936352777778,3.411,0.698003918055556,3.411
0.698270239444444,3.4,0.698214214444444,3.411,0.698281680277778,3.4
0.698548148888889,3.411,0.698491998055556,3.411,0.698559820277778,3.411
0.698826080833333,3.4,0.698769903611111,3.411,0.698837561111111,3.411
0.699103536944444,3.411,0.699047868055556,3.411,0.699115422777778,3.411
0.699381273888889,3.411,0.699325708333333,3.411,0.699393210555555,3.411
0.699659015833333,3.4,0.699603460277778,3.411,0.699670970277778,3.411
0.699937097777778,3.411,0.699881128055555,3.411,0.699948781111111,3.411
0.700214785,3.411,0.700159309444444,3.411,0.700226143333333,3.411
0.700492364444444,3.4,0.70043693,3.411,0.7005044125,3.411
0.700770315,3.4,0.700714975833333,3.411,0.700782653888889,3.411
0.701048294166667,3.4,0.700992662222222,3.411,0.701060203055555,3.411
0.701326389444444,3.4,0.701270660277778,3.411,0.701338036666667,3.411
0.701604216388889,3.411,0.701549059444444,3.411,0.701615873055556,3.411
0.701881839166667,3.411,0.701826450277778,3.411,0.701893741944444,3.411
0.702159567222222,3.411,0.70210438,3.411,0.702171567777778,3.411
0.70243776,3.411,0.702381934166667,3.411,0.7024499275,3.411
0.702715399166667,3.411,0.702660097777778,3.411,0.702727436388889,3.4
0.702993223611111,3.4,0.702937748055556,3.411,0.703005033888889,3.411
0.703270801944444,3.411,0.703215711111111,3.411,0.703283191388889,3.4
0.703548946944444,3.411,0.703493424444445,3.411,0.703561118055556,3.411
0.703826530277778,3.411,0.703771011111111,3.411,0.703839167222222,3.411
0.704104076388889,3.4,0.7040489225,3.411,0.704117070833333,3.411
0.704382027222222,3.4,0.704326411111111,3.411,0.704395155833333,3.4
0.704659571111111,3.411,0.704604340555556,3.411,0.704672956666667,3.411
0.704937849722222,3.411,0.7048823,3.411,0.704951055833333,3.4
0.705215789166667,3.4,0.705160138055556,3.411,0.705228924722222,3.411
0.7054939,3.4,0.705437958888889,3.411,0.7055066125,3.411
0.705771797222222,3.4,0.7057158625,3.411,0.705784498888889,3.411
0.706049655,3.411,0.705993651944444,3.411,0.706062421111111,3.4
0.706327560277778,3.411,0.706271416111111,3.411,0.706340248888889,3.411
0.706605204444445,3.411,0.706549306666667,3.411,0.706617803611111,3.411
0.706882911111111,3.411,0.706827591388889,3.411,0.706895915833333,3.411
0.707160843611111,3.411,0.707105352777778,3.411,0.707173744444444,3.411
0.707438638055556,3.4,0.707383045277778,3.411,0.707451865277778,3.411
0.707716470555556,3.4,0.707660916666667,3.411,0.707729486944444,3.411
0.707994418055556,3.411,0.707938879722222,3.411,0.708007591666667,3.411
0.708272188333333,3.411,0.708216071944444,3.411,0.708285123611111,3.411
0.70854998,3.411,0.708494595555555,3.411,0.708563184166667,3.411
0.708827438055556,3.411,0.708772356944444,3.411,0.708840761944444,3.411
0.709105425833333,3.4,0.7090500825,3.411,0.709118552222222,3.411
0.7093831825,3.411,0.709328499722222,3.411,0.709396378888889,3.411
0.709661076944444,3.411,0.709606057777778,3.411,0.709674598611111,3.411
0.709938999444444,3.411,0.709884225555556,3.411,0.709952216666667,3.411
0.7102165125,3.411,0.71016205,3.411,0.710230188611111,3.411
0.710494638888889,3.411,0.710439920555555,3.411,0.7105080975,3.411
0.710772485833333,3.4,0.710717378888889,3.411,0.710785726666667,3.411
0.711050662777778,3.411,0.710995006388889,3.411,0.711063885555556,3.411
0.711328561388889,3.411,0.711273149444444,3.411,0.711341545,3.411
0.711606368055556,3.411,0.711551347222222,3.411,0.711619133611111,3.411
0.711884438333333,3.411,0.711829209722222,3.411,0.711897595277778,3.411
0.712162371388889,3.411,0.712107106666667,3.411,0.712175509722222,3.411
0.712440526111111,3.4,0.712385071944444,3.411,0.712453755555556,3.411
0.712718251666667,3.411,0.712662949444444,3.411,0.712731090833333,3.411
0.712996320555556,3.411,0.712940408055556,3.411,0.713009249166667,3.411
0.713274461666667,3.411,0.713218130277778,3.411,0.713287121666667,3.411
0.713551790277778,3.411,0.713495995,3.411,0.713564600277778,3.411
0.713830118333333,3.411,0.713774164166667,3.411,0.713842481944444,3.411
0.714107667222222,3.411,0.714052036111111,3.411,0.714120299166667,3.411
0.714385693333333,3.411,0.714329989444444,3.411,0.714397995833333,3.411
0.714663633611111,3.411,0.714607861388889,3.411,0.714675765833333,3.411
0.714941468333333,3.411,0.714885470277778,3.411,0.714953580833333,3.411
0.7152192825,3.411,0.715163310555556,3.411,0.715231611111111,3.411
0.7154973775,3.411,0.715441271666667,3.411,0.715509172777778,3.411
0.715775073333333,3.411,0.715718841388889,3.411,0.715786783055556,3.411
0.716053106666667,3.4,0.715996870833333,3.411,0.71606493,3.411
0.716330870833333,3.411,0.716274681388889,3.411,0.716343028055556,3.411
0.716608567222222,3.4,0.716552545277778,3.411,0.716620753611111,3.411
0.716886752777778,3.411,0.716830620555555,3.411,0.716898878888889,3.411
0.717164292222222,3.411,0.717108526666667,3.411,0.717177103055556,3.411
0.7174419675,3.4,0.717386325,3.411,0.717454659444444,3.411
0.717719917222222,3.411,0.717663868333333,3.411,0.717732458333333,3.411
0.717997836944445,3.411,0.7179420975,3.411,0.718010199444444,3.411
0.718275413888889,3.411,0.718220281388889,3.411,0.718287845,3.411
0.718553431388889,3.411,0.718498163055555,3.411,0.718565832777778,3.411
0.718831363055556,3.411,0.718776156666667,3.411,0.718843674722222,3.411
0.719109054722222,3.411,0.719053729444444,3.411,0.719121185833333,3.411
0.7193868525,3.411,0.719331690277778,3.411,0.719398955,3.411
0.719665074722222,3.411,0.719609902222222,3.411,0.719676741388889,3.411
0.719942859166667,3.411,0.719887579444444,3.411,0.719954876666667,3.411
0.720220733611111,3.411,0.720164972222222,3.411,0.7202326,3.411
0.720498913888889,3.411,0.720443227222222,3.411,0.720510512222222,3.411
0.720776449444445,3.411,0.720720521944444,3.411,0.720788257777778,3.411
0.721054118611111,3.411,0.720999026388889,3.411,0.7210663,3.411
0.721332202222222,3.411,0.721276501388889,3.411,0.721343590555556,3.411
0.721609910277778,3.411,0.721554256944444,3.411,0.721621772222222,3.411
0.721887607222222,3.411,0.721832389722222,3.411,0.721899913611111,3.411
0.722165656944444,3.411,0.722109966944445,3.411,0.722177631388889,3.411
0.722443581666667,3.411,0.722388261388889,3.411,0.722455532222222,3.411
0.722721381111111,3.411,0.722666078055556,3.411,0.722733054722222,3.411
0.7229991025,3.411,0.722944153888889,3.411,0.723011281388889,3.411
0.7232769725,3.411,0.723222089722222,3.411,0.723288879444444,3.411
0.723554878888889,3.411,0.72350007,3.411,0.723566759166667,3.411
0.72383283,3.411,0.723777819166667,3.411,0.723844522777778,3.411
0.724110552222222,3.411,0.724055764722222,3.411,0.724121982222222,3.411
0.724388640555556,3.411,0.724333764722222,3.411,0.724400130555556,3.411
0.724666264722222,3.411,0.724611428055556,3.411,0.724677849444444,3.411
0.724944270555556,3.411,0.724889244444444,3.411,0.724955912222222,3.411
0.725222152222222,3.411,0.725167360555556,3.411,0.725233730833333,3.411
0.725499820555556,3.411,0.725444946388889,3.411,0.725511611111111,3.411
0.725777661666667,3.411,0.725722799166667,3.411,0.725789389444444,3.411
0.726055809166667,3.411,0.726000509166667,3.411,0.726066949444444,3.411
0.726333675277778,3.411,0.7262783125,3.411,0.726344755555556,3.411
0.726611254444444,3.411,0.726555983611111,3.411,0.726622726666667,3.411
0.726888906388889,3.411,0.726833891666667,3.411,0.726900763611111,3.411
0.727166966944444,3.411,0.7271118225,3.411,0.727178258333333,3.411
0.727444408333333,3.411,0.727389706944444,3.411,0.727456379166667,3.411
0.727722606111111,3.411,0.727667632777778,3.411,0.7277342675,3.411
0.728000504166667,3.411,0.727945467222222,3.411,0.728011923888889,3.411
0.728278390833333,3.411,0.728223139444444,3.411,0.728289945833333,3.411
0.728556221388889,3.411,0.7285008725,3.411,0.728567906388889,3.411
0.728834024444444,3.411,0.728778679722222,3.411,0.728845723333333,3.411
0.729112129722222,3.411,0.729056787222222,3.411,0.729123059722222,3.411
0.729389640833333,3.411,0.729334486944444,3.411,0.729401105,3.411
0.729667645555556,3.411,0.729612142777778,3.411,0.729679075833333,3.411
0.729945273333333,3.411,0.729890228055555,3.411,0.729956835277778,3.411
0.730223102222222,3.411,0.7301680375,3.411,0.730234815,3.411
0.730500966666667,3.411,0.730445912777778,3.411,0.730512457222222,3.411
0.730778961666667,3.411,0.730723661944444,3.411,0.730789985833333,3.411
0.731056617777778,3.411,0.731001652777778,3.411,0.731068135555555,3.411
0.731334438333333,3.411,0.731280175277778,3.411,0.731346078055556,3.411
0.731611840277778,3.4,0.731557463055556,3.411,0.731624310555556,3.411
0.731890231388889,3.411,0.731835824166667,3.411,0.731902063055556,3.411
0.732167956388889,3.411,0.732113380277778,3.411,0.732179850555556,3.411
0.732445897222222,3.411,0.732391229722222,3.411,0.732457568333333,3.411
0.732724261666667,3.411,0.732669278611111,3.411,0.732735436944444,3.411
0.733001559444444,3.411,0.732946696111111,3.411,0.73301349,3.411
0.733279530277778,3.411,0.733224910277778,3.411,0.733291041111111,3.411
0.733557231666667,3.411,0.733502999722222,3.411,0.733568769166667,3.411
0.733835276388889,3.411,0.733781038055556,3.411,0.733846405277778,3.411
0.734113005555555,3.411,0.734058577222222,3.411,0.734124135,3.411
0.734390481388889,3.411,0.734336580277778,3.411,0.734402172777778,3.411
0.734668631666667,3.411,0.73461453,3.411,0.734679683055556,3.411
0.734946660277778,3.411,0.734892097222222,3.411,0.734957857777778,3.411
0.735224473888889,3.411,0.735169995555556,3.411,0.735235761666667,3.411
0.735501868611111,3.411,0.735447804722222,3.411,0.735513380277778,3.411
0.735780074722222,3.411,0.7357258775,3.411,0.735791305,3.411
0.736058201666667,3.411,0.736003683055556,3.411,0.736069351666667,3.411
0.736336314444444,3.411,0.736281423888889,3.411,0.736347156388889,3.411
0.736614166666667,3.411,0.736559330555556,3.411,0.736624795555555,3.411
0.736892127222222,3.411,0.736837567222222,3.411,0.736902961944444,3.411
0.737169902222222,3.411,0.737115335,3.411,0.737181191944445,3.411
0.7374476325,3.411,0.737393231388889,3.411,0.737458855277778,3.411
0.737725488888889,3.411,0.737670596111111,3.411,0.737736620277778,3.411
0.738003380555556,3.411,0.737948878333333,3.411,0.738014325833333,3.411
0.738281273611111,3.411,0.738226698611111,3.411,0.738292414444444,3.411
0.7385588,3.411,0.738504871111111,3.411,0.738570563888889,3.411
0.738836766388889,3.411,0.738782548611111,3.411,0.738848365555556,3.411
0.739114810555556,3.411,0.739060657777778,3.411,0.739126564166667,3.411
0.739392118611111,3.411,0.739338324722222,3.411,0.739404705833333,3.411
0.739670069722222,3.411,0.739616449444444,3.411,0.739682524166667,3.411
0.739948141388889,3.411,0.739894181944444,3.411,0.739960651388889,3.411
0.740225766111111,3.411,0.740172104166667,3.411,0.7402385225,3.411
0.740503392222222,3.411,0.740450098611111,3.411,0.740516328333333,3.411
0.740781050833333,3.411,0.740727890555556,3.411,0.740794335555556,3.411
0.741059011111111,3.411,0.741005470555556,3.411,0.741072139722222,3.411
0.741337204444444,3.411,0.741283429722222,3.411,0.741349997222222,3.411
0.741615336666667,3.411,0.741561423055556,3.411,0.741627662777778,3.411
0.741893049722222,3.411,0.741839528611111,3.411,0.741905630833333,3.411
0.742170765833333,3.411,0.742117241666667,3.411,0.742183441944445,3.411
0.742448612222222,3.411,0.742394783333333,3.411,0.742461106111111,3.411
0.742726573055556,3.411,0.742673123333333,3.411,0.742738876944445,3.411
0.743004739444444,3.411,0.742950877777778,3.411,0.743017337777778,3.411
0.743282440277778,3.411,0.743229105,3.411,0.743295238611111,3.411
0.743560351388889,3.411,0.743507091111111,3.411,0.743572761388889,3.411
0.743838400277778,3.411,0.743784855833333,3.411,0.743850971388889,3.411
0.744115713888889,3.411,0.744062946944444,3.411,0.744128648611111,3.411
0.744393833611111,3.411,0.744340460555556,3.411,0.744406540555556,3.411
0.744671679166667,3.411,0.744618533055555,3.411,0.744684238055556,3.411
0.744949354166667,3.411,0.744896375833333,3.411,0.744962432222222,3.411
0.7452272625,3.411,0.745174345833333,3.411,0.745240150833333,3.411
0.745505385,3.411,0.745452001111111,3.411,0.745518325555556,3.411
0.745783128611111,3.411,0.745729716666667,3.411,0.745796124722222,3.411
0.746060685555555,3.411,0.746007931388889,3.411,0.746073889722222,3.411
0.746339077222222,3.411,0.746285808333333,3.411,0.746351644166667,3.411
0.746616709444444,3.411,0.746564191111111,3.411,0.746629429444444,3.411
0.746894671111111,3.411,0.746841661666667,3.411,0.746907544444444,3.411
0.747172629166667,3.411,0.7471199425,3.411,0.747185696111111,3.411
0.74745085,3.411,0.747397813055556,3.411,0.747463378611111,3.411
0.7477286,3.411,0.747675735277778,3.411,0.747741171388889,3.411
0.748006472222222,3.411,0.747953026944444,3.411,0.748018878611111,3.411
0.748284636666667,3.411,0.748231150833333,3.411,0.748296928055556,3.411
0.748562336388889,3.411,0.748508750277778,3.411,0.748575035,3.411
0.748840150555556,3.411,0.748786946944444,3.411,0.748852896111111,3.411
0.749118291111111,3.411,0.749065020833333,3.411,0.749130790833333,3.411
0.749396018333333,3.411,0.749342666111111,3.411,0.749408305833333,3.411
0.749673906111111,3.411,0.749620540277778,3.411,0.749686703055556,3.411
0.749951648611111,3.411,0.749898823333333,3.411,0.749964476111111,3.411
0.750229348055556,3.411,0.750176789444444,3.411,0.750242606666667,3.411
0.750506812777778,3.411,0.750454388055556,3.411,0.750520475555556,3.411
0.75078512,3.411,0.750732379444444,3.411,0.750798261111111,3.411
0.751062760833333,3.411,0.75101033,3.411,0.751076443888889,3.411
0.751340463611111,3.411,0.751288258611111,3.411,0.751354087222222,3.411
0.751618583333333,3.411,0.751566325833333,3.411,0.751632060277778,3.411
0.751896278055556,3.411,0.751844144444444,3.411,0.751909899444444,3.411
0.752174279166667,3.411,0.752122034722222,3.411,0.752187790555556,3.411
0.752451818333333,3.411,0.752399796111111,3.411,0.752465695555556,3.411
0.752730186944444,3.411,0.7526774275,3.411,0.75274317,3.411
0.753008153333333,3.411,0.752955544444444,3.411,0.753021179722222,3.411
0.75328584,3.411,0.753233229166667,3.411,0.753298833055556,3.411
0.753563560555556,3.411,0.753511093055556,3.421,0.753576586388889,3.411
0.75384177,3.411,0.7537888625,3.411,0.75385439,3.411
0.75411982,3.411,0.754066816388889,3.411,0.754132361388889,3.411
0.754397552777778,3.411,0.754344423055556,3.411,0.754409959166667,3.411
0.754675513888889,3.411,0.754622525,3.411,0.7546879325,3.411
0.754953428055556,3.411,0.754900310833333,3.411,0.754965404722222,3.411
0.7552308775,3.411,0.7551782325,3.411,0.7552432675,3.411
0.755508714722222,3.411,0.755455763055556,3.421,0.755521489444445,3.411
0.755786557222222,3.411,0.755733832222222,3.411,0.755799234166667,3.411
0.756064768333333,3.411,0.7560114325,3.421,0.756076960277778,3.411
0.756342652777778,3.411,0.756289116388889,3.411,0.756355085277778,3.411
0.756620707777778,3.411,0.756566905833333,3.411,0.756632653055556,3.421
0.756898457222222,3.411,0.756844696388889,3.411,0.756910371944444,3.411
0.757176303055556,3.411,0.757122724166667,3.411,0.757188558333333,3.411
0.757454026944444,3.411,0.757400631111111,3.411,0.757466422777778,3.411
0.757732300833333,3.411,0.757678496111111,3.411,0.757744371388889,3.411
0.758010245555556,3.411,0.757956223055556,3.411,0.758022193611111,3.411
0.758287891388889,3.411,0.758234082777778,3.421,0.758300122777778,3.411
0.758565783055556,3.411,0.758512053611111,3.421,0.758577898611111,3.411
0.758843484722222,3.411,0.758789680277778,3.411,0.758855547222222,3.411
0.759121613888889,3.411,0.759067861111111,3.411,0.759133488055556,3.411
0.759399317222222,3.411,0.759345416388889,3.411,0.759411097777778,3.411
0.759677225833333,3.411,0.759623159444444,3.411,0.759689025277778,3.411
0.759955348611111,3.411,0.759901189444445,3.421,0.759966718611111,3.411
0.760233048888889,3.411,0.760178815833333,3.421,0.760244348055556,3.411
0.760511184722222,3.411,0.760456706944444,3.411,0.760522291944444,3.411
0.760789227777778,3.411,0.760734364166667,3.411,0.760800239444444,3.411
0.761067187777778,3.411,0.761012217222222,3.411,0.761077815833333,3.411
0.761344939166667,3.411,0.761290669722222,3.411,0.761355864166667,3.421
0.76162291,3.411,0.761568319444444,3.411,0.761634059722222,3.411
0.761901139722222,3.411,0.761845974444444,3.411,0.76191163,3.411
0.762178888888889,3.411,0.762123966388889,3.421,0.762189179722222,3.411
0.762456930833333,3.411,0.762402093611111,3.411,0.762467648055556,3.411
0.762734760277778,3.411,0.762679675833333,3.421,0.762745313888889,3.411
0.763012435555556,3.411,0.762957608888889,3.411,0.763023290833333,3.411
0.763290289166667,3.411,0.763235308333333,3.421,0.763301298055556,3.411
0.763568079722222,3.411,0.763512967222222,3.421,0.763578838888889,3.411
0.76384599,3.411,0.763791069444444,3.411,0.7638572375,3.411
0.764123561666667,3.411,0.764068951944444,3.411,0.764135338055556,3.411
0.764401651111111,3.411,0.764346588055556,3.411,0.764413078888889,3.411
0.76467965,3.411,0.764624434722222,3.421,0.764690764722222,3.411
0.764957518333333,3.411,0.764902526388889,3.411,0.764968418055556,3.411
0.765235368055556,3.411,0.765180414444444,3.411,0.765246366666667,3.411
0.765513230555556,3.411,0.765458475555556,3.411,0.765524340555556,3.411
0.765791312777778,3.421,0.765736271666667,3.411,0.765802078333333,3.411
0.766069488888889,3.411,0.766013941666667,3.421,0.766080153055556,3.411
0.766347146666667,3.411,0.766291670555555,3.411,0.766358233888889,3.411
0.766625175,3.411,0.766570173333333,3.411,0.76663585,3.411
0.766903390277778,3.411,0.766847653055556,3.411,0.766914008055556,3.411
0.767181086111111,3.411,0.767125766388889,3.411,0.767191695833333,3.411
0.767458993055556,3.411,0.767403715277778,3.421,0.767469775277778,3.411
0.767737064444444,3.411,0.767681273611111,3.421,0.767747190833333,3.421
0.768014915277778,3.411,0.767959179722222,3.421,0.768025521666667,3.411
0.768292869722222,3.411,0.768237131111111,3.421,0.768303555277778,3.411
0.768570756111111,3.411,0.768514952777778,3.411,0.768580790277778,3.421
0.768848471944445,3.411,0.768793045833333,3.411,0.768859161111111,3.411
0.769127005833333,3.411,0.769070983888889,3.411,0.769137255,3.411
0.7694048575,3.411,0.769349072222222,3.411,0.769414758611111,3.411
0.769682756944444,3.411,0.769626785,3.421,0.769692833888889,3.421
0.769960616944444,3.411,0.769904288888889,3.411,0.769970569166667,3.411
0.770238655,3.411,0.770182448333333,3.411,0.770248554166667,3.411
0.770516526666667,3.411,0.770460416111111,3.421,0.770526531666667,3.411
0.770794244444444,3.411,0.770737997222222,3.421,0.770804548055556,3.411
0.771072066944444,3.411,0.771015776388889,3.421,0.771082708888889,3.411
0.77135032,3.421,0.771293443611111,3.411,0.771360249166667,3.411
0.771627985833333,3.411,0.771571076944444,3.411,0.771637978333333,3.421
0.771905718888889,3.411,0.771849249722222,3.411,0.771915921111111,3.411
0.772183651666667,3.411,0.772126894444444,3.421,0.772193734166667,3.421
0.772461323888889,3.411,0.772404705833333,3.411,0.772471458333333,3.411
0.77273921,3.411,0.772682634722222,3.421,0.772749305,3.411
0.773016876666667,3.411,0.772960233888889,3.411,0.773026809166667,3.411
0.7732947875,3.411,0.773238373333333,3.411,0.773304941111111,3.411
0.773572815833333,3.411,0.773515836111111,3.421,0.773583066111111,3.411
0.773850321111111,3.411,0.773793779722222,3.421,0.773860596944444,3.411
0.774128125277778,3.411,0.774071529166667,3.411,0.774138730833333,3.411
0.774406034166667,3.411,0.774349718611111,3.421,0.774416524444444,3.421
0.774683913333333,3.411,0.7746275825,3.411,0.774694008055556,3.411
0.774961920277778,3.411,0.774905080277778,3.421,0.7749722025,3.411
0.775239576388889,3.411,0.775183029444445,3.411,0.775250203333333,3.421
0.775517442222222,3.411,0.775461281111111,3.421,0.775528006111111,3.411
0.775795196944444,3.411,0.775738902222222,3.411,0.775806047777778,3.421
0.776073139722222,3.411,0.776016755,3.421,0.776083885833333,3.421
0.776350886944444,3.411,0.776294461944444,3.421,0.776362084166667,3.411
0.776628708888889,3.411,0.776572370555556,3.411,0.776640223333333,3.411
0.776906610555556,3.411,0.776850371666667,3.421,0.776917902777778,3.411
0.777184317222222,3.411,0.777127985833333,3.421,0.777195731944444,3.411
0.777462035555555,3.411,0.777406004166667,3.421,0.777473304722222,3.411
0.777739854166667,3.411,0.777683855277778,3.421,0.777751058055556,3.411
0.778017758611111,3.411,0.777962059722222,3.421,0.778028919166667,3.421
0.7782956625,3.411,0.778239556111111,3.421,0.778306619722222,3.411
0.778573586944444,3.411,0.778517636944444,3.411,0.778584146944444,3.421
0.778851501944444,3.411,0.778795244166667,3.421,0.778862177777778,3.411
0.779129553888889,3.411,0.779072756388889,3.421,0.779140206944444,3.411
0.779407071666667,3.411,0.7793505825,3.421,0.779417715833333,3.421
0.779685673333333,3.411,0.779628871944444,3.421,0.779695501388889,3.411
0.7799632475,3.411,0.779906353611111,3.411,0.779973409444444,3.411
0.780240965555556,3.411,0.780184583055556,3.411,0.780251331111111,3.411
0.780519061388889,3.411,0.780462342777778,3.411,0.780529113611111,3.411
0.780797226666667,3.411,0.7807402675,3.421,0.780807042222222,3.411
0.7810748,3.411,0.781018208333333,3.421,0.781084929166667,3.421
0.781352704166667,3.411,0.781296341944444,3.421,0.781363180555556,3.411
0.781630186666667,3.411,0.781574320277778,3.421,0.781640768611111,3.411
0.781908237777778,3.411,0.781852105277778,3.421,0.781918821388889,3.411
0.782186271666667,3.411,0.7821301425,3.421,0.782196619722222,3.411
0.782463955,3.411,0.782407678333333,3.421,0.78247423,3.411
0.782742003888889,3.411,0.78268577,3.421,0.7827523925,3.411
0.783019701666667,3.411,0.782963628611111,3.421,0.783029972222222,3.411
0.783297816666667,3.411,0.783241550555556,3.421,0.783308020833333,3.411
0.783575161388889,3.411,0.783519341944445,3.411,0.783585755555556,3.411
0.783853084722222,3.411,0.783797440277778,3.411,0.783863727777778,3.411
0.7841310025,3.411,0.784075259722222,3.421,0.784141595555556,3.411
0.784409025,3.411,0.78435301,3.421,0.784419425277778,3.411
0.784686609166667,3.411,0.784630875277778,3.421,0.784697481666667,3.411
0.784964628333333,3.411,0.784908683888889,3.421,0.784975070555555,3.411
0.785242744722222,3.411,0.785186815833333,3.411,0.785253014722222,3.421
0.785520484722222,3.411,0.785464166944445,3.421,0.785531058888889,3.421
0.785798395555556,3.421,0.7857423125,3.421,0.785809024166667,3.421
0.786076413611111,3.411,0.786019929444444,3.421,0.786086582777778,3.421
0.786354424444444,3.411,0.786297806111111,3.421,0.786364391111111,3.421
0.786632075555556,3.421,0.786575791666667,3.421,0.786641953333333,3.421
0.786910008055556,3.411,0.786853818888889,3.421,0.786919819722222,3.421
0.787187555277778,3.411,0.787131413611111,3.411,0.787197880277778,3.411
0.7874656025,3.411,0.787409202222222,3.421,0.787475590277778,3.411
0.787743445555556,3.411,0.7876869575,3.421,0.787754119444445,3.421
0.788021521666667,3.411,0.787964750277778,3.421,0.788031715,3.421
0.788299727777778,3.411,0.788242566666667,3.421,0.788309983055556,3.411
0.788577362777778,3.421,0.788520058611111,3.411,0.788587746388889,3.421
0.788855517777778,3.411,0.788797755555556,3.421,0.788865486111111,3.421
0.789133115833333,3.421,0.789075803055556,3.421,0.789143438611111,3.421
0.789410951111111,3.411,0.789353793055556,3.421,0.789421289444444,3.411
0.789688704722222,3.411,0.789631415555556,3.421,0.789698885277778,3.411
0.789966759444444,3.411,0.789909528333333,3.421,0.789976682222222,3.421
0.790244237777778,3.411,0.790187454166667,3.421,0.790254831666667,3.421
0.790522156666667,3.411,0.790465499444445,3.421,0.790532728888889,3.411
0.790800446388889,3.421,0.7907434275,3.421,0.790810599722222,3.411
0.791077973611111,3.411,0.791021368055556,3.421,0.791088694166667,3.411
0.791356033611111,3.411,0.791298903055556,3.421,0.791366411666667,3.421
0.791633706666667,3.411,0.791576658611111,3.421,0.791644201944445,3.411
0.791911535833333,3.411,0.791855094444444,3.421,0.791922541111111,3.411
0.792189343333333,3.411,0.792132676944444,3.421,0.7922004225,3.411
0.792467053333333,3.411,0.792410765277778,3.421,0.7924784275,3.421
0.792745021666667,3.411,0.792688553333333,3.421,0.792756285,3.411
0.793022786111111,3.411,0.792966681111111,3.421,0.793034031944445,3.421
0.793300398888889,3.421,0.793244566388889,3.421,0.793311726666667,3.421
0.79357807,3.421,0.793522269444444,3.421,0.793589928611111,3.421
0.793856163055556,3.421,0.793800041944444,3.421,0.793867576111111,3.421
0.794133837222222,3.411,0.794077920555556,3.421,0.79414567,3.421
0.794411928333333,3.411,0.794355587222222,3.411,0.7944234075,3.421
0.794689544166667,3.411,0.794633778333333,3.421,0.794701108611111,3.411
0.794967076388889,3.411,0.794911321388889,3.421,0.794978810277778,3.421
0.795245471666667,3.411,0.795189136111111,3.421,0.795256722222222,3.421
0.795523560555556,3.411,0.795467216666667,3.421,0.795534537222222,3.421
0.7958012925,3.421,0.795745278333333,3.421,0.795812650555556,3.411
0.796078965277778,3.411,0.796023084166667,3.421,0.796090438888889,3.411
0.796356521111111,3.411,0.796300811111111,3.421,0.796368211111111,3.421
0.796634568055556,3.411,0.796578347777778,3.421,0.796646020833333,3.421
0.796912154722222,3.411,0.796856479166667,3.421,0.796923577222222,3.421
0.7971905875,3.411,0.797134188333333,3.421,0.797201546388889,3.421
0.797468165555556,3.421,0.797412137222222,3.421,0.797479803611111,3.421
0.797746025277778,3.421,0.797689983055556,3.421,0.797757807777778,3.421
0.798023673611111,3.411,0.797967451944445,3.421,0.798035213611111,3.411
0.798301736111111,3.411,0.798245504444445,3.421,0.798313285833333,3.421
0.798579268055556,3.411,0.798523577777778,3.421,0.798591229722222,3.421
0.798857072777778,3.411,0.798801375,3.421,0.798868814722222,3.421
0.799135046111111,3.421,0.799078915555556,3.411,0.799146855833333,3.411
0.799413171666667,3.411,0.799356756111111,3.421,0.799424991666667,3.421
0.799690480277778,3.421,0.799634931388889,3.421,0.799702833888889,3.421
0.799968483888889,3.411,0.799912477222222,3.421,0.799980578055556,3.411
0.800246317222222,3.411,0.8001903425,3.411,0.800258814722222,3.411
0.800524134722222,3.421,0.800468257777778,3.421,0.800536784722222,3.411
0.800802248888889,3.411,0.800745958888889,3.421,0.800814516666667,3.421
0.801080181388889,3.421,0.801024025277778,3.421,0.801092244166667,3.421
0.801358153055555,3.421,0.801301705833333,3.421,0.801370118333333,3.421
0.801636183888889,3.411,0.8015794575,3.421,0.801647877222222,3.421
0.801913683333333,3.411,0.801857500555556,3.421,0.801925721666667,3.421
0.802191861944444,3.411,0.802135396666667,3.421,0.802203473055556,3.421
0.802469775,3.421,0.802413546388889,3.421,0.802481108055556,3.421
0.802747375277778,3.411,0.802691096666667,3.421,0.802759288333333,3.421
0.803025172222222,3.421,0.802969287777778,3.421,0.803037148611111,3.421
0.803303303611111,3.411,0.803246759166667,3.421,0.803314717777778,3.421
0.803580950277778,3.421,0.8035247375,3.421,0.803592685,3.411
0.803859201388889,3.411,0.803802500833333,3.421,0.803870413611111,3.421
0.804136966944444,3.411,0.804080385555555,3.421,0.804148406388889,3.421
0.804414709722222,3.411,0.804358380833333,3.421,0.804426112222222,3.421
0.804692591388889,3.411,0.804636461666667,3.421,0.804704128888889,3.411
0.804969883611111,3.411,0.8049146875,3.421,0.804982064166667,3.421
0.805247915277778,3.411,0.805192107222222,3.421,0.805259724722222,3.421
0.805525764444444,3.421,0.805470249444444,3.421,0.805537411111111,3.421
0.805803941388889,3.411,0.805748059722222,3.421,0.805815308888889,3.421
0.806081540555555,3.421,0.806026108333333,3.421,0.806093208055556,3.411
0.806359205,3.421,0.806303731666667,3.421,0.806370601388889,3.421
0.806637292777778,3.411,0.806581404722222,3.421,0.806648754722222,3.421
0.806914908333333,3.411,0.806859719722222,3.421,0.8069266325,3.421
0.807193264166667,3.421,0.807137219166667,3.421,0.807204453055556,3.421
0.807470781944444,3.421,0.807415437222222,3.421,0.807482146111111,3.421
0.807748549444444,3.411,0.807693461944444,3.421,0.807760031944444,3.421
0.808026550833333,3.421,0.807971153055556,3.421,0.808038081666667,3.421
0.808304475833333,3.421,0.808248697777778,3.421,0.808315964444444,3.411
0.808582603333333,3.411,0.808526650833333,3.421,0.808593525,3.421
0.808859936666667,3.411,0.808804233055556,3.421,0.8088710975,3.411
0.809137894444445,3.421,0.809081902222222,3.421,0.809149191666667,3.421
0.8094156425,3.411,0.809360128333333,3.421,0.809426630555556,3.421
0.809693542777778,3.421,0.809638053611111,3.421,0.809704924722222,3.411
0.809971534722222,3.421,0.809915841666667,3.421,0.809982652777778,3.421
0.810249545,3.411,0.810193837222222,3.421,0.810260436666667,3.421
0.810527503055556,3.421,0.810471886944444,3.421,0.8105382825,3.421
0.810805250833333,3.411,0.810750163333333,3.421,0.810816247777778,3.421
0.811083053333333,3.421,0.811027664166667,3.421,0.811094115277778,3.421
0.8113609825,3.421,0.811305676111111,3.421,0.811372130555556,3.421
0.811638965833333,3.411,0.81158336,3.421,0.811649616111111,3.421
0.811916523888889,3.411,0.811860805555556,3.421,0.811927433611111,3.421
0.812194230555556,3.421,0.812138903055555,3.421,0.812205570833333,3.421
0.812472108888889,3.411,0.812416446944444,3.421,0.812483338333333,3.421
0.8127503,3.421,0.812694710555556,3.421,0.812761177222222,3.421
0.813027808055556,3.421,0.812972584722222,3.421,0.813038640555556,3.421
0.813305734722222,3.421,0.813249968055556,3.421,0.813317063888889,3.421
0.813583860833333,3.421,0.813528512777778,3.421,0.813594712222222,3.421
0.813861288333333,3.421,0.813806179722222,3.421,0.813872987222222,3.421
0.814139504444444,3.411,0.814083821388889,3.421,0.814150490277778,3.421
0.814417012222222,3.411,0.814361696111111,3.421,0.814428286944444,3.421
0.814694950555556,3.421,0.814639251388889,3.421,0.814706376944444,3.421
0.814973166666667,3.411,0.814916995555556,3.421,0.814984493333333,3.421
0.815250440555556,3.421,0.815194696388889,3.421,0.815262173611111,3.421
0.815528294166667,3.421,0.815473014166667,3.421,0.815540189722222,3.421
0.815806233888889,3.421,0.815750966666667,3.421,0.815818081388889,3.421
0.816084226944444,3.421,0.816028801111111,3.421,0.816095954166667,3.421
0.816361766388889,3.421,0.816306525,3.421,0.816373803333333,3.421
0.816639608611111,3.421,0.816584668888889,3.421,0.816652167777778,3.421
0.816917439444445,3.421,0.816862575,3.421,0.816929813888889,3.421
0.817194901666667,3.421,0.817140626111111,3.421,0.817207417222222,3.421
0.817473108333333,3.421,0.817418165,3.421,0.817485173055555,3.421
0.817751191666667,3.421,0.817696100833333,3.421,0.817762896111111,3.421
0.818029065,3.421,0.817974091666667,3.421,0.818040531388889,3.421
0.818307394722222,3.421,0.818251826944444,3.421,0.818318958333333,3.421
0.8185850025,3.421,0.818529590555556,3.421,0.818596438333333,3.421
0.818862925833333,3.421,0.818807405,3.421,0.818874618888889,3.421
0.819140729166667,3.421,0.819085146666667,3.421,0.819152346388889,3.421
0.819418992222222,3.411,0.819362914166667,3.421,0.819429965,3.421
0.81969679,3.411,0.819640883055556,3.421,0.8197078925,3.421
0.819974865277778,3.421,0.819918416666667,3.421,0.819985830277778,3.421
0.820253109722222,3.421,0.820196505277778,3.421,0.820263733333333,3.421
0.820530811666667,3.411,0.820474257777778,3.421,0.820541380277778,3.421
0.82080858,3.421,0.820752366666667,3.421,0.820819156666667,3.421
0.821086323888889,3.421,0.821029726944445,3.421,0.821097040277778,3.421
0.821364458611111,3.421,0.821307463333333,3.421,0.821374958888889,3.421
0.821642665277778,3.421,0.821585676388889,3.421,0.821652778333333,3.421
0.821920538888889,3.421,0.821864026388889,3.421,0.821931310277778,3.421
0.822198451388889,3.421,0.822141735,3.421,0.822208978888889,3.421
0.822476675277778,3.421,0.822419565555556,3.421,0.822486688333333,3.421
0.822754449444444,3.421,0.822697295,3.421,0.822764404444444,3.421
0.823032078888889,3.421,0.822975055,3.421,0.823042326111111,3.421
0.823309678888889,3.421,0.823252944444444,3.421,0.823320368055556,3.421
0.8235877825,3.421,0.823530868888889,3.421,0.823597835277778,3.421
0.823865509166667,3.421,0.823808291666667,3.421,0.823876058055556,3.421
0.824143721388889,3.421,0.824086300277778,3.421,0.824154076111111,3.421
0.824421701944444,3.411,0.824363844722222,3.421,0.824431623888889,3.421
0.824699780277778,3.421,0.824642096388889,3.421,0.8247093825,3.421
0.824977788055556,3.421,0.824919794166667,3.421,0.824987194444444,3.421
0.825255593333333,3.411,0.825197728888889,3.421,0.825265411666667,3.421
0.825533605833333,3.421,0.825475480555556,3.421,0.825542929444444,3.421
0.825811536111111,3.421,0.8257535425,3.421,0.825821091388889,3.421
0.826089333333333,3.421,0.826031571666667,3.421,0.826098842777778,3.421
0.826367298888889,3.421,0.826309151388889,3.421,0.826376380277778,3.421
0.826645277222222,3.421,0.826587073055556,3.421,0.826654595,3.421
0.826922697777778,3.421,0.826865183888889,3.421,0.826932693055556,3.421
0.827200915555556,3.421,0.827142753055556,3.421,0.827210345,3.421
0.827478553333333,3.421,0.827420814444444,3.421,0.827488066111111,3.421
0.827756389444444,3.411,0.827698871666667,3.421,0.827766235277778,3.421
0.828034559166667,3.411,0.827976756111111,3.421,0.828044625277778,3.421
0.8283128375,3.421,0.828254613055555,3.421,0.828322258055556,3.421
0.828590657777778,3.421,0.828532964722222,3.421,0.828599978055556,3.421
0.828868576388889,3.421,0.828810756944445,3.421,0.828877881666667,3.421
0.829146354166667,3.421,0.829088286388889,3.421,0.829155520555556,3.421
0.829424467222222,3.421,0.829366118611111,3.421,0.82943341,3.421
0.829702317222222,3.421,0.829643886111111,3.421,0.829711598333333,3.421
0.829980206666667,3.411,0.829921968611111,3.421,0.829989873055555,3.421
0.830258237222222,3.421,0.830199700555556,3.421,0.83026749,3.421
0.830536033055556,3.421,0.830478136111111,3.421,0.830545428333333,3.421
0.830813864166667,3.421,0.830756229444444,3.421,0.830823120277778,3.421
0.831091741388889,3.421,0.831034042222222,3.421,0.831100930555556,3.421
0.831369218055556,3.421,0.831311888888889,3.421,0.831378855,3.421
0.831647015555556,3.421,0.831589847777778,3.421,0.831656638055556,3.421
0.831925163055556,3.411,0.831867175555556,3.421,0.831934440555556,3.421
0.832203093611111,3.421,0.832145715277778,3.421,0.832212675277778,3.421
0.832480811944444,3.421,0.832423402222222,3.421,0.832490376944444,3.421
0.832758421111111,3.421,0.832701394722222,3.421,0.832768281111111,3.421
0.833036458888889,3.411,0.832979245277778,3.421,0.833045883611111,3.421
0.833314191111111,3.421,0.833257069722222,3.421,0.833324466388889,3.421
0.833592042222222,3.421,0.833534819166667,3.421,0.833602287222222,3.421
0.833870265277778,3.421,0.833812882222222,3.421,0.833880330555556,3.421
0.834147878333333,3.421,0.834090765277778,3.421,0.834158188055556,3.421
0.834425941666667,3.421,0.834368735,3.421,0.834436005833333,3.421
0.834703922777778,3.421,0.834646629444444,3.421,0.834714406111111,3.421
0.834981771388889,3.421,0.834924416111111,3.421,0.8349923225,3.421
0.835260014722222,3.421,0.835202195,3.421,0.8352701225,3.421
0.835537628611111,3.421,0.83548043,3.421,0.835548174166667,3.421
0.835815583333333,3.421,0.835758193611111,3.421,0.835825847777778,3.421
0.836093148611111,3.421,0.836035777222222,3.421,0.836104085,3.421
0.836371007222222,3.421,0.836313635,3.421,0.8363817975,3.421
0.836648986666667,3.421,0.836591196111111,3.421,0.836659659444444,3.421
0.836926545277778,3.421,0.836869270833333,3.421,0.836937606388889,3.421
0.837204642222222,3.421,0.837147176944444,3.421,0.837215480277778,3.421
0.837482346944444,3.421,0.83742477,3.421,0.837493425,3.421
0.837759861388889,3.421,0.837702712777778,3.421,0.837770829166667,3.421
0.838038275833333,3.421,0.837980530833333,3.421,0.838049291111111,3.421
0.838315785,3.421,0.838258755555556,3.421,0.838326960555556,3.421
0.838594144722222,3.421,0.838536341111111,3.421,0.838604997222222,3.421
0.838871930833333,3.421,0.838814609444444,3.421,0.838883119166667,3.421
0.839149305277778,3.411,0.839092664166667,3.421,0.839161136666667,3.421
0.839427393333333,3.421,0.839369989722222,3.421,0.839439019166667,3.421
0.839705335555555,3.421,0.839648002777778,3.421,0.839716698333333,3.421
0.839983323888889,3.421,0.839925703333333,3.421,0.839994428611111,3.421
0.840260987777778,3.421,0.840204053888889,3.421,0.840272112222222,3.421
0.840538854722222,3.421,0.840481376111111,3.421,0.840550443333333,3.421
0.840816611944444,3.421,0.840759519722222,3.421,0.840828199444444,3.421
0.841094604166667,3.421,0.841037194166667,3.421,0.841105559166667,3.421
0.841372546111111,3.421,0.841315773888889,3.421,0.841383603333333,3.421
0.841650379444444,3.421,0.841593360277778,3.421,0.841661822222222,3.421
0.841928305555556,3.421,0.841871000833333,3.421,0.841939603888889,3.421
0.842205960833333,3.421,0.842148658888889,3.421,0.842217279166667,3.421
0.842483830555556,3.421,0.842426697777778,3.421,0.842495177222222,3.421
0.842761683333333,3.421,0.842704456388889,3.421,0.842773200555556,3.421
0.84303939,3.421,0.842982230833333,3.421,0.843050732222222,3.421
0.843317050277778,3.421,0.843260054166667,3.421,0.843328736111111,3.421
0.843594685,3.421,0.8435382275,3.421,0.843606575277778,3.421
0.843872877222222,3.421,0.843816038333333,3.421,0.843884161111111,3.421
0.844150628055556,3.421,0.844093690277778,3.421,0.844161984722222,3.421
0.844427928611111,3.421,0.844371460555556,3.421,0.844440060833333,3.421
0.844706028055556,3.421,0.844649627222222,3.421,0.844718237777778,3.421
0.844983501111111,3.421,0.844927086388889,3.421,0.844995951666667,3.421
0.845261774444444,3.421,0.845204919166667,3.421,0.845274108611111,3.421
0.845539689444444,3.421,0.845482886666667,3.421,0.845551955833333,3.421
0.845817633611111,3.421,0.845760911388889,3.421,0.845830051111111,3.421
0.846095844166667,3.421,0.846038818611111,3.421,0.846107890555556,3.421
0.846373415555556,3.421,0.846316351666667,3.421,0.846385537777778,3.421
0.846651303055556,3.421,0.846594865,3.421,0.846663735833333,3.421
0.846929381944444,3.421,0.846872473888889,3.421,0.846941453888889,3.421
0.847207120833333,3.421,0.847150286944444,3.421,0.847219148055556,3.421
0.847484788333333,3.421,0.847428288333333,3.421,0.847496634722222,3.421
0.847762855555556,3.421,0.847706185277778,3.421,0.847774417222222,3.421
0.848040493333333,3.421,0.847983616388889,3.421,0.848052691666667,3.421
0.848318938611111,3.421,0.848261693888889,3.421,0.848330662777778,3.421
0.848596543055556,3.421,0.848539201944444,3.421,0.848608334444445,3.421
0.848874715,3.421,0.848817690833333,3.421,0.848886288611111,3.421
0.849152483888889,3.421,0.849095263333333,3.421,0.849163968888889,3.421
0.849430453055556,3.421,0.849373554166667,3.421,0.849442229166667,3.421
0.849708210277778,3.421,0.849651665277778,3.421,0.849720070555556,3.421
0.849986243888889,3.421,0.849929568055556,3.421,0.849998199166667,3.421
0.850264252222222,3.421,0.850207298611111,3.421,0.850275874444444,3.421
0.8505424625,3.421,0.850484779722222,3.421,0.850554111666667,3.421
0.850820397222222,3.421,0.850763241666667,3.421,0.850832081388889,3.421
0.851097920833333,3.421,0.8510409875,3.421,0.851109707222222,3.421
0.851375818611111,3.421,0.851318798611111,3.421,0.851387986666667,3.421
0.851653998055556,3.421,0.851596079444444,3.421,0.851665672777778,3.421
0.851931989444444,3.421,0.851874129722222,3.421,0.851943387777778,3.421
0.852209974722222,3.421,0.852151931111111,3.421,0.852221402222222,3.421
0.852487789444444,3.421,0.852430006944444,3.421,0.852499089166667,3.421
0.852765543055556,3.421,0.852707529166667,3.421,0.8527770125,3.421
0.853043205,3.421,0.852985489722222,3.421,0.853054411388889,3.421
0.853321240277778,3.421,0.853263098055555,3.421,0.853332776666667,3.421
0.853599191666667,3.421,0.853541374166667,3.421,0.853610704166667,3.421
0.853877056388889,3.421,0.853818859166667,3.421,0.853888293888889,3.421
0.854154941388889,3.421,0.854097093055556,3.421,0.854166239722222,3.421
0.854433063611111,3.421,0.854374701111111,3.421,0.854444437777778,3.421
0.854710738055556,3.421,0.854652859722222,3.421,0.854722288055556,3.421
0.854988470277778,3.421,0.85493097,3.421,0.854999951388889,3.421
0.855266736666667,3.421,0.855209096944444,3.421,0.855277646666667,3.421
0.855544278611111,3.421,0.855487406944444,3.421,0.8555558525,3.421
0.855822129166667,3.421,0.855765182222222,3.421,0.855833763333333,3.421
0.856099797777778,3.421,0.856043051388889,3.421,0.856111374444444,3.421
0.856377622222222,3.421,0.856320610833333,3.421,0.856389345833333,3.421
0.856655481388889,3.421,0.856598804166667,3.421,0.856667185833333,3.421
0.856933232777778,3.421,0.856877087222222,3.421,0.856945046111111,3.421
0.857211103888889,3.421,0.857154904166667,3.421,0.8572227125,3.421
0.857489070833333,3.421,0.857432631111111,3.421,0.857500533611111,3.421
0.857766852777778,3.421,0.857710382777778,3.421,0.857778535277778,3.421
0.858044583055556,3.421,0.857988538333333,3.421,0.858056333888889,3.421
0.858322449166667,3.421,0.858266331388889,3.421,0.858334213333333,3.421
0.858600099166667,3.421,0.85854439,3.421,0.858611866666667,3.421
0.858877666111111,3.421,0.858822460833333,3.421,0.858889452222222,3.421
0.859155969166667,3.421,0.859100195277778,3.421,0.859167284722222,3.421
0.859433975833333,3.421,0.859378335,3.421,0.859445510833333,3.421
0.859711725833333,3.421,0.859655506111111,3.421,0.859723285833333,3.421
0.859989557777778,3.421,0.859934095555556,3.421,0.860001191944444,3.421
0.860267334166667,3.421,0.860211715833333,3.421,0.860278781944445,3.421
0.860545074444445,3.421,0.860489441666667,3.421,0.860557081944444,3.421
0.860823193055556,3.421,0.860767156666667,3.421,0.860834764166667,3.421
0.861100747777778,3.421,0.861045055555556,3.421,0.861112862222222,3.421
0.861378299722222,3.421,0.861322817777778,3.421,0.86139096,3.421
0.861656259166667,3.421,0.861600526111111,3.421,0.861668644722222,3.421
0.861934241388889,3.421,0.861878973055555,3.421,0.861946597222222,3.421
0.862212030555556,3.421,0.862156908611111,3.421,0.862224219722222,3.421
0.862489596944444,3.421,0.862434933333333,3.421,0.862502411666667,3.421
0.862767326666667,3.421,0.862712778333333,3.421,0.862779993055556,3.421
0.863045160555556,3.421,0.862990630833333,3.421,0.863058208888889,3.421
0.863323005277778,3.421,0.863268770555556,3.421,0.863336318055556,3.421
0.863600803333333,3.421,0.863546608611111,3.421,0.863614165,3.421
0.863878764444444,3.421,0.863824460555556,3.421,0.863891906666667,3.421
0.864156366944444,3.421,0.864102008055556,3.421,0.864170095277778,3.421
0.8644342325,3.421,0.864379923055556,3.421,0.864448083333333,3.421
0.864712306944444,3.421,0.864657744722222,3.421,0.864725952777778,3.421
0.864989852777778,3.421,0.864935781944444,3.421,0.865003878888889,3.421
0.865267883055556,3.421,0.865213591944444,3.421,0.865281633888889,3.421
0.865545775555556,3.421,0.865491545277778,3.421,0.865559331666667,3.421
0.865823462777778,3.421,0.865769138611111,3.421,0.865837285555556,3.421
0.866101509444445,3.421,0.866046933333333,3.421,0.866115001944444,3.421
0.866379357222222,3.421,0.866324866388889,3.421,0.866393277777778,3.421
0.866657319722222,3.421,0.866602655833333,3.421,0.866671282222222,3.421
0.866935123888889,3.421,0.866880255277778,3.421,0.866949194444444,3.421
0.867212974722222,3.421,0.867158408611111,3.421,0.867227212777778,3.421
0.867491208055556,3.421,0.867436743055556,3.421,0.867505112222222,3.421
0.867768876388889,3.421,0.86771458,3.421,0.86778351,3.421
0.868046863611111,3.421,0.867992161388889,3.421,0.868061606944444,3.421
0.868324701388889,3.421,0.868269999444444,3.421,0.868339435277778,3.421
0.868602692777778,3.421,0.868547811388889,3.421,0.868617263888889,3.421
0.868880872222222,3.421,0.868825471666667,3.421,0.868894929444444,3.421
0.8691587625,3.421,0.869103784166667,3.421,0.869173086388889,3.421
0.869436635277778,3.421,0.869381570277778,3.421,0.869450658055556,3.421
0.869714513611111,3.421,0.869659428333333,3.421,0.869728726388889,3.421
0.869992210555556,3.421,0.869936994722222,3.421,0.870006080277778,3.421
0.870270398055556,3.421,0.870215165833333,3.421,0.870284369722222,3.421
0.870548066111111,3.421,0.870492565277778,3.421,0.870562205555556,3.421
0.870825768333333,3.421,0.870770955555556,3.421,0.870840139444444,3.421
0.871103750277778,3.421,0.871048594166667,3.421,0.871117746388889,3.421
0.871381920555556,3.421,0.871326546388889,3.421,0.871395241944445,3.421
0.871659742222222,3.421,0.87160431,3.421,0.871673365833333,3.421
0.871937799444444,3.421,0.8718822825,3.421,0.871951236111111,3.421
0.872215502777778,3.421,0.872159915,3.421,0.872229294722222,3.421
0.872493441666667,3.421,0.872437637777778,3.421,0.872507074722222,3.421
0.872771031666667,3.421,0.872715619444444,3.421,0.872784794722222,3.421
0.873048763333333,3.421,0.8729935425,3.421,0.873062700833333,3.421
0.873326574444445,3.421,0.873271316388889,3.421,0.873340543888889,3.421
0.873604423333333,3.421,0.873549203611111,3.421,0.873618429166667,3.421
0.873882218611111,3.421,0.873826786388889,3.421,0.873896504166667,3.421
0.874160365,3.421,0.874104660833333,3.421,0.874174608611111,3.421
0.874438240833333,3.421,0.874382592777778,3.421,0.874452598333333,3.421
0.874716213333333,3.421,0.874660345277778,3.421,0.874730159444444,3.421
0.874993534722222,3.421,0.874938175277778,3.421,0.875008029166667,3.421
0.875271534444444,3.421,0.875216048055556,3.421,0.875285843611111,3.421
0.875549653333333,3.421,0.875493713611111,3.421,0.875564159444444,3.421
0.8758274025,3.421,0.875771568055556,3.421,0.875842030833333,3.421
0.8761051325,3.421,0.876048865277778,3.421,0.8761199325,3.421
0.876383417777778,3.421,0.8763270975,3.421,0.876397455833333,3.421
0.876661231944444,3.421,0.876604424722222,3.421,0.876675255833333,3.421
0.876938883055556,3.421,0.8768826725,3.421,0.876953343611111,3.421
0.8772168975,3.421,0.877160401666667,3.421,0.877231629444445,3.421
0.87749485,3.421,0.877438123888889,3.421,0.877509526944445,3.421
0.877772675,3.421,0.877716042777778,3.421,0.877787211666667,3.421
0.8780505725,3.421,0.877993914722222,3.421,0.878065318333333,3.421
0.878328010833333,3.421,0.878271793888889,3.421,0.878343219444444,3.421
0.878606221111111,3.421,0.878549586388889,3.421,0.878620763888889,3.421
0.878883961388889,3.421,0.878827646111111,3.421,0.878898735555556,3.421
0.879162034166667,3.421,0.879105335833333,3.421,0.879176523611111,3.421
0.879440129722222,3.421,0.879383080277778,3.421,0.879454033611111,3.421
0.879718311111111,3.421,0.879660743611111,3.421,0.879731859444444,3.421
0.879995990277778,3.421,0.879938601944445,3.421,0.8800094175,3.421
0.880273750555556,3.421,0.880216819444444,3.421,0.880287488611111,3.421
0.880551833888889,3.421,0.880494623888889,3.421,0.880565685,3.421
0.880829657777778,3.421,0.880772477777778,3.421,0.880843626111111,3.421
0.881107457777778,3.421,0.881050686666667,3.421,0.881121366111111,3.421
0.881385276944444,3.421,0.881328269444444,3.421,0.881399324722222,3.421
0.881663386944444,3.421,0.881606489444445,3.421,0.881677359444444,3.421
0.881941476666667,3.421,0.881883929444444,3.421,0.881955460277778,3.421
0.882219130277778,3.421,0.882162145277778,3.421,0.88223299,3.421
0.882496895,3.421,0.882440080555556,3.421,0.882510966388889,3.421
0.882774878611111,3.421,0.882717496388889,3.421,0.882788706944444,3.421
0.883053053611111,3.421,0.882995815555556,3.421,0.883066278888889,3.421
0.883330960833333,3.421,0.883273818055556,3.421,0.883343876111111,3.421
0.883608920555556,3.421,0.883551624722222,3.421,0.883622253055556,3.421
0.883886473333333,3.421,0.883829570833333,3.421,0.883900135,3.421
0.884164628888889,3.421,0.884107494722222,3.421,0.884177818055556,3.421
0.884442529444444,3.421,0.884385571666667,3.421,0.884455671944444,3.421
0.884720261111111,3.421,0.884663525833333,3.421,0.88473336,3.421
0.884998155277778,3.421,0.88494117,3.421,0.885011098888889,3.421
0.885275820555556,3.421,0.885219326944444,3.421,0.885289248888889,3.421
0.885553832777778,3.421,0.885497321388889,3.421,0.885566939444444,3.421
0.885831718055556,3.421,0.885775491111111,3.421,0.885844983055556,3.421
0.886109833333333,3.421,0.886053114166667,3.421,0.886122714444444,3.421
0.886387413888889,3.421,0.886331039444444,3.421,0.886400625277778,3.421
0.886664888055556,3.421,0.886608676111111,3.421,0.886678368055556,3.421
0.886943276388889,3.421,0.886886656388889,3.421,0.886956226666667,3.421
0.887221051388889,3.421,0.887164309722222,3.421,0.8872343025,3.421
0.887498715,3.421,0.887442129722222,3.421,0.887512019722222,3.421
0.887776981666667,3.421,0.887719700555556,3.421,0.887789924166667,3.421
0.888054679722222,3.421,0.887997839444444,3.421,0.888067739166667,3.421
0.888332845555555,3.421,0.888275586111111,3.421,0.8883456125,3.421
0.888610777222222,3.421,0.888553446111111,3.421,0.888623753055556,3.421
0.888888660277778,3.421,0.888831035277778,3.421,0.888901073333333,3.421
0.889166273333333,3.421,0.889108904166667,3.421,0.889179092777778,3.421
0.889444118055556,3.421,0.889386825833333,3.421,0.889456896388889,3.421
0.889721608333333,3.421,0.889664626388889,3.421,0.889734521388889,3.421
0.889999851666667,3.421,0.889942337222222,3.421,0.890012299444444,3.421
0.890277695833333,3.421,0.890220065277778,3.421,0.890290083055556,3.421
0.890555705833333,3.421,0.890498146388889,3.421,0.8905680425,3.421
0.890833545,3.421,0.890776341388889,3.421,0.890845786666667,3.421
0.891111286388889,3.421,0.891054380277778,3.421,0.891123748888889,3.421
0.891389293611111,3.421,0.891332186944444,3.421,0.891401598888889,3.421
0.891667180277778,3.421,0.891610075,3.421,0.891679565277778,3.421
0.891944936111111,3.421,0.891887734444444,3.421,0.8919571875,3.421
0.892223136388889,3.421,0.892165803611111,3.421,0.892235505,3.421
0.892500790277778,3.421,0.892443658888889,3.421,0.892513274444444,3.421
0.892778950277778,3.421,0.892721865,3.421,0.892791051388889,3.421
0.893056512777778,3.421,0.892999684444444,3.421,0.893069309722222,3.421
0.893334273055556,3.421,0.893277570277778,3.421,0.893346756666667,3.421
0.893612126388889,3.421,0.893555710833333,3.421,0.893624864722222,3.421
0.893889988333333,3.421,0.893833374444444,3.421,0.893902591944444,3.421
0.894168074444444,3.421,0.894111456111111,3.421,0.894180503611111,3.421
0.894445788888889,3.421,0.894389199722222,3.421,0.894458426666667,3.421
0.8947233925,3.421,0.894666997222222,3.421,0.894736088333333,3.421
0.895001394166667,3.421,0.894944825,3.421,0.895014112222222,3.421
0.8952790625,3.421,0.895222921388889,3.421,0.8952919525,3.421
0.895556862222222,3.421,0.895501075833333,3.431,0.895569711111111,3.421
0.895834414444444,3.421,0.895779042777778,3.421,0.895847488888889,3.421
0.896112356944444,3.421,0.896056774166667,3.421,0.896125918333333,3.421
0.896390569444444,3.421,0.896334420277778,3.421,0.896403399444444,3.421
0.896668265555556,3.421,0.896612536944444,3.421,0.896681809166667,3.421
0.896945736111111,3.421,0.896890075,3.421,0.896959385277778,3.421
0.897223938333333,3.421,0.897168190833333,3.431,0.897237206388889,3.421
0.897501635,3.421,0.897445786944444,3.421,0.897515065277778,3.421
0.897779694166667,3.421,0.897723750277778,3.421,0.897792851944444,3.421
0.898057539166667,3.421,0.898001392222222,3.421,0.898070520555556,3.421
0.898335572777778,3.421,0.898278960555556,3.431,0.898348795555556,3.421
0.898613296111111,3.421,0.898557108055556,3.431,0.898626515277778,3.421
0.898891091666667,3.421,0.898834730555556,3.431,0.898904421111111,3.421
0.899168768055556,3.421,0.899112969722222,3.421,0.8991821975,3.421
0.899446575277778,3.421,0.899390749444444,3.421,0.899460373611111,3.421
0.899724333611111,3.421,0.89966834,3.431,0.899738478611111,3.421
0.900002341666667,3.421,0.899946093333333,3.431,0.900016528888889,3.421
0.900279946388889,3.421,0.900224232777778,3.431,0.900294533888889,3.421
0.900557787777778,3.421,0.900501658611111,3.421,0.900572523611111,3.421
0.900835473611111,3.421,0.900779569722222,3.421,0.900850070277778,3.421
0.901113403333333,3.421,0.901057459166667,3.421,0.901128204722222,3.421
0.901391216666667,3.421,0.901335465555556,3.421,0.901405949722222,3.421
0.901668803888889,3.421,0.90161365,3.431,0.901683743333333,3.421
0.901946333888889,3.421,0.901891374722222,3.421,0.901961378333333,3.421
0.902224450833333,3.421,0.902169202777778,3.431,0.902239265833333,3.421
0.902502538611111,3.421,0.902446995277778,3.431,0.902516928055556,3.421
0.902780479444444,3.421,0.902724691944444,3.431,0.902794793055556,3.421
0.903058276111111,3.421,0.903002233611111,3.421,0.903072369444444,3.421
0.903336244166667,3.421,0.903280299722222,3.421,0.903349967222222,3.431
0.903614227777778,3.421,0.903557906666667,3.431,0.903628281944444,3.421
0.903892283055556,3.421,0.903836061944444,3.421,0.903906059722222,3.421
0.90416969,3.421,0.904114018055556,3.431,0.904184072222222,3.431
0.904447773888889,3.421,0.904391797222222,3.431,0.904462170555556,3.421
0.904725318333333,3.421,0.904669148888889,3.421,0.904740013055556,3.421
0.905003174722222,3.421,0.904947570833333,3.421,0.905017842222222,3.421
0.905281181944445,3.421,0.905225371388889,3.421,0.905295542222222,3.421
0.905558971666667,3.421,0.905503211944444,3.421,0.905573707777778,3.421
0.9058366275,3.421,0.905781407222222,3.421,0.905851659444444,3.421
0.906114311388889,3.421,0.906059289444444,3.421,0.906129661944445,3.431
0.90639231,3.421,0.906337235555556,3.431,0.906407710833333,3.421
0.906669854722222,3.421,0.906615450833333,3.431,0.906685573611111,3.421
0.906947708333333,3.421,0.9068929425,3.421,0.906963555277778,3.421
0.907225194722222,3.421,0.907170816944444,3.421,0.907241318333333,3.421
0.907503014722222,3.421,0.907449026111111,3.421,0.907519405,3.421
0.907780775277778,3.421,0.9077266975,3.431,0.907797601388889,3.421
0.908059229444445,3.421,0.908004854722222,3.431,0.908075166388889,3.421
0.908337205833333,3.421,0.908282326111111,3.431,0.908352891666667,3.421
0.908615256388889,3.421,0.908559959722222,3.421,0.908631040833333,3.421
0.908893031666667,3.421,0.908838165833333,3.431,0.908909015277778,3.421
0.909170918055555,3.421,0.909115854722222,3.431,0.909186975555556,3.421
0.909448481666667,3.421,0.909393705,3.421,0.909464837777778,3.421
0.909726375,3.421,0.909671785,3.431,0.909742545,3.421
0.9100043125,3.421,0.909949165,3.431,0.910020514722222,3.421
0.910282291666667,3.421,0.910227422777778,3.421,0.910298822222222,3.431
0.9105597075,3.421,0.91050501,3.431,0.910577028611111,3.421
0.910837635,3.421,0.910782900555555,3.421,0.910854458055556,3.421
0.91111559,3.421,0.911060794722222,3.431,0.9111327575,3.421
0.911393458611111,3.421,0.911338610277778,3.431,0.911410736666667,3.421
0.911671789166667,3.431,0.911616358611111,3.421,0.911688499444444,3.431
0.911949518055556,3.421,0.911894271666667,3.431,0.911966201388889,3.421
0.912227456944445,3.421,0.912172031944445,3.431,0.912243895833333,3.421
0.9125053275,3.421,0.912449708611111,3.431,0.912521987222222,3.421
0.912783028055556,3.431,0.912727803055556,3.431,0.912800152777778,3.421
0.913060870833333,3.421,0.913005381666667,3.431,0.913077468055556,3.431
0.913338760277778,3.421,0.913283538611111,3.431,0.913355773888889,3.421
0.91361685,3.421,0.913561126388889,3.431,0.913633457222222,3.421
0.913894738333333,3.421,0.913839276666667,3.421,0.9139115475,3.421
0.914172326111111,3.421,0.914117662777778,3.421,0.914189341388889,3.421
0.914450517777778,3.421,0.914395300277778,3.421,0.914467071944444,3.421
0.914728434166667,3.421,0.914673046666667,3.431,0.914744971944444,3.421
0.915005892777778,3.421,0.914950768333333,3.431,0.915022831666667,3.431
0.915283819444444,3.421,0.915228485555556,3.421,0.915300891944445,3.421
0.915561775277778,3.421,0.915506450277778,3.431,0.915578556111111,3.421
0.915839449166667,3.421,0.915783935833333,3.431,0.915856885,3.421
0.916117334722222,3.421,0.916062146388889,3.431,0.916134446666667,3.421
0.916395405277778,3.431,0.916339928333333,3.431,0.916412328888889,3.421
0.916672962777778,3.421,0.916617986944444,3.431,0.916689991666667,3.431
0.916950819444444,3.421,0.916895780555556,3.431,0.916967992222222,3.421
0.91722874,3.421,0.917173369444444,3.431,0.917245721944444,3.421
0.917506669722222,3.421,0.917451704444444,3.431,0.9175236625,3.431
0.917784240277778,3.421,0.917729451944444,3.431,0.917801529722222,3.421
0.918062066944444,3.431,0.918007184722222,3.431,0.918079406666667,3.431
0.918340165277778,3.431,0.918285051666667,3.421,0.918357341944445,3.431
0.918618130833333,3.421,0.918562925,3.431,0.918635162777778,3.431
0.918896088611111,3.421,0.918840830833333,3.431,0.918912898888889,3.431
0.919173841944444,3.421,0.919118336111111,3.431,0.919190994722222,3.421
0.919451745277778,3.421,0.9193963925,3.431,0.919468601388889,3.421
0.919729699722222,3.431,0.919674531944444,3.431,0.919746710833333,3.421
0.920007294166667,3.431,0.919952251388889,3.431,0.920024630555556,3.431
0.920285107222222,3.421,0.920230036666667,3.431,0.920302513333333,3.421
0.920562746666667,3.421,0.920507854166667,3.431,0.920580711388889,3.431
0.920840936388889,3.431,0.920785437222222,3.431,0.920858556111111,3.421
0.921118643611111,3.421,0.921063236666667,3.431,0.921136535833333,3.421
0.921396664166667,3.431,0.921341279444444,3.431,0.921414227222222,3.421
0.921674376388889,3.421,0.921619108055556,3.431,0.921692173888889,3.421
0.921952173333333,3.421,0.92189696,3.431,0.921970334444444,3.431
0.922229914166667,3.421,0.922174989444444,3.431,0.922248201111111,3.421
0.922507734166667,3.431,0.922452653888889,3.431,0.922525595555556,3.431
0.922785442777778,3.421,0.922730549444445,3.431,0.922803745833333,3.431
0.923063718333333,3.421,0.923008708333333,3.431,0.923081219444444,3.431
0.9233415075,3.421,0.923286101944444,3.431,0.923358863333333,3.431
0.923619705277778,3.421,0.923564290277778,3.431,0.923637093611111,3.431
0.923897653611111,3.421,0.923841936944444,3.431,0.923914698055556,3.431
0.924175412777778,3.421,0.924120386388889,3.431,0.924192687777778,3.431
0.924453249722222,3.431,0.9243985425,3.431,0.924470105555556,3.431
0.924731409166667,3.421,0.924676169444444,3.431,0.924748221111111,3.431
0.925009531111111,3.431,0.924954138333333,3.431,0.925025894444444,3.431
0.925287107777778,3.431,0.925232006111111,3.431,0.925303649444445,3.431
0.9255649475,3.431,0.925509868888889,3.431,0.925581533888889,3.431
0.925842525555556,3.421,0.925788078611111,3.431,0.925859388333333,3.431
0.926120601944444,3.431,0.926066070833333,3.431,0.926137246388889,3.421
0.926398863888889,3.421,0.926343844444445,3.431,0.926414885555556,3.421
0.926676678611111,3.431,0.926621668611111,3.431,0.926692746666667,3.431
0.926954453888889,3.431,0.926899515833333,3.431,0.926970796111111,3.431
0.927232591388889,3.421,0.927177770277778,3.431,0.927248855833333,3.431
0.927510621111111,3.421,0.927455273611111,3.431,0.927526798611111,3.431
0.927788226666667,3.431,0.9277334,3.431,0.927804156111111,3.421
0.928066270555556,3.431,0.928011831111111,3.431,0.928082318888889,3.421
0.928343935,3.421,0.928289886111111,3.431,0.928360058888889,3.431
0.928621589444445,3.431,0.92856766,3.421,0.928637835833333,3.421
0.928899795277778,3.421,0.928845441388889,3.431,0.928915746388889,3.431
0.929177141111111,3.421,0.929123071944444,3.431,0.929193365833333,3.431
0.9294553425,3.431,0.929401090277778,3.431,0.929471435833333,3.431
0.929733245833333,3.431,0.929679089444444,3.431,0.929749275,3.431
0.930011215,3.431,0.929956349444444,3.431,0.930027366388889,3.431
0.930289076666667,3.421,0.930234898055555,3.431,0.930305214722222,3.421
0.930566649444444,3.421,0.930512606944444,3.431,0.930583126111111,3.431
0.930844476944444,3.431,0.930790455,3.431,0.930860921666667,3.431
0.931122071666667,3.421,0.931068338055556,3.431,0.931138677222222,3.431
0.931399922222222,3.431,0.931346118888889,3.431,0.931416601388889,3.421
0.931678084166667,3.421,0.931624357777778,3.431,0.931694748055556,3.431
0.9319557475,3.431,0.931902261388889,3.431,0.931972409166667,3.421
0.932233190555556,3.431,0.932179997222222,3.431,0.9322503925,3.431
0.932511452777778,3.431,0.932458048333333,3.431,0.932528227222222,3.431
0.932789328333333,3.421,0.932735891111111,3.431,0.932806065,3.431
0.933067038888889,3.431,0.933013631111111,3.431,0.933084149444444,3.431
0.933344576666667,3.431,0.933291521666667,3.431,0.933361755,3.431
0.933622386944444,3.431,0.9335689925,3.431,0.933639421111111,3.431
0.933900170277778,3.421,0.933846947222222,3.431,0.933917735555556,3.431
0.934178511944444,3.431,0.9341245125,3.431,0.934195515277778,3.431
0.934456331666667,3.421,0.934402643333333,3.431,0.934473296111111,3.431
0.934734475555556,3.431,0.934680383611111,3.431,0.934751606111111,3.431
0.935012165555556,3.431,0.934958566111111,3.431,0.935029033888889,3.431
0.935290109722222,3.431,0.935236871388889,3.431,0.935307108888889,3.431
0.935567985833333,3.431,0.935514575555556,3.431,0.935584578611111,3.421
0.935846111666667,3.431,0.935792416388889,3.431,0.935862578055556,3.431
0.936123866388889,3.421,0.936070253611111,3.421,0.936139996944444,3.431
0.9364017675,3.431,0.936348183611111,3.431,0.936418241111111,3.421
0.936679296944445,3.431,0.936625676944444,3.431,0.936695862222222,3.431
0.936957519444444,3.431,0.936903698611111,3.431,0.936974208611111,3.431
0.937235171388889,3.431,0.937181239166667,3.431,0.937252255833333,3.431
0.937513396388889,3.431,0.9374592125,3.431,0.937529711388889,3.431
0.937791174722222,3.431,0.937736927222222,3.431,0.93780787,3.431
0.938068685555555,3.431,0.938014759722222,3.431,0.938085521666667,3.431
0.938346518333333,3.421,0.938292764166667,3.431,0.938363443333333,3.431
0.938624398611111,3.431,0.938570374444444,3.431,0.938641284444444,3.431
0.938902074722222,3.431,0.938848346111111,3.431,0.938919313888889,3.421
0.939180598055556,3.431,0.939126252777778,3.431,0.939196789166667,3.431
0.939458339166667,3.431,0.939403831944444,3.431,0.939474506388889,3.431
0.939735911666667,3.431,0.939681642777778,3.431,0.939752290277778,3.421
0.940013558333333,3.431,0.939959442777778,3.431,0.940030465833333,3.431
0.940291782222222,3.431,0.940237553055556,3.431,0.940308033888889,3.431
0.940569710277778,3.421,0.940515574166667,3.431,0.940586536666667,3.431
0.940847760555556,3.431,0.940793308055555,3.431,0.940864392222222,3.431
0.9411254025,3.431,0.941071405277778,3.431,0.941142730833333,3.431
0.941403691111111,3.431,0.941349203611111,3.431,0.941420109722222,3.431
0.941680968611111,3.431,0.9416270125,3.431,0.941697995,3.431
0.941959248888889,3.431,0.941904863055556,3.431,0.941976009444444,3.431
0.942237131666667,3.431,0.942182981388889,3.431,0.942253754166667,3.421
0.942515212777778,3.431,0.942460619722222,3.431,0.942531938333333,3.431
0.942793035833333,3.431,0.942738467222222,3.431,0.942809626111111,3.431
0.943070673611111,3.431,0.943016327777778,3.431,0.943087605555556,3.431
0.943348779444444,3.431,0.943294044166667,3.431,0.943365774722222,3.431
0.943626651111111,3.431,0.943571480555556,3.431,0.943643251944444,3.431
0.943904873888889,3.431,0.943849191388889,3.431,0.943921305555556,3.431
0.944182891388889,3.431,0.944127095,3.431,0.944199345833333,3.431
0.944461081111111,3.431,0.944404933333333,3.431,0.944476684166667,3.431
0.944738965833333,3.431,0.944682463611111,3.431,0.944754601666667,3.431
0.945016491666667,3.431,0.944960470833333,3.431,0.9450323725,3.431
0.9452946625,3.431,0.945238585,3.431,0.945310005555556,3.431
0.945572084722222,3.431,0.945516526111111,3.431,0.945588083611111,3.431
0.945850174166667,3.431,0.945794425277778,3.431,0.945865628333333,3.431
0.946128462777778,3.431,0.946072230277778,3.431,0.946143866666667,3.431
0.946406488888889,3.431,0.946350052222222,3.431,0.946421131666667,3.431
0.946684072222222,3.431,0.94662765,3.431,0.946698968333333,3.431
0.9469620525,3.431,0.946905625555556,3.431,0.946977186111111,3.431
0.947239817777778,3.431,0.94718349,3.431,0.947255161388889,3.431
0.947517411388889,3.431,0.947460913055556,3.431,0.947532855833333,3.431
0.947795471111111,3.431,0.9477390575,3.431,0.947810903888889,3.431
0.948073032222222,3.431,0.948016826944444,3.431,0.948088727222222,3.431
0.948351075833333,3.431,0.948294687222222,3.431,0.948366593888889,3.431
0.948628797222222,3.431,0.948572210833333,3.431,0.948644706388889,3.431
0.948906616944444,3.431,0.948850594444445,3.431,0.948922567777778,3.431
0.949184292222222,3.431,0.949128840555555,3.431,0.949200343333333,3.431
0.949462335833333,3.421,0.949406830833333,3.431,0.949477856111111,3.431
0.949740105,3.431,0.949684719444444,3.431,0.949756004166667,3.431
0.950017969722222,3.431,0.949962683333333,3.431,0.950033656388889,3.431
0.950295474722222,3.431,0.950240416944444,3.431,0.950311503333333,3.431
0.950573481666667,3.431,0.950518465,3.431,0.950589036666667,3.431
0.950851311666667,3.431,0.950795981944444,3.431,0.950866970277778,3.431
0.951128998333333,3.431,0.951073873888889,3.431,0.951144707222222,3.431
0.951406888611111,3.431,0.951352212222222,3.431,0.951422913611111,3.431
0.951684396111111,3.431,0.9516300475,3.431,0.951700642777778,3.431
0.951962488611111,3.431,0.9519078075,3.431,0.951978371388889,3.431
0.952240111666667,3.431,0.952185712777778,3.431,0.9522564575,3.431
0.9525182475,3.431,0.9524632875,3.431,0.952534556666667,3.431
0.9527961,3.431,0.952741603888889,3.431,0.952812411388889,3.431
0.953074278333333,3.431,0.953019142222222,3.431,0.953090064722222,3.431
0.953351893611111,3.431,0.953297357222222,3.431,0.953367891666667,3.431
0.953630031111111,3.431,0.953575010833333,3.431,0.953645687777778,3.431
0.953907674166667,3.431,0.953852752777778,3.431,0.953923541111111,3.431
0.954185657777778,3.431,0.954130958888889,3.431,0.954201597222222,3.431
0.9544631775,3.431,0.954408558611111,3.431,0.954479220277778,3.431
0.954741016944444,3.431,0.954686489722222,3.431,0.954757261666667,3.431
0.955018789166667,3.431,0.954963916388889,3.431,0.955035466944444,3.431
0.955296625833333,3.431,0.955241646111111,3.431,0.955312967777778,3.431
0.955574569166667,3.431,0.955520035277778,3.431,0.955590811388889,3.431
0.955852433333333,3.431,0.955797740833333,3.431,0.955868782222222,3.431
0.956130188611111,3.431,0.956075588888889,3.431,0.9561469125,3.431
0.956408,3.431,0.956353496111111,3.431,0.956424571111111,3.431
0.956685827777778,3.431,0.9566315075,3.431,0.956702273055556,3.431
0.956963751944444,3.431,0.956909073888889,3.431,0.956980233333333,3.431
0.957241521944444,3.431,0.957187058333333,3.441,0.957257913611111,3.431
0.95751956,3.431,0.95746448,3.431,0.957536085555555,3.431
0.957797236666667,3.431,0.957742585,3.431,0.957814336944444,3.431
0.958075354722222,3.431,0.958020990555556,3.431,0.958092356944445,3.431
0.958352946666667,3.431,0.958298453888889,3.441,0.958369930555556,3.431
0.958630934444444,3.431,0.958576486111111,3.431,0.958647733055556,3.431
0.958908846944444,3.431,0.958854229444444,3.431,0.958925958888889,3.431
0.959186761944444,3.431,0.9591323425,3.431,0.959203352777778,3.431
0.9594645925,3.431,0.959410051388889,3.431,0.9594813125,3.431
0.959742494444444,3.431,0.959688023333333,3.431,0.959758956666667,3.431
0.960020294722222,3.431,0.959965620833333,3.431,0.960037186111111,3.431
0.960298355277778,3.431,0.960243856111111,3.431,0.960314960277778,3.431
0.9605759625,3.431,0.960521633055556,3.431,0.960592980277778,3.431
0.960854156944444,3.431,0.960799910555555,3.431,0.960870649722222,3.431
0.961131977222222,3.431,0.961077667777778,3.431,0.961148587222222,3.431
0.961409909722222,3.431,0.961355739166667,3.431,0.961426546666667,3.431
0.961687394722222,3.431,0.961633483611111,3.431,0.961704265277778,3.431
0.961965478055556,3.431,0.961911118888889,3.431,0.961981971666667,3.431
0.962243363888889,3.431,0.962188989722222,3.431,0.962260095,3.431
0.962521008333333,3.431,0.962467130555556,3.441,0.962538210555556,3.431
0.962799226111111,3.431,0.962745424166667,3.431,0.962815833055556,3.431
0.963076871111111,3.431,0.963023004444444,3.431,0.963094094444444,3.431
0.963355102777778,3.431,0.963300989166667,3.431,0.963371981388889,3.431
0.963632729166667,3.431,0.963578725277778,3.431,0.963649736666667,3.431
0.963910609166667,3.431,0.963856548888889,3.431,0.963927809722222,3.431
0.964188642222222,3.431,0.964134509166667,3.441,0.964205570277778,3.431
0.964466057777778,3.431,0.964412588611111,3.431,0.964483432777778,3.431
0.964744560277778,3.431,0.964690447777778,3.431,0.964761126388889,3.431
0.965022358888889,3.431,0.964968093055556,3.431,0.965039304722222,3.431
0.965300187777778,3.431,0.965245964166667,3.431,0.965316916666667,3.431
0.965578428333333,3.431,0.965524006388889,3.431,0.965595078611111,3.431
0.965856000833333,3.431,0.965801971666667,3.431,0.9658729175,3.431
0.966133920833333,3.431,0.966079871111111,3.431,0.966150802777778,3.431
0.966411446944444,3.431,0.966357773333333,3.431,0.966428613888889,3.431
0.966689261111111,3.431,0.966635536111111,3.431,0.966706712222222,3.431
0.966967304166667,3.431,0.966913333611111,3.431,0.966984580555556,3.431
0.967244763333333,3.431,0.9671911425,3.431,0.967262168611111,3.431
0.967522700277778,3.431,0.967469049166667,3.431,0.967540073888889,3.431
0.967800541666667,3.431,0.967746403055556,3.431,0.967818041111111,3.431
0.968078424722222,3.431,0.968024574722222,3.431,0.968095559722222,3.431
0.968356730277778,3.431,0.968302454722222,3.431,0.968373404722222,3.431
0.968634356388889,3.431,0.968580616666667,3.431,0.968651268333333,3.431
0.968912353611111,3.431,0.9688582925,3.431,0.968929443333333,3.431
0.969189883055556,3.431,0.969136266388889,3.431,0.96920776,3.431
0.9694681725,3.431,0.96941461,3.431,0.969485795555555,3.431
0.969745958611111,3.431,0.969691920833333,3.431,0.969763217222222,3.431
0.970023749722222,3.431,0.969970422222222,3.431,0.970040893333333,3.431
0.97030203,3.431,0.970248161944445,3.431,0.970319045,3.431
0.970579719722222,3.431,0.970526221388889,3.431,0.970597102777778,3.431
0.970857165277778,3.431,0.970804090833333,3.431,0.970874860555556,3.431
0.971135246944445,3.431,0.971081873055555,3.431,0.971152609722222,3.431
0.971412982777778,3.431,0.971359666666667,3.431,0.971430581944444,3.431
0.971691025833333,3.431,0.971637659722222,3.431,0.971708221388889,3.431
0.971968876666667,3.431,0.9719152825,3.441,0.971986171944444,3.431
0.972246814722222,3.431,0.972193145833333,3.441,0.972264307222222,3.431
0.9725248,3.431,0.972471254444444,3.431,0.972541803333333,3.431
0.972802296388889,3.431,0.972748604444444,3.431,0.972819923611111,3.431
0.973080221111111,3.431,0.973027103055556,3.431,0.973097778611111,3.431
0.973358077222222,3.431,0.9733054875,3.431,0.973376052222222,3.431
0.973636103055555,3.431,0.973582944722222,3.431,0.973653862777778,3.431
0.973913734444445,3.431,0.973860973055556,3.431,0.973931540277778,3.431
0.974191935,3.431,0.974139093333333,3.431,0.974209228333333,3.431
0.974469487222222,3.431,0.9744169175,3.431,0.974487267222222,3.431
0.974747491666667,3.431,0.974694810833333,3.431,0.974765013055556,3.431
0.975025415,3.431,0.974972769166667,3.431,0.975043077222222,3.431
0.975303409166667,3.431,0.975250578888889,3.431,0.975320988888889,3.431
0.975581586666667,3.431,0.975528354722222,3.441,0.975598909444444,3.431
0.975859436944444,3.431,0.975806638611111,3.431,0.975876786666667,3.431
0.976137164444444,3.431,0.976084623611111,3.441,0.976154801666667,3.431
0.976414990555556,3.431,0.976362252777778,3.431,0.976432466388889,3.431
0.976692745555556,3.431,0.976640456944444,3.431,0.976710513055556,3.431
0.976970444722222,3.431,0.976917989166667,3.431,0.976988103611111,3.431
0.977248336944444,3.431,0.9771955425,3.441,0.977266137777778,3.431
0.977525723333333,3.431,0.9774736375,3.441,0.977543965,3.431
0.977803853888889,3.431,0.977751271666667,3.441,0.977821708611111,3.431
0.978081571388889,3.431,0.978029216666667,3.431,0.978099630277778,3.431
0.978359385555556,3.431,0.978306906944444,3.441,0.97837748,3.431
0.978637515833333,3.431,0.978584614722222,3.441,0.978655395833333,3.431
0.978915245,3.431,0.978862551388889,3.431,0.978933060555556,3.431
0.9791931325,3.431,0.9791401825,3.431,0.979210793611111,3.431
0.97947108,3.431,0.97941847,3.431,0.979488962777778,3.431
0.979748746944444,3.431,0.979695962222222,3.441,0.979767016944444,3.431
0.980026658888889,3.431,0.979973763888889,3.431,0.980045158888889,3.431
0.980304492777778,3.431,0.980251690833333,3.441,0.980323308333333,3.431
0.980582555,3.431,0.980529516666667,3.431,0.980601340555556,3.431
0.980860105555556,3.431,0.980807391944444,3.441,0.980878571388889,3.431
0.981138178055555,3.431,0.981085026944444,3.441,0.981156864722222,3.431
0.981415648333333,3.431,0.981362609444444,3.441,0.981434933333333,3.431
0.981693533055556,3.431,0.9816410525,3.441,0.981712716111111,3.431
0.981971517777778,3.431,0.981918568055556,3.441,0.981990438611111,3.431
0.982249451388889,3.431,0.982196567777778,3.441,0.982268604444444,3.431
0.982527036111111,3.431,0.982474409722222,3.431,0.982546512777778,3.431
0.982804963333333,3.431,0.982752350555556,3.441,0.982824194166667,3.431
0.983082944166667,3.431,0.983030556111111,3.441,0.983101867222222,3.431
0.983360532777778,3.431,0.983308571111111,3.441,0.983379724166667,3.431
0.983638692777778,3.431,0.983586364166667,3.431,0.983657740277778,3.431
0.983916706111111,3.431,0.983864090833333,3.441,0.983935966944444,3.431
0.9841942725,3.431,0.984142157777778,3.441,0.984213795277778,3.431
0.984472046666667,3.431,0.984420229722222,3.441,0.984491472777778,3.431
0.984750362222222,3.431,0.984697846666667,3.441,0.984769335277778,3.431
0.985027973055556,3.431,0.984975564722222,3.441,0.985047276666667,3.431
0.98530604,3.431,0.985253641388889,3.441,0.985325295555556,3.431
0.985584009722222,3.441,0.9855315075,3.431,0.98560343,3.431
0.985862041666667,3.441,0.985809577222222,3.441,0.985880805,3.431
0.986139620277778,3.441,0.986087257222222,3.441,0.986158968611111,3.431
0.986417560833333,3.441,0.986364692777778,3.441,0.986436966944444,3.431
0.986695426388889,3.431,0.986643011111111,3.431,0.986715020555556,3.431
0.986973714722222,3.431,0.986920800277778,3.441,0.986992839722222,3.431
0.987251664722222,3.441,0.987198722777778,3.441,0.987270601388889,3.431
0.987529609722222,3.431,0.987476554722222,3.441,0.987548766111111,3.441
0.987807446944444,3.441,0.987754531944444,3.441,0.987826464166667,3.431
0.98808534,3.431,0.9880325275,3.441,0.988104165555556,3.431
0.988363331944444,3.431,0.988310323333333,3.441,0.988382326388889,3.431
0.988640948055556,3.431,0.988588629166667,3.441,0.988659716944444,3.431
0.988919006666667,3.431,0.988866520833333,3.431,0.9889379375,3.431
0.989196878055556,3.431,0.989144050833333,3.441,0.98921585,3.431
0.989475161666667,3.431,0.989421917222222,3.441,0.98949334,3.431
0.989752877222222,3.431,0.989700176666667,3.441,0.989771606944444,3.431
0.990030965,3.441,0.989977511944444,3.441,0.990049488888889,3.431
0.990308643055556,3.431,0.990255245277778,3.441,0.990327228333333,3.441
0.990586548333333,3.431,0.990533545277778,3.441,0.990605153055556,3.431
0.990864505555555,3.431,0.990811088333333,3.441,0.990883070555556,3.441
0.991142063333333,3.441,0.991089613888889,3.441,0.991161038611111,3.441
0.991419645555556,3.431,0.991367220555555,3.441,0.991438640555556,3.431
0.991697802777778,3.441,0.99164498,3.441,0.991716771111111,3.431
0.991975198333333,3.431,0.991922750833333,3.441,0.991994784722222,3.431
0.992253441944444,3.431,0.992200619444444,3.441,0.992272871111111,3.431
0.992530889166667,3.441,0.992478516666667,3.441,0.992550834166667,3.431
0.992808594444444,3.431,0.992756404166667,3.441,0.992828722777778,3.431
0.993086569444444,3.431,0.993034758055556,3.441,0.993106563055556,3.431
0.993364694722222,3.441,0.993312543333333,3.441,0.993384437777778,3.431
0.993642339444444,3.431,0.993590315833333,3.431,0.993662371111111,3.441
0.9939203825,3.441,0.993868146111111,3.441,0.993940007777778,3.431
0.994197673055556,3.431,0.994145845833333,3.441,0.994217976388889,3.441
0.994475929722222,3.431,0.994423830833333,3.441,0.9944955625,3.431
0.994753735833333,3.441,0.994701748055556,3.441,0.994773769166667,3.441
0.995031583888889,3.431,0.994979702222222,3.441,0.995051829166667,3.441
0.995309267777778,3.441,0.995257703055556,3.441,0.995329342777778,3.431
0.9955870625,3.431,0.995535579444444,3.441,0.995607340277778,3.431
0.995864808611111,3.441,0.995813809722222,3.441,0.995884920277778,3.441
0.996143065833333,3.441,0.996091408333333,3.441,0.996162676944444,3.431
0.9964207,3.431,0.996369172222222,3.441,0.996440613333333,3.441
0.996698829722222,3.431,0.996646730555556,3.441,0.996718441388889,3.431
0.996976500555556,3.441,0.996924557222222,3.441,0.996996490555556,3.431
0.997254771388889,3.441,0.997202636388889,3.441,0.997274141111111,3.441
0.997532371111111,3.431,0.997480265,3.441,0.997552282777778,3.441
0.997810650277778,3.441,0.997758250277778,3.441,0.997830478333333,3.441
0.998088787222222,3.431,0.998036136388889,3.441,0.998108552777778,3.431
0.998366521111111,3.441,0.998314267777778,3.441,0.9983863425,3.441
0.99864419,3.441,0.998592006388889,3.441,0.998663941388889,3.431
0.998921844166667,3.431,0.998869689722222,3.441,0.998942396111111,3.431
0.9992001125,3.431,0.999147911666667,3.441,0.999219729166667,3.431
0.999477976666667,3.441,0.999425576111111,3.441,0.999497808055556,3.431
0.999755505,3.441,0.999703589444444,3.441,0.9997759,3.441
1.00003356388889,3.431,0.999981461944444,3.441,1.00005358277778,3.441
1.00031152638889,3.441,1.00025925333333,3.441,1.00033174583333,3.441
1.00058939944444,3.431,1.00053693583333,3.441,1.00061019861111,3.431
1.00086735361111,3.431,1.00081470194444,3.441,1.00088767833333,3.441
1.00114518388889,3.441,1.00109284166667,3.441,1.00116568416667,3.441
1.00142335111111,3.441,1.00137052,3.441,1.00144313694444,3.441
1.00170137527778,3.441,1.00164846333333,3.441,1.00172105916667,3.441
1.00197877222222,3.441,1.00192637944444,3.441,1.00199883916667,3.441
1.00225707944444,3.441,1.00220416055556,3.441,1.00227658138889,3.441
1.00253472,3.441,1.00248220083333,3.441,1.00255455333333,3.441
1.00281281472222,3.441,1.00276022277778,3.441,1.00283231138889,3.431
1.00309038416667,3.441,1.00303773833333,3.441,1.00311038388889,3.441
1.0033684075,3.441,1.0033152375,3.441,1.003388085,3.441
1.00364623277778,3.441,1.00359307694444,3.441,1.00366579916667,3.441
1.00392443861111,3.441,1.00387135722222,3.441,1.00394417361111,3.441
1.00420220944444,3.441,1.004149275,3.441,1.00422216388889,3.441
1.00448014888889,3.441,1.00442732916667,3.441,1.00449997833333,3.431
1.00475746222222,3.441,1.00470531416667,3.441,1.00477811333333,3.441
1.005035685,3.441,1.00498328944444,3.441,1.005055535,3.441
1.00531358861111,3.441,1.00526140777778,3.441,1.00533360027778,3.441
1.00559123833333,3.441,1.00553892722222,3.441,1.00561179083333,3.441
1.00586928611111,3.441,1.00581672472222,3.441,1.00588940444444,3.441
1.00614692333333,3.441,1.00609476888889,3.441,1.00616744,3.431
1.00642471611111,3.441,1.00637264583333,3.441,1.00644537166667,3.441
1.00670261555556,3.431,1.0066502525,3.441,1.00672306944444,3.431
1.00698055472222,3.441,1.00692846305556,3.441,1.00700155416667,3.441
1.00725852166667,3.441,1.0072058275,3.441,1.00727935388889,3.441
1.00753627277778,3.441,1.00748395722222,3.441,1.00755745944444,3.441
1.00781406805556,3.441,1.00776196416667,3.441,1.00783495833333,3.441
1.00809195805556,3.441,1.00803977527778,3.441,1.00811301722222,3.441
1.00837002638889,3.441,1.00831742472222,3.441,1.00839059666667,3.441
1.00864765,3.441,1.00859547111111,3.441,1.00866880638889,3.441
1.00892569666667,3.441,1.00887312416667,3.441,1.00894662861111,3.441
1.00920354805556,3.441,1.00915115138889,3.441,1.00922441472222,3.441
1.00948149777778,3.441,1.00942908277778,3.441,1.00950230472222,3.441
1.00975898944444,3.441,1.00970690388889,3.441,1.00978034138889,3.441
1.01003688777778,3.441,1.0099846475,3.441,1.01005829138889,3.431
1.01031468083333,3.441,1.01026241194444,3.441,1.01033621055556,3.441
1.01059295444444,3.441,1.01054016916667,3.441,1.01061413277778,3.441
1.010870725,3.441,1.01081822638889,3.441,1.01089202944444,3.441
1.01114889277778,3.441,1.01109589194444,3.441,1.01116982472222,3.431
1.01142644027778,3.441,1.01137395138889,3.441,1.01144756527778,3.441
1.01170404333333,3.441,1.01165170472222,3.441,1.01172545944444,3.441
1.01198216694444,3.441,1.01192942944444,3.441,1.01200308,3.441
1.01225993805556,3.441,1.01220716277778,3.441,1.01228104416667,3.441
1.01253783111111,3.441,1.01248532527778,3.441,1.01255887583333,3.441
1.012815505,3.441,1.01276311583333,3.441,1.01283670944444,3.441
1.01309360333333,3.441,1.01304060583333,3.441,1.01311463555556,3.441
1.01337160777778,3.441,1.01331829638889,3.441,1.01339254888889,3.441
1.01364933333333,3.441,1.01359630888889,3.441,1.01367010027778,3.441
1.01392723361111,3.441,1.01387384527778,3.441,1.01394788805556,3.441
1.0142049375,3.441,1.01415197055556,3.441,1.01422560722222,3.441
1.01448276277778,3.441,1.01442992527778,3.441,1.01450373694444,3.441
1.01476068166667,3.441,1.01470785555556,3.441,1.01478162444444,3.441
1.01503843916667,3.441,1.01498531611111,3.441,1.01505980694444,3.441
1.0153164775,3.441,1.01526354361111,3.451,1.01533800055556,3.441
1.01559412583333,3.441,1.01554126388889,3.441,1.01561586222222,3.441
1.01587154222222,3.441,1.01581914583333,3.441,1.01589332166667,3.441
1.0161499025,3.441,1.01609691222222,3.441,1.016171415,3.441
1.01642769277778,3.441,1.01637479722222,3.441,1.01644926472222,3.441
1.01670542888889,3.441,1.01665285638889,3.441,1.01672704333333,3.441
1.01698324361111,3.441,1.01693025444444,3.451,1.01700470944444,3.441
1.01726148527778,3.441,1.01720846194444,3.441,1.01728274833333,3.441
1.01753904194444,3.441,1.01748628833333,3.441,1.01756076194444,3.441
1.01781699277778,3.441,1.01776419888889,3.451,1.01783842805556,3.441
1.01809477861111,3.441,1.01804201916667,3.441,1.01811657972222,3.441
1.01837253944444,3.441,1.0183198925,3.441,1.01839431472222,3.441
1.01865040111111,3.441,1.01859790944444,3.441,1.01867194138889,3.441
1.0189283825,3.441,1.01887566944444,3.441,1.01894977583333,3.441
1.01920599388889,3.441,1.019153435,3.441,1.01922761611111,3.441
1.01948358944444,3.441,1.01943131611111,3.441,1.01950544055556,3.441
1.01976174027778,3.441,1.01970916111111,3.441,1.019783025,3.441
1.02003965694444,3.441,1.01998742138889,3.441,1.02006136444444,3.441
1.02031732916667,3.441,1.02026478805556,3.441,1.02033924361111,3.441
1.020595235,3.441,1.02054272583333,3.451,1.020617015,3.441
1.02087272611111,3.441,1.02082072555556,3.451,1.02089474277778,3.441
1.02115069194444,3.441,1.02109836777778,3.441,1.021172775,3.441
1.02142853944444,3.441,1.021376085,3.441,1.02145082722222,3.441
1.02170622444444,3.441,1.02165414166667,3.441,1.02172876138889,3.441
1.02198395777778,3.441,1.02193172388889,3.451,1.0220066075,3.441
1.02226215333333,3.441,1.02220991222222,3.451,1.02228430777778,3.441
1.0225400875,3.441,1.02248771638889,3.451,1.02256240666667,3.441
1.02281769777778,3.441,1.02276544916667,3.441,1.02284003083333,3.441
1.02309576222222,3.441,1.02304353694444,3.451,1.02311828611111,3.441
1.02337350555556,3.441,1.02332128138889,3.441,1.02339614944444,3.441
1.02365146361111,3.441,1.02359936222222,3.441,1.02367383222222,3.441
1.02392954611111,3.441,1.02387712888889,3.451,1.02395160166667,3.441
1.02420737611111,3.441,1.02415518638889,3.441,1.02422941777778,3.441
1.02448553583333,3.441,1.02443313166667,3.441,1.02450754527778,3.441
1.02476317472222,3.441,1.02471088388889,3.441,1.02478558194444,3.441
1.025041525,3.441,1.02498856,3.441,1.02506372638889,3.441
1.02531928361111,3.451,1.02526680638889,3.441,1.02534162277778,3.441
1.025597015,3.441,1.02554465833333,3.441,1.0256195325,3.441
1.02587511638889,3.441,1.02582231416667,3.451,1.02589732972222,3.441
1.02615274888889,3.441,1.0261001975,3.451,1.02617497055556,3.441
1.02643038083333,3.441,1.02637800555556,3.441,1.02645263638889,3.441
1.02670873361111,3.451,1.0266558875,3.441,1.02673048972222,3.441
1.02698644472222,3.441,1.02693441972222,3.451,1.02700842055556,3.441
1.02726450777778,3.441,1.02721240611111,3.451,1.027286445,3.441
1.02754235805556,3.441,1.02748998194444,3.451,1.02756428583333,3.441
1.0278203425,3.441,1.02776812888889,3.441,1.02784218388889,3.441
1.02809800944444,3.441,1.02804602666667,3.451,1.02812002638889,3.441
1.02837612694444,3.441,1.02832376972222,3.451,1.02839789666667,3.441
1.02865351055556,3.441,1.02860149527778,3.441,1.02867549694444,3.441
1.02893160527778,3.441,1.0288796125,3.451,1.02895377083333,3.441
1.02920924,3.441,1.02915766527778,3.441,1.02923132388889,3.441
1.02948707583333,3.441,1.02943528388889,3.441,1.02950935194444,3.441
1.02976498611111,3.441,1.02971328638889,3.451,1.02978677027778,3.441
1.03004296166667,3.451,1.02999087861111,3.451,1.03006483027778,3.441
1.03032073527778,3.441,1.03026849972222,3.451,1.03034259388889,3.441
1.03059831361111,3.441,1.03054636805556,3.451,1.03062047972222,3.441
1.03087604055556,3.451,1.03082413611111,3.451,1.03089804416667,3.441
1.03115407027778,3.441,1.03110213083333,3.441,1.03117623638889,3.441
1.03143181,3.441,1.03137972694444,3.451,1.03145390972222,3.441
1.03170952111111,3.451,1.03165786027778,3.451,1.03173207583333,3.441
1.03198749222222,3.441,1.03193610611111,3.451,1.03200976527778,3.441
1.03226561305556,3.441,1.03221378166667,3.451,1.032287845,3.441
1.03254328333333,3.441,1.032491655,3.441,1.03256528638889,3.441
1.03282095833333,3.451,1.03276942083333,3.441,1.03284329138889,3.441
1.03309885333333,3.451,1.03304699166667,3.441,1.03312137444444,3.441
1.03337652416667,3.441,1.03332499111111,3.451,1.03339932277778,3.451
1.03365425166667,3.441,1.03360257555556,3.451,1.03367742027778,3.441
1.03393261138889,3.441,1.03388066805556,3.451,1.03395547055556,3.441
1.03420998972222,3.441,1.03415840388889,3.451,1.03423301527778,3.441
1.03448811666667,3.451,1.0344364475,3.441,1.03451125111111,3.441
1.03476596916667,3.441,1.03471419972222,3.451,1.03478889277778,3.441
1.03504398444444,3.441,1.03499237527778,3.451,1.03506716111111,3.441
1.03532179361111,3.451,1.03526995944444,3.451,1.03534479722222,3.441
1.035599405,3.441,1.03554782277778,3.451,1.03562256444444,3.441
1.03587721444444,3.451,1.03582524444444,3.451,1.03590023972222,3.441
1.03615508666667,3.451,1.03610328972222,3.451,1.03617809666667,3.441
1.03643297472222,3.451,1.03638100027778,3.441,1.03645610972222,3.441
1.03671133083333,3.451,1.03665877305556,3.451,1.03673382055556,3.441
1.03698936166667,3.451,1.03693655361111,3.451,1.03701176611111,3.441
1.03726722472222,3.451,1.03721442611111,3.451,1.037289475,3.451
1.03754481722222,3.451,1.03749246666667,3.451,1.03756727722222,3.441
1.03782280611111,3.451,1.03777038138889,3.441,1.03784529555556,3.441
1.03810036361111,3.451,1.03804809527778,3.451,1.03812298527778,3.441
1.03837804694444,3.451,1.03832584611111,3.451,1.03840110444444,3.441
1.03865593861111,3.441,1.03860376305556,3.451,1.03867878583333,3.441
1.03893383777778,3.441,1.03888145055556,3.451,1.03895677361111,3.441
1.03921181388889,3.441,1.03915934305556,3.451,1.03923468194444,3.451
1.03948931444444,3.451,1.03943662361111,3.451,1.03951274722222,3.441
1.03976724722222,3.451,1.03971481722222,3.451,1.03979031222222,3.451
1.04004511694444,3.441,1.03999248916667,3.451,1.04006842916667,3.451
1.04032267861111,3.451,1.04027064583333,3.451,1.04034612722222,3.451
1.040600625,3.451,1.04054859583333,3.451,1.04062386083333,3.451
1.04087860277778,3.451,1.04082641027778,3.451,1.040901935,3.441
1.0411567775,3.451,1.04110410194444,3.451,1.0411801375,3.441
1.04143498027778,3.451,1.04138204638889,3.451,1.04145789388889,3.451
1.04171251194444,3.451,1.04165981833333,3.451,1.04173584722222,3.451
1.04199038,3.441,1.04193718833333,3.451,1.04201415583333,3.451
1.04226848472222,3.451,1.04221531833333,3.451,1.04229223277778,3.441
1.04254640027778,3.451,1.04249296722222,3.451,1.04257015527778,3.441
1.04282415472222,3.451,1.04277123222222,3.451,1.04284793527778,3.451
1.04310179722222,3.451,1.04304858527778,3.451,1.04312572833333,3.441
1.04337938666667,3.451,1.04332664583333,3.451,1.0434034325,3.441
1.04365759527778,3.451,1.04360423444444,3.451,1.04368132805556,3.441
1.04393515222222,3.451,1.04388199388889,3.451,1.04395919694444,3.451
1.04421303333333,3.451,1.04415991583333,3.451,1.04423684166667,3.441
1.04449077722222,3.441,1.044437555,3.451,1.04451474666667,3.451
1.04476852277778,3.451,1.04471570027778,3.451,1.04479269805556,3.441
1.04504705805556,3.451,1.0449934675,3.451,1.04507039583333,3.441
1.04532472527778,3.451,1.04527121583333,3.451,1.04534808638889,3.451
1.04560252194444,3.451,1.04554935916667,3.451,1.04562626277778,3.441
1.04588015,3.451,1.04582716138889,3.451,1.04590419694444,3.451
1.04615824694444,3.451,1.04610474861111,3.451,1.0461822675,3.451
1.04643606833333,3.451,1.04638245694444,3.451,1.04645994583333,3.451
1.04671424666667,3.451,1.0466603275,3.451,1.04673776805556,3.451
1.04699239805556,3.451,1.04693855138889,3.451,1.04701579027778,3.441
1.04727045833333,3.451,1.04721653638889,3.451,1.04729377555556,3.451
1.04754827111111,3.451,1.04749433194444,3.451,1.04757111638889,3.441
1.04782621916667,3.451,1.047772335,3.451,1.04784931805556,3.441
1.04810445666667,3.451,1.04805024416667,3.451,1.04812698611111,3.451
1.04838220666667,3.451,1.04832826138889,3.451,1.04840513361111,3.451
1.04866028638889,3.451,1.04860578888889,3.451,1.04868278666667,3.451
1.04893769666667,3.441,1.04888407138889,3.451,1.04896088611111,3.441
1.04921617388889,3.451,1.0491619075,3.451,1.04923843916667,3.451
1.04949347555556,3.451,1.04943985055556,3.451,1.04951635305556,3.451
1.04977135722222,3.451,1.04971799277778,3.451,1.04979432361111,3.451
1.05004918527778,3.451,1.04999590805556,3.451,1.05007228666667,3.451
1.05032709194444,3.451,1.05027379805556,3.451,1.0503497425,3.451
1.05060511083333,3.451,1.05055208722222,3.451,1.05062794055556,3.451
1.05088329666667,3.451,1.05082967611111,3.451,1.0509057325,3.451
1.05116132444444,3.451,1.05110742777778,3.451,1.05118318138889,3.451
1.05143903416667,3.451,1.05138523555556,3.451,1.05146129583333,3.441
1.05171696194444,3.451,1.05166305583333,3.451,1.05173903583333,3.441
1.05199458694444,3.451,1.05194084916667,3.451,1.05201680805556,3.451
1.05227236361111,3.451,1.05221853416667,3.451,1.05229484111111,3.451
1.05255025416667,3.451,1.05249678166667,3.451,1.05257252638889,3.451
1.05282874305556,3.451,1.05277469194444,3.451,1.05285017861111,3.451
1.05310663333333,3.451,1.0530528675,3.451,1.05312786611111,3.451
1.05338437138889,3.451,1.05333054027778,3.451,1.053406065,3.441
1.05366241472222,3.451,1.05360859277778,3.451,1.05368387194444,3.451
1.05394015222222,3.451,1.05388636027778,3.451,1.05396171777778,3.451
1.05421841055556,3.451,1.05416439166667,3.451,1.05423944638889,3.451
1.05449600722222,3.451,1.05444239638889,3.451,1.05451723555556,3.441
1.05477381666667,3.451,1.05472018277778,3.451,1.05479506277778,3.451
1.05505191361111,3.451,1.05499820611111,3.451,1.05507319722222,3.451
1.05532990333333,3.451,1.05527576083333,3.451,1.05535056111111,3.451
1.0556076175,3.451,1.05555359777778,3.451,1.05562877055556,3.451
1.05588544694444,3.451,1.05583138472222,3.451,1.05590684722222,3.451
1.05616333055556,3.451,1.05610978416667,3.451,1.05618444472222,3.451
1.05644103916667,3.451,1.05638766361111,3.451,1.0564625925,3.451
1.05671902888889,3.451,1.05666580361111,3.451,1.05674030111111,3.451
1.05699734555556,3.451,1.05694372777778,3.451,1.0570182025,3.451
1.0572749475,3.451,1.05722147333333,3.451,1.05729628722222,3.441
1.05755268833333,3.451,1.05749885416667,3.451,1.05757405833333,3.451
1.05783084166667,3.451,1.05777694805556,3.451,1.05785195388889,3.451
1.05810841583333,3.451,1.05805512666667,3.451,1.05813008833333,3.451
1.05838626833333,3.451,1.05833316194444,3.451,1.05840799305556,3.451
1.05866430361111,3.451,1.05861101611111,3.451,1.05868596666667,3.451
1.05894205055556,3.451,1.05888860194444,3.451,1.05896411861111,3.451
1.05921995888889,3.451,1.05916665944444,3.451,1.05924168388889,3.451
1.05949790138889,3.451,1.05944453583333,3.451,1.05951941277778,3.451
1.05977547388889,3.451,1.05972211305556,3.451,1.05979730805556,3.451
1.06005319861111,3.451,1.05999988611111,3.451,1.06007522027778,3.451
1.06033117138889,3.451,1.06027778194444,3.451,1.06035325611111,3.451
1.06060907583333,3.451,1.0605557125,3.451,1.06063104833333,3.451
1.06088657444444,3.451,1.06083337722222,3.451,1.06090928055556,3.451
1.06116505194444,3.451,1.06111133138889,3.451,1.06118687666667,3.451
1.06144266138889,3.451,1.06138933638889,3.451,1.06146490722222,3.451
1.06172034611111,3.451,1.06166710388889,3.451,1.061742695,3.451
1.06199849,3.451,1.06194452333333,3.451,1.06202076638889,3.451
1.06227622055556,3.451,1.06222287694444,3.451,1.06229831722222,3.451
1.06255443138889,3.451,1.062500455,3.451,1.06257611527778,3.451
1.06283213361111,3.451,1.06277823027778,3.451,1.06285407694444,3.451
1.06310990888889,3.451,1.06305621083333,3.451,1.06313215944444,3.451
1.06338765777778,3.451,1.06333380638889,3.451,1.06340968055556,3.451
1.06366548138889,3.451,1.06361164361111,3.451,1.06368761722222,3.451
1.06394340222222,3.451,1.06388994638889,3.451,1.06396524638889,3.451
1.06422157972222,3.451,1.06416782972222,3.451,1.06424308472222,3.451
1.06449976583333,3.451,1.06444576138889,3.451,1.06452133916667,3.451
1.06477752555556,3.451,1.06472383611111,3.451,1.06479892333333,3.451
1.06505554777778,3.451,1.06500171138889,3.451,1.06507714944444,3.451
1.06533295027778,3.451,1.06527958833333,3.451,1.06535525444444,3.451
1.06561087416667,3.451,1.06555790222222,3.451,1.06563344666667,3.451
1.06588923611111,3.451,1.06583568861111,3.451,1.06591091222222,3.451
1.06616682083333,3.451,1.06611356,3.451,1.06618906722222,3.451
1.06644464916667,3.451,1.06639155944444,3.451,1.06646637861111,3.451
1.06672235555556,3.451,1.06666889611111,3.451,1.06674481805556,3.451
1.06700030722222,3.451,1.06694664888889,3.451,1.06702245722222,3.451
1.06727779305556,3.451,1.06722481277778,3.451,1.06730015472222,3.451
1.06755560333333,3.451,1.06750249694444,3.451,1.0675779025,3.451
1.06783364555556,3.451,1.06778008972222,3.451,1.06785556194444,3.451
1.06811102444444,3.451,1.068058105,3.451,1.06813317333333,3.451
1.06838921944444,3.451,1.06833631805556,3.451,1.06841110638889,3.451
1.06866694,3.451,1.06861386611111,3.451,1.06868915444444,3.451
1.06894478805556,3.451,1.06889178083333,3.451,1.06896663472222,3.451
1.06922266333333,3.451,1.06916960583333,3.451,1.06924445194444,3.451
1.06950027111111,3.451,1.06944734388889,3.451,1.06952238611111,3.451
1.06977832361111,3.451,1.06972498222222,3.451,1.06980060083333,3.451
1.07005568416667,3.451,1.07000275777778,3.451,1.07007840027778,3.451
1.07033375694444,3.451,1.07028128055556,3.451,1.07035656916667,3.451
1.07061193083333,3.451,1.07055900138889,3.451,1.07063412611111,3.451
1.07088984138889,3.451,1.07083673805556,3.451,1.07091228055556,3.451
1.07116799222222,3.451,1.071114715,3.451,1.07119013194444,3.451
1.07144542083333,3.451,1.07139255083333,3.451,1.07146775972222,3.451
1.07172313055556,3.451,1.07167066027778,3.451,1.07174586361111,3.451
1.07200099111111,3.451,1.07194882555556,3.461,1.07202345666667,3.451
1.07227882277778,3.451,1.07222646611111,3.451,1.07230135333333,3.451
1.07255663111111,3.451,1.07250463694444,3.451,1.07257949166667,3.451
1.07283434055556,3.461,1.07278232555556,3.451,1.07285717138889,3.451
1.07311268388889,3.451,1.07306007027778,3.461,1.07313489388889,3.451
1.07339055027778,3.451,1.07333815694444,3.451,1.07341297805556,3.451
1.07366866305556,3.451,1.07361573888889,3.451,1.07369102777778,3.451
1.07394662166667,3.451,1.073893725,3.451,1.0739687975,3.451
1.07422443694444,3.451,1.07417150416667,3.461,1.07424678194444,3.451
1.07450251916667,3.451,1.0744496475,3.451,1.07452448833333,3.451
1.07478068583333,3.451,1.07472786361111,3.461,1.07480202916667,3.451
1.07505870333333,3.451,1.07500573888889,3.451,1.07508003833333,3.451
1.07533633472222,3.451,1.07528359444444,3.451,1.07535786694444,3.451
1.075614195,3.451,1.07556161777778,3.451,1.07563558722222,3.451
1.07589174055556,3.451,1.07583945916667,3.451,1.07591305194444,3.451
1.07616954666667,3.451,1.07611797833333,3.451,1.07619097805556,3.451
1.07644759166667,3.451,1.07639558194444,3.461,1.07646862944444,3.451
1.07672531166667,3.451,1.07667329138889,3.461,1.07674669805556,3.451
1.07700314638889,3.451,1.07695110972222,3.451,1.07702463027778,3.451
1.07728101027778,3.461,1.07722896722222,3.461,1.07730226166667,3.451
1.07755892722222,3.451,1.07750687861111,3.451,1.0775804525,3.451
1.0778367,3.461,1.07778439611111,3.451,1.0778583625,3.451
1.07811435972222,3.451,1.07806262055556,3.451,1.07813617944444,3.451
1.07839211305556,3.451,1.07834041944444,3.461,1.07841408694444,3.451
1.07866997638889,3.451,1.07861807916667,3.451,1.07869188083333,3.451
1.07894804583333,3.451,1.07889601305556,3.461,1.078969675,3.451
1.07922614916667,3.451,1.07917374,3.461,1.07924793277778,3.451
1.07950352638889,3.451,1.07945174583333,3.461,1.07952556861111,3.451
1.07978195527778,3.461,1.07972920361111,3.461,1.07980348222222,3.451
1.08005949472222,3.461,1.08000728138889,3.451,1.08008105972222,3.451
1.08033720472222,3.451,1.08028523472222,3.461,1.08035908722222,3.451
1.08061512805556,3.451,1.08056323833333,3.451,1.08063659527778,3.451
1.08089308194444,3.451,1.08084086555556,3.461,1.08091418944444,3.451
1.08117095805556,3.461,1.08111906722222,3.461,1.08119193111111,3.451
1.08144902444444,3.461,1.08139681805556,3.461,1.08147003388889,3.451
1.08172681611111,3.451,1.08167488638889,3.461,1.08174777416667,3.451
1.08200490361111,3.461,1.0819532125,3.461,1.08202546194444,3.451
1.08228247194444,3.461,1.08223076944444,3.461,1.08230355305556,3.451
1.08256083944444,3.461,1.08250854305556,3.461,1.08258118,3.451
1.08283854638889,3.461,1.08278666972222,3.451,1.08285898611111,3.451
1.08311647777778,3.461,1.08306434111111,3.461,1.08313686944444,3.451
1.08339429305556,3.461,1.08334237305556,3.461,1.08341481777778,3.451
1.08367183027778,3.451,1.083619965,3.461,1.08369288305556,3.451
1.083950335,3.461,1.08389795055556,3.461,1.0839706675,3.451
1.08422775472222,3.451,1.08417576666667,3.461,1.08424843305556,3.451
1.08450560166667,3.461,1.08445390833333,3.461,1.08452610416667,3.451
1.08478392111111,3.461,1.08473167583333,3.461,1.08480422611111,3.451
1.08506155027778,3.461,1.08500950638889,3.461,1.08508193222222,3.451
1.08533942,3.461,1.08528739444444,3.461,1.085359805,3.461
1.08561707444444,3.461,1.08556485611111,3.461,1.08563792611111,3.451
1.08589492916667,3.461,1.08584286861111,3.461,1.08591602833333,3.451
1.08617273861111,3.451,1.08612049611111,3.461,1.0861935475,3.461
1.08645065333333,3.461,1.08639839194444,3.461,1.08647140861111,3.451
1.08672841472222,3.461,1.08667607027778,3.461,1.08674961222222,3.451
1.08700634666667,3.461,1.08695359805556,3.461,1.08702774694444,3.451
1.08728381333333,3.461,1.08723178222222,3.461,1.08730560111111,3.451
1.08756185388889,3.461,1.08750934833333,3.461,1.0875833125,3.451
1.08783980166667,3.461,1.08778740166667,3.461,1.08786123833333,3.451
1.08811762138889,3.461,1.08806483194444,3.461,1.0881391125,3.451
1.08839519944444,3.461,1.08834276888889,3.461,1.08841667333333,3.451
1.08867365361111,3.461,1.08862070583333,3.461,1.08869463722222,3.451
1.08895125805556,3.461,1.088898405,3.461,1.08897226138889,3.451
1.08922928833333,3.461,1.08917629555556,3.461,1.08925015083333,3.451
1.08950700611111,3.461,1.08945392388889,3.461,1.08952791944444,3.461
1.08978456777778,3.461,1.0897316325,3.451,1.08980605972222,3.451
1.09006246027778,3.461,1.09000944305556,3.451,1.09008387,3.451
1.09034054583333,3.461,1.09028743055556,3.461,1.09036159194444,3.451
1.09061835166667,3.461,1.09056504277778,3.461,1.09063960472222,3.451
1.09089603194444,3.461,1.09084269666667,3.461,1.09091733472222,3.461
1.09117406666667,3.461,1.09112072444444,3.461,1.09119520527778,3.451
1.0914517925,3.461,1.09139842,3.461,1.09147294305556,3.461
1.09172939416667,3.461,1.09167636861111,3.461,1.09175056722222,3.451
1.09200760777778,3.461,1.09195413305556,3.461,1.09202862638889,3.451
1.09228567472222,3.461,1.09223230277778,3.461,1.09230650666667,3.461
1.09256340027778,3.461,1.09250996722222,3.461,1.09258412972222,3.461
1.09284102916667,3.461,1.092787915,3.461,1.09286196555556,3.451
1.09311884722222,3.461,1.09306595361111,3.461,1.09314044361111,3.451
1.09339679583333,3.461,1.09334341638889,3.461,1.0934178625,3.451
1.09367446972222,3.461,1.09362161027778,3.461,1.09369608638889,3.451
1.09395252083333,3.461,1.09389941416667,3.461,1.09397384916667,3.451
1.0942301425,3.461,1.09417721888889,3.461,1.09425198722222,3.451
1.09450792166667,3.461,1.09445556944444,3.461,1.09452988055556,3.461
1.0947860225,3.461,1.0947330475,3.461,1.09480744722222,3.451
1.09506396222222,3.461,1.09501086722222,3.461,1.09508503305556,3.461
1.09534184055556,3.461,1.09528899083333,3.461,1.09536322888889,3.451
1.09561995777778,3.461,1.095567035,3.461,1.09564098055556,3.451
1.09589763,3.461,1.09584484833333,3.461,1.09591862,3.461
1.09617540388889,3.461,1.09612299388889,3.461,1.09619662361111,3.461
1.09645328944444,3.461,1.09640052305556,3.461,1.09647392638889,3.461
1.09673113527778,3.461,1.09667862166667,3.461,1.09675187361111,3.451
1.09700895277778,3.461,1.09695653333333,3.461,1.09702979472222,3.461
1.09728676916667,3.461,1.09723456,3.461,1.09730760083333,3.461
1.09756474111111,3.461,1.09751201444444,3.461,1.09758521,3.451
1.09784238055556,3.461,1.09779002388889,3.461,1.09786322944444,3.461
1.09812026416667,3.461,1.09806782305556,3.461,1.09814091722222,3.461
1.09839777277778,3.461,1.09834561944444,3.461,1.09841861722222,3.451
1.09867572361111,3.461,1.09862334694444,3.461,1.09869684527778,3.461
1.09895377888889,3.461,1.09890110583333,3.461,1.09897441416667,3.451
1.09923167222222,3.461,1.0991795125,3.461,1.09925248166667,3.461
1.09950954722222,3.461,1.09945732194444,3.461,1.09953012638889,3.461
1.0997875225,3.461,1.09973540388889,3.461,1.09980830611111,3.461
1.10006518722222,3.461,1.100013175,3.461,1.10008643611111,3.461
1.10034334861111,3.461,1.10029096694444,3.461,1.10036433222222,3.461
1.10062123333333,3.461,1.10056941083333,3.461,1.10064207361111,3.461
1.10089887555556,3.461,1.10084742805556,3.461,1.10091972416667,3.461
1.10117652333333,3.461,1.10112511388889,3.461,1.10119788277778,3.461
1.1014547025,3.461,1.10140314277778,3.461,1.10147562833333,3.461
1.10173221222222,3.461,1.10168087111111,3.461,1.1017538275,3.461
1.10201042805556,3.461,1.10195872694444,3.461,1.10203140638889,3.461
1.10228825944444,3.461,1.10223638166667,3.461,1.10230984944444,3.461
1.10256610722222,3.461,1.10251438944444,3.461,1.10258763,3.461
1.102844205,3.461,1.10279238916667,3.461,1.10286551555556,3.461
1.10312159027778,3.461,1.10306970944444,3.461,1.10314335916667,3.461
1.10339955694444,3.461,1.10334769555556,3.461,1.10342100611111,3.461
1.10367726472222,3.461,1.10362554972222,3.461,1.10369888833333,3.461
1.1039552525,3.461,1.10390388194444,3.461,1.10397668277778,3.461
1.10423291222222,3.461,1.10418160361111,3.461,1.10425440388889,3.461
1.10451070305556,3.461,1.10445958222222,3.461,1.10453222222222,3.461
1.10478865277778,3.461,1.10473751333333,3.461,1.10481019527778,3.461
1.10506614666667,3.461,1.10501550444444,3.461,1.10508780416667,3.461
1.10534446,3.461,1.10529381194444,3.461,1.10536594333333,3.461
1.10562208277778,3.461,1.10557137555556,3.461,1.10564367111111,3.461
1.10589998,3.461,1.10584922888889,3.461,1.10592147166667,3.461
1.10617823666667,3.461,1.1061273525,3.461,1.10619953805556,3.461
1.10645624277778,3.461,1.10640532305556,3.472,1.10647701305556,3.461
1.10673414472222,3.461,1.10668319388889,3.461,1.10675498805556,3.461
1.10701200638889,3.461,1.10696125194444,3.461,1.10703289111111,3.461
1.1072900125,3.461,1.10723886055556,3.461,1.10731081611111,3.461
1.10756766333333,3.461,1.10751710583333,3.461,1.10758876416667,3.461
1.10784540777778,3.461,1.10779483722222,3.461,1.10786635888889,3.461
1.10812335694444,3.461,1.10807271777778,3.461,1.10814474194444,3.461
1.10840119805556,3.461,1.10835054666667,3.461,1.1084226475,3.461
1.10867876805556,3.461,1.10862807722222,3.461,1.10870045055556,3.461
1.10895644388889,3.461,1.10890639194444,3.461,1.10897801833333,3.461
1.10923409722222,3.461,1.10918417305556,3.472,1.10925604805556,3.461
1.10951215277778,3.461,1.10946181527778,3.461,1.10953364027778,3.461
1.10978995944444,3.461,1.10973974888889,3.461,1.10981155166667,3.461
1.11006760805556,3.461,1.11001750138889,3.461,1.11008950805556,3.461
1.11034563805556,3.461,1.11029522083333,3.461,1.11036731194444,3.461
1.11062370722222,3.472,1.11057303416667,3.461,1.1106451325,3.461
1.11090135805556,3.472,1.11085084,3.472,1.11092325305556,3.461
1.11117881805556,3.472,1.11112877416667,3.461,1.11120111527778,3.461
1.1114571525,3.461,1.11140673944444,3.472,1.11147895388889,3.461
1.11173525916667,3.461,1.11168435666667,3.461,1.11175669055556,3.461
1.11201317416667,3.472,1.11196241111111,3.472,1.11203417916667,3.461
1.11229105833333,3.472,1.11223974166667,3.461,1.11231217,3.461
1.11256885638889,3.472,1.11251745638889,3.461,1.11259016694444,3.461
1.11284647777778,3.472,1.11279556944444,3.461,1.11286781583333,3.461
1.11312432,3.472,1.11307366027778,3.472,1.11314559111111,3.461
1.11340230777778,3.472,1.11335146916667,3.461,1.11342380083333,3.461
1.11367987472222,3.472,1.11362889833333,3.461,1.11370152583333,3.461
1.11395820916667,3.472,1.11390666277778,3.472,1.113979345,3.461
1.114236375,3.472,1.114184835,3.472,1.11425703638889,3.461
1.11451404361111,3.472,1.11446230833333,3.461,1.11453504944444,3.461
1.11479199916667,3.472,1.1147400275,3.461,1.11481323472222,3.461
1.11507005694444,3.472,1.11501821166667,3.472,1.11509095083333,3.461
1.11534734666667,3.472,1.11529590777778,3.472,1.11536877833333,3.461
1.11562530555556,3.472,1.11557362444444,3.472,1.115646475,3.461
1.11590370083333,3.472,1.11585139805556,3.472,1.11592456972222,3.461
1.11618171638889,3.472,1.11612940333333,3.461,1.11620215277778,3.461
1.11645940555556,3.472,1.11640666694444,3.461,1.11647980805556,3.461
1.1167373075,3.472,1.11668480527778,3.472,1.11675791138889,3.461
1.11701520805556,3.472,1.11696263305556,3.472,1.11703574055556,3.461
1.11729298138889,3.472,1.11724004722222,3.472,1.11731344527778,3.461
1.11757077666667,3.472,1.11751815111111,3.472,1.1175915975,3.461
1.11784893333333,3.472,1.11779553055556,3.472,1.11786928277778,3.461
1.11812651555556,3.472,1.11807383972222,3.472,1.11814737194444,3.461
1.11840474555556,3.472,1.11835182472222,3.472,1.11842504888889,3.461
1.11868208861111,3.472,1.11863005055556,3.472,1.11870311944444,3.461
1.11896021833333,3.472,1.11890808694444,3.472,1.11898098194444,3.461
1.11923804111111,3.472,1.11918597111111,3.472,1.11925895916667,3.461
1.11951588361111,3.472,1.11946359722222,3.472,1.11953675805556,3.461
1.11979407694444,3.472,1.11974127555556,3.472,1.11981444777778,3.461
1.12007181361111,3.472,1.1200189425,3.472,1.12009223305556,3.461
1.1203494275,3.472,1.12029713444444,3.472,1.12036997722222,3.461
1.12062762916667,3.472,1.12057477666667,3.472,1.12064810833333,3.461
1.12090571083333,3.472,1.1208528725,3.472,1.12092597083333,3.461
1.12118358805556,3.472,1.12113107055556,3.472,1.12120360138889,3.461
1.12146151111111,3.472,1.121408685,3.472,1.12148139527778,3.461
1.1217389425,3.472,1.12168613694444,3.472,1.12175896138889,3.461
1.12201658722222,3.472,1.12196446722222,3.472,1.12203711333333,3.461
1.12229458,3.472,1.12224227,3.461,1.12231480694444,3.461
1.12257249916667,3.472,1.12252011444444,3.472,1.12259272611111,3.461
1.12285006722222,3.472,1.12279822944444,3.472,1.12287065194444,3.461
1.12312783972222,3.472,1.12307624361111,3.472,1.12314820416667,3.461
1.12340588277778,3.472,1.12335356694444,3.472,1.12342626861111,3.461
1.12368361611111,3.472,1.12363184222222,3.472,1.12370390138889,3.461
1.12396126138889,3.472,1.12390924861111,3.472,1.12398165972222,3.461
1.124239405,3.472,1.124186945,3.472,1.12425999388889,3.461
1.1245173025,3.472,1.12446521833333,3.472,1.12453768722222,3.461
1.12479511611111,3.472,1.12474265777778,3.472,1.12481560527778,3.461
1.125073,3.472,1.12502077166667,3.472,1.12509381472222,3.461
1.12535072916667,3.472,1.12529860083333,3.472,1.12537140138889,3.461
1.12562871305556,3.472,1.12557655722222,3.472,1.12564907888889,3.461
1.12590597722222,3.482,1.12585405833333,3.472,1.1259267225,3.461
1.1261837475,3.472,1.12613189277778,3.472,1.12620483666667,3.472
1.12646194666667,3.472,1.12640983111111,3.472,1.12648300694444,3.461
1.12673982361111,3.472,1.12668797555556,3.472,1.12676067166667,3.461
1.12701769444444,3.482,1.12696585277778,3.472,1.12703880777778,3.461
1.12729561305556,3.472,1.12724348444444,3.472,1.12731637972222,3.461
1.12757345194444,3.482,1.12752118277778,3.472,1.12759410972222,3.472
1.12785125944444,3.472,1.12779938388889,3.472,1.12787222305556,3.461
1.12812913805556,3.482,1.12807710805556,3.472,1.12815060805556,3.472
1.12840715694444,3.472,1.12835485138889,3.472,1.12842834166667,3.472
1.12868496388889,3.482,1.12863274361111,3.482,1.12870613055556,3.461
1.128962515,3.472,1.12891086444444,3.472,1.12898386277778,3.461
1.12924032916667,3.482,1.12918908916667,3.482,1.12926190611111,3.461
1.12951832472222,3.472,1.12946679055556,3.472,1.12953966916667,3.472
1.12979598305556,3.482,1.12974475722222,3.472,1.12981729305556,3.461
1.13007380166667,3.482,1.13002286833333,3.482,1.13009542527778,3.472
1.13035186305556,3.482,1.13030064555556,3.472,1.13037311722222,3.472
1.13062968194444,3.472,1.13057832361111,3.482,1.13065098194444,3.472
1.13090786833333,3.482,1.13085602666667,3.472,1.13092938416667,3.472
1.13118540305556,3.482,1.13113387972222,3.472,1.13120710972222,3.472
1.13146293944444,3.482,1.131411405,3.472,1.13148496777778,3.472
1.13174067861111,3.482,1.13168948722222,3.472,1.1317628525,3.472
1.13201878277778,3.482,1.13196726166667,3.472,1.13204034583333,3.461
1.13229656777778,3.472,1.13224477777778,3.472,1.13231835361111,3.461
1.13257440388889,3.482,1.13252253222222,3.472,1.13259650138889,3.472
1.13285230833333,3.482,1.13280027277778,3.472,1.13287444388889,3.461
1.13312964027778,3.482,1.13307828305556,3.472,1.13315235472222,3.472
1.13340776888889,3.482,1.13335592055556,3.482,1.13343021055556,3.472
1.13368517666667,3.482,1.13363389944444,3.472,1.13370774916667,3.461
1.13396318888889,3.482,1.13391163055556,3.482,1.13398529333333,3.472
1.13424092555556,3.482,1.13418940805556,3.472,1.13426336222222,3.472
1.13451904083333,3.482,1.13446701416667,3.472,1.13454150305556,3.472
1.13479707277778,3.482,1.13474476972222,3.482,1.13481961027778,3.472
1.13507459888889,3.472,1.1350229325,3.472,1.13509772833333,3.461
1.13535263638889,3.482,1.13530119611111,3.472,1.13537551583333,3.472
1.13563035138889,3.482,1.13557929583333,3.472,1.13565334888889,3.472
1.13590811027778,3.482,1.13585691305556,3.472,1.13593143666667,3.472
1.13618602722222,3.482,1.13613474833333,3.472,1.13620937,3.472
1.13646381666667,3.482,1.13641255138889,3.472,1.13648690583333,3.472
1.13674199583333,3.482,1.13669063055556,3.482,1.13676504416667,3.472
1.13701946472222,3.482,1.13696854416667,3.482,1.13704327277778,3.472
1.13729757916667,3.482,1.13724631305556,3.482,1.13732095055556,3.472
1.13757583583333,3.482,1.13752408861111,3.472,1.13759869222222,3.472
1.13785398472222,3.482,1.13780192666667,3.482,1.13787642,3.472
1.13813187027778,3.482,1.13807966611111,3.482,1.13815439694444,3.472
1.13840961638889,3.482,1.13835748444444,3.482,1.13843237638889,3.472
1.13868735722222,3.482,1.13863544888889,3.482,1.13871063861111,3.472
1.13896540027778,3.482,1.13891309527778,3.482,1.13898857444444,3.472
1.13924327111111,3.482,1.13919097583333,3.482,1.13926660944444,3.472
1.13952124944444,3.482,1.13946833833333,3.482,1.13954444583333,3.472
1.13979904305556,3.482,1.13974632027778,3.482,1.13982205138889,3.472
1.14007691083333,3.482,1.14002402527778,3.482,1.14009996277778,3.472
1.14035504777778,3.482,1.1403019175,3.482,1.14037815888889,3.472
1.140632765,3.482,1.14058018472222,3.482,1.14065607777778,3.472
1.14091042416667,3.482,1.14085804055556,3.482,1.14093398027778,3.472
1.14118822361111,3.482,1.14113572805556,3.482,1.14121173166667,3.472
1.14146568444444,3.482,1.14141354,3.482,1.14148940861111,3.472
1.1417437175,3.482,1.14169157305556,3.482,1.14176727611111,3.472
1.1420215025,3.482,1.14196883944444,3.482,1.14204539444444,3.472
1.14229959916667,3.482,1.14224698083333,3.482,1.14232350027778,3.472
1.14257746472222,3.482,1.14252509611111,3.482,1.14260092222222,3.472
1.14285537472222,3.482,1.14280279944444,3.482,1.14287898277778,3.472
1.14313290611111,3.482,1.14308081083333,3.482,1.1431567525,3.472
1.14341116472222,3.482,1.14335881583333,3.482,1.14343481111111,3.472
1.14368876527778,3.482,1.14363681833333,3.482,1.14371294333333,3.472
1.14396685222222,3.482,1.14391469305556,3.482,1.14399055888889,3.472
1.14424459805556,3.482,1.14419269305556,3.482,1.14426867583333,3.472
1.14452287722222,3.482,1.14447053694444,3.482,1.14454640277778,3.472
1.14480090611111,3.482,1.14474850166667,3.482,1.14482462833333,3.472
1.14507872,3.482,1.14502639888889,3.482,1.14510192916667,3.472
1.14535680833333,3.482,1.14530405361111,3.482,1.14538006888889,3.482
1.14563475916667,3.482,1.14558170722222,3.482,1.1456578325,3.472
1.14591260166667,3.482,1.14586019861111,3.482,1.14593615055556,3.472
1.14619058305556,3.482,1.146137735,3.482,1.14621424277778,3.472
1.14646832055556,3.482,1.14641529777778,3.482,1.14649215083333,3.472
1.1467463975,3.482,1.14669343666667,3.482,1.14677004777778,3.472
1.14702448055556,3.482,1.1469711775,3.482,1.14704788,3.472
1.14730219583333,3.482,1.1472488925,3.482,1.14732565861111,3.472
1.14758035444444,3.482,1.14752672305556,3.482,1.14760342277778,3.472
1.14785773611111,3.482,1.14780454944444,3.482,1.14788118138889,3.472
1.14813619555556,3.492,1.14808248138889,3.482,1.14815900416667,3.472
1.14841375916667,3.482,1.14836030583333,3.482,1.14843713388889,3.472
1.14869160111111,3.482,1.14863833861111,3.482,1.14871490305556,3.472
1.14896964611111,3.492,1.14891620861111,3.482,1.14899269583333,3.472
1.14924712388889,3.492,1.14919388527778,3.482,1.14927061611111,3.482
1.14952518,3.492,1.14947163805556,3.482,1.14954870527778,3.472
1.14980371,3.482,1.149749295,3.482,1.14982610666667,3.472
1.15008128222222,3.492,1.15002750388889,3.482,1.15010387805556,3.472
1.15035896833333,3.482,1.15030495138889,3.482,1.15038163666667,3.472
1.15063685444444,3.492,1.15058326666667,3.482,1.15065948777778,3.482
1.15091454972222,3.492,1.15086088944444,3.482,1.15093719694444,3.472
1.15119247861111,3.482,1.15113853277778,3.482,1.15121520638889,3.482
1.1514702125,3.492,1.15141670138889,3.482,1.15149279194444,3.482
1.15174797055556,3.492,1.15169442972222,3.482,1.15177093972222,3.482
1.1520256325,3.492,1.15197222388889,3.482,1.15204863,3.482
1.15230337027778,3.492,1.152250175,3.482,1.15232657194444,3.482
1.1525815475,3.492,1.15252813027778,3.482,1.1526045425,3.482
1.15285912,3.492,1.15280587944444,3.482,1.15288217444444,3.482
1.15313674305556,3.492,1.15308363638889,3.482,1.15316032027778,3.472
1.15341432055556,3.492,1.15336186972222,3.482,1.15343808333333,3.482
1.15369234194444,3.482,1.15363979833333,3.482,1.1537159725,3.482
1.15397024916667,3.492,1.15391759,3.482,1.15399389055556,3.472
1.15424767944444,3.492,1.15419516083333,3.482,1.15427199361111,3.482
1.15452565805556,3.492,1.15447315166667,3.482,1.15454985611111,3.482
1.15480351722222,3.492,1.15475057527778,3.482,1.15482772777778,3.482
1.15508143833333,3.492,1.15502841444444,3.482,1.15510595138889,3.482
1.15535922555556,3.492,1.15530652611111,3.482,1.15538361833333,3.482
1.15563690138889,3.492,1.15558453361111,3.482,1.15566165861111,3.482
1.15591516111111,3.492,1.15586207027778,3.482,1.15593924333333,3.482
1.15619277,3.492,1.15613971,3.482,1.15621710027778,3.482
1.15647093555556,3.492,1.15641805305556,3.482,1.15649476527778,3.482
1.156748795,3.492,1.15669551611111,3.482,1.15677261416667,3.482
1.15702699,3.492,1.15697348388889,3.482,1.15705036166667,3.482
1.15730465888889,3.492,1.15725146388889,3.492,1.15732802416667,3.472
1.15758282055556,3.492,1.15752914111111,3.482,1.15760615222222,3.482
1.15786119833333,3.492,1.15780730861111,3.482,1.15788385083333,3.482
1.15813881916667,3.492,1.15808545722222,3.482,1.15816189027778,3.482
1.1584166825,3.492,1.158363315,3.482,1.15843945222222,3.482
1.15869416916667,3.492,1.15864099472222,3.492,1.158717205,3.482
1.15897223055556,3.492,1.15891896472222,3.482,1.15899533805556,3.482
1.15924978972222,3.492,1.15919673194444,3.492,1.15927313583333,3.482
1.15952745166667,3.492,1.15947467722222,3.482,1.1595508975,3.482
1.15980542027778,3.492,1.15975231388889,3.482,1.15982904916667,3.482
1.1600836225,3.492,1.16003049638889,3.482,1.16010645972222,3.482
1.16036118722222,3.492,1.16030845611111,3.482,1.16038441305556,3.482
1.16063911555556,3.492,1.16058588083333,3.482,1.16066232833333,3.482
1.16091664555556,3.492,1.16086384333333,3.492,1.1609402775,3.482
1.16119478472222,3.492,1.16114159861111,3.482,1.16121840583333,3.482
1.16147244361111,3.492,1.16141947944444,3.492,1.16149646111111,3.482
1.16175014472222,3.492,1.16169712888889,3.482,1.1617742225,3.482
1.1620281925,3.492,1.16197535,3.482,1.16205258527778,3.482
1.16230627944444,3.492,1.16225319472222,3.492,1.16233000666667,3.482
1.16258399027778,3.492,1.16253126722222,3.482,1.16260810472222,3.482
1.16286212388889,3.492,1.16280903833333,3.482,1.16288568,3.482
1.16313995555556,3.492,1.16308647222222,3.492,1.16316361388889,3.482
1.16341772361111,3.492,1.16336449333333,3.492,1.16344146638889,3.482
1.16369593305556,3.492,1.16364224027778,3.492,1.16371941111111,3.482
1.16397382722222,3.492,1.16392050555556,3.492,1.16399735027778,3.482
1.16425142472222,3.492,1.16419846638889,3.492,1.16427522916667,3.482
1.16452938166667,3.492,1.16447648138889,3.492,1.1645534025,3.482
1.16480717694444,3.492,1.16475426555556,3.482,1.16483107138889,3.482
1.16508490611111,3.492,1.16503232666667,3.492,1.1651092025,3.482
1.16536295222222,3.492,1.16530996444444,3.492,1.16538667,3.482
1.16564072027778,3.492,1.16558777805556,3.492,1.16566474555556,3.482
1.16591838861111,3.492,1.16586567527778,3.492,1.16594289416667,3.482
1.16619626583333,3.492,1.16614395861111,3.492,1.16622061888889,3.482
1.16647422138889,3.492,1.1664216325,3.492,1.16649881138889,3.482
1.16675252138889,3.492,1.16669940361111,3.492,1.166776555,3.482
1.16703045361111,3.492,1.16697734555556,3.492,1.16705451055556,3.482
1.16730823194444,3.492,1.16725515527778,3.492,1.16733228055556,3.482
1.16758600222222,3.492,1.16753268055556,3.492,1.16761010555556,3.482
1.167863755,3.492,1.16781062111111,3.492,1.16788853388889,3.482
1.16814178805556,3.492,1.16808826444444,3.492,1.16816623444444,3.482
1.16841977611111,3.492,1.16836618638889,3.492,1.16844437055556,3.482
1.16869776944444,3.492,1.16864418,3.482,1.16872240861111,3.482
1.16897546388889,3.502,1.16892242583333,3.492,1.16899990111111,3.482
1.16925332666667,3.492,1.16920000777778,3.492,1.16927797,3.482
1.16953070361111,3.492,1.16947789722222,3.492,1.16955566638889,3.482
1.1698088875,3.492,1.16975580166667,3.492,1.1698333225,3.482
1.17008672611111,3.502,1.17003389944444,3.492,1.17011136694444,3.482
1.17036440944444,3.502,1.17031164666667,3.492,1.17038923,3.482
1.17064236694444,3.502,1.17058975916667,3.492,1.17066715472222,3.492
1.17092025888889,3.492,1.17086771611111,3.492,1.17094491805556,3.482
1.17119796361111,3.492,1.17114546444444,3.492,1.17122270694444,3.482
1.17147547805556,3.492,1.17142345916667,3.492,1.17150084194444,3.482
1.17175351138889,3.492,1.1717011625,3.492,1.17177862305556,3.482
1.17203176222222,3.502,1.17197864166667,3.492,1.17205649527778,3.482
1.17230931416667,3.492,1.17225675472222,3.492,1.17233425805556,3.482
1.17258714055556,3.502,1.17253445638889,3.492,1.17261220361111,3.482
1.17286491555556,3.502,1.17281253138889,3.492,1.17288999694444,3.482
1.17314289055556,3.502,1.17309021194444,3.492,1.17316799472222,3.482
1.17342072555556,3.502,1.17336803944444,3.492,1.17344606583333,3.482
1.17369870722222,3.502,1.17364617388889,3.492,1.17372362388889,3.482
1.17397669361111,3.502,1.17392435805556,3.492,1.17400168777778,3.482
1.17425430194444,3.502,1.17420239805556,3.492,1.17427978944444,3.482
1.17453235638889,3.502,1.17448043777778,3.492,1.17455753138889,3.482
1.17481022472222,3.502,1.17475811722222,3.492,1.17483527388889,3.492
1.17508791166667,3.502,1.17503554888889,3.492,1.1751131575,3.482
1.17536579361111,3.502,1.175313365,3.492,1.17539104083333,3.482
1.17564372138889,3.502,1.17559158638889,3.492,1.17566931861111,3.482
1.17592135805556,3.502,1.17586922194444,3.492,1.17594708805556,3.492
1.17619927472222,3.502,1.17614736611111,3.492,1.17622507916667,3.492
1.17647713222222,3.502,1.17642516,3.492,1.17650295055556,3.492
1.17675502027778,3.502,1.17670282138889,3.492,1.17678096722222,3.492
1.17703257472222,3.502,1.17698096138889,3.492,1.17705885888889,3.492
1.17731068277778,3.502,1.17725857277778,3.492,1.17733675055556,3.482
1.17758891777778,3.502,1.17753643388889,3.492,1.17761474138889,3.482
1.17786659472222,3.502,1.17781436,3.492,1.17789266555556,3.492
1.17814446694444,3.502,1.17809261861111,3.492,1.17817028444444,3.492
1.17842287277778,3.502,1.17837029583333,3.492,1.17844814944444,3.482
1.17870053777778,3.502,1.178648105,3.492,1.1787263275,3.482
1.17897816472222,3.502,1.17892622805556,3.492,1.17900403944444,3.482
1.17925596416667,3.502,1.17920418194444,3.492,1.17928208166667,3.482
1.17953399555556,3.502,1.17948213166667,3.492,1.17955994888889,3.482
1.17981196611111,3.502,1.17975982388889,3.492,1.17983753972222,3.492
1.18009003444444,3.502,1.18003779583333,3.492,1.18011535611111,3.492
1.18036768472222,3.502,1.18031574305556,3.492,1.18039285333333,3.482
1.18064562222222,3.502,1.18059365,3.492,1.18067101166667,3.492
1.18092350694444,3.502,1.18087153166667,3.492,1.18094840777778,3.492
1.18120162694444,3.502,1.18114913222222,3.492,1.18122685777778,3.492
1.18147903083333,3.502,1.18142684611111,3.492,1.18150485055556,3.492
1.18175721777778,3.502,1.18170442055556,3.492,1.18178298166667,3.492
1.18203503694444,3.502,1.18198272027778,3.492,1.18206090138889,3.492
1.18231332361111,3.502,1.18226027055556,3.492,1.18233872555556,3.492
1.1825912325,3.502,1.18253836055556,3.492,1.18261637277778,3.492
1.18286896611111,3.502,1.18281622833333,3.492,1.1828941575,3.492
1.18314625777778,3.502,1.18309412305556,3.492,1.1831724,3.492
1.18342416166667,3.502,1.18337196611111,3.492,1.18345046222222,3.492
1.18370204805556,3.502,1.18364945944444,3.492,1.18372846055556,3.492
1.18397994138889,3.502,1.18392725527778,3.492,1.18400580666667,3.492
1.18425747694444,3.502,1.18420539277778,3.502,1.1842836225,3.492
1.18453579472222,3.502,1.184483525,3.502,1.18456181527778,3.492
1.18481366166667,3.502,1.18476114416667,3.492,1.1848395325,3.492
1.18509123,3.502,1.18503933888889,3.492,1.18511747666667,3.492
1.1853690675,3.502,1.18531698888889,3.492,1.18539515972222,3.492
1.18564695361111,3.502,1.18559478916667,3.502,1.18567315444444,3.492
1.18592476361111,3.502,1.18587294583333,3.492,1.18595078055556,3.492
1.18620259666667,3.502,1.18615022944444,3.492,1.186228555,3.492
1.18648041111111,3.502,1.18642838222222,3.492,1.18650679666667,3.492
1.18675821777778,3.502,1.18670621138889,3.492,1.18678465388889,3.492
1.18703601472222,3.512,1.18698387722222,3.492,1.18706197361111,3.492
1.1873137725,3.502,1.18726240388889,3.492,1.18734045611111,3.492
1.18759150722222,3.502,1.18754046083333,3.492,1.18761826472222,3.492
1.18786945777778,3.502,1.18781824361111,3.492,1.18789577388889,3.492
1.18814748694444,3.512,1.18809579527778,3.502,1.18817385888889,3.492
1.18842509027778,3.512,1.18837369277778,3.502,1.18845196416667,3.492
1.18870271416667,3.502,1.18865144944444,3.502,1.18873007194444,3.492
1.18898088083333,3.502,1.18892917611111,3.502,1.18900776972222,3.492
1.18925827277778,3.502,1.18920710416667,3.502,1.18928577,3.492
1.18953656527778,3.512,1.18948494388889,3.502,1.18956383055556,3.492
1.18981448,3.502,1.18976287638889,3.502,1.18984116611111,3.492
1.19009249111111,3.512,1.19004067777778,3.502,1.19011914111111,3.492
1.1903705925,3.502,1.19031843416667,3.502,1.190396855,3.492
1.19064814305556,3.512,1.19059643861111,3.502,1.19067451138889,3.492
1.19092613805556,3.512,1.19087413,3.502,1.190952285,3.492
1.19120346472222,3.502,1.191152215,3.502,1.19123050972222,3.492
1.19148162166667,3.502,1.19143003333333,3.502,1.19150824666667,3.492
1.19175949138889,3.512,1.191707985,3.502,1.19178606416667,3.492
1.19203734333333,3.512,1.19198576611111,3.502,1.19206368222222,3.492
1.19231518416667,3.512,1.19226378277778,3.502,1.19234204694444,3.492
1.19259300361111,3.512,1.19254214111111,3.502,1.19261981472222,3.492
1.192871025,3.512,1.19281981222222,3.502,1.19289768972222,3.492
1.19314884,3.512,1.19309755194444,3.502,1.19317550416667,3.492
1.19342697777778,3.512,1.19337548611111,3.502,1.19345338611111,3.492
1.19370490361111,3.512,1.19365348833333,3.502,1.19373124472222,3.492
1.19398246222222,3.512,1.19393137944444,3.502,1.194008875,3.492
1.19426034861111,3.512,1.194209195,3.502,1.19428675277778,3.492
1.19453823611111,3.512,1.19448699416667,3.502,1.19456475222222,3.492
1.19481591833333,3.512,1.19476522527778,3.502,1.19484263722222,3.492
1.19509369861111,3.512,1.19504317083333,3.502,1.19511997916667,3.492
1.19537155222222,3.512,1.19532088861111,3.502,1.19539821888889,3.492
1.19564940972222,3.512,1.19559875611111,3.502,1.19567558027778,3.492
1.19592726916667,3.512,1.19587672138889,3.502,1.19595375916667,3.492
1.19620485361111,3.512,1.1961544525,3.502,1.19623196472222,3.492
1.19648246027778,3.512,1.196432125,3.502,1.19650991583333,3.492
1.19676067833333,3.512,1.196709995,3.502,1.19678761333333,3.492
1.19703845555556,3.512,1.19698751972222,3.502,1.197065335,3.492
1.19731652583333,3.512,1.19726585222222,3.502,1.19734311833333,3.492
1.19759426222222,3.512,1.19754373083333,3.502,1.19762101583333,3.492
1.19787193694444,3.512,1.19782155277778,3.502,1.19789845472222,3.492
1.19814996166667,3.512,1.19809982472222,3.502,1.19817618194444,3.492
1.19842769444444,3.512,1.19837725527778,3.502,1.19845436138889,3.502
1.19870565388889,3.512,1.19865528444444,3.502,1.19873225583333,3.492
1.19898312,3.512,1.19893305611111,3.502,1.19900973444444,3.492
1.19926143361111,3.512,1.19921090666667,3.502,1.1992876725,3.492
1.19953876444444,3.512,1.19948904722222,3.502,1.19956535805556,3.492
1.19981680277778,3.512,1.19976637083333,3.502,1.199843065,3.492
1.20009467555556,3.512,1.20004432666667,3.502,1.20012129694444,3.492
1.20037274916667,3.512,1.20032201333333,3.502,1.20039890944444,3.492
1.20065066138889,3.512,1.20060037222222,3.502,1.20067674944444,3.492
1.20092838027778,3.512,1.2008784925,3.502,1.20095455527778,3.492
1.20120666694444,3.512,1.20115607805556,3.502,1.20123275888889,3.492
1.20148408805556,3.512,1.20143389611111,3.502,1.201510945,3.502
1.20176190055556,3.512,1.20171203861111,3.502,1.20178856333333,3.492
1.20203971944444,3.512,1.20198974194444,3.502,1.20206662111111,3.492
1.20231768138889,3.512,1.20226763555556,3.502,1.20234447666667,3.502
1.20259573138889,3.512,1.20254574416667,3.502,1.20262213694444,3.502
1.20287347083333,3.512,1.20282350277778,3.502,1.20290002611111,3.502
1.20315114777778,3.512,1.20310134944444,3.502,1.20317790111111,3.492
1.20342884333333,3.523,1.20337918055556,3.502,1.20345568694444,3.492
1.20370653388889,3.512,1.20365695083333,3.502,1.20373333833333,3.502
1.20398487555556,3.512,1.20393475722222,3.502,1.20401123361111,3.492
1.20426315361111,3.523,1.20421258861111,3.502,1.20428894722222,3.502
1.20454112138889,3.512,1.20449044694444,3.502,1.20456684027778,3.502
1.20481899194444,3.512,1.20476815611111,3.502,1.20484458388889,3.492
1.20509727333333,3.512,1.20504584527778,3.502,1.20512271277778,3.502
1.20537502,3.512,1.20532364611111,3.502,1.20540022138889,3.492
1.20565289222222,3.512,1.20560152444444,3.502,1.20567816805556,3.492
1.20593067027778,3.523,1.20587903833333,3.502,1.20595621805556,3.502
1.20620885944444,3.523,1.20615716805556,3.512,1.2062335975,3.502
1.20648678611111,3.523,1.20643509944444,3.502,1.20651161361111,3.502
1.20676466472222,3.523,1.20671256361111,3.502,1.20678922611111,3.502
1.20704235222222,3.523,1.20699035527778,3.502,1.20706733888889,3.502
1.20731993333333,3.523,1.20726812083333,3.502,1.20734507916667,3.502
1.20759798611111,3.523,1.20754620083333,3.502,1.20762324888889,3.502
1.20787603694444,3.512,1.20782372666667,3.512,1.20790079694444,3.502
1.20815432666667,3.523,1.2081018775,3.512,1.20817881138889,3.502
1.20843211583333,3.523,1.20837958361111,3.502,1.20845650916667,3.502
1.20871064388889,3.523,1.20865756333333,3.512,1.20873463361111,3.502
1.20898823388889,3.523,1.20893555166667,3.512,1.20901218583333,3.502
1.20926623027778,3.523,1.20921376888889,3.502,1.20929005111111,3.502
1.20954399472222,3.523,1.20949146222222,3.502,1.20956823944444,3.502
1.20982223833333,3.523,1.20976965361111,3.512,1.20984584361111,3.502
1.21009962111111,3.523,1.21004711916667,3.502,1.21012370277778,3.492
1.21037796805556,3.523,1.21032495611111,3.502,1.21040129916667,3.502
1.21065589027778,3.523,1.21060322722222,3.512,1.21067924694444,3.502
1.21093362888889,3.523,1.21088082972222,3.512,1.21095690972222,3.502
1.21121179361111,3.523,1.21115888277778,3.502,1.21123498333333,3.502
1.21148930527778,3.523,1.2114367375,3.512,1.21151336222222,3.502
1.21176736555556,3.523,1.21171443416667,3.512,1.21179113361111,3.502
1.21204488694444,3.523,1.21199270472222,3.502,1.21206903694444,3.502
1.21232277472222,3.523,1.21227041138889,3.502,1.21234690861111,3.502
1.21260088833333,3.523,1.21254815888889,3.502,1.21262440361111,3.502
1.21287879305556,3.523,1.21282631666667,3.512,1.21290252305556,3.502
1.21315661777778,3.523,1.21310423916667,3.512,1.21318024944444,3.502
1.21343463,3.523,1.21338230222222,3.512,1.21345827972222,3.502
1.21371233305556,3.523,1.21366029861111,3.512,1.21373613694444,3.502
1.21399017277778,3.523,1.21393795527778,3.512,1.21401425361111,3.502
1.21426821777778,3.523,1.214216005,3.512,1.214292405,3.502
1.21454575888889,3.533,1.2144940175,3.502,1.2145701725,3.502
1.21482424527778,3.523,1.21477164944444,3.512,1.21484826305556,3.502
1.21510173722222,3.523,1.21504962555556,3.512,1.21512587444444,3.502
1.21537984666667,3.523,1.2153274725,3.512,1.21540365611111,3.502
1.21565767305556,3.523,1.2156053225,3.512,1.21568109722222,3.502
1.21593565277778,3.523,1.21588331277778,3.512,1.21595930694444,3.502
1.21621337222222,3.523,1.21616123388889,3.512,1.21623710305556,3.502
1.21649092194444,3.523,1.21643907916667,3.502,1.21651517555556,3.502
1.21676861722222,3.523,1.21671701138889,3.512,1.21679285944444,3.502
1.21704687027778,3.533,1.21699494555556,3.512,1.21707054638889,3.502
1.21732476944444,3.523,1.21727279388889,3.512,1.21734870277778,3.502
1.21760250444444,3.523,1.21755095361111,3.512,1.21762693583333,3.502
1.21788039416667,3.523,1.21782829194444,3.512,1.21790481194444,3.502
1.21815821277778,3.533,1.21810655222222,3.512,1.21818301277778,3.502
1.21843593,3.523,1.21838426527778,3.512,1.21846063527778,3.502
1.21871390694444,3.523,1.21866232611111,3.512,1.21873835388889,3.502
1.21899191027778,3.533,1.21893989083333,3.512,1.21901621638889,3.502
1.21926983305556,3.523,1.21921781,3.512,1.21929438055556,3.502
1.2195477175,3.533,1.21949543305556,3.512,1.21957211972222,3.502
1.21982554027778,3.523,1.21977335861111,3.512,1.21985030583333,3.502
1.22010336583333,3.523,1.22005123277778,3.512,1.22012813444444,3.502
1.22038081055556,3.533,1.22032921583333,3.512,1.22040565333333,3.502
1.22065901472222,3.533,1.22060688611111,3.512,1.22068360944444,3.502
1.22093705111111,3.533,1.22088481166667,3.512,1.22096141583333,3.502
1.22121488694444,3.533,1.22116293,3.512,1.22123929722222,3.502
1.22149278388889,3.533,1.22144079777778,3.512,1.22151704666667,3.512
1.22177034166667,3.533,1.22171845694444,3.512,1.22179488694444,3.502
1.22204845111111,3.523,1.22199682416667,3.512,1.22207247361111,3.512
1.22232639527778,3.533,1.22227462194444,3.512,1.22235068388889,3.502
1.22260407,3.533,1.22255199666667,3.512,1.22262880472222,3.502
1.2228819525,3.533,1.22282997833333,3.512,1.22290679944444,3.502
1.22316006083333,3.533,1.22310788277778,3.512,1.22318494055556,3.502
1.22343743,3.533,1.22338577083333,3.512,1.22346245916667,3.502
1.22371595111111,3.533,1.22366403694444,3.512,1.22374095083333,3.512
1.2239934725,3.533,1.22394169972222,3.512,1.22401830416667,3.512
1.22427123888889,3.533,1.22421958611111,3.512,1.22429630861111,3.502
1.22454886555556,3.533,1.22449720222222,3.512,1.22457393222222,3.502
1.22482738333333,3.533,1.22477509277778,3.512,1.22485180444444,3.502
1.22510533944444,3.533,1.22505270388889,3.512,1.22512957222222,3.502
1.22538280833333,3.533,1.22533033861111,3.512,1.225407625,3.512
1.22566051833333,3.533,1.22560845277778,3.512,1.22568573111111,3.512
1.22593873361111,3.533,1.22588632166667,3.512,1.22596411277778,3.512
1.22621677638889,3.533,1.22616403416667,3.512,1.22624206611111,3.502
1.22649452555556,3.533,1.22644187444444,3.512,1.22651974138889,3.502
1.22677242027778,3.533,1.22671949972222,3.512,1.22679763972222,3.512
1.22705026944444,3.533,1.22699778416667,3.512,1.22707574416667,3.512
1.22732795666667,3.533,1.22727552833333,3.512,1.22735326861111,3.502
1.22760586027778,3.533,1.22755375972222,3.523,1.22763111388889,3.512
1.22788408333333,3.533,1.22783114611111,3.523,1.22790889055556,3.512
1.22816158527778,3.533,1.22810929222222,3.523,1.22818686666667,3.512
1.22843956444444,3.533,1.22838713777778,3.512,1.22846450194444,3.512
1.22871733694444,3.533,1.22866475083333,3.523,1.22874229222222,3.512
1.22899524833333,3.533,1.22894294305556,3.512,1.22902044972222,3.512
1.22927299277778,3.533,1.22922075527778,3.523,1.22929815,3.512
1.22955073138889,3.533,1.22949862722222,3.523,1.22957552583333,3.512
1.22982871638889,3.533,1.22977647638889,3.523,1.22985340416667,3.512
1.23010683888889,3.533,1.23005402333333,3.512,1.2301313375,3.512
1.23038434916667,3.533,1.23033194527778,3.523,1.23040900166667,3.512
1.23066250805556,3.533,1.23060981444444,3.512,1.23068713,3.512
1.23094022583333,3.533,1.23088725055556,3.523,1.23096473472222,3.512
1.23121788,3.533,1.23116538861111,3.512,1.23124255888889,3.512
1.23149556333333,3.533,1.23144350305556,3.523,1.23152033111111,3.512
1.23177329555556,3.533,1.23172112166667,3.523,1.23179841222222,3.512
1.23205160777778,3.533,1.23199924361111,3.523,1.23207618027778,3.512
1.23232958472222,3.533,1.23227708444444,3.523,1.23235423972222,3.512
1.23260773916667,3.533,1.23255476444444,3.512,1.23263230138889,3.512
1.23288575722222,3.543,1.23283269972222,3.523,1.23291043472222,3.512
1.23316376361111,3.543,1.23311044722222,3.523,1.23318806777778,3.512
1.23344178583333,3.533,1.23338829416667,3.523,1.23346582333333,3.512
1.23371968555556,3.533,1.23366592972222,3.523,1.23374417277778,3.512
1.23399770277778,3.533,1.23394382527778,3.523,1.23402179916667,3.512
1.23427564027778,3.543,1.234221695,3.523,1.23429959472222,3.512
1.23455363361111,3.533,1.23449963277778,3.523,1.23457748666667,3.512
1.23483134833333,3.533,1.23477750138889,3.523,1.23485548722222,3.512
1.23510927055556,3.543,1.23505501277778,3.523,1.23513353166667,3.512
1.23538682,3.533,1.23533295444444,3.523,1.235411345,3.512
1.23566494833333,3.533,1.23561054083333,3.523,1.23568967,3.512
1.23594273027778,3.533,1.23588864361111,3.523,1.23596733444444,3.512
1.23622066361111,3.533,1.23616638416667,3.523,1.23624521055556,3.512
1.2364988625,3.543,1.23644439277778,3.523,1.23652288722222,3.512
1.23677650611111,3.543,1.23672190638889,3.523,1.23680086111111,3.512
1.23705436472222,3.533,1.23700037638889,3.523,1.23707909972222,3.512
1.23733214194444,3.543,1.23727805388889,3.523,1.23735635888889,3.512
1.23760999611111,3.543,1.23755553888889,3.523,1.23763492611111,3.512
1.23788804,3.543,1.23783376777778,3.523,1.23791244305556,3.512
1.23816595194444,3.543,1.23811129916667,3.523,1.23819011888889,3.512
1.23844358138889,3.543,1.23838911388889,3.523,1.23846825833333,3.512
1.23872134777778,3.543,1.2386668425,3.523,1.23874577361111,3.512
1.23899875666667,3.543,1.2389446475,3.523,1.23902376916667,3.512
1.23927691777778,3.543,1.23922217944444,3.523,1.23930152611111,3.512
1.23955475944444,3.543,1.23950046222222,3.523,1.23957924083333,3.512
1.23983259305556,3.543,1.23977803444444,3.523,1.23985699333333,3.512
1.24011009805556,3.543,1.24005602194444,3.523,1.24013471833333,3.512
1.24038776472222,3.543,1.24033390972222,3.523,1.24041293305556,3.512
1.24066621694444,3.543,1.240612065,3.523,1.2406909825,3.512
1.24094382361111,3.543,1.24088995972222,3.523,1.24096858361111,3.512
1.24122153305556,3.543,1.24116797805556,3.523,1.24124641972222,3.512
1.24149947916667,3.543,1.24144547194444,3.523,1.24152448583333,3.512
1.24177736555556,3.543,1.24172351916667,3.523,1.24180294638889,3.512
1.24205514472222,3.543,1.24200112194444,3.523,1.24208053472222,3.512
1.24233291777778,3.543,1.24227884166667,3.523,1.24235870777778,3.512
1.24261078527778,3.543,1.24255683388889,3.523,1.24263640416667,3.512
1.24288850916667,3.543,1.24283412694444,3.523,1.24291418027778,3.512
1.24316677027778,3.543,1.24311265611111,3.523,1.24319221194444,3.512
1.24344459361111,3.543,1.24338998777778,3.523,1.24347027083333,3.523
1.24372243472222,3.543,1.24366816888889,3.523,1.24374839277778,3.512
1.24400037916667,3.543,1.24394620388889,3.523,1.24402614111111,3.512
1.24427799,3.543,1.24422363222222,3.523,1.24430422805556,3.512
1.24455571444444,3.543,1.24450175416667,3.523,1.24458205916667,3.512
1.24483397388889,3.543,1.24478019111111,3.533,1.24485992277778,3.512
1.24511159916667,3.543,1.24505850583333,3.523,1.24513755666667,3.512
1.24538977138889,3.543,1.24533611333333,3.523,1.24541563611111,3.512
1.24566785722222,3.543,1.24561429277778,3.523,1.24569335611111,3.523
1.245945415,3.543,1.24589201527778,3.523,1.24597184888889,3.512
1.24622339805556,3.543,1.24616982472222,3.533,1.24624917888889,3.523
1.24650108138889,3.543,1.24644771083333,3.523,1.24652761583333,3.512
1.246778925,3.543,1.24672518611111,3.523,1.24680526166667,3.523
1.2470569375,3.543,1.24700282916667,3.523,1.24708336666667,3.523
1.24733457055556,3.543,1.24728088472222,3.533,1.24736128138889,3.523
1.24761277833333,3.543,1.24755877722222,3.533,1.24763905722222,3.512
1.24789054555556,3.543,1.24783645222222,3.533,1.247916755,3.523
1.24816794111111,3.543,1.24811422305556,3.523,1.24819454916667,3.523
1.24844569055556,3.543,1.24839196722222,3.533,1.24847225361111,3.523
1.24872404333333,3.543,1.24866989027778,3.533,1.24875010138889,3.523
1.24900194027778,3.543,1.24894771805556,3.533,1.24902808194444,3.523
1.24927959083333,3.543,1.24922550527778,3.533,1.24930626416667,3.512
1.24955757333333,3.543,1.24950328527778,3.533,1.24958385138889,3.512
1.24983522583333,3.543,1.24978127333333,3.533,1.24986170305556,3.523
1.25011315111111,3.543,1.25005917416667,3.523,1.25013943888889,3.523
1.25039073305556,3.543,1.25033710666667,3.523,1.25041776805556,3.523
1.2506683025,3.543,1.25061528944444,3.533,1.25069549138889,3.523
1.25094627694444,3.543,1.25089330944444,3.523,1.25097341777778,3.523
1.2512246925,3.543,1.25117082166667,3.533,1.25125118361111,3.523
1.25150256222222,3.543,1.25144863694444,3.533,1.25152912027778,3.523
1.25178014472222,3.543,1.25172635027778,3.533,1.25180741055556,3.523
1.25205837611111,3.543,1.25200415638889,3.533,1.25208472194444,3.523
1.25233621861111,3.543,1.25228204111111,3.533,1.25236307916667,3.523
1.25261408333333,3.543,1.25255971472222,3.533,1.25264074222222,3.523
1.25289174277778,3.543,1.25283789833333,3.533,1.25291886333333,3.523
1.25316957305556,3.543,1.25311567777778,3.533,1.253196365,3.523
1.25344728027778,3.543,1.25339303444444,3.533,1.25347412944444,3.523
1.25372512888889,3.543,1.25367118027778,3.533,1.25375215472222,3.523
1.25400304222222,3.543,1.25394933972222,3.533,1.25402970583333,3.523
1.25428084916667,3.543,1.25422709861111,3.533,1.25430757416667,3.523
1.25455890944444,3.543,1.25450487722222,3.533,1.25458581611111,3.523
1.25483676138889,3.543,1.25478266861111,3.533,1.25486380583333,3.523
1.25511487166667,3.543,1.25506024638889,3.533,1.25514141972222,3.523
1.25539283666667,3.543,1.25533857666667,3.533,1.25541946972222,3.523
1.25567064777778,3.543,1.25561669305556,3.533,1.25569733388889,3.523
1.25594828138889,3.543,1.25589441194444,3.533,1.25597510027778,3.523
1.25622571666667,3.543,1.2561723425,3.533,1.25625323611111,3.523
1.25650419333333,3.543,1.25644991694444,3.533,1.25653083194444,3.523
1.25678175694444,3.543,1.25672774861111,3.533,1.25680884583333,3.523
1.25705933861111,3.543,1.25700551444444,3.533,1.2570864625,3.523
1.25733754138889,3.543,1.25728307194444,3.533,1.25736421638889,3.523
1.25761560083333,3.543,1.25756098833333,3.533,1.25764219138889,3.523
1.25789340611111,3.543,1.25783901638889,3.533,1.25792002611111,3.523
1.25817097527778,3.543,1.25811673194444,3.533,1.25819772888889,3.523
1.25844901472222,3.543,1.25839460416667,3.533,1.25847553361111,3.523
1.25872702527778,3.543,1.25867248083333,3.533,1.258753405,3.523
1.25900455944444,3.553,1.25895016027778,3.533,1.25903131555556,3.523
1.25928246972222,3.543,1.259228505,3.533,1.25930932111111,3.523
1.25956047111111,3.553,1.25950615222222,3.533,1.25958704944444,3.523
1.259838445,3.543,1.25978376916667,3.533,1.25986493916667,3.523
1.26011643027778,3.543,1.26006134444444,3.533,1.26014258,3.523
1.26039419472222,3.553,1.26033941916667,3.533,1.26042048944444,3.533
1.26067205416667,3.543,1.26061762777778,3.533,1.26069824416667,3.523
1.26094971722222,3.553,1.26089531472222,3.533,1.26097597527778,3.523
1.26122759583333,3.553,1.26117314166667,3.533,1.26125393888889,3.523
1.26150535861111,3.553,1.26145116083333,3.533,1.26153139833333,3.523
1.26178366138889,3.543,1.26172883638889,3.533,1.26180927722222,3.533
1.2620615925,3.553,1.26200701805556,3.533,1.26208724916667,3.523
1.26233963527778,3.553,1.26228481916667,3.533,1.26236501333333,3.533
1.26261754222222,3.543,1.2625624825,3.533,1.26264278666667,3.523
1.26289541305556,3.543,1.26284049222222,3.533,1.26292048861111,3.523
1.26317339222222,3.553,1.26311834583333,3.533,1.26319840527778,3.523
1.26345125527778,3.553,1.26339626166667,3.533,1.26347631916667,3.523
1.26372908583333,3.543,1.263673855,3.533,1.26375398527778,3.533
1.26400686555556,3.553,1.26395143555556,3.533,1.26403168555556,3.523
1.26428457388889,3.553,1.26422960805556,3.533,1.26430990611111,3.523
1.26456236916667,3.543,1.26450737194444,3.533,1.26458762583333,3.523
1.2648403675,3.553,1.26478539638889,3.533,1.26486577666667,3.523
1.26511767722222,3.553,1.26506302722222,3.533,1.26514343027778,3.533
1.26539580833333,3.553,1.26534102694444,3.533,1.265421135,3.523
1.26567343027778,3.543,1.26561869083333,3.533,1.26569965722222,3.523
1.26595115472222,3.553,1.26589685722222,3.533,1.265977085,3.523
1.26622886277778,3.553,1.2661745675,3.533,1.26625513527778,3.523
1.26650684861111,3.553,1.2664522275,3.533,1.26653259111111,3.533
1.26678465805556,3.553,1.26673069277778,3.533,1.26681050194444,3.533
1.26706240361111,3.553,1.26700837888889,3.533,1.2670880825,3.533
1.26734069527778,3.553,1.2672860675,3.533,1.26736605694444,3.533
1.2676185925,3.553,1.2675639775,3.543,1.26764384638889,3.533
1.26789630277778,3.543,1.26784141611111,3.533,1.26792172111111,3.533
1.26817387944444,3.553,1.26811960916667,3.533,1.26819968805556,3.533
1.26845163333333,3.553,1.26839775138889,3.543,1.26847772611111,3.533
1.26872972916667,3.553,1.2686758525,3.533,1.26875573138889,3.533
1.26900744444444,3.553,1.26895374805556,3.543,1.26903376111111,3.533
1.26928559555556,3.553,1.26923169,3.533,1.26931154861111,3.533
1.26956340666667,3.553,1.26950959611111,3.533,1.2695891775,3.533
1.26984145388889,3.553,1.26978738166667,3.533,1.26986701722222,3.533
1.27011933361111,3.553,1.27006498055556,3.543,1.27014495416667,3.533
1.27039709888889,3.553,1.27034249944444,3.543,1.27042299166667,3.533
1.27067469833333,3.553,1.2706206475,3.543,1.27070064833333,3.533
1.27095316083333,3.553,1.27089864722222,3.533,1.27097856388889,3.533
1.27123110555556,3.553,1.27117678083333,3.543,1.2712561125,3.533
1.27150892555556,3.553,1.27145496805556,3.543,1.27153395527778,3.533
1.27178637972222,3.553,1.27173262916667,3.543,1.27181159722222,3.533
1.27206440833333,3.553,1.27201076361111,3.543,1.27208921805556,3.533
1.27234179277778,3.553,1.27228862972222,3.543,1.27236744694444,3.533
1.27262011222222,3.553,1.2725664275,3.543,1.27264499361111,3.533
1.27289799722222,3.553,1.27284442055556,3.543,1.27292309111111,3.523
1.27317563361111,3.553,1.27312239861111,3.543,1.27320126944444,3.533
1.2734539875,3.553,1.27339994833333,3.543,1.27347925111111,3.533
1.27373201472222,3.553,1.27367777944444,3.543,1.27375701666667,3.533
1.27400929083333,3.553,1.27395567638889,3.533,1.27403508333333,3.533
1.27428747055556,3.553,1.27423333527778,3.543,1.27431269583333,3.533
1.27456509166667,3.553,1.27451106444444,3.543,1.27459051888889,3.533
1.27484275361111,3.553,1.27478901361111,3.543,1.27486824444444,3.533
1.27512046888889,3.553,1.27506667861111,3.543,1.27514596166667,3.533
1.27539833527778,3.553,1.27534417555556,3.543,1.2754240625,3.533
1.275676105,3.553,1.27562200722222,3.543,1.27570204194444,3.533
1.27595412722222,3.553,1.27589990722222,3.543,1.2759797775,3.533
1.27623192472222,3.553,1.27617792138889,3.543,1.27625742527778,3.533
1.27650962861111,3.553,1.27645592888889,3.533,1.27653544416667,3.533
1.27678771361111,3.553,1.27673375611111,3.533,1.27681312277778,3.533
1.27706566805556,3.553,1.2770115,3.543,1.27709098361111,3.533
1.27734339194444,3.553,1.27728948,3.543,1.27736836388889,3.533
1.27762110388889,3.563,1.27756715166667,3.543,1.27764655388889,3.533
1.27789888111111,3.553,1.27784499972222,3.543,1.27792455027778,3.533
1.27817663666667,3.553,1.27812282027778,3.543,1.278202215,3.533
1.27845433555556,3.553,1.27840063055556,3.543,1.27848012916667,3.533
1.27873223138889,3.563,1.27867881388889,3.543,1.27875810194444,3.533
1.27900977555556,3.563,1.2789567625,3.543,1.279036385,3.533
1.2792876525,3.563,1.27923485916667,3.543,1.27931440277778,3.533
1.27956551583333,3.563,1.27951288777778,3.543,1.27959216694444,3.533
1.27984299111111,3.563,1.279790555,3.543,1.2798696825,3.533
1.28012108138889,3.553,1.28006808916667,3.543,1.28014752222222,3.533
1.28039892694444,3.563,1.28034625388889,3.543,1.28042569277778,3.533
1.28067652694444,3.553,1.2806243225,3.543,1.28070344666667,3.533
1.28095443361111,3.563,1.28090231944444,3.543,1.28098122277778,3.533
1.28123254416667,3.563,1.2811802775,3.543,1.28125936972222,3.533
1.28151020055556,3.563,1.28145793694444,3.543,1.28153736944444,3.533
1.28178788833333,3.563,1.28173551111111,3.543,1.28181529805556,3.543
1.28206580361111,3.563,1.28201398611111,3.543,1.2820933275,3.533
1.28234331138889,3.563,1.28229178444444,3.543,1.28237153527778,3.533
1.28262141416667,3.563,1.28256978972222,3.543,1.28264888194444,3.543
1.28289934194444,3.563,1.282847785,3.543,1.2829268125,3.543
1.28317738111111,3.563,1.28312554611111,3.543,1.28320475861111,3.533
1.28345496388889,3.563,1.28340314555556,3.543,1.28348254472222,3.533
1.28373312694444,3.563,1.28368101027778,3.543,1.28376037,3.533
1.2840109,3.563,1.28395897083333,3.543,1.28403868888889,3.533
1.28428872666667,3.563,1.28423667694444,3.543,1.28431656472222,3.543
1.28456681555556,3.563,1.28451491361111,3.543,1.28459432694444,3.533
1.28484475777778,3.563,1.28479261527778,3.543,1.28487189027778,3.543
1.28512242722222,3.563,1.285070205,3.543,1.28514978583333,3.543
1.28540029083333,3.563,1.28534790916667,3.543,1.28542718166667,3.533
1.28567816527778,3.563,1.28562600361111,3.543,1.28570510138889,3.533
1.28595612583333,3.563,1.28590378777778,3.543,1.28598321138889,3.533
1.28623365805556,3.563,1.28618188083333,3.543,1.28626154194444,3.533
1.28651174527778,3.563,1.28645940472222,3.543,1.28653923833333,3.543
1.28678937694444,3.563,1.28673764611111,3.543,1.28681694416667,3.543
1.28706728472222,3.563,1.28701497694444,3.543,1.2870950975,3.543
1.28734503111111,3.563,1.28729320805556,3.543,1.28737312805556,3.543
1.28762268166667,3.563,1.28757104805556,3.543,1.28765101583333,3.533
1.28790041777778,3.563,1.28784870138889,3.543,1.28792862694444,3.533
1.28817839,3.563,1.28812690638889,3.543,1.28820636166667,3.543
1.2884559575,3.563,1.28840484,3.543,1.28848466888889,3.533
1.28873361611111,3.563,1.28868265916667,3.543,1.28876232444444,3.543
1.28901181861111,3.563,1.28896026888889,3.543,1.28904018611111,3.543
1.28928994166667,3.563,1.28923858,3.543,1.28931822444444,3.543
1.28956736277778,3.563,1.2895164,3.543,1.28959593,3.543
1.28984548305556,3.563,1.28979421416667,3.543,1.28987360083333,3.543
1.29012348916667,3.563,1.29007181361111,3.543,1.29015175916667,3.533
1.29040157138889,3.563,1.29035003027778,3.543,1.29042960916667,3.543
1.29067932833333,3.563,1.29062798111111,3.543,1.29070693,3.543
1.29095744166667,3.563,1.29090620777778,3.543,1.29098521805556,3.543
1.29123539361111,3.563,1.29118390805556,3.543,1.29126330527778,3.543
1.29151328861111,3.563,1.29146140083333,3.543,1.29154153277778,3.543
1.2917911925,3.563,1.29173923722222,3.543,1.29181956055556,3.543
1.29206871916667,3.563,1.29201718833333,3.543,1.29209692055556,3.543
1.29234668583333,3.563,1.29229500388889,3.543,1.29237471166667,3.543
1.29262435166667,3.563,1.29257272722222,3.543,1.29265251694444,3.543
1.29290213694444,3.563,1.29285093055556,3.543,1.29293088527778,3.543
1.2931795725,3.563,1.29312895972222,3.543,1.293208695,3.543
1.29345777916667,3.563,1.293406955,3.543,1.29348655305556,3.543
1.29373523194444,3.563,1.29368469277778,3.543,1.29376435944444,3.533
1.29401361055556,3.563,1.29396231111111,3.543,1.29404241138889,3.543
1.29429117333333,3.563,1.29424005361111,3.543,1.29432035,3.543
1.29456888833333,3.563,1.29451805916667,3.543,1.29459825333333,3.543
1.29484708611111,3.563,1.29479600305556,3.543,1.29487598666667,3.543
1.2951249975,3.563,1.29507401388889,3.543,1.2951541,3.543
1.29540262888889,3.563,1.29535164666667,3.543,1.2954313625,3.543
1.29568071361111,3.563,1.29562984222222,3.543,1.29570945972222,3.543
1.29595869833333,3.563,1.29590740694444,3.543,1.29598730638889,3.543
1.29623629305556,3.563,1.2961853875,3.543,1.296265365,3.543
1.29651413277778,3.563,1.29646318166667,3.543,1.29654309055556,3.543
1.29679204888889,3.563,1.29674100916667,3.553,1.29682083027778,3.543
1.29706996277778,3.563,1.29701863222222,3.543,1.29709885111111,3.543
1.29734779888889,3.563,1.29729679305556,3.543,1.29737694777778,3.543
1.29762574166667,3.563,1.2975743075,3.543,1.297655085,3.543
1.29790360861111,3.563,1.29785254027778,3.543,1.29793320083333,3.543
1.29818165527778,3.563,1.29813073944444,3.543,1.29821065694444,3.543
1.29845931361111,3.563,1.29840842,3.543,1.29848884611111,3.543
1.29873727555556,3.563,1.29868612416667,3.543,1.29876661055556,3.543
1.29901529888889,3.563,1.298963635,3.543,1.29904457916667,3.543
1.29929292388889,3.563,1.299241835,3.543,1.29932237527778,3.543
1.29957119555556,3.563,1.29951972166667,3.543,1.29960034888889,3.543
1.29984910694444,3.563,1.2997977925,3.543,1.29987816916667,3.543
1.30012706138889,3.563,1.30007548027778,3.543,1.30015586888889,3.543
1.30040468888889,3.563,1.30035331527778,3.543,1.30043364861111,3.543
1.30068266722222,3.563,1.30063149111111,3.553,1.30071188722222,3.543
1.30096065555556,3.563,1.30090914194444,3.543,1.30098974222222,3.543
1.30123845777778,3.563,1.30118718666667,3.543,1.301267585,3.543
1.30151648111111,3.563,1.30146518388889,3.543,1.30154530416667,3.543
1.30179496305556,3.563,1.30174313805556,3.553,1.30182273777778,3.543
1.30207269666667,3.563,1.30202107305556,3.553,1.30210076222222,3.543
1.30235051722222,3.563,1.30229906944444,3.543,1.3023783225,3.543
1.30262840277778,3.563,1.30257647916667,3.553,1.30265649638889,3.543
1.30290602138889,3.563,1.30285437777778,3.553,1.30293430277778,3.543
1.30318405055556,3.563,1.30313228694444,3.543,1.30321207555556,3.543
1.3034619125,3.563,1.30341010722222,3.553,1.30348941138889,3.543
1.30373999388889,3.563,1.30368806111111,3.543,1.30376755111111,3.543
1.30401802416667,3.563,1.30396589333333,3.543,1.30404528666667,3.543
1.30429580916667,3.563,1.30424378944444,3.553,1.30432341527778,3.543
1.3045738225,3.563,1.30452142444444,3.553,1.30460147666667,3.543
1.30485133527778,3.574,1.30479944638889,3.553,1.30487916527778,3.543
1.30512935361111,3.563,1.3050776675,3.553,1.30515720361111,3.543
1.30540709138889,3.563,1.30535532611111,3.543,1.30543516527778,3.543
1.30568511472222,3.563,1.30563304222222,3.553,1.30571257194444,3.543
1.3059629575,3.563,1.30591089305556,3.543,1.305990525,3.543
1.30624074111111,3.563,1.30618907305556,3.553,1.30626852555556,3.543
1.30651851416667,3.574,1.30646707416667,3.553,1.30654621888889,3.543
1.30679597305556,3.563,1.30674440388889,3.553,1.30682414694444,3.543
1.30707411277778,3.563,1.30702253388889,3.543,1.30710206777778,3.543
1.30735190027778,3.563,1.30730062222222,3.553,1.30737996027778,3.543
1.30762956166667,3.563,1.30757850083333,3.553,1.30765776555556,3.543
1.30790744694444,3.563,1.30785606111111,3.553,1.30793577583333,3.543
1.30818515333333,3.563,1.30813407805556,3.553,1.30821340166667,3.543
1.30846273083333,3.563,1.30841219027778,3.553,1.30849143277778,3.543
1.3087412275,3.563,1.30868999722222,3.553,1.30876936777778,3.543
1.30901882222222,3.563,1.30896825861111,3.553,1.30904663277778,3.543
1.30929661,3.563,1.30924610666667,3.543,1.309324835,3.543
1.30957480972222,3.563,1.30952364777778,3.553,1.30960268944444,3.543
1.30985299027778,3.563,1.30980185527778,3.553,1.30988087666667,3.543
1.31013074805556,3.563,1.31007966333333,3.553,1.31015869694444,3.543
1.31040865722222,3.574,1.31035750611111,3.553,1.31043645694444,3.543
1.310686375,3.574,1.31063573166667,3.553,1.31071417777778,3.543
1.31096413638889,3.574,1.31091345027778,3.553,1.31099197361111,3.543
1.31124224638889,3.574,1.31119115388889,3.553,1.31126972805556,3.543
1.31152001027778,3.574,1.31146899277778,3.553,1.31154751777778,3.543
1.31179764583333,3.563,1.31174694166667,3.553,1.31182518333333,3.543
1.31207565416667,3.574,1.31202484972222,3.553,1.31210308472222,3.543
1.31235313833333,3.574,1.31230241055556,3.553,1.31238128166667,3.543
1.31263115638889,3.563,1.31258022944444,3.553,1.31265888194444,3.543
1.31290867694444,3.574,1.31285814166667,3.553,1.31293712805556,3.543
1.31318650138889,3.574,1.31313596222222,3.553,1.31321477777778,3.543
1.31346419805556,3.574,1.31341359694444,3.553,1.31349257611111,3.543
1.31374219166667,3.563,1.31369163416667,3.553,1.31377071166667,3.543
1.31402033555556,3.574,1.31396927638889,3.553,1.31404854055556,3.543
1.31429763861111,3.574,1.31424711277778,3.553,1.31432670111111,3.543
1.31457569527778,3.574,1.31452493972222,3.553,1.31460438916667,3.543
1.31485371138889,3.574,1.31480274694444,3.553,1.31488240277778,3.543
1.31513122166667,3.574,1.31508081027778,3.553,1.31516008111111,3.543
1.31540908,3.574,1.31535875583333,3.553,1.31543770222222,3.543
1.31568664694444,3.574,1.31563683833333,3.553,1.31571555583333,3.543
1.31596471583333,3.563,1.31591417305556,3.553,1.31599368333333,3.543
1.31624257444444,3.574,1.31619260166667,3.553,1.31627183194444,3.543
1.31652047888889,3.574,1.31647066138889,3.553,1.31654988611111,3.543
1.31679858888889,3.574,1.31674849111111,3.553,1.3168278275,3.543
1.31707624027778,3.574,1.31702607805556,3.553,1.31710548472222,3.543
1.31735401722222,3.574,1.31730365388889,3.553,1.31738351444444,3.553
1.31763182444444,3.574,1.31758177388889,3.553,1.31766129638889,3.543
1.31790931222222,3.574,1.31785960194444,3.553,1.31793889888889,3.543
1.31818742833333,3.574,1.31813741416667,3.553,1.31821692388889,3.543
1.31846524305556,3.574,1.3184153275,3.553,1.31849467194444,3.543
1.31874335222222,3.574,1.31869310027778,3.553,1.31877259666667,3.543
1.31902101861111,3.563,1.31897107638889,3.553,1.31905069055556,3.543
1.31929877,3.574,1.31924915555556,3.553,1.31932825694444,3.543
1.31957692138889,3.574,1.31952691916667,3.553,1.31960628555556,3.543
1.31985476333333,3.574,1.31980490666667,3.553,1.31988394861111,3.543
1.32013207888889,3.574,1.32008248416667,3.553,1.32016217444444,3.543
1.32041032083333,3.574,1.32036051416667,3.563,1.32043978833333,3.543
1.32068798861111,3.574,1.32063857916667,3.563,1.32071800361111,3.543
1.32096606055556,3.574,1.32091610861111,3.553,1.32099565833333,3.543
1.32124352111111,3.574,1.32119431805556,3.553,1.3212737775,3.543
1.3215218225,3.574,1.32147230027778,3.553,1.32155184666667,3.543
1.32179958138889,3.574,1.32175003694444,3.553,1.32182997027778,3.543
1.32207737194444,3.574,1.32202816222222,3.563,1.32210751138889,3.543
1.32235524083333,3.574,1.32230551861111,3.553,1.32238599583333,3.543
1.32263281944444,3.574,1.32258383194444,3.553,1.322663365,3.543
1.32291058916667,3.574,1.32286179833333,3.553,1.32294137305556,3.553
1.32318874666667,3.574,1.32313947777778,3.563,1.32321963638889,3.543
1.32346648527778,3.574,1.32341759972222,3.563,1.32349743083333,3.543
1.32374446777778,3.574,1.32369538861111,3.553,1.32377545555556,3.553
1.32402242527778,3.574,1.323973045,3.553,1.32405334055556,3.553
1.3242999625,3.574,1.32425128916667,3.553,1.32433154222222,3.553
1.32457787666667,3.574,1.3245288625,3.553,1.32460965861111,3.553
1.32485595277778,3.574,1.32480669416667,3.563,1.32488723861111,3.553
1.32513387361111,3.574,1.32508477805556,3.553,1.32516523777778,3.553
1.32541193,3.574,1.32536265666667,3.553,1.32544310361111,3.543
1.32568959027778,3.574,1.32564057944444,3.563,1.32572095388889,3.553
1.32596715833333,3.574,1.32591877194444,3.563,1.32599900166667,3.553
1.32624515194444,3.574,1.32619634222222,3.553,1.32627663638889,3.553
1.32652300944444,3.574,1.32647430055556,3.553,1.32655470388889,3.553
1.32680087944444,3.574,1.32675192611111,3.563,1.32683236333333,3.553
1.32707852444444,3.574,1.32702960861111,3.563,1.327109845,3.553
1.32735641333333,3.574,1.327307665,3.563,1.32738763805556,3.543
1.32763419722222,3.574,1.32758532527778,3.563,1.32766525194444,3.543
1.32791199416667,3.574,1.32786275777778,3.563,1.32794338416667,3.553
1.3281897725,3.574,1.32814102861111,3.553,1.32822161222222,3.553
1.32846741972222,3.574,1.32841883416667,3.563,1.32849920083333,3.553
1.32874514861111,3.574,1.328696855,3.563,1.32877743555556,3.553
1.32902314694444,3.574,1.32897460583333,3.553,1.3290550925,3.553
1.32930102333333,3.574,1.32925231611111,3.553,1.32933281916667,3.553
1.32957911138889,3.574,1.32953078222222,3.563,1.32961066972222,3.543
1.32985676194444,3.574,1.32980876972222,3.553,1.32988884722222,3.553
1.33013461555556,3.574,1.33008646583333,3.563,1.33016658194444,3.543
1.33041246333333,3.574,1.33036462527778,3.553,1.33044467916667,3.553
1.33069015138889,3.574,1.33064265027778,3.553,1.330722345,3.553
1.33096834277778,3.574,1.33092067722222,3.563,1.33100018027778,3.553
1.33124660611111,3.574,1.33119855,3.563,1.33127810333333,3.553
1.33152431694444,3.574,1.331476465,3.563,1.33155605416667,3.553
1.33180211138889,3.574,1.33175465583333,3.563,1.3318339475,3.553
1.33207959111111,3.574,1.33203238861111,3.563,1.3321113525,3.553
1.33235761305556,3.574,1.33231038944444,3.563,1.33238962444444,3.553
1.33263563611111,3.574,1.33258825055556,3.563,1.33266712472222,3.553
1.33291326833333,3.574,1.33286609944444,3.553,1.33294506722222,3.553
1.33319108305556,3.574,1.33314357111111,3.563,1.33322281638889,3.553
1.33346880611111,3.574,1.33342172638889,3.563,1.33350065055556,3.553
1.33374707111111,3.574,1.33369961111111,3.563,1.33377829083333,3.553
1.33402508055556,3.574,1.33397796583333,3.563,1.33405600666667,3.553
1.33430319666667,3.574,1.33425553416667,3.563,1.33433391222222,3.553
1.33458086916667,3.574,1.33453376222222,3.563,1.3346115775,3.553
1.33485867222222,3.574,1.33481144444444,3.563,1.33488934305556,3.553
1.33513639194444,3.574,1.33508925194444,3.563,1.33516728111111,3.553
1.33541451027778,3.574,1.33536705333333,3.563,1.33544501111111,3.553
1.3356919875,3.574,1.33564493416667,3.563,1.33572256583333,3.553
1.33597036638889,3.574,1.33592245388889,3.563,1.33600024166667,3.553
1.33624836777778,3.574,1.33620037138889,3.563,1.33627829388889,3.553
1.33652615416667,3.574,1.33647835444444,3.563,1.33655626527778,3.553
1.33680361777778,3.574,1.33675617166667,3.563,1.33683408583333,3.553
1.33708201638889,3.574,1.33703382027778,3.563,1.33711186722222,3.553
1.33735987527778,3.574,1.33731172388889,3.563,1.33738949611111,3.553
1.33763762416667,3.574,1.33758942138889,3.563,1.33766721361111,3.553
1.33791564527778,3.574,1.33786712611111,3.563,1.33794525166667,3.553
1.33819327277778,3.574,1.33814496388889,3.563,1.338223265,3.553
1.33847136666667,3.574,1.33842254277778,3.563,1.33850111166667,3.553
1.33874928722222,3.574,1.33870039861111,3.563,1.33877898611111,3.553
1.33902728194444,3.574,1.33897808305556,3.563,1.339056995,3.553
1.3393049625,3.574,1.33925661194444,3.563,1.339334525,3.553
1.33958288166667,3.574,1.33953413972222,3.563,1.33961279055556,3.553
1.33986100361111,3.574,1.33981219194444,3.563,1.33989059472222,3.553
1.34013878944444,3.574,1.34009007833333,3.563,1.34016851833333,3.553
1.34041688444444,3.574,1.34036812333333,3.563,1.34044643444444,3.553
1.3406945,3.574,1.34064602666667,3.563,1.3407242725,3.553
1.34097188583333,3.574,1.34092359361111,3.563,1.341001975,3.553
1.34124983555556,3.574,1.34120173583333,3.563,1.34127965305556,3.553
1.34152761527778,3.574,1.34147939972222,3.563,1.34155753833333,3.553
1.34180522111111,3.574,1.34175731027778,3.563,1.34183546361111,3.553
1.34208303138889,3.574,1.34203511361111,3.563,1.34211310055556,3.553
1.34236087055556,3.574,1.34231252444444,3.563,1.34239126361111,3.553
1.34263875166667,3.574,1.34259099194444,3.563,1.34266904277778,3.553
1.34291658083333,3.574,1.34286878833333,3.563,1.34294713027778,3.553
1.34319430055556,3.574,1.34314679944444,3.563,1.34322518333333,3.553
1.34347201944444,3.574,1.34342422388889,3.563,1.34350299083333,3.553
1.34375001638889,3.574,1.34370244833333,3.563,1.34378068944444,3.553
1.3440281675,3.574,1.34398029972222,3.563,1.34405845138889,3.553
1.34430575833333,3.574,1.34425846777778,3.563,1.34433634611111,3.553
1.34458354722222,3.574,1.34453602083333,3.563,1.34461421166667,3.553
1.34486136,3.574,1.34481357722222,3.563,1.344892405,3.553
1.34513903694444,3.574,1.34509186055556,3.563,1.34516998555556,3.553
1.34541678083333,3.574,1.34536940972222,3.563,1.34544823222222,3.553
1.34569428916667,3.574,1.3456473775,3.563,1.34572617861111,3.563
1.34597253861111,3.574,1.34592527527778,3.563,1.34600396583333,3.563
1.34625036888889,3.574,1.34620304111111,3.563,1.34628138722222,3.553
1.34652794138889,3.574,1.34648106361111,3.563,1.3465592525,3.553
1.34680615805556,3.574,1.34675897166667,3.563,1.34683710027778,3.553
1.34708413111111,3.574,1.34703640611111,3.563,1.34711490416667,3.563
1.34736231361111,3.574,1.34731457055556,3.563,1.34739263472222,3.563
1.34764016583333,3.574,1.34759271944444,3.563,1.34767076361111,3.553
1.34791804805556,3.574,1.34787056611111,3.563,1.34794835361111,3.563
1.34819617527778,3.574,1.34814840305556,3.563,1.34822657888889,3.553
1.34847373888889,3.584,1.34842622222222,3.563,1.34850438777778,3.553
1.348751915,3.574,1.34870438083333,3.563,1.34878195555556,3.553
1.349029625,3.574,1.34898168722222,3.563,1.34905991583333,3.563
1.34930769027778,3.574,1.34925973055556,3.563,1.34933782111111,3.563
1.3495858575,3.574,1.34953787861111,3.563,1.34961574944444,3.563
1.34986350305556,3.574,1.34981552972222,3.563,1.34989367111111,3.553
1.350141365,3.584,1.35009340638889,3.563,1.35017158611111,3.563
1.35041880944444,3.584,1.35037099361111,3.563,1.35044948,3.553
1.35069697361111,3.574,1.35064932638889,3.563,1.35072769111111,3.563
1.35097484833333,3.574,1.3509270375,3.563,1.35100500361111,3.563
1.35125272138889,3.574,1.35120445527778,3.563,1.35128306166667,3.563
1.35153058138889,3.574,1.35148265305556,3.563,1.35156126722222,3.563
1.351808405,3.584,1.35176073833333,3.563,1.35183911,3.563
1.35208634888889,3.574,1.35203862861111,3.563,1.35211668027778,3.563
1.3523640275,3.574,1.35231636138889,3.563,1.35239476055556,3.553
1.352642055,3.574,1.35259444833333,3.563,1.35267255888889,3.553
1.35291978138889,3.574,1.35287227388889,3.563,1.35295048916667,3.563
1.35319765694444,3.574,1.3531499875,3.563,1.35322870833333,3.563
1.35347559833333,3.574,1.35342787694444,3.563,1.35350651833333,3.563
1.35375339361111,3.574,1.35370566805556,3.563,1.35378393833333,3.563
1.35403094694444,3.574,1.35398305694444,3.563,1.35406164222222,3.563
1.35430900027778,3.574,1.35426107472222,3.563,1.35433990416667,3.553
1.35458650944444,3.584,1.35453914777778,3.563,1.35461769611111,3.553
1.35486474111111,3.584,1.354817105,3.563,1.35489533638889,3.563
1.35514257694444,3.584,1.35509470833333,3.563,1.35517332111111,3.563
1.35542047222222,3.574,1.35537225638889,3.563,1.35545133444444,3.563
1.35569851305556,3.584,1.35565021083333,3.563,1.35572909722222,3.563
1.35597626027778,3.584,1.35592785388889,3.563,1.35600738194444,3.563
1.35625431277778,3.574,1.35620628777778,3.563,1.35628511722222,3.563
1.35653212527778,3.574,1.35648365972222,3.563,1.35656270027778,3.563
1.35681001138889,3.584,1.35676223361111,3.563,1.35684046222222,3.563
1.35708806361111,3.584,1.35703973083333,3.563,1.3571188,3.563
1.35736570583333,3.574,1.35731776055556,3.563,1.35739685055556,3.563
1.35764389833333,3.584,1.35759559861111,3.563,1.35767450666667,3.563
1.35792188916667,3.574,1.35787331694444,3.563,1.3579524125,3.563
1.35819969138889,3.574,1.35815122027778,3.563,1.35823034527778,3.563
1.35847715916667,3.574,1.35842895138889,3.563,1.35850852361111,3.563
1.35875534361111,3.584,1.35870672583333,3.563,1.35878580638889,3.563
1.35903290944444,3.584,1.35898450416667,3.563,1.3590640275,3.563
1.35931135916667,3.574,1.35926254666667,3.563,1.35934170833333,3.563
1.35958928472222,3.574,1.35954039638889,3.563,1.35961946416667,3.563
1.35986752305556,3.584,1.35981842527778,3.563,1.35989761583333,3.563
1.36014509,3.584,1.36009609972222,3.563,1.36017535666667,3.563
1.36042310833333,3.574,1.36037385722222,3.563,1.36045327305556,3.563
1.36070106055556,3.584,1.36065212444444,3.563,1.36073107916667,3.563
1.36097896138889,3.574,1.36092969611111,3.563,1.36100904416667,3.563
1.36125663444444,3.574,1.36120756527778,3.574,1.3612865875,3.563
1.36153475222222,3.584,1.3614851225,3.563,1.36156446694444,3.563
1.36181249194444,3.584,1.3617631675,3.563,1.36184234666667,3.563
1.36209067638889,3.574,1.36204131166667,3.563,1.3621201175,3.563
1.36236837611111,3.584,1.36231931416667,3.574,1.36239775527778,3.563
1.36264615111111,3.574,1.36259694444444,3.563,1.36267550833333,3.563
1.36292381055556,3.584,1.36287473,3.563,1.36295306444444,3.563
1.36320174888889,3.584,1.36315260944444,3.563,1.36323129194444,3.563
1.3634794975,3.574,1.36343050444444,3.574,1.36350933944444,3.563
1.36375692833333,3.584,1.36370853277778,3.563,1.36378735277778,3.563
1.36403466888889,3.574,1.36398598805556,3.563,1.3640651625,3.563
1.36431306638889,3.584,1.364264065,3.563,1.36434272361111,3.563
1.36459051944444,3.574,1.36454173777778,3.563,1.36462075833333,3.563
1.36486829916667,3.584,1.36481969083333,3.574,1.364898365,3.563
1.36514657166667,3.574,1.36509748138889,3.574,1.36517632583333,3.563
1.36542437638889,3.574,1.36537542194444,3.563,1.36545427611111,3.563
1.36570202694444,3.574,1.36565286722222,3.574,1.36573198,3.563
1.36597981083333,3.584,1.36593093583333,3.563,1.36600993277778,3.563
1.36625764222222,3.584,1.36620885416667,3.563,1.36628754555556,3.563
1.366535515,3.574,1.36648635388889,3.563,1.36656558916667,3.563
1.3668136325,3.584,1.36676449944444,3.563,1.36684361472222,3.563
1.36709129666667,3.574,1.36704264833333,3.563,1.36712116527778,3.563
1.36736911277778,3.584,1.36732041055556,3.574,1.36739894944444,3.563
1.36764680861111,3.574,1.36759801083333,3.563,1.36767670361111,3.563
1.36792461388889,3.584,1.36787607277778,3.574,1.36795495222222,3.563
1.36820289833333,3.584,1.36815422305556,3.563,1.36823254916667,3.563
1.36848036361111,3.574,1.36843189388889,3.563,1.36851059694444,3.563
1.36875835527778,3.584,1.36870982166667,3.574,1.36878833611111,3.563
1.36903574166667,3.584,1.3689878725,3.563,1.369066605,3.563
1.36931370944444,3.584,1.3692654775,3.563,1.36934466972222,3.563
1.36959147972222,3.574,1.36954386194444,3.563,1.36962200694444,3.563
1.36986941944444,3.574,1.36982142527778,3.563,1.36990019611111,3.563
1.37014757833333,3.584,1.37009915388889,3.563,1.37017807833333,3.563
1.37042516527778,3.584,1.37037769138889,3.563,1.37045582138889,3.563
1.37070318638889,3.584,1.37065540083333,3.563,1.37073376694444,3.563
1.37098068138889,3.584,1.37093310083333,3.574,1.37101175833333,3.563
1.37125864666667,3.584,1.37121063305556,3.574,1.371289495,3.563
1.37153691472222,3.584,1.37148867111111,3.574,1.37156716277778,3.563
1.37181433138889,3.584,1.37176649416667,3.563,1.37184517444444,3.563
1.37209224,3.584,1.37204462305556,3.574,1.37212295444444,3.563
1.37237017277778,3.584,1.37232198,3.574,1.37240023861111,3.563
1.37264804305556,3.584,1.372599785,3.574,1.37267889166667,3.563
1.37292592361111,3.584,1.3728776925,3.574,1.37295668666667,3.563
1.37320356027778,3.574,1.37315544666667,3.563,1.37323447194444,3.563
1.37348128861111,3.584,1.37343342722222,3.574,1.37351224527778,3.563
1.37375970194444,3.584,1.37371137666667,3.563,1.37379009444444,3.563
1.3740374,3.584,1.37398923972222,3.563,1.37406793111111,3.563
1.37431554,3.584,1.37426692527778,3.563,1.37434550666667,3.563
1.37459339333333,3.584,1.37454495,3.574,1.37462327555556,3.563
1.37487111472222,3.584,1.37482268722222,3.574,1.37490124694444,3.563
1.37514874472222,3.584,1.37510020861111,3.574,1.37517908944444,3.563
1.3754265125,3.584,1.37537804972222,3.574,1.37545678138889,3.563
1.37570462777778,3.584,1.37565578083333,3.574,1.37573444416667,3.563
1.37598288138889,3.584,1.3759337375,3.574,1.37601260111111,3.563
1.37626020694444,3.584,1.37621183694444,3.563,1.37629070083333,3.563
1.37653795805556,3.584,1.37648997833333,3.574,1.37656836472222,3.563
1.37681601111111,3.584,1.37676774944444,3.574,1.37684659166667,3.563
1.37709369361111,3.584,1.37704565888889,3.574,1.37712460305556,3.563
1.37737148055556,3.584,1.3773232175,3.563,1.37740243361111,3.563
1.37764933194444,3.584,1.37760083,3.574,1.37768006444444,3.563
1.37792717888889,3.584,1.37787866805556,3.563,1.37795828083333,3.563
1.37820528361111,3.584,1.37815670722222,3.574,1.37823580527778,3.563
1.37848290083333,3.584,1.37843476305556,3.574,1.37851375666667,3.563
1.37876111166667,3.584,1.37871267527778,3.574,1.37879166527778,3.563
1.37903898777778,3.584,1.37899067388889,3.563,1.3790695925,3.563
1.37931659555556,3.584,1.37926822944444,3.574,1.37934747805556,3.563
1.37959444472222,3.584,1.37954639722222,3.574,1.37962513333333,3.563
1.37987215361111,3.584,1.37982428472222,3.574,1.37990278361111,3.563
1.38015000777778,3.584,1.38010212138889,3.574,1.38018024916667,3.574
1.38042838194444,3.584,1.38038022444444,3.574,1.38045842583333,3.563
1.3807058625,3.584,1.38065785055556,3.574,1.38073632416667,3.563
1.38098364305556,3.584,1.38093575027778,3.574,1.38101426,3.563
1.38126180805556,3.584,1.38121385027778,3.574,1.38129207194444,3.563
1.38153988638889,3.584,1.38149162583333,3.574,1.38156968972222,3.574
1.38181801611111,3.584,1.381769385,3.574,1.38184754583333,3.563
1.38209619277778,3.584,1.38204727944444,3.574,1.3821253375,3.563
1.38237410833333,3.584,1.38232516833333,3.574,1.38240356638889,3.563
1.3826520325,3.584,1.38260323388889,3.574,1.38268149555556,3.563
1.38292981555556,3.584,1.38288157055556,3.574,1.38295889666667,3.574
1.38320776333333,3.584,1.38315953972222,3.574,1.38323700222222,3.563
1.38348521611111,3.584,1.38343690611111,3.574,1.38351493305556,3.563
1.38376321972222,3.584,1.38371547972222,3.574,1.383792545,3.563
1.38404132722222,3.584,1.38399321555556,3.574,1.38407026611111,3.563
1.38431950361111,3.584,1.38427126361111,3.574,1.38434841583333,3.563
1.38459710694444,3.584,1.38454917111111,3.574,1.38462647277778,3.563
1.38487506694444,3.584,1.38482667472222,3.574,1.38490419638889,3.563
1.38515291638889,3.584,1.38510468944444,3.574,1.38518191472222,3.574
1.38543096777778,3.584,1.38538240861111,3.574,1.38546015111111,3.563
1.38570885444444,3.584,1.38566029,3.574,1.38573809833333,3.563
1.38598703277778,3.584,1.38593804777778,3.574,1.38601607611111,3.563
1.38626511,3.584,1.38621579611111,3.574,1.38629351722222,3.563
1.38654244833333,3.584,1.38649351944444,3.574,1.38657141194444,3.574
1.38682063555556,3.584,1.38677139194444,3.574,1.38684917611111,3.563
1.38709891833333,3.584,1.38704950027778,3.563,1.387127135,3.563
1.38737654222222,3.584,1.38732722888889,3.574,1.38740483611111,3.563
1.38765479555556,3.584,1.38760498694444,3.574,1.38768244055556,3.563
1.38793265138889,3.584,1.38788250888889,3.574,1.38796043166667,3.563
1.38821047027778,3.584,1.38816062416667,3.574,1.38823816166667,3.563
1.38848853583333,3.584,1.38843874916667,3.574,1.38851600583333,3.563
1.38876647277778,3.584,1.38871611472222,3.574,1.38879401361111,3.563
1.38904386055556,3.584,1.38899434333333,3.574,1.38907189194444,3.563
1.38932169194444,3.584,1.38927190305556,3.574,1.38934996138889,3.574
1.38959968555556,3.584,1.38954966027778,3.574,1.38962778833333,3.563
1.38987789222222,3.584,1.38982747222222,3.574,1.38990598472222,3.563
1.39015553388889,3.584,1.39010539333333,3.574,1.39018365472222,3.563
1.39043317194444,3.584,1.39038291638889,3.574,1.39046135694444,3.574
1.39071144,3.584,1.390660565,3.574,1.39073940527778,3.574
1.39098906305556,3.584,1.39093866138889,3.574,1.39101707722222,3.563
1.39126679166667,3.584,1.3912168,3.574,1.39129496583333,3.574
1.39154458055556,3.584,1.39149491388889,3.574,1.39157323333333,3.563
1.39182243222222,3.584,1.39177258722222,3.574,1.39185075916667,3.563
1.39210017527778,3.584,1.39205025333333,3.574,1.39212836583333,3.563
1.392378375,3.584,1.39232800944444,3.574,1.39240642944444,3.563
1.39265613833333,3.584,1.39260599583333,3.574,1.39268436916667,3.563
1.39293376361111,3.584,1.39288381694444,3.574,1.39296209944444,3.574
1.39321153722222,3.584,1.39316196583333,3.574,1.39323992583333,3.574
1.39348934638889,3.584,1.39343970638889,3.574,1.39351755194444,3.563
1.39376732361111,3.584,1.39371761805556,3.574,1.39379562861111,3.563
1.39404564333333,3.584,1.39399539055556,3.574,1.39407353333333,3.574
1.39432322638889,3.584,1.394273555,3.574,1.39435085361111,3.574
1.39460109722222,3.584,1.39455143166667,3.574,1.39462884361111,3.574
1.39487907694444,3.584,1.39482932861111,3.574,1.39490686166667,3.563
1.39515705611111,3.584,1.39510664666667,3.574,1.39518463138889,3.574
1.39543534972222,3.584,1.39538495333333,3.574,1.39546194833333,3.574
1.39571344583333,3.584,1.39566294555556,3.574,1.3957399475,3.563
1.395991435,3.584,1.395940995,3.574,1.39601824305556,3.563
1.39626922555556,3.584,1.39621890194444,3.574,1.39629592888889,3.574
1.396547145,3.584,1.39649662861111,3.574,1.39657380777778,3.574
1.39682489861111,3.584,1.39677484444444,3.574,1.39685174722222,3.574
1.39710282972222,3.584,1.39705250138889,3.574,1.39712914027778,3.574
1.3973808925,3.584,1.39733036861111,3.574,1.39740718833333,3.574
1.39765867916667,3.584,1.39760844166667,3.574,1.39768512916667,3.574
1.39793674611111,3.584,1.39788614833333,3.574,1.39796320361111,3.574
1.39821436805556,3.584,1.39816397583333,3.574,1.39824076611111,3.563
1.39849198,3.584,1.39844197277778,3.574,1.39851870555556,3.574
1.39876984,3.584,1.39871995861111,3.574,1.39879659388889,3.563
1.39904784194444,3.584,1.3989975375,3.574,1.39907435805556,3.574
1.39932566388889,3.584,1.39927557166667,3.574,1.39935217611111,3.563
1.39960294666667,3.584,1.39955386138889,3.574,1.3996297125,3.574
1.39988087694444,3.584,1.39983166,3.574,1.3999077225,3.563
1.40015924611111,3.584,1.40010942777778,3.574,1.40018524361111,3.574
1.40043673222222,3.584,1.40038745138889,3.574,1.40046370416667,3.574
1.40071462472222,3.584,1.40066493638889,3.574,1.40074158527778,3.563
1.40099259361111,3.584,1.40094286222222,3.574,1.40101928694444,3.574
1.40127032833333,3.584,1.40122028111111,3.574,1.40129688083333,3.574
1.40154800194444,3.584,1.40149849083333,3.574,1.40157461944444,3.574
1.40182555055556,3.584,1.40177605583333,3.574,1.40185247138889,3.563
1.40210363166667,3.584,1.402053955,3.574,1.40213033888889,3.563
1.40238152805556,3.584,1.40233164694444,3.574,1.40240828416667,3.574
1.4026594675,3.584,1.40260969055556,3.574,1.40268592333333,3.563
1.40293713555556,3.584,1.40288755638889,3.574,1.40296403305556,3.574
1.40321491555556,3.584,1.40316498861111,3.574,1.40324166805556,3.574
1.40349287944444,3.584,1.40344285083333,3.574,1.40351939277778,3.574
1.40377079444444,3.584,1.40372058194444,3.574,1.40379741833333,3.574
1.40404854305556,3.584,1.40399901833333,3.574,1.4040751075,3.574
1.40432628416667,3.584,1.40427669888889,3.574,1.40435289777778,3.574
1.40460439388889,3.584,1.40455470583333,3.574,1.40463076277778,3.574
1.40488260194444,3.584,1.40483246222222,3.574,1.40490876555556,3.574
1.40516029472222,3.584,1.40511036638889,3.574,1.40518664138889,3.574
1.40543820222222,3.584,1.40538829055556,3.574,1.40546443083333,3.563
1.40571645416667,3.584,1.4056662975,3.574,1.40574243638889,3.574
1.40599445972222,3.584,1.40594413333333,3.574,1.40601978805556,3.574
1.40627210388889,3.584,1.40622191833333,3.574,1.40629787444444,3.574
1.40655033027778,3.584,1.40650004444444,3.574,1.40657558444444,3.574
1.40682811777778,3.584,1.40677750444444,3.574,1.40685330972222,3.574
1.4071058825,3.584,1.40705553555556,3.574,1.40713156083333,3.574
1.40738372916667,3.584,1.40733373694444,3.574,1.40740926833333,3.574
1.40766188055556,3.584,1.40761137611111,3.574,1.40768698027778,3.574
1.40793971972222,3.584,1.40788914944444,3.574,1.40796441444444,3.574
1.4082171125,3.584,1.40816734888889,3.574,1.40824274027778,3.574
1.40849530888889,3.584,1.40844485722222,3.574,1.4085207275,3.574
1.40877308555556,3.584,1.40872281777778,3.574,1.40879824861111,3.563
1.40905093277778,3.584,1.40900026833333,3.574,1.4090761775,3.574
1.40932896277778,3.584,1.40927849638889,3.574,1.40935398722222,3.574
1.40960664222222,3.584,1.40955660388889,3.574,1.40963202555556,3.574
1.40988428166667,3.584,1.40983452722222,3.574,1.40990983388889,3.574
1.4101621025,3.584,1.41011246111111,3.574,1.41018776027778,3.563
1.41043999305556,3.584,1.41039074944444,3.574,1.41046602111111,3.574
1.41071772083333,3.584,1.41066826666667,3.574,1.41074369305556,3.574
1.41099557305556,3.584,1.41094611,3.574,1.41102143222222,3.574
1.41127337361111,3.584,1.41122382694444,3.574,1.411299665,3.574
1.41155121944444,3.584,1.41150157333333,3.574,1.41157713472222,3.574
1.41182875,3.584,1.41177916833333,3.574,1.41185479416667,3.574
1.41210657111111,3.584,1.41205744,3.574,1.4121324975,3.574
1.41238415472222,3.584,1.41233554027778,3.574,1.41241057083333,3.574
1.4126622075,3.584,1.41261337111111,3.574,1.41268873861111,3.574
1.41294019722222,3.584,1.41289121277778,3.574,1.41296687611111,3.574
1.41321811888889,3.584,1.41316881722222,3.574,1.41324461027778,3.574
1.41349626694444,3.584,1.41344705638889,3.574,1.41352269888889,3.574
1.413773815,3.584,1.41372489666667,3.574,1.41380075138889,3.574
1.41405202805556,3.584,1.41400258166667,3.574,1.41407835944444,3.574
1.41432975222222,3.584,1.41428023277778,3.574,1.41435657194444,3.574
1.41460740972222,3.584,1.41455803138889,3.574,1.41463446944444,3.574
1.41488490666667,3.584,1.41483585138889,3.574,1.41491228166667,3.574
1.41516264361111,3.584,1.41511392833333,3.574,1.41519017805556,3.574
1.41544085833333,3.584,1.41539149694444,3.574,1.41546752694444,3.574
1.41571878805556,3.584,1.41566941416667,3.574,1.41574580611111,3.574
1.4159968725,3.584,1.41594723472222,3.574,1.41602380277778,3.574
1.41627463722222,3.584,1.4162256825,3.574,1.4163018175,3.574
1.4165525425,3.584,1.41650313472222,3.574,1.41657955444444,3.574
1.41683044027778,3.584,1.41678106083333,3.574,1.41685729888889,3.574
1.4171085075,3.584,1.41705895138889,3.574,1.41713540444444,3.574
1.41738593916667,3.584,1.41733714083333,3.574,1.41741317111111,3.574
1.41766399555556,3.584,1.41761474666667,3.574,1.41769091,3.574
1.417941945,3.584,1.41789245027778,3.574,1.41796889305556,3.574
1.41821950472222,3.584,1.41817055722222,3.574,1.41824639472222,3.574
1.41849752361111,3.584,1.41844843027778,3.574,1.41852410277778,3.574
1.41877538305556,3.584,1.41872640222222,3.574,1.4188022225,3.574
1.41905368777778,3.584,1.41900430027778,3.574,1.41908014944444,3.574
1.41933131583333,3.584,1.41928208333333,3.574,1.41935774388889,3.574
1.41960929388889,3.584,1.41956027944444,3.574,1.41963571194444,3.574
1.41988747083333,3.584,1.41983814277778,3.574,1.41991310138889,3.574
1.42016510833333,3.584,1.42011625388889,3.574,1.42019132416667,3.574
1.42044305666667,3.584,1.42039386972222,3.574,1.42046898166667,3.574
1.42072131,3.584,1.42067170083333,3.574,1.42074674111111,3.574
1.42099908777778,3.584,1.42094943972222,3.574,1.42102440777778,3.574
1.42127665333333,3.584,1.42122748722222,3.574,1.42130218666667,3.574
1.42155466277778,3.584,1.42150543666667,3.574,1.421580055,3.574
1.42183256611111,3.584,1.42178319416667,3.574,1.421857825,3.574
1.42211037694444,3.584,1.42206078583333,3.574,1.42213558333333,3.574
1.42238816666667,3.584,1.42233894861111,3.574,1.42241368888889,3.574
1.42266616388889,3.584,1.42261739638889,3.574,1.42269189555556,3.574
1.42294350555556,3.584,1.4228951275,3.574,1.42296982333333,3.574
1.42322141944444,3.584,1.42317274361111,3.574,1.42324762722222,3.574
1.42349904027778,3.584,1.42345092388889,3.574,1.42352568638889,3.574
1.42377688722222,3.584,1.42372876722222,3.574,1.42380325361111,3.574
1.4240548425,3.584,1.424006815,3.574,1.42408124583333,3.574
1.42433278555556,3.584,1.42428412388889,3.574,1.4243592175,3.574
1.42461076,3.584,1.42456191805556,3.574,1.42463674222222,3.574
1.42488835555556,3.584,1.42484019638889,3.574,1.42491468916667,3.574
1.4251661975,3.584,1.42511794444444,3.574,1.42519275388889,3.574
1.42544389583333,3.584,1.42539585166667,3.574,1.4254710475,3.574
1.42572203972222,3.584,1.42567375638889,3.574,1.42574895361111,3.574
1.42599961027778,3.584,1.42595131388889,3.574,1.42602726944444,3.574
1.42627781277778,3.584,1.42622924388889,3.574,1.42630514194444,3.574
1.42655535722222,3.584,1.42650691833333,3.574,1.42658285638889,3.574
1.4268331575,3.584,1.42678477916667,3.574,1.42686122638889,3.574
1.42711111638889,3.584,1.42706264416667,3.574,1.42713893583333,3.574
1.42738924583333,3.584,1.42734072805556,3.574,1.42741683472222,3.574
1.42766672055556,3.584,1.42761876805556,3.574,1.42769449583333,3.574
1.42794463888889,3.584,1.42789651305556,3.574,1.42797191083333,3.574
1.42822243027778,3.584,1.42817426611111,3.574,1.42824970777778,3.574
1.42849991361111,3.584,1.42845215722222,3.574,1.42852797333333,3.574
1.42877815555556,3.584,1.42873029111111,3.574,1.42880557611111,3.574
1.42905553555556,3.584,1.42900797833333,3.574,1.42908346666667,3.574
1.42933343861111,3.584,1.42928588361111,3.574,1.42936156111111,3.574
1.42961128305556,3.584,1.42956363666667,3.574,1.42963915666667,3.574
1.42988936777778,3.584,1.42984129611111,3.584,1.42991722944444,3.574
1.43016715138889,3.584,1.43011902027778,3.574,1.43019522944444,3.574
1.43044506611111,3.584,1.43039692111111,3.574,1.43047323694444,3.574
1.43072255777778,3.584,1.43067440972222,3.574,1.43075102194444,3.574
1.43100062611111,3.584,1.43095229472222,3.574,1.43102882055556,3.574
1.43127884722222,3.584,1.43123034472222,3.584,1.43130684055556,3.574
1.43155655722222,3.594,1.43150774083333,3.574,1.43158493916667,3.574
1.43183440583333,3.584,1.43178588277778,3.574,1.43186322111111,3.574
1.43211247444444,3.584,1.43206367583333,3.574,1.43214105444444,3.574
1.43239034666667,3.584,1.4323414425,3.574,1.43241881805556,3.574
1.432668525,3.584,1.432618995,3.574,1.43269645888889,3.574
1.43294596444444,3.594,1.43289672055556,3.584,1.4329743775,3.574
1.43322405666667,3.584,1.43317440138889,3.574,1.43325212055556,3.574
1.4335015975,3.584,1.43345298972222,3.574,1.43353004611111,3.574
1.43377962444444,3.584,1.43373043777778,3.574,1.43380782611111,3.574
1.43405782361111,3.584,1.43400866305556,3.574,1.434085645,3.574
1.43433540277778,3.584,1.43428633527778,3.574,1.43436355055556,3.574
1.43461331722222,3.584,1.43456405305556,3.574,1.43464105388889,3.574
1.4348910775,3.584,1.43484167333333,3.574,1.43491861166667,3.574
1.43516886111111,3.584,1.43511982583333,3.574,1.43519663333333,3.574
1.43544654277778,3.584,1.435397505,3.574,1.435474585,3.574
1.43572433027778,3.584,1.43567521388889,3.574,1.43575265472222,3.574
1.43600228333333,3.584,1.43595324305556,3.584,1.43603035416667,3.574
1.43628042611111,3.584,1.43623102361111,3.574,1.43630821111111,3.574
1.43655838888889,3.584,1.43650885944444,3.574,1.43658632583333,3.574
1.43683649166667,3.584,1.43678693916667,3.584,1.43686387972222,3.574
1.43711413444444,3.584,1.43706513527778,3.574,1.43714164277778,3.574
1.43739250388889,3.584,1.43734245861111,3.574,1.43741983472222,3.574
1.43767027027778,3.584,1.43762060805556,3.574,1.43769750222222,3.574
1.43794833,3.584,1.43789820055556,3.574,1.43797550277778,3.574
1.43822614916667,3.584,1.43817620555556,3.574,1.43825334916667,3.574
1.43850390722222,3.584,1.43845398305556,3.584,1.43853126611111,3.574
1.43878150472222,3.584,1.43873184833333,3.574,1.4388089925,3.574
1.43905931694444,3.594,1.43900975722222,3.574,1.43908693777778,3.574
1.43933744527778,3.584,1.43928750472222,3.574,1.43936510305556,3.574
1.43961550694444,3.584,1.43956536666667,3.584,1.43964273638889,3.574
1.43989319777778,3.584,1.43984318222222,3.574,1.43992096472222,3.574
1.44017114527778,3.584,1.4401210475,3.574,1.44019859805556,3.574
1.44044880944444,3.584,1.44039884277778,3.584,1.44047650444444,3.574
1.44072625916667,3.584,1.44067667166667,3.574,1.44075437666667,3.574
1.44100433277778,3.584,1.44095468888889,3.584,1.44103213416667,3.574
1.44128205694444,3.584,1.4412325675,3.574,1.44130996916667,3.584
1.44155959361111,3.584,1.44151020944444,3.574,1.44158802194444,3.574
1.44183805694444,3.584,1.44178824194444,3.574,1.44186569277778,3.574
1.44211546805556,3.584,1.4420658125,3.574,1.44214342527778,3.574
1.44239362833333,3.584,1.44234362,3.574,1.44242123527778,3.574
1.44267109361111,3.584,1.44262108583333,3.584,1.44269965861111,3.574
1.44294883888889,3.584,1.44289953388889,3.574,1.44297771388889,3.574
1.44322711583333,3.584,1.44317758916667,3.574,1.44325544611111,3.574
1.443504895,3.584,1.443455005,3.574,1.44353321694444,3.574
1.44378307694444,3.584,1.44373321361111,3.574,1.44381106111111,3.574
1.44406064555556,3.584,1.44401118388889,3.584,1.444089105,3.574
1.44433851805556,3.584,1.4442890925,3.574,1.44436665777778,3.574
1.44461642166667,3.584,1.44456679972222,3.584,1.44464452,3.574
1.44489464944444,3.584,1.44484485888889,3.574,1.44492240361111,3.574
1.44517234444444,3.594,1.44512234916667,3.574,1.44520005388889,3.574
1.44545025083333,3.584,1.44540023166667,3.574,1.44547774277778,3.574
1.44572811722222,3.594,1.44567822861111,3.584,1.44575568972222,3.574
1.44600609638889,3.584,1.44595581666667,3.574,1.44603336777778,3.574
1.44628407638889,3.584,1.44623402194444,3.574,1.44631155888889,3.574
1.44656227194444,3.584,1.446511375,3.584,1.44658917555556,3.574
1.44684031472222,3.584,1.44678940722222,3.574,1.44686722722222,3.574
1.44711808083333,3.584,1.44706754138889,3.584,1.44714522361111,3.574
1.44739582166667,3.584,1.44734534388889,3.574,1.4474232075,3.574
1.44767392833333,3.584,1.44762324861111,3.584,1.44770139583333,3.574
1.44795148666667,3.584,1.44790099527778,3.574,1.4479791025,3.574
1.44822930583333,3.584,1.44817909916667,3.584,1.44825710333333,3.574
1.44850724583333,3.584,1.44845709194444,3.574,1.44853450166667,3.574
1.44878506833333,3.584,1.44873468666667,3.584,1.44881297944444,3.574
1.44906295166667,3.584,1.44901262833333,3.584,1.44909072777778,3.574
1.4493407525,3.584,1.44929056638889,3.584,1.44936837055556,3.574
1.44961869916667,3.584,1.44956847638889,3.584,1.449646205,3.574
1.44989665444444,3.584,1.44984633416667,3.584,1.44992433361111,3.574
1.45017438333333,3.584,1.45012416166667,3.584,1.45020217361111,3.574
1.450452595,3.584,1.45040162583333,3.584,1.4504800775,3.574
1.45073067333333,3.584,1.45068002055556,3.574,1.45075778861111,3.574
1.45100846,3.584,1.45095785138889,3.574,1.45103578361111,3.574
1.45128650111111,3.584,1.45123533222222,3.574,1.45131367638889,3.574
1.45156455722222,3.584,1.45151347694444,3.584,1.45159134083333,3.574
1.45184242722222,3.584,1.45179099722222,3.584,1.45186908055556,3.574
1.45212051916667,3.594,1.45206887083333,3.574,1.45214712194444,3.574
1.45239837361111,3.594,1.45234639111111,3.584,1.45242441222222,3.574
1.45267620166667,3.584,1.45262471472222,3.584,1.45270223666667,3.574
1.45295368083333,3.584,1.45290235583333,3.574,1.45297997944444,3.574
1.45323164166667,3.584,1.45318028472222,3.584,1.45325815222222,3.574
1.45350930027778,3.584,1.45345821194444,3.584,1.45353580305556,3.574
1.45378744444444,3.584,1.45373603333333,3.574,1.45381397,3.574
1.45406557333333,3.584,1.45401401777778,3.574,1.45409212722222,3.574
1.45434345111111,3.584,1.45429163083333,3.584,1.45436988055556,3.574
1.45462130333333,3.594,1.45456948055556,3.584,1.45464748555556,3.574
1.45489910222222,3.584,1.4548471775,3.574,1.45492566694444,3.574
1.45517690916667,3.584,1.45512500305556,3.584,1.45520331444444,3.574
1.4554546275,3.584,1.45540279083333,3.574,1.45548126305556,3.574
1.45573223027778,3.584,1.45568048722222,3.584,1.45575964805556,3.574
1.45601039388889,3.584,1.45595844638889,3.574,1.45603706055556,3.574
1.45628847305556,3.584,1.45623612222222,3.584,1.45631490472222,3.574
1.45656643055556,3.584,1.45651421944444,3.584,1.45659271972222,3.584
1.45684414722222,3.584,1.4567916275,3.574,1.45687056583333,3.574
1.45712204055556,3.584,1.45706971916667,3.584,1.4571481325,3.574
1.45740008972222,3.584,1.45734783305556,3.574,1.45742615361111,3.584
1.4576783975,3.584,1.45762594694444,3.584,1.45770357888889,3.584
1.45795613222222,3.584,1.45790378388889,3.574,1.45798188694444,3.574
1.45823402722222,3.584,1.45818169333333,3.584,1.45826015583333,3.574
1.45851199305556,3.584,1.45845915944444,3.584,1.45853773027778,3.574
1.45878948138889,3.584,1.45873738611111,3.584,1.45881588277778,3.574
1.45906739805556,3.584,1.45901499416667,3.584,1.45909350333333,3.574
1.45934485916667,3.584,1.45929305083333,3.584,1.45937130944444,3.574
1.45962307416667,3.584,1.45957104083333,3.584,1.45964911805556,3.574
1.45990096777778,3.594,1.45984832416667,3.574,1.45992733472222,3.574
1.4601789325,3.584,1.46012636833333,3.574,1.46020497916667,3.574
1.46045655111111,3.584,1.46040420722222,3.584,1.46048327722222,3.574
1.46073464222222,3.594,1.46068231944444,3.584,1.46076073,3.574
1.46101258444444,3.584,1.46096022472222,3.584,1.46103857611111,3.574
1.46129037777778,3.594,1.46123791083333,3.584,1.46131661388889,3.574
1.46156816527778,3.584,1.46151586222222,3.584,1.46159429361111,3.574
1.46184599138889,3.584,1.46179373055556,3.584,1.46187190694444,3.574
1.46212384694444,3.584,1.46207155111111,3.574,1.46214974027778,3.574
1.46240187111111,3.584,1.46234941083333,3.584,1.46242789888889,3.574
1.46267939277778,3.594,1.46262707277778,3.584,1.46270565305556,3.574
1.46295743333333,3.584,1.46290516611111,3.584,1.46298348305556,3.584
1.46323495638889,3.584,1.46318262555556,3.584,1.46326107888889,3.574
1.46351315944444,3.584,1.46346041277778,3.584,1.46353909222222,3.574
1.4637907275,3.584,1.46373853666667,3.584,1.46381717166667,3.574
1.46406879805556,3.584,1.46401580138889,3.584,1.46409473388889,3.574
1.46434701583333,3.584,1.46429409944444,3.584,1.46437299444444,3.574
1.46462485361111,3.594,1.464571355,3.584,1.46465052111111,3.574
1.46490266805556,3.584,1.46484957472222,3.584,1.46492839888889,3.574
1.46518082027778,3.584,1.46512722055556,3.574,1.46520629666667,3.574
1.46545870555556,3.584,1.46540524472222,3.584,1.46548422583333,3.584
1.46573678833333,3.594,1.46568321722222,3.584,1.46576213722222,3.584
1.46601461833333,3.584,1.46596127222222,3.584,1.46603969277778,3.574
1.46629255138889,3.584,1.46623935805556,3.584,1.46631758472222,3.574
1.46657103833333,3.584,1.46651705972222,3.584,1.46659576111111,3.574
1.46684886111111,3.584,1.46679474916667,3.584,1.46687348,3.584
1.46712651361111,3.584,1.46707247555556,3.584,1.46715141972222,3.574
1.46740428916667,3.584,1.46735050583333,3.584,1.46742916361111,3.574
1.46768240138889,3.584,1.46762826194444,3.574,1.46770678888889,3.574
1.46796034944444,3.584,1.46790609555556,3.584,1.46798449222222,3.584
1.46823838833333,3.584,1.46818424194444,3.584,1.46826268055556,3.574
1.46851614527778,3.584,1.46846185694444,3.584,1.46854108861111,3.574
1.46879383666667,3.584,1.46873979277778,3.584,1.46881911805556,3.574
1.46907145416667,3.584,1.46901793166667,3.584,1.46909678027778,3.574
1.46934930944444,3.584,1.46929552805556,3.584,1.46937441583333,3.584
1.46962762416667,3.584,1.46957354305556,3.584,1.46965224638889,3.574
1.46990528833333,3.594,1.46985150611111,3.584,1.46993049472222,3.584
1.47018323694444,3.584,1.47012917027778,3.584,1.47020814166667,3.574
1.47046074805556,3.584,1.47040719305556,3.584,1.47048624,3.574
1.47073886888889,3.594,1.47068495416667,3.584,1.47076423833333,3.584
1.47101665638889,3.584,1.47096274027778,3.584,1.47104252611111,3.574
1.47129430916667,3.594,1.47124094805556,3.584,1.47132030972222,3.574
1.47157275277778,3.584,1.47151864138889,3.574,1.47159801555556,3.584
1.4718509375,3.584,1.471796635,3.584,1.47187621611111,3.584
1.4721288425,3.584,1.47207437055556,3.584,1.47215426361111,3.584
1.47240667916667,3.584,1.47235217861111,3.584,1.47243217611111,3.574
1.472684275,3.584,1.47263007611111,3.584,1.47271010333333,3.574
1.47296214555556,3.594,1.47290811305556,3.584,1.47298777472222,3.584
1.47324060277778,3.584,1.47318597361111,3.584,1.47326525277778,3.574
1.47351808666667,3.584,1.47346356111111,3.584,1.47354340638889,3.584
1.47379595138889,3.584,1.47374157611111,3.584,1.47382092583333,3.574
1.47407377611111,3.594,1.47401941611111,3.584,1.47409945194444,3.574
1.47435165222222,3.584,1.47429755361111,3.584,1.47437764388889,3.584
1.47462990555556,3.584,1.47457592805556,3.584,1.47465519444444,3.584
1.47490771333333,3.584,1.47485365972222,3.584,1.47493354055556,3.574
1.47518577944444,3.594,1.47513151277778,3.584,1.47521165972222,3.574
1.47546363694444,3.584,1.4754095525,3.584,1.47548941055556,3.574
1.4757413825,3.594,1.475687555,3.584,1.47576742944444,3.584
1.47601912583333,3.584,1.47596540777778,3.584,1.47604506055556,3.574
1.47629682638889,3.594,1.47624331527778,3.584,1.47632277583333,3.574
1.4765747975,3.584,1.47652110916667,3.584,1.4766009025,3.584
1.47685314694444,3.594,1.47679911388889,3.584,1.47687893944444,3.574
1.47713147777778,3.584,1.47707709805556,3.584,1.47715671194444,3.574
1.47740951777778,3.584,1.47735493138889,3.584,1.47743498722222,3.584
1.47768725527778,3.584,1.47763271527778,3.584,1.47771252666667,3.574
1.477964875,3.594,1.47791030111111,3.584,1.47799076083333,3.574
1.47824261666667,3.584,1.47818875888889,3.584,1.47826841611111,3.584
1.47852066888889,3.584,1.47846652555556,3.584,1.4785464025,3.574
1.47879857472222,3.584,1.47874411583333,3.584,1.47882437944444,3.584
1.47907667916667,3.584,1.47902203055556,3.584,1.47910224555556,3.574
1.47935433694444,3.594,1.47929947777778,3.584,1.47938001333333,3.574
1.47963220333333,3.584,1.47957745916667,3.584,1.479657975,3.584
1.47991028833333,3.594,1.47985527861111,3.584,1.47993602138889,3.584
1.48018791027778,3.584,1.48013376583333,3.584,1.48021355305556,3.584
1.48046566333333,3.584,1.48041149111111,3.584,1.48049133027778,3.574
1.48074370305556,3.594,1.48068910111111,3.584,1.48076918694444,3.584
1.48102109916667,3.584,1.48096691277778,3.584,1.48104707361111,3.574
1.481299175,3.584,1.48124482111111,3.584,1.48132467444444,3.574
1.48157655777778,3.594,1.48152254194444,3.584,1.48160251083333,3.584
1.48185517722222,3.584,1.48180028166667,3.584,1.48188063055556,3.584
1.48213302638889,3.584,1.482078305,3.584,1.48215854777778,3.584
1.48241076388889,3.594,1.48235602833333,3.584,1.48243615111111,3.584
1.48268883666667,3.584,1.48263414388889,3.584,1.48271400638889,3.584
1.48296656027778,3.584,1.48291236472222,3.584,1.48299188611111,3.584
1.48324462277778,3.584,1.48319041027778,3.584,1.48326978805556,3.584
1.48352247277778,3.584,1.48346798611111,3.584,1.48354722777778,3.584
1.48380031972222,3.584,1.48374629861111,3.584,1.48382556888889,3.584
1.48407834611111,3.594,1.48402383527778,3.584,1.48410347277778,3.584
1.48435599916667,3.594,1.48430187583333,3.584,1.48438117027778,3.584
1.48463395305556,3.584,1.48457976444444,3.584,1.48465934472222,3.574
1.48491155944444,3.584,1.48485752861111,3.584,1.48493721583333,3.584
1.48518945111111,3.584,1.4851354775,3.584,1.48521469222222,3.584
1.4854673475,3.584,1.48541355194444,3.584,1.48549278694444,3.584
1.48574549833333,3.584,1.48569110638889,3.584,1.48577027694444,3.584
1.48602305444444,3.584,1.48596894527778,3.584,1.48604809694444,3.574
1.48630121166667,3.594,1.48624683666667,3.584,1.48632615444444,3.584
1.48657884722222,3.594,1.48652474527778,3.584,1.48660410777778,3.584
1.48685667,3.594,1.48680222083333,3.584,1.48688212333333,3.574
1.48713479194444,3.584,1.487079985,3.584,1.48715984861111,3.584
1.48741252888889,3.584,1.48735824361111,3.584,1.48743775027778,3.574
1.48769017527778,3.594,1.48763615666667,3.584,1.48771559666667,3.584
1.48796829277778,3.594,1.48791429166667,3.584,1.48799343277778,3.584
1.48824568444444,3.584,1.48819197694444,3.584,1.48827179472222,3.574
1.48852367944444,3.584,1.48846985777778,3.584,1.48854969166667,3.574
1.48880161027778,3.584,1.48874787611111,3.584,1.48882769444444,3.584
1.48907942888889,3.594,1.48902552138889,3.584,1.48910525194444,3.584
1.48935744027778,3.584,1.489303295,3.584,1.48938365,3.584
1.4896354425,3.594,1.48958108722222,3.584,1.48966180472222,3.584
1.48991312972222,3.594,1.48985921611111,3.584,1.48993956888889,3.584
1.49019097694444,3.594,1.49013685027778,3.584,1.49021743388889,3.584
1.49046892944444,3.584,1.49041473666667,3.584,1.49049536138889,3.584
1.49074629,3.584,1.49069257472222,3.584,1.49077281611111,3.584
1.4910242325,3.594,1.49097033638889,3.584,1.4910509475,3.584
1.49130213083333,3.594,1.49124775583333,3.584,1.49132875555556,3.584
1.49158002944444,3.594,1.49152610027778,3.584,1.49160682555556,3.584
1.4918581375,3.584,1.49180378888889,3.584,1.491884875,3.584
1.4921354925,3.594,1.4920816775,3.584,1.49216262777778,3.584
1.49241379861111,3.594,1.49235929805556,3.584,1.49244025777778,3.584
1.49269198888889,3.584,1.49263739861111,3.584,1.49271824361111,3.584
1.49296950027778,3.594,1.49291545916667,3.584,1.49299586694444,3.584
1.49324737111111,3.584,1.49319311055556,3.584,1.49327373833333,3.584
1.49352514611111,3.584,1.49347084888889,3.584,1.49355139972222,3.584
1.49380298694444,3.594,1.4937487675,3.584,1.49382915055556,3.584
1.49408090972222,3.584,1.49402662861111,3.584,1.49410734472222,3.584
1.49435891583333,3.594,1.49430447777778,3.584,1.4943847025,3.584
1.49463678361111,3.584,1.49458232111111,3.584,1.49466291888889,3.584
1.49491464333333,3.584,1.49486021305556,3.584,1.49494045388889,3.574
1.49519233638889,3.594,1.49513820527778,3.584,1.49521826722222,3.584
1.49546999555556,3.584,1.49541620027778,3.584,1.49549611611111,3.584
1.49574817194444,3.584,1.49569407361111,3.584,1.49577447805556,3.584
1.49602636833333,3.594,1.49597194444444,3.584,1.49605219611111,3.584
1.49630433444444,3.584,1.49624985916667,3.584,1.49633038194444,3.584
1.49658214138889,3.594,1.49652718388889,3.584,1.49660794722222,3.584
1.49685957111111,3.584,1.49680539388889,3.584,1.49688605888889,3.584
1.49713786361111,3.594,1.49708286638889,3.584,1.49716359611111,3.584
1.49741541472222,3.594,1.49736108277778,3.584,1.49744184166667,3.584
1.49769322611111,3.594,1.49763874722222,3.584,1.49771991888889,3.574
1.49797097277778,3.594,1.49791671583333,3.584,1.49799763666667,3.584
1.49824886083333,3.584,1.49819447972222,3.584,1.49827543388889,3.584
1.49852666194444,3.584,1.4984721575,3.584,1.49855310805556,3.584
1.4988042925,3.584,1.49875014194444,3.584,1.49883061361111,3.584
1.49908206277778,3.594,1.49902806777778,3.584,1.49910880833333,3.584
1.49936034083333,3.594,1.49930603222222,3.584,1.49938623527778,3.584
1.49963813055556,3.584,1.49958362027778,3.584,1.49966418611111,3.584
1.49991543138889,3.594,1.49986204527778,3.584,1.4999421525,3.584
1.5001935425,3.594,1.50013974,3.584,1.50021982222222,3.584
1.50047135305556,3.584,1.50041729833333,3.584,1.50049791888889,3.584
1.50074918972222,3.584,1.50069540083333,3.584,1.50077596916667,3.584
1.50102681027778,3.594,1.50097281472222,3.584,1.50105371472222,3.574
1.50130492833333,3.594,1.50125105111111,3.584,1.50133178138889,3.584
1.50158280861111,3.594,1.50152889138889,3.584,1.50160967805556,3.584
1.5018604275,3.594,1.50180648055556,3.584,1.50188738333333,3.584
1.50213809138889,3.594,1.50208461944444,3.584,1.50216500555556,3.584
1.50241580888889,3.584,1.50236264166667,3.584,1.502443025,3.584
1.50269392527778,3.594,1.50264034361111,3.584,1.50272112527778,3.584
1.50297171277778,3.594,1.50291785305556,3.584,1.50299908361111,3.584
1.50324940222222,3.594,1.50319596666667,3.584,1.50327728611111,3.584
1.50352713861111,3.584,1.50347373722222,3.584,1.50355515361111,3.584
1.5038048425,3.584,1.50375141833333,3.584,1.5038333575,3.584
1.50408290472222,3.594,1.50402932222222,3.584,1.50411164694444,3.584
1.5043607275,3.594,1.5043074825,3.584,1.50438942222222,3.584
1.50463829222222,3.594,1.50458533194444,3.584,1.50466758305556,3.584
1.5049162525,3.594,1.50486284638889,3.584,1.504945325,3.584
1.50519414833333,3.584,1.50514085666667,3.584,1.50522348972222,3.584
1.50547182166667,3.594,1.50541838055556,3.584,1.505501135,3.584
1.50574994444444,3.594,1.50569657583333,3.584,1.50577940388889,3.584
1.50602779638889,3.584,1.50597468,3.584,1.50605698916667,3.584
1.50630580333333,3.594,1.50625256944444,3.584,1.50633476694444,3.584
1.50658378444444,3.584,1.50653025083333,3.584,1.50661262583333,3.584
1.50686195472222,3.594,1.50680849027778,3.584,1.50689045166667,3.584
1.50713998138889,3.584,1.50708654638889,3.584,1.50716779805556,3.584
1.50741783722222,3.594,1.50736434972222,3.584,1.5074455775,3.574
1.50769543861111,3.594,1.50764247111111,3.584,1.50772358416667,3.584
1.50797339527778,3.594,1.50792066,3.584,1.50800157694444,3.584
1.5082511675,3.584,1.508198305,3.584,1.50827956666667,3.584
1.50852936722222,3.584,1.50847607277778,3.584,1.508557175,3.584
1.50880748444444,3.584,1.50875375944444,3.584,1.50883485416667,3.574
1.50908560111111,3.594,1.50903166361111,3.584,1.5091125675,3.584
1.50936319944444,3.594,1.50930963777778,3.584,1.50939098694444,3.584
1.50964107472222,3.594,1.50958761138889,3.584,1.50966846694444,3.584
1.50991880805556,3.584,1.50986545333333,3.584,1.50994627944444,3.584
1.51019670777778,3.584,1.51014345416667,3.584,1.51022390361111,3.584
1.51047454916667,3.584,1.51042116666667,3.584,1.51050215666667,3.584
1.51075270833333,3.594,1.51069929388889,3.584,1.51077997388889,3.584
1.51103084083333,3.594,1.51097761444444,3.584,1.51105805277778,3.584
1.51130823916667,3.594,1.51125503666667,3.584,1.51133593472222,3.584
1.51158648027778,3.594,1.5115329475,3.584,1.5116137775,3.584
1.51186475083333,3.594,1.51181052,3.584,1.51189130222222,3.584
1.51214272583333,3.584,1.51208855833333,3.584,1.51216924527778,3.584
1.51242041388889,3.594,1.51236659166667,3.584,1.51244700083333,3.584
1.51269821111111,3.594,1.51264444972222,3.584,1.51272508833333,3.584
1.51297598694444,3.584,1.51292218972222,3.584,1.51300268,3.584
1.51325418722222,3.594,1.51320039944444,3.584,1.51328052166667,3.584
1.51353191111111,3.584,1.51347827916667,3.584,1.51355882777778,3.584
1.5138098975,3.584,1.51375608416667,3.584,1.5138365475,3.584
1.51408775888889,3.594,1.51403385111111,3.584,1.51411437777778,3.584
1.5143659475,3.594,1.51431216027778,3.584,1.5143923175,3.584
1.51464349111111,3.594,1.51458972333333,3.584,1.51466996027778,3.584
1.51492153916667,3.584,1.51486717638889,3.584,1.51494772194444,3.584
1.51519936111111,3.594,1.51514527416667,3.584,1.51522548833333,3.584
1.51547716527778,3.584,1.51542333194444,3.584,1.51550339222222,3.584
1.51575511055556,3.584,1.51570104916667,3.584,1.51578110111111,3.584
1.51603301277778,3.594,1.51597899333333,3.584,1.51605887472222,3.584
1.51631100777778,3.594,1.5162573225,3.584,1.51633672861111,3.584
1.51658922027778,3.594,1.5165353375,3.584,1.51661463611111,3.584
1.51686700333333,3.584,1.51681329972222,3.584,1.51689272333333,3.584
1.51714473138889,3.594,1.5170913025,3.584,1.51717031138889,3.584
1.51742261138889,3.584,1.51736909388889,3.584,1.51744851527778,3.584
1.51770066361111,3.584,1.51764655638889,3.584,1.51772626027778,3.584
1.51797870583333,3.584,1.51792440055556,3.584,1.51800387222222,3.584
1.51825688972222,3.594,1.51820210527778,3.584,1.51828213305556,3.584
1.51853464361111,3.584,1.51847992416667,3.584,1.51855990444444,3.584
1.51881233083333,3.584,1.51875783138889,3.584,1.51883800666667,3.584
1.51909008555556,3.594,1.51903551861111,3.584,1.5191159425,3.584
1.51936806055556,3.594,1.51931366194444,3.584,1.51939338583333,3.584
1.51964579888889,3.594,1.51959134305556,3.584,1.51967127305556,3.584
1.51992352583333,3.594,1.51986906055556,3.584,1.51994920277778,3.584
1.52020122555556,3.594,1.52014730583333,3.584,1.52022742805556,3.584
1.52047930277778,3.594,1.52042510833333,3.584,1.52050549083333,3.584
1.52075680333333,3.594,1.52070288638889,3.584,1.52078308333333,3.584
1.52103481388889,3.594,1.52098024138889,3.584,1.52106104805556,3.584
1.52131295916667,3.594,1.52125849194444,3.584,1.52133909277778,3.584
1.52159111305556,3.584,1.52153642305556,3.584,1.52161705277778,3.584
1.52186909305556,3.594,1.52181460444444,3.584,1.52189449555556,3.584
1.52214696138889,3.584,1.52209225972222,3.584,1.52217252888889,3.584
1.52242455472222,3.594,1.52237031277778,3.584,1.522450385,3.584
1.52270264083333,3.594,1.52264854638889,3.584,1.5227281075,3.584
1.52298098527778,3.594,1.5229266625,3.584,1.52300654805556,3.584
1.52325901611111,3.594,1.52320444944444,3.584,1.52328407166667,3.584
1.52353694333333,3.584,1.52348221527778,3.584,1.52356198888889,3.584
1.52381462166667,3.594,1.52376027916667,3.584,1.52383948166667,3.584
1.52409257527778,3.594,1.52403785944444,3.584,1.52411750833333,3.584
1.52437067916667,3.594,1.52431598111111,3.584,1.52439545444444,3.584
1.52464880805556,3.594,1.52459382277778,3.584,1.52467354944444,3.584
1.52492693138889,3.594,1.52487168305556,3.584,1.52495131694444,3.584
1.52520502944444,3.594,1.52514953527778,3.584,1.52522894583333,3.584
1.52548278083333,3.594,1.52542726416667,3.584,1.52550666361111,3.584
1.52576058222222,3.594,1.52570515444444,3.584,1.52578474027778,3.584
1.52603826833333,3.594,1.52598290888889,3.584,1.52606278861111,3.584
1.52631589111111,3.594,1.52626101305556,3.584,1.52634066722222,3.584
1.52659399611111,3.594,1.52653831194444,3.584,1.52661862055556,3.584
1.526871665,3.594,1.52681618611111,3.584,1.52689671166667,3.584
1.52714904222222,3.594,1.52709414888889,3.584,1.52717454388889,3.584
1.52742754166667,3.594,1.52737214944444,3.584,1.52745219166667,3.584
1.52770524083333,3.594,1.52765008361111,3.584,1.52772997666667,3.584
1.52798286333333,3.594,1.5279275575,3.584,1.52800788333333,3.584
1.52826045305556,3.594,1.52820583861111,3.584,1.52828570944444,3.584
1.52853837583333,3.594,1.52848350916667,3.584,1.52856339111111,3.584
1.52881647777778,3.594,1.52876111666667,3.584,1.52884154555556,3.584
1.52909419472222,3.594,1.52903903472222,3.584,1.52911937222222,3.584
1.52937211166667,3.594,1.52931691694444,3.584,1.52939723444444,3.584
1.52965025888889,3.594,1.52959459277778,3.584,1.52967505638889,3.584
1.52992836638889,3.594,1.52987270055556,3.584,1.52995325138889,3.584
1.53020623972222,3.594,1.5301505375,3.584,1.5302307525,3.584
1.53048443527778,3.594,1.53042833861111,3.584,1.53050869111111,3.584
1.53076232361111,3.594,1.53070680888889,3.584,1.53078661638889,3.584
1.53104011055556,3.594,1.53098481666667,3.584,1.53106465444444,3.584
1.53131763444444,3.594,1.5312624375,3.584,1.53134225916667,3.584
1.53159612472222,3.584,1.53154024638889,3.584,1.53161992861111,3.584
1.53187378166667,3.584,1.53181842611111,3.584,1.53189796111111,3.584
1.53215130666667,3.594,1.53209624805556,3.584,1.53217574972222,3.584
1.53242959055556,3.594,1.53237377166667,3.584,1.53245330638889,3.584
1.53270782555556,3.594,1.53265183861111,3.584,1.53273150611111,3.584
1.53298566444444,3.594,1.53292974472222,3.584,1.53300966805556,3.584
1.53326361944444,3.584,1.53320809,3.584,1.5332873325,3.584
1.53354118805556,3.584,1.5334858125,3.584,1.5335650975,3.584
1.53381929027778,3.594,1.53376363555556,3.584,1.5338427625,3.584
1.53409734777778,3.594,1.53404152361111,3.584,1.53412055916667,3.584
1.53437511666667,3.584,1.5343190025,3.584,1.53439889083333,3.584
1.5346534425,3.594,1.53459722277778,3.584,1.53467660277778,3.584
1.53493146833333,3.594,1.53487501277778,3.584,1.53495470444444,3.584
1.53520949583333,3.594,1.53515289722222,3.584,1.53523234361111,3.584
1.53548747666667,3.594,1.53543056388889,3.584,1.53550997083333,3.584
1.53576523805556,3.594,1.53570847027778,3.584,1.53578822277778,3.584
1.53604330361111,3.594,1.53598621222222,3.584,1.53606558416667,3.584
1.53632112666667,3.594,1.53626403944444,3.584,1.53634411694444,3.584
1.53659880972222,3.594,1.53654136305556,3.584,1.53662188083333,3.584
1.53687650138889,3.594,1.53681984055556,3.584,1.53689979194444,3.584
1.53715453611111,3.584,1.53709719055556,3.584,1.53717734972222,3.584
1.53743230722222,3.594,1.53737526333333,3.584,1.53745540555556,3.584
1.53770998222222,3.594,1.53765302694444,3.584,1.53773319694444,3.584
1.53798823277778,3.584,1.53793079527778,3.584,1.53801087361111,3.584
1.53826586027778,3.594,1.53820865361111,3.584,1.53828891027778,3.584
1.53854381361111,3.594,1.53848629555556,3.584,1.53856710388889,3.584
1.53882171472222,3.594,1.53876406666667,3.584,1.53884462972222,3.584
1.53909929055556,3.594,1.539041975,3.584,1.53912266222222,3.584
1.53937744222222,3.594,1.53931949833333,3.584,1.53940043,3.584
1.53965552888889,3.594,1.53959768583333,3.584,1.53967826027778,3.584
1.53993334916667,3.594,1.53987560027778,3.584,1.53995626416667,3.584
1.5402112725,3.594,1.54015353861111,3.584,1.54023459944444,3.584
1.54048936916667,3.594,1.54043110527778,3.584,1.54051211916667,3.584
1.54076711972222,3.584,1.54070929611111,3.584,1.540789735,3.584
1.54104509583333,3.594,1.540987335,3.584,1.54106753138889,3.584
1.54132309972222,3.594,1.54126535666667,3.584,1.54134573638889,3.584
1.541600825,3.594,1.54154352166667,3.584,1.54162349555556,3.584
1.54187891027778,3.594,1.54182115555556,3.584,1.54190117861111,3.584
1.542156525,3.584,1.54209877722222,3.584,1.54217964416667,3.584
1.54243455472222,3.594,1.54237712944444,3.584,1.54245722666667,3.584
1.54271236138889,3.594,1.54265450166667,3.584,1.54273516472222,3.584
1.54299017694444,3.594,1.54293250555556,3.584,1.54301276194444,3.584
1.54326831416667,3.594,1.54321039444444,3.584,1.54329077277778,3.584
1.54354641583333,3.594,1.54348811861111,3.584,1.54356878638889,3.584
1.54382436027778,3.594,1.54376570916667,3.584,1.54384693444444,3.584
1.54410232916667,3.594,1.54404356333333,3.584,1.54412499527778,3.584
1.54438017527778,3.584,1.54432138666667,3.584,1.54440291972222,3.584
1.54465781888889,3.594,1.54459903361111,3.584,1.54468083888889,3.584
1.54493573361111,3.594,1.54487663,3.584,1.54495876861111,3.584
1.54521369388889,3.584,1.54515483888889,3.594,1.5452368,3.584
1.54549141944444,3.594,1.54543256638889,3.584,1.54551456722222,3.584
1.54576901138889,3.594,1.54571035833333,3.584,1.5457926425,3.584
1.54604688027778,3.594,1.54598848361111,3.584,1.54607050583333,3.584
1.54632455611111,3.594,1.54626631833333,3.584,1.54634791,3.584
1.54660209416667,3.594,1.54654427805556,3.584,1.54662609,3.584
1.54688022833333,3.594,1.54682201083333,3.584,1.54690431583333,3.584
1.54715816416667,3.594,1.54709973833333,3.584,1.54718215638889,3.584
1.54743594666667,3.584,1.54737743305556,3.584,1.54745971972222,3.584
1.54771374472222,3.584,1.54765509888889,3.584,1.54773781305556,3.584
1.54799160083333,3.584,1.54793324277778,3.584,1.54801543805556,3.584
1.54826977305556,3.594,1.5482110325,3.584,1.54829325305556,3.584
1.54854714916667,3.594,1.54848907722222,3.584,1.54857086944444,3.584
1.548825175,3.584,1.54876664361111,3.584,1.54884892861111,3.584
1.54910323027778,3.584,1.54904442472222,3.584,1.54912683916667,3.584
1.54938116388889,3.594,1.54932235222222,3.584,1.54940459527778,3.584
1.5496588125,3.584,1.54960024583333,3.584,1.54968228722222,3.584
1.54993646111111,3.594,1.54987840527778,3.584,1.54995997472222,3.584
1.55021421111111,3.594,1.55015628416667,3.584,1.55023810277778,3.584
1.55049233388889,3.594,1.55043430027778,3.584,1.55051633972222,3.584
1.55077010722222,3.594,1.55071205194444,3.584,1.55079391583333,3.584
1.55104786805556,3.594,1.55098960388889,3.584,1.55107205166667,3.584
1.55132574361111,3.594,1.55126758222222,3.584,1.55134944305556,3.584
1.55160399777778,3.594,1.55154554388889,3.584,1.55162758972222,3.584
1.55188183861111,3.594,1.55182346222222,3.584,1.55190537555556,3.584
1.55215969027778,3.594,1.55210168138889,3.584,1.55218342055556,3.584
1.55243754083333,3.584,1.55237953833333,3.584,1.55246115305556,3.584
1.55271563888889,3.594,1.55265725361111,3.584,1.55273902555556,3.584
1.55299345138889,3.594,1.55293538305556,3.584,1.55301672805556,3.584
1.55327157277778,3.594,1.55321283694444,3.584,1.55329462527778,3.584
1.55354967944444,3.594,1.55349094166667,3.584,1.55357265583333,3.584
1.55382737194444,3.594,1.55376854694444,3.584,1.55385049111111,3.584
1.55410523361111,3.594,1.55404643416667,3.584,1.55412821194444,3.584
1.55438313583333,3.594,1.55432430611111,3.584,1.554406325,3.584
1.55466090361111,3.584,1.55460196194444,3.584,1.5546838475,3.584
1.5549384825,3.594,1.55487961055556,3.584,1.55496202388889,3.584
1.55521670555556,3.594,1.55515739916667,3.584,1.55523968583333,3.584
1.55549472861111,3.594,1.55543537472222,3.584,1.55551787777778,3.584
1.55577255527778,3.594,1.55571331611111,3.584,1.55579577638889,3.584
1.55605070333333,3.594,1.55599161166667,3.584,1.55607366972222,3.584
1.55632884694444,3.594,1.55626913861111,3.584,1.55635158194444,3.584
1.55660641361111,3.594,1.55654681194444,3.584,1.55662988305556,3.584
1.556884525,3.594,1.55682494972222,3.584,1.55690751583333,3.584
1.55716239611111,3.584,1.55710249583333,3.584,1.55718538777778,3.584
1.55744010611111,3.594,1.55738004972222,3.584,1.55746309055556,3.584
1.55771792666667,3.584,1.55765819361111,3.584,1.55774088194444,3.584
1.55799621,3.594,1.55793577555556,3.584,1.55801865833333,3.584
1.55827431166667,3.594,1.55821386861111,3.584,1.55829684194444,3.584
1.55855189166667,3.594,1.55849186111111,3.584,1.55857443361111,3.584
1.55883018805556,3.594,1.55876937027778,3.584,1.55885261055556,3.584
1.55910825055556,3.594,1.559047325,3.584,1.55913092555556,3.584
1.55938600611111,3.594,1.55932514972222,3.584,1.55940868888889,3.584
1.55966377416667,3.594,1.55960275638889,3.584,1.55968670194444,3.584
1.55994202777778,3.594,1.55988086194444,3.584,1.55996439527778,3.584
1.56022002083333,3.594,1.56015862888889,3.584,1.56024209583333,3.584
1.56049752333333,3.594,1.56043667527778,3.584,1.56051973055556,3.584
1.56077565,3.594,1.56071435194444,3.584,1.5607978175,3.584
1.56105339222222,3.594,1.56099220611111,3.584,1.56107581805556,3.584
1.56133138222222,3.594,1.56127007166667,3.584,1.56135412277778,3.584
1.561609245,3.594,1.56154776388889,3.584,1.56163175055556,3.584
1.56188728305556,3.594,1.56182550805556,3.584,1.56190929333333,3.584
1.56216511277778,3.594,1.56210371444444,3.594,1.56218717416667,3.584
1.56244297722222,3.594,1.56238171416667,3.584,1.56246494861111,3.584
1.5627207225,3.594,1.56265945972222,3.584,1.5627429675,3.584
1.56299833694444,3.594,1.56293719527778,3.584,1.56302054388889,3.584
1.56327629722222,3.594,1.56321520027778,3.584,1.56329873361111,3.584
1.56355398833333,3.584,1.56349310722222,3.584,1.56357657194444,3.584
1.56383180472222,3.594,1.56377081055556,3.584,1.56385416416667,3.584
1.56410991138889,3.594,1.56404872833333,3.584,1.56413224361111,3.584
1.56438803972222,3.584,1.56432633666667,3.584,1.56441011861111,3.584
1.56466594138889,3.584,1.56460429833333,3.584,1.5646877575,3.584
1.56494399111111,3.594,1.56488198611111,3.584,1.56496576583333,3.584
1.56522180527778,3.594,1.56515944055556,3.584,1.56524331222222,3.584
1.56550025555556,3.594,1.56543747416667,3.584,1.56552145388889,3.584
1.56577809805556,3.594,1.56571543222222,3.584,1.56579933,3.584
1.56605566333333,3.584,1.56599342222222,3.584,1.56607693361111,3.584
1.56633352833333,3.594,1.56627142027778,3.584,1.56635490416667,3.584
1.56661118861111,3.594,1.566549565,3.584,1.56663265861111,3.584
1.56688902583333,3.594,1.56682741444444,3.584,1.56691070277778,3.584
1.56716696,3.594,1.56710549583333,3.584,1.56718841055556,3.584
1.56744465055556,3.594,1.56738353944444,3.584,1.56746687388889,3.584
1.56772256388889,3.594,1.56766105166667,3.584,1.56774459388889,3.584
1.56799991277778,3.594,1.56793865694444,3.584,1.56802265055556,3.584
1.56827817916667,3.594,1.56821708361111,3.584,1.568300215,3.584
1.568556035,3.594,1.56849481027778,3.594,1.56857816722222,3.584
1.56883424888889,3.594,1.56877299861111,3.584,1.56885603,3.584
1.56911185916667,3.594,1.56905076027778,3.584,1.569133705,3.584
1.56938996805556,3.594,1.56932869027778,3.584,1.56941184222222,3.584
1.56966768833333,3.594,1.56960651111111,3.584,1.56968964944444,3.584
1.56994600805556,3.594,1.5698840225,3.584,1.56996763805556,3.584
1.57022372722222,3.594,1.570162165,3.584,1.57024523583333,3.584
1.57050164777778,3.594,1.57043972527778,3.584,1.57052316472222,3.584
1.57077971222222,3.594,1.57071794083333,3.584,1.57080084944444,3.584
1.57105740861111,3.594,1.57099560361111,3.584,1.57107893972222,3.584
1.57133529583333,3.594,1.57127358833333,3.584,1.57135637666667,3.584
1.57161321527778,3.594,1.57155151277778,3.584,1.57163455138889,3.584
1.57189121111111,3.584,1.57182914166667,3.584,1.57191196722222,3.584
1.572169315,3.594,1.57210706916667,3.584,1.57218988583333,3.584
1.57244749583333,3.594,1.57238445722222,3.584,1.5724679925,3.584
1.57272538222222,3.594,1.572662385,3.584,1.5727456725,3.584
1.57300290916667,3.594,1.57294046055556,3.584,1.57302343055556,3.584
1.57328078944444,3.594,1.57321833916667,3.584,1.57330107,3.584
1.57355865388889,3.594,1.57349612666667,3.584,1.57357900027778,3.584
1.57383654611111,3.594,1.57377434722222,3.584,1.57385662555556,3.584
1.57411455638889,3.594,1.57405214333333,3.584,1.57413488416667,3.584
1.57439276777778,3.594,1.57433007222222,3.584,1.57441258444444,3.584
1.57467042027778,3.594,1.57460801305556,3.584,1.57469099777778,3.584
1.57494848944444,3.594,1.57488566611111,3.584,1.57496890666667,3.584
1.57522660833333,3.594,1.5751631775,3.584,1.57524653805556,3.584
1.57550429805556,3.594,1.57544128944444,3.584,1.57552442805556,3.584
1.57578223111111,3.584,1.57571908416667,3.584,1.57580211444444,3.584
1.5760599075,3.594,1.5759972875,3.584,1.57607992694444,3.584
1.57633746055556,3.594,1.57627504472222,3.584,1.57635788138889,3.584
1.57661547583333,3.594,1.57655254416667,3.584,1.57663587416667,3.584
1.576893185,3.594,1.57683066527778,3.584,1.57691332694444,3.584
1.57717121694444,3.594,1.57710801722222,3.584,1.57719189166667,3.584
1.57744909138889,3.594,1.57738579861111,3.584,1.57746953,3.584
1.57772692805556,3.594,1.57766418361111,3.584,1.5777471275,3.584
1.57800459472222,3.594,1.57794233416667,3.584,1.57802496111111,3.584
1.57828228444444,3.594,1.57822019055556,3.584,1.5783024925,3.584
1.57856042,3.584,1.57849783194444,3.584,1.578580735,3.584
1.57883805361111,3.594,1.57877555916667,3.584,1.57885890055556,3.584
1.57911632055556,3.594,1.57905322,3.584,1.57913668444444,3.584
1.57939424333333,3.594,1.57933153305556,3.594,1.57941443805556,3.584
1.57967205444444,3.594,1.57960920444444,3.584,1.57969227888889,3.584
1.57994979694444,3.594,1.57988716861111,3.584,1.57996970027778,3.584
1.58022744527778,3.594,1.58016544972222,3.584,1.58024759,3.584
1.58050592222222,3.594,1.58044319027778,3.584,1.58052534472222,3.584
1.58078352916667,3.584,1.58072084972222,3.584,1.58080344333333,3.584
1.58106153055556,3.594,1.58099892083333,3.584,1.58108117611111,3.584
1.58133964,3.594,1.58127697777778,3.584,1.58135893833333,3.584
1.58161713777778,3.594,1.58155548361111,3.584,1.58163716583333,3.584
1.58189504333333,3.594,1.58183315388889,3.584,1.58191469138889,3.584
1.58217312,3.594,1.58211121055556,3.584,1.58219270055556,3.584
1.58245115833333,3.594,1.58238913638889,3.594,1.58247041222222,3.584
1.58272857111111,3.594,1.5826666325,3.594,1.58274853944444,3.584
1.58300662805556,3.594,1.58294441833333,3.584,1.58302629694444,3.594
1.58328429777778,3.594,1.583222435,3.594,1.58330384916667,3.584
1.58356219777778,3.594,1.58350039305556,3.584,1.58358200444444,3.584
1.58383999472222,3.594,1.583778035,3.584,1.58385995944444,3.584
1.58411768222222,3.594,1.58405620166667,3.584,1.58413826833333,3.584
1.58439551722222,3.594,1.58433390083333,3.584,1.58441592611111,3.584
1.58467302361111,3.594,1.58461163083333,3.584,1.5846937475,3.584
1.58495112916667,3.594,1.58488987694444,3.584,1.58497144833333,3.584
1.585228825,3.594,1.5851675575,3.584,1.5852488725,3.584
1.58550701777778,3.584,1.58544541583333,3.584,1.58552686194444,3.584
1.58578460388889,3.594,1.58572347527778,3.584,1.58580491194444,3.584
1.5860625025,3.594,1.58600080611111,3.584,1.58608250305556,3.584
1.58634012111111,3.594,1.58627887111111,3.584,1.58636019833333,3.584
1.58661772833333,3.594,1.58655708472222,3.594,1.58663808611111,3.584
1.58689583888889,3.594,1.58683503611111,3.584,1.58691577833333,3.584
1.58717333861111,3.594,1.58711299083333,3.584,1.58719405888889,3.584
1.58745130916667,3.594,1.58739090555556,3.584,1.58747164722222,3.584
1.58772874583333,3.594,1.58766871583333,3.584,1.5877492175,3.584
1.58800686583333,3.594,1.58794633,3.584,1.58802742611111,3.584
1.5882848725,3.594,1.58822415611111,3.584,1.58830548305556,3.584
1.58856263972222,3.594,1.58850168805556,3.584,1.58858301361111,3.584
1.58884049916667,3.594,1.58877978611111,3.584,1.58886082305556,3.584
1.58911848833333,3.594,1.58905767111111,3.584,1.58913889361111,3.584
1.58939637972222,3.594,1.58933529138889,3.584,1.58941694583333,3.584
1.58967377777778,3.594,1.58961306194444,3.584,1.58969513472222,3.584
1.58995188694444,3.594,1.58989113611111,3.584,1.58997275694444,3.584
1.59023004888889,3.594,1.59016901083333,3.584,1.59025068666667,3.584
1.59050785444444,3.594,1.59044678972222,3.584,1.59052868222222,3.584
1.59078515777778,3.594,1.5907245075,3.584,1.59080629,3.584
1.59106330611111,3.594,1.59100220361111,3.584,1.59108428833333,3.584
1.59134150138889,3.594,1.59128007083333,3.594,1.59136169583333,3.584
1.59161958,3.594,1.59155822388889,3.584,1.591639795,3.584
1.59189741638889,3.594,1.59183571388889,3.584,1.59191768222222,3.584
1.59217561555556,3.584,1.59211369555556,3.584,1.59219524388889,3.584
1.59245318388889,3.594,1.59239137388889,3.584,1.59247320972222,3.584
1.5927309675,3.594,1.59266931944444,3.584,1.59275113222222,3.584
1.59300865138889,3.594,1.59294712944444,3.584,1.59302878388889,3.584
1.59328628027778,3.594,1.59322502527778,3.584,1.59330680555556,3.584
1.59356467583333,3.594,1.59350275805556,3.584,1.59358484,3.584
1.59384259555556,3.594,1.5937805425,3.584,1.59386256277778,3.584
1.59412049972222,3.594,1.5940585125,3.584,1.59414041888889,3.584
1.59439824,3.594,1.59433645916667,3.584,1.59441822722222,3.584
1.59467635027778,3.594,1.59461423611111,3.584,1.59469602861111,3.584
1.59495379555556,3.594,1.59489190111111,3.584,1.59497379111111,3.584
1.59523232083333,3.594,1.595170085,3.584,1.5952516825,3.584
1.59551005472222,3.594,1.59544772861111,3.594,1.5955298325,3.594
1.5957881475,3.594,1.5957256875,3.594,1.59580771277778,3.584
1.59606580111111,3.594,1.59600329777778,3.584,1.59608532694444,3.584
1.59634382638889,3.594,1.59628109083333,3.584,1.59636348305556,3.584
1.59662190888889,3.594,1.59655875222222,3.584,1.59664154416667,3.584
1.59689986722222,3.594,1.59683694444444,3.584,1.59691928166667,3.584
1.59717763611111,3.594,1.59711479666667,3.594,1.59719691611111,3.584
1.59745542083333,3.594,1.59739256722222,3.594,1.5974750625,3.584
1.59773341888889,3.594,1.59767009472222,3.584,1.59775324194444,3.584
1.59801095472222,3.594,1.5979482125,3.584,1.59803110305556,3.584
1.59828862361111,3.594,1.59822624083333,3.584,1.59830890333333,3.584
1.59856644277778,3.594,1.59850423972222,3.594,1.59858676666667,3.584
1.59884481527778,3.594,1.59878188583333,3.584,1.59886416583333,3.584
1.59912254611111,3.594,1.59905941166667,3.584,1.5991426375,3.584
1.59940049944444,3.594,1.5993371975,3.584,1.59942022416667,3.584
1.59967791833333,3.594,1.59961552777778,3.584,1.599698035,3.584
1.5999558325,3.594,1.59989333138889,3.594,1.59997556361111,3.584
1.60023383333333,3.594,1.60017162388889,3.584,1.60025373027778,3.584
1.60051148388889,3.594,1.60044974472222,3.594,1.60053133527778,3.584
1.60078945277778,3.594,1.60072759555556,3.584,1.60080924166667,3.584
1.60106725277778,3.594,1.60100545944444,3.584,1.60108732194444,3.584
1.6013450625,3.594,1.60128327055556,3.584,1.60136495361111,3.584
1.60162246055556,3.594,1.6015608875,3.584,1.60164271694444,3.584
1.60190045722222,3.594,1.60183894361111,3.584,1.60192057861111,3.584
1.60217792,3.594,1.60211694583333,3.584,1.60219829472222,3.584
1.60245577361111,3.594,1.60239479055556,3.584,1.60247659055556,3.584
1.60273367416667,3.594,1.6026724275,3.594,1.60275430083333,3.584
1.6030113025,3.594,1.60295031638889,3.594,1.60303263888889,3.584
1.6032895325,3.594,1.60322797416667,3.584,1.60331028444444,3.584
1.60356729722222,3.594,1.60350622055556,3.584,1.60358809444444,3.584
1.60384536333333,3.594,1.60378386666667,3.584,1.60386604972222,3.594
1.60412288777778,3.594,1.60406184972222,3.584,1.60414361361111,3.584
1.60440050027778,3.594,1.60433939944444,3.584,1.60442154888889,3.584
1.60467844583333,3.594,1.60461767944444,3.584,1.60469965527778,3.584
1.60495595888889,3.594,1.60489561083333,3.584,1.60497734861111,3.584
1.60523417805556,3.594,1.60517332444444,3.584,1.60525501666667,3.584
1.60551225416667,3.594,1.60545146611111,3.584,1.60553307611111,3.584
1.60579022027778,3.594,1.60572925888889,3.584,1.60581148333333,3.584
1.60606840333333,3.594,1.60600674972222,3.584,1.60608934694444,3.584
1.60634591138889,3.594,1.60628485722222,3.584,1.60636719694444,3.584
1.60662390055556,3.594,1.60656306444444,3.584,1.60664522361111,3.584
1.60690151722222,3.594,1.60684068361111,3.584,1.60692311611111,3.584
1.60717979722222,3.594,1.60711868027778,3.594,1.60720129083333,3.584
1.60745759,3.594,1.60739664888889,3.584,1.60747878777778,3.584
1.60773522,3.594,1.60767413583333,3.584,1.60775665805556,3.584
1.60801324444444,3.594,1.60795210361111,3.584,1.60803464194444,3.584
1.60829149166667,3.594,1.60823012222222,3.584,1.60831241666667,3.584
1.60856925083333,3.594,1.60850794638889,3.584,1.60859049472222,3.584
1.60884696944444,3.594,1.6087856225,3.584,1.60886809805556,3.584
1.60912493388889,3.594,1.60906368777778,3.584,1.60914642027778,3.584
1.60940291166667,3.594,1.6093416925,3.584,1.60942437555556,3.594
1.60968094055556,3.594,1.60961961638889,3.584,1.6097017275,3.584
1.6099592125,3.594,1.60989729166667,3.584,1.60997954,3.584
1.61023703055556,3.594,1.61017498027778,3.584,1.61025773305556,3.584
1.6105151375,3.594,1.61045279666667,3.584,1.61053554472222,3.584
1.61079330888889,3.594,1.61073105944444,3.594,1.61081365444444,3.584
1.61107074,3.594,1.61100882305556,3.594,1.61109168611111,3.584
1.61134908222222,3.594,1.61128672305556,3.584,1.61136964694444,3.584
1.61162695722222,3.594,1.61156486722222,3.584,1.61164769194444,3.584
1.61190467944444,3.594,1.61184244888889,3.584,1.61192544833333,3.584
1.61218259888889,3.594,1.6121205975,3.584,1.61220318361111,3.584
1.612460325,3.594,1.61239835055556,3.584,1.61248094666667,3.584
1.61273825888889,3.594,1.61267616916667,3.584,1.61275864055556,3.584
1.61301611166667,3.584,1.61295394666667,3.584,1.61303679972222,3.584
1.61329394361111,3.594,1.61323191777778,3.594,1.61331493777778,3.584
1.61357172277778,3.594,1.61350977111111,3.584,1.61359263166667,3.584
1.61384986472222,3.594,1.61378777722222,3.584,1.61387077638889,3.584
1.61412815277778,3.594,1.61406569555556,3.584,1.61414906861111,3.594
1.61440593611111,3.594,1.6143433425,3.594,1.61442735305556,3.584
1.6146834475,3.594,1.61462094777778,3.594,1.61470469361111,3.584
1.61496145222222,3.594,1.61489910527778,3.584,1.61498302444444,3.584
1.615239515,3.594,1.61517714138889,3.584,1.61526059833333,3.584
1.615517425,3.594,1.61545523083333,3.594,1.61553908055556,3.584
1.61579558,3.584,1.61573314277778,3.584,1.61581634694444,3.584
1.6160735075,3.594,1.61601081694444,3.584,1.61609453694444,3.584
1.61635144027778,3.594,1.6162894275,3.584,1.61637238527778,3.584
1.61662944972222,3.594,1.61656725333333,3.594,1.61664997694444,3.584
1.61690718138889,3.594,1.61684503666667,3.594,1.61692776666667,3.584
1.6171849,3.594,1.61712274138889,3.594,1.61720601777778,3.584
1.61746289027778,3.594,1.61740064888889,3.584,1.61748381805556,3.584
1.61774046944444,3.594,1.61767819638889,3.584,1.61776181305556,3.584
1.61801866277778,3.594,1.61795653277778,3.584,1.61803954333333,3.584
1.61829620611111,3.594,1.61823412416667,3.584,1.61831717388889,3.584
1.61857409138889,3.594,1.61851195944444,3.584,1.61859498861111,3.594
1.61885177694444,3.594,1.61878998777778,3.584,1.61887253583333,3.584
1.61912986944444,3.594,1.61906782027778,3.584,1.619150655,3.584
1.61940747444444,3.594,1.61934576194444,3.594,1.61942874527778,3.584
1.61968589666667,3.594,1.619623395,3.594,1.61970662027778,3.584
1.61996360055556,3.594,1.61990176611111,3.584,1.61998439055556,3.584
1.62024162972222,3.594,1.62017957944444,3.584,1.62026199138889,3.584
1.62051946388889,3.594,1.62045691916667,3.584,1.62054015972222,3.584
1.62079708611111,3.594,1.62073504416667,3.584,1.62081779861111,3.584
1.62107492138889,3.594,1.62101279027778,3.584,1.62109571666667,3.584
1.6213523525,3.594,1.621291025,3.584,1.62137333722222,3.584
1.62163029638889,3.594,1.62156905611111,3.584,1.62165110194444,3.584
1.62190811833333,3.594,1.62184685694444,3.584,1.62192915138889,3.584
1.62218587361111,3.594,1.62212468222222,3.584,1.62220692111111,3.594
1.62246375861111,3.594,1.62240251611111,3.584,1.62248538083333,3.584
1.62274175972222,3.594,1.62268007638889,3.584,1.62276304166667,3.584
1.62301956805556,3.594,1.62295822444444,3.584,1.62304098944444,3.584
1.62329762361111,3.594,1.6232367025,3.584,1.62331835527778,3.584
1.62357539444444,3.594,1.62351503416667,3.584,1.62359629111111,3.584
1.62385310083333,3.594,1.62379297833333,3.584,1.62387451416667,3.584
1.62413102083333,3.594,1.62407079305556,3.594,1.62415236805556,3.584
1.62440872166667,3.594,1.62434880694444,3.584,1.624430335,3.584
1.62468644805556,3.594,1.62462690583333,3.594,1.62470813388889,3.584
1.62496413083333,3.594,1.62490468777778,3.584,1.62498589638889,3.584
1.62524198166667,3.594,1.62518271972222,3.594,1.62526382361111,3.584
1.62551992055556,3.594,1.62546075972222,3.584,1.62554149944444,3.584
1.62579762222222,3.594,1.62573862666667,3.584,1.62581949944444,3.584
1.62607533944444,3.594,1.62601706472222,3.584,1.62609772111111,3.584
1.62635324666667,3.594,1.626294795,3.584,1.62637497361111,3.584
1.62663141444444,3.594,1.62657272333333,3.594,1.62665298833333,3.584
1.62690955416667,3.594,1.62685030194444,3.584,1.62693127722222,3.594
1.62718712555556,3.594,1.627128295,3.594,1.62720886111111,3.584
1.62746520055556,3.594,1.6274059775,3.584,1.62748692166667,3.594
1.62774301694444,3.594,1.62768358388889,3.584,1.62776451666667,3.584
1.62802118166667,3.594,1.62796207916667,3.594,1.62804221111111,3.584
1.62829925944444,3.594,1.62823943222222,3.594,1.62832029555556,3.594
1.62857688388889,3.594,1.62851791,3.594,1.62859855583333,3.584
1.62885503888889,3.594,1.62879548666667,3.594,1.62887610833333,3.584
1.62913289916667,3.594,1.62907347,3.584,1.62915400694444,3.584
1.62941119777778,3.594,1.62935133277778,3.594,1.62943206361111,3.584
1.62968883611111,3.594,1.62962937583333,3.584,1.6297101125,3.584
1.62996679138889,3.594,1.62990733944444,3.584,1.62998795111111,3.594
1.63024477111111,3.594,1.63018510416667,3.594,1.63026573194444,3.584
1.63052260388889,3.594,1.63046289277778,3.594,1.63054347861111,3.584
1.63080054388889,3.594,1.63074062222222,3.594,1.63082125722222,3.584
1.6310780625,3.594,1.63101861333333,3.584,1.63109941472222,3.584
1.631356135,3.594,1.6312965825,3.584,1.63137708361111,3.584
1.63163373722222,3.594,1.63157423611111,3.584,1.63165505388889,3.584
1.63191167694444,3.594,1.6318526525,3.594,1.63193303805556,3.584
1.63218957694444,3.594,1.63213026722222,3.594,1.63221094888889,3.584
1.63246733361111,3.594,1.63240836777778,3.584,1.63248876416667,3.594
1.63274515805556,3.594,1.63268620944444,3.584,1.63276633388889,3.584
1.63302287333333,3.594,1.63296436833333,3.584,1.63304435277778,3.584
1.63330094777778,3.594,1.63324194361111,3.584,1.6333221,3.584
1.63357836944444,3.594,1.63352015833333,3.584,1.63359978111111,3.584
1.63385596222222,3.594,1.6337979125,3.594,1.63387782555556,3.584
1.63413413638889,3.594,1.63407530888889,3.584,1.63415580583333,3.594
1.63441197805556,3.594,1.63435350916667,3.594,1.63443355805556,3.584
1.63468981194444,3.594,1.63463133333333,3.594,1.63471123444444,3.584
1.63496795083333,3.594,1.63490893027778,3.594,1.6349890725,3.584
1.63524545222222,3.594,1.63518687611111,3.584,1.63526725777778,3.584
1.63552371222222,3.594,1.63546485277778,3.584,1.63554512944444,3.584
1.63580169416667,3.594,1.63574269027778,3.594,1.63582327777778,3.584
1.63607914361111,3.594,1.63602039055556,3.584,1.63610088277778,3.584
1.6363575275,3.594,1.63629852361111,3.594,1.63637858583333,3.584
1.63663531,3.594,1.63657578638889,3.584,1.6366566825,3.584
1.63691275694444,3.594,1.63685387277778,3.584,1.63693428472222,3.584
1.63719074944444,3.594,1.63713162944444,3.584,1.63721196138889,3.584
1.63746873083333,3.594,1.63740978916667,3.584,1.63749018277778,3.584
1.63774651916667,3.584,1.63768769944444,3.594,1.63776778277778,3.594
1.63802437138889,3.594,1.63796559416667,3.584,1.63804577055556,3.584
1.63830230694444,3.594,1.638243565,3.584,1.63832371083333,3.594
1.63857966888889,3.594,1.63852108305556,3.594,1.6386011725,3.584
1.6388581275,3.594,1.63879924277778,3.594,1.63887970888889,3.584
1.63913576777778,3.594,1.63907688944444,3.584,1.63915768361111,3.584
1.63941350194444,3.594,1.63935491944444,3.594,1.63943539166667,3.584
1.6396912375,3.594,1.63963256916667,3.594,1.63971330388889,3.594
1.63996915777778,3.594,1.63991034361111,3.584,1.63999117972222,3.584
1.64024704361111,3.594,1.64018802833333,3.584,1.64026922944444,3.594
1.64052482166667,3.594,1.64046598055556,3.594,1.64054713416667,3.594
1.64080275722222,3.594,1.64074333388889,3.594,1.64082477166667,3.584
1.64108064416667,3.594,1.64102150083333,3.584,1.64110256638889,3.594
1.64135863333333,3.594,1.64129940888889,3.584,1.64138032638889,3.584
1.64163612472222,3.594,1.64157754583333,3.584,1.64165801583333,3.584
1.64191382361111,3.594,1.64185517444444,3.594,1.64193569027778,3.594
1.64219181861111,3.594,1.64213305972222,3.584,1.64221365555556,3.584
1.64246975555556,3.594,1.64241097166667,3.584,1.64249114222222,3.584
1.64274756416667,3.594,1.64268861055556,3.594,1.64276889722222,3.584
1.64302537972222,3.594,1.64296660777778,3.594,1.64304715444444,3.594
1.643303465,3.594,1.64324466944444,3.584,1.64332521027778,3.584
1.64358150722222,3.594,1.64352217277778,3.584,1.64360292361111,3.584
1.64385939333333,3.594,1.64380032111111,3.594,1.64388069,3.584
1.64413718888889,3.594,1.64407822388889,3.584,1.64415851555556,3.584
1.64441527444444,3.594,1.64435589472222,3.584,1.64443624972222,3.584
1.64469288944444,3.594,1.64463392138889,3.594,1.64471388138889,3.594
1.64497112277778,3.594,1.64491151527778,3.584,1.64499234833333,3.584
1.6452488625,3.594,1.64518936583333,3.594,1.64527045805556,3.584
1.64552677833333,3.594,1.6454671625,3.584,1.64554785333333,3.594
1.64580462916667,3.594,1.64574521972222,3.594,1.64582585805556,3.584
1.64608228083333,3.594,1.64602301138889,3.594,1.64610361472222,3.584
1.64636027722222,3.594,1.646300835,3.584,1.64638140916667,3.584
1.64663802055556,3.594,1.64657902861111,3.584,1.64665968111111,3.594
1.64691594388889,3.594,1.64685672083333,3.584,1.64693724583333,3.584
1.64719395583333,3.594,1.64713446944444,3.594,1.64721512888889,3.584
1.64747203861111,3.594,1.64741221638889,3.594,1.64749258055556,3.584
1.64774962083333,3.594,1.64769006222222,3.594,1.64777057638889,3.594
1.64802735555556,3.594,1.64796758555556,3.584,1.64804802916667,3.594
1.64830530694444,3.594,1.64824595666667,3.584,1.64832629527778,3.584
1.6485831525,3.594,1.64852370666667,3.594,1.64860392833333,3.584
1.64886071861111,3.594,1.64880131694444,3.584,1.64888190972222,3.584
1.64913888666667,3.594,1.64907931555556,3.594,1.64915993777778,3.584
1.64941676666667,3.594,1.64935691944444,3.584,1.64943769388889,3.584
1.64969444111111,3.594,1.64963487111111,3.594,1.64971555,3.584
1.64997229361111,3.594,1.64991284333333,3.584,1.6499930475,3.584
1.65025038472222,3.594,1.65019075277778,3.584,1.65027124722222,3.584
1.65052804583333,3.594,1.65046828638889,3.594,1.65054930333333,3.594
1.65080606777778,3.594,1.65074607361111,3.594,1.65082693861111,3.584
1.65108365833333,3.594,1.65102428694444,3.584,1.651105035,3.584
1.65136175527778,3.594,1.65130191777778,3.594,1.65138295888889,3.584
1.65163935583333,3.594,1.65157986472222,3.584,1.65166104027778,3.584
1.65191699888889,3.594,1.65185806555556,3.584,1.65193843388889,3.584
1.65219500388889,3.594,1.65213593166667,3.594,1.65221610972222,3.594
1.65247290611111,3.594,1.65241376861111,3.584,1.65249433861111,3.584
1.65275116777778,3.594,1.65269174638889,3.594,1.65277230694444,3.584
1.65302899138889,3.594,1.65296940444444,3.584,1.65304996916667,3.584
1.65330716111111,3.594,1.65324753083333,3.594,1.6533283325,3.584
1.65358484027778,3.594,1.65352538333333,3.584,1.65360588194444,3.584
,,1.65380310805556,3.584,1.65388396166667,3.584
,,1.65408118277778,3.584,1.65416180055556,3.584
,,1.65435887083333,3.584,1.65443940972222,3.584
,,1.65463677055556,3.584,1.65471714888889,3.594
,,1.65491438638889,3.584,1.65499533333333,3.584
,,1.65519220166667,3.594,1.65527328361111,3.584
,,1.65547009305556,3.594,1.65555082694444,3.584
,,1.65574805472222,3.594,1.65582888777778,3.594
,,1.65602597638889,3.594,1.65610639138889,3.594
,,1.65630392027778,3.594,1.65638413333333,3.584
,,1.65658208222222,3.594,1.65666228638889,3.594
,,1.65685939472222,3.594,1.65694034666667,3.584
,,1.65713776083333,3.594,1.65721852416667,3.584
,,1.65741565361111,3.594,1.65749659138889,3.584
,,1.65769344138889,3.584,1.6577742675,3.594
,,1.65797144861111,3.584,1.65805209861111,3.584
,,1.65824966694444,3.594,1.65832989194444,3.584
,,1.65852722277778,3.594,1.65860774833333,3.584
,,1.65880482805556,3.594,1.6588854575,3.584
,,1.65908254583333,3.584,1.65916349388889,3.594
,,1.65936049805556,3.584,1.65944136277778,3.594
,,1.65963836027778,3.584,1.65971914833333,3.584
,,1.65991651027778,3.584,1.65999726138889,3.594
,,1.66019392611111,3.584,1.66027540916667,3.584
,,1.66047200861111,3.584,1.66055326222222,3.584
,,1.66074947444444,3.594,1.66083107472222,3.594
,,1.66102792083333,3.594,1.66110905361111,3.584
,,1.66130578527778,3.594,1.66138664416667,3.594
,,1.661584,3.594,1.66166484111111,3.594
,,1.66186154583333,3.594,1.66194266888889,3.584
,,1.66213965083333,3.584,1.66222036333333,3.584
,,1.66241754361111,3.594,1.662497795,3.594
,,1.66269539,3.594,1.66277578972222,3.584
,,1.66297328194444,3.594,1.66305389472222,3.594
,,1.66325098194444,3.584,1.66333165277778,3.584
,,1.66352879305556,3.584,1.66360987861111,3.584
,,1.66380655416667,3.584,1.66388763694444,3.584
,,1.66408452138889,3.584,1.66416506777778,3.594
,,1.66436226638889,3.594,1.66444283916667,3.584
,,1.66464015972222,3.594,1.66472059194444,3.594
,,1.66491779972222,3.594,1.66499845305556,3.584
,,1.66519605777778,3.594,1.66527607027778,3.584
,,1.66547420888889,3.594,1.66555401666667,3.584
,,1.66575222305556,3.594,1.66583217722222,3.584
,,1.66602988777778,3.584,1.66610987666667,3.584
,,1.66630766277778,3.594,1.66638746972222,3.594
,,1.66658605861111,3.584,1.66666578833333,3.594
,,1.666863655,3.594,1.66694346222222,3.584
,,1.66714135361111,3.594,1.66722130694444,3.594
,,1.66741906722222,3.594,1.66749915777778,3.594
,,1.66769693111111,3.584,1.66777708,3.584
,,1.66797487527778,3.594,1.66805475888889,3.584
,,1.66825277805556,3.594,1.66833221722222,3.584
,,1.66853064277778,3.594,1.66861033055556,3.584
,,1.66880846555556,3.594,1.66888803194444,3.584
,,1.66908641888889,3.594,1.66916600194444,3.584
,,1.66936412972222,3.594,1.66944376111111,3.584
,,1.66964229305556,3.594,1.66972213527778,3.594
,,1.66992011722222,3.584,1.6699996775,3.594
,,1.6701975575,3.594,1.67027761777778,3.594
,,1.67047568277778,3.584,1.67055526694444,3.584
,,1.67075342,3.584,1.67083304388889,3.584
,,1.67103107083333,3.594,1.67111065472222,3.594
,,1.67130931416667,3.594,1.67138851111111,3.584
,,1.671587215,3.584,1.67166615722222,3.594
,,1.67186508055556,3.584,1.67194385222222,3.594
,,1.67214317166667,3.594,1.672221825,3.584
,,1.67242061694444,3.584,1.67249952555556,3.584
,,1.67269855472222,3.594,1.67277764972222,3.584
,,1.67297670972222,3.594,1.67305528638889,3.584
,,1.67325457916667,3.584,1.67333352,3.584
,,1.67353220888889,3.594,1.67361119583333,3.584
,,1.67381018027778,3.594,1.67388891972222,3.584
,,1.67408810361111,3.584,1.674166665,3.594
,,1.67436566388889,3.594,1.67444510583333,3.584
,,1.67464365111111,3.594,1.674722995,3.594
,,1.67492124583333,3.594,1.67500087694444,3.584
,,1.67519934305556,3.594,1.67527904638889,3.584
,,1.67547721611111,3.594,1.67555660333333,3.594
,,1.67575493305556,3.584,1.67583470583333,3.584
,,1.67603286722222,3.584,1.67611280027778,3.594
,,1.67631033055556,3.594,1.67639045694444,3.584
,,1.67658817138889,3.594,1.67666817027778,3.584
,,1.67686610305556,3.594,1.67694610055556,3.584
,,1.67714358583333,3.594,1.67722428666667,3.584
,,1.67742193472222,3.594,1.67750201444444,3.594
,,1.67769971944444,3.584,1.67777972305556,3.594
,,1.67797737666667,3.584,1.6780574125,3.594
,,1.67825498777778,3.594,1.6783351725,3.594
,,1.67853280138889,3.594,1.67861287805556,3.584
,,1.67881055611111,3.584,1.67889124416667,3.594
,,1.6790888075,3.584,1.67916921388889,3.584
,,1.67936663694444,3.594,1.67944707222222,3.584
,,1.67964442222222,3.594,1.67972490611111,3.594
,,1.67992251611111,3.584,1.68000281027778,3.584
,,1.68020069,3.594,1.68028081611111,3.584
,,1.68047834055556,3.584,1.6805583475,3.594
,,1.68075669388889,3.594,1.68083650138889,3.594
,,1.68103445277778,3.584,1.68111459222222,3.594
,,1.68131234111111,3.584,1.68139225833333,3.594
,,1.68158981694444,3.594,1.68167058666667,3.584
,,1.68186789777778,3.584,1.68194824527778,3.584
,,1.68214600666667,3.594,1.68222609444444,3.594
,,1.68242360666667,3.594,1.68250398944444,3.584
,,1.6827016125,3.594,1.68278161361111,3.584
,,1.68297949583333,3.594,1.68305947722222,3.594
,,1.68325755694444,3.594,1.68333695888889,3.584
,,1.68353507388889,3.594,1.68361510416667,3.584
,,1.68381319083333,3.584,1.683892575,3.584
,,1.68409079611111,3.594,1.68417056833333,3.594
,,1.68436902222222,3.594,1.68444827583333,3.584
,,1.68464686805556,3.584,1.68472593527778,3.594
,,1.68492490333333,3.594,1.68500381472222,3.584
,,1.68520320305556,3.594,1.68528209416667,3.594
,,1.68548064416667,3.594,1.68555998583333,3.584
,,1.68575841777778,3.594,1.68583791888889,3.594
,,1.68603639944444,3.594,1.68611571305556,3.584
,,1.68631452194444,3.584,1.68639334055556,3.594
,,1.68659228638889,3.594,1.68667087194444,3.594
,,1.68686997583333,3.594,1.68694904722222,3.584
,,1.68714746666667,3.594,1.68722661861111,3.584
,,1.68742555277778,3.594,1.68750479166667,3.584
,,1.68770346694444,3.584,1.68778256833333,3.584
,,1.68798140416667,3.594,1.68806040166667,3.594
,,1.68825900222222,3.594,1.68833809611111,3.594
,,1.68853702083333,3.584,1.68861607027778,3.584
,,1.68881471666667,3.594,1.68889407638889,3.594
,,1.68909248166667,3.584,1.68917174583333,3.584
,,1.68937046972222,3.594,1.68944953472222,3.594
,,1.68964835555556,3.594,1.68972722111111,3.594
,,1.68992619388889,3.594,1.69000542111111,3.594
,,1.69020405416667,3.594,1.6902835375,3.594
,,1.69048206666667,3.594,1.69056128833333,3.594
,,1.69075978527778,3.594,1.69083926388889,3.594
,,1.69103788055556,3.594,1.69111693666667,3.594
,,1.69131581527778,3.594,1.69139497583333,3.584
,,1.69159343861111,3.594,1.69167326,3.594
,,1.69187134166667,3.594,1.69195053527778,3.594
,,1.69214924777778,3.594,1.69222873472222,3.584
,,1.69242687944444,3.594,1.69250672861111,3.594
,,1.69270473111111,3.594,1.69278448555556,3.584
,,1.69298240944444,3.584,1.69306223694444,3.584
,,1.69326014472222,3.594,1.69333981277778,3.584
,,1.69353789388889,3.584,1.69361818472222,3.594
,,1.69381611666667,3.594,1.69389605333333,3.584
,,1.69409394916667,3.584,1.69417417388889,3.584
,,1.69437200222222,3.594,1.69445211333333,3.594
,,1.69464980222222,3.594,1.69472967833333,3.584
,,1.69492758722222,3.594,1.69500762277778,3.594
,,1.69520501222222,3.594,1.69528596277778,3.584
,,1.69548342055556,3.594,1.69556382555556,3.594
,,1.69576083166667,3.584,1.69584166694444,3.594
,,1.69603886027778,3.594,1.69611943305556,3.594
,,1.69631673583333,3.584,1.69639760944444,3.584
,,1.69659473916667,3.584,1.69667574194444,3.584
,,1.69687246416667,3.594,1.69695345388889,3.594
,,1.69715025972222,3.594,1.6972311525,3.584
,,1.69742826166667,3.594,1.69750887638889,3.584
,,1.69770620055556,3.594,1.69778716055556,3.584
,,1.69798394861111,3.594,1.69806486916667,3.584
,,1.69826167194444,3.594,1.6983429575,3.584
,,1.6985396025,3.584,1.69862078388889,3.594
,,1.69881765916667,3.594,1.69889866055556,3.594
,,1.69909531444444,3.594,1.69917663222222,3.584
,,1.69937343055556,3.594,1.69945456333333,3.594
,,1.69965123388889,3.594,1.69973271638889,3.594
,,1.69992924194444,3.594,1.7000105725,3.594
,,1.70020708638889,3.584,1.70028857111111,3.594
,,1.70048484472222,3.594,1.70056628055556,3.594
,,1.700762925,3.594,1.70084397888889,3.584
,,1.70104047083333,3.594,1.70112208083333,3.584
,,1.70131855694444,3.584,1.70139987611111,3.584
,,1.70159652194444,3.594,1.70167759805556,3.584
,,1.70187411638889,3.594,1.70195502416667,3.594
,,1.70215185722222,3.594,1.70223281805556,3.594
,,1.70242978916667,3.594,1.70251072694444,3.594
,,1.70270765611111,3.584,1.70278829666667,3.584
,,1.7029852625,3.594,1.70306652527778,3.594
,,1.70326350888889,3.594,1.7033443575,3.594
,,1.70354098805556,3.594,1.70362214833333,3.584
,,1.70381909138889,3.594,1.70390020805556,3.594
,,1.70409689916667,3.594,1.70417792111111,3.594
,,1.70437526583333,3.584,1.70445556555556,3.594
,,1.70465325444444,3.594,1.70473367361111,3.584
,,1.70493125916667,3.594,1.70501188138889,3.594
,,1.70520888638889,3.594,1.70528993111111,3.584
,,1.70548678222222,3.594,1.70556799361111,3.594
,,1.70576511583333,3.594,1.70584567416667,3.594
,,1.70604296611111,3.594,1.70612408027778,3.594
,,1.70632094666667,3.594,1.70640182277778,3.594
,,1.70659876472222,3.594,1.70668018472222,3.594
,,1.70687710944444,3.594,1.706958,3.584
,,1.70715445027778,3.594,1.7072355825,3.594
,,1.70743248638889,3.594,1.70751373638889,3.594
,,1.707710455,3.594,1.70779152666667,3.584
,,1.70798855138889,3.594,1.70806924111111,3.584
,,1.7082663675,3.584,1.708347165,3.594
,,1.70854419222222,3.594,1.70862489916667,3.594
,,1.7088219575,3.594,1.70890318777778,3.584
,,1.70909994083333,3.594,1.70918103333333,3.594
,,1.70937817083333,3.594,1.70945885861111,3.594
,,1.70965561083333,3.594,1.70973708694444,3.584
,,1.70993374111111,3.594,1.71001472527778,3.594
,,1.71021198166667,3.594,1.71029256,3.594
,,1.71048983833333,3.594,1.71057056083333,3.584
,,1.71076773888889,3.594,1.7108483,3.594
,,1.71104559805556,3.594,1.71112611138889,3.594
,,1.71132338277778,3.584,1.71140397861111,3.594
,,1.71160129972222,3.594,1.71168191722222,3.584
,,1.71187938361111,3.594,1.71195946,3.594
,,1.71215720722222,3.594,1.71223759861111,3.584
,,1.71243504888889,3.594,1.71251575166667,3.594
,,1.71271330027778,3.594,1.71279382861111,3.584
,,1.712991045,3.594,1.71307141694444,3.594
,,1.71326877527778,3.594,1.71334934055556,3.594
,,1.71354642444444,3.594,1.71362746472222,3.584
,,1.71382441083333,3.594,1.71390555194444,3.584
,,1.71410214944444,3.594,1.71418365944444,3.594
,,1.71438000055556,3.594,1.71446139361111,3.594
,,1.71465774416667,3.584,1.71473949722222,3.584
,,1.71493523611111,3.594,1.7150172875,3.584
,,1.71521340138889,3.594,1.71529547055556,3.594
,,1.71549156861111,3.594,1.71557384583333,3.594
,,1.71576967,3.584,1.7158519625,3.584
,,1.71604756805556,3.594,1.71612980666667,3.594
,,1.7163255575,3.584,1.71640749055556,3.584
,,1.71660331611111,3.584,1.71668554972222,3.584
,,1.71688114055556,3.594,1.71696325861111,3.594
,,1.7171586925,3.584,1.71724114305556,3.594
,,1.71743657888889,3.584,1.7175189025,3.594
,,1.71771443055556,3.584,1.71779683805556,3.594
,,1.71799236444444,3.584,1.71807476583333,3.594
,,1.7182704,3.584,1.71835283194444,3.594
,,1.71854773722222,3.584,1.718630845,3.594
,,1.71882590222222,3.584,1.71890847611111,3.584
,,1.71910367388889,3.584,1.71918651861111,3.584
,,1.71938155916667,3.584,1.71946390861111,3.594
,,1.71965938055556,3.584,1.71974197277778,3.594
,,1.71993749805556,3.584,1.72002012027778,3.594
,,1.72021531277778,3.584,1.72029824333333,3.594
,,1.72049312972222,3.584,1.72057579694444,3.594
,,1.72077059111111,3.584,1.72085401638889,3.584
,,1.72104881611111,3.584,1.721131905,3.594
,,1.72132672305556,3.584,1.72140969527778,3.584
,,1.72160438083333,3.584,1.72168762444444,3.584
,,1.72188214361111,3.584,1.72196505305556,3.594
,,1.72215998916667,3.584,1.72224315583333,3.584
,,1.722437945,3.584,1.72252051888889,3.594
,,1.72271595138889,3.584,1.72279881361111,3.594
,,1.72299372944444,3.584,1.72307621305556,3.584
,,1.72327144972222,3.584,1.72335417027778,3.584
,,1.72354932722222,3.584,1.72363224194444,3.584
,,1.72382669138889,3.584,1.72390999055556,3.584
,,1.72410483388889,3.584,1.72418839472222,3.584
,,1.72438270055556,3.584,1.72446638583333,3.584
,,1.72466011916667,3.584,1.72474442194444,3.594
,,1.72493791833333,3.584,1.72502267277778,3.594
,,1.72521578472222,3.584,1.72530014972222,3.594
,,1.72549365472222,3.584,1.72557810888889,3.594
,,1.72577147638889,3.584,1.72585604222222,3.594
,,1.72604929166667,3.584,1.72613389805556,3.594
,,1.72632687722222,3.584,1.72641213472222,3.594
,,1.72660489361111,3.584,1.72669023083333,3.584
,,1.72688265416667,3.584,1.72696766416667,3.584
,,1.72716002055556,3.584,1.72724537694444,3.594
,,1.72743811944444,3.584,1.72752306583333,3.594
,,1.72771552027778,3.584,1.72780125916667,3.594
,,,,1.72807896222222,3.594
,,,,1.72835708944444,3.594
,,,,1.72863522888889,3.594
,,,,1.7289131525,3.594
,,,,1.72919094888889,3.584
,,,,1.72946870222222,3.584
,,,,1.72974641666667,3.584
,,,,1.73002409805556,3.584
,,,,1.73030225555556,3.594
,,,,1.73058004805556,3.594
,,,,1.73085794722222,3.594
,,,,1.73113586361111,3.594
,,,,1.73141360666667,3.584
,,,,1.73169182277778,3.594
,,,,1.731969405,3.594
,,,,1.73224716111111,3.584
,,,,1.73252491527778,3.594
,,,,1.73280280277778,3.594
,,,,1.73308043361111,3.594
,,,,1.73335836694444,3.584
,,,,1.7336365525,3.594
,,,,1.73391424194444,3.584
,,,,1.73419233527778,3.594
,,,,1.73447022027778,3.584
,,,,1.73474781138889,3.594
,,,,1.73502606027778,3.594
,,,,1.73530411111111,3.594
,,,,1.73558172944444,3.584
,,,,1.73585989277778,3.584
,,,,1.73613756194444,3.594
,,,,1.73641599583333,3.594
,,,,1.73669385166667,3.594
,,,,1.73697182527778,3.594
,,,,1.73724985472222,3.594
,,,,1.73752720055556,3.594
,,,,1.73780553611111,3.584
,,,,1.73808325833333,3.594
,,,,1.73836121833333,3.594
,,,,1.73863931222222,3.594
,,,,1.73891722777778,3.594
,,,,1.73919513416667,3.594
,,,,1.73947329277778,3.594
,,,,1.73975154027778,3.594
,,,,1.74002916583333,3.594
,,,,1.74030708805556,3.594
,,,,1.74058495083333,3.584
,,,,1.74086317027778,3.594
,,,,1.74114115916667,3.594
,,,,1.74141894416667,3.594
,,,,1.74169665055556,3.594
,,,,1.74197470833333,3.594
,,,,1.74225300194444,3.594
,,,,1.74253058416667,3.584
,,,,1.74280865805556,3.594
,,,,1.74308683722222,3.594
,,,,1.743364135,3.584
,,,,1.74364243333333,3.584
,,,,1.74391998111111,3.594
,,,,1.74419821388889,3.594
,,,,1.74447563083333,3.584
,,,,1.74475367611111,3.594
,,,,1.74503158277778,3.594
,,,,1.74530893305556,3.594
,,,,1.74558722194444,3.594
,,,,1.74586539833333,3.594
,,,,1.74614326305556,3.584
,,,,1.74642145555556,3.594
,,,,1.74669918194444,3.594
,,,,1.74697744111111,3.594
,,,,1.74725550138889,3.594
,,,,1.74753340888889,3.594
,,,,1.74781122805556,3.594
,,,,1.74808928361111,3.594
,,,,1.74836684861111,3.594
,,,,1.74864455583333,3.594
,,,,1.74892272138889,3.584
,,,,1.74920039583333,3.594
,,,,1.74947813444444,3.594
,,,,1.74975631111111,3.594
,,,,1.75003405305556,3.594
,,,,1.75031208361111,3.594
,,,,1.75058998611111,3.594
,,,,1.75086778416667,3.594
,,,,1.75114578111111,3.594
,,,,1.75142337305556,3.584
,,,,1.75170151777778,3.594
,,,,1.75197889388889,3.594
,,,,1.75225703277778,3.594
,,,,1.75253475694444,3.594
,,,,1.75281261555556,3.594
,,,,1.75309054888889,3.584
,,,,1.75336833388889,3.594
,,,,1.75364657972222,3.594
,,,,1.75392459638889,3.594
,,,,1.754202165,3.594
,,,,1.75448023027778,3.584
,,,,1.75475783444444,3.594
,,,,1.75503570083333,3.594
,,,,1.75531363277778,3.594
,,,,1.75559154166667,3.594
,,,,1.75586934166667,3.594
,,,,1.75614691361111,3.594
,,,,1.75642516416667,3.594
,,,,1.756702895,3.594
,,,,1.75698065888889,3.594
,,,,1.75725881972222,3.594
,,,,1.75753651916667,3.584
,,,,1.75781468,3.594
,,,,1.75809274361111,3.594
,,,,1.75837076805556,3.594
,,,,1.75864881083333,3.594
,,,,1.7589264875,3.594
,,,,1.7592046225,3.594
,,,,1.75948210944444,3.594
,,,,1.75976021111111,3.594
,,,,1.76003809222222,3.594
,,,,1.76031598611111,3.594
,,,,1.76059332666667,3.584
,,,,1.76087145722222,3.584
,,,,1.76114961611111,3.594
,,,,1.76142732166667,3.594
,,,,1.76170515694444,3.594
,,,,1.761983275,3.594
,,,,1.76226119277778,3.594
,,,,1.76253882277778,3.594
,,,,1.76281689166667,3.594
,,,,1.76309476916667,3.594
,,,,1.76337254666667,3.594
,,,,1.76365019416667,3.584
,,,,1.76392817944444,3.594
,,,,1.76420600833333,3.594
,,,,1.764483735,3.594
,,,,1.76476161916667,3.594
,,,,1.76503921944444,3.594
,,,,1.7653173375,3.594
,,,,1.76559511138889,3.584
,,,,1.76587279194444,3.594
,,,,1.76615085888889,3.594
,,,,1.76642901972222,3.584
,,,,1.76670709388889,3.594
,,,,1.76698497361111,3.594
,,,,1.76726281722222,3.594
,,,,1.76754096111111,3.594
,,,,1.76781935472222,3.584
,,,,1.76809681888889,3.594
,,,,1.76837502944444,3.594
,,,,1.76865284555556,3.594
,,,,1.76893078611111,3.584
,,,,1.76920841694444,3.584
,,,,1.76948635888889,3.584
,,,,1.76976411333333,3.594
,,,,1.77004209027778,3.594
,,,,1.77031966305556,3.594
,,,,1.77059771944444,3.594
,,,,1.770875275,3.594
,,,,1.77115339638889,3.594
,,,,1.77143115305556,3.594
,,,,1.77170912361111,3.594
,,,,1.77198698888889,3.594
,,,,1.77226521138889,3.594
,,,,1.77254305444444,3.594
,,,,1.77282103305556,3.594
,,,,1.77309903444444,3.594
,,,,1.77337669861111,3.594
,,,,1.77365491138889,3.594
,,,,1.77393297555556,3.594
,,,,1.77421063583333,3.584
,,,,1.77448882083333,3.594
,,,,1.77476656,3.594
,,,,1.77504446111111,3.584
,,,,1.77532241444444,3.594
,,,,1.77560036027778,3.594
,,,,1.77587782722222,3.594
,,,,1.77615597833333,3.594
,,,,1.77643382944444,3.594
,,,,1.77671210611111,3.594
,,,,1.77698997472222,3.594
,,,,1.77726817527778,3.584
,,,,1.77754583722222,3.594
,,,,1.77782396527778,3.594
,,,,1.77810201027778,3.584
,,,,1.77838006611111,3.594
,,,,1.77865781972222,3.594
,,,,1.77893531277778,3.594
,,,,1.77921346055556,3.594
,,,,1.77949113194444,3.594
,,,,1.77976926472222,3.594
,,,,1.78004703694444,3.594
,,,,1.78032520277778,3.594
,,,,1.78060250083333,3.594
,,,,1.78088097472222,3.594
,,,,1.78115845611111,3.594
,,,,1.78143659638889,3.594
,,,,1.78171415,3.594
,,,,1.78199233138889,3.584
,,,,1.7822701725,3.594
,,,,1.78254778472222,3.584
,,,,1.78282589527778,3.594
,,,,1.78310338555556,3.594
,,,,1.78338131277778,3.594
,,,,1.78365884833333,3.594
,,,,1.78393687166667,3.594
,,,,1.78421488166667,3.594
,,,,1.78449221416667,3.594
,,,,1.78477042,3.594
,,,,1.78504814333333,3.594
,,,,1.78532639444444,3.594
,,,,1.7856046,3.594
,,,,1.78588229138889,3.594
,,,,1.78615990194444,3.594
,,,,1.78643783,3.594
,,,,1.78671599194444,3.594
,,,,1.78699385222222,3.594
,,,,1.7872719975,3.594
,,,,1.78754942333333,3.594
,,,,1.78782773083333,3.594
,,,,1.78810498888889,3.594
,,,,1.78838275333333,3.584
,,,,1.78866104388889,3.594
,,,,1.78893858861111,3.594
,,,,1.78921680638889,3.584
,,,,1.78949441027778,3.594
,,,,1.78977263083333,3.594
,,,,1.79005075305556,3.594
,,,,1.79032852305556,3.594
,,,,1.79060614833333,3.594
,,,,1.79088465777778,3.594
,,,,1.79116251833333,3.594
,,,,1.79144041388889,3.594
,,,,1.79171804472222,3.594
,,,,1.79199585916667,3.594
,,,,1.79227375194444,3.594
,,,,1.79255142833333,3.594
,,,,1.79282925833333,3.594
,,,,1.79310704277778,3.594
,,,,1.79338483333333,3.584
,,,,1.79366260111111,3.594
,,,,1.79394039444444,3.594
,,,,1.79421803305556,3.594
,,,,1.79449616361111,3.594
,,,,1.79477363277778,3.594
,,,,1.79505191583333,3.594
,,,,1.79532946277778,3.594
,,,,1.79560728166667,3.594
,,,,1.79588550583333,3.584
,,,,1.79616355416667,3.594
,,,,1.7964411925,3.594
,,,,1.79671889972222,3.594
,,,,1.79699700527778,3.594
,,,,1.79727513388889,3.594
,,,,1.79755327583333,3.594
,,,,1.79783101444444,3.594
,,,,1.798109105,3.594
,,,,1.79838692861111,3.594
,,,,1.7986649325,3.584
,,,,1.79894254722222,3.594
,,,,1.79922058305556,3.594
,,,,1.79949843416667,3.594
,,,,1.79977630222222,3.594
,,,,1.80005412083333,3.594
,,,,1.80033192472222,3.584
,,,,1.80061014388889,3.594
,,,,1.80088809027778,3.594
,,,,1.80116579194444,3.594
,,,,1.80144371388889,3.594
,,,,1.80172142833333,3.594
,,,,1.80199910527778,3.594
,,,,1.80227714194444,3.594
,,,,1.80255549111111,3.594
,,,,1.80283307305556,3.594
,,,,1.80311122666667,3.594
,,,,1.80338887833333,3.594
,,,,1.80366638583333,3.594
,,,,1.80394445388889,3.594
,,,,1.80422259916667,3.594
,,,,1.804500355,3.594
,,,,1.80477804916667,3.594
,,,,1.80505582194444,3.594
,,,,1.80533395305556,3.594
,,,,1.80561205194444,3.594
,,,,1.80588941,3.584
,,,,1.80616761972222,3.594
,,,,1.80644538472222,3.594
,,,,1.80672333222222,3.594
,,,,1.80700109694444,3.594
,,,,1.80727944194444,3.594
,,,,1.80755722166667,3.594
,,,,1.80783543305556,3.594
,,,,1.80811319055556,3.594
,,,,1.8083910925,3.594
,,,,1.80866901694444,3.594
,,,,1.80894680027778,3.594
,,,,1.80922475722222,3.594
,,,,1.80950321694444,3.594
,,,,1.80978072694444,3.594
,,,,1.81005855666667,3.594
,,,,1.81033666361111,3.594
,,,,1.81061443638889,3.594
,,,,1.81089230805556,3.584
,,,,1.81117006361111,3.594
,,,,1.81144812861111,3.594
,,,,1.81172588222222,3.594
,,,,1.81200360944444,3.594
,,,,1.8122816625,3.594
,,,,1.81255974722222,3.594
,,,,1.81283791388889,3.594
,,,,1.81311572111111,3.594
,,,,1.81339341305556,3.594
,,,,1.81367140805556,3.594
,,,,1.81394891527778,3.584
,,,,1.81422718416667,3.594
,,,,1.81450520361111,3.594
,,,,1.8147829425,3.594
,,,,1.81506057083333,3.594
,,,,1.81533831666667,3.584
,,,,1.815616335,3.594
,,,,1.8158939275,3.594
,,,,1.81617222138889,3.594
,,,,1.81645008694444,3.584
,,,,1.81672791194444,3.594
,,,,1.81700565805556,3.594
,,,,1.81728356722222,3.594
,,,,1.817561515,3.594
,,,,1.81783927944444,3.594
,,,,1.81811726138889,3.594
,,,,1.81839543388889,3.594
,,,,1.81867325611111,3.584
,,,,1.81895134055556,3.594
,,,,1.81922889111111,3.594
,,,,1.81950705555556,3.594
,,,,1.81978485944444,3.594
,,,,1.82006290861111,3.594
,,,,1.82034057,3.594
,,,,1.82061854444444,3.594
,,,,1.82089655527778,3.594
,,,,1.82117391944444,3.594
,,,,1.82145213805556,3.594
,,,,1.821730365,3.594
,,,,1.82200782444444,3.594
,,,,1.82228602027778,3.594
,,,,1.82256381555556,3.594
,,,,1.82284136833333,3.594
,,,,1.82311967777778,3.594
,,,,1.823396955,3.594
,,,,1.82367504444444,3.594
,,,,1.82395262333333,3.594
,,,,1.82423065,3.594
,,,,1.82450849722222,3.594
,,,,1.82478619611111,3.594
,,,,1.82506396722222,3.594
,,,,1.82534165,3.594
,,,,1.82561966694444,3.594
,,,,1.82589728722222,3.594
,,,,1.82617473138889,3.594
,,,,1.82645248027778,3.594
,,,,1.82673060888889,3.594
,,,,1.82700837472222,3.594
,,,,1.827286565,3.594
,,,,1.82756420916667,3.594
,,,,1.82784204694444,3.594
,,,,1.82811977694444,3.594
,,,,1.8283974975,3.594
,,,,1.82867594833333,3.594
,,,,1.82895381361111,3.594
,,,,1.82923178694444,3.594
,,,,1.82950963777778,3.584
,,,,1.82978780277778,3.594
,,,,1.83006595083333,3.594
,,,,1.8303436175,3.594
,,,,1.83062112583333,3.594
,,,,1.83089929861111,3.594
,,,,1.83117724861111,3.594
,,,,1.83145492583333,3.594
,,,,1.83173276472222,3.594
,,,,1.83201096333333,3.594
,,,,1.83228873361111,3.594
,,,,1.83256656083333,3.594
,,,,1.83284445916667,3.594
,,,,1.83312223166667,3.594
,,,,1.83340076388889,3.594
,,,,1.83367854916667,3.594
,,,,1.83395611361111,3.594
,,,,1.83423411444444,3.594
,,,,1.83451184166667,3.594
,,,,1.83478960555556,3.594
,,,,1.83506751555556,3.594
,,,,1.83534528861111,3.584
,,,,1.83562346305556,3.594
,,,,1.83590111555556,3.594
,,,,1.83617889805556,3.594
,,,,1.83645719305556,3.584
,,,,1.83673529916667,3.594
,,,,1.83701328277778,3.594
,,,,1.83729120861111,3.594
,,,,1.83756934138889,3.594
,,,,1.83784726222222,3.594
,,,,1.83812514944444,3.594
,,,,1.83840273944444,3.594
,,,,1.83868066527778,3.594
,,,,1.83895824972222,3.594
,,,,1.83923613083333,3.594
,,,,1.839513875,3.594
,,,,1.83979167027778,3.594
,,,,1.84006976138889,3.594
,,,,1.84034792972222,3.594
,,,,1.84062559583333,3.594
,,,,1.84090370277778,3.594
,,,,1.84118146972222,3.594
,,,,1.84145918361111,3.594
,,,,1.84173729944444,3.594
,,,,1.84201517777778,3.594
,,,,1.8422932025,3.594
,,,,1.84257069527778,3.594
,,,,1.8428488325,3.594
,,,,1.84312641972222,3.594
,,,,1.84340462944444,3.594
,,,,1.84368227083333,3.594
,,,,1.84396008777778,3.594
,,,,1.84423804555556,3.594
,,,,1.84451558944444,3.594
,,,,1.84479380027778,3.594
,,,,1.84507193472222,3.594
,,,,1.84534966111111,3.594
,,,,1.84562751861111,3.594
,,,,1.84590545583333,3.594
,,,,1.84618323666667,3.594
,,,,1.84646102305556,3.594
,,,,1.84673888944444,3.594
,,,,1.84701643444444,3.594
,,,,1.84729457055556,3.584
,,,,1.84757222,3.594
,,,,1.84784993972222,3.594
,,,,1.84812766583333,3.594
,,,,1.84840533055556,3.594
,,,,1.84868346666667,3.594
,,,,1.84896155666667,3.594
,,,,1.8492393025,3.594
,,,,1.84951691388889,3.594
,,,,1.84979489194444,3.584
,,,,1.85007263138889,3.594
,,,,1.85035069333333,3.594
,,,,1.85062869527778,3.594
,,,,1.85090656277778,3.594
,,,,1.85118500805556,3.594
,,,,1.85146274555556,3.594
,,,,1.85174088111111,3.594
,,,,1.85201865361111,3.594
,,,,1.85229627972222,3.594
,,,,1.85257425944444,3.594
,,,,1.85285215,3.594
,,,,1.85312993777778,3.594
,,,,1.85340792638889,3.594
,,,,1.85368567305556,3.594
,,,,1.8539633525,3.594
,,,,1.85424123222222,3.594
,,,,1.8545194175,3.594
,,,,1.85479713861111,3.594
,,,,1.85507519833333,3.594
,,,,1.85535288666667,3.594
,,,,1.85563103194444,3.594
,,,,1.85590879833333,3.594
,,,,1.85618652694444,3.594
,,,,1.85646450055556,3.594
,,,,1.85674224055556,3.594
,,,,1.85702015583333,3.594
,,,,1.85729798694444,3.594
,,,,1.85757593444444,3.594
,,,,1.85785343055556,3.594
,,,,1.85813132138889,3.594
,,,,1.85840917166667,3.594
,,,,1.85868714361111,3.594
,,,,1.85896487916667,3.594
,,,,1.85924246777778,3.594
,,,,1.85952071111111,3.594
,,,,1.85979829416667,3.594
,,,,1.86007614916667,3.594
,,,,1.86035382694444,3.594
,,,,1.86063201083333,3.594
,,,,1.86090992388889,3.594
,,,,1.86118757388889,3.594
,,,,1.86146587305556,3.594
,,,,1.86174360861111,3.594
,,,,1.86202154916667,3.594
,,,,1.86229921944444,3.594
,,,,1.86257754305556,3.594
,,,,1.86285545972222,3.594
,,,,1.86313347694444,3.594
,,,,1.86341088166667,3.594
,,,,1.86368909361111,3.594
,,,,1.86396714166667,3.594
,,,,1.86424481111111,3.594
,,,,1.86452279833333,3.594
,,,,1.86480072277778,3.594
,,,,1.86507848361111,3.594
,,,,1.86535656944444,3.594
,,,,1.86563458083333,3.594
,,,,1.86591190611111,3.594
,,,,1.86619008583333,3.594
,,,,1.8664681375,3.594
,,,,1.86674583416667,3.594
,,,,1.86702380194444,3.594
,,,,1.86730146861111,3.594
,,,,1.86757905027778,3.594
,,,,1.86785697861111,3.594
,,,,1.86813458083333,3.594
,,,,1.86841243638889,3.594
,,,,1.86869024722222,3.594
,,,,1.86896821083333,3.594
,,,,1.86924602805556,3.594
,,,,1.869523975,3.594
,,,,1.86980188194444,3.594
,,,,1.870079695,3.594
,,,,1.87035777666667,3.594
,,,,1.87063575222222,3.594
,,,,1.87091348638889,3.594
,,,,1.87119123055556,3.594
,,,,1.8714693625,3.594
,,,,1.87174704638889,3.594
,,,,1.87202478333333,3.594
,,,,1.87230298666667,3.594
,,,,1.87258035361111,3.594
,,,,1.87285801555556,3.594
,,,,1.873135805,3.594
,,,,1.87341423944444,3.594
,,,,1.8736919925,3.594
,,,,1.87396997916667,3.594
,,,,1.87424778416667,3.594
,,,,1.87452566666667,3.594
,,,,1.87480354722222,3.594
,,,,1.8750812325,3.594
,,,,1.87535945111111,3.594
,,,,1.87563734861111,3.594
,,,,1.87591533666667,3.594
,,,,1.87619286722222,3.594
,,,,1.87647131694444,3.594
,,,,1.87674891166667,3.594
,,,,1.87702708333333,3.594
,,,,1.87730474611111,3.594
,,,,1.87758253055556,3.594
,,,,1.87786068694444,3.594
,,,,1.87813823833333,3.594
,,,,1.87841622277778,3.594
,,,,1.87869403166667,3.594
,,,,1.87897168,3.594
,,,,1.87924961388889,3.594
,,,,1.8795277025,3.594
,,,,1.87980527611111,3.594
,,,,1.88008342555556,3.594
,,,,1.88036151944444,3.594
,,,,1.88063925611111,3.594
,,,,1.88091730611111,3.594
,,,,1.88119537583333,3.594
,,,,1.88147306888889,3.594
,,,,1.88175105277778,3.594
,,,,1.882028785,3.594
,,,,1.88230660333333,3.594
,,,,1.88258472861111,3.594
,,,,1.88286282166667,3.594
,,,,1.88314047194444,3.594
,,,,1.8834183375,3.594
,,,,1.88369597138889,3.594
,,,,1.88397381666667,3.594
,,,,1.88425184138889,3.594
,,,,1.88452922555556,3.594
,,,,1.88480762805556,3.594
,,,,1.88508530361111,3.594
,,,,1.88536345805556,3.594
,,,,1.88564108333333,3.594
,,,,1.88591894944444,3.594
,,,,1.88619672055556,3.594
,,,,1.88647452055556,3.594
,,,,1.88675193611111,3.594
,,,,1.88702969416667,3.594
,,,,1.88730761361111,3.594
,,,,1.88758576416667,3.594
,,,,1.88786343277778,3.594
,,,,1.88814149944444,3.594
,,,,1.88841919805556,3.594
,,,,1.88869754305556,3.594
,,,,1.88897514527778,3.594
,,,,1.88925325583333,3.594
,,,,1.88953123861111,3.594
,,,,1.88980897722222,3.594
,,,,1.89008732861111,3.594
,,,,1.89036485,3.594
,,,,1.89064269305556,3.594
,,,,1.89092075194444,3.584
,,,,1.89119870055556,3.594
,,,,1.89147657805556,3.594
,,,,1.89175429111111,3.594
,,,,1.89203210833333,3.594
,,,,1.89231011055556,3.594
,,,,1.89258769083333,3.594
,,,,1.89286580638889,3.594
,,,,1.893143995,3.594
,,,,1.89342138083333,3.594
,,,,1.89369943944444,3.594
,,,,1.89397709361111,3.594
,,,,1.8942549025,3.594
,,,,1.89453248277778,3.594
,,,,1.89481068333333,3.594
,,,,1.89508876083333,3.594
,,,,1.89536639944444,3.594
,,,,1.89564447,3.594
,,,,1.89592231388889,3.594
,,,,1.89620003583333,3.594
,,,,1.89647782055556,3.594
,,,,1.89675555527778,3.594
,,,,1.89703332222222,3.594
,,,,1.89731147611111,3.594
,,,,1.89758921583333,3.594
,,,,1.89786699638889,3.594
,,,,1.898145215,3.594
,,,,1.89842325583333,3.594
,,,,1.89870084055556,3.594
,,,,1.89897878361111,3.594
,,,,1.89925629583333,3.594
,,,,1.89953435722222,3.594
,,,,1.89981224,3.594
,,,,1.9000901975,3.594
,,,,1.90036767805556,3.594
,,,,1.90064524194444,3.594
,,,,1.90092333083333,3.594
,,,,1.90120172861111,3.594
,,,,1.90147917305556,3.594
,,,,1.90175730833333,3.594
,,,,1.90203501277778,3.594
,,,,1.90231278,3.594
,,,,1.90259055138889,3.594
,,,,1.90286868416667,3.594
,,,,1.90314684555556,3.594
,,,,1.90342507777778,3.594
,,,,1.903702825,3.594
,,,,1.90398038416667,3.594
,,,,1.90425837833333,3.594
,,,,1.90453617138889,3.594
,,,,1.90481415361111,3.594
,,,,1.90509186277778,3.594
,,,,1.90536994555556,3.594
,,,,1.90564756527778,3.594
,,,,1.90592553388889,3.594
,,,,1.90620316333333,3.594
,,,,1.90648131194444,3.594
,,,,1.90675916444444,3.594
,,,,1.90703712194444,3.594
,,,,1.90731444944444,3.594
,,,,1.90759266944444,3.594
,,,,1.90787034694444,3.594
,,,,1.90814805611111,3.594
,,,,1.90842630722222,3.594
,,,,1.90870393472222,3.594
,,,,1.90898202805556,3.594
,,,,1.90925986777778,3.594
,,,,1.90953755333333,3.594
,,,,1.90981543222222,3.594
,,,,1.91009346777778,3.594
,,,,1.9103708775,3.594
,,,,1.91064894,3.594
,,,,1.91092695888889,3.594
,,,,1.91120484361111,3.594
,,,,1.91148223916667,3.594
,,,,1.9117605475,3.594
,,,,1.91203873083333,3.594
,,,,1.91231658194444,3.594
,,,,1.91259426583333,3.594
,,,,1.91287164194444,3.594
,,,,1.91314976833333,3.594
,,,,1.91342773166667,3.594
,,,,1.91370533277778,3.594
,,,,1.91398304166667,3.594
,,,,1.91426120555556,3.594
,,,,1.91453886944444,3.594
,,,,1.91481669944444,3.594
,,,,1.91509447055556,3.594
,,,,1.91537258055556,3.594
,,,,1.91565001833333,3.594
,,,,1.91592790055556,3.594
,,,,1.91620576944444,3.594
,,,,1.91648373166667,3.594
,,,,1.91676114333333,3.594
,,,,1.91703929805556,3.594
,,,,1.91731714722222,3.594
,,,,1.91759512916667,3.594
,,,,1.91787273333333,3.594
,,,,1.91815037777778,3.594
,,,,1.91842845,3.594
,,,,1.91870604166667,3.594
,,,,1.91898389694444,3.594
,,,,1.91926199944444,3.594
,,,,1.9195398975,3.594
,,,,1.9198176475,3.594
,,,,1.92009517166667,3.594
,,,,1.92037343277778,3.594
,,,,1.920650925,3.594
,,,,1.92092881472222,3.594
,,,,1.92120649916667,3.594
,,,,1.92148421,3.594
,,,,1.92176228,3.594
,,,,1.92204003527778,3.594
,,,,1.92231796694444,3.594
,,,,1.92259560972222,3.594
,,,,1.92287344611111,3.594
,,,,1.92315151138889,3.594
,,,,1.9234296775,3.594
,,,,1.92370795805556,3.594
,,,,1.92398592888889,3.594
,,,,1.92426365472222,3.594
,,,,1.92454165611111,3.594
,,,,1.92481940333333,3.594
,,,,1.92509773055556,3.594
,,,,1.92537562944444,3.594
,,,,1.9256533375,3.594
,,,,1.92593125722222,3.594
,,,,1.92620938361111,3.594
,,,,1.92648749416667,3.594
,,,,1.92676539222222,3.594
,,,,1.92704321583333,3.594
,,,,1.92732132972222,3.594
,,,,1.92759928361111,3.594
,,,,1.92787693305556,3.594
,,,,1.92815490944444,3.594
,,,,1.92843249583333,3.594
,,,,1.92871074833333,3.594
,,,,1.92898837,3.594
,,,,1.92926656638889,3.594
,,,,1.92954430222222,3.594
,,,,1.92982196361111,3.594
,,,,1.93010008361111,3.594
,,,,1.93037815138889,3.594
,,,,1.93065623694444,3.594
,,,,1.93093403111111,3.594
,,,,1.93121210444444,3.584
,,,,1.93148969027778,3.594
,,,,1.93176767666667,3.594
,,,,1.93204554833333,3.594
,,,,1.93232370583333,3.594
,,,,1.93260138694444,3.594
,,,,1.93287924416667,3.594
,,,,1.93315714555556,3.594
,,,,1.93343503555556,3.594
,,,,1.93371297888889,3.594
,,,,1.93399055055556,3.594
,,,,1.93426866944444,3.594
,,,,1.93454686638889,3.594
,,,,1.93482414305556,3.594
,,,,1.93510254388889,3.584
,,,,1.93538003944444,3.594
,,,,1.93565842166667,3.594
,,,,1.93593614472222,3.594
,,,,1.93621368472222,3.594
,,,,1.93649178472222,3.594
,,,,1.93676953305556,3.594
,,,,1.93704766416667,3.594
,,,,1.93732571416667,3.594
,,,,1.93760343805556,3.594
,,,,1.93788112777778,3.594
,,,,1.93815936722222,3.594
,,,,1.93843749416667,3.594
,,,,1.93871517444444,3.594
,,,,1.93899278805556,3.584
,,,,1.93927080611111,3.594
,,,,1.93954868694444,3.594
,,,,1.93982647416667,3.594
,,,,1.94010489166667,3.594
,,,,1.94038282083333,3.594
,,,,1.94066124722222,3.594
,,,,1.94093887694444,3.594
,,,,1.94121670527778,3.594
,,,,1.94149457833333,3.594
,,,,1.94177255888889,3.594
,,,,1.94205046472222,3.594
,,,,1.94232817888889,3.594
,,,,1.942606205,3.594
,,,,1.94288374277778,3.594
,,,,1.94316185888889,3.594
,,,,1.94343930111111,3.594
,,,,1.94371707,3.594
,,,,1.94399470083333,3.594
,,,,1.94427279305556,3.594
,,,,1.94455056166667,3.594
,,,,1.94482877055556,3.594
,,,,1.94510642777778,3.594
,,,,1.94538488472222,3.594
,,,,1.94566298638889,3.594
,,,,1.94594076944444,3.594
,,,,1.94621830833333,3.594
,,,,1.9464965175,3.594
,,,,1.94677434888889,3.594
,,,,1.94705209861111,3.594
,,,,1.94732975611111,3.594
,,,,1.94760782833333,3.594
,,,,1.94788566611111,3.594
,,,,1.94816340777778,3.594
,,,,1.94844155888889,3.594
,,,,1.948719045,3.594
,,,,1.94899669027778,3.594
,,,,1.94927495805556,3.594
,,,,1.94955275055556,3.594
,,,,1.94983087194444,3.594
,,,,1.95010861527778,3.594
,,,,1.95038607555556,3.594
,,,,1.95066437444444,3.594
,,,,1.95094206583333,3.594
,,,,1.95121978944444,3.594
,,,,1.95149787888889,3.594
,,,,1.95177598611111,3.594
,,,,1.95205359,3.594
,,,,1.95233175944444,3.594
,,,,1.95260992222222,3.594
,,,,1.95288759944444,3.594
,,,,1.95316529666667,3.594
,,,,1.95344326472222,3.594
,,,,1.95372099666667,3.594
,,,,1.9539986625,3.594
,,,,1.95427656611111,3.594
,,,,1.95455450055556,3.594
,,,,1.95483242944444,3.594
,,,,1.95510990388889,3.594
,,,,1.95538785861111,3.594
,,,,1.95566553944444,3.594
,,,,1.9559436625,3.594
,,,,1.95622132527778,3.594
,,,,1.95649909805556,3.594
,,,,1.95677698361111,3.594
,,,,1.9570548175,3.594
,,,,1.95733279138889,3.594
,,,,1.95761048527778,3.594
,,,,1.95788856472222,3.594
,,,,1.95816610277778,3.594
,,,,1.95844430166667,3.594
,,,,1.95872241111111,3.594
,,,,1.95900007083333,3.594
,,,,1.959277945,3.594
,,,,1.9595556025,3.594
,,,,1.95983368722222,3.594
,,,,1.96011112305556,3.594
,,,,1.96038893222222,3.594
,,,,1.96066674333333,3.594
,,,,1.96094504,3.594
,,,,1.96122254555556,3.594
,,,,1.96150069166667,3.594
,,,,1.96177825833333,3.594
,,,,1.96205587638889,3.594
,,,,1.96233431777778,3.594
,,,,1.962611965,3.594
,,,,1.96288972305556,3.594
,,,,1.96316758388889,3.594
,,,,1.96344520833333,3.594
,,,,1.9637232825,3.594
,,,,1.96400103138889,3.594
,,,,1.96427902916667,3.594
,,,,1.96455685916667,3.594
,,,,1.96483443194444,3.594
,,,,1.96511228777778,3.594
,,,,1.96539027833333,3.594
,,,,1.96566820166667,3.594
,,,,1.96594600722222,3.594
,,,,1.96622357583333,3.594
,,,,1.96650187916667,3.594
,,,,1.96677947972222,3.594
,,,,1.96705723583333,3.594
,,,,1.967335385,3.594
,,,,1.96761354527778,3.594
,,,,1.96789108638889,3.594
,,,,1.96816930666667,3.594
,,,,1.96844764583333,3.594
,,,,1.96872564361111,3.594
,,,,1.9690031625,3.594
,,,,1.96928113694444,3.594
,,,,1.96955899833333,3.584
,,,,1.96983694222222,3.594
,,,,1.97011513916667,3.594
,,,,1.97039262388889,3.594
,,,,1.97067046611111,3.594
,,,,1.97094852027778,3.594
,,,,1.97122658416667,3.594
,,,,1.97150446027778,3.594
,,,,1.97178229888889,3.594
,,,,1.97206005416667,3.594
,,,,1.97233809666667,3.594
,,,,1.97261598305556,3.594
,,,,1.97289368333333,3.594
,,,,1.97317123083333,3.594
,,,,1.97344896083333,3.594
,,,,1.9737270525,3.594
,,,,1.97400470972222,3.594
,,,,1.97428281888889,3.594
,,,,1.97456096138889,3.594
,,,,1.97483874388889,3.594
,,,,1.97511656833333,3.594
,,,,1.97539418333333,3.594
,,,,1.97567232194444,3.594
,,,,1.97595038111111,3.594
,,,,1.97622791277778,3.594
,,,,1.97650597722222,3.594
,,,,1.97678383138889,3.594
,,,,1.9770613975,3.594
,,,,1.97733955583333,3.594
,,,,1.97761753444444,3.594
,,,,1.97789500194444,3.594
,,,,1.97817327805556,3.594
,,,,1.97845114277778,3.594
,,,,1.97872906388889,3.594
,,,,1.97900703055556,3.594
,,,,1.97928488833333,3.594
,,,,1.97956329777778,3.594
,,,,1.97984102527778,3.594
,,,,1.98011907611111,3.594
,,,,1.98039699138889,3.594
,,,,1.98067485527778,3.594
,,,,1.98095292138889,3.594
,,,,1.98123074166667,3.594
,,,,1.98150840722222,3.594
,,,,1.98178656722222,3.594
,,,,1.98206421166667,3.594
,,,,1.98234194555556,3.594
,,,,1.98262000083333,3.594
,,,,1.98289818194444,3.594
,,,,1.98317586111111,3.594
,,,,1.9834536775,3.594
,,,,1.983731155,3.594
,,,,1.98400921361111,3.594
,,,,1.98428743666667,3.594
,,,,1.98456555194444,3.594
,,,,1.98484303611111,3.594
,,,,1.98512103555556,3.594
,,,,1.98539899805556,3.594
,,,,1.98567684888889,3.594
,,,,1.98595464638889,3.594
,,,,1.98623260777778,3.594
,,,,1.98651067861111,3.594
,,,,1.98678845444444,3.584
,,,,1.98706670472222,3.594
,,,,1.98734480972222,3.594
,,,,1.98762266694444,3.594
,,,,1.98790041055556,3.594
,,,,1.98817805416667,3.594
,,,,1.98845623444444,3.594
,,,,1.98873390694444,3.594
,,,,1.98901195972222,3.594
,,,,1.98929002861111,3.594
,,,,1.98956825611111,3.594
,,,,1.98984591472222,3.594
,,,,1.99012401111111,3.594
,,,,1.9904014,3.594
,,,,1.99067945361111,3.594
,,,,1.99095718888889,3.594
,,,,1.99123502333333,3.594
,,,,1.99151307111111,3.594
,,,,1.99179113138889,3.594
,,,,1.99206908972222,3.594
,,,,1.99234670638889,3.594
,,,,1.99262483416667,3.594
,,,,1.99290269444444,3.594
,,,,1.99318020694444,3.594
,,,,1.99345779972222,3.594
,,,,1.99373567916667,3.594
,,,,1.99401381138889,3.594
,,,,1.994291425,3.594
,,,,1.99456927444444,3.594
,,,,1.99484732083333,3.594
,,,,1.99512512388889,3.594
,,,,1.99540287277778,3.594
,,,,1.99568053194444,3.594
,,,,1.99595859305556,3.594
,,,,1.99623671083333,3.594
,,,,1.99651492638889,3.594
,,,,1.99679266305556,3.594
,,,,1.99707038611111,3.594
,,,,1.99734840277778,3.594
,,,,1.99762595805556,3.594
,,,,1.99790410583333,3.594
,,,,1.99818138083333,3.594
,,,,1.99845937666667,3.594
,,,,1.99873693138889,3.594
,,,,1.99901491666667,3.594
,,,,1.99929271444444,3.594
,,,,1.99957059277778,3.594
,,,,1.99984844583333,3.594
,,,,2.00012627666667,3.594
,,,,2.00040390277778,3.594
,,,,2.000682045,3.594
,,,,2.00095975,3.594
,,,,2.00123767416667,3.594
,,,,2.00151523916667,3.594
,,,,2.0017932725,3.594
,,,,2.00207120444444,3.594
,,,,2.00234895833333,3.594
,,,,2.00262660333333,3.594
,,,,2.00290452555556,3.594
,,,,2.00318223277778,3.594
,,,,2.00346041555556,3.594
,,,,2.00373850194444,3.594
,,,,2.00401619138889,3.594
,,,,2.00429409305556,3.594
,,,,2.00457185444444,3.594
,,,,2.0048494675,3.594
,,,,2.00512770944444,3.594
,,,,2.00540527944444,3.594
,,,,2.00568352194444,3.594
,,,,2.00596143083333,3.594
,,,,2.00623905916667,3.594
,,,,2.006516825,3.594
,,,,2.00679479444444,3.594
,,,,2.00707242944444,3.594
,,,,2.00735032416667,3.594
,,,,2.00762839305556,3.594
,,,,2.00790609277778,3.594
,,,,2.00818388194444,3.594
,,,,2.00846203055556,3.594
,,,,2.00873959722222,3.594
,,,,2.00901734055556,3.594
,,,,2.00929536166667,3.594
,,,,2.00957326305556,3.594
,,,,2.00985144055556,3.594
,,,,2.01012936138889,3.594
,,,,2.0104069825,3.594
,,,,2.01068474805556,3.594
,,,,2.01096281194444,3.594
,,,,2.01124092277778,3.594
,,,,2.01151910777778,3.594
,,,,2.01179675611111,3.594
,,,,2.01207442722222,3.594
,,,,2.01235252472222,3.594
,,,,2.01263067027778,3.594
,,,,2.01290866944444,3.594
,,,,2.01318683388889,3.594
,,,,2.01346449388889,3.594
,,,,2.01374221138889,3.594
,,,,2.01402015805556,3.594
,,,,2.01429776027778,3.594
,,,,2.01457570638889,3.594
,,,,2.01485301472222,3.594
,,,,2.01513086805556,3.594
,,,,2.01540891777778,3.594
,,,,2.01568700527778,3.594
,,,,2.01596476777778,3.594
,,,,2.0162426825,3.594
,,,,2.01652010777778,3.594
,,,,2.01679814,3.594
,,,,2.01707594138889,3.594
,,,,2.01735361055556,3.594
,,,,2.01763155111111,3.594
,,,,2.01790912166667,3.594
,,,,2.01818716944444,3.594
,,,,2.01846452027778,3.594
,,,,2.01874257472222,3.594
,,,,2.01902025611111,3.594
,,,,2.01929833,3.594
,,,,2.01957645527778,3.594
,,,,2.01985433222222,3.594
,,,,2.02013204611111,3.594
,,,,2.02040978694444,3.594
,,,,2.02068754722222,3.594
,,,,2.02096573583333,3.594
,,,,2.02124386805556,3.594
,,,,2.02152178,3.594
,,,,2.02179985527778,3.594
,,,,2.02207768083333,3.594
,,,,2.022355365,3.594
,,,,2.02263323722222,3.594
,,,,2.02291086583333,3.594
,,,,2.02318869555556,3.594
,,,,2.02346665722222,3.594
,,,,2.02374461083333,3.594
,,,,2.02402215694444,3.594
,,,,2.02429974638889,3.594
,,,,2.02457791805556,3.594
,,,,2.02485572527778,3.594
,,,,2.02513306472222,3.594
,,,,2.02541109277778,3.594
,,,,2.0256886725,3.594
,,,,2.02596634611111,3.594
,,,,2.02624429361111,3.594
,,,,2.02652214722222,3.594
,,,,2.02679974666667,3.594
,,,,2.02707791583333,3.594
,,,,2.02735604083333,3.594
,,,,2.02763361555556,3.594
,,,,2.02791183111111,3.594
,,,,2.02818972388889,3.594
,,,,2.02846736388889,3.594
,,,,2.02874550861111,3.594
,,,,2.02902358611111,3.594
,,,,2.02930103555556,3.594
,,,,2.0295789025,3.594
,,,,2.0298566175,3.594
,,,,2.03013445166667,3.594
,,,,2.03041292277778,3.594
,,,,2.03069033694444,3.594
,,,,2.03096880861111,3.594
,,,,2.03124652611111,3.594
,,,,2.031524625,3.594
,,,,2.03180241166667,3.594
,,,,2.03208017722222,3.594
,,,,2.03235825361111,3.594
,,,,2.03263622277778,3.594
,,,,2.03291402277778,3.594
,,,,2.03319210638889,3.594
,,,,2.03346988277778,3.594
,,,,2.03374751916667,3.594
,,,,2.03402574416667,3.594
,,,,2.03430344611111,3.594
,,,,2.03458110166667,3.594
,,,,2.03485921305556,3.594
,,,,2.03513713305556,3.594
,,,,2.03541495416667,3.594
,,,,2.03569293694444,3.594
,,,,2.03597051527778,3.594
,,,,2.03624863277778,3.594
,,,,2.03652623944444,3.594
,,,,2.03680419083333,3.594
,,,,2.03708243027778,3.594
,,,,2.03736021638889,3.594
,,,,2.03763817611111,3.594
,,,,2.03791595333333,3.594
,,,,2.03819394444444,3.594
,,,,2.03847217166667,3.594
,,,,2.03875030361111,3.594
,,,,2.03902779027778,3.594
,,,,2.03930601916667,3.594
,,,,2.03958382777778,3.594
,,,,2.03986149805556,3.594
,,,,2.04013919083333,3.594
,,,,2.04041740361111,3.594
,,,,2.04069502138889,3.594
,,,,2.04097256361111,3.594
,,,,2.04125072805556,3.594
,,,,2.04152837361111,3.594
,,,,2.04180627833333,3.594
,,,,2.042084025,3.594
,,,,2.04236172555556,3.594
,,,,2.04263958472222,3.594
,,,,2.04291728111111,3.594
,,,,2.04319536638889,3.594
,,,,2.043472745,3.594
,,,,2.04375078694444,3.594
,,,,2.04402903472222,3.594
,,,,2.04430644944444,3.594
,,,,2.04458460055556,3.594
,,,,2.04486260083333,3.594
,,,,2.04514057972222,3.594
,,,,2.04541806555556,3.594
,,,,2.04569621277778,3.594
,,,,2.04597412416667,3.594
,,,,2.04625222055556,3.594
,,,,2.04653002638889,3.594
,,,,2.04680808527778,3.594
,,,,2.04708568916667,3.594
