Timestamp_1 [h],BATT_004_CC1 [V],Timestamp_2 [h],BATT_004_CC2 [V],Timestamp_3 [h],BATT_004_CC3 [V]
0,2.799,0,2.381,0,2.381
0.000276304166666667,2.789,0.000237730277777778,2.453,0.000214621666666667,2.453
0.000554364722222222,2.799,0.000515654166666667,2.514,0.000492365,2.514
0.000832388611111111,2.789,0.000793367222222222,2.565,0.000770338055555555,2.555
0.00110994666666667,2.789,0.00107147833333333,2.595,0.00104776944444444,2.585
0.00138801305555556,2.799,0.00134944833333333,2.616,0.00132597166666667,2.616
0.00166618527777778,2.86,0.00162712888888889,2.646,0.00160348861111111,2.636
0.00194400027777778,2.87,0.00190509583333333,2.667,0.00188139944444444,2.667
0.00222164333333333,2.891,0.00218320805555556,2.687,0.00215934444444444,2.687
0.00249939527777778,2.891,0.00246105611111111,2.707,0.00243752277777778,2.697
0.00277706388888889,2.901,0.00273954833333333,2.728,0.00271521305555556,2.718
0.00305492777777778,2.911,0.00301752444444444,2.738,0.00299294333333333,2.728
0.00333244166666667,2.911,0.00329580666666667,2.748,0.00327094388888889,2.748
0.00361028694444444,2.921,0.00357316916666667,2.769,0.00354873027777778,2.758
0.00388800694444444,2.921,0.00385119333333333,2.769,0.00382635583333333,2.769
0.00416631305555556,2.932,0.00412951416666667,2.789,0.00410390444444444,2.789
0.00444454333333333,2.932,0.00440683777777778,2.799,0.00438192444444444,2.799
0.00472271194444444,2.942,0.00468511,2.809,0.00465953611111111,2.809
0.00500022222222222,2.952,0.00496313166666667,2.82,0.00493727944444444,2.809
0.00527833805555556,2.952,0.0052410025,2.83,0.00521501888888889,2.82
0.00555645472222222,2.962,0.00551911777777778,2.84,0.00549296972222222,2.83
0.00583423722222222,2.962,0.00579697916666667,2.84,0.00577073722222222,2.84
0.00611196444444444,2.972,0.00607444666666667,2.85,0.00604848694444445,2.85
0.00638976111111111,2.972,0.00635249861111111,2.86,0.0063265325,2.86
0.00666757388888889,2.972,0.00663024916666667,2.87,0.00660425888888889,2.86
0.00694509638888889,2.983,0.0069076575,2.881,0.00688240444444444,2.87
0.00722307888888889,2.983,0.00718569638888889,2.881,0.00716011388888889,2.881
0.00750121722222222,2.993,0.00746363611111111,2.891,0.00743805361111111,2.881
0.00777869944444444,2.993,0.00774143555555556,2.891,0.00771570972222222,2.891
0.00805659583333333,3.003,0.00801944,2.901,0.00799400277777778,2.891
0.008334695,3.003,0.00829722444444444,2.911,0.00827182055555556,2.901
0.00861276083333333,3.003,0.0085749125,2.911,0.00855023194444444,2.911
0.00889061888888889,3.013,0.00885305472222222,2.911,0.00882855555555556,2.911
0.00916847027777778,3.013,0.00913080777777778,2.921,0.00910624583333333,2.921
0.00944620638888889,3.013,0.00940862944444444,2.932,0.0093840425,2.921
0.00972380833333333,3.023,0.00968672555555555,2.932,0.00966141916666667,2.932
0.0100014486111111,3.023,0.00996486888888889,2.932,0.00993916944444444,2.932
0.0102791102777778,3.033,0.0102423261111111,2.942,0.0102172552777778,2.942
0.0105571108333333,3.033,0.0105205983333333,2.952,0.0104954163888889,2.942
0.0108348052777778,3.033,0.0107984766666667,2.952,0.0107731644444444,2.942
0.0111126030555556,3.044,0.0110764113888889,2.952,0.011051275,2.952
0.0113907061111111,3.044,0.0113540294444444,2.962,0.0113294219444444,2.962
0.0116686897222222,3.044,0.0116319158333333,2.962,0.0116070866666667,2.962
0.0119467655555556,3.054,0.0119102630555556,2.972,0.0118851794444444,2.962
0.0122245272222222,3.054,0.0121879080555556,2.972,0.0121627986111111,2.972
0.0125022588888889,3.054,0.0124658127777778,2.972,0.0124406836111111,2.972
0.0127800833333333,3.054,0.0127434630555556,2.983,0.0127185377777778,2.983
0.0130576980555556,3.064,0.0130210422222222,2.983,0.0129961269444444,2.983
0.0133356691666667,3.064,0.0132993502777778,2.993,0.0132742725,2.993
0.0136135291666667,3.064,0.0135771175,2.993,0.0135524177777778,2.993
0.0138917516666667,3.074,0.0138549569444444,3.003,0.0138300094444444,2.993
0.0141695413888889,3.074,0.0141324252777778,3.003,0.0141078844444444,3.003
0.0144471588888889,3.074,0.0144106216666667,3.003,0.0143857558333333,3.003
0.0147249147222222,3.084,0.0146885755555556,3.013,0.014663345,3.013
0.0150025461111111,3.084,0.0149663897222222,3.013,0.0149414902777778,3.013
0.0152806338888889,3.084,0.0152445705555556,3.013,0.0152196286111111,3.013
0.0155580205555556,3.084,0.0155227755555556,3.013,0.0154972202777778,3.013
0.0158357958333333,3.084,0.0158008497222222,3.023,0.0157753655555556,3.013
0.0161140775,3.095,0.0160786919444444,3.023,0.0160532413888889,3.023
0.0163915983333333,3.095,0.0163563980555556,3.033,0.0163308252777778,3.023
0.0166694686111111,3.095,0.0166340822222222,3.033,0.0166089705555556,3.033
0.0169474175,3.095,0.0169121538888889,3.033,0.0168871163888889,3.033
0.0172254188888889,3.095,0.0171899313888889,3.044,0.0171647077777778,3.044
0.0175031766666667,3.105,0.0174675566666667,3.044,0.0174425844444444,3.033
0.0177811930555556,3.105,0.0177454891666667,3.044,0.0177204536111111,3.044
0.0180589766666667,3.105,0.0180234516666667,3.054,0.0179985897222222,3.044
0.0183365994444444,3.105,0.0183014447222222,3.054,0.0182761813888889,3.054
0.0186144477777778,3.115,0.0185792138888889,3.054,0.0185543272222222,3.054
0.0188925275,3.115,0.0188570775,3.054,0.0188324797222222,3.054
0.0191702916666667,3.115,0.019135055,3.054,0.0191100636111111,3.054
0.0194482280555556,3.115,0.0194126775,3.064,0.0193882091666667,3.064
0.0197261430555556,3.125,0.0196903022222222,3.064,0.0196659030555556,3.064
0.0200041430555556,3.125,0.0199681208333333,3.074,0.0199440055555556,3.064
0.0202820152777778,3.125,0.0202460533333333,3.074,0.0202221513888889,3.074
0.0205599041666667,3.125,0.020524215,3.074,0.0204998825,3.074
0.0208377702777778,3.125,0.0208018077777778,3.074,0.0207780283333333,3.074
0.0211156838888889,3.135,0.0210797888888889,3.074,0.0210556197222222,3.074
0.0213933141666667,3.135,0.0213581269444444,3.084,0.021333765,3.074
0.0216713883333333,3.135,0.0216359575,3.084,0.0216119105555556,3.074
0.021949125,3.135,0.0219137,3.084,0.0218895019444444,3.084
0.0222268086111111,3.135,0.0221916461111111,3.084,0.0221676708333333,3.084
0.0225050855555556,3.135,0.0224697125,3.095,0.0224454463888889,3.084
0.0227829155555556,3.146,0.0227476211111111,3.095,0.0227230613888889,3.095
0.0230602211111111,3.146,0.0230250983333333,3.095,0.0230013547222222,3.095
0.0233384238888889,3.146,0.0233031302777778,3.095,0.0232789694444444,3.095
0.0236160436111111,3.146,0.0235807433333333,3.095,0.0235571080555556,3.095
0.0238940433333333,3.156,0.0238584472222222,3.105,0.0238348627777778,3.095
0.0241713713888889,3.156,0.0241364591666667,3.105,0.0241130083333333,3.095
0.0244493630555556,3.156,0.0244142111111111,3.105,0.0243905994444444,3.105
0.0247272305555556,3.156,0.0246923008333333,3.105,0.0246683530555556,3.105
0.0250051680555556,3.156,0.0249700030555556,3.115,0.0249464908333333,3.105
0.0252827475,3.156,0.0252478844444444,3.115,0.0252246363888889,3.105
0.02556033,3.166,0.0255256338888889,3.115,0.0255022283333333,3.115
0.0258383113888889,3.166,0.0258032741666667,3.115,0.0257803736111111,3.115
0.0261163833333333,3.166,0.0260814638888889,3.125,0.0260585280555556,3.125
0.0263941972222222,3.166,0.0263594622222222,3.125,0.02633611,3.125
0.0266719902777778,3.166,0.0266372769444444,3.125,0.0266142697222222,3.125
0.0269498047222222,3.166,0.0269149647222222,3.125,0.0268924725,3.125
0.0272278725,3.166,0.0271926811111111,3.135,0.0271700638888889,3.125
0.0275060638888889,3.176,0.0274706183333333,3.135,0.0274482091666667,3.125
0.0277836025,3.176,0.0277486680555556,3.135,0.0277263638888889,3.125
0.0280614183333333,3.176,0.0280270063888889,3.135,0.0280039555555556,3.135
0.0283394988888889,3.176,0.0283045277777778,3.135,0.0282820925,3.135
0.0286173019444444,3.176,0.0285825775,3.135,0.0285602372222222,3.135
0.0288948822222222,3.176,0.0288605591666667,3.146,0.0288378288888889,3.135
0.0291729922222222,3.176,0.029137875,3.146,0.0291159744444444,3.135
0.0294505475,3.186,0.0294162941666667,3.146,0.0293941194444444,3.135
0.0297288691666667,3.186,0.0296938030555556,3.146,0.0296717108333333,3.146
0.0300064502777778,3.186,0.0299718202777778,3.156,0.0299498563888889,3.146
0.0302842066666667,3.186,0.0302496305555556,3.156,0.0302280025,3.146
0.0305621480555556,3.186,0.0305273933333333,3.156,0.0305055933333333,3.156
0.0308400994444444,3.186,0.0308056219444444,3.156,0.0307834744444444,3.146
0.0311178094444444,3.197,0.0310837216666667,3.156,0.0310615858333333,3.156
0.0313958755555556,3.197,0.0313615427777778,3.156,0.0313392455555556,3.156
0.0316737163888889,3.197,0.0316395586111111,3.166,0.0316172905555556,3.156
0.0319514952777778,3.197,0.0319176511111111,3.166,0.0318950408333333,3.156
0.0322294338888889,3.207,0.0321955113888889,3.166,0.0321731208333333,3.166
0.0325077361111111,3.197,0.0324735763888889,3.166,0.0324510869444444,3.166
0.032784995,3.207,0.0327512358333333,3.166,0.0327288561111111,3.166
0.033063005,3.207,0.0330292219444444,3.166,0.0330066991666667,3.166
0.0333410183333333,3.207,0.0333071022222222,3.166,0.0332849077777778,3.166
0.0336188016666667,3.217,0.0335848061111111,3.176,0.0335624988888889,3.166
0.0338966183333333,3.217,0.0338628425,3.176,0.0338406505555556,3.176
0.0341742380555556,3.217,0.0341411925,3.176,0.0341181902777778,3.176
0.0344524544444444,3.217,0.0344187683333333,3.176,0.03439599,3.176
0.0347303697222222,3.217,0.0346968005555556,3.176,0.0346737436111111,3.176
0.0350083219444444,3.217,0.0349747402777778,3.186,0.0349514113888889,3.176
0.0352861241666667,3.217,0.0352524775,3.176,0.0352296586111111,3.176
0.0355639483333333,3.217,0.0355303858333333,3.176,0.0355076886111111,3.176
0.0358417772222222,3.217,0.0358083116666667,3.186,0.0357857677777778,3.186
0.0361198080555556,3.217,0.0360864577777778,3.186,0.0360632866666667,3.176
0.0363975547222222,3.217,0.0363642416666667,3.186,0.0363413511111111,3.186
0.0366753636111111,3.217,0.0366418994444444,3.186,0.0366188813888889,3.186
0.0369532616666667,3.227,0.036919315,3.197,0.0368970386111111,3.186
0.037230955,3.227,0.0371974197222222,3.186,0.0371744966666667,3.186
0.0375091022222222,3.227,0.0374753377777778,3.197,0.0374527177777778,3.197
0.0377864091666667,3.227,0.0377531855555556,3.197,0.0377304747222222,3.197
0.0380645263888889,3.227,0.0380310741666667,3.197,0.0380080641666667,3.197
0.0383423177777778,3.237,0.0383087625,3.197,0.0382862686111111,3.197
0.0386201486111111,3.237,0.0385862586111111,3.197,0.0385644091666667,3.197
0.0388981191666667,3.237,0.0388644855555556,3.207,0.0388419977777778,3.197
0.0391763944444444,3.237,0.0391422897222222,3.207,0.0391200061111111,3.207
0.0394543983333333,3.237,0.0394202169444444,3.207,0.0393978783333333,3.207
0.0397325380555556,3.237,0.0396981822222222,3.207,0.0396756008333333,3.207
0.0400103066666667,3.237,0.0399759941666667,3.207,0.0399535355555556,3.207
0.0402880572222222,3.247,0.0402538888888889,3.217,0.0402313994444444,3.207
0.0405661297222222,3.247,0.0405316388888889,3.217,0.0405092858333333,3.217
0.0408440983333333,3.247,0.0408091186111111,3.217,0.0407874544444444,3.217
0.0411218458333333,3.247,0.0410871075,3.217,0.0410655119444444,3.217
0.0413998986111111,3.247,0.0413650213888889,3.217,0.041343215,3.217
0.0416775119444444,3.247,0.0416433622222222,3.217,0.0416209572222222,3.217
0.0419551861111111,3.247,0.0419211202777778,3.217,0.0418991172222222,3.217
0.0422329236111111,3.247,0.0421992091666667,3.217,0.0421765852777778,3.217
0.0425108913888889,3.247,0.0424770069444444,3.217,0.04245421,3.217
0.0427891716666667,3.258,0.0427545475,3.217,0.0427324105555556,3.217
0.043067085,3.258,0.04303235,3.227,0.0430103686111111,3.217
0.0433447625,3.258,0.0433101222222222,3.227,0.0432882205555556,3.217
0.0436226077777778,3.258,0.0435881991666667,3.227,0.0435661669444444,3.227
0.0439002197222222,3.258,0.0438659738888889,3.227,0.0438435986111111,3.227
0.0441782172222222,3.258,0.044143935,3.227,0.0441219436111111,3.227
0.0444558286111111,3.258,0.0444219516666667,3.227,0.04439921,3.227
0.0447335802777778,3.258,0.0446996122222222,3.227,0.0446771611111111,3.227
0.0450112733333333,3.258,0.0449774558333333,3.237,0.0449549002777778,3.227
0.045289175,3.258,0.0452550605555556,3.237,0.0452327013888889,3.227
0.0455669925,3.258,0.0455327741666667,3.237,0.0455105505555556,3.237
0.0458447027777778,3.258,0.04581076,3.237,0.0457881683333333,3.237
0.0461229677777778,3.268,0.0460886233333333,3.237,0.0460663716666667,3.237
0.0464007327777778,3.268,0.0463662183333333,3.237,0.0463440088888889,3.237
0.0466787136111111,3.268,0.046644445,3.237,0.0466218986111111,3.237
0.0469564730555556,3.268,0.0469225677777778,3.237,0.0468997472222222,3.237
0.0472340672222222,3.268,0.0472005055555556,3.247,0.0471777175,3.247
0.04751198,3.268,0.0474781777777778,3.247,0.0474553305555556,3.247
0.0477897611111111,3.268,0.0477560155555556,3.247,0.0477333805555556,3.247
0.0480675077777778,3.268,0.0480338186111111,3.247,0.0480108483333333,3.247
0.0483455063888889,3.268,0.0483114738888889,3.247,0.0482894272222222,3.247
0.0486234497222222,3.268,0.0485891883333333,3.247,0.0485669841666667,3.247
0.0489011577777778,3.268,0.0488671858333333,3.258,0.048844885,3.247
0.0491791786111111,3.278,0.0491449583333333,3.258,0.0491224866666667,3.247
0.04945703,3.278,0.0494228738888889,3.258,0.0494005330555555,3.247
0.0497347455555556,3.278,0.0497007855555556,3.258,0.0496783561111111,3.258
0.0500125305555556,3.278,0.0499787236111111,3.258,0.0499558777777778,3.247
0.0502899769444444,3.278,0.0502565811111111,3.258,0.0502340158333333,3.258
0.0505680352777778,3.278,0.0505340213888889,3.258,0.0505116580555556,3.258
0.0508461238888889,3.278,0.0508125433333333,3.258,0.0507898858333333,3.258
0.0511236413888889,3.278,0.0510900711111111,3.258,0.0510679847222222,3.258
0.0514013422222222,3.288,0.0513676808333333,3.258,0.0513460705555556,3.258
0.0516795394444445,3.288,0.0516456391666667,3.258,0.05162342,3.258
0.05195693,3.288,0.0519236969444444,3.268,0.0519015877777778,3.258
0.0522349130555556,3.288,0.0522017055555556,3.268,0.0521792513888889,3.258
0.0525124894444444,3.288,0.052479505,3.268,0.0524572433333333,3.258
0.0527907641666667,3.288,0.052757275,3.268,0.0527352330555556,3.268
0.0530687141666667,3.288,0.0530348061111111,3.268,0.0530128375,3.268
0.0533463308333333,3.288,0.0533128975,3.268,0.0532902711111111,3.268
0.0536247380555556,3.288,0.0535908713888889,3.268,0.0535682066666667,3.268
0.0539022322222222,3.288,0.0538685286111111,3.268,0.0538459213888889,3.268
0.0541804372222222,3.288,0.0541463855555556,3.268,0.054123645,3.268
0.0544582577777778,3.288,0.0544239911111111,3.268,0.0544021338888889,3.268
0.0547362091666667,3.288,0.0547015258333333,3.268,0.0546797738888889,3.268
0.0550139788888889,3.288,0.0549795763888889,3.268,0.0549577227777778,3.278
0.0552916572222222,3.288,0.0552575019444444,3.278,0.0552350769444444,3.268
0.0555695125,3.288,0.0555350969444444,3.278,0.0555127847222222,3.278
0.0558473241666667,3.288,0.0558131497222222,3.278,0.0557909722222222,3.278
0.0561252641666667,3.288,0.0560907633333333,3.278,0.0560687591666667,3.278
0.0564030863888889,3.288,0.0563684036111111,3.278,0.0563468872222222,3.278
0.0566813363888889,3.288,0.0566462627777778,3.288,0.0566249472222222,3.278
0.0569592544444444,3.288,0.0569243008333333,3.288,0.0569025322222222,3.278
0.0572370944444444,3.298,0.0572019613888889,3.278,0.0571802177777778,3.278
0.0575147977777778,3.298,0.0574798252777778,3.288,0.0574577772222222,3.278
0.0577925094444444,3.288,0.0577579558333333,3.288,0.0577356236111111,3.288
0.0580704119444444,3.298,0.0580357877777778,3.288,0.0580133480555556,3.278
0.0583481891666667,3.298,0.05831344,3.288,0.0582917680555556,3.288
0.0586260288888889,3.288,0.0585913986111111,3.288,0.0585696955555556,3.288
0.0589036005555556,3.298,0.0588688758333333,3.288,0.0588474288888889,3.278
0.0591814491666667,3.298,0.0591473383333333,3.288,0.0591247222222222,3.288
0.0594594208333333,3.298,0.0594252497222222,3.288,0.059402845,3.288
0.0597376716666667,3.298,0.0597033458333333,3.288,0.0596807080555556,3.288
0.0600154941666667,3.298,0.0599809155555556,3.288,0.0599583325,3.288
0.0602931583333333,3.298,0.0602586922222222,3.288,0.0602367938888889,3.288
0.060571135,3.298,0.0605364761111111,3.288,0.0605149047222222,3.288
0.0608490627777778,3.298,0.0608145136111111,3.288,0.0607923411111111,3.288
0.0611268222222222,3.298,0.0610923102777778,3.288,0.0610705208333333,3.288
0.0614044391666667,3.298,0.0613700877777778,3.288,0.0613481580555556,3.288
0.0616822602777778,3.298,0.0616483716666667,3.298,0.0616261125,3.288
0.0619597541666667,3.298,0.0619259413888889,3.288,0.0619038791666667,3.288
0.062237755,3.298,0.0622037472222222,3.298,0.06218159,3.288
0.0625157647222222,3.298,0.0624816183333333,3.298,0.0624594583333333,3.298
0.0627935719444444,3.298,0.0627596747222222,3.298,0.0627369908333333,3.298
0.0630718166666667,3.298,0.0630374425,3.298,0.0630151313888889,3.288
0.0633491886111111,3.298,0.0633152313888889,3.298,0.0632930438888889,3.298
0.0636270847222222,3.298,0.0635929408333333,3.298,0.0635708594444444,3.298
0.0639049336111111,3.298,0.0638709425,3.298,0.0638487927777778,3.298
0.0641826647222222,3.298,0.0641485291666667,3.298,0.0641264505555556,3.298
0.0644606488888889,3.298,0.06442644,3.298,0.0644045536111111,3.298
0.0647384161111111,3.298,0.0647042891666667,3.298,0.064682745,3.298
0.0650162944444444,3.298,0.0649818633333333,3.298,0.0649607636111111,3.298
0.0652940872222222,3.298,0.0652600686111111,3.298,0.0652386616666667,3.298
0.0655716775,3.298,0.0655379788888889,3.298,0.0655165280555556,3.298
0.0658496394444444,3.298,0.0658156838888889,3.298,0.0657938991666667,3.298
0.0661277105555556,3.298,0.0660934152777778,3.298,0.0660722047222222,3.298
0.0664051872222222,3.298,0.0663715561111111,3.298,0.0663498736111111,3.298
0.0666831355555556,3.298,0.0666493322222222,3.298,0.0666276238888889,3.298
0.0669609116666667,3.298,0.0669274713888889,3.298,0.0669058108333333,3.298
0.0672388044444444,3.298,0.0672048266666667,3.298,0.0671833622222222,3.298
0.0675164061111111,3.298,0.0674827788888889,3.298,0.0674615180555556,3.298
0.0677944938888889,3.298,0.0677608291666667,3.298,0.0677396638888889,3.298
0.06807207,3.298,0.0680386947222222,3.298,0.0680172825,3.298
0.0683501858333333,3.298,0.0683168366666667,3.298,0.0682954280555556,3.298
0.06862795,3.298,0.06859449,3.298,0.0685735555555556,3.298
0.0689060633333333,3.298,0.0688724055555556,3.309,0.0688516330555556,3.298
0.0691843313888889,3.298,0.0691502338888889,3.309,0.0691295133333333,3.298
0.0694621163888889,3.298,0.0694277802777778,3.298,0.0694074233333333,3.298
0.0697399238888889,3.298,0.0697058388888889,3.298,0.0696850669444444,3.309
0.070017915,3.298,0.0699834588888889,3.298,0.06996293,3.298
0.0702953619444444,3.298,0.0702615872222222,3.309,0.0702403536111111,3.298
0.0705730686111111,3.298,0.0705395094444445,3.298,0.0705182341666667,3.309
0.0708507725,3.298,0.0708176108333333,3.298,0.070796315,3.309
0.0711292236111111,3.298,0.0710956463888889,3.298,0.0710743436111111,3.298
0.0714068913888889,3.298,0.0713734555555555,3.309,0.0713521255555556,3.309
0.0716846658333333,3.298,0.0716515269444444,3.309,0.0716301813888889,3.309
0.0719627533333333,3.298,0.0719294566666667,3.309,0.0719080063888889,3.298
0.0722408105555555,3.298,0.0722075480555556,3.309,0.0721858125,3.309
0.0725187419444445,3.298,0.0724853405555556,3.309,0.0724636533333333,3.298
0.07279658,3.298,0.07276319,3.309,0.07274161,3.298
0.0730746752777778,3.309,0.0730406461111111,3.298,0.0730197483333333,3.309
0.0733522766666667,3.298,0.0733192038888889,3.309,0.0732975677777778,3.309
0.0736300644444444,3.298,0.0735967430555556,3.309,0.0735758961111111,3.298
0.0739079752777778,3.298,0.0738742741666667,3.309,0.0738540805555555,3.298
0.0741859727777778,3.298,0.0741524783333333,3.309,0.0741317847222222,3.309
0.0744634602777778,3.298,0.0744299969444445,3.309,0.0744097991666667,3.309
0.0747411538888889,3.309,0.0747080347222222,3.309,0.0746875780555556,3.309
0.0750188297222222,3.309,0.0749858869444444,3.309,0.0749653338888889,3.309
0.0752968858333333,3.309,0.0752636222222222,3.309,0.0752433197222222,3.309
0.0755749630555556,3.298,0.075541495,3.309,0.0755212127777778,3.309
0.0758531933333333,3.309,0.0758191641666667,3.309,0.0757991008333333,3.309
0.0761305830555556,3.309,0.0760971255555556,3.309,0.0760771988888889,3.309
0.0764091255555556,3.309,0.0763748933333333,3.309,0.0763549063888889,3.298
0.0766870777777778,3.298,0.0766530063888889,3.309,0.0766324422222222,3.309
0.0769649072222222,3.309,0.0769309247222222,3.309,0.0769102905555556,3.309
0.0772425527777778,3.298,0.0772086844444444,3.309,0.077188065,3.309
0.077520295,3.309,0.0774865013888889,3.309,0.0774659791666667,3.309
0.0777983611111111,3.298,0.0777642430555556,3.309,0.0777439897222222,3.309
0.0780765222222222,3.298,0.0780418416666667,3.309,0.078021805,3.309
0.0783542438888889,3.298,0.0783197891666667,3.309,0.0782996661111111,3.309
0.0786321188888889,3.298,0.0785980236111111,3.309,0.0785772372222222,3.309
0.0789099661111111,3.309,0.0788756977777778,3.309,0.0788555011111111,3.309
0.0791877738888889,3.309,0.0791535313888889,3.309,0.0791333525,3.309
0.0794657163888889,3.298,0.0794312438888889,3.309,0.0794112333333333,3.309
0.0797435947222222,3.298,0.0797092569444444,3.309,0.0796891205555555,3.309
0.0800214669444445,3.309,0.0799870991666667,3.309,0.0799670458333333,3.309
0.0802996686111111,3.309,0.0802649891666667,3.309,0.0802449669444445,3.309
0.0805773702777778,3.309,0.0805429061111111,3.309,0.0805225477777778,3.309
0.0808549927777778,3.309,0.0808208752777778,3.309,0.0808003925,3.309
0.0811327330555555,3.309,0.0810989613888889,3.309,0.0810781386111111,3.309
0.0814104861111111,3.309,0.0813764225,3.309,0.0813555983333333,3.309
0.0816886388888889,3.309,0.0816544886111111,3.309,0.08163384,3.319
0.0819665208333333,3.309,0.0819320755555556,3.309,0.0819117319444444,3.319
0.0822442997222222,3.309,0.0822103469444444,3.309,0.0821895936111111,3.309
0.0825221963888889,3.309,0.0824881738888889,3.309,0.0824675105555556,3.309
0.0828002547222222,3.309,0.0827662761111111,3.309,0.0827453758333333,3.309
0.0830783816666667,3.309,0.0830441763888889,3.309,0.0830232013888889,3.309
0.083356545,3.309,0.0833218394444444,3.309,0.0833009963888889,3.309
0.0836346086111111,3.309,0.0835999372222222,3.309,0.0835788169444444,3.309
0.0839126238888889,3.309,0.0838778088888889,3.319,0.0838564855555556,3.309
0.0841903691666667,3.298,0.0841559388888889,3.309,0.0841342358333333,3.309
0.0844683216666667,3.309,0.0844339236111111,3.309,0.0844120638888889,3.309
0.0847464238888889,3.309,0.0847121594444444,3.309,0.0846898044444444,3.309
0.0850243544444444,3.309,0.08498999,3.309,0.0849676277777778,3.309
0.0853023669444444,3.309,0.0852680602777778,3.309,0.0852453755555556,3.309
0.0855799663888889,3.298,0.0855457513888889,3.309,0.0855232252777778,3.319
0.0858579144444444,3.309,0.0858231813888889,3.309,0.0858012405555555,3.309
0.0861357027777778,3.309,0.0861014425,3.309,0.0860789422222222,3.319
0.0864135447222222,3.309,0.0863791230555555,3.319,0.0863566433333333,3.319
0.086691235,3.309,0.0866570491666667,3.309,0.0866345538888889,3.309
0.0869688905555556,3.309,0.0869346688888889,3.319,0.0869124275,3.309
0.0872468886111111,3.309,0.0872125858333333,3.309,0.0871903094444444,3.319
0.0875247069444444,3.309,0.0874903444444444,3.309,0.0874682855555556,3.319
0.0878028141666667,3.309,0.0877682369444444,3.319,0.0877465216666667,3.309
0.0880805441666667,3.309,0.0880459058333333,3.309,0.0880243608333333,3.309
0.0883580175,3.309,0.0883236047222222,3.319,0.0883024766666667,3.309
0.0886361302777778,3.309,0.0886016386111111,3.319,0.0885804927777778,3.309
0.0889137136111111,3.309,0.0888795994444445,3.309,0.0888583225,3.319
0.0891916938888889,3.309,0.0891575955555556,3.319,0.0891365911111111,3.319
0.0894695872222222,3.309,0.0894352666666667,3.319,0.0894141891666667,3.319
0.0897475572222222,3.309,0.0897131933333333,3.309,0.0896919811111111,3.309
0.0900252547222222,3.309,0.0899911277777778,3.319,0.0899703352777778,3.309
0.0903030158333333,3.319,0.0902688525,3.319,0.0902480669444444,3.319
0.0905807886111111,3.309,0.0905473086111111,3.319,0.0905259505555556,3.319
0.0908587144444444,3.309,0.090824885,3.319,0.0908036647222222,3.309
0.0911368361111111,3.309,0.0911025755555556,3.319,0.0910815475,3.319
0.0914146841666667,3.309,0.0913803905555556,3.319,0.0913596616666667,3.319
0.0916926897222222,3.309,0.0916582138888889,3.319,0.0916373244444444,3.319
0.0919702605555556,3.309,0.0919357136111111,3.319,0.0919149986111111,3.319
0.0922482430555556,3.309,0.0922138969444444,3.319,0.0921934386111111,3.319
0.092526115,3.309,0.0924915311111111,3.319,0.0924709494444445,3.319
0.0928041238888889,3.319,0.0927694261111111,3.319,0.0927488508333333,3.319
0.0930820736111111,3.309,0.0930472897222222,3.319,0.0930266777777778,3.319
0.0933602238888889,3.309,0.0933250925,3.319,0.0933044416666667,3.319
0.0936379641666667,3.319,0.0936032411111111,3.319,0.0935822727777778,3.319
0.0939155030555556,3.309,0.0938810647222222,3.319,0.0938603538888889,3.319
0.0941938044444444,3.309,0.0941591058333333,3.319,0.0941382016666667,3.319
0.0944716166666667,3.309,0.0944368105555556,3.319,0.0944163375,3.319
0.0947496897222222,3.309,0.0947146966666667,3.319,0.0946940327777778,3.319
0.0950279177777778,3.319,0.0949924213888889,3.319,0.0949717230555556,3.319
0.0953053083333333,3.309,0.095270345,3.319,0.0952494983333333,3.319
0.0955830627777778,3.309,0.0955484572222222,3.319,0.0955272736111111,3.319
0.0958609188888889,3.309,0.0958262375,3.319,0.0958050333333333,3.319
0.0961391841666667,3.309,0.0961040325,3.319,0.0960828327777778,3.319
0.0964170891666667,3.319,0.0963818533333333,3.319,0.0963606463888889,3.319
0.0966947361111111,3.319,0.0966596658333333,3.319,0.0966388322222222,3.319
0.0969724522222222,3.319,0.0969374036111111,3.319,0.0969164547222222,3.319
0.0972499752777778,3.319,0.0972152219444444,3.319,0.0971945372222222,3.319
0.0975282319444444,3.309,0.0974928658333333,3.319,0.0974725625,3.319
0.0978058877777778,3.319,0.0977706461111111,3.319,0.0977506377777778,3.319
0.0980836644444445,3.319,0.0980486069444444,3.319,0.0980287844444444,3.319
0.0983613727777778,3.319,0.0983267119444444,3.319,0.0983064994444444,3.319
0.0986394072222222,3.319,0.0986043163888889,3.319,0.0985844608333333,3.319
0.0989178011111111,3.319,0.0988821869444444,3.319,0.0988626558333333,3.319
0.0991957163888889,3.319,0.0991601347222222,3.319,0.0991402747222222,3.319
0.0994731683333333,3.309,0.099437645,3.319,0.0994185855555555,3.319
0.0997511508333333,3.319,0.09971597,3.319,0.0996961475,3.319
0.100029124722222,3.319,0.0999938436111111,3.319,0.0999742336111111,3.319
0.100307183611111,3.319,0.100271767222222,3.319,0.1002524375,3.319
0.100585242777778,3.319,0.100549722222222,3.319,0.1005301375,3.319
0.100863038333333,3.309,0.100827566388889,3.319,0.100808235833333,3.319
0.101141008055556,3.319,0.101105489166667,3.319,0.101086311388889,3.319
0.101418556944444,3.319,0.101383306111111,3.319,0.101363895,3.319
0.101696976388889,3.319,0.101660909444444,3.319,0.101642041111111,3.319
0.101974677777778,3.319,0.101938816944444,3.319,0.101919911666667,3.319
0.102252776111111,3.319,0.102216445833333,3.319,0.102197664444444,3.319
0.102530541111111,3.319,0.102494015833333,3.319,0.102475284444444,3.319
0.102808645277778,3.319,0.102772398611111,3.319,0.102753526944444,3.319
0.103086418055556,3.319,0.103050587222222,3.319,0.103031118333333,3.319
0.10336465,3.319,0.103327902777778,3.319,0.103309255,3.319
0.103642355833333,3.319,0.103605992222222,3.319,0.103587408333333,3.319
0.103920078888889,3.319,0.1038838325,3.319,0.1038649925,3.319
0.104197909166667,3.319,0.104161804722222,3.319,0.104143145,3.319
0.104475790277778,3.319,0.1044397925,3.329,0.104421290555556,3.319
0.104753671944444,3.319,0.104718108333333,3.319,0.104698972777778,3.319
0.105031333611111,3.319,0.104995686944444,3.319,0.104977135833333,3.319
0.105309085277778,3.319,0.105273846944444,3.319,0.105254727222222,3.319
0.105586918888889,3.319,0.105551525,3.319,0.105532689444444,3.319
0.105864474166667,3.319,0.105829349722222,3.319,0.1058102825,3.319
0.106142391388889,3.319,0.106107006666667,3.319,0.106088148333333,3.319
0.106420312222222,3.319,0.106385077777778,3.319,0.106366327222222,3.319
0.106697731944444,3.319,0.1066623675,3.319,0.1066440875,3.319
0.1069756625,3.319,0.106940471388889,3.319,0.106921660277778,3.319
0.107253564722222,3.319,0.107218236111111,3.319,0.1071997625,3.319
0.107531466388889,3.319,0.107496076388889,3.319,0.107477934444444,3.319
0.10780955,3.319,0.107773857222222,3.319,0.107755644444444,3.319
0.108087381666667,3.319,0.108051503333333,3.319,0.108033373888889,3.319
0.108365432777778,3.319,0.108329287777778,3.329,0.108311518333333,3.319
0.1086432775,3.319,0.108607042222222,3.319,0.108589675555556,3.319
0.108921001111111,3.319,0.108885128055556,3.319,0.108867266944444,3.319
0.1091990775,3.319,0.1091625175,3.319,0.109145323888889,3.319
0.109476736666667,3.319,0.109440636111111,3.319,0.109423060555556,3.319
0.109754395277778,3.319,0.109718605833333,3.329,0.109700825,3.319
0.110032184444444,3.319,0.109996540277778,3.319,0.109978636388889,3.319
0.110310006666667,3.319,0.110274645555556,3.319,0.110257114444444,3.319
0.110587909722222,3.319,0.110552327777778,3.319,0.110534896944444,3.319
0.110865706944444,3.319,0.110830373888889,3.319,0.110812488611111,3.319
0.111143725,3.319,0.111108314444444,3.319,0.111090570277778,3.319
0.111421344166667,3.319,0.111386052222222,3.319,0.111368715555556,3.319
0.111699190555556,3.319,0.111663740555556,3.329,0.111646904722222,3.319
0.111976877222222,3.319,0.111941736111111,3.319,0.111924558333333,3.319
0.112254766944444,3.319,0.112219298055556,3.329,0.1122023125,3.319
0.112532806944444,3.319,0.112497214166667,3.329,0.112480176388889,3.319
0.112810660277778,3.319,0.112775206111111,3.319,0.112757978611111,3.319
0.113088254166667,3.319,0.113052881944444,3.319,0.113035703333333,3.319
0.113366168333333,3.319,0.113330860833333,3.329,0.113313827222222,3.329
0.113644024722222,3.319,0.113608786944444,3.319,0.113591569166667,3.319
0.113921915833333,3.319,0.113886914166667,3.319,0.113869321666667,3.319
0.114199681666667,3.319,0.114164816666667,3.329,0.114146986111111,3.329
0.114477857222222,3.319,0.1144425775,3.329,0.114425046111111,3.319
0.114755635555556,3.319,0.11472091,3.319,0.114702794444444,3.329
0.115033088611111,3.319,0.114998543888889,3.319,0.114980698055556,3.319
0.115311384444444,3.319,0.115276314444444,3.329,0.115258394166667,3.329
0.115589760833333,3.319,0.115554085,3.329,0.115536534722222,3.319
0.115867698055556,3.319,0.115831643888889,3.329,0.115814682777778,3.319
0.116145298611111,3.319,0.116109723611111,3.329,0.116092268055556,3.319
0.116423340833333,3.319,0.1163874975,3.319,0.1163704625,3.329
0.116701113611111,3.319,0.116665226111111,3.329,0.116648240555556,3.329
0.116978911388889,3.319,0.116942935277778,3.329,0.116925970277778,3.319
0.117256708611111,3.319,0.117220789444444,3.329,0.117203817777778,3.329
0.117534934722222,3.319,0.117498465555556,3.329,0.117482065277778,3.319
0.117812967222222,3.319,0.117776715277778,3.329,0.117760133055556,3.319
0.118091081666667,3.329,0.118054462777778,3.329,0.1180381575,3.329
0.118368676944444,3.319,0.118332313611111,3.329,0.118315646944444,3.329
0.118646596666667,3.329,0.118610563611111,3.329,0.118593756111111,3.329
0.118924434444444,3.329,0.118888343611111,3.329,0.1188715775,3.329
0.119202180833333,3.319,0.119166336111111,3.329,0.119149619166667,3.329
0.119480558888889,3.319,0.119444259166667,3.329,0.119427354444444,3.319
0.119758330833333,3.319,0.119722514722222,3.329,0.119705095555556,3.329
0.120035864444444,3.319,0.120000279166667,3.329,0.1199831925,3.329
0.120313967777778,3.329,0.120278155277778,3.329,0.120261315833333,3.329
0.1205914175,3.319,0.120556273888889,3.329,0.120538910555556,3.329
0.1208694675,3.329,0.120834509166667,3.329,0.120817038611111,3.329
0.121147417777778,3.319,0.121112094722222,3.329,0.121095146944444,3.329
0.121425003888889,3.329,0.121389855277778,3.329,0.121372954722222,3.319
0.121703499722222,3.319,0.121667585277778,3.329,0.121650318611111,3.329
0.121981245,3.329,0.121945418055556,3.329,0.121928368055556,3.329
0.122259174166667,3.329,0.122223620277778,3.329,0.122206184444444,3.329
0.122537097222222,3.329,0.122501063055556,3.329,0.122483951388889,3.329
0.122815238333333,3.319,0.122779094166667,3.329,0.122761919166667,3.329
0.123093401944444,3.329,0.123057107777778,3.329,0.123039915,3.329
0.123370815277778,3.329,0.123334884444444,3.329,0.123317511944444,3.329
0.123649051388889,3.329,0.123612913611111,3.329,0.123595392222222,3.329
0.123926964444444,3.329,0.123890806944444,3.329,0.123873496388889,3.329
0.124204662222222,3.329,0.124168489722222,3.329,0.124151378333333,3.329
0.124482863055556,3.329,0.124446560555556,3.329,0.124429200833333,3.329
0.124760393055556,3.319,0.124724607777778,3.329,0.124707465277778,3.329
0.125038575833333,3.329,0.12500246,3.329,0.124985048055556,3.329
0.1253163925,3.329,0.125280621111111,3.329,0.125263194722222,3.329
0.125594343611111,3.329,0.125558269166667,3.329,0.1255410225,3.329
0.125871993611111,3.329,0.125836223333333,3.329,0.125818681944444,3.329
0.126149838611111,3.319,0.126114195555556,3.329,0.126096890277778,3.329
0.126427653611111,3.329,0.126391574722222,3.329,0.126374595833333,3.329
0.126705650555556,3.329,0.126669756111111,3.329,0.126652355,3.329
0.126983397222222,3.329,0.126947438611111,3.329,0.126930085555556,3.329
0.127261149444444,3.329,0.127225309722222,3.329,0.127208150277778,3.329
0.127538915833333,3.329,0.127502735833333,3.329,0.127485876944444,3.329
0.127816793611111,3.329,0.127780755833333,3.329,0.127763878611111,3.329
0.128094160833333,3.329,0.128058495555556,3.329,0.128041486944444,3.329
0.128372123055556,3.329,0.128335983888889,3.329,0.128319631111111,3.329
0.128650375277778,3.329,0.128614223888889,3.329,0.128597273055556,3.329
0.128928008333333,3.329,0.128892015,3.329,0.128875370277778,3.329
0.12920557,3.329,0.129169316388889,3.329,0.129153568611111,3.329
0.129483571666667,3.329,0.129447759444444,3.329,0.12943116,3.329
0.129761826111111,3.329,0.129725553333333,3.329,0.129709310833333,3.329
0.1300397675,3.329,0.130003166388889,3.329,0.129987184444444,3.329
0.130317493611111,3.329,0.130281137777778,3.329,0.130264851944444,3.329
0.130595578611111,3.329,0.130558667222222,3.329,0.130542720277778,3.329
0.130873553055556,3.329,0.130836481666667,3.329,0.130820309444444,3.329
0.131151768611111,3.329,0.131114589722222,3.329,0.131098433055556,3.329
0.131429635555556,3.329,0.131392335,3.329,0.131376651944444,3.329
0.131707283888889,3.329,0.131670481111111,3.329,0.131654699166667,3.329
0.131984944444444,3.329,0.131948417777778,3.329,0.131932450555556,3.329
0.132262769444444,3.329,0.132226334722222,3.329,0.132210190555556,3.329
0.132540797222222,3.329,0.132504166666667,3.329,0.132488269166667,3.329
0.132818558888889,3.329,0.132782320555556,3.329,0.132765879444444,3.329
0.133096702777778,3.329,0.133059821111111,3.329,0.133044217222222,3.329
0.133374721111111,3.329,0.133337981111111,3.329,0.133322008055556,3.339
0.133652969166667,3.329,0.133615731666667,3.329,0.133600243888889,3.329
0.133930522222222,3.329,0.133893510277778,3.329,0.133877932777778,3.329
0.134208415833333,3.329,0.134171322222222,3.329,0.134156018888889,3.339
0.134486165277778,3.329,0.134449238055556,3.329,0.1344336925,3.329
0.134763911388889,3.329,0.134726985,3.329,0.134711411111111,3.339
0.135042062777778,3.329,0.135004869444444,3.329,0.134989503888889,3.329
0.135319917222222,3.329,0.135282624444444,3.329,0.135267326944444,3.329
0.135597930555556,3.329,0.135560843888889,3.339,0.135544765833333,3.329
0.135875639166667,3.329,0.135838649722222,3.329,0.135822962222222,3.339
0.136153681111111,3.329,0.136116459166667,3.329,0.136100651666667,3.329
0.136431482777778,3.329,0.136394113888889,3.339,0.1363786425,3.329
0.136709111111111,3.329,0.136672081944444,3.329,0.136656790277778,3.339
0.136987000277778,3.329,0.1369499925,3.339,0.136934438333333,3.329
0.137264848055556,3.329,0.137227936944444,3.339,0.137212529722222,3.339
0.137542305277778,3.339,0.137505965555556,3.339,0.137490931111111,3.329
0.137820181388889,3.329,0.137784249166667,3.339,0.137768699444444,3.339
0.138098034166667,3.329,0.138061846944444,3.339,0.138046403333333,3.339
0.138375729722222,3.329,0.138340076388889,3.339,0.138324543888889,3.329
0.138653327222222,3.329,0.1386177175,3.339,0.138602742222222,3.339
0.138931516944444,3.329,0.138895415555556,3.339,0.138880801388889,3.329
0.139209174722222,3.329,0.139172962777778,3.339,0.1391581625,3.329
0.139487075277778,3.329,0.139450921388889,3.339,0.139436441111111,3.339
0.139764758055556,3.329,0.139728784444444,3.339,0.139714290555556,3.339
0.140042915,3.339,0.140006705833333,3.339,0.139992435833333,3.339
0.140320734166667,3.339,0.140284081388889,3.339,0.140270070277778,3.339
0.140598648611111,3.329,0.1405622575,3.339,0.140548211944444,3.339
0.140876096388889,3.329,0.140839883611111,3.339,0.140825898611111,3.339
0.141154239722222,3.329,0.1411176225,3.339,0.1411040525,3.339
0.141432165833333,3.339,0.14139584,3.339,0.141381801388889,3.339
0.141710143888889,3.329,0.141673769722222,3.339,0.141659981944444,3.339
0.141987958611111,3.339,0.141951872222222,3.339,0.141937573611111,3.339
0.142265862777778,3.339,0.142229618888889,3.339,0.142215718611111,3.339
0.142543831666667,3.339,0.142507777777778,3.339,0.142493464166667,3.339
0.142821635277778,3.339,0.142786193055556,3.339,0.142771135833333,3.339
0.143099634444444,3.339,0.143063918611111,3.339,0.143049281944444,3.339
0.143377151666667,3.329,0.143341776388889,3.339,0.143327426666667,3.339
0.143655020555556,3.339,0.143619751666667,3.339,0.143605018055556,3.339
0.143932810833333,3.339,0.143897834722222,3.339,0.1438831675,3.339
0.144211086944444,3.339,0.144175425277778,3.339,0.144161309166667,3.339
0.144488638055556,3.339,0.144453189722222,3.339,0.144438900555556,3.339
0.1447666475,3.339,0.144730885277778,3.339,0.144717046111111,3.339
0.145044818055556,3.339,0.145009134444444,3.339,0.1449949,3.339
0.145322278055556,3.329,0.14528651,3.339,0.145272688333333,3.339
0.145600342777778,3.339,0.145564829444444,3.339,0.1455504075,3.339
0.145878157222222,3.339,0.145843057222222,3.339,0.145828122222222,3.339
0.146155724166667,3.339,0.146120893611111,3.339,0.146106269444444,3.339
0.146433797777778,3.339,0.146398178333333,3.339,0.146383979444444,3.339
0.146712088055556,3.339,0.146676263055556,3.339,0.1466616525,3.339
0.146989668055556,3.339,0.146954133333333,3.339,0.14693979,3.339
0.147267752222222,3.339,0.147231501388889,3.339,0.147218000833333,3.339
0.147545635,3.339,0.147510096666667,3.339,0.147495592222222,3.339
0.147823724444444,3.339,0.147788445555556,3.339,0.147773737777778,3.339
0.148101639722222,3.339,0.148066267222222,3.339,0.148051883888889,3.339
0.148379288055556,3.329,0.148344018055556,3.339,0.148329474444444,3.339
0.148657179166667,3.339,0.148621855555556,3.339,0.14860762,3.339
0.148934795,3.339,0.14890005,3.339,0.148885765555556,3.339
0.149212789166667,3.339,0.1491774225,3.339,0.149163356944444,3.339
0.149490534444444,3.339,0.149455488888889,3.339,0.149441502222222,3.339
0.149768303333333,3.339,0.149733033055556,3.339,0.149719647777778,3.339
0.150046350277778,3.339,0.150010926666667,3.339,0.149997239166667,3.339
0.150324236388889,3.339,0.150288758333333,3.339,0.150275384722222,3.339
0.150601904166667,3.339,0.150566604722222,3.339,0.15055353,3.339
0.150879723611111,3.339,0.150844465,3.339,0.150831121666667,3.339
0.151157746388889,3.339,0.151122365277778,3.339,0.1511092675,3.339
0.151435763611111,3.339,0.151400141388889,3.339,0.151387412777778,3.339
0.151714046944444,3.339,0.151678229444444,3.339,0.151665149166667,3.339
0.151992102777778,3.339,0.151956048055556,3.339,0.151942778055556,3.339
0.152270048333333,3.339,0.152233715833333,3.339,0.152220923611111,3.339
0.152547966111111,3.339,0.152511932777778,3.339,0.152499069166667,3.339
0.152825760277778,3.339,0.152789944722222,3.339,0.152776660277778,3.339
0.1531039575,3.339,0.153068134722222,3.339,0.153054805833333,3.339
0.15338137,3.339,0.153346000555556,3.339,0.153332951111111,3.339
0.153659178055556,3.339,0.153623883611111,3.339,0.153610542777778,3.339
0.153937140555556,3.339,0.153901645,3.339,0.153888411388889,3.339
0.154214678611111,3.339,0.154179018611111,3.339,0.154166556666667,3.339
0.154492882777778,3.339,0.154457315,3.339,0.154444702222222,3.339
0.154770455833333,3.339,0.154735275555556,3.339,0.154722293888889,3.339
0.155048323333333,3.339,0.155013110277778,3.339,0.155000413888889,3.339
0.155326508611111,3.339,0.1552911425,3.339,0.155278559166667,3.339
0.155604410833333,3.339,0.155568769722222,3.339,0.155556150277778,3.339
0.155882190833333,3.339,0.155846468333333,3.339,0.155834296111111,3.339
0.156160095833333,3.339,0.156124506111111,3.339,0.156112441388889,3.339
0.156437926666667,3.339,0.156402491666667,3.339,0.156390538055556,3.339
0.156715787777778,3.339,0.15668063,3.339,0.156668198333333,3.339
0.156993396666667,3.339,0.156958155833333,3.339,0.156946065555556,3.339
0.1572714325,3.339,0.157236372777778,3.339,0.157223648333333,3.339
0.157549035,3.339,0.157514085833333,3.339,0.157501853333333,3.339
0.1578270775,3.339,0.157791968055556,3.339,0.157779443888889,3.339
0.1581047775,3.339,0.1580698,3.339,0.158057589722222,3.339
0.158382579722222,3.339,0.158347646111111,3.339,0.158335735277778,3.339
0.158659977777778,3.339,0.158625460555556,3.339,0.158613326666667,3.339
0.158938267777778,3.339,0.158903205833333,3.339,0.158891411111111,3.339
0.159215750833333,3.339,0.159180993888889,3.339,0.159169556388889,3.339
0.159493758333333,3.339,0.159458709166667,3.339,0.159447701944444,3.339
0.159771725277778,3.339,0.159737145,3.339,0.159725293333333,3.339
0.160049521388889,3.339,0.160014970555556,3.339,0.160003052222222,3.339
0.160327498888889,3.339,0.160292741944444,3.339,0.160281100277778,3.339
0.160605366666667,3.339,0.160570673888889,3.339,0.160559323055556,3.339
0.160883120277778,3.339,0.160848499722222,3.339,0.160837081666667,3.339
0.161161214444444,3.339,0.161126248055556,3.349,0.161115207777778,3.339
0.161438870833333,3.339,0.161404004444444,3.339,0.161392949166667,3.339
0.161716516388889,3.339,0.161681882777778,3.339,0.161671070555556,3.339
0.161994647222222,3.339,0.161959638333333,3.349,0.161948738611111,3.339
0.162272455555556,3.339,0.162237308888889,3.339,0.162226893055556,3.339
0.162550436388889,3.339,0.162515218333333,3.339,0.162504442777778,3.339
0.162828005277778,3.339,0.162792925833333,3.349,0.162782709444444,3.339
0.163105574722222,3.339,0.163071165277778,3.339,0.163060763055556,3.339
0.163383711388889,3.339,0.163348825277778,3.339,0.163338394722222,3.339
0.163661718611111,3.339,0.163626512777778,3.339,0.163616551944444,3.339
0.163939626111111,3.339,0.163904737222222,3.339,0.163894697777778,3.339
0.164217288888889,3.339,0.164182704722222,3.349,0.164172289166667,3.349
0.164495214166667,3.339,0.164460484722222,3.339,0.164450505833333,3.339
0.164773111666667,3.339,0.164738218611111,3.339,0.164728233611111,3.339
0.165050786388889,3.339,0.165016034444444,3.339,0.165005978055556,3.349
0.165329110555556,3.339,0.165293723055556,3.349,0.165283633888889,3.339
0.16560704,3.339,0.165571533611111,3.339,0.165561796944444,3.339
0.165884848333333,3.339,0.165849184722222,3.349,0.165839980555556,3.349
0.166162286666667,3.339,0.166127035555556,3.339,0.166117518611111,3.339
0.166440475555556,3.339,0.166404793888889,3.339,0.166395350833333,3.339
0.166718664166667,3.339,0.166683042222222,3.339,0.166673408333333,3.339
0.166996124166667,3.339,0.166960845555556,3.349,0.166951525555556,3.339
0.167274196111111,3.339,0.167238388888889,3.349,0.16722943,3.339
0.167551885277778,3.339,0.167516303055556,3.349,0.167507910833333,3.339
0.167830266111111,3.339,0.167794038055556,3.339,0.167785694722222,3.349
0.168108455833333,3.339,0.168071902777778,3.349,0.168063414444444,3.339
0.168386137222222,3.339,0.168349988055556,3.349,0.168341614722222,3.339
0.168664080833333,3.339,0.168627520833333,3.349,0.168619015,3.349
0.168941692777778,3.339,0.168905424166667,3.349,0.168896820277778,3.349
0.169219635277778,3.349,0.169183599722222,3.349,0.169174557222222,3.339
0.169497369444444,3.339,0.169461221111111,3.349,0.169452588333333,3.339
0.169775026666667,3.339,0.1697390225,3.349,0.169730267222222,3.349
0.170053098888889,3.339,0.170017285555556,3.339,0.170008095277778,3.349
0.170331025,3.339,0.170295363888889,3.349,0.170286255555556,3.349
0.170608369722222,3.339,0.1705733975,3.349,0.170564313333333,3.339
0.170886679444444,3.339,0.170851034444444,3.349,0.170842367222222,3.349
0.171164643055556,3.339,0.171129008055556,3.349,0.171120005555556,3.349
0.171442440277778,3.339,0.171406550555556,3.349,0.171398150833333,3.349
0.171720171944444,3.339,0.171684396388889,3.349,0.171676296388889,3.349
0.171998071111111,3.339,0.171962423888889,3.349,0.171953887777778,3.349
0.172275883333333,3.349,0.172239873611111,3.349,0.172231654722222,3.349
0.172553959444444,3.349,0.172517868333333,3.349,0.172509666944444,3.349
0.172831925277778,3.339,0.172795469722222,3.349,0.172787258055556,3.349
0.173110176666667,3.339,0.173073730277778,3.349,0.173065403611111,3.349
0.173388178611111,3.339,0.173351480833333,3.349,0.173343548888889,3.349
0.173666085,3.349,0.173629384444444,3.349,0.173621140833333,3.349
0.173944035,3.339,0.173907448055556,3.349,0.173899011388889,3.349
0.1742217025,3.349,0.174185530277778,3.349,0.174177154722222,3.349
0.174499713055556,3.339,0.174463174722222,3.349,0.174455231388889,3.349
0.174777543333333,3.349,0.174741101666667,3.349,0.174732822777778,3.349
0.175055293333333,3.339,0.175019171111111,3.349,0.175010968333333,3.349
0.175332980555556,3.349,0.1752968325,3.349,0.175289113888889,3.349
0.175610856666667,3.349,0.175574723611111,3.349,0.175566705,3.349
0.175888763611111,3.349,0.175852528055556,3.349,0.175844850833333,3.349
0.176166451666667,3.339,0.176129952222222,3.349,0.176122996111111,3.349
0.176444234444444,3.349,0.176408042777778,3.349,0.1764005875,3.349
0.176722018611111,3.349,0.176685615833333,3.349,0.176678733333333,3.349
0.177000229166667,3.349,0.176963426388889,3.349,0.176956878333333,3.349
0.177278325555556,3.349,0.1772416725,3.349,0.17723447,3.349
0.177556309166667,3.349,0.1775190925,3.349,0.177512615277778,3.349
0.177833949722222,3.349,0.177797098333333,3.349,0.177790760833333,3.349
0.178111954166667,3.349,0.178075229166667,3.349,0.178068352222222,3.349
0.178390161944444,3.349,0.178352814722222,3.349,0.1783464975,3.349
0.178667978055556,3.349,0.178630908055556,3.349,0.178624643611111,3.349
0.178945813055556,3.349,0.178908218055556,3.349,0.178902234444444,3.349
0.17922375,3.349,0.179186418055556,3.349,0.179180380555556,3.349
0.179501196388889,3.349,0.179464093333333,3.349,0.179458525555556,3.349
0.179779386388889,3.349,0.179742264722222,3.349,0.179736278333333,3.349
0.180057399444444,3.349,0.180019806944444,3.349,0.180014023611111,3.349
0.180335514166667,3.349,0.1802976175,3.349,0.180291887777778,3.349
0.180613469166667,3.349,0.180575865277778,3.349,0.180569480277778,3.349
0.180891003333333,3.349,0.180853652222222,3.349,0.180847444166667,3.349
0.181169079722222,3.349,0.181131806111111,3.349,0.181125127222222,3.349
0.181446689166667,3.349,0.181409577777778,3.349,0.181403184444444,3.349
0.181724376666667,3.349,0.181687318888889,3.349,0.1816808225,3.349
0.182002436111111,3.349,0.181965134722222,3.349,0.181958618611111,3.349
0.182280288055556,3.349,0.182243329444444,3.349,0.182236817222222,3.349
0.182557986111111,3.349,0.182520953888889,3.349,0.182514493333333,3.349
0.182835802222222,3.349,0.182798780277778,3.349,0.182792619166667,3.349
0.183113922777778,3.349,0.183076875277778,3.349,0.183070285,3.349
0.183391355,3.349,0.183354762222222,3.349,0.183348575,3.349
0.183669401111111,3.349,0.183632859166667,3.349,0.183626223888889,3.349
0.183947261944444,3.349,0.183910690833333,3.349,0.183904043888889,3.349
0.184225145,3.349,0.184188565,3.349,0.184181794722222,3.349
0.184502690833333,3.349,0.184466289722222,3.349,0.184459871666667,3.349
0.184780568055556,3.349,0.184744369722222,3.349,0.18473759,3.349
0.185058721944444,3.349,0.1850220475,3.349,0.185015772222222,3.349
0.185336517222222,3.349,0.1852999725,3.349,0.185293549166667,3.349
0.185614086388889,3.349,0.1855777525,3.349,0.185571252222222,3.349
0.185892078055556,3.349,0.185855563333333,3.349,0.185849299166667,3.349
0.186169838055556,3.349,0.186133153055556,3.349,0.186127413333333,3.349
0.186447649444444,3.349,0.186410994444444,3.349,0.186405125277778,3.349
0.186725348611111,3.349,0.186689194444444,3.349,0.186683271388889,3.349
0.187002760833333,3.349,0.186967008888889,3.349,0.186961349722222,3.349
0.187281053888889,3.349,0.187245070277778,3.349,0.187238941388889,3.349
0.187558565277778,3.349,0.187522573611111,3.349,0.187517170277778,3.349
0.187836613888889,3.349,0.187800374166667,3.349,0.187794780555556,3.349
0.188114757222222,3.349,0.188078611666667,3.349,0.188072519444444,3.349
0.188392218055556,3.349,0.188356458333333,3.349,0.188350665,3.349
0.188670233333333,3.349,0.188634263888889,3.36,0.188628810555556,3.349
0.188948200555556,3.349,0.188911808611111,3.349,0.188906401666667,3.349
0.1892258675,3.349,0.189189604722222,3.349,0.189184547222222,3.349
0.189503684444444,3.349,0.189467637777778,3.36,0.1894626925,3.349
0.189781475,3.349,0.189745576111111,3.349,0.189740284166667,3.349
0.190058977222222,3.349,0.190023536388889,3.349,0.190018429444444,3.349
0.190336930555556,3.349,0.190301701944444,3.349,0.190296575277778,3.349
0.190614653611111,3.349,0.190579011111111,3.349,0.190574166944444,3.349
0.190892599722222,3.349,0.190857215277778,3.36,0.190852311944444,3.349
0.191170462777778,3.349,0.191134840277778,3.349,0.191129989444444,3.349
0.191448238333333,3.349,0.191412906944444,3.36,0.191407965833333,3.349
0.191726461944444,3.349,0.191690399444444,3.349,0.191685586944444,3.349
0.192004186666667,3.349,0.191968840277778,3.349,0.191963323333333,3.349
0.192282420555556,3.349,0.192246645555556,3.36,0.192241181388889,3.349
0.192560326388889,3.349,0.192524677777778,3.36,0.192519311388889,3.36
0.192838005,3.349,0.192802315833333,3.36,0.192797461388889,3.349
0.1931160875,3.349,0.193080335555556,3.349,0.193075058055556,3.36
0.193394019166667,3.349,0.193358026111111,3.36,0.193353193333333,3.36
0.193671438333333,3.349,0.1936360475,3.36,0.193631338611111,3.349
0.193949837222222,3.36,0.193914264722222,3.36,0.193908930555556,3.349
0.194227707222222,3.36,0.194192131111111,3.36,0.194187075833333,3.36
0.194505974722222,3.349,0.194470622777778,3.36,0.194465221111111,3.36
0.194783830833333,3.349,0.194748693611111,3.36,0.194742823055556,3.36
0.195062041666667,3.349,0.195026451388889,3.349,0.195020689166667,3.36
0.195340090555556,3.349,0.195304345277778,3.36,0.1952985625,3.36
0.1956181475,3.349,0.195582390277778,3.349,0.195576140555556,3.349
0.195896125,3.349,0.195860350555556,3.36,0.195854286111111,3.36
0.196173795,3.349,0.196138082222222,3.36,0.196132443055556,3.36
0.196451791111111,3.349,0.196416096388889,3.36,0.196410023055556,3.36
0.196729383888889,3.349,0.196693648888889,3.36,0.196688169444444,3.349
0.197007557222222,3.36,0.196971735555556,3.36,0.196966316388889,3.36
0.197284940833333,3.349,0.197249577222222,3.36,0.197243906666667,3.36
0.197562788333333,3.349,0.197527413333333,3.36,0.19752206,3.36
0.197840727222222,3.349,0.197805344444444,3.36,0.197799923611111,3.36
0.198118685277778,3.36,0.198083291388889,3.36,0.198077511111111,3.36
0.198396304166667,3.349,0.198361183611111,3.36,0.198355656388889,3.36
0.198674121111111,3.36,0.198639149444444,3.349,0.198633535833333,3.36
0.198951878333333,3.36,0.198916874722222,3.36,0.198911116666667,3.36
0.199229796944444,3.349,0.1991947625,3.36,0.199189396111111,3.36
0.199507741111111,3.349,0.199472556111111,3.36,0.199467211666667,3.36
0.1997858475,3.36,0.199750603888889,3.36,0.199745152777778,3.36
0.200063788888889,3.349,0.200028134722222,3.36,0.200022800833333,3.349
0.200341810277778,3.349,0.200306207777778,3.36,0.200301071111111,3.36
0.200619700277778,3.36,0.200583962777778,3.36,0.200578974166667,3.36
0.200897496944444,3.349,0.200861736388889,3.36,0.200856905833333,3.36
0.201175534166667,3.349,0.201139881944444,3.36,0.201134546666667,3.36
0.201453351944444,3.349,0.201417959722222,3.36,0.201412747222222,3.36
0.201731060555556,3.349,0.201695516111111,3.36,0.201690021111111,3.36
0.202008628333333,3.36,0.201973232777778,3.36,0.201968291111111,3.36
0.202286651666667,3.349,0.202250926111111,3.36,0.202245942222222,3.36
0.202564767777778,3.36,0.202528990555556,3.36,0.202523862777778,3.36
0.2028428025,3.36,0.202806826944444,3.36,0.202801483055556,3.36
0.203120516944444,3.36,0.203084535,3.36,0.203079560555556,3.36
0.2033986625,3.349,0.2033623825,3.36,0.203357207777778,3.36
0.2036765575,3.36,0.203640468611111,3.36,0.203635403611111,3.36
0.203954397777778,3.36,0.203918354722222,3.36,0.203913291111111,3.36
0.204231745,3.36,0.204196378333333,3.36,0.204191353333333,3.36
0.204509943055556,3.36,0.204474310555556,3.36,0.204469348055556,3.36
0.204787882222222,3.36,0.204752115,3.36,0.20474693,3.36
0.205065737222222,3.36,0.205029990277778,3.36,0.205025173055556,3.36
0.205343691666667,3.36,0.205307759444444,3.36,0.205302901666667,3.36
0.205621352222222,3.36,0.205585344166667,3.36,0.2055810225,3.36
0.205899186944444,3.36,0.205863328055556,3.36,0.205859061388889,3.36
0.206176883888889,3.349,0.206140893055556,3.36,0.206136523055556,3.36
0.206454571944444,3.36,0.206418755833333,3.36,0.2064144475,3.36
0.206732698333333,3.36,0.206696425277778,3.36,0.206692838055556,3.36
0.207010278055556,3.349,0.206974632222222,3.36,0.206970888888889,3.36
0.207288343611111,3.36,0.207252559722222,3.36,0.207248803333333,3.36
0.207566399722222,3.36,0.207530353888889,3.36,0.207526639444444,3.36
0.207844443333333,3.36,0.20780841,3.36,0.207804211388889,3.36
0.208122296111111,3.349,0.208086169166667,3.36,0.208082328055556,3.36
0.208400178888889,3.36,0.208364063888889,3.36,0.208360017222222,3.36
0.208677628333333,3.36,0.208641777222222,3.36,0.208637751388889,3.36
0.208955573888889,3.36,0.208919553611111,3.36,0.208915427222222,3.36
0.209233369722222,3.36,0.209197447222222,3.36,0.209193482777778,3.36
0.209511030833333,3.36,0.209475225,3.36,0.209471605833333,3.36
0.209788841666667,3.36,0.2097529325,3.36,0.209749268333333,3.36
0.210067052222222,3.36,0.210031149166667,3.36,0.210027078333333,3.36
0.210345204722222,3.36,0.2103086675,3.36,0.210304810277778,3.36
0.210622875,3.36,0.210586766111111,3.36,0.210583145833333,3.36
0.210900824166667,3.36,0.210864044444444,3.36,0.210860618333333,3.36
0.211178656666667,3.36,0.211142009444444,3.37,0.211138678055556,3.36
0.211456417777778,3.36,0.211419980555556,3.36,0.211416444444444,3.36
0.211733975833333,3.36,0.2116974475,3.36,0.211694563055556,3.36
0.212012020833333,3.36,0.211975357777778,3.36,0.211972464722222,3.36
0.212289444166667,3.36,0.212252918888889,3.36,0.212250410277778,3.36
0.212567888888889,3.36,0.212530965,3.36,0.212527848055556,3.36
0.212845476944444,3.36,0.212809063333333,3.36,0.212805603055556,3.36
0.213123290555556,3.36,0.213086745555556,3.36,0.213083675,3.36
0.213401400833333,3.36,0.213365067222222,3.36,0.213361416111111,3.36
0.213679264444444,3.36,0.213643114166667,3.36,0.213639153055556,3.36
0.2139569125,3.36,0.213920816111111,3.36,0.213917083888889,3.36
0.2142350875,3.36,0.214198571666667,3.36,0.21419498,3.36
0.214512891944444,3.36,0.214476353333333,3.37,0.214472748055556,3.36
0.214790561944444,3.36,0.214754115277778,3.36,0.214750452222222,3.36
0.215068499444444,3.36,0.215031654166667,3.37,0.215028389722222,3.36
0.215346485833333,3.36,0.215309378055556,3.36,0.215306179722222,3.36
0.215624195833333,3.36,0.21558745,3.36,0.215584150833333,3.36
0.215901773055556,3.36,0.215864878055556,3.37,0.215861953333333,3.36
0.216179530277778,3.36,0.216142835277778,3.36,0.216139788333333,3.36
0.216457250555556,3.36,0.216420774722222,3.37,0.216417933888889,3.36
0.216735204166667,3.36,0.216698675555556,3.36,0.216696079444444,3.36
0.217013108611111,3.36,0.216976615833333,3.36,0.216973670833333,3.36
0.217290899444444,3.36,0.217254232222222,3.36,0.217251816666667,3.36
0.217568807777778,3.36,0.217532118888889,3.37,0.217529961666667,3.37
0.217846465,3.36,0.217809920555556,3.37,0.217807708055556,3.36
0.218124608055556,3.36,0.218087859722222,3.36,0.218085519166667,3.36
0.218402563055556,3.36,0.218365820277778,3.37,0.2183904475,3.37
0.2186804275,3.36,0.218643936666667,3.36,0.218667934166667,3.37
0.218957871944444,3.36,0.218921861666667,3.37,0.218946012777778,3.36
0.219236261111111,3.36,0.219199758888889,3.37,0.219223767777778,3.36
0.219513946111111,3.36,0.219477188055556,3.37,0.219501388055556,3.37
0.219791701944444,3.36,0.219755000833333,3.36,0.219779700833333,3.36
0.220069488611111,3.36,0.220032626111111,3.37,0.220057638333333,3.37
0.220347666111111,3.36,0.220310556111111,3.37,0.220335521111111,3.37
0.220625468611111,3.36,0.220588596111111,3.36,0.220704140555556,3.37
0.220903070277778,3.37,0.220866321388889,3.37,0.220981889166667,3.37
0.221180683055556,3.36,0.221144097222222,3.37,0.221259704166667,3.36
0.221458690833333,3.36,0.221422007222222,3.37,0.221537465,3.37
0.221736833611111,3.36,0.221699348611111,3.37,0.221815056388889,3.36
0.222014218888889,3.36,0.221977613888889,3.37,0.222093201666667,3.37
0.222292146944444,3.36,0.222255333333333,3.36,0.222371071666667,3.37
0.222569962222222,3.36,0.222533191388889,3.37,0.222648663611111,3.37
0.222848135,3.37,0.222811115277778,3.37,0.222926805555556,3.37
0.223125889722222,3.36,0.223089159444444,3.37,0.223204952777778,3.37
0.223403582777778,3.37,0.223366946111111,3.37,0.223482543888889,3.37
0.223681391388889,3.37,0.223644506666667,3.36,0.223760756666667,3.36
0.223959294166667,3.36,0.223922095277778,3.37,0.224038338333333,3.37
0.224236871666667,3.37,0.224200168055556,3.37,0.224316494444444,3.36
0.224514886111111,3.36,0.22447786,3.37,0.224594658055556,3.37
0.224792641944444,3.36,0.224756069444444,3.37,0.224872290277778,3.37
0.225070709166667,3.36,0.2250337775,3.37,0.225150039722222,3.37
0.225348363055556,3.36,0.225311579444444,3.37,0.225428136388889,3.37
0.225625957777778,3.36,0.225589242222222,3.37,0.225706260833333,3.37
0.225903868333333,3.36,0.225867139444444,3.37,0.225984416944444,3.36
0.226181610833333,3.36,0.226145219444444,3.37,0.226262276944444,3.37
0.226459684166667,3.37,0.226423376111111,3.37,0.226540175555556,3.37
0.22673766,3.37,0.226700949722222,3.37,0.226818231111111,3.37
0.227015501388889,3.37,0.226979118888889,3.37,0.227096323055556,3.37
0.227293621944444,3.37,0.227256818333333,3.37,0.227374084166667,3.37
0.227571486944444,3.36,0.227534726111111,3.37,0.227651853333333,3.37
0.227849683055556,3.36,0.227812543611111,3.37,0.22792996,3.37
0.228127466944444,3.37,0.228090718333333,3.37,0.228207575555556,3.37
0.2284050475,3.36,0.228368600277778,3.37,0.228485663055556,3.37
0.228682940833333,3.36,0.228646242222222,3.37,0.228763780277778,3.37
0.228960870555556,3.37,0.2289243975,3.37,0.229041651111111,3.37
0.229238723055556,3.36,0.2292023375,3.37,0.22931924,3.37
0.229516429444444,3.37,0.229480296111111,3.37,0.229597386111111,3.37
0.229794557222222,3.36,0.229757795555556,3.37,0.229875520555556,3.37
0.2300722975,3.36,0.230036059444444,3.37,0.230153130277778,3.37
0.230349850555556,3.37,0.230313720555556,3.37,0.230431275833333,3.37
0.230627450833333,3.36,0.230592080555556,3.37,0.230708881944444,3.37
0.230905783055556,3.37,0.230869799166667,3.37,0.230987038333333,3.37
0.231183284444444,3.36,0.231148049722222,3.37,0.231264786111111,3.37
0.231461335833333,3.37,0.231425378055556,3.37,0.231542608055556,3.37
0.231738968888889,3.37,0.231703405833333,3.37,0.231820708333333,3.37
0.23201693,3.36,0.23198144,3.37,0.232098326666667,3.37
0.232295218055556,3.37,0.232259239444444,3.37,0.23237621,3.37
0.232573138333333,3.37,0.2325370775,3.37,0.232654343611111,3.37
0.232850921111111,3.37,0.232814976388889,3.37,0.232931935,3.37
0.233128662222222,3.37,0.233092858611111,3.37,0.233209803888889,3.37
0.233406556666667,3.37,0.233370961388889,3.37,0.233487949722222,3.37
0.233684743611111,3.37,0.233648676388889,3.37,0.233765540555556,3.37
0.233962494166667,3.37,0.233926493611111,3.37,0.234043409166667,3.37
0.234240690555556,3.37,0.23420428,3.37,0.234321554722222,3.37
0.234518341666667,3.37,0.234482127777778,3.37,0.2345997,3.37
0.234795865833333,3.37,0.234759815,3.37,0.234877291388889,3.37
0.235074052222222,3.37,0.235038121666667,3.37,0.235155436944444,3.37
0.235351594444444,3.37,0.235315695833333,3.37,0.235433590277778,3.37
0.235629473611111,3.37,0.235593493333333,3.37,0.235711173611111,3.37
0.235906969444444,3.37,0.235871396111111,3.37,0.235989319444444,3.37
0.236185399444444,3.37,0.236148976388889,3.37,0.236267465277778,3.37
0.236462895555556,3.37,0.236427024722222,3.37,0.236545056666667,3.37
0.236740495555556,3.37,0.236704981388889,3.37,0.236823201666667,3.37
0.237018635277778,3.37,0.2369828425,3.37,0.237101347777778,3.37
0.237296434722222,3.37,0.237260751666667,3.37,0.237378938333333,3.37
0.237574361944444,3.37,0.237538736666667,3.37,0.237657083888889,3.37
0.237851956944444,3.37,0.237816539444444,3.37,0.246073989444444,3.37
0.238130124722222,3.37,0.238094517222222,3.37,0.24635158,3.37
0.238407718888889,3.37,0.238372508055556,3.37,0.246629725833333,3.37
0.238685736388889,3.36,0.2386508,3.37,0.246907871388889,3.37
0.238963589444444,3.37,0.238928791111111,3.37,0.2471854625,3.37
0.239241665555556,3.37,0.239206813611111,3.37,0.247463608055556,3.37
0.239519559722222,3.37,0.239484585277778,3.37,0.247741753333333,3.37
0.239797314722222,3.37,0.239762655,3.37,0.248019344722222,3.37
0.240075005555556,3.37,0.240040638055556,3.37,0.248297490277778,3.37
0.240352878333333,3.37,0.240318515833333,3.37,0.248575635833333,3.37
0.240630478333333,3.37,0.240596435,3.37,0.2488532275,3.37
0.240908360555556,3.37,0.240874350277778,3.37,0.2491313725,3.37
0.241186390833333,3.37,0.241152415277778,3.37,0.249409525833333,3.37
0.241464790555556,3.37,0.241430117777778,3.37,0.249687109722222,3.37
0.241742941944444,3.37,0.241707921111111,3.37,0.249965256666667,3.37
0.242020565277778,3.37,0.241985865833333,3.37,0.250243408333333,3.37
0.242298722222222,3.37,0.242263805277778,3.37,0.2505209925,3.37
0.242576181666667,3.37,0.242541440833333,3.37,0.2507991375,3.37
0.242854243333333,3.37,0.242819419722222,3.37,0.251077283611111,3.37
0.243132479722222,3.37,0.243097011388889,3.37,0.251354874722222,3.37
0.243410484444444,3.37,0.243374928333333,3.37,0.251633020277778,3.37
0.243688123611111,3.37,0.243652706666667,3.37,0.251911165555556,3.37
0.243965793333333,3.37,0.243930827777778,3.37,0.252188765833333,3.37
0.244243948333333,3.37,0.244208540833333,3.37,0.2524669025,3.37
0.244521543055556,3.37,0.2444860225,3.37,0.252745055277778,3.37
0.244799564444444,3.37,0.244764083055556,3.37,0.253022641388889,3.37
0.245077192222222,3.37,0.245042245277778,3.37,0.253300507777778,3.37
0.245355198333333,3.37,0.245320066666667,3.37,0.253578653333333,3.37
0.245632876944444,3.37,0.245597573611111,3.37,0.253856245,3.37
0.245910886388889,3.37,0.245875691666667,3.37,0.254134113333333,3.37
0.246188471666667,3.37,0.246153478888889,3.37,0.254412258611111,3.37
0.246466056388889,3.37,0.246431358611111,3.37,0.254690403888889,3.37
0.246744277777778,3.37,0.246709002777778,3.37,0.254967996111111,3.37
0.247021791944444,3.37,0.246987060555556,3.37,0.255246141111111,3.37
0.247299423611111,3.37,0.247265072222222,3.38,0.255524293611111,3.37
0.247577941388889,3.37,0.247542614444444,3.37,0.255801877777778,3.37
0.247855511666667,3.37,0.247820124444444,3.38,0.256080022777778,3.37
0.248133054444444,3.37,0.248098149722222,3.37,0.256357899444444,3.37
0.248411087222222,3.37,0.248376230833333,3.37,0.256635483055556,3.37
0.248688766388889,3.37,0.248653873888889,3.38,0.256913629166667,3.37
0.248966748333333,3.37,0.248931876944444,3.37,0.257191774166667,3.38
0.249244426388889,3.37,0.249209621111111,3.37,0.257469365555556,3.37
0.249522626944444,3.36,0.249487773611111,3.38,0.257747511111111,3.37
0.249800466388889,3.37,0.249765965833333,3.38,0.258025656111111,3.37
0.250078041666667,3.37,0.250043470277778,3.37,0.258303248055556,3.37
0.250355707222222,3.37,0.250321688888889,3.37,0.258581393611111,3.37
0.250633709722222,3.37,0.250599493611111,3.38,0.258859539444444,3.37
0.2509117725,3.37,0.250877199444444,3.37,0.2591371325,3.37
0.251189396666667,3.37,0.251154992222222,3.37,0.259415275277778,3.37
0.251467511388889,3.37,0.2514330175,3.37,0.259693420555556,3.37
0.251745378888889,3.37,0.251710663888889,3.38,0.259971017777778,3.37
0.2520231925,3.37,0.251988460277778,3.38,0.2602491575,3.37
0.252301069722222,3.37,0.252266076944444,3.38,0.260527303888889,3.37
0.252578484166667,3.37,0.252543840555556,3.38,0.260804894722222,3.37
0.252856651944444,3.37,0.252821861666667,3.38,0.261083041388889,3.37
0.253134348611111,3.37,0.253099641388889,3.38,0.261361185555556,3.37
0.253412091944444,3.37,0.253377272777778,3.37,0.261638785,3.37
0.253690088888889,3.37,0.253655145833333,3.38,0.261916923888889,3.37
0.253968051388889,3.37,0.253933259166667,3.38,0.262195068055556,3.38
0.254245848611111,3.37,0.254211247222222,3.37,0.262472659722222,3.37
0.254523548055556,3.37,0.254489271944444,3.38,0.262750812777778,3.38
0.254801348333333,3.37,0.254767113333333,3.38,0.263028950555556,3.37
0.255079503333333,3.37,0.255044804722222,3.37,0.263306541944444,3.37
0.25535738,3.37,0.255322935555556,3.37,0.263584695555556,3.37
0.255635101388889,3.37,0.255601107222222,3.37,0.2638628325,3.38
0.255913019444444,3.37,0.255879151666667,3.38,0.264140431666667,3.37
0.256190771111111,3.37,0.256156557777778,3.38,0.26441857,3.37
0.256468809722222,3.37,0.2564344425,3.38,0.264696715555556,3.38
0.256746811388889,3.37,0.256712188333333,3.38,0.264974306388889,3.38
0.257024208333333,3.37,0.256990059444444,3.38,0.265252175,3.38
0.257302400277778,3.37,0.257267966666667,3.38,0.265530328055556,3.38
0.257580322777778,3.37,0.257545743611111,3.38,0.265807911666667,3.38
0.257858276388889,3.37,0.257823632777778,3.37,0.266085780555556,3.38
0.258136246944444,3.37,0.258101703333333,3.38,0.266363926111111,3.38
0.258414203888889,3.37,0.258379626944444,3.37,0.266642071666667,3.37
0.258691955277778,3.37,0.258657519166667,3.38,0.2669196625,3.38
0.258969541666667,3.37,0.258935171944444,3.38,0.267197808333333,3.37
0.259247829722222,3.37,0.259212832777778,3.38,0.267475953611111,3.37
0.259525841388889,3.37,0.259490818333333,3.38,0.267753545277778,3.37
0.259803632222222,3.37,0.259768559722222,3.38,0.268031690555556,3.38
0.260081284722222,3.37,0.260046367777778,3.38,0.268309836111111,3.38
0.260359408055556,3.37,0.260324128888889,3.38,0.268587427777778,3.38
0.260637274166667,3.37,0.260601983611111,3.38,0.268865572777778,3.37
0.2609149075,3.37,0.260879540833333,3.38,0.269143718888889,3.38
0.261192887222222,3.37,0.261157776111111,3.38,0.269421309444444,3.37
0.261470468611111,3.37,0.261435908055556,3.38,0.269699455555556,3.38
0.261748276388889,3.37,0.261713926111111,3.38,0.269977325277778,3.37
0.262026487222222,3.37,0.261991901666667,3.38,0.270254915277778,3.37
0.262304170555556,3.37,0.262269268611111,3.38,0.270533060277778,3.37
0.262582380833333,3.37,0.262547364444444,3.37,0.270811214166667,3.38
0.262860091388889,3.37,0.262825423333333,3.38,0.271088797777778,3.37
0.263138086666667,3.38,0.263103146388889,3.38,0.271366944444444,3.38
0.263416051666667,3.37,0.263381220833333,3.38,0.271645096111111,3.38
0.263694306111111,3.37,0.263659491388889,3.37,0.2719226875,3.37
0.263971974722222,3.37,0.263937088055556,3.38,0.272200825555556,3.38
0.264249878333333,3.37,0.264214806666667,3.38,0.272478970555556,3.38
0.264527664722222,3.37,0.264492645555556,3.38,0.272756561666667,3.38
0.264805229444444,3.37,0.264770472222222,3.38,0.273034439444444,3.38
0.265083400555556,3.37,0.265048054722222,3.38,0.273312575833333,3.37
0.265361153055556,3.37,0.265326153888889,3.38,0.273590167777778,3.38
0.265638848055556,3.37,0.265604234722222,3.38,0.273868313611111,3.38
0.265916709166667,3.37,0.265882155,3.38,0.274146458055556,3.38
0.266194535833333,3.37,0.266159956944444,3.38,0.274424049722222,3.37
0.266472301111111,3.37,0.266437658611111,3.38,0.274702195555556,3.37
0.266750103888889,3.37,0.266715865555556,3.38,0.274980341111111,3.38
0.267027561944444,3.37,0.266993611388889,3.38,0.275257932222222,3.38
0.267305637222222,3.37,0.267271657222222,3.38,0.275536078055556,3.37
0.267583800555556,3.37,0.267549531111111,3.38,0.275814223611111,3.38
0.267861348611111,3.37,0.267827395833333,3.38,0.276091815277778,3.38
0.268139491111111,3.37,0.268105281666667,3.38,0.27636996,3.37
0.268417701944444,3.37,0.268382935277778,3.38,0.276648105833333,3.38
0.2686951525,3.37,0.268660708611111,3.38,0.276925696944444,3.38
0.268973413055556,3.37,0.268938381666667,3.38,0.277203843333333,3.38
0.269250835277778,3.37,0.269216466388889,3.38,0.277481991666667,3.38
0.269528757777778,3.37,0.269494197222222,3.38,0.277759580277778,3.38
0.269806431388889,3.37,0.269772138333333,3.38,0.278037448055556,3.38
0.2700843775,3.37,0.270049966388889,3.38,0.278315593333333,3.38
0.270362254444444,3.37,0.270328064722222,3.38,0.278593738333333,3.38
0.270640102777778,3.37,0.270605762777778,3.38,0.278871330277778,3.38
0.270918031666667,3.37,0.270883406111111,3.38,0.279149483611111,3.38
0.271195760555556,3.37,0.271161238888889,3.38,0.279427621111111,3.38
0.271473552777778,3.37,0.271439056111111,3.38,0.279705213055556,3.38
0.271751724166667,3.37,0.271717166388889,3.38,0.279983371111111,3.38
0.272029398055556,3.37,0.271994631666667,3.38,0.280261503611111,3.38
0.272306946944444,3.37,0.272272601111111,3.38,0.280539094722222,3.38
0.272585332777778,3.37,0.272550379444444,3.38,0.280817240277778,3.38
0.272863219722222,3.37,0.272828080833333,3.38,0.281095390555556,3.38
0.273140953055556,3.38,0.273106524444444,3.38,0.281372977777778,3.38
0.273418928611111,3.37,0.27338423,3.38,0.281651123055556,3.38
0.273696536944444,3.37,0.273662138333333,3.38,0.281929267777778,3.38
0.273974602777778,3.37,0.273940215277778,3.38,0.2822068675,3.38
0.274252487777778,3.37,0.274217649166667,3.38,0.282485004722222,3.38
0.274530427222222,3.37,0.274495696666667,3.38,0.282762880833333,3.38
0.274808437777778,3.37,0.274773563055556,3.38,0.283040465555556,3.38
0.275086242222222,3.37,0.275051675833333,3.38,0.283318618611111,3.38
0.275363901111111,3.38,0.275329563888889,3.38,0.283596756944444,3.38
0.275641767222222,3.37,0.275607714722222,3.38,0.283874346944444,3.38
0.275919806944444,3.38,0.275885173611111,3.38,0.284152225833333,3.38
0.276197702222222,3.37,0.276163544444444,3.38,0.284430360833333,3.38
0.276475546111111,3.37,0.2764413775,3.38,0.284707953333333,3.38
0.27675349,3.37,0.276718930277778,3.38,0.284986098055556,3.38
0.277031364444444,3.38,0.276996937777778,3.38,0.285263970555556,3.38
0.277309001388889,3.38,0.277274629722222,3.38,0.285541565,3.38
0.277587040555556,3.37,0.277552543888889,3.38,0.285819710555556,3.38
0.277864484722222,3.38,0.277830170833333,3.38,0.286097856111111,3.38
0.278142650555556,3.38,0.278108031388889,3.38,0.286375440277778,3.38
0.2784205575,3.37,0.2783855725,3.38,0.286653316388889,3.38
0.278698305555556,3.37,0.278663651388889,3.38,0.286931177777778,3.38
0.278976601111111,3.38,0.278941206111111,3.38,0.287208777777778,3.38
0.279254191388889,3.38,0.279219452777778,3.38,0.287486914166667,3.38
0.279532146666667,3.37,0.279497056666667,3.38,0.287765066666667,3.38
0.2798101,3.37,0.279774885555556,3.38,0.288042660555556,3.38
0.280087898055556,3.38,0.280053049444444,3.38,0.288320796666667,3.38
0.280365664166667,3.38,0.280330915,3.38,0.288598941944444,3.38
0.280643343611111,3.38,0.280608581666667,3.38,0.288876541666667,3.38
0.280921236388889,3.37,0.280886254444444,3.38,0.289154688055556,3.38
0.281198779722222,3.37,0.281164098055556,3.38,0.289432824444444,3.38
0.2814766175,3.37,0.281441485555556,3.38,0.289710415555556,3.38
0.281754620277778,3.37,0.281720081388889,3.38,0.2899882925,3.38
0.282032424166667,3.37,0.281997754166667,3.38,0.2902664375,3.38
0.282310431666667,3.38,0.282275356388889,3.38,0.290544029722222,3.38
0.282588016666667,3.38,0.282553156388889,3.38,0.290822166944444,3.38
0.282866076388889,3.37,0.282830910277778,3.38,0.291100320555556,3.38
0.283144000555556,3.38,0.283108679722222,3.38,0.291377911944444,3.38
0.283421749722222,3.37,0.283386239166667,3.38,0.291655774166667,3.38
0.283699543055556,3.37,0.283664393333333,3.38,0.291933926388889,3.38
0.283976919722222,3.38,0.283942515833333,3.38,0.292212071111111,3.38
0.284255062777778,3.38,0.284220196388889,3.38,0.292489654722222,3.38
0.284532853611111,3.38,0.284497855,3.38,0.292767799166667,3.38
0.284810292222222,3.37,0.284775662222222,3.38,0.293045675,3.38
0.285088233611111,3.38,0.285053878055556,3.38,0.293323262222222,3.38
0.285366274444444,3.38,0.28533167,3.38,0.293601405,3.38
0.285644121666667,3.37,0.2856092075,3.38,0.293879281944444,3.38
0.285922322222222,3.37,0.285886811666667,3.38,0.294156873888889,3.38
0.286199852222222,3.37,0.286164961666667,3.38,0.294435018611111,3.38
0.286477729166667,3.37,0.286442813611111,3.38,0.2947128875,3.38
0.286756007777778,3.38,0.286720876111111,3.38,0.294990495555556,3.38
0.287033706388889,3.37,0.286998918055556,3.38,0.29526864,3.38
0.287311568333333,3.37,0.287276558611111,3.38,0.2955467775,3.38
0.287589384444444,3.38,0.287554241388889,3.38,0.295824376944444,3.38
0.287867459444444,3.37,0.287832505,3.38,0.296102513333333,3.38
0.288145261944444,3.37,0.288110070555556,3.38,0.29638066,3.38
0.288422951388889,3.37,0.288387966111111,3.38,0.296658264722222,3.38
0.2887009075,3.38,0.288665838333333,3.38,0.296936432222222,3.38
0.288978480833333,3.38,0.288943608888889,3.38,0.297214032777778,3.38
0.289256153333333,3.38,0.289221355833333,3.38,0.297492168888889,3.38
0.289534508055556,3.37,0.289499227222222,3.38,0.297770315,3.38
0.289812141388889,3.37,0.2897766,3.38,0.298047928888889,3.38
0.290089990833333,3.38,0.290054515277778,3.38,0.298326065277778,3.38
0.290367957222222,3.37,0.290332343888889,3.38,0.29860422,3.38
0.290645913333333,3.38,0.290610278888889,3.38,0.298881811111111,3.38
0.290924112222222,3.38,0.290887913333333,3.38,0.299159948888889,3.38
0.291201789444444,3.37,0.291165824166667,3.38,0.299438101944444,3.38
0.291479965,3.37,0.291443888333333,3.38,0.299715694722222,3.38
0.291757937222222,3.37,0.291721494166667,3.38,0.299993561666667,3.38
0.292035631388889,3.38,0.291999463611111,3.38,0.300271698888889,3.38
0.292313415,3.38,0.292276992777778,3.38,0.300549843888889,3.38
0.292591323888889,3.38,0.292554936944444,3.38,0.300827435833333,3.38
0.292869154444444,3.38,0.292832488333333,3.38,0.301105313611111,3.38
0.29314693,3.38,0.293110239444444,3.38,0.301383178055556,3.38
0.293425100277778,3.37,0.293387979444444,3.38,0.301660771666667,3.38
0.293702798333333,3.37,0.293666152777778,3.38,0.301938909444444,3.38
0.293980708055556,3.38,0.293944168888889,3.38,0.302217063888889,3.38
0.294258913333333,3.38,0.294221595,3.38,0.302494663055556,3.38
0.294536631666667,3.38,0.2944995625,3.38,0.3027728175,3.38
0.294814775833333,3.38,0.2947773975,3.38,0.303050686388889,3.38
0.295092573333333,3.38,0.295055182222222,3.38,0.303328268333333,3.38
0.295370437222222,3.38,0.2953329775,3.38,0.303606423055556,3.38
0.295648076666667,3.38,0.295610913611111,3.38,0.303884568333333,3.38
0.295926097222222,3.37,0.295888781111111,3.38,0.304162150555556,3.38
0.296204186388889,3.38,0.296166638888889,3.38,0.304440307222222,3.38
0.296481997222222,3.38,0.296444547777778,3.38,0.304718174444444,3.38
0.296759690555556,3.37,0.296722538333333,3.38,0.304995765,3.38
0.297037586111111,3.38,0.297000343055556,3.38,0.305273901944444,3.38
0.297315695277778,3.38,0.297278120277778,3.38,0.305552057222222,3.38
0.297593310555556,3.38,0.297556060555556,3.38,0.305829639444444,3.38
0.297871133888889,3.38,0.297834462222222,3.38,0.306107796666667,3.38
0.298149121111111,3.38,0.298112391666667,3.38,0.306385941388889,3.38
0.298426677777778,3.37,0.298390326944444,3.38,0.306663541944444,3.38
0.298704614444444,3.37,0.298668144444444,3.38,0.306941678888889,3.38
0.298982141388889,3.38,0.298946331388889,3.38,0.307219832777778,3.38
0.299260115277778,3.38,0.299224189166667,3.38,0.307497415277778,3.38
0.299537769444444,3.37,0.299502041666667,3.38,0.307775561111111,3.38
0.299815737777778,3.38,0.299780110277778,3.38,0.308053705555556,3.38
0.300093547777778,3.38,0.300058333611111,3.38,0.3083313075,3.38
0.300371486111111,3.38,0.300336001666667,3.38,0.308609452222222,3.38
0.300649072777778,3.38,0.30061381,3.38,0.308887589166667,3.38
0.30092698,3.38,0.300891929166667,3.38,0.309165188611111,3.38
0.301204773888889,3.38,0.301169573333333,3.38,0.309443342777778,3.38
0.301482686388889,3.38,0.301447603611111,3.38,0.309721507222222,3.38
0.301760518888889,3.38,0.3017256825,3.38,0.309999098333333,3.38
0.3020380375,3.37,0.302003842777778,3.38,0.310277235277778,3.38
0.302316003055556,3.38,0.302281703611111,3.38,0.310555389444444,3.38
0.302593865,3.38,0.302559346944444,3.38,0.310832972222222,3.38
0.302871634722222,3.38,0.302837037222222,3.38,0.311111124722222,3.38
0.303149540555556,3.38,0.303114846944444,3.38,0.311389263055556,3.38
0.303427238611111,3.38,0.303393020277778,3.38,0.311666853888889,3.38
0.303704905,3.38,0.303670885277778,3.38,0.311944999166667,3.38
0.303982961944444,3.38,0.303948815833333,3.38,0.312223153055556,3.38
0.304261371944444,3.38,0.304226505,3.38,0.312500741388889,3.38
0.304539372777778,3.38,0.304504103888889,3.38,0.312778881666667,3.38
0.304817259444444,3.38,0.304782391944444,3.38,0.313057035,3.38
0.305095248888889,3.38,0.305060395,3.38,0.3133346275,3.38
0.305373126111111,3.38,0.305338295,3.38,0.313612764444444,3.38
0.305650959444444,3.37,0.305616058333333,3.38,0.313890921944444,3.38
0.305928799444444,3.38,0.305894010555556,3.38,0.314168500833333,3.38
0.306206422222222,3.38,0.306171916388889,3.38,0.314446690833333,3.38
0.306484150555556,3.38,0.306449711666667,3.38,0.314724835555556,3.38
0.306762121666667,3.38,0.306727375277778,3.38,0.315002419166667,3.38
0.307039729722222,3.38,0.307005200277778,3.38,0.315280623611111,3.38
0.307318231944444,3.38,0.307283745833333,3.38,0.315558223611111,3.38
0.307595505833333,3.38,0.307561347222222,3.38,0.315836378333333,3.38
0.307873691666667,3.38,0.307839309722222,3.38,0.316114523333333,3.38
0.308151564722222,3.38,0.308117341388889,3.38,0.316392107222222,3.38
0.308429744722222,3.38,0.308395026944444,3.38,0.316670251666667,3.38
0.308707581111111,3.38,0.308672849166667,3.38,0.316948406111111,3.38
0.308985476666667,3.38,0.308950698055556,3.38,0.317225988611111,3.38
0.309263504722222,3.38,0.309228498888889,3.38,0.317504135,3.38
0.309541318333333,3.38,0.309506464166667,3.38,0.31778228,3.38
0.309819201944444,3.38,0.309784274722222,3.38,0.318059879722222,3.38
0.310097175277778,3.38,0.310062127222222,3.38,0.318338025,3.38
0.310374698611111,3.38,0.310340008055556,3.38,0.318616171111111,3.38
0.310652788611111,3.38,0.310617986944444,3.38,0.318893760833333,3.38
0.310930310277778,3.38,0.3108956525,3.38,0.319171908888889,3.38
0.311208456666667,3.37,0.311173876666667,3.38,0.319450063333333,3.38
0.311486056111111,3.38,0.311451666111111,3.38,0.319727655555556,3.38
0.311764185833333,3.38,0.311729496388889,3.38,0.320005791388889,3.38
0.312042038333333,3.38,0.312007765277778,3.38,0.320283945555556,3.38
0.312319668611111,3.38,0.312285235277778,3.38,0.320561554444444,3.38
0.312598125,3.38,0.312563171111111,3.38,0.320839425,3.38
0.312875802222222,3.37,0.312841066666667,3.38,0.321117568333333,3.38
0.313153685277778,3.38,0.313118856944444,3.38,0.321395160277778,3.38
0.313431482777778,3.38,0.313396755277778,3.38,0.321673039166667,3.38
0.313709630555556,3.38,0.313674626111111,3.38,0.321951174444444,3.38
0.313987626111111,3.38,0.313952477222222,3.38,0.322228774166667,3.38
0.314265749722222,3.38,0.314230605833333,3.38,0.322506919444444,3.38
0.314543308611111,3.38,0.314508365,3.38,0.322785075833333,3.38
0.314821335277778,3.38,0.314785946111111,3.38,0.323062667222222,3.38
0.315098866388889,3.38,0.315064110555556,3.38,0.323340810555556,3.38
0.315377002222222,3.38,0.3153418825,3.38,0.323618948333333,3.38
0.315654774722222,3.38,0.315620001666667,3.38,0.323896541111111,3.38
0.315932806666667,3.38,0.315897443888889,3.38,0.324174685833333,3.38
0.316210780555556,3.38,0.3161755825,3.38,0.324452840555556,3.38
0.316488658055556,3.38,0.316453391944444,3.38,0.3247304225,3.38
0.316766116944444,3.38,0.3167313,3.38,0.3250085775,3.38
0.317044001111111,3.38,0.3170090425,3.38,0.325286722222222,3.38
0.317321943611111,3.38,0.317286814722222,3.38,0.3255643125,3.38
0.317599990555556,3.38,0.317564753611111,3.38,0.325842459722222,3.38
0.317878012222222,3.38,0.317842536388889,3.38,0.326120614444444,3.38
0.3181561825,3.38,0.318120408055556,3.38,0.326398206666667,3.38
0.318434215277778,3.38,0.318398110833333,3.38,0.326676343888889,3.38
0.318712045,3.38,0.318675946111111,3.38,0.326954489444444,3.38
0.318989757777778,3.38,0.318953624722222,3.38,0.32723209,3.38
0.319267548611111,3.38,0.319231497222222,3.38,0.327509948333333,3.38
0.319545306944444,3.38,0.319509457777778,3.38,0.327788094722222,3.38
0.319822946388889,3.37,0.319787062777778,3.38,0.328065694722222,3.38
0.320100576388889,3.38,0.320065301388889,3.38,0.328343561944444,3.38
0.320378697777778,3.38,0.320342856388889,3.38,0.3286217,3.38
0.320656618888889,3.37,0.320620659444444,3.38,0.328899300277778,3.38
0.320934179444444,3.38,0.32089842,3.38,0.32917716,3.38
0.321212228611111,3.38,0.321176254166667,3.38,0.329455304444444,3.38
0.321489883888889,3.38,0.321454539444444,3.38,0.329733458888889,3.38
0.321768268888889,3.38,0.321732239722222,3.38,0.330011050833333,3.38
0.322046178055556,3.38,0.322010251388889,3.38,0.330289187222222,3.38
0.322324097777778,3.38,0.322288110833333,3.38,0.330566924722222,3.38
0.322602076111111,3.37,0.322565778888889,3.38,0.33084505,3.38
0.322879406944444,3.38,0.322843825555556,3.38,0.331122649722222,3.38
0.323157474166667,3.38,0.323121954166667,3.38,0.331400795555556,3.38
0.323435662777778,3.38,0.323400036111111,3.38,0.331678664722222,3.38
0.323713296388889,3.38,0.323677918055556,3.38,0.331956246666667,3.38
0.323991083055556,3.38,0.323955768333333,3.38,0.332234123611111,3.38
0.324268942222222,3.38,0.324233710833333,3.38,0.332512261111111,3.38
0.324546823055556,3.38,0.324511674166667,3.38,0.332789865,3.38
0.3248247,3.38,0.324789533611111,3.38,0.333067729444444,3.38
0.325102806111111,3.38,0.325067608333333,3.38,0.333345874444444,3.38
0.325380669166667,3.38,0.3253456725,3.38,0.333624020555556,3.38
0.325658295833333,3.38,0.325623641388889,3.38,0.33390161,3.38
0.325936503055556,3.38,0.325901434722222,3.38,0.334179755555556,3.38
0.326214236944444,3.38,0.326179144722222,3.38,0.334457901388889,3.38
0.326492261944444,3.38,0.326456900555556,3.38,0.334735503333333,3.38
0.326770298888889,3.38,0.326734724444444,3.38,0.335013640555556,3.38
0.3270482075,3.38,0.327012684722222,3.38,0.335291518611111,3.38
0.327325951666667,3.38,0.327290385,3.38,0.335569109722222,3.38
0.327603669722222,3.38,0.3275681825,3.38,0.335847255,3.38
0.327881363611111,3.38,0.327845910833333,3.38,0.336125398888889,3.38
0.328159114166667,3.38,0.328123974722222,3.38,0.336402983333333,3.38
0.328437094166667,3.38,0.328401939722222,3.38,0.336680859722222,3.38
0.328714469444444,3.38,0.328679872222222,3.38,0.336958729722222,3.38
0.328992371944444,3.38,0.328957881666667,3.38,0.337236310555556,3.38
0.329270315277778,3.38,0.329235873888889,3.38,0.337514465833333,3.38
0.329548349722222,3.38,0.329513534722222,3.38,0.337792611111111,3.38
0.329826421944444,3.38,0.329791188333333,3.38,0.338070202222222,3.38
0.330104396388889,3.38,0.330069127777778,3.38,0.338348338888889,3.38
0.330382433333333,3.38,0.330346978055556,3.38,0.338626484166667,3.38
0.330660517222222,3.38,0.330624809166667,3.38,0.338904085833333,3.38
0.330938363611111,3.38,0.3309026425,3.38,0.33918223,3.38
0.331216330277778,3.38,0.331180621388889,3.38,0.339460366666667,3.38
0.331494179722222,3.38,0.331458175555556,3.38,0.339737967222222,3.38
0.331772211111111,3.38,0.331736129444444,3.38,0.3400161125,3.38
0.332049753888889,3.38,0.332014189166667,3.38,0.340294258611111,3.38
0.332327806388889,3.38,0.332291893333333,3.38,0.340571849166667,3.38
0.3326056925,3.38,0.332569641111111,3.38,0.340849995555556,3.38
0.332883359444444,3.38,0.332847425555556,3.38,0.341128140277778,3.38
0.333161194444444,3.38,0.333125067777778,3.38,0.341405731666667,3.38
0.333439094166667,3.38,0.33340315,3.38,0.341683878055556,3.38
0.333716963888889,3.38,0.333681418333333,3.38,0.3419620225,3.38
0.333994975,3.38,0.333958986111111,3.38,0.342239605833333,3.38
0.334273194722222,3.38,0.334237291388889,3.38,0.342517759166667,3.38
0.334550846944444,3.38,0.334515200555556,3.38,0.342795905833333,3.38
0.334828378611111,3.38,0.334793181666667,3.38,0.343073496944444,3.38
0.335106485555556,3.38,0.335070968055556,3.38,0.343351633055556,3.38
0.335384245277778,3.38,0.335349025277778,3.38,0.343629787777778,3.38
0.335662023333333,3.38,0.335626647777778,3.38,0.343907378611111,3.38
0.335939415555556,3.38,0.3359047225,3.38,0.344185525,3.38
0.336217459444444,3.38,0.336182553333333,3.38,0.344463669444444,3.38
0.336495356666667,3.38,0.336460008055556,3.38,0.344741260833333,3.38
0.336773625555556,3.38,0.3367379875,3.38,0.345019406944444,3.38
0.337051133055556,3.38,0.337015802777778,3.38,0.345297266388889,3.38
0.337328981111111,3.38,0.3372937225,3.38,0.345574866388889,3.38
0.337606808333333,3.38,0.337571434166667,3.38,0.345853011111111,3.38
0.337884783611111,3.38,0.337849375277778,3.38,0.3461311675,3.38
0.338162607777778,3.38,0.338127071111111,3.38,0.346408761111111,3.38
0.338440611944444,3.38,0.338404936111111,3.38,0.346686904444444,3.38
0.338718333611111,3.38,0.338682999444444,3.38,0.346965049444444,3.38
0.338995843055556,3.38,0.3389607225,3.38,0.347242641388889,3.38
0.339274066944444,3.38,0.339238572777778,3.38,0.347520786944444,3.38
0.339551820277778,3.38,0.339516486388889,3.38,0.347798931388889,3.38
0.339829501944444,3.38,0.339794258055556,3.38,0.348076523055556,3.38
0.340107371111111,3.38,0.340072000555556,3.38,0.348354400833333,3.38
0.340385252777778,3.38,0.340349809722222,3.38,0.348632546111111,3.38
0.340663795555556,3.37,0.340627661111111,3.38,0.348910136388889,3.38
0.340941437222222,3.38,0.340906123333333,3.38,0.349188005833333,3.38
0.341219290833333,3.38,0.341183703888889,3.38,0.349466142222222,3.38
0.341496911388889,3.38,0.341461447222222,3.38,0.349744288055556,3.38
0.341775233611111,3.38,0.341739253611111,3.38,0.350021888888889,3.38
0.342052806111111,3.38,0.342016818888889,3.38,0.350299749722222,3.38
0.342330625555556,3.38,0.342295262777778,3.38,0.350577893888889,3.38
0.342608608611111,3.38,0.342572958888889,3.38,0.350855493611111,3.38
0.342886483055556,3.38,0.342850833333333,3.38,0.351133638888889,3.38
0.343164201944444,3.38,0.343128631111111,3.38,0.351411775555556,3.38
0.343442150555556,3.38,0.343406391666667,3.38,0.351689378611111,3.38
0.343720327777778,3.38,0.3436840175,3.38,0.3519675125,3.38
0.343997739444444,3.38,0.3439621625,3.38,0.352245658611111,3.38
0.344275736111111,3.38,0.344240066666667,3.38,0.352523249722222,3.38
0.344553616944444,3.38,0.344517965,3.38,0.352801127777778,3.38
0.344831704166667,3.38,0.3447958725,3.38,0.3530792725,3.38
0.345109322777778,3.38,0.345073478055556,3.38,0.353356854722222,3.38
0.345387556388889,3.38,0.345351209444444,3.38,0.353634725,3.38
0.345665276666667,3.38,0.3456287525,3.38,0.353912868333333,3.38
0.345943027222222,3.38,0.345906849722222,3.38,0.354190460555556,3.38
0.346220822777778,3.38,0.346184687777778,3.38,0.354468605833333,3.38
0.346498577222222,3.38,0.346462274166667,3.38,0.354746750833333,3.38
0.346776793888889,3.38,0.346740098888889,3.38,0.3550243525,3.39
0.347054788611111,3.38,0.347017644444444,3.38,0.355302219722222,3.38
0.347332664166667,3.38,0.34729577,3.38,0.355580356666667,3.38
0.347610214444444,3.38,0.3475734475,3.38,0.355857956944444,3.38
0.347888261388889,3.38,0.347851310277778,3.38,0.356136103888889,3.38
0.348165866666667,3.38,0.348128806666667,3.38,0.356414238888889,3.38
0.348443551944444,3.38,0.3484069925,3.38,0.356691839722222,3.38
0.34872177,3.38,0.348684960277778,3.38,0.356969975833333,3.38
0.348999364166667,3.38,0.348962610555556,3.38,0.357248121388889,3.38
0.349277706111111,3.38,0.349240797777778,3.38,0.357525721388889,3.38
0.349555311666667,3.38,0.349518506111111,3.38,0.357803857777778,3.38
0.349833078333333,3.38,0.349796238611111,3.38,0.358082003333333,3.38
0.350110956388889,3.38,0.350074221666667,3.38,0.358359595,3.38
0.350388804722222,3.38,0.350352015,3.38,0.358637749166667,3.38
0.350666661944444,3.38,0.350629997222222,3.38,0.358915885555556,3.38
0.350944561388889,3.38,0.350907980555556,3.38,0.359193486111111,3.38
0.351222289444444,3.38,0.351186045555556,3.38,0.359471646944444,3.38
0.351499796388889,3.38,0.351463968055556,3.38,0.359749791388889,3.38
0.3517774725,3.38,0.351741621666667,3.38,0.360027383055556,3.38
0.352055659166667,3.38,0.352019253055556,3.38,0.36030553,3.38
0.352333391111111,3.38,0.352297038611111,3.38,0.360583669166667,3.38
0.352611268055556,3.38,0.352574893888889,3.38,0.360861257222222,3.38
0.352889198888889,3.38,0.352852759166667,3.38,0.361139410833333,3.38
0.353167256666667,3.38,0.353130465277778,3.38,0.361417556388889,3.38
0.353445196944444,3.38,0.353408495277778,3.38,0.361695147777778,3.38
0.353723161944444,3.38,0.353685968888889,3.38,0.361973303055556,3.38
0.354000969722222,3.38,0.353964382222222,3.38,0.362251456944444,3.38
0.354278591388889,3.38,0.354242487222222,3.38,0.362529075,3.38
0.354556568333333,3.38,0.354519883611111,3.38,0.362807221666667,3.38
0.354834720555556,3.38,0.354797636111111,3.38,0.36308536,3.38
0.355112633888889,3.38,0.355075801666667,3.38,0.363362949722222,3.38
0.355390376666667,3.38,0.355353956111111,3.38,0.363641103611111,3.38
0.355668085277778,3.38,0.355631418611111,3.38,0.363919239444444,3.38
0.35594619,3.38,0.355909145277778,3.38,0.364196840555556,3.38
0.3562238825,3.38,0.356186775,3.38,0.364474985555556,3.38
0.3565020225,3.38,0.356464921111111,3.38,0.364753131666667,3.38
0.356779703333333,3.38,0.356742714722222,3.38,0.365030713611111,3.38
0.357057395,3.38,0.357020932222222,3.38,0.365308867777778,3.38
0.357335746388889,3.38,0.357298969722222,3.38,0.365587013611111,3.38
0.357613207222222,3.38,0.3575768025,3.38,0.365864604444444,3.38
0.357891104444444,3.38,0.357854418888889,3.38,0.366142750833333,3.38
0.358168978333333,3.38,0.358132366666667,3.38,0.366420895555556,3.38
0.358446607222222,3.38,0.358410254722222,3.38,0.366698486944444,3.39
0.358724708055556,3.38,0.358688249166667,3.39,0.366976633333333,3.38
0.359002945277778,3.38,0.358966087777778,3.38,0.367254769444444,3.38
0.359280675277778,3.38,0.359243587222222,3.38,0.3675323625,3.38
0.359558321944444,3.38,0.359521469722222,3.38,0.367810507222222,3.38
0.35983621,3.38,0.359799235833333,3.38,0.368088651944444,3.38
0.360113936111111,3.38,0.360076979722222,3.38,0.3683662525,3.38
0.360391615,3.38,0.360354797777778,3.38,0.368644397222222,3.38
0.360669401111111,3.38,0.360632846944444,3.38,0.368922543888889,3.38
0.360947254444444,3.38,0.360910889722222,3.38,0.369200679722222,3.38
0.361224987222222,3.38,0.361188433333333,3.38,0.369478271944444,3.38
0.361503111388889,3.38,0.361466448333333,3.38,0.369756424722222,3.38
0.361780506388889,3.38,0.361744151666667,3.38,0.370034571388889,3.38
0.362058761111111,3.38,0.362021785277778,3.38,0.370312153055556,3.38
0.362336330277778,3.38,0.362300058055556,3.38,0.370590021944444,3.38
0.362614201111111,3.38,0.362577603333333,3.39,0.3708679,3.38
0.362892703888889,3.38,0.362855609444444,3.38,0.371145490555556,3.38
0.363170005555556,3.38,0.363133371666667,3.38,0.371423627222222,3.38
0.363448062222222,3.38,0.363410946388889,3.38,0.371701781666667,3.38
0.363725944722222,3.38,0.363688951111111,3.38,0.3719793725,3.38
0.364003824444444,3.38,0.363966914166667,3.38,0.372257518888889,3.38
0.364281386666667,3.38,0.364244775833333,3.38,0.372535663611111,3.38
0.364559281388889,3.38,0.364522541666667,3.38,0.372813254722222,3.38
0.364836973611111,3.38,0.364800279722222,3.38,0.373091392777778,3.38
0.365115309444444,3.38,0.365078395,3.38,0.373369545833333,3.38
0.365393233055556,3.38,0.365356159444444,3.38,0.373647129166667,3.38
0.365670986388889,3.38,0.365633788333333,3.38,0.373925282777778,3.38
0.365948891944444,3.38,0.365912088888889,3.38,0.374203151666667,3.38
0.366226567777778,3.38,0.366189840277778,3.38,0.374480733611111,3.38
0.366504520555556,3.38,0.366467944722222,3.38,0.374758887222222,3.38
0.366782427222222,3.38,0.366745796666667,3.38,0.375037034444444,3.38
0.367060267222222,3.38,0.367023840277778,3.38,0.375314624722222,3.38
0.367337799444444,3.38,0.367301726944444,3.38,0.375592493611111,3.38
0.367615672222222,3.38,0.367579285833333,3.38,0.375870639722222,3.39
0.367893690833333,3.38,0.367857571111111,3.38,0.376148221111111,3.38
0.368171756111111,3.38,0.368135526666667,3.38,0.376426385277778,3.38
0.3684494075,3.38,0.368413166111111,3.38,0.376704255277778,3.38
0.368727381111111,3.38,0.368691109444444,3.38,0.376981836388889,3.38
0.36900525,3.38,0.3689690425,3.39,0.377259991388889,3.38
0.369283116944444,3.38,0.369246893611111,3.38,0.377537855,3.38
0.36956082,3.38,0.369525029166667,3.38,0.377815451111111,3.38
0.369839115277778,3.38,0.369802706388889,3.38,0.378093596388889,3.38
0.370116583888889,3.38,0.370080117222222,3.38,0.378371465555556,3.38
0.370394643055556,3.38,0.370358393333333,3.38,0.3786490475,3.38
0.370672567222222,3.38,0.370636385555556,3.38,0.378927192777778,3.38
0.370950480277778,3.38,0.370914270277778,3.38,0.379205338611111,3.38
0.371227929722222,3.38,0.371191995277778,3.38,0.379482930277778,3.38
0.371505576388889,3.38,0.371470270277778,3.38,0.379761084444444,3.38
0.37178375,3.38,0.371747982222222,3.38,0.380038955,3.39
0.372061641388889,3.38,0.372025889166667,3.38,0.380316543888889,3.38
0.372339449722222,3.38,0.372303421111111,3.38,0.380594413333333,3.38
0.372617546111111,3.38,0.372581117222222,3.39,0.380872558055556,3.38
0.37289538,3.38,0.3728591825,3.38,0.381150150555556,3.38
0.373173226944444,3.38,0.373136809722222,3.38,0.381428286111111,3.38
0.373450657777778,3.38,0.373414940555556,3.39,0.381706431666667,3.38
0.373728823055556,3.38,0.373692556388889,3.38,0.381984051666667,3.38
0.374006334444444,3.38,0.373970901666667,3.38,0.382262188333333,3.38
0.374284558055556,3.38,0.374248173888889,3.38,0.382540334444444,3.38
0.374562673611111,3.38,0.374526038055556,3.38,0.382817933333333,3.38
0.3748400975,3.38,0.374804469722222,3.39,0.383096071388889,3.38
0.375118154444444,3.38,0.375082048055556,3.38,0.383374216944444,3.38
0.375396041666667,3.38,0.375360223888889,3.38,0.383651823611111,3.38
0.37567385,3.38,0.375637989444444,3.39,0.383929968611111,3.38
0.37595163,3.38,0.375915910833333,3.39,0.384208098888889,3.38
0.376229303055556,3.38,0.376194233055556,3.38,0.384485698888889,3.38
0.376507285277778,3.38,0.376471676944444,3.39,0.384763568333333,3.38
0.376784795833333,3.38,0.376749627222222,3.38,0.385041713611111,3.38
0.377062991388889,3.38,0.377027495277778,3.38,0.385319303055556,3.38
0.377340505277778,3.38,0.377305265277778,3.38,0.3855971725,3.39
0.377618303888889,3.38,0.377582754166667,3.39,0.385875309444444,3.38
0.377895885,3.38,0.377860711944444,3.38,0.386153454722222,3.38
0.378173946666667,3.38,0.378138308611111,3.38,0.386431058611111,3.38
0.378451755,3.38,0.378416430555556,3.38,0.3867092125,3.38
0.378729383611111,3.38,0.378693918055556,3.38,0.386987348333333,3.38
0.379007161111111,3.38,0.378972011666667,3.38,0.387264950833333,3.38
0.379285298055556,3.38,0.379250173611111,3.38,0.387543086111111,3.38
0.379562975277778,3.38,0.37952795,3.39,0.387820963055556,3.38
0.379840798611111,3.38,0.379805527777778,3.38,0.388098545555556,3.38
0.380118301111111,3.38,0.380083651666667,3.39,0.388376699722222,3.39
0.380396539166667,3.38,0.380361603888889,3.39,0.388654845555556,3.38
0.3806741625,3.38,0.380639291388889,3.38,0.388932445833333,3.38
0.380952088333333,3.38,0.380917174166667,3.38,0.389210600555556,3.38
0.381230084166667,3.38,0.381195546388889,3.39,0.389488191111111,3.38
0.381507801111111,3.38,0.381473364722222,3.38,0.389766050555556,3.38
0.381785488333333,3.38,0.381751388611111,3.38,0.390043928888889,3.38
0.382063001944444,3.38,0.382029133055556,3.38,0.3903220675,3.38
0.382340779444444,3.38,0.382306605,3.38,0.390599656111111,3.38
0.382618939166667,3.38,0.382584793611111,3.39,0.390877801666667,3.38
0.382896821944444,3.38,0.382862788888889,3.38,0.391155956388889,3.39
0.383174680555556,3.38,0.383140406111111,3.38,0.391433547777778,3.38
0.383452544444444,3.38,0.383418446666667,3.39,0.391711683611111,3.38
0.383730582777778,3.38,0.383696300277778,3.39,0.391989838611111,3.38
0.384008679722222,3.38,0.383974107777778,3.39,0.392267429722222,3.38
0.3842864575,3.38,0.384252188055556,3.39,0.392545565833333,3.38
0.384564475,3.38,0.384530057222222,3.38,0.392823720833333,3.38
0.384842649166667,3.38,0.384808026666667,3.38,0.3931013125,3.38
0.385120443055556,3.38,0.385085909166667,3.38,0.393379448055556,3.38
0.38539805,3.38,0.38536382,3.39,0.393657594722222,3.38
0.385675871111111,3.38,0.385641607777778,3.38,0.393935185277778,3.38
0.385954078333333,3.38,0.385919290277778,3.38,0.394213339722222,3.39
0.386232076944444,3.38,0.386196783055556,3.38,0.394491476111111,3.38
0.386510146388889,3.38,0.386474905555556,3.39,0.3947690675,3.39
0.386788257777778,3.38,0.386752704444444,3.39,0.395047214166667,3.39
0.387065533611111,3.38,0.387030559166667,3.38,0.395325358611111,3.38
0.387343788888889,3.38,0.387308630277778,3.39,0.39560295,3.38
0.387621528333333,3.38,0.387586458611111,3.38,0.395881095277778,3.38
0.387899058055556,3.38,0.387864313888889,3.38,0.396158983611111,3.38
0.388177154722222,3.38,0.388142033611111,3.38,0.396436575277778,3.39
0.3884549325,3.38,0.388420075277778,3.38,0.396714442222222,3.38
0.388732745555556,3.38,0.388698188055556,3.38,0.396992579166667,3.38
0.38901063,3.38,0.388976122222222,3.39,0.397270179722222,3.38
0.389288299722222,3.38,0.389253689444444,3.38,0.397548325,3.38
0.389566126111111,3.38,0.389531510277778,3.38,0.397826194444444,3.38
0.389843911944444,3.38,0.389809395,3.39,0.398103785555556,3.38
0.390121922222222,3.38,0.390087228888889,3.38,0.398381921388889,3.39
0.390399561944444,3.38,0.390365230833333,3.38,0.398659799444444,3.39
0.390677195,3.38,0.390642973888889,3.38,0.398937389722222,3.39
0.390955390555556,3.38,0.390921250555556,3.39,0.399215259444444,3.39
0.391233482777778,3.38,0.391199028888889,3.38,0.399493128611111,3.38
0.391511184722222,3.38,0.391476957777778,3.38,0.399770710833333,3.39
0.391789051111111,3.38,0.391754378611111,3.38,0.400048588055556,3.38
0.392066763333333,3.38,0.392032142222222,3.39,0.4003267325,3.38
0.3923444675,3.38,0.392309857222222,3.39,0.400604324166667,3.38
0.392622646944444,3.38,0.3925879325,3.38,0.400882468055556,3.39
0.392900364166667,3.38,0.392866100833333,3.39,0.401160606666667,3.39
0.393178405555556,3.38,0.393143865277778,3.38,0.401438207222222,3.38
0.393456384444444,3.38,0.393421881388889,3.39,0.401716362777778,3.39
0.3937341025,3.38,0.393699710555556,3.38,0.401994520555556,3.38
0.394011773611111,3.38,0.393977576944444,3.38,0.402272103611111,3.38
0.394289752777778,3.38,0.3942557275,3.39,0.402550258611111,3.39
0.394567303888889,3.38,0.394533428888889,3.39,0.402828402777778,3.38
0.394845358611111,3.38,0.394811330833333,3.38,0.403105993888889,3.39
0.395123405277778,3.38,0.395089052777778,3.39,0.403384139722222,3.39
0.395400834166667,3.38,0.395367135,3.38,0.403662276666667,3.38
0.395678977222222,3.38,0.3956453075,3.38,0.403939868611111,3.39
0.395956838888889,3.38,0.395923300555556,3.39,0.404218021944444,3.38
0.396234583888889,3.38,0.396200920277778,3.39,0.4044961675,3.39
0.39651223,3.38,0.396479065,3.38,0.404773760277778,3.38
0.396790487777778,3.38,0.396756855833333,3.39,0.405051904444444,3.38
0.397068274722222,3.38,0.397035053333333,3.38,0.405330051388889,3.38
0.397346047222222,3.38,0.3973125925,3.38,0.405607641388889,3.38
0.397623998611111,3.38,0.397590592222222,3.39,0.405885785277778,3.39
0.397901860277778,3.38,0.397868662222222,3.38,0.406163923055556,3.39
0.398179382222222,3.38,0.398146106111111,3.39,0.406441526111111,3.38
0.398457251388889,3.38,0.398423951388889,3.39,0.406719394166667,3.38
0.398735420833333,3.38,0.398702327777778,3.38,0.406997539444444,3.39
0.399013278611111,3.38,0.398980084444444,3.39,0.407275408333333,3.38
0.399291140555556,3.38,0.399257828055556,3.39,0.407552999166667,3.39
0.399569072222222,3.38,0.399535584444444,3.39,0.407831145833333,3.38
0.399847458888889,3.38,0.3998137325,3.39,0.408108745,3.39
0.400124813611111,3.38,0.400092058055556,3.39,0.408386604444444,3.38
0.400402910833333,3.38,0.4003696325,3.39,0.408664759444444,3.38
0.400680491388889,3.38,0.400647798888889,3.39,0.408942904444444,3.39
0.400958375,3.38,0.400925438611111,3.38,0.409220486666667,3.39
0.401236079166667,3.38,0.401203636944444,3.38,0.409498641388889,3.38
0.401514325277778,3.38,0.4014812,3.38,0.409776777777778,3.38
0.401791872777778,3.38,0.401759043055556,3.38,0.410054378888889,3.39
0.402070039722222,3.38,0.402036756944444,3.38,0.410332515,3.39
0.402347899444444,3.38,0.402314787222222,3.39,0.410610660277778,3.38
0.402626105555556,3.38,0.402592784722222,3.39,0.410888260555556,3.39
0.402904093611111,3.38,0.402870824444444,3.38,0.411166407222222,3.39
0.403181677777778,3.38,0.403148630555556,3.39,0.4114445425,3.39
0.403459743888889,3.38,0.403426254722222,3.39,0.411722143055556,3.38
0.403737541944444,3.38,0.403704246944444,3.38,0.412000289166667,3.38
0.404015221944444,3.38,0.403981815277778,3.38,0.412278434166667,3.39
0.404293121666667,3.38,0.404259604444444,3.39,0.412556026111111,3.38
0.404570989444444,3.38,0.404537035,3.39,0.412834170555556,3.38
0.404848478055556,3.38,0.4048152825,3.39,0.413112038055556,3.38
0.405126586944444,3.38,0.4050931075,3.38,0.41338963,3.38
0.405403999444444,3.38,0.405370963333333,3.39,0.413667766944444,3.39
0.40568198,3.38,0.405648467777778,3.39,0.413945921388889,3.39
0.405959835555556,3.38,0.405927014444444,3.39,0.414223513055556,3.39
0.406237958055556,3.38,0.406204883333333,3.39,0.414501658333333,3.38
0.406515607222222,3.38,0.4064828275,3.39,0.414779527777778,3.38
0.406793354444444,3.38,0.406760892222222,3.39,0.415057109444444,3.39
0.407071058888889,3.38,0.407038455277778,3.39,0.415335264722222,3.39
0.407348920277778,3.38,0.407316557222222,3.39,0.415613401388889,3.38
0.407627106111111,3.38,0.407594654444444,3.39,0.415891001111111,3.39
0.4079049775,3.38,0.407872471944444,3.38,0.416168869444444,3.39
0.408183285277778,3.38,0.408150201111111,3.39,0.416447006111111,3.38
0.408461131944444,3.38,0.408428401666667,3.39,0.416724606111111,3.39
0.408738972777778,3.38,0.408706320833333,3.39,0.417002751666667,3.38
0.409016667777778,3.38,0.408984017777778,3.39,0.417280903888889,3.38
0.409294481666667,3.38,0.409261691666667,3.39,0.417558486111111,3.38
0.409572377222222,3.38,0.409539359722222,3.38,0.417836640555556,3.38
0.409850495555556,3.38,0.409817654722222,3.39,0.418114776944444,3.39
0.410128407222222,3.38,0.410095343333333,3.39,0.418392377777778,3.39
0.410405798333333,3.38,0.410373122222222,3.39,0.418670514722222,3.39
0.410684133333333,3.38,0.410651031944444,3.39,0.418948668333333,3.38
0.410961730555556,3.38,0.410929066944444,3.39,0.41922626,3.39
0.411239736111111,3.38,0.411206799166667,3.39,0.419504128611111,3.39
0.411517365555556,3.38,0.411485079166667,3.39,0.419782273888889,3.38
0.411795345277778,3.38,0.411762863055556,3.39,0.420059864722222,3.38
0.412073071388889,3.38,0.412040935555556,3.39,0.420338001388889,3.39
0.412351235833333,3.38,0.412319010833333,3.39,0.420616147777778,3.38
0.412629364166667,3.38,0.412596940555556,3.39,0.420894292777778,3.39
0.41290722,3.38,0.412875025833333,3.39,0.421171884166667,3.38
0.413185106666667,3.38,0.41315271,3.39,0.421450038611111,3.39
0.413463226944444,3.38,0.413430757222222,3.39,0.421728175555556,3.39
0.413741051666667,3.38,0.413708613055556,3.38,0.4220057825,3.39
0.414018870555556,3.38,0.413986395277778,3.39,0.422283920833333,3.39
0.414296381388889,3.38,0.414264244166667,3.39,0.422562057777778,3.38
0.414574698611111,3.38,0.414542243611111,3.39,0.422839648611111,3.39
0.414852533888889,3.38,0.414820077777778,3.39,0.423117526944444,3.39
0.415130661666667,3.38,0.4150979125,3.39,0.423395662777778,3.39
0.415408661111111,3.38,0.415375910277778,3.38,0.423673264722222,3.38
0.415686682222222,3.38,0.415653781666667,3.38,0.423951133333333,3.39
0.415964777222222,3.38,0.415931740833333,3.39,0.424229277222222,3.39
0.416242483888889,3.38,0.416209666111111,3.39,0.424506868333333,3.39
0.416520284444444,3.38,0.416487813333333,3.38,0.424785004722222,3.38
0.416798143333333,3.38,0.416765189444444,3.38,0.425063150833333,3.38
0.417075948888889,3.38,0.417043255277778,3.38,0.425340743333333,3.38
0.417353281666667,3.38,0.417321078055556,3.39,0.425618887222222,3.39
0.417631345277778,3.38,0.417598683888889,3.39,0.425897033055556,3.39
0.417909178888889,3.38,0.417876485277778,3.39,0.426174632777778,3.39
0.418187011388889,3.38,0.418154773055556,3.38,0.426452508333333,3.39
0.41846466,3.38,0.418432150833333,3.39,0.426730638055556,3.39
0.418742656666667,3.38,0.418710313055556,3.39,0.427008238611111,3.39
0.4190203975,3.38,0.418987788611111,3.38,0.427286383888889,3.39
0.419297985555556,3.38,0.419265720277778,3.39,0.427564528055556,3.39
0.419575908888889,3.38,0.419543289444444,3.39,0.427842111388889,3.38
0.419853553888889,3.38,0.419821189166667,3.39,0.4281202575,3.39
0.4201311175,3.38,0.420099089722222,3.39,0.428398411944444,3.39
0.420409071666667,3.38,0.420377000277778,3.39,0.428675995,3.39
0.420687251666667,3.38,0.420654674444444,3.39,0.428954148333333,3.39
0.420964710555556,3.38,0.420932600277778,3.39,0.429232285555556,3.39
0.421242621111111,3.38,0.421210046944444,3.39,0.429509885833333,3.39
0.421520628055556,3.38,0.421488085,3.39,0.429788021944444,3.39
0.421798556111111,3.38,0.421765766944444,3.38,0.430066176388889,3.39
0.422076561944444,3.38,0.422043806944444,3.39,0.430343761111111,3.39
0.422354461111111,3.38,0.422321278333333,3.39,0.430621913333333,3.39
0.422632236388889,3.38,0.422599648055556,3.39,0.430900050555556,3.39
0.422910128055556,3.38,0.422877142222222,3.39,0.431177650555556,3.39
0.423187745555556,3.38,0.423155072777778,3.39,0.431455795555556,3.39
0.423465904722222,3.38,0.423432734722222,3.39,0.431733941111111,3.38
0.423743865,3.38,0.423711141111111,3.39,0.432011523888889,3.39
0.424021353055556,3.38,0.423988735555556,3.39,0.432289401666667,3.39
0.424299411111111,3.38,0.424266842222222,3.39,0.432567546388889,3.39
0.424577364722222,3.38,0.424544740833333,3.39,0.432845683611111,3.39
0.424855048055556,3.38,0.424822421388889,3.39,0.433123283333333,3.39
0.425132923333333,3.38,0.425100086111111,3.39,0.433401420277778,3.39
0.4254106975,3.38,0.425377749166667,3.39,0.433679569444444,3.39
0.425688284722222,3.38,0.425655695833333,3.39,0.433957165833333,3.38
0.425966057777778,3.38,0.425933263611111,3.39,0.434235035833333,3.39
0.426244360833333,3.38,0.426211640277778,3.39,0.434513170555556,3.39
0.426522110555556,3.38,0.426489466111111,3.39,0.434790762222222,3.39
0.4267999475,3.38,0.426767074166667,3.39,0.435068640277778,3.39
0.427077976111111,3.38,0.427045165555556,3.39,0.435346785,3.39
0.427355558888889,3.38,0.427323184722222,3.39,0.435624367222222,3.39
0.427633529722222,3.38,0.4276009525,3.39,0.435902521666667,3.39
0.427911359722222,3.38,0.427878976666667,3.39,0.4361806825,3.39
0.428189320277778,3.38,0.4281568125,3.39,0.436458273888889,3.39
0.428467180833333,3.38,0.428434752222222,3.39,0.436736410555556,3.39
0.428745362777778,3.38,0.428712420833333,3.39,0.437014287222222,3.39
0.429023206666667,3.38,0.428990621666667,3.39,0.437291878333333,3.39
0.429301350555556,3.38,0.429268276111111,3.39,0.437570023888889,3.39
0.429579284166667,3.38,0.429545967222222,3.39,0.437848170277778,3.39
0.429856973055556,3.38,0.429823941388889,3.39,0.438125764722222,3.39
0.430134843333333,3.38,0.430101395555556,3.39,0.43840391,3.39
0.430412167222222,3.38,0.430379345555556,3.39,0.438681786666667,3.39
0.430690420277778,3.38,0.430657237777778,3.38,0.43895937,3.39
0.430968257222222,3.38,0.430935023611111,3.39,0.439237524166667,3.39
0.431246395,3.38,0.431212482777778,3.39,0.439515661388889,3.39
0.431524623888889,3.38,0.431490908611111,3.39,0.439793252777778,3.39
0.431802350833333,3.38,0.431768469166667,3.39,0.440071405833333,3.39
0.43208011,3.38,0.432046368888889,3.39,0.440349551944444,3.39
0.432357893888889,3.38,0.432324177222222,3.39,0.440627135,3.39
0.432635588888889,3.38,0.432602112222222,3.39,0.440905288888889,3.38
0.4329133725,3.38,0.432880040277778,3.39,0.441183425833333,3.39
0.433190999444444,3.38,0.433158063888889,3.39,0.441461026944444,3.39
0.433468910277778,3.38,0.433435598888889,3.39,0.441739165833333,3.39
0.433747139722222,3.38,0.433713253611111,3.39,0.442017316111111,3.39
0.43402483,3.38,0.433991407777778,3.39,0.442294908055556,3.39
0.434302815,3.38,0.434269106666667,3.39,0.442573044444444,3.39
0.4345805575,3.38,0.434546764444444,3.39,0.442851190555556,3.39
0.434858388055556,3.38,0.434825023611111,3.39,0.443128790555556,3.39
0.435136426388889,3.38,0.435102891111111,3.39,0.443406659166667,3.39
0.435414273333333,3.38,0.435380803611111,3.39,0.443684795833333,3.39
0.435692001388889,3.38,0.435658428055556,3.39,0.443962396388889,3.39
0.435969975,3.38,0.435936960277778,3.39,0.444240263611111,3.39
0.436247741666667,3.38,0.436214978055556,3.39,0.444518133888889,3.39
0.436526094444444,3.38,0.436492451111111,3.39,0.444795723888889,3.39
0.436804200277778,3.38,0.436770438888889,3.39,0.445073589722222,3.39
0.437082428333333,3.38,0.43704812,3.39,0.445351728888889,3.39
0.437360348333333,3.38,0.437325921388889,3.39,0.445629320833333,3.39
0.437638091111111,3.38,0.437604220833333,3.39,0.445907475,3.39
0.437915850833333,3.38,0.437881743055556,3.39,0.446185623333333,3.39
0.438193615277778,3.38,0.438159749722222,3.39,0.446463202777778,3.39
0.438471093888889,3.38,0.438438013888889,3.39,0.446741348888889,3.38
0.438749357777778,3.38,0.438715632222222,3.39,0.447019502222222,3.39
0.439027130277778,3.38,0.438993286388889,3.39,0.447297085555556,3.39
0.4393052975,3.38,0.439271445277778,3.39,0.447575239444444,3.39
0.439582768888889,3.38,0.439549020833333,3.39,0.447853376111111,3.39
0.43986101,3.38,0.4398270875,3.39,0.448130968055556,3.39
0.440138688055556,3.38,0.440104895833333,3.39,0.448408845,3.39
0.440416356388889,3.38,0.4403826325,3.39,0.448686981111111,3.38
0.440693928611111,3.38,0.440660551111111,3.39,0.4489645825,3.39
0.440971938611111,3.38,0.440938281388889,3.39,0.449242450555556,3.39
0.44124975,3.38,0.441216146666667,3.39,0.449520586666667,3.39
0.441528215833333,3.38,0.441493874722222,3.39,0.4497987325,3.39
0.441805793611111,3.38,0.441771926666667,3.39,0.450076323611111,3.39
0.442083680833333,3.38,0.442049438888889,3.39,0.450354469166667,3.39
0.442361540833333,3.38,0.442327413888889,3.39,0.450632623611111,3.39
0.442639831944444,3.38,0.442605274444444,3.39,0.450910206666667,3.39
0.44291746,3.38,0.442882921666667,3.39,0.451188363055556,3.39
0.443195357222222,3.38,0.443160550555556,3.39,0.451466239166667,3.39
0.443473165,3.38,0.443438419722222,3.39,0.45174383,3.39
0.443750570833333,3.38,0.443716234166667,3.39,0.452021987777778,3.39
0.444028666666667,3.38,0.443994221388889,3.39,0.452300123888889,3.39
0.444306418611111,3.38,0.444272271388889,3.39,0.452577723888889,3.39
0.44458431,3.38,0.444549810277778,3.39,0.45285586,3.39
0.444861679444444,3.38,0.444827940833333,3.39,0.453134008333333,3.39
0.445139689444444,3.38,0.445105841111111,3.39,0.453411597222222,3.39
0.445417508055556,3.38,0.4453835275,3.39,0.453689742777778,3.39
0.445695299444444,3.38,0.445661640555556,3.39,0.453967888333333,3.39
0.445972996666667,3.38,0.445939308055556,3.39,0.454245539444444,3.39
0.446251008333333,3.38,0.446217285833333,3.39,0.454523685,3.39
0.446528900833333,3.38,0.446495151388889,3.39,0.454801276666667,3.39
0.446806432222222,3.38,0.446772870555556,3.39,0.455079413333333,3.39
0.447084434444444,3.38,0.447050555,3.39,0.4553575675,3.39
0.4473625275,3.38,0.447328289722222,3.39,0.455635150277778,3.39
0.447640435833333,3.38,0.44760617,3.39,0.4559130275,3.39
0.447918083888889,3.38,0.447883992777778,3.39,0.456191166666667,3.39
0.448195901388889,3.38,0.448161846666667,3.39,0.456468755555556,3.39
0.4484737175,3.38,0.448440058888889,3.39,0.456746776111111,3.39
0.448751443888889,3.38,0.448717575,3.39,0.457024366111111,3.39
0.449029362777778,3.39,0.4489957525,3.39,0.457302512222222,3.39
0.449307348333333,3.38,0.449273491666667,3.39,0.457580656944444,3.39
0.449584964722222,3.38,0.449551343055556,3.39,0.45785824,3.39
0.449863084722222,3.38,0.449829163333333,3.39,0.458136128611111,3.39
0.450140966666667,3.38,0.450106946111111,3.39,0.458414274444444,3.39
0.450418328333333,3.38,0.450384869722222,3.39,0.458691865833333,3.39
0.450696294166667,3.38,0.450662311944444,3.39,0.4589700025,3.39
0.450974009722222,3.39,0.450940788611111,3.39,0.459248148055556,3.39
0.451251907777778,3.38,0.451218724166667,3.39,0.459525748055556,3.39
0.451529728611111,3.38,0.451496518055556,3.39,0.459803885,3.39
0.451807210555556,3.38,0.451774531944444,3.39,0.460082031388889,3.39
0.452085361944444,3.38,0.4520523325,3.39,0.460359629166667,3.39
0.4523634725,3.38,0.452330465277778,3.39,0.460637768333333,3.39
0.452641554444444,3.38,0.452608316388889,3.39,0.46091592,3.39
0.452919150833333,3.38,0.452886112777778,3.39,0.461193505,3.39
0.453196896944444,3.38,0.453163714166667,3.39,0.4614716575,3.39
0.45347491,3.38,0.453441533055556,3.39,0.461749795277778,3.39
0.453752823611111,3.39,0.453719297222222,3.39,0.4620273875,3.39
0.454030701111111,3.39,0.453997473888889,3.39,0.462305535555556,3.39
0.454308786388889,3.38,0.454275028888889,3.39,0.462583686944444,3.39
0.454586511666667,3.38,0.454553345555556,3.39,0.462861276666667,3.39
0.454864564444444,3.38,0.454831000833333,3.39,0.463139423055556,3.39
0.455142181944444,3.38,0.455108747222222,3.39,0.463417568333333,3.39
0.455420091666667,3.38,0.455386596388889,3.39,0.46369516,3.39
0.455698108333333,3.38,0.4556647775,3.39,0.463973306666667,3.39
0.455975794722222,3.39,0.455942818055556,3.39,0.464251451111111,3.39
0.456253706111111,3.38,0.456220675833333,3.39,0.464529042222222,3.39
0.456531571388889,3.38,0.456498586666667,3.39,0.464807188055556,3.39
0.456809378888889,3.39,0.456776314722222,3.39,0.465085324722222,3.39
0.457087410277778,3.38,0.457054113611111,3.39,0.465362924722222,3.39
0.457365138055556,3.38,0.457331889166667,3.4,0.465641070277778,3.39
0.457643260277778,3.38,0.457609918888889,3.39,0.465919215555556,3.39
0.457921055,3.38,0.457887769166667,3.39,0.466196807222222,3.39
0.458198849722222,3.38,0.458165408055556,3.4,0.466474961666667,3.39
0.458476619166667,3.38,0.45844337,3.39,0.466753097222222,3.39
0.458754504444444,3.38,0.458721184722222,3.39,0.467031235277778,3.39
0.459032175555556,3.39,0.458998457222222,3.39,0.467308835555556,3.39
0.459310336111111,3.39,0.4592766975,3.39,0.467586971111111,3.39
0.459587771388889,3.38,0.459554698611111,3.39,0.467864850277778,3.39
0.4598658875,3.39,0.459832578055556,3.39,0.468142441666667,3.39
0.460143842222222,3.38,0.46011086,3.39,0.468420585833333,3.39
0.460421697222222,3.38,0.460388639444444,3.39,0.468698730555556,3.39
0.460699522222222,3.38,0.460666474444444,3.39,0.468976314166667,3.39
0.460977228888889,3.38,0.460944764722222,3.39,0.469254468055556,3.39
0.461255292777778,3.38,0.461222358611111,3.39,0.469532613611111,3.39
0.4615331575,3.38,0.461500252777778,3.39,0.469810196111111,3.39
0.461811234166667,3.39,0.461777696111111,3.39,0.470088341388889,3.39
0.462088984722222,3.38,0.462055959444444,3.39,0.470366497777778,3.39
0.462366695277778,3.39,0.462333950555556,3.39,0.470644087222222,3.39
0.46264476,3.38,0.462611760833333,3.39,0.470921955555556,3.39
0.462922693333333,3.38,0.462889753333333,3.39,0.471200101111111,3.39
0.463200268333333,3.38,0.463167902777778,3.39,0.471477692777778,3.39
0.463478298055556,3.38,0.463445638333333,3.39,0.471755829722222,3.39
0.4637560475,3.38,0.463723445,3.39,0.472033974722222,3.39
0.464033934166667,3.38,0.464001461666667,3.39,0.472311573888889,3.39
0.4643120875,3.38,0.464279418888889,3.39,0.472589711944444,3.39
0.46458981,3.39,0.464557066944444,3.39,0.472867858055556,3.39
0.464867476111111,3.38,0.464835199166667,3.39,0.473145459166667,3.39
0.465145435277778,3.39,0.465112949444444,3.39,0.473423598055556,3.39
0.465423145277778,3.38,0.465390703333333,3.39,0.473701748055556,3.39
0.465700988888889,3.39,0.465668893611111,3.39,0.473979339444444,3.39
0.465978881666667,3.38,0.465946630277778,3.39,0.474257485,3.39
0.466257042222222,3.38,0.466224703888889,3.39,0.474535621666667,3.39
0.466534746388889,3.38,0.466502730833333,3.39,0.474813223611111,3.39
0.466813020277778,3.38,0.466780677777778,3.39,0.475091366388889,3.39
0.467090747777778,3.38,0.467058841666667,3.39,0.475369512777778,3.39
0.467368384166667,3.38,0.467336470277778,3.39,0.475647095833333,3.39
0.467646064166667,3.38,0.4676143025,3.39,0.475925249722222,3.39
0.467923823333333,3.38,0.467892329166667,3.39,0.476203117777778,3.39
0.468201683055556,3.38,0.468170256666667,3.4,0.47648071,3.39
0.468479534166667,3.38,0.46844792,3.39,0.47675885,3.39
0.468757212222222,3.39,0.468726444722222,3.39,0.477036991666667,3.39
0.469034699722222,3.38,0.469004224444444,3.39,0.477314591944444,3.39
0.469312869722222,3.38,0.4692823825,3.4,0.477592736944444,3.39
0.469590959444444,3.39,0.469560585277778,3.39,0.477870874166667,3.39
0.469868435833333,3.38,0.469838334444444,3.39,0.478149020277778,3.39
0.470146768888889,3.38,0.470116241666667,3.39,0.47842662,3.39
0.470424459166667,3.38,0.470394078333333,3.39,0.478704487777778,3.39
0.47070203,3.39,0.470671984166667,3.39,0.478982081111111,3.39
0.470979969444444,3.38,0.470949725833333,3.39,0.479259946666667,3.39
0.471257764722222,3.38,0.471227703888889,3.39,0.479538092222222,3.39
0.471535936111111,3.38,0.471505534444444,3.39,0.479816238888889,3.39
0.471813836944444,3.38,0.471783688333333,3.39,0.480093821388889,3.39
0.472091976666667,3.38,0.472061210277778,3.39,0.480371966944444,3.39
0.472369718333333,3.38,0.472339393333333,3.39,0.480650113055556,3.39
0.472647302222222,3.38,0.472617037777778,3.39,0.480927712777778,3.39
0.472924948611111,3.38,0.472894873888889,3.39,0.481205849166667,3.39
0.473203240277778,3.38,0.473172643333333,3.4,0.481484003888889,3.39
0.473480872222222,3.38,0.473450628055556,3.39,0.481761595555556,3.39
0.473758787222222,3.38,0.473728528611111,3.39,0.482039740555556,3.39
0.474036471666667,3.38,0.474006503333333,3.39,0.482317885555556,3.39
0.474314315277778,3.38,0.474284460277778,3.39,0.4825954775,3.39
0.474591962777778,3.38,0.474561950277778,3.4,0.482873614444444,3.39
0.474870177777778,3.38,0.474839874166667,3.39,0.483151493055556,3.39
0.4751479225,3.38,0.475117421666667,3.39,0.483429075,3.39
0.475425293611111,3.39,0.475395860833333,3.39,0.483707229166667,3.39
0.475703312777778,3.38,0.475673451111111,3.39,0.483985373611111,3.4
0.475981408333333,3.38,0.475951468888889,3.4,0.484262967222222,3.4
0.476259121944444,3.38,0.476229103611111,3.39,0.484541101944444,3.39
0.476537128888889,3.39,0.476507503055556,3.39,0.484819256111111,3.39
0.476814853611111,3.38,0.476785884722222,3.39,0.485096847777778,3.39
0.477092512222222,3.39,0.477063490277778,3.39,0.485374993055556,3.39
0.477370011388889,3.39,0.477341279722222,3.39,0.485652863333333,3.39
0.477648166944444,3.38,0.477619022777778,3.39,0.485930453888889,3.39
0.477925671944444,3.38,0.477897073611111,3.39,0.486208589722222,3.39
0.478203436111111,3.38,0.478174946944444,3.39,0.486486735,3.39
0.478481467222222,3.38,0.478452347777778,3.39,0.486764326388889,3.39
0.478759251944444,3.38,0.4787305625,3.39,0.487042472777778,3.39
0.479036645,3.39,0.479008178888889,3.39,0.487320231388889,3.39
0.479314460277778,3.39,0.479286374722222,3.39,0.4875983775,3.39
0.4795924075,3.38,0.479564329166667,3.39,0.487875968333333,3.39
0.4798703125,3.38,0.479842497222222,3.4,0.488153836666667,3.39
0.48014811,3.39,0.480120386944444,3.39,0.488431974166667,3.39
0.480425882777778,3.38,0.480398129722222,3.4,0.488709584722222,3.39
0.480704046388889,3.38,0.480675960555556,3.39,0.488987451388889,3.39
0.4809818225,3.38,0.480953808888889,3.4,0.489265608055556,3.39
0.481259807222222,3.38,0.481231551111111,3.39,0.489543200555556,3.39
0.481537790277778,3.38,0.481509780277778,3.39,0.489821068055556,3.39
0.481816052222222,3.38,0.481787415277778,3.39,0.490098806111111,3.39
0.482094325555556,3.38,0.482065308888889,3.39,0.490376960277778,3.39
0.482372138888889,3.38,0.482343373611111,3.4,0.490655106666667,3.39
0.482650192222222,3.39,0.482621359166667,3.39,0.490932688333333,3.39
0.482928212777778,3.39,0.482899175555556,3.39,0.4912108425,3.39
0.483205614166667,3.39,0.483177162777778,3.39,0.491488978888889,3.39
0.483483418333333,3.38,0.483454991666667,3.39,0.491766571111111,3.39
0.483761208611111,3.38,0.483732781944444,3.4,0.492044716388889,3.39
0.484039053888889,3.38,0.484010633888889,3.39,0.492322593333333,3.39
0.484317074166667,3.38,0.484288742777778,3.4,0.492600175555556,3.39
0.484594594166667,3.39,0.484566757777778,3.4,0.49287833,3.39
0.48487245,3.38,0.484844336944444,3.39,0.493156466944444,3.39
0.485150243888889,3.38,0.485122120833333,3.4,0.493434066944444,3.39
0.485428228611111,3.39,0.485400202777778,3.4,0.4937122125,3.39
0.485705821111111,3.38,0.485677980555556,3.39,0.493990358055556,3.39
0.485983500555556,3.39,0.485955895833333,3.39,0.494267949166667,3.39
0.486261583333333,3.38,0.486233439722222,3.39,0.494546085833333,3.39
0.486539393333333,3.39,0.486511497222222,3.4,0.494823964444444,3.39
0.486817473888889,3.39,0.486789536944444,3.39,0.495101546111111,3.4
0.487095489166667,3.38,0.487067996111111,3.39,0.495379691388889,3.4
0.487373149444444,3.38,0.487345743333333,3.39,0.495657846388889,3.39
0.487651370277778,3.38,0.487623469722222,3.39,0.495935428055556,3.39
0.487929384444444,3.39,0.487901273888889,3.39,0.496213573611111,3.39
0.488206891666667,3.39,0.488179009166667,3.39,0.496491719166667,3.39
0.488485229444444,3.39,0.488456997777778,3.39,0.496769319166667,3.39
0.488763111944444,3.39,0.488734894722222,3.4,0.497047456111111,3.39
0.489041304166667,3.39,0.489012858055556,3.39,0.4973256025,3.39
0.489318829722222,3.39,0.489290978055556,3.4,0.497603193333333,3.39
0.489597283611111,3.39,0.489568823055556,3.39,0.497881061111111,3.4
0.489874979722222,3.38,0.489846732777778,3.39,0.498159206944444,3.39
0.490153044166667,3.39,0.490124415,3.39,0.4984373525,3.4
0.490430911666667,3.38,0.49040226,3.4,0.498714943611111,3.39
0.490708401111111,3.38,0.490680343888889,3.4,0.498992823888889,3.39
0.490986401111111,3.39,0.490958415833333,3.4,0.499270957222222,3.39
0.491264438333333,3.38,0.491236308055556,3.39,0.499548549166667,3.39
0.491542165833333,3.38,0.491513746388889,3.39,0.499826695,3.4
0.491820148055556,3.39,0.4917918125,3.39,0.500104839722222,3.39
0.4920980475,3.39,0.492069663055556,3.39,0.500382431666667,3.39
0.492375830833333,3.39,0.492347737777778,3.39,0.500660576666667,3.39
0.492653656666667,3.38,0.492625967777778,3.39,0.500938722222222,3.39
0.492931455555556,3.38,0.492903977222222,3.4,0.501216321388889,3.39
0.493209463055556,3.39,0.493181995,3.39,0.501494459444444,3.39
0.493487488333333,3.39,0.493459834722222,3.4,0.501772604722222,3.39
0.493765443333333,3.38,0.4937377,3.4,0.502050195833333,3.39
0.494043266944444,3.39,0.494015490277778,3.4,0.502328341666667,3.39
0.494321356111111,3.39,0.494293286666667,3.4,0.502606496111111,3.4
0.494599346111111,3.39,0.494571045555556,3.39,0.5028840875,3.39
0.494876913055556,3.39,0.494848694166667,3.39,0.503162224444444,3.39
0.495154720555556,3.39,0.495126671111111,3.39,0.503440369722222,3.39
0.495432303333333,3.39,0.4954043525,3.39,0.503717960555556,3.39
0.4957102,3.39,0.495682214166667,3.39,0.503996115833333,3.39
0.495988250833333,3.39,0.495959838055556,3.4,0.504274251388889,3.39
0.49626596,3.39,0.496238013888889,3.4,0.504551810833333,3.39
0.496543850555556,3.39,0.496515708055556,3.4,0.504829957222222,3.39
0.496821452777778,3.39,0.496793393888889,3.39,0.505108101944444,3.39
0.497099199722222,3.38,0.497070987222222,3.39,0.505385694444444,3.4
0.497377349722222,3.39,0.497348959444444,3.4,0.505663553333333,3.39
0.497655051111111,3.39,0.497626840555556,3.4,0.505941431388889,3.39
0.497932445,3.39,0.497904801944444,3.39,0.506219298611111,3.4
0.498210746388889,3.39,0.498182647222222,3.4,0.506496899166667,3.39
0.498488433055556,3.39,0.498460136111111,3.39,0.506775045555556,3.39
0.498766084722222,3.39,0.498737922777778,3.4,0.507053182222222,3.39
0.499044334166667,3.39,0.499016107777778,3.4,0.507330783333333,3.39
0.499322395277778,3.39,0.499294095555556,3.4,0.507608919722222,3.39
0.4995999425,3.39,0.499571983611111,3.39,0.507886796388889,3.39
0.499877943333333,3.39,0.499850075555556,3.39,0.508164388055556,3.39
0.500155875833333,3.39,0.500127776944444,3.39,0.508442533333333,3.39
0.500433613333333,3.39,0.500405633333333,3.4,0.508720669722222,3.4
0.500711503055556,3.38,0.500683304722222,3.39,0.508998261388889,3.39
0.500989155,3.38,0.500960929722222,3.4,0.509276406666667,3.4
0.501267254166667,3.39,0.501239182777778,3.4,0.509554551944444,3.39
0.501545045555556,3.39,0.501516957222222,3.39,0.509832143611111,3.4
0.501823081111111,3.38,0.50179467,3.4,0.510110297222222,3.39
0.502100946111111,3.39,0.502072750555556,3.4,0.510388434444444,3.39
0.502378912777778,3.39,0.502350256388889,3.4,0.510666026388889,3.4
0.5026567425,3.38,0.502627879166667,3.4,0.510944171666667,3.4
0.502934453333333,3.39,0.502905899722222,3.4,0.511222316944444,3.39
0.503212054444445,3.39,0.503183701666667,3.39,0.511499918055556,3.39
0.503490366666667,3.38,0.503461718055556,3.4,0.511778061944444,3.39
0.503768070555556,3.39,0.503739426111111,3.39,0.512056207777778,3.39
0.504045610555556,3.39,0.504017223333333,3.4,0.5123338025,3.39
0.504323613055556,3.39,0.504295316666667,3.4,0.512611935833333,3.39
0.504601419722222,3.39,0.504572683611111,3.39,0.512889813611111,3.39
0.504879606388889,3.39,0.504850779166667,3.4,0.513167404166667,3.39
0.505157253611111,3.39,0.505128208888889,3.4,0.513445541666667,3.39
0.5054352,3.39,0.505406439166667,3.39,0.5137236875,3.39
0.505712796944444,3.39,0.505684341666667,3.39,0.514001286666667,3.4
0.505990578888889,3.39,0.505962073611111,3.4,0.514279431666667,3.39
0.506268146944444,3.39,0.506240275833333,3.4,0.514557577777778,3.39
0.506546345555556,3.39,0.5065181975,3.39,0.514835160833333,3.39
0.506824103888889,3.39,0.506796424444444,3.4,0.515113306111111,3.39
0.507101944444444,3.39,0.507073993611111,3.4,0.515391451944444,3.39
0.507379913888889,3.39,0.507351847777778,3.4,0.515669051111111,3.4
0.507657805555556,3.39,0.507629258333333,3.39,0.515947199166667,3.4
0.507935951944444,3.39,0.507907538055556,3.4,0.516225333888889,3.39
0.508214228333333,3.39,0.508185218333333,3.4,0.516502925555556,3.39
0.508492042777778,3.39,0.508463124444444,3.4,0.516781070833333,3.4
0.508769826111111,3.38,0.508740823888889,3.39,0.517059224166667,3.39
0.50904756,3.39,0.509018703055556,3.4,0.5173368075,3.39
0.509325111944444,3.39,0.50929661,3.39,0.517614954166667,3.39
0.509603080555555,3.38,0.509574355555556,3.4,0.517893098611111,3.39
0.509881146111111,3.38,0.509852096944444,3.4,0.518170690555556,3.39
0.510158871944444,3.39,0.510130345833333,3.4,0.518448835833333,3.39
0.510436633888889,3.39,0.510407916111111,3.4,0.518726981111111,3.4
0.510714251944444,3.39,0.5106860575,3.4,0.519004580555556,3.39
0.510992242777778,3.39,0.510963809722222,3.39,0.519282440833333,3.4
0.511269858333333,3.39,0.511241771666667,3.39,0.519560587777778,3.4
0.511547771388889,3.39,0.511519489722222,3.4,0.51983874,3.39
0.511825740833333,3.38,0.511797842777778,3.4,0.520116323888889,3.39
0.512103742777778,3.39,0.512075687222222,3.4,0.520394468611111,3.39
0.512381318055556,3.39,0.512353393888889,3.4,0.520672614722222,3.4
0.512659108888889,3.39,0.512631335833333,3.4,0.520950205555556,3.39
0.512936956111111,3.38,0.512909063888889,3.4,0.521228375833333,3.4
0.513214703611111,3.39,0.513187379444444,3.4,0.521506513333333,3.4
0.513492710555556,3.39,0.513465236111111,3.4,0.5217841125,3.4
0.513770436111111,3.39,0.513742937777778,3.4,0.522062258055556,3.39
0.514048075,3.39,0.514020819166667,3.39,0.522340395277778,3.39
0.514325680555555,3.39,0.514298953611111,3.4,0.522617987222222,3.4
0.514603754444444,3.39,0.514576525833333,3.39,0.522896138888889,3.4
0.514881579722222,3.39,0.514854284722222,3.4,0.523174286111111,3.39
0.515159171666667,3.39,0.515131784444444,3.4,0.523451868888889,3.39
0.515437241944444,3.39,0.515410020555556,3.39,0.523729750833333,3.39
0.5157153975,3.39,0.515687876111111,3.4,0.524007892222222,3.4
0.515993250833333,3.39,0.515965697222222,3.4,0.524285483055556,3.4
0.516271503333333,3.39,0.516243791944444,3.4,0.524563647777778,3.4
0.516549348333333,3.39,0.516521672777778,3.4,0.524841516111111,3.39
0.516827409166667,3.39,0.516799389722222,3.4,0.525119099166667,3.4
0.517105296111111,3.39,0.517077044722222,3.4,0.525397262222222,3.39
0.517383151944445,3.39,0.517355057777778,3.4,0.525675400277778,3.39
0.517660530277778,3.39,0.517632352777778,3.4,0.525952991388889,3.39
0.517939033333333,3.39,0.517910811388889,3.4,0.526231146111111,3.39
0.518216946944444,3.39,0.518188253888889,3.4,0.5265092825,3.39
0.518494757777778,3.39,0.518466508611111,3.4,0.526786882222222,3.39
0.5187726875,3.39,0.518744239444444,3.4,0.527065019444445,3.4
0.519050788611111,3.39,0.519022522777778,3.4,0.527343173611111,3.39
0.519328655555556,3.39,0.519300464444444,3.4,0.527620765,3.4
0.519606314722222,3.39,0.519578520555556,3.4,0.527898911388889,3.39
0.519884336111111,3.39,0.519856461111111,3.4,0.528177055833333,3.4
0.520161929444444,3.39,0.520134304444444,3.4,0.528454648611111,3.4
0.520439785277778,3.39,0.520411821388889,3.4,0.528732792777778,3.4
0.520717861666667,3.39,0.520689866388889,3.4,0.529010939444444,3.4
0.520995988333333,3.39,0.520967590555556,3.4,0.529288530277778,3.4
0.521274035,3.39,0.521245435277778,3.39,0.529566675555556,3.4
0.521552006666667,3.39,0.521523036111111,3.4,0.529844821666667,3.4
0.521829870833333,3.39,0.521800733888889,3.39,0.530122412222222,3.39
0.522107702777778,3.39,0.522078795833333,3.4,0.530400558888889,3.4
0.522385683055556,3.39,0.522356575555556,3.4,0.530678703055556,3.4
0.522663565833333,3.39,0.522634806388889,3.4,0.530956294444444,3.4
0.522941629444444,3.39,0.522912360833333,3.4,0.531234440555556,3.39
0.523219916944444,3.39,0.523190158888889,3.4,0.531512585277778,3.4
0.523497523333333,3.39,0.523467915555556,3.4,0.531790178055556,3.4
0.523775275,3.39,0.523745815,3.39,0.5320683225,3.4
0.524052984722222,3.39,0.524023644444444,3.4,0.532346468888889,3.39
0.524331013055556,3.39,0.524301383333333,3.4,0.53262406,3.4
0.524608356944444,3.39,0.524579048333333,3.4,0.532902196111111,3.4
0.524886720277778,3.39,0.524856845277778,3.4,0.533180073333333,3.4
0.525164289722222,3.39,0.525134385833333,3.39,0.533457664722222,3.4
0.525442262222222,3.39,0.525412545,3.4,0.53373581,3.39
0.525720008333333,3.39,0.525690538333333,3.4,0.534013955833333,3.4
0.525997751666667,3.39,0.525968851388889,3.4,0.534291546111111,3.4
0.526275758333333,3.39,0.526246728333333,3.4,0.534569416388889,3.39
0.526553566111111,3.39,0.526524614722222,3.4,0.534847562222222,3.4
0.526831419166667,3.39,0.526802406111111,3.4,0.535125151944444,3.4
0.527109768611111,3.39,0.527080343055556,3.4,0.535403289444444,3.39
0.527387378611111,3.39,0.527357995277778,3.4,0.535681435555556,3.39
0.527665508611111,3.39,0.527635758055556,3.4,0.535959035555556,3.4
0.527943328333333,3.39,0.527913458333333,3.4,0.536237181388889,3.4
0.528221365,3.39,0.528191176666667,3.4,0.536515326388889,3.4
0.528499053888889,3.39,0.528468810277778,3.4,0.536793068333333,3.4
0.52877678,3.38,0.528746777222222,3.4,0.537070936944444,3.39
0.529054732777778,3.39,0.529024722222222,3.4,0.537348527222222,3.4
0.529332444722222,3.39,0.529302579444444,3.4,0.537626673055556,3.39
0.5296106775,3.39,0.529580525,3.4,0.53790482,3.4
0.529888081388889,3.39,0.529858691666667,3.4,0.538182411111111,3.39
0.530166048611111,3.39,0.530136365277778,3.4,0.538460279166667,3.4
0.530443815277778,3.39,0.530414039166667,3.4,0.538738425277778,3.4
0.530721684166667,3.39,0.530692014444444,3.4,0.539016015833333,3.4
0.530999481666667,3.39,0.530969806111111,3.4,0.539294153055556,3.4
0.531277371666667,3.39,0.531247561111111,3.4,0.539572299166667,3.4
0.531555250833333,3.39,0.531525303333333,3.4,0.539849898333333,3.4
0.531833103888889,3.39,0.531803388055556,3.4,0.540127765833333,3.4
0.532110700555556,3.39,0.53208095,3.4,0.540405903611111,3.4
0.532388340555556,3.39,0.532358944166667,3.4,0.540683495277778,3.39
0.532666658333333,3.39,0.532636755555556,3.4,0.540961640833333,3.39
0.5329447975,3.39,0.532914808888889,3.4,0.541239517777778,3.39
0.533222831388889,3.39,0.533192706944444,3.4,0.541517108055556,3.39
0.533500678333333,3.39,0.533470766666667,3.4,0.541795253888889,3.4
0.533778544166667,3.39,0.533748460277778,3.4,0.542073400555556,3.4
0.534056266666667,3.39,0.534026466111111,3.4,0.5423509925,3.4
0.534334503333333,3.39,0.534304235,3.4,0.542629128333333,3.4
0.5346124175,3.39,0.534582191111111,3.4,0.542907282777778,3.4
0.534890333055556,3.39,0.534860013333333,3.4,0.543184873888889,3.4
0.535168072222222,3.39,0.535137815555556,3.4,0.54346302,3.4
0.535446040277778,3.39,0.535416111388889,3.4,0.543741155833333,3.4
0.535724199444444,3.39,0.535694006388889,3.4,0.544018756111111,3.4
0.536002005555556,3.39,0.535972346944444,3.39,0.5442969025,3.4
0.536280005833333,3.39,0.536250224444444,3.4,0.544575047222222,3.4
0.536557770277778,3.39,0.536527990555556,3.4,0.544852639166667,3.39
0.536835631944445,3.39,0.536805786111111,3.4,0.545130498055556,3.39
0.537113525833333,3.39,0.537083536388889,3.4,0.545408488888889,3.4
0.537391241944444,3.38,0.537361295833333,3.4,0.545686257777778,3.4
0.537669083333333,3.39,0.537639209166667,3.4,0.545964024722222,3.4
0.537947036388889,3.39,0.537916998611111,3.4,0.546242101388889,3.4
0.538224907222222,3.39,0.538194918888889,3.4,0.546520019722222,3.4
0.538502773611111,3.39,0.538472560555556,3.4,0.546797730277778,3.4
0.538781166666667,3.39,0.538750368333333,3.4,0.547075926666667,3.4
0.539059069166667,3.39,0.539028671944444,3.4,0.547353717777778,3.4
0.539336678611111,3.39,0.539306613055556,3.4,0.547631388333333,3.4
0.539614601944444,3.39,0.539584245,3.4,0.547909038333333,3.4
0.539892673611111,3.39,0.539862022777778,3.4,0.548186799722222,3.4
0.540170287777778,3.39,0.540139880555556,3.4,0.548464793611111,3.4
0.540447938333333,3.39,0.540417757777778,3.4,0.548742510277778,3.4
0.540725589166667,3.39,0.540695136388889,3.4,0.549020299166667,3.4
0.54100341,3.39,0.540973325,3.4,0.549298730555556,3.4
0.541281443333333,3.39,0.541251006666667,3.4,0.549576465,3.4
0.541558848333333,3.39,0.541528565277778,3.4,0.549854186111111,3.4
0.541836958333333,3.39,0.541806443888889,3.4,0.5501320125,3.4
0.542114974166667,3.39,0.542084227222222,3.4,0.550410319444444,3.4
0.542392522777778,3.39,0.542362136388889,3.4,0.550687907222222,3.4
0.542670441944444,3.39,0.542640299166667,3.4,0.550965941388889,3.4
0.542948125,3.39,0.542918187777778,3.4,0.551243434444444,3.4
0.543226089444444,3.39,0.543196105277778,3.4,0.551521352777778,3.4
0.543503980833333,3.39,0.543473796111111,3.4,0.551799324722222,3.4
0.543781470277778,3.39,0.543751588888889,3.4,0.552077155833333,3.4
0.544059538611111,3.39,0.544029636111111,3.4,0.552354673333333,3.4
0.5443374925,3.39,0.544307340555556,3.4,0.552632703888889,3.4
0.544615631111111,3.39,0.544585091666667,3.4,0.552910146666667,3.39
0.544893454166667,3.39,0.544863019166667,3.4,0.553188041388889,3.4
0.545171396111111,3.39,0.545140939444444,3.4,0.553466171666667,3.4
0.545449298055556,3.39,0.545418875833333,3.4,0.553744046388889,3.4
0.545727393055556,3.39,0.545696438055556,3.4,0.55402228,3.4
0.546004888888889,3.39,0.545974515,3.4,0.554299685,3.4
0.546282750555556,3.39,0.546251803333333,3.4,0.5545780625,3.4
0.546560586388889,3.39,0.546529909444444,3.4,0.554855528333333,3.4
0.546838024722222,3.39,0.546807650555556,3.4,0.555133405833333,3.4
0.547116203888889,3.39,0.547085340555556,3.4,0.555411507222222,3.4
0.547394363333333,3.39,0.547363400277778,3.4,0.555689252222222,3.4
0.547672009444444,3.39,0.547641313333333,3.4,0.555967325833333,3.4
0.547949764722222,3.39,0.547918956944444,3.4,0.556245215,3.4
0.548227611666667,3.39,0.548196842777778,3.4,0.556522990833333,3.4
0.548505674166667,3.39,0.548474628333333,3.4,0.556801083611111,3.4
0.548783178333333,3.39,0.548752466666667,3.4,0.557079085833333,3.39
0.549061235,3.39,0.549030618055556,3.4,0.557357064722222,3.4
0.549339,3.39,0.549308501944444,3.4,0.557634567222222,3.4
0.549616889722222,3.39,0.549586349444445,3.4,0.557912263611111,3.4
0.549895056944444,3.39,0.549864153888889,3.4,0.558190567777778,3.4
0.550172805277778,3.39,0.550142289166667,3.4,0.558468189166667,3.4
0.550450502777778,3.39,0.550419992777778,3.4,0.558746316111111,3.39
0.550727998333333,3.39,0.5506974725,3.4,0.559024101944445,3.4
0.551006140277778,3.39,0.5509754225,3.4,0.559301938888889,3.4
0.551284108333333,3.39,0.551253147222222,3.4,0.559580190555556,3.4
0.551561862777778,3.39,0.551531129166667,3.4,0.559858074444444,3.4
0.551839425277778,3.39,0.551808612777778,3.4,0.560135886111111,3.4
0.552117380555556,3.39,0.552086446944444,3.4,0.560414215,3.4
0.552395311944444,3.39,0.552364111111111,3.4,0.560692071666667,3.4
0.552673010833333,3.39,0.552641998888889,3.4,0.5609698325,3.4
0.552950699444444,3.39,0.55292008,3.4,0.561247953333333,3.4
0.553228822222222,3.39,0.553197916111111,3.4,0.561525834722222,3.4
0.553506976388889,3.39,0.553475566666667,3.4,0.561803316111111,3.4
0.5537848625,3.39,0.553753701388889,3.4,0.562081308055556,3.4
0.554062486388889,3.39,0.554030984722222,3.4,0.562359103333333,3.4
0.554340389166667,3.39,0.554309483888889,3.4,0.562636932777778,3.4
0.554618186388889,3.39,0.554587088333333,3.4,0.562914699166667,3.4
0.554895666388889,3.39,0.554864782222222,3.4,0.5631925125,3.4
0.555173405833333,3.39,0.555142804444445,3.4,0.563470073333333,3.4
0.555451535555556,3.39,0.555420355833333,3.4,0.563747711111111,3.4
0.555729003333333,3.39,0.555698296666667,3.4,0.564025531111111,3.4
0.55600689,3.39,0.555975941944444,3.4,0.564303193611111,3.4
0.556285226944444,3.39,0.556253861666667,3.4,0.564581191944444,3.4
0.556563306944444,3.39,0.556532208055556,3.4,0.56485882,3.4
0.556840580833333,3.39,0.556809895555555,3.4,0.565136601388889,3.4
0.557118331944444,3.39,0.557087845555556,3.4,0.565414916666667,3.4
0.557396391666667,3.39,0.557365635833333,3.4,0.565692917222222,3.4
0.557674163888889,3.39,0.557643295,3.4,0.565971229722222,3.4
0.557952114166667,3.39,0.557921225277778,3.4,0.566249189722222,3.4
0.558230196388889,3.39,0.558199155555556,3.4,0.566527028333333,3.4
0.558507758611111,3.39,0.558476909166667,3.4,0.566804680833333,3.4
0.558786044722222,3.39,0.558754715277778,3.4,0.567082793611111,3.4
0.559063923333333,3.39,0.559032948055556,3.4,0.567360556666667,3.4
0.559341562222222,3.39,0.559310581388889,3.4,0.567638505833333,3.4
0.559619867777778,3.39,0.559588909722222,3.4,0.567916724444444,3.4
0.5598975875,3.39,0.559866705,3.4,0.568194069722222,3.4
0.560175300833333,3.4,0.560144374444444,3.4,0.568472216666667,3.4
0.560453244166667,3.39,0.560422307222222,3.4,0.568750311666667,3.4
0.560731348888889,3.39,0.560700265,3.4,0.569028163611111,3.4
0.561009111666667,3.4,0.560978384722222,3.4,0.569306034444444,3.39
0.561287038055556,3.39,0.561255915,3.4,0.569583569166667,3.4
0.561565016944444,3.39,0.561533679166667,3.4,0.569861471388889,3.4
0.56184273,3.39,0.561811546111111,3.4,0.570139446111111,3.4
0.562120521944444,3.39,0.562089446666667,3.4,0.570417143333333,3.4
0.562398505,3.39,0.562367471388889,3.4,0.570695016944444,3.4
0.562676330833333,3.39,0.562645333611111,3.4,0.570972731388889,3.4
0.562954078888889,3.39,0.5629233725,3.4,0.571250847777778,3.4
0.563231826944444,3.39,0.563201336388889,3.4,0.571528484722222,3.4
0.563509673611111,3.39,0.563478991944444,3.4,0.571806316666667,3.4
0.563787503055556,3.39,0.563756969166667,3.4,0.572084559444444,3.4
0.564065693055556,3.39,0.564034663055556,3.4,0.572362101388889,3.4
0.564343525555556,3.39,0.564312579166667,3.4,0.572639983888889,3.4
0.564621333888889,3.39,0.564590188055556,3.4,0.572917736111111,3.4
0.564899688888889,3.39,0.564868186111111,3.4,0.573195443055556,3.4
0.565177737777778,3.39,0.565146078333333,3.4,0.573473577777778,3.4
0.565455489444444,3.39,0.565424054722222,3.4,0.573751396944444,3.4
0.565733465,3.39,0.565702005555555,3.4,0.574029276666667,3.4
0.566011213333333,3.39,0.565979311944444,3.4,0.574307089166667,3.4
0.566288992777778,3.4,0.566257313611111,3.4,0.574584785277778,3.4
0.566566839722222,3.39,0.566535064722222,3.4,0.574862901388889,3.4
0.566844892222222,3.39,0.56681331,3.4,0.575140717777778,3.4
0.567122536111111,3.39,0.567090900555556,3.4,0.575419338055556,3.4
0.567400420555556,3.39,0.567368788333333,3.4,0.5756970875,3.4
0.567678785833333,3.39,0.567646483611111,3.4,0.575975113055556,3.4
0.567956866111111,3.39,0.567924676666667,3.4,0.576253017777778,3.4
0.568234489722222,3.39,0.568202217777778,3.4,0.576530986944444,3.4
0.568512406111111,3.4,0.568480213888889,3.4,0.576808594722222,3.4
0.568790104166667,3.39,0.568757825277778,3.4,0.577086488888889,3.4
0.569067469444444,3.39,0.569035766111111,3.4,0.577364270555556,3.4
0.569345593055556,3.39,0.569313645555556,3.4,0.577642288055556,3.4
0.569623396666667,3.39,0.569591525,3.4,0.577920107777778,3.4
0.569901049444445,3.39,0.569869649166667,3.4,0.578197377777778,3.4
0.570178639166667,3.39,0.570147522777778,3.4,0.578475705833333,3.4
0.570456765,3.39,0.570425187777778,3.4,0.578753619166667,3.4
0.570734477222222,3.4,0.570703056111111,3.4,0.579031310555556,3.4
0.571012094444444,3.39,0.570980816111111,3.4,0.579309070833333,3.4
0.571289661111111,3.39,0.57125884,3.4,0.579587323888889,3.4
0.571567615277778,3.39,0.571536930277778,3.4,0.579865456944444,3.4
0.571845586388889,3.39,0.571814531666667,3.4,0.580143554166667,3.4
0.572123361944444,3.39,0.572092473611111,3.4,0.580421762222222,3.4
0.572401320833333,3.39,0.572370623055556,3.4,0.580699280277778,3.4
0.572679271111111,3.39,0.572648667222222,3.4,0.580977110277778,3.4
0.5729568975,3.39,0.572926070833333,3.4,0.581255465,3.4
0.573234748888889,3.39,0.573204023611111,3.4,0.581533396388889,3.4
0.573512633055556,3.39,0.573481785833333,3.4,0.581810932777778,3.4
0.573790636111111,3.39,0.57375982,3.4,0.58208869,3.4
0.574068474444444,3.39,0.574037640555556,3.4,0.5823668525,3.4
0.574346634166667,3.4,0.574316030277778,3.4,0.582644491388889,3.4
0.574624608888889,3.39,0.57459365,3.4,0.582922588888889,3.4
0.574902166944445,3.4,0.574871493611111,3.4,0.583200345833333,3.4
0.575180331666667,3.4,0.575149491666667,3.4,0.583478216111111,3.4
0.575457999444445,3.39,0.575427387777778,3.4,0.583755876111111,3.4
0.575736149444444,3.4,0.575705578333333,3.4,0.584033657777778,3.4
0.576014205277778,3.39,0.575983670277778,3.4,0.584311663888889,3.4
0.576291869722222,3.39,0.576261466944444,3.4,0.584589354722222,3.4
0.576569395833333,3.39,0.576539802777778,3.4,0.584867305833333,3.4
0.576847905277778,3.39,0.576817051944445,3.4,0.585144849444444,3.4
0.577125961944444,3.4,0.577095390555555,3.4,0.585422764444444,3.4
0.577403686388889,3.39,0.577373245555556,3.4,0.585701115833333,3.4
0.577681507222222,3.39,0.577650937777778,3.4,0.585978815,3.4
0.577959103055556,3.39,0.577929080833333,3.4,0.586256860277778,3.4
0.578236912777778,3.39,0.578206774722222,3.4,0.586534710833333,3.4
0.578514735,3.4,0.578484633888889,3.4,0.586812457222222,3.4
0.578792880555556,3.39,0.578762040555556,3.4,0.587090284166667,3.4
0.579070741666667,3.39,0.5790401825,3.4,0.5873683925,3.4
0.579348659722222,3.39,0.579317961666667,3.4,0.587646094444444,3.4
0.579626676666667,3.4,0.579595673611111,3.4,0.587924245833333,3.4
0.579904519722222,3.39,0.579873940833333,3.4,0.588201822777778,3.4
0.580182313055556,3.4,0.580151511111111,3.4,0.588479845277778,3.4
0.580460054444444,3.39,0.580429573333333,3.4,0.588757701388889,3.4
0.580738029166667,3.39,0.580707470555556,3.4,0.589035748333333,3.4
0.581016011944444,3.39,0.580985247777778,3.4,0.589313614444444,3.4
0.581293951666667,3.39,0.581262590277778,3.4,0.589591512222222,3.4
0.581571657777778,3.39,0.581540600833333,3.4,0.5898692325,3.4
0.581849402222222,3.39,0.581818757777778,3.4,0.590147156111111,3.4
0.582127353611111,3.39,0.582096790277778,3.4,0.590424798333333,3.4
0.582405135,3.39,0.582374604444444,3.4,0.590702909722222,3.4
0.5826830525,3.39,0.582652517222222,3.4,0.590980846388889,3.4
0.582961165,3.4,0.582930063055556,3.4,0.591258558333333,3.4
0.583238725555556,3.39,0.583207993611111,3.4,0.591536700555556,3.4
0.583516764166667,3.4,0.583485555833333,3.4,0.591814535555556,3.4
0.583794523333333,3.39,0.583763502222222,3.4,0.5920921525,3.4
0.584072180555556,3.39,0.584041432222222,3.4,0.592370219444444,3.4
0.584350475555556,3.39,0.584318944166667,3.4,0.592648091111111,3.4
0.584628302222222,3.39,0.584597052222222,3.4,0.592925856111111,3.4
0.584906594722222,3.39,0.584875210833333,3.4,0.593203512777778,3.4
0.585184235,3.4,0.5851529525,3.4,0.593481315277778,3.4
0.58546213,3.39,0.585430883888889,3.4,0.593759038055556,3.4
0.585740029722222,3.4,0.585708883611111,3.4,0.594037138888889,3.4
0.586017759444444,3.39,0.585986986388889,3.4,0.594315314444444,3.4
0.586295728333333,3.4,0.5862650575,3.4,0.594593094166667,3.4
0.586573707777778,3.39,0.586542698055555,3.4,0.594870616944444,3.4
0.586851420277778,3.4,0.586820906388889,3.4,0.595149018333333,3.4
0.587129180833333,3.4,0.587098789444444,3.4,0.595426633055556,3.4
0.587407321388889,3.4,0.587376703611111,3.4,0.595704852222222,3.4
0.587685134722222,3.39,0.587654430555556,3.4,0.595982126666667,3.4
0.587962705555556,3.39,0.587932320277778,3.4,0.596260093888889,3.4
0.588240275,3.39,0.588209846944444,3.4,0.596538182222222,3.4
0.588518595555556,3.39,0.588487850833333,3.4,0.596815925,3.4
0.588796333611111,3.4,0.588765766944444,3.4,0.597093673611111,3.4
0.589074095277778,3.39,0.589043269166667,3.4,0.597371460555555,3.4
0.589351910833333,3.39,0.589321228055556,3.4,0.597649373333333,3.4
0.589629586111111,3.4,0.589599094166667,3.4,0.597927565555556,3.4
0.589907583611111,3.4,0.5898772925,3.4,0.598205150277778,3.4
0.590185416666667,3.4,0.590154794722222,3.4,0.598482643888889,3.4
0.590463500555556,3.4,0.590432608333333,3.4,0.598760796944444,3.4
0.590741391944444,3.4,0.590710391111111,3.4,0.599038656388889,3.4
0.591019248333333,3.4,0.590988406944444,3.4,0.599316575277778,3.4
0.591296736111111,3.4,0.591266325833333,3.4,0.599594399166667,3.4
0.591574899444444,3.4,0.591544177777778,3.4,0.599872019444444,3.4
0.591852703888889,3.4,0.591822036944444,3.4,0.600149973611111,3.4
0.592130479444444,3.4,0.592099654722222,3.4,0.600428071388889,3.4
0.592408536111111,3.4,0.592377557222222,3.4,0.600706169166667,3.4
0.59268613,3.4,0.5926558125,3.4,0.600984228333333,3.4
0.592964353611111,3.4,0.592933195833333,3.4,0.601261887777778,3.4
0.593242536388889,3.4,0.593211574722222,3.4,0.60153937,3.4
0.593520789166667,3.39,0.593489672777778,3.4,0.601817431944444,3.4
0.593798599444444,3.39,0.593767069166667,3.4,0.6020954725,3.4
0.594076561111111,3.4,0.594045576666667,3.4,0.602373546944444,3.4
0.594354132222222,3.4,0.594323281944444,3.4,0.602651337777778,3.4
0.594632125277778,3.4,0.594601332777778,3.4,0.602929250555556,3.4
0.59491005,3.39,0.594878998888889,3.4,0.603207189166667,3.4
0.595187788888889,3.39,0.595156537222222,3.4,0.603484623055556,3.4
0.595465540277778,3.39,0.595434588611111,3.4,0.6037628975,3.4
0.595743344444444,3.4,0.595712267222222,3.4,0.604040415277778,3.4
0.596021457777778,3.4,0.59599023,3.4,0.604318189444444,3.4
0.596299030277778,3.39,0.596267995833333,3.4,0.604596148888889,3.4
0.596577041111111,3.4,0.596545585833333,3.4,0.604873773888889,3.4
0.596854733611111,3.4,0.596823449444444,3.4,0.605151944722222,3.4
0.597132619444445,3.4,0.597100955277778,3.4,0.605429690277778,3.4
0.597410293888889,3.4,0.597378703055556,3.4,0.605707865,3.4
0.597688443611111,3.4,0.597657009166667,3.4,0.605985490277778,3.4
0.597965854444444,3.4,0.597934825,3.4,0.606263445,3.4
0.598244429444444,3.4,0.598212710833333,3.4,0.606541209444444,3.4
0.598522376388889,3.4,0.5984904675,3.4,0.606819339444444,3.4
0.598800173888889,3.4,0.598768333333333,3.4,0.607097208333333,3.4
0.599077835833333,3.4,0.599046476111111,3.4,0.607374830555556,3.4
0.5993552875,3.4,0.599324800555555,3.4,0.607652416666667,3.4
0.599633378055556,3.39,0.59960205,3.4,0.607930339444445,3.4
0.599911127222222,3.39,0.599879993333333,3.4,0.608208228333333,3.4
0.600188877222222,3.4,0.600158005277778,3.4,0.608486166944444,3.4
0.600467325277778,3.4,0.600435601111111,3.4,0.608763678333333,3.4
0.600745198888889,3.4,0.6007135875,3.4,0.609041535833333,3.4
0.6010231225,3.39,0.600991689166667,3.4,0.609319940277778,3.4
0.601301146111111,3.4,0.601269390555556,3.4,0.609597826666667,3.4
0.601578873333333,3.39,0.601547285,3.4,0.609875569722222,3.4
0.601856864444445,3.4,0.601825398055556,3.4,0.610153207777778,3.4
0.602134793888889,3.39,0.6021031675,3.4,0.610431090555556,3.4
0.602412251111111,3.39,0.602380705277778,3.4,0.610708828333333,3.4
0.602690394444444,3.39,0.602659008055556,3.4,0.610986641944444,3.4
0.602967986944444,3.4,0.602937194166667,3.4,0.611264758888889,3.4
0.603245990277778,3.4,0.603214840833333,3.4,0.611542458611111,3.4
0.603523884166667,3.4,0.603492751388889,3.4,0.611820266944444,3.4
0.603801591944444,3.4,0.603770484722222,3.4,0.612098022222222,3.4
0.604079535277778,3.39,0.604048502777778,3.4,0.612375735,3.4
0.604357118055556,3.4,0.604326434722222,3.4,0.612653303611111,3.4
0.604635463611111,3.39,0.604604531666667,3.4,0.612931315833333,3.4
0.604912913888889,3.4,0.604882390833333,3.4,0.613209251944445,3.4
0.605190947222222,3.39,0.605160312777778,3.4,0.613487238611111,3.4
0.605468345277778,3.4,0.605438365277778,3.4,0.613765591666667,3.4
0.605746310555556,3.4,0.6057169125,3.4,0.614042955277778,3.4
0.6060243,3.4,0.605994783611111,3.4,0.614320671111111,3.4
0.606302078611111,3.4,0.606272764166667,3.4,0.614598500555556,3.4
0.606579544722222,3.4,0.606550628888889,3.4,0.614876181388889,3.4
0.606857710833333,3.4,0.606828558611111,3.4,0.615154094166667,3.4
0.6071352475,3.4,0.607106235555556,3.4,0.615432221944444,3.4
0.607412998333333,3.4,0.607384378888889,3.4,0.615710095277778,3.4
0.607690893333333,3.39,0.607662386666667,3.4,0.615987786111111,3.4
0.607968738888889,3.4,0.607940100555556,3.4,0.616265523055556,3.4
0.608246451666667,3.39,0.608218203611111,3.4,0.616543718888889,3.4
0.608524460555556,3.4,0.608496047222222,3.4,0.616821246944445,3.4
0.608802313333333,3.4,0.608773811944444,3.4,0.61709957,3.4
0.609080016944444,3.4,0.609051749444445,3.4,0.617377331388889,3.4
0.609357945555556,3.4,0.6093296275,3.4,0.617655394166667,3.4
0.609635451111111,3.4,0.609607398611111,3.4,0.617932965555556,3.4
0.609913190833333,3.4,0.60988504,3.4,0.618211192222222,3.4
0.610191187777778,3.39,0.610163071666667,3.4,0.618489024166667,3.4
0.610468909722222,3.4,0.610440619166667,3.411,0.6187667225,3.4
0.610746750833333,3.4,0.610718954722222,3.4,0.619044608611111,3.4
0.611024191111111,3.4,0.610996528888889,3.4,0.619322665,3.4
0.611301958333333,3.4,0.6112744625,3.4,0.6196007725,3.4
0.6115802325,3.4,0.611552426388889,3.4,0.6198789375,3.4
0.611858143333333,3.4,0.611830269722222,3.4,0.620157136666667,3.4
0.612135800555555,3.4,0.612108134722222,3.411,0.620435328333333,3.4
0.612413893055556,3.39,0.612385894722222,3.4,0.620713578888889,3.4
0.612691723888889,3.4,0.612663958888889,3.4,0.620991112777778,3.4
0.612969478055556,3.4,0.612941558888889,3.411,0.621269030833333,3.4
0.613247339722222,3.4,0.613219458055556,3.411,0.621546907222222,3.4
0.6135248625,3.4,0.613497363055556,3.4,0.621824481111111,3.4
0.613802846944445,3.4,0.6137753475,3.4,0.622102571388889,3.4
0.614080679444444,3.4,0.6140530125,3.4,0.622380172777778,3.4
0.614358245833333,3.4,0.614330894722222,3.4,0.622657968055556,3.4
0.61463614,3.39,0.614609168333333,3.411,0.622935605277778,3.411
0.614913666111111,3.4,0.614886720277778,3.411,0.623213794444444,3.4
0.615191776111111,3.39,0.615164878611111,3.4,0.623491509722222,3.4
0.615469561944444,3.4,0.615442509722222,3.4,0.623769473611111,3.4
0.615747320277778,3.39,0.615720124166667,3.4,0.624047368333333,3.4
0.616024689166667,3.4,0.615997956111111,3.411,0.624325182777778,3.4
0.616303088333333,3.4,0.616275905833333,3.4,0.624602820277778,3.4
0.616580811111111,3.4,0.616553642777778,3.4,0.624880873611111,3.4
0.616858673055556,3.4,0.616831555,3.411,0.625158681944444,3.4
0.617136374166667,3.4,0.617109237777778,3.411,0.625436644444444,3.4
0.617414268611111,3.4,0.617387198888889,3.4,0.625714344722222,3.4
0.617691974444444,3.4,0.617664925555556,3.411,0.625992104722222,3.4
0.6179701675,3.4,0.617942601111111,3.4,0.626269890277778,3.4
0.618247758333333,3.4,0.618220696666667,3.4,0.626548035277778,3.4
0.618525626388889,3.4,0.618498536111111,3.411,0.626825843888889,3.4
0.618803614444445,3.4,0.618776293333333,3.4,0.627103558888889,3.4
0.619081216944444,3.4,0.6190539675,3.4,0.627381342222222,3.4
0.619359348611111,3.4,0.619331895,3.4,0.627659115833333,3.4
0.619637349166667,3.4,0.619609657777778,3.4,0.627937339444445,3.4
0.619914991944444,3.4,0.619887406111111,3.4,0.628215219444444,3.4
0.620192830833333,3.4,0.620165102777778,3.4,0.628493173055556,3.4
0.620470518611111,3.4,0.6204426825,3.4,0.628771040555556,3.4
0.620748461944444,3.4,0.620720671666667,3.4,0.629048772777778,3.4
0.621026089722222,3.4,0.6209984275,3.4,0.629326918055556,3.4
0.621304219166667,3.4,0.621276771666667,3.4,0.629605105277778,3.4
0.621582132777778,3.4,0.621554846666667,3.4,0.629882660277778,3.4
0.621859701944444,3.4,0.621832739166667,3.4,0.630161196111111,3.4
0.622137745555556,3.4,0.622110558611111,3.4,0.630438839444444,3.4
0.622415779166667,3.4,0.622388628055556,3.4,0.630716590277778,3.4
0.622693544166667,3.4,0.622666081388889,3.4,0.630994601111111,3.4
0.622971330833333,3.4,0.622944089166667,3.4,0.631272542222222,3.4
0.623249316944444,3.4,0.623222021388889,3.411,0.631550274722222,3.4
0.623527367777778,3.4,0.623499706388889,3.4,0.631828131666667,3.4
0.623804666944444,3.4,0.623777467222222,3.411,0.632106046944444,3.4
0.624083055,3.4,0.624055417222222,3.4,0.632383834722222,3.4
0.624361214444444,3.4,0.624333620833333,3.4,0.632661563333333,3.4
0.624638965833333,3.4,0.624611074166667,3.4,0.632939737777778,3.4
0.624916775555556,3.4,0.624889299722222,3.4,0.633217817222222,3.4
0.6251943225,3.4,0.625167083055556,3.4,0.633495381388889,3.4
0.625472271944444,3.4,0.6254448025,3.4,0.6337731325,3.4
0.625749753055556,3.4,0.625723076666667,3.4,0.634051154166667,3.4
0.626027695833333,3.4,0.626000770555556,3.411,0.634329215833333,3.4
0.626305503611111,3.4,0.62627924,3.4,0.634607183055556,3.4
0.626583264444444,3.4,0.626556659166667,3.4,0.634884845,3.4
0.626861166666667,3.4,0.626834598055556,3.4,0.635162371666667,3.4
0.627138838055556,3.4,0.627112512222222,3.411,0.635440388611111,3.4
0.627416593055556,3.4,0.627390022777778,3.411,0.635718293611111,3.4
0.627694483611111,3.4,0.627667610555556,3.411,0.635995981666667,3.4
0.627972239722222,3.4,0.627945647777778,3.411,0.636273960833333,3.4
0.628250754444444,3.4,0.628223501944445,3.4,0.636551455833333,3.4
0.628528417222222,3.4,0.628501713611111,3.4,0.636829268055556,3.4
0.628806218055556,3.4,0.628779300277778,3.4,0.637107170555556,3.4
0.629084246388889,3.39,0.629057498888889,3.411,0.6373854425,3.4
0.629362101388889,3.4,0.629335080277778,3.4,0.637663744444445,3.4
0.629639509166667,3.4,0.629612946666667,3.4,0.6379418,3.4
0.629917612777778,3.4,0.629890862777778,3.411,0.638219630277778,3.4
0.630195359166667,3.4,0.630168442222222,3.4,0.638497563055555,3.4
0.630473214166667,3.4,0.630446156111111,3.411,0.638775151111111,3.4
0.630750794722222,3.4,0.630723983611111,3.411,0.639053135555556,3.4
0.631028803888889,3.4,0.631001853888889,3.411,0.639331113333333,3.4
0.631306735277778,3.4,0.631279743055556,3.411,0.639609211388889,3.4
0.631584171666667,3.4,0.631557625833333,3.411,0.639886876666667,3.4
0.631862224166667,3.4,0.631835518611111,3.411,0.640164467777778,3.411
0.632140291111111,3.4,0.632113554444444,3.4,0.640442193611111,3.4
0.632418093888889,3.4,0.632391000555556,3.411,0.640720140833333,3.4
0.632695620833333,3.4,0.632669147222222,3.4,0.640998010277778,3.4
0.632973459166667,3.4,0.632947223055556,3.411,0.641275892222222,3.4
0.633251446666667,3.4,0.633224984166667,3.411,0.641553618888889,3.4
0.633529517777778,3.4,0.63350251,3.4,0.641831729722222,3.4
0.633807253611111,3.4,0.633780091944444,3.4,0.642109122222222,3.4
0.6340848875,3.39,0.634058436111111,3.4,0.64238717,3.4
0.634362936388889,3.4,0.634336462777778,3.4,0.642664877222222,3.4
0.634640502222222,3.4,0.634614263611111,3.411,0.642942758333333,3.4
0.634918332777778,3.4,0.634892213333333,3.411,0.643220863611111,3.4
0.635196146111111,3.4,0.635169874444444,3.411,0.643498730833333,3.4
0.635474201944444,3.4,0.635447853055556,3.411,0.643776476111111,3.4
0.635751899722222,3.4,0.635726129444445,3.4,0.644054268055556,3.4
0.636029855277778,3.4,0.636003771388889,3.411,0.644331974722222,3.4
0.636307717222222,3.4,0.636281493611111,3.4,0.644609918055556,3.4
0.636585608333333,3.4,0.636559520555556,3.411,0.644887874722222,3.4
0.636863274722222,3.4,0.6368373,3.4,0.645165530833333,3.4
0.637141139722222,3.4,0.637115084166667,3.4,0.645443203611111,3.4
0.637418791944445,3.4,0.637393073055556,3.4,0.645721653333333,3.4
0.63769679,3.4,0.637670735277778,3.4,0.645999704722222,3.4
0.637974720833333,3.4,0.637948571111111,3.411,0.646277628888889,3.4
0.638252505277778,3.4,0.638226424722222,3.411,0.646554863333333,3.4
0.638529999722222,3.4,0.638504177777778,3.411,0.646832998055556,3.4
0.638807730833333,3.4,0.638781638888889,3.411,0.6471107225,3.4
0.639086224166667,3.4,0.639059540277778,3.411,0.647389201111111,3.4
0.639364078055556,3.4,0.6393373425,3.411,0.6476670825,3.4
0.639641701666667,3.4,0.639615080277778,3.411,0.647944981944444,3.4
0.639919576111111,3.4,0.639893023333333,3.411,0.648222686666667,3.4
0.640197423888889,3.4,0.640170481388889,3.4,0.648500621111111,3.4
0.640475354444444,3.4,0.640448453611111,3.411,0.648778313888889,3.4
0.640752778055556,3.4,0.640726124722222,3.4,0.649056444444444,3.4
0.641031002777778,3.4,0.641004264444444,3.411,0.649334114722222,3.4
0.641308622222222,3.4,0.641282281944444,3.4,0.649611923055555,3.4
0.641586810833333,3.4,0.641560044722222,3.411,0.649889740833333,3.4
0.641864375833333,3.4,0.641837634444444,3.411,0.650167682777778,3.4
0.642142599444444,3.4,0.642115094722222,3.4,0.650445503888889,3.4
0.642420189722222,3.4,0.642393375833333,3.411,0.650723448611111,3.4
0.642697979444445,3.4,0.642671206111111,3.4,0.651001328611111,3.4
0.642975769166667,3.4,0.642949476111111,3.4,0.651279325,3.4
0.643253726666667,3.4,0.643227418055555,3.411,0.651557140833333,3.4
0.64353145,3.4,0.643505270277778,3.4,0.6518349975,3.4
0.643809600277778,3.4,0.643782714444444,3.411,0.652112761111111,3.4
0.6440877825,3.4,0.644060836388889,3.411,0.652390483888889,3.411
0.644365650277778,3.4,0.644338890833333,3.411,0.652668168055555,3.4
0.644643651666667,3.4,0.644616598333333,3.411,0.652946201944444,3.411
0.644921589444444,3.4,0.644894495555556,3.411,0.653224066944444,3.4
0.645199260277778,3.4,0.645172053333333,3.411,0.653501786944444,3.4
0.645477271111111,3.4,0.645449946388889,3.411,0.653779337222222,3.411
0.645754947222222,3.4,0.645727911388889,3.411,0.654057566388889,3.4
0.646032979722222,3.4,0.646005755,3.4,0.654335236111111,3.411
0.6463106325,3.4,0.646283575,3.4,0.654613057222222,3.4
0.646588816111111,3.4,0.646561555555556,3.411,0.654891159444444,3.411
0.646866695,3.4,0.646839280833333,3.411,0.6551686875,3.4
0.647144479722222,3.4,0.647116768333333,3.4,0.655446399166667,3.4
0.6474221725,3.4,0.647395234722222,3.411,0.655724448888889,3.4
0.647700421944444,3.4,0.647672779444444,3.411,0.656001969722222,3.4
0.647977984166667,3.4,0.647950539444444,3.411,0.656279662777778,3.411
0.648255854166667,3.4,0.648228521388889,3.411,0.656557983611111,3.4
0.648533708888889,3.4,0.648506581388889,3.411,0.656835944166667,3.411
0.648811857777778,3.4,0.648784292777778,3.4,0.657113206944444,3.4
0.649089517222222,3.4,0.649062236111111,3.411,0.657391351111111,3.4
0.649367191388889,3.4,0.649340288888889,3.411,0.657669353611111,3.4
0.649644979722222,3.4,0.649617903888889,3.4,0.657947320277778,3.4
0.649923035,3.4,0.649895591111111,3.411,0.658225129166667,3.4
0.650200916111111,3.4,0.650173856111111,3.411,0.658502990833333,3.411
0.650478628333333,3.4,0.650452066944444,3.411,0.658780427222222,3.411
0.650756712222222,3.4,0.650730089166667,3.411,0.659058274722222,3.4
0.651034772222222,3.4,0.651008414444444,3.411,0.659336408333333,3.411
0.651312755833333,3.4,0.651286159444444,3.411,0.659614400555556,3.4
0.651590641388889,3.4,0.651564505555556,3.411,0.659892043055556,3.411
0.651868581111111,3.4,0.6518421075,3.411,0.660170013333333,3.411
0.652146927777778,3.4,0.652120096388889,3.411,0.660448036388889,3.411
0.652425005,3.4,0.652398563611111,3.411,0.660725910833333,3.4
0.652702628611111,3.4,0.652676646388889,3.411,0.661004345555556,3.411
0.652980636111111,3.4,0.652954543055556,3.411,0.661282301666667,3.4
0.653258250833333,3.4,0.653232522777778,3.4,0.661560129444444,3.4
0.653536180555556,3.4,0.653509871944444,3.411,0.661838161944444,3.4
0.653813790833333,3.4,0.653788025833333,3.411,0.662115850555556,3.411
0.654091802222222,3.4,0.654065682222222,3.411,0.662393498333333,3.411
0.654369520833333,3.4,0.654343288888889,3.411,0.662671412777778,3.4
0.654647305833333,3.4,0.654620934722222,3.411,0.662949446111111,3.411
0.654925295,3.4,0.654898899166667,3.411,0.663227066388889,3.4
0.655203210277778,3.4,0.655176568333333,3.411,0.663504974166667,3.411
0.655480838611111,3.4,0.655454285,3.411,0.663782388611111,3.4
0.655759046666667,3.4,0.6557323775,3.411,0.664060326388889,3.411
0.656036850555555,3.4,0.656010431111111,3.411,0.6643380675,3.4
0.656314398055555,3.4,0.656288316111111,3.411,0.664616185,3.4
0.656592382222222,3.4,0.656565982222222,3.411,0.664894137777778,3.4
0.656870330277778,3.4,0.656843971944445,3.411,0.665172174166667,3.4
0.657148752777778,3.4,0.657121825277778,3.4,0.665450034166667,3.4
0.657426381666667,3.4,0.657399720833333,3.411,0.665728014444444,3.411
0.657704189722222,3.4,0.6576773525,3.411,0.666005852222222,3.4
0.657982287222222,3.4,0.657954999722222,3.411,0.666283640833333,3.4
0.658259925277778,3.4,0.658232958611111,3.411,0.666561426111111,3.4
0.658537813611111,3.4,0.658510955,3.411,0.666839260277778,3.411
0.658815267777778,3.4,0.658789099166667,3.411,0.667116991111111,3.411
0.6590935075,3.4,0.65906681,3.411,0.667394691388889,3.4
0.659371190277778,3.4,0.659345113333333,3.411,0.66767246,3.411
0.659649372777778,3.4,0.659622670833333,3.4,0.667950234722222,3.411
0.659927559444444,3.4,0.6599008,3.411,0.668228203333333,3.411
0.660205503888889,3.4,0.660178225555555,3.411,0.668506309444444,3.411
0.660483825833333,3.4,0.660456421111111,3.411,0.6687841425,3.411
0.660761424444445,3.4,0.660734514166667,3.411,0.66906188,3.411
0.661039437777778,3.4,0.661012491388889,3.411,0.669339771388889,3.411
0.661317561666667,3.4,0.661290236388889,3.411,0.669617430833333,3.411
0.6615952,3.4,0.661568398888889,3.411,0.669895266944444,3.4
0.661873103333333,3.4,0.661846134444444,3.411,0.670172864444444,3.4
0.662150955277778,3.4,0.662123676666667,3.411,0.67045076,3.4
0.662428501388889,3.4,0.662401666944444,3.411,0.670728626944444,3.411
0.662706354722222,3.4,0.662679566944444,3.411,0.6710063125,3.411
0.662984317222222,3.4,0.662957550277778,3.411,0.6712845025,3.411
0.663262085833333,3.4,0.663235408888889,3.411,0.671562288888889,3.411
0.663539901944444,3.4,0.663513275555556,3.411,0.671840326388889,3.4
0.663817625277778,3.4,0.663791027222222,3.411,0.672118026944444,3.411
0.664095436944445,3.4,0.664068713611111,3.411,0.672395838333333,3.411
0.66437297,3.4,0.664346928333333,3.411,0.672673541666667,3.411
0.664650961111111,3.4,0.664624810277778,3.4,0.672951450277778,3.4
0.664928723333333,3.4,0.664902845833333,3.411,0.673229157777778,3.411
0.665206430555556,3.4,0.665180599722222,3.411,0.673507186388889,3.411
0.665484589444444,3.4,0.6654583975,3.411,0.673785168611111,3.411
0.665762077222222,3.4,0.665736231388889,3.411,0.674062897777778,3.411
0.666040163888889,3.4,0.666014409444444,3.411,0.674340795277778,3.411
0.666317763888889,3.4,0.666292168333333,3.411,0.674618714722222,3.411
0.666595909444444,3.4,0.666570196388889,3.411,0.674896707777778,3.411
0.666873831944444,3.4,0.666847978055556,3.411,0.675174046111111,3.411
0.667151684166667,3.4,0.667125815833333,3.411,0.675452052222222,3.411
0.667429522777778,3.4,0.66740366,3.411,0.675729654722222,3.411
0.667707241666667,3.4,0.667681684166667,3.411,0.676007785833333,3.411
0.667985196944444,3.4,0.667959145833333,3.411,0.676286031111111,3.411
0.6682625625,3.4,0.668236875555556,3.411,0.676564144722222,3.411
0.668540645555556,3.4,0.668515035833333,3.411,0.676842079166667,3.411
0.668818261944444,3.4,0.6687928325,3.411,0.6771198675,3.411
0.669096498888889,3.4,0.669070484444445,3.411,0.677397824166667,3.411
0.669373846944444,3.4,0.669348706666667,3.411,0.677675636388889,3.411
0.669652040555556,3.4,0.669626270555556,3.411,0.677953225,3.411
0.669929731388889,3.4,0.669904255,3.411,0.678231068333333,3.411
0.670207634444444,3.4,0.670182170277778,3.411,0.678508888611111,3.411
0.670485759444444,3.4,0.670460026666667,3.411,0.67878662,3.411
0.6707635675,3.4,0.670738085833333,3.411,0.679064319444444,3.411
0.671041349166667,3.4,0.671015677222222,3.411,0.679342169166667,3.411
0.671319073611111,3.4,0.6712939525,3.411,0.679619825,3.411
0.671596992777778,3.4,0.671571928611111,3.411,0.679897954166667,3.411
0.671875203055556,3.4,0.671849638888889,3.411,0.680175525,3.411
0.672152706944445,3.4,0.672127710833333,3.411,0.680453546944444,3.411
0.672430635277778,3.4,0.672405156666667,3.411,0.680730999166667,3.411
0.672708324166667,3.4,0.672683334722222,3.411,0.681009045833333,3.4
0.672985808333333,3.4,0.672961109722222,3.411,0.6812867525,3.411
0.673263994722222,3.4,0.673238708611111,3.411,0.681565036388889,3.411
0.673541734166667,3.4,0.673516451111111,3.411,0.681842646388889,3.411
0.673819350555556,3.4,0.673794842222222,3.411,0.682120239166667,3.411
0.674097303888889,3.4,0.674072555555556,3.411,0.682398653333333,3.411
0.674374956388889,3.4,0.6743503875,3.411,0.682676370555556,3.411
0.674652733333333,3.4,0.674628130555556,3.411,0.682953863055555,3.411
0.674930341388889,3.4,0.674906000277778,3.411,0.683231760555556,3.411
0.675207994444444,3.4,0.675184256944444,3.411,0.683509801111111,3.411
0.675486116666667,3.4,0.675462290555556,3.411,0.683787683611111,3.411
0.675764315833333,3.4,0.675740154722222,3.411,0.684065971111111,3.411
0.676042303611111,3.4,0.676017743055556,3.411,0.684344191111111,3.411
0.676320488055556,3.4,0.676295775,3.411,0.684621785555556,3.411
0.6765981925,3.4,0.676573553333333,3.411,0.684899638888889,3.411
0.676876242777778,3.4,0.676851315555556,3.411,0.685177476111111,3.4
0.67715379,3.4,0.677129216388889,3.411,0.685455145555556,3.411
0.677431702777778,3.4,0.677406764166667,3.411,0.685733284722222,3.411
0.677709636944444,3.4,0.677684741944444,3.411,0.686011112222222,3.411
0.677987523055556,3.4,0.677963129444444,3.411,0.686288934444444,3.411
0.678265732777778,3.4,0.678240835555555,3.411,0.686567006944444,3.411
0.678543399444444,3.4,0.678518662777778,3.411,0.686844608333333,3.411
0.678821038611111,3.4,0.678796845,3.411,0.687122286666667,3.411
0.679099117777778,3.4,0.679074790555556,3.411,0.687400215833333,3.411
0.679376470555556,3.4,0.679352222222222,3.411,0.687677958055556,3.411
0.679654628333333,3.4,0.679630060555556,3.411,0.687956008055556,3.411
0.67993221,3.4,0.679908056666667,3.411,0.68823387,3.411
0.680210463055556,3.4,0.680185941388889,3.411,0.688511703333333,3.411
0.680488093055555,3.4,0.680463951666667,3.411,0.688789219166667,3.4
0.6807657175,3.4,0.680741570555556,3.411,0.689067330277778,3.411
0.681043758611111,3.4,0.681019387222222,3.411,0.689344646666667,3.411
0.681321357222222,3.4,0.681297155,3.411,0.689622776111111,3.411
0.681599688333333,3.4,0.6815750475,3.411,0.689900436666667,3.411
0.681877400833333,3.4,0.681852596388889,3.411,0.690178597222222,3.411
0.682155734444444,3.4,0.682130609444444,3.411,0.690455983055556,3.411
0.682433286944444,3.4,0.682408698055555,3.411,0.690734308333333,3.411
0.682711346388889,3.4,0.6826868825,3.411,0.691012211388889,3.411
0.682988987777778,3.4,0.682964318611111,3.411,0.691289854444444,3.411
0.683267167777778,3.4,0.683242467777778,3.411,0.691567832777778,3.411
0.683544766944444,3.4,0.683520286388889,3.411,0.691845206388889,3.411
0.683823008055556,3.4,0.683798188333333,3.411,0.692123471666667,3.411
0.684100839444444,3.411,0.68407645,3.411,0.692401450277778,3.411
0.684378336388889,3.4,0.684354007222222,3.411,0.692679036111111,3.411
0.6846565175,3.4,0.684632214166667,3.411,0.692957143333333,3.411
0.684934322222222,3.4,0.684910080277778,3.411,0.693235194444444,3.411
0.685212234166667,3.4,0.685188053888889,3.411,0.693512911111111,3.411
0.685490296388889,3.4,0.685466069444444,3.411,0.693791053888889,3.411
0.685768311111111,3.4,0.685744135,3.411,0.694068953333333,3.411
0.686046023333333,3.4,0.686021668888889,3.411,0.694346543888889,3.411
0.686324061944444,3.4,0.686299690277778,3.411,0.694624365277778,3.411
0.686601351388889,3.411,0.686577033333333,3.411,0.694902278611111,3.411
0.686879508333333,3.4,0.686854994166667,3.411,0.695180057777778,3.411
0.687157289722222,3.4,0.687133131944444,3.411,0.695457721388889,3.411
0.687434877222222,3.4,0.68741113,3.411,0.695735462777778,3.411
0.687713192777778,3.4,0.687688900833333,3.411,0.696013631666667,3.411
0.687990584722222,3.4,0.687966868888889,3.411,0.696291248333333,3.411
0.688268645555556,3.4,0.688244556944444,3.411,0.696569091388889,3.411
0.688546650277778,3.4,0.688522567222222,3.411,0.696847232777778,3.411
0.688824171666667,3.4,0.688800323888889,3.411,0.697125321666667,3.411
0.689102179722222,3.4,0.689078191388889,3.411,0.697403403888889,3.411
0.689380181388889,3.411,0.689355931666667,3.411,0.697681103055556,3.411
0.689658050555556,3.4,0.689633663055556,3.411,0.697959054166667,3.411
0.689935785555556,3.411,0.689911668055556,3.411,0.698236823333333,3.411
0.69021356,3.4,0.690189296944444,3.411,0.698515053055556,3.411
0.690491400555556,3.4,0.690467035555556,3.411,0.6987926725,3.411
0.690769185,3.4,0.690744843888889,3.411,0.699070830555556,3.411
0.691047066388889,3.4,0.691023136944445,3.411,0.69934884,3.411
0.691324846388889,3.4,0.691300703611111,3.411,0.699626950277778,3.411
0.691602811944444,3.411,0.691578310555556,3.411,0.699905053611111,3.411
0.691880658333333,3.4,0.6918563275,3.411,0.700182888055556,3.411
0.692158390833333,3.4,0.692134015277778,3.411,0.700460755555556,3.411
0.692436099166667,3.4,0.692412044444444,3.411,0.700738484444444,3.411
0.692713710555556,3.4,0.692689823888889,3.411,0.701016328333333,3.411
0.692991429444444,3.4,0.692968050555556,3.411,0.701294231388889,3.411
0.693269483888889,3.4,0.693245880833333,3.411,0.701572255277778,3.411
0.693547221388889,3.4,0.693523920277778,3.411,0.701849888888889,3.411
0.693825115,3.411,0.693801576944444,3.411,0.702127911111111,3.411
0.694102600277778,3.4,0.694079648055556,3.411,0.702405679444444,3.411
0.694380332222222,3.4,0.694357794166667,3.411,0.702683459166667,3.411
0.694658131111111,3.411,0.694635613611111,3.411,0.702961307222222,3.411
0.694935899444444,3.411,0.694913564722222,3.411,0.703239335,3.411
0.695213894444444,3.4,0.695191697222222,3.411,0.703516528611111,3.411
0.695491617777778,3.4,0.695468990555556,3.411,0.703794318611111,3.411
0.695769590277778,3.4,0.6957473,3.411,0.704072900277778,3.411
0.696047400833333,3.411,0.696025484722222,3.411,0.704350423055556,3.411
0.696325503055556,3.411,0.69630329,3.411,0.704628098055556,3.411
0.696603413333333,3.4,0.696581014722222,3.411,0.704905836388889,3.411
0.696880916111111,3.411,0.696858455833333,3.411,0.7051838625,3.411
0.697159027222222,3.411,0.697136444722222,3.411,0.705461728888889,3.411
0.697436596111111,3.411,0.6974143825,3.411,0.705739375833333,3.411
0.697714468611111,3.411,0.697692444166667,3.411,0.706017246944444,3.411
0.697992701111111,3.411,0.697970075,3.411,0.706295018888889,3.411
0.698270306944444,3.4,0.698248041944444,3.411,0.7065730875,3.411
0.698548242777778,3.411,0.698526148333333,3.411,0.706850587222222,3.411
0.698826273611111,3.4,0.698804331944444,3.411,0.707128539444444,3.411
0.699103650833333,3.4,0.699082234166667,3.411,0.707406315833333,3.411
0.699382021388889,3.4,0.699360040277778,3.411,0.707684120277778,3.411
0.699659548888889,3.4,0.699637961944444,3.411,0.707961646388889,3.411
0.699937723055556,3.4,0.699915704444444,3.411,0.708239441666667,3.411
0.700215556111111,3.411,0.700193925,3.411,0.708517514166667,3.411
0.700493717777778,3.411,0.700471584722222,3.411,0.708795678611111,3.411
0.700771136666667,3.411,0.70074977,3.411,0.709073744166667,3.411
0.701049331944444,3.4,0.701027274444444,3.411,0.709351521944444,3.411
0.701327206388889,3.4,0.701305131111111,3.411,0.709629538055556,3.411
0.701605193055556,3.4,0.701583124444444,3.411,0.709907253055556,3.411
0.701883128888889,3.4,0.701860888055556,3.411,0.710184930555556,3.411
0.702160965277778,3.4,0.702138455555556,3.411,0.710462630555556,3.411
0.702438737222222,3.411,0.702416730555556,3.411,0.710740660277778,3.411
0.702716366388889,3.411,0.7026942375,3.411,0.711018207777778,3.411
0.702994683888889,3.4,0.702972117777778,3.411,0.711296292777778,3.411
0.703272725555556,3.411,0.703250061111111,3.411,0.711574220833333,3.411
0.703550592777778,3.4,0.703528101666667,3.411,0.711852158333333,3.411
0.703828337777778,3.411,0.703806255,3.411,0.712129900833333,3.411
0.704106074444445,3.411,0.704084035833333,3.411,0.712407773333333,3.411
0.704383925833333,3.411,0.7043619975,3.411,0.71268524,3.411
0.704662099444444,3.4,0.704639567222222,3.411,0.712963215555556,3.411
0.704939966388889,3.411,0.704917781111111,3.411,0.713241031111111,3.411
0.705217851666667,3.4,0.705195444444444,3.411,0.713518833888889,3.411
0.705495829444444,3.411,0.705473243611111,3.411,0.713796809722222,3.411
0.70577334,3.411,0.7057512225,3.411,0.714075009166667,3.411
0.706051134722222,3.411,0.706029158888889,3.411,0.7143525925,3.411
0.706329101944444,3.411,0.706306801944444,3.411,0.71463031,3.411
0.706606805277778,3.4,0.706584835277778,3.411,0.714907991111111,3.411
0.706884728055556,3.4,0.706863036944444,3.411,0.715185958611111,3.411
0.707162888333333,3.4,0.707140449166667,3.411,0.715463625,3.411
0.707440733611111,3.4,0.707418652777778,3.411,0.715741595555555,3.411
0.7077189,3.411,0.707696382777778,3.411,0.716020058333333,3.411
0.707996561388889,3.411,0.707974414166667,3.411,0.716297712777778,3.411
0.708274415277778,3.411,0.708252126111111,3.411,0.716575374166667,3.411
0.708552221111111,3.411,0.708530046111111,3.411,0.716853276666667,3.411
0.708830067222222,3.411,0.708807346944444,3.411,0.717131051111111,3.411
0.70910824,3.411,0.709085420555556,3.411,0.717409155833333,3.411
0.709385699166667,3.411,0.709363068055556,3.411,0.717686748333333,3.411
0.709663617777778,3.411,0.709640933611111,3.411,0.717964391111111,3.411
0.709941410555555,3.411,0.709918788611111,3.411,0.718242231666667,3.411
0.7102192775,3.411,0.710197008333333,3.411,0.718520211111111,3.411
0.710496955277778,3.4,0.710474628611111,3.411,0.718798253611111,3.411
0.710775196944444,3.4,0.710752351388889,3.411,0.719076004444444,3.411
0.711053196111111,3.411,0.711030328055556,3.411,0.719353924166667,3.411
0.711330930833333,3.411,0.711308640833333,3.411,0.719631688888889,3.411
0.711608799444444,3.411,0.7115862225,3.411,0.719909830555556,3.411
0.711886423055555,3.411,0.711864082777778,3.411,0.720187887222222,3.411
0.712164628888889,3.411,0.712142096944445,3.411,0.7204654975,3.411
0.712442646388889,3.411,0.712419743611111,3.411,0.720743554444444,3.411
0.712720449722222,3.411,0.712697561388889,3.411,0.721021159722222,3.411
0.712998445,3.411,0.712975581388889,3.411,0.721299058888889,3.411
0.713275844444444,3.411,0.713253755555555,3.411,0.721577286111111,3.411
0.713554136111111,3.411,0.713531859722222,3.411,0.721854584166667,3.411
0.713832018611111,3.411,0.713810083611111,3.411,0.722132559166667,3.411
0.714110158888889,3.411,0.714088003611111,3.421,0.722410756388889,3.411
0.714388153055556,3.4,0.714366006944445,3.411,0.722688544166667,3.411
0.714665786944444,3.411,0.714643780833333,3.411,0.722966466666667,3.411
0.714943920833333,3.4,0.714921508888889,3.411,0.723243980277778,3.411
0.715221871666667,3.411,0.715199409444444,3.411,0.723522356944444,3.411
0.715499895833333,3.411,0.715477296666667,3.411,0.723800003888889,3.411
0.715777184722222,3.4,0.715755317777778,3.411,0.724078408333333,3.411
0.716055587777778,3.411,0.716033558611111,3.411,0.724355837777778,3.411
0.716333618888889,3.411,0.716311564444445,3.411,0.724633972777778,3.411
0.716611774444444,3.411,0.716589422222222,3.411,0.724911938611111,3.411
0.716889553888889,3.411,0.716867003611111,3.411,0.725189668055556,3.411
0.71716721,3.411,0.717144794166667,3.411,0.725467526666667,3.411
0.717445194166667,3.411,0.7174225875,3.411,0.725744994722222,3.411
0.717722763333333,3.4,0.717700175555556,3.411,0.726023016944444,3.411
0.718000779444445,3.4,0.717977962222222,3.411,0.726300634722222,3.411
0.71827878,3.411,0.718256111944444,3.411,0.7265785425,3.411
0.718556193055556,3.411,0.71853377,3.411,0.726856564444444,3.411
0.718834301666667,3.411,0.718811478888889,3.421,0.727134038333333,3.411
0.719112280277778,3.411,0.719089440277778,3.421,0.727412188055556,3.411
0.719389943611111,3.411,0.71936736,3.421,0.727690405833333,3.411
0.719668196388889,3.411,0.719645304444445,3.411,0.727968401111111,3.411
0.719945576944444,3.411,0.7199229325,3.411,0.728246076944444,3.411
0.720223277222222,3.411,0.720201031111111,3.411,0.728524094722222,3.411
0.720501361388889,3.411,0.720478702777778,3.411,0.728801753333333,3.411
0.720779517777778,3.411,0.720756511944444,3.411,0.729079653611111,3.411
0.721056992222222,3.411,0.721034402222222,3.421,0.729357891666667,3.411
0.721335023333333,3.411,0.721312113611111,3.411,0.729635377222222,3.411
0.721612979444444,3.411,0.7215898575,3.411,0.729913005555555,3.411
0.721890746944444,3.411,0.7218676775,3.411,0.730191417777778,3.411
0.722168829444444,3.411,0.722145683055556,3.411,0.730469281944444,3.411
0.722446826944444,3.411,0.722423587222222,3.421,0.730746838055556,3.411
0.722724358888889,3.411,0.72270148,3.411,0.731024974444444,3.411
0.723001925,3.411,0.722979335833333,3.421,0.73130282,3.411
0.723280079166667,3.411,0.723257201111111,3.411,0.731580603888889,3.411
0.723557985555556,3.411,0.723535163611111,3.421,0.731858674166667,3.411
0.723836152222222,3.411,0.723813225277778,3.411,0.732136671111111,3.411
0.724114088333333,3.411,0.724090932222222,3.411,0.7324145475,3.411
0.724391681666667,3.411,0.724368839166667,3.411,0.732692439166667,3.411
0.724670030555556,3.411,0.724646698888889,3.411,0.73297056,3.411
0.724947579166667,3.411,0.724924306944444,3.411,0.733248672222222,3.411
0.725225653055556,3.411,0.725202228333333,3.411,0.733526470555556,3.411
0.725503104722222,3.411,0.725479970277778,3.411,0.733804233055556,3.411
0.725781258888889,3.411,0.725758136388889,3.411,0.734082022777778,3.411
0.726058977222222,3.411,0.726036105277778,3.411,0.734359929444444,3.411
0.726336330277778,3.411,0.726313909444444,3.421,0.734637772777778,3.411
0.7266141625,3.411,0.726591674722222,3.421,0.734915533888889,3.411
0.726892618888889,3.411,0.726869421666667,3.421,0.735192946388889,3.411
0.727169990833333,3.411,0.727147623333333,3.421,0.735470906944444,3.411
0.727448156388889,3.411,0.727425224444444,3.411,0.73574909,3.411
0.727725985277778,3.411,0.7277033625,3.411,0.736026833333333,3.411
0.728003644722222,3.411,0.727981188611111,3.411,0.736304943888889,3.411
0.728281434722222,3.411,0.728258783611111,3.411,0.736583081388889,3.411
0.728559313333333,3.411,0.728536957777778,3.411,0.736860929444444,3.411
0.728837100555556,3.411,0.728814884722222,3.411,0.737138726111111,3.411
0.729114801388889,3.411,0.729092600555556,3.411,0.737416123888889,3.411
0.729392735555556,3.411,0.7293706325,3.411,0.737694296944444,3.411
0.729670574722222,3.411,0.729648549444444,3.421,0.737972104722222,3.411
0.729948411111111,3.411,0.729926316944445,3.421,0.738249876944444,3.411
0.730226564444444,3.411,0.7302044075,3.411,0.738527566111111,3.411
0.730504427222222,3.411,0.730481809166667,3.411,0.738805501944444,3.411
0.7307824175,3.411,0.7307599125,3.421,0.739083295833333,3.411
0.731060404722222,3.411,0.731037525833333,3.411,0.739361490277778,3.421
0.731338076666667,3.411,0.7313153825,3.421,0.739639078055556,3.411
0.731615967777778,3.411,0.731593606388889,3.421,0.739917478055556,3.411
0.731893686388889,3.411,0.731871362777778,3.411,0.740195326666667,3.411
0.732171920277778,3.411,0.732149185277778,3.411,0.740473128055556,3.411
0.732449903611111,3.411,0.732426748888889,3.411,0.740751201111111,3.421
0.732727866388889,3.411,0.732704645833333,3.411,0.741028553888889,3.421
0.733005311388889,3.411,0.732982568055556,3.411,0.741306448333333,3.411
0.733283365555556,3.411,0.733260149722222,3.411,0.74158411,3.411
0.733561243888889,3.411,0.733538130833333,3.411,0.741862271388889,3.411
0.733839453888889,3.411,0.733815997222222,3.411,0.742140367222222,3.411
0.734117252222222,3.411,0.734093878055555,3.411,0.742418317222222,3.421
0.734395309444444,3.411,0.734371893333333,3.421,0.742696231388889,3.411
0.734672811111111,3.411,0.734649963055556,3.411,0.742974228611111,3.411
0.734950973055556,3.411,0.734927776388889,3.411,0.743252303055556,3.411
0.735228718333333,3.411,0.735205432222222,3.411,0.743530031666667,3.411
0.735506308333333,3.411,0.735483251944445,3.421,0.743808359166667,3.421
0.735784079722222,3.411,0.735761325833333,3.421,0.744086136944444,3.411
0.736062101388889,3.411,0.736039001111111,3.411,0.744363896666667,3.411
0.736339893055555,3.411,0.736316839166667,3.411,0.744642009722222,3.411
0.736617787777778,3.411,0.736594465,3.411,0.744919579166667,3.411
0.736895744166667,3.411,0.736872624444444,3.421,0.745197154722222,3.411
0.737173535,3.411,0.7371509,3.411,0.7454753925,3.411
0.737451395277778,3.411,0.737428425555556,3.411,0.745753427777778,3.411
0.737729403611111,3.411,0.73770641,3.411,0.746031615,3.411
0.738006988333333,3.411,0.737984079166667,3.411,0.746309670555556,3.411
0.738285244444444,3.411,0.738262094722222,3.411,0.746587153333333,3.411
0.7385630175,3.411,0.738540344722222,3.411,0.7468654025,3.421
0.738840828611111,3.411,0.738818399722222,3.411,0.747142918333333,3.411
0.739118628333333,3.411,0.739096682222222,3.421,0.747421096388889,3.421
0.739396398888889,3.411,0.739374538055556,3.411,0.747698803888889,3.411
0.739674140277778,3.411,0.739652104722222,3.411,0.747976630833333,3.411
0.739951660833333,3.411,0.739929899444444,3.421,0.748254829166667,3.411
0.740229428055556,3.411,0.740208021944444,3.421,0.748532451666667,3.411
0.740507525,3.411,0.740485628888889,3.411,0.748810374166667,3.421
0.740785046388889,3.411,0.740763620555556,3.421,0.749088373611111,3.411
0.741063187222222,3.411,0.741041378333333,3.421,0.749366064444444,3.411
0.741340751111111,3.411,0.7413190325,3.411,0.7496435725,3.411
0.74161886,3.411,0.741596930555556,3.421,0.749921571388889,3.411
0.741896658888889,3.411,0.741874645555556,3.421,0.750199364444444,3.421
0.742174329722222,3.411,0.742152182777778,3.421,0.750477639444444,3.421
0.742451919444445,3.411,0.742430276944445,3.421,0.750755289166667,3.411
0.742729919722222,3.411,0.742707882222222,3.421,0.751033433611111,3.411
0.743007783055556,3.411,0.742985676666667,3.421,0.751311013888889,3.411
0.743285843888889,3.411,0.743263460277778,3.421,0.751588756111111,3.411
0.743563733055556,3.411,0.743541342777778,3.411,0.751866631111111,3.411
0.743841605555556,3.411,0.74381923,3.421,0.7521445575,3.411
0.744119496944444,3.411,0.744097233055556,3.421,0.752422478333333,3.411
0.744397588055556,3.411,0.744374699166667,3.411,0.752700534444444,3.411
0.744675233611111,3.411,0.744652639722222,3.411,0.752978703611111,3.421
0.744953355833333,3.411,0.744930228611111,3.411,0.7532564075,3.421
0.745231424722222,3.411,0.745208336111111,3.411,0.753533877222222,3.411
0.745509245277778,3.411,0.745486264166667,3.411,0.7538122825,3.411
0.745787459444444,3.411,0.745764071388889,3.421,0.754089786944445,3.411
0.746065414722222,3.411,0.746041887777778,3.421,0.754367643333333,3.411
0.746343473333333,3.411,0.746319645833333,3.421,0.754645563888889,3.411
0.746621321111111,3.411,0.746597276666667,3.411,0.754923608055555,3.411
0.746899081111111,3.411,0.746875426388889,3.411,0.755201466944444,3.411
0.747176715833333,3.411,0.7471534525,3.421,0.755479070555556,3.411
0.747454840833333,3.411,0.747431227222222,3.421,0.755756792222222,3.411
0.747732524722222,3.411,0.747709496944445,3.411,0.756034566666667,3.411
0.748010514444444,3.411,0.747987146388889,3.421,0.756312830555556,3.411
0.748288389722222,3.411,0.748264858888889,3.421,0.756590593888889,3.411
0.748566324166667,3.411,0.748542593333333,3.421,0.756868443333333,3.411
0.748844246944444,3.411,0.748820551388889,3.421,0.757146030277778,3.411
0.749121860555556,3.411,0.749098426666667,3.421,0.757423752222222,3.411
0.749399766666667,3.411,0.749376183611111,3.421,0.757702035555555,3.411
0.749677479166667,3.411,0.749654089444444,3.411,0.757979786111111,3.411
0.74995522,3.411,0.749931876111111,3.421,0.758257788055556,3.411
0.750233355,3.411,0.750209651666667,3.421,0.758535612777778,3.411
0.750511280833333,3.411,0.750487094166667,3.411,0.758813265277778,3.411
0.750789211944444,3.411,0.750765126111111,3.421,0.759091380555556,3.411
0.751067251666667,3.411,0.751043132777778,3.411,0.759369137777778,3.421
0.751344840555556,3.411,0.751321032777778,3.421,0.759647050833333,3.421
0.751623026666667,3.411,0.751598626666667,3.411,0.759924479444444,3.421
0.751901062222222,3.411,0.751876661666667,3.411,0.760202135833333,3.421
0.752179232222222,3.411,0.752154242777778,3.421,0.760479885,3.411
0.7524570975,3.411,0.752432083333333,3.421,0.760757729444444,3.421
0.752734996388889,3.411,0.752710160833333,3.421,0.761035463055556,3.411
0.753012516666667,3.411,0.752988031666667,3.421,0.761313365,3.411
0.753290223888889,3.411,0.753265689444444,3.421,0.761591125,3.421
0.753568450277778,3.411,0.753543953888889,3.421,0.761869295,3.411
0.75384656,3.411,0.753821363333333,3.421,0.762147253888889,3.421
0.754124295277778,3.411,0.754099590833333,3.421,0.762425255277778,3.411
0.754401879722222,3.411,0.754377455277778,3.421,0.762703286666667,3.411
0.754679635833333,3.411,0.754654851944444,3.421,0.762981055,3.411
0.754957657777778,3.411,0.754933412777778,3.421,0.763258913888889,3.421
0.755235256944444,3.411,0.755211439166667,3.421,0.763537030277778,3.411
0.755512960833333,3.411,0.755489335,3.421,0.763814666666667,3.421
0.755791018888889,3.411,0.755767308888889,3.421,0.764092996388889,3.421
0.756068939166667,3.411,0.756045138611111,3.421,0.764371095833333,3.421
0.756346892777778,3.411,0.756322628333333,3.421,0.764648823611111,3.421
0.7566246375,3.411,0.756600445,3.421,0.76492648,3.411
0.756902489166667,3.411,0.756878405,3.421,0.765204267777778,3.411
0.757180478055556,3.411,0.757156589166667,3.421,0.765481988611111,3.411
0.757458320555556,3.411,0.757434308333333,3.421,0.765760346666667,3.421
0.757736037222222,3.411,0.757712162222222,3.421,0.766038398611111,3.411
0.758013983888889,3.411,0.757990357777778,3.421,0.766315867222222,3.421
0.758291870555556,3.411,0.758268236666667,3.421,0.766593986666667,3.421
0.758569218333333,3.411,0.758545941388889,3.421,0.766871861666667,3.421
0.758847291944444,3.411,0.758823798333333,3.421,0.76714987,3.421
0.759125460555556,3.411,0.759101638055556,3.421,0.767427435,3.421
0.759402777222222,3.411,0.759379743055556,3.421,0.767705501111111,3.421
0.759680652222222,3.411,0.759657325,3.421,0.767983089166667,3.421
0.759959047777778,3.411,0.759935101666667,3.421,0.768260905833333,3.411
0.76023659,3.411,0.760212844444444,3.421,0.768538752777778,3.411
0.760514523055556,3.411,0.760490586666667,3.421,0.768816568055556,3.421
0.7607924925,3.411,0.760768593888889,3.421,0.769094505,3.411
0.761070262777778,3.411,0.761046063888889,3.421,0.7693727625,3.421
0.761347801944445,3.411,0.7613241325,3.411,0.769650773888889,3.421
0.761625888888889,3.411,0.761602534722222,3.421,0.769928543055556,3.411
0.761903570833333,3.411,0.761880158611111,3.421,0.770206324444444,3.411
0.762181088888889,3.411,0.762158320555556,3.421,0.770483814166667,3.421
0.762459293611111,3.411,0.762436288333333,3.421,0.770761873333333,3.421
0.762736995277778,3.411,0.762713770833333,3.421,0.771039702777778,3.411
0.763014785277778,3.411,0.762991523611111,3.421,0.771317525555556,3.411
0.763292460833333,3.411,0.763269705277778,3.421,0.771595665277778,3.421
0.76357026,3.411,0.76354755,3.421,0.771873374166667,3.421
0.763848390277778,3.411,0.763825202777778,3.421,0.7721514225,3.421
0.764126201111111,3.411,0.764103081388889,3.421,0.772429118055556,3.411
0.764404241666667,3.411,0.764380924166667,3.421,0.772706818611111,3.421
0.764681940555555,3.411,0.764659324166667,3.421,0.772984788055556,3.421
0.764959861666667,3.411,0.764937481388889,3.421,0.773262503888889,3.421
0.765237623055556,3.411,0.765214916944444,3.421,0.773540881388889,3.421
0.765515315,3.411,0.765493153888889,3.421,0.7738186025,3.421
0.765793473055556,3.411,0.765771141388889,3.421,0.77409666,3.421
0.766071199722222,3.411,0.766048785,3.421,0.774374199444444,3.421
0.766348899722222,3.411,0.766326556111111,3.421,0.774652187777778,3.421
0.766626781666667,3.411,0.766604140277778,3.421,0.774929643611111,3.411
0.766904481944444,3.411,0.766882176388889,3.421,0.775208036666667,3.411
0.767182427222222,3.411,0.767160075,3.421,0.775485948888889,3.421
0.767460268611111,3.411,0.767437906944444,3.421,0.775763257222222,3.421
0.767737890833333,3.411,0.767715904722222,3.421,0.776041487777778,3.421
0.768015829444444,3.411,0.767993690833333,3.421,0.7763189325,3.421
0.768293916388889,3.411,0.768271455555556,3.421,0.776596850555555,3.421
0.768571838611111,3.411,0.768549247777778,3.421,0.776874755833333,3.411
0.7688494575,3.411,0.768827053611111,3.421,0.777152628333333,3.421
0.769127229722222,3.411,0.769105194166667,3.421,0.777430603333333,3.421
0.769404838611111,3.411,0.769383088611111,3.421,0.777708235,3.421
0.769682768611111,3.411,0.769660525833333,3.421,0.777986145833333,3.411
0.769960556944444,3.411,0.769938443611111,3.421,0.778264002777778,3.421
0.770238425,3.411,0.770216101111111,3.421,0.778541872777778,3.421
0.770516151388889,3.411,0.770494006666667,3.421,0.778819327222222,3.421
0.770794380833333,3.411,0.770772152222222,3.421,0.779097186944445,3.411
0.771071822777778,3.411,0.771049814166667,3.421,0.779375076111111,3.421
0.771349736666667,3.411,0.771327662222222,3.421,0.779653161944444,3.421
0.771627793888889,3.411,0.771605850555556,3.421,0.779930758611111,3.421
0.771905590555556,3.411,0.771883636944445,3.421,0.780209178055556,3.411
0.772183239166667,3.411,0.772161208055556,3.421,0.780486633333333,3.411
0.772461069444444,3.411,0.772439142777778,3.421,0.780764653333333,3.421
0.772739178888889,3.411,0.772716848888889,3.411,0.7810426825,3.421
0.77301695,3.411,0.772994636666667,3.421,0.781320598888889,3.411
0.773294896111111,3.411,0.773272521666667,3.421,0.781598373333333,3.421
0.773572622222222,3.411,0.773550891111111,3.421,0.781876115833333,3.421
0.773851025555556,3.411,0.7738284525,3.421,0.782153987222222,3.421
0.774128625,3.411,0.774106155,3.421,0.782431682222222,3.411
0.774406455555556,3.411,0.774383960555556,3.421,0.782709668333333,3.421
0.774684449722222,3.411,0.774662275555556,3.421,0.782987597777778,3.421
0.774962686666667,3.411,0.774940340277778,3.421,0.78326506,3.421
0.775240351666667,3.411,0.775218340277778,3.421,0.783543046388889,3.421
0.775518182777778,3.411,0.775496034444444,3.421,0.783820639722222,3.421
0.7757958275,3.411,0.775774019166667,3.421,0.784098678611111,3.421
0.776073636111111,3.411,0.776051540277778,3.421,0.7843761375,3.421
0.776351806666667,3.411,0.7763297025,3.421,0.784654116111111,3.421
0.776629136944444,3.411,0.776607351388889,3.421,0.784932298055556,3.421
0.776907118333333,3.411,0.776885324722222,3.421,0.785209659444444,3.421
0.777185035277778,3.411,0.777163071666667,3.421,0.785487877222222,3.421
0.777462662777778,3.411,0.777440959444444,3.421,0.785765800833333,3.411
0.777740561944444,3.411,0.777718978055556,3.421,0.786043649722222,3.421
0.778018338888889,3.411,0.777997032777778,3.421,0.786321390833333,3.421
0.778296568611111,3.411,0.778274680277778,3.421,0.786599235555556,3.421
0.778574445,3.411,0.778552797222222,3.421,0.786876887777778,3.421
0.778852369166667,3.411,0.778830163333333,3.421,0.787154649722222,3.421
0.779130181666667,3.411,0.779108558055556,3.421,0.787432656944444,3.421
0.779408058055556,3.421,0.779386365,3.421,0.787710865555556,3.421
0.779685939444444,3.411,0.7796642125,3.421,0.787988491666667,3.421
0.779963625833333,3.411,0.779941991944444,3.421,0.788266640277778,3.411
0.780241415,3.411,0.780220234444444,3.421,0.788544395833333,3.421
0.780519276666667,3.411,0.780497874444444,3.421,0.788822160277778,3.421
0.780797208611111,3.411,0.780775900277778,3.421,0.789100026666667,3.421
0.781075486111111,3.411,0.781053453333333,3.421,0.789378088055556,3.411
0.781353640277778,3.411,0.781331540277778,3.421,0.789655691388889,3.421
0.781631716666667,3.411,0.781609799444444,3.421,0.789933905555556,3.421
0.781909883888889,3.411,0.781887434722222,3.421,0.790211558055556,3.411
0.782187499722222,3.411,0.782165246666667,3.421,0.790489548333333,3.421
0.782465778888889,3.411,0.782443101111111,3.421,0.790767620277778,3.421
0.782743766666667,3.411,0.782720956111111,3.421,0.791044949166667,3.421
0.783021336944444,3.411,0.782999001111111,3.421,0.791322704444444,3.421
0.783299185833333,3.411,0.783276526388889,3.421,0.79160113,3.421
0.783577035277778,3.411,0.783554539722222,3.421,0.791878817222222,3.421
0.783854716388889,3.411,0.783832372222222,3.421,0.792156755555556,3.421
0.784132920833333,3.411,0.784110082777778,3.421,0.792434744166667,3.421
0.784410788611111,3.411,0.784387949166667,3.421,0.792712465833333,3.421
0.784688903611111,3.411,0.784665441944444,3.421,0.792990382777778,3.421
0.784967436388889,3.411,0.784943165,3.421,0.793268158333333,3.421
0.785245231388889,3.411,0.785221428611111,3.421,0.793545806388889,3.421
0.785523390833333,3.411,0.785499206111111,3.421,0.793823462777778,3.421
0.785801576666667,3.411,0.785776829444444,3.421,0.794101296666667,3.421
0.78607926,3.411,0.786054657777778,3.421,0.794379263611111,3.421
0.786357151111111,3.411,0.786332609722222,3.421,0.794657143055556,3.421
0.786635076111111,3.411,0.786610368333333,3.421,0.794935165277778,3.421
0.7869129375,3.411,0.786888443888889,3.421,0.795213284166667,3.421
0.787190648055555,3.411,0.787166321944444,3.421,0.795491108333333,3.421
0.787468483888889,3.411,0.787444139166667,3.421,0.795768949722222,3.421
0.787746063333333,3.411,0.787721657777778,3.421,0.796046449444444,3.421
0.788024382777778,3.411,0.787999685833333,3.421,0.796324537777778,3.421
0.788302248055556,3.411,0.788277585277778,3.421,0.7966026775,3.421
0.788579874166667,3.411,0.788555711944444,3.421,0.796880461944445,3.411
0.788857604722222,3.411,0.788833500277778,3.421,0.797158318888889,3.421
0.789135993055556,3.411,0.789111164444445,3.421,0.797436655555556,3.421
0.789414038611111,3.411,0.789389231666667,3.421,0.797714278611111,3.421
0.789691824444444,3.411,0.789667196111111,3.421,0.797992262222222,3.421
0.789969442777778,3.411,0.789944940277778,3.421,0.798270062222222,3.421
0.790247806388889,3.411,0.790223389166667,3.421,0.798547473055556,3.421
0.790525234166667,3.411,0.790500930555556,3.421,0.798825419444444,3.421
0.790803329166667,3.411,0.790778537777778,3.421,0.799103289444444,3.411
0.791081283888889,3.411,0.791056684722222,3.421,0.799381611111111,3.421
0.791359198055556,3.411,0.791334785555556,3.421,0.799659559722222,3.421
0.791637363055556,3.411,0.791612298055556,3.421,0.799937614166667,3.421
0.791915191944444,3.411,0.7918900275,3.421,0.800215283888889,3.421
0.792193129722222,3.411,0.792167911666667,3.421,0.800493451944444,3.421
0.792470834444444,3.411,0.792445683888889,3.421,0.800771022222222,3.421
0.792748542777778,3.411,0.792723605,3.421,0.801049253333333,3.421
0.793026410833333,3.411,0.793001249166667,3.421,0.8013270025,3.421
0.793304307777778,3.411,0.793279394722222,3.421,0.801604930555556,3.421
0.79358238,3.421,0.793557577222222,3.421,0.801883143888889,3.421
0.793859686388889,3.411,0.793835330833333,3.421,0.802161001944444,3.421
0.7941377675,3.411,0.794113052777778,3.421,0.802439048055556,3.421
0.794415340277778,3.411,0.794391135833333,3.421,0.802717194722222,3.421
0.794693005277778,3.411,0.794668818055556,3.421,0.802995051388889,3.421
0.794971249722222,3.411,0.794946936944445,3.421,0.803272726388889,3.421
0.795248670277778,3.411,0.795224734722222,3.421,0.803550483611111,3.421
0.795526673333333,3.411,0.795502195,3.421,0.803829006944444,3.421
0.795804412777778,3.411,0.795780239166667,3.421,0.804106673888889,3.421
0.796082206388889,3.411,0.796057995833333,3.421,0.804384758333333,3.421
0.796360128611111,3.411,0.796335572777778,3.421,0.804662625277778,3.421
0.796638045277778,3.411,0.796613520277778,3.421,0.804940270277778,3.421
0.796915572777778,3.411,0.796891272222222,3.421,0.805218383888889,3.421
0.797193949722222,3.411,0.797169166111111,3.421,0.805495899166667,3.421
0.797471958611111,3.421,0.797447000833333,3.421,0.805774088333333,3.421
0.797749888611111,3.421,0.797724862777778,3.421,0.806051838055556,3.421
0.798027660555556,3.411,0.798002856388889,3.421,0.806330145,3.421
0.7983055475,3.411,0.798280369722222,3.421,0.806607914722222,3.421
0.798583404166667,3.421,0.798558473611111,3.421,0.806885655277778,3.421
0.798861266666667,3.421,0.798836307222222,3.421,0.807163525555556,3.421
0.799139241944445,3.411,0.799114155555556,3.421,0.807441710277778,3.421
0.799416771944444,3.411,0.799392231111111,3.421,0.807719595,3.421
0.799694811666667,3.411,0.799669846111111,3.421,0.807997482777778,3.421
0.799972512222222,3.411,0.799947516111111,3.421,0.808275502222222,3.421
0.800250412777778,3.411,0.80022547,3.421,0.808553608333333,3.421
0.800528590833333,3.411,0.800503336388889,3.421,0.808831664444444,3.421
0.800806462222222,3.411,0.800781112777778,3.421,0.809109681666667,3.421
0.801084746388889,3.411,0.801059200833333,3.421,0.8093876575,3.421
0.801362635833333,3.411,0.801337262222222,3.421,0.809665561388889,3.421
0.801640469444444,3.411,0.801615224722222,3.421,0.809943313333333,3.421
0.8019183775,3.421,0.801892901944445,3.421,0.81022147,3.421
0.802196141666667,3.411,0.802170683611111,3.421,0.810499446666667,3.421
0.802474074444445,3.421,0.802448651666667,3.421,0.810777249444445,3.421
0.802751689722222,3.411,0.802726675,3.421,0.811055153888889,3.421
0.803029631111111,3.411,0.80300446,3.421,0.8113330675,3.421
0.803307718055556,3.421,0.80328233,3.421,0.811610411944444,3.421
0.803585656111111,3.421,0.803560160277778,3.421,0.811888480833333,3.421
0.803863226666667,3.411,0.803837952777778,3.421,0.812166478055556,3.421
0.804141306111111,3.411,0.804115763333333,3.421,0.812444053888889,3.421
0.804418948888889,3.421,0.804393482222222,3.421,0.812722379722222,3.421
0.804697144166667,3.421,0.804671391111111,3.421,0.813000341666667,3.421
0.804975158611111,3.421,0.804949288888889,3.421,0.813278058333333,3.421
0.805252848333333,3.411,0.805227254722222,3.421,0.813556055555556,3.421
0.805530645555556,3.421,0.805505115277778,3.421,0.813833930555556,3.421
0.805808473055556,3.411,0.805783053888889,3.421,0.814111617777778,3.421
0.806086086111111,3.421,0.806061080833333,3.421,0.814389387222222,3.421
0.806364680555556,3.411,0.806338462777778,3.421,0.814667828333333,3.421
0.806642291666667,3.421,0.806616649166667,3.421,0.814945684166667,3.421
0.806920181944444,3.411,0.806894283888889,3.421,0.815223471666667,3.421
0.807198060833333,3.421,0.807172178611111,3.421,0.815501510277778,3.421
0.807475737777778,3.411,0.807450015555556,3.421,0.815779470833333,3.421
0.807753719166667,3.411,0.807727872777778,3.421,0.816057086111111,3.421
0.808031511388889,3.421,0.808005779444445,3.421,0.816334786111111,3.421
0.808309131666667,3.411,0.808283897222222,3.421,0.816613045833333,3.421
0.808587401944444,3.421,0.808561475,3.421,0.816890426944444,3.421
0.808865389166667,3.411,0.808839258055556,3.421,0.817168559722222,3.421
0.809143271944444,3.411,0.809117234722222,3.421,0.817446727222222,3.421
0.809421394722222,3.421,0.8093955575,3.421,0.817724098888889,3.421
0.809699055555556,3.421,0.809673157777778,3.421,0.818002382777778,3.421
0.809976333055556,3.411,0.809951007222222,3.421,0.81827999,3.421
0.810254486944444,3.421,0.8102289025,3.421,0.818558140555556,3.421
0.810532632222222,3.411,0.810506883055556,3.421,0.818836029444444,3.421
0.810810170277778,3.411,0.81078503,3.421,0.819113656111111,3.421
0.811088255277778,3.421,0.811062929444444,3.421,0.819391810833333,3.421
0.811365890277778,3.411,0.811341003333333,3.421,0.819669804166667,3.421
0.811643551666667,3.411,0.811618923611111,3.421,0.8199473925,3.421
0.811921629722222,3.421,0.811896831666667,3.421,0.820225073888889,3.421
0.812199740833333,3.421,0.812174672222222,3.421,0.820502942777778,3.421
0.812477579722222,3.411,0.812452220555556,3.421,0.820780957222222,3.421
0.812755253333333,3.411,0.812730635277778,3.421,0.821058608333333,3.421
0.813033100555556,3.421,0.813008589444444,3.421,0.821336066666667,3.421
0.813311142777778,3.421,0.813286307222222,3.421,0.821614202777778,3.421
0.813588908055556,3.421,0.813564364166667,3.421,0.8218923325,3.421
0.813866711388889,3.411,0.813842438333333,3.421,0.822169979444444,3.421
0.814144853055556,3.411,0.814120306944444,3.421,0.822447708055556,3.421
0.814422908055556,3.421,0.814398399444444,3.421,0.8227254275,3.421
0.814700675833333,3.421,0.814676326666667,3.421,0.823003441388889,3.421
0.814978480833333,3.421,0.814954245833333,3.421,0.823281152777778,3.421
0.815256188611111,3.421,0.815232019166667,3.421,0.823558990833333,3.421
0.815533568333333,3.411,0.815510109722222,3.421,0.823836753611111,3.421
0.815811996944445,3.421,0.81578766,3.421,0.824114497777778,3.421
0.816089830277778,3.421,0.816065903055555,3.421,0.824392430555556,3.421
0.816367548333333,3.421,0.816344136944445,3.421,0.82467027,3.421
0.816645468611111,3.421,0.816621941111111,3.421,0.824947830833333,3.421
0.816923099722222,3.411,0.816899438055556,3.421,0.825225445,3.421
0.817200999722222,3.421,0.817177139444444,3.421,0.825503276388889,3.421
0.817478717222222,3.421,0.817454826666667,3.421,0.825781727222222,3.421
0.817756517222222,3.421,0.817732646388889,3.421,0.826059279444444,3.421
0.818034210555556,3.421,0.818010612222222,3.421,0.826337021388889,3.421
0.818311856666667,3.421,0.818288566388889,3.421,0.826614965833333,3.421
0.818589581666667,3.411,0.818566464722222,3.421,0.826892673611111,3.421
0.818867209722222,3.421,0.8188442325,3.421,0.827170575555556,3.421
0.819145734444444,3.421,0.819121975277778,3.421,0.827448414444445,3.421
0.819423815555556,3.421,0.819399746944445,3.421,0.827726285,3.421
0.819701798611111,3.421,0.819677849444444,3.421,0.828003844166667,3.421
0.81997948,3.421,0.819955641666667,3.421,0.828281522222222,3.421
0.820257313888889,3.421,0.820233303888889,3.421,0.828559456666667,3.421
0.820535098333333,3.421,0.820511063333333,3.421,0.828837578333333,3.421
0.820812458333333,3.421,0.820789215555556,3.421,0.829115126111111,3.421
0.821090463888889,3.411,0.821066959444444,3.421,0.829393286666667,3.421
0.8213683075,3.421,0.821344830555556,3.421,0.829670904166667,3.421
0.821646217222222,3.421,0.821622914444444,3.421,0.829948760833333,3.421
0.821924101666667,3.411,0.821901092222222,3.421,0.830226460277778,3.421
0.822201970833333,3.421,0.822178928611111,3.421,0.830504373333333,3.421
0.822479614444445,3.421,0.822456394166667,3.421,0.830782175555555,3.421
0.822757349444444,3.421,0.822734012222222,3.421,0.8310601025,3.421
0.8230354,3.421,0.823012386388889,3.421,0.831337729722222,3.421
0.823313340833333,3.421,0.823290307222222,3.421,0.831615911388889,3.421
0.82359108,3.421,0.823568204444444,3.421,0.8318932775,3.421
0.823869111666667,3.421,0.823846190833333,3.421,0.832171393888889,3.421
0.824147003888889,3.421,0.824123744166667,3.421,0.832449573611111,3.421
0.824424898888889,3.421,0.824401779444444,3.421,0.832727783055556,3.421
0.824703254722222,3.421,0.824679734444444,3.421,0.833005476944444,3.421
0.824981134444444,3.411,0.824957824166667,3.421,0.833283378333333,3.421
0.825258861111111,3.421,0.825235871666667,3.421,0.833560875833333,3.421
0.825536347777778,3.421,0.825513421388889,3.421,0.833838510555556,3.421
0.825814793611111,3.421,0.825791379444444,3.421,0.834116725277778,3.421
0.826092609166667,3.421,0.826069284722222,3.421,0.834394576111111,3.421
0.8263704375,3.421,0.826347320555556,3.421,0.834672395277778,3.421
0.826648317222222,3.421,0.826624980277778,3.421,0.834950638888889,3.421
0.826926238333333,3.411,0.826902957777778,3.421,0.835227969444444,3.421
0.827204403611111,3.421,0.827180703888889,3.421,0.835506174444444,3.421
0.827482460833333,3.421,0.827458878888889,3.421,0.835784078333333,3.421
0.8277604275,3.421,0.827736397222222,3.421,0.8360619025,3.421
0.828038202777778,3.421,0.828014002222222,3.421,0.836339663611111,3.421
0.828316002222222,3.421,0.828292268333333,3.421,0.836617658888889,3.421
0.828593289444444,3.421,0.828569811388889,3.421,0.836895494722222,3.421
0.828871169722222,3.421,0.828847867222222,3.421,0.837173547777778,3.421
0.829149360833333,3.421,0.8291259275,3.421,0.837451696666667,3.421
0.829427335,3.421,0.829404074722222,3.421,0.837729478888889,3.421
0.829705118055555,3.421,0.829681884444444,3.421,0.838007621944444,3.421
0.829982981944445,3.421,0.829960263055556,3.421,0.838285372777778,3.421
0.830261172222222,3.421,0.830237945277778,3.421,0.838563168888889,3.421
0.830538817222222,3.421,0.830515994166667,3.421,0.838841221111111,3.421
0.830816756111111,3.421,0.830793971944444,3.421,0.839118993333333,3.421
0.831094198333333,3.421,0.831071610555556,3.421,0.839396623611111,3.421
0.831372592777778,3.421,0.831349512777778,3.421,0.839674331388889,3.421
0.831650113888889,3.421,0.831627412777778,3.421,0.839952358333333,3.421
0.831928024166667,3.421,0.831905001666667,3.421,0.840230179166667,3.421
0.832205989722222,3.421,0.832183070555556,3.421,0.840508156944444,3.421
0.832483733888889,3.421,0.832460462222222,3.421,0.840785955277778,3.421
0.832761939722222,3.421,0.8327386825,3.421,0.841063872777778,3.421
0.8330396625,3.421,0.833016184722222,3.421,0.841341943055556,3.421
0.83331815,3.421,0.833294242777778,3.421,0.841619675,3.421
0.833596023333333,3.421,0.833572156666667,3.421,0.841897341666667,3.421
0.833873863888889,3.421,0.833850335,3.421,0.842175283333333,3.421
0.834151588333333,3.421,0.834128101666667,3.421,0.842452978055556,3.421
0.834429486944444,3.421,0.834406164444444,3.421,0.842731158888889,3.421
0.834707183888889,3.421,0.834683808888889,3.421,0.843008519444444,3.421
0.834985187777778,3.421,0.834961900555556,3.421,0.843286756666667,3.421
0.835263069444445,3.421,0.835239641388889,3.421,0.843564643611111,3.421
0.835540928333333,3.421,0.835517573055556,3.421,0.843842865555556,3.421
0.835818776388889,3.421,0.835795064166667,3.421,0.844120810833333,3.421
0.836096681944444,3.421,0.836073069444444,3.421,0.844398608611111,3.421
0.836374512222222,3.421,0.836350830833333,3.421,0.844676475277778,3.421
0.836652356666667,3.421,0.836628921111111,3.421,0.84495432,3.421
0.836930408333333,3.421,0.836906887222222,3.421,0.845232160833333,3.421
0.837208043888889,3.421,0.837184573333333,3.421,0.845510008055556,3.421
0.837485836111111,3.421,0.837462281388889,3.421,0.845787708333333,3.421
0.837764061388889,3.421,0.837740140555556,3.421,0.846065440555556,3.421
0.838041695,3.421,0.8380179375,3.421,0.846343259444444,3.421
0.83831991,3.421,0.838296115,3.421,0.846621106666667,3.421
0.838597916666667,3.421,0.838574108888889,3.421,0.846898913333333,3.421
0.838876016666667,3.421,0.838851858333333,3.421,0.847176719444444,3.421
0.839153597777778,3.421,0.839129751388889,3.421,0.847454328333333,3.421
0.839431510833333,3.421,0.839407415555556,3.421,0.847732722222222,3.421
0.839709288611111,3.421,0.839684866388889,3.421,0.84801039,3.421
0.839987029166667,3.421,0.839962653888889,3.421,0.848288435555556,3.421
0.840264735833333,3.421,0.8402409725,3.421,0.848566015,3.421
0.840542694166667,3.421,0.840518605555555,3.421,0.848844109166667,3.421
0.840820271111111,3.421,0.840796169722222,3.421,0.849121998055556,3.421
0.841098201666667,3.421,0.841074143055556,3.421,0.849399711944445,3.421
0.841376004166667,3.421,0.841352310555555,3.421,0.849677418888889,3.421
0.841653602222222,3.421,0.841630239722222,3.421,0.8499554725,3.421
0.841931903055556,3.421,0.8419079575,3.421,0.850232958611111,3.421
0.842209523888889,3.421,0.842185877222222,3.421,0.850510712222222,3.421
0.842487435277778,3.421,0.842463843611111,3.431,0.850788915833333,3.421
0.842765553055555,3.421,0.842741231111111,3.421,0.851066761666667,3.421
0.843043458333333,3.421,0.843019699444444,3.421,0.85134444,3.421
0.843321381111111,3.421,0.843297554166667,3.421,0.851622279166667,3.421
0.843599346388889,3.421,0.843575385555556,3.421,0.851899861666667,3.421
0.843877304444444,3.421,0.843853706388889,3.421,0.852177856944444,3.421
0.844155228888889,3.421,0.844131640555555,3.421,0.852455958333333,3.421
0.844432795833333,3.421,0.8444095525,3.421,0.852733993888889,3.421
0.844711044722222,3.421,0.844687363611111,3.421,0.853011600555556,3.421
0.844989098888889,3.421,0.844965585277778,3.421,0.853289048611111,3.421
0.845266730555556,3.421,0.845242883055556,3.421,0.853567268055556,3.421
0.845544404166667,3.421,0.845521253611111,3.421,0.853844786111111,3.421
0.845822253611111,3.421,0.8457990975,3.421,0.854122843333333,3.421
0.846100067222222,3.421,0.846076787777778,3.421,0.854400811666667,3.421
0.846377987222222,3.421,0.846354614166667,3.421,0.854678387777778,3.421
0.846656013055556,3.421,0.846632699444445,3.421,0.854956324166667,3.421
0.846933984166667,3.421,0.846910459722222,3.421,0.855234184722222,3.421
0.8472113875,3.421,0.84718866,3.421,0.8555118825,3.421
0.84748987,3.421,0.847466521388889,3.421,0.8557896625,3.421
0.847767773333333,3.421,0.8477445125,3.431,0.856067425833333,3.421
0.8480459275,3.421,0.848022040833333,3.421,0.856344962777778,3.421
0.848323525,3.421,0.848299906388889,3.421,0.856622720555556,3.421
0.848601703888889,3.421,0.84857771,3.421,0.856900475,3.421
0.848879528055556,3.421,0.848855593055555,3.421,0.857178242777778,3.421
0.849157121944444,3.421,0.849133512777778,3.421,0.857456073888889,3.421
0.849435255277778,3.421,0.849411231944444,3.421,0.857734439166667,3.421
0.849713127777778,3.421,0.849689251388889,3.421,0.858012325277778,3.421
0.849990761666667,3.421,0.849967240555556,3.421,0.85829026,3.421
0.850268935277778,3.421,0.850244796111111,3.421,0.858567701666667,3.421
0.850546694444444,3.421,0.850522671944444,3.421,0.858845760277778,3.421
0.850824816111111,3.421,0.850800387222222,3.421,0.859123906666667,3.421
0.851102870833333,3.421,0.851078336388889,3.421,0.859401416944444,3.421
0.851380983333333,3.421,0.851356194166667,3.421,0.859679063611111,3.421
0.851659010833333,3.421,0.851634103055556,3.421,0.859957333888889,3.421
0.851936890277778,3.421,0.851912125277778,3.421,0.860235052777778,3.421
0.852214806111111,3.421,0.852190405,3.421,0.860513444722222,3.421
0.852492292777778,3.421,0.852468000833333,3.421,0.860790714444444,3.421
0.852770416944444,3.421,0.852746003333333,3.421,0.861068824444444,3.421
0.853048315,3.421,0.8530238925,3.421,0.861346725277778,3.421
0.853326389444444,3.421,0.853301507777778,3.421,0.861624196666667,3.421
0.853603959444444,3.421,0.853579528333333,3.421,0.861902065,3.421
0.853881672222222,3.421,0.853857343888889,3.421,0.8621799325,3.421
0.854159786944444,3.421,0.854135346666667,3.421,0.862457651944444,3.421
0.854437717222222,3.421,0.854413136111111,3.421,0.862735494722222,3.421
0.854715653888889,3.421,0.854690917222222,3.421,0.863013781666667,3.421
0.854993333333333,3.421,0.854968746111111,3.421,0.863291444444445,3.421
0.855271289722222,3.421,0.855247081388889,3.421,0.863569178055556,3.421
0.855548973055556,3.421,0.855524969166667,3.421,0.863847310277778,3.421
0.855826372222222,3.421,0.855803043611111,3.421,0.8641251725,3.421
0.856104509166667,3.421,0.856080948333333,3.421,0.864402672222222,3.421
0.856382428611111,3.421,0.856358670833333,3.431,0.864680784722222,3.421
0.856660091666667,3.421,0.856636860277778,3.421,0.864958953333333,3.421
0.856937825555556,3.421,0.856914831666667,3.421,0.865236680833333,3.421
0.857215493333333,3.421,0.857192736666667,3.421,0.865514368055556,3.421
0.8574933125,3.421,0.857470239166667,3.431,0.865792571388889,3.421
0.857771246388889,3.421,0.857748243888889,3.421,0.866070659166667,3.421
0.858048991388889,3.421,0.858026096944444,3.421,0.866348330833333,3.421
0.858326791944444,3.421,0.858303581111111,3.421,0.866626007222222,3.421
0.858604533611111,3.421,0.858581577777778,3.431,0.866904179166667,3.421
0.858882583888889,3.421,0.858859385,3.421,0.867181824722222,3.421
0.85916044,3.421,0.859137037777778,3.421,0.867459586666667,3.421
0.859438082777778,3.421,0.859414903055556,3.421,0.867737488888889,3.421
0.8597158575,3.421,0.859692889722222,3.421,0.868015464722222,3.421
0.85999383,3.421,0.859970742222222,3.421,0.868293207777778,3.421
0.860271868333333,3.421,0.8602485425,3.421,0.868570907222222,3.421
0.860549515555555,3.421,0.860526375833333,3.421,0.868848493333333,3.421
0.860827178055556,3.421,0.860804413333333,3.421,0.869126439722222,3.421
0.861105176111111,3.421,0.861082280833333,3.431,0.869404573888889,3.421
0.861382805555555,3.421,0.861359892777778,3.421,0.869682541666667,3.421
0.861660714444444,3.421,0.861637811666667,3.421,0.869960216388889,3.421
0.861939076388889,3.421,0.861915616388889,3.431,0.870237960555556,3.421
0.862217149722222,3.421,0.862193629722222,3.431,0.870516404722222,3.421
0.862495187777778,3.421,0.862471271388889,3.421,0.870794264722222,3.421
0.862773316111111,3.421,0.862749154166667,3.421,0.871071607777778,3.421
0.86305125,3.421,0.863026811666667,3.431,0.871349582777778,3.421
0.863328919722222,3.421,0.863304576944444,3.421,0.871627613055556,3.421
0.863606869166667,3.421,0.863582449166667,3.421,0.87190536,3.421
0.863884424722222,3.421,0.863859970555556,3.421,0.872182906944444,3.421
0.864162445277778,3.421,0.864138015,3.421,0.872460755833333,3.421
0.86444043,3.421,0.864416144444444,3.421,0.872738484722222,3.421
0.864718393611111,3.421,0.864694131666667,3.421,0.873016491944444,3.421
0.864996403888889,3.421,0.864972014444444,3.421,0.873294356111111,3.421
0.865274624722222,3.421,0.865249781388889,3.431,0.8735723475,3.421
0.865552692777778,3.421,0.865527576666667,3.421,0.873850162222222,3.421
0.865830747222222,3.421,0.865805385277778,3.421,0.874127922222222,3.421
0.866108674722222,3.421,0.866083275555556,3.421,0.874406025277778,3.421
0.866386833888889,3.421,0.866361466111111,3.421,0.874683803055556,3.421
0.866664301944444,3.421,0.866639255277778,3.421,0.874962043055556,3.421
0.866942461111111,3.421,0.866917143055556,3.421,0.875239603888889,3.421
0.867220448888889,3.421,0.867194790555555,3.431,0.875517861666667,3.421
0.86749814,3.421,0.867472840277778,3.431,0.875795723333333,3.421
0.867776139166667,3.421,0.867750384166667,3.421,0.876073216111111,3.421
0.868054111666667,3.421,0.8680284675,3.421,0.876351031666667,3.421
0.8683318925,3.421,0.868306597777778,3.421,0.876629237777778,3.421
0.868610153333333,3.421,0.868584563333333,3.421,0.876907266111111,3.421
0.868887954444444,3.421,0.868862328333333,3.421,0.8771850325,3.421
0.869165526388889,3.421,0.869140241388889,3.421,0.8774628025,3.421
0.869443822777778,3.421,0.869417923888889,3.431,0.877740135277778,3.421
0.869721099444444,3.421,0.869695886944444,3.421,0.878018202777778,3.421
0.869999226111111,3.421,0.869973776388889,3.431,0.878296278888889,3.421
0.870277098888889,3.421,0.870251315555556,3.421,0.8785741925,3.421
0.870554401944444,3.421,0.870529032777778,3.421,0.878851957777778,3.421
0.870832565555556,3.421,0.870807245,3.421,0.879129992777778,3.421
0.871110646388889,3.421,0.871084800555556,3.431,0.879407705555556,3.421
0.871388567777778,3.421,0.871362577777778,3.431,0.87968565,3.421
0.871666111388889,3.421,0.871640539444444,3.421,0.879963617222222,3.421
0.871944175,3.421,0.871918671666667,3.421,0.880241260555556,3.421
0.872222467222222,3.421,0.872196358333333,3.421,0.880519213611111,3.421
0.872500147222222,3.421,0.872474335833333,3.421,0.880796894444445,3.421
0.872778168055556,3.421,0.872752130277778,3.431,0.881074733333333,3.421
0.873056604166667,3.421,0.87303,3.421,0.881352269722222,3.421
0.873334295555556,3.421,0.873307457222222,3.431,0.881630275,3.421
0.8736120375,3.421,0.873585295,3.421,0.881907634444444,3.431
0.873890245277778,3.421,0.873863636666667,3.421,0.882185963333333,3.421
0.874168277222222,3.421,0.874141442222222,3.431,0.882463586111111,3.421
0.874446428611111,3.421,0.874419115833333,3.431,0.882741690277778,3.421
0.874724135833333,3.421,0.874696594722222,3.431,0.883020065277778,3.431
0.875002390833333,3.421,0.874974613333333,3.431,0.883297371944444,3.421
0.875279661666667,3.421,0.875252823055556,3.431,0.883575386666667,3.421
0.8755580325,3.421,0.875530535,3.431,0.883853451111111,3.421
0.8758358075,3.421,0.875808150277778,3.431,0.884131158333333,3.421
0.876113630555556,3.421,0.876086440277778,3.431,0.884409241666667,3.421
0.876391704166667,3.421,0.8763640675,3.431,0.884687208611111,3.421
0.876669168055556,3.421,0.876642212222222,3.431,0.884965266111111,3.421
0.876947167222222,3.421,0.876919571111111,3.421,0.885243117777778,3.421
0.877225026666667,3.421,0.877197702777778,3.431,0.885521220277778,3.421
0.87750281,3.421,0.8774754325,3.431,0.8857988875,3.421
0.877780447222222,3.421,0.877753800555556,3.421,0.886076688888889,3.421
0.878058044166667,3.421,0.878031715555556,3.431,0.886354309722222,3.421
0.878336205,3.421,0.878309476944444,3.431,0.886632443055556,3.431
0.878614151111111,3.421,0.878587422222222,3.421,0.886910254722222,3.421
0.878891986388889,3.421,0.878865133055556,3.431,0.887188118888889,3.431
0.879169474444444,3.421,0.879142936666667,3.431,0.887465986111111,3.421
0.879447503611111,3.421,0.879421039722222,3.431,0.887744277222222,3.421
0.879725669722222,3.421,0.879698811111111,3.431,0.888021988888889,3.421
0.880003425277778,3.421,0.879976886944444,3.431,0.888299336666667,3.431
0.880281313888889,3.421,0.880254741666667,3.431,0.888577577222222,3.421
0.880558955277778,3.421,0.880532613333333,3.431,0.888855289444444,3.421
0.880836814444445,3.421,0.880810740277778,3.421,0.889132973888889,3.421
0.881114811111111,3.421,0.881088476666667,3.431,0.889411176111111,3.421
0.881392268333333,3.421,0.881366522777778,3.421,0.889688843611111,3.421
0.881670198333333,3.421,0.881644311388889,3.431,0.889966666944444,3.421
0.881948335277778,3.421,0.881922160833333,3.431,0.890244616666667,3.421
0.882226318055556,3.421,0.88220003,3.431,0.890522495555556,3.431
0.882504291666667,3.421,0.882477841944444,3.421,0.890800078888889,3.421
0.882781970555556,3.421,0.882755842222222,3.431,0.891077976388889,3.421
0.883060341666667,3.421,0.883033767222222,3.431,0.891355914722222,3.421
0.8833381275,3.421,0.883311425555556,3.431,0.891633225277778,3.421
0.883615662777778,3.421,0.883589531111111,3.421,0.891910991666667,3.421
0.883893866666667,3.421,0.883867572777778,3.421,0.892189154444444,3.421
0.884171775833333,3.421,0.884145431111111,3.421,0.892466905833333,3.421
0.884449642777778,3.421,0.884423271111111,3.421,0.892744984166667,3.421
0.884727523333333,3.421,0.884701432777778,3.431,0.893022448611111,3.421
0.885005566111111,3.421,0.884979514722222,3.431,0.893300589722222,3.431
0.885283444722222,3.421,0.885256763055556,3.431,0.893578640277778,3.421
0.885561146388889,3.421,0.885534818055556,3.421,0.893856748333333,3.421
0.885838900555556,3.421,0.885812541111111,3.431,0.894134603888889,3.421
0.886116694444445,3.421,0.886090361388889,3.431,0.894412676388889,3.421
0.886394825277778,3.421,0.886368076111111,3.431,0.894690657222222,3.421
0.886672189722222,3.421,0.886646391666667,3.431,0.894968545833333,3.431
0.886950440555555,3.421,0.886923753611111,3.431,0.895246358333333,3.431
0.887228263888889,3.421,0.887201927222222,3.421,0.895524116388889,3.431
0.887506248611111,3.421,0.887479850277778,3.431,0.895802436388889,3.431
0.887783964166667,3.421,0.887757870555556,3.431,0.896080565277778,3.421
0.888062403055556,3.421,0.888035619722222,3.421,0.896358378055556,3.431
0.888339963888889,3.421,0.888313568611111,3.431,0.896636568333333,3.431
0.888617887222222,3.421,0.888591392777778,3.431,0.896914360833333,3.421
0.888895743333333,3.421,0.888869417222222,3.431,0.897192266666667,3.421
0.889173515833333,3.421,0.889147035,3.431,0.897470260555556,3.431
0.889451527222222,3.421,0.889425158055556,3.431,0.897747995,3.421
0.889729291944444,3.421,0.889703039722222,3.431,0.898025416944444,3.431
0.890007158055556,3.421,0.889980776388889,3.431,0.898303545833333,3.421
0.890284667777778,3.421,0.890258414166667,3.431,0.898581453611111,3.421
0.890562535,3.421,0.890536476111111,3.431,0.898859231388889,3.431
0.890840611944444,3.421,0.890814354444444,3.431,0.899137148611111,3.421
0.891118483333333,3.421,0.891092778611111,3.431,0.899415011111111,3.421
0.891396338333333,3.421,0.891370633611111,3.431,0.899692861666667,3.421
0.891674347777778,3.421,0.891648640277778,3.431,0.899970759722222,3.421
0.891952604166667,3.421,0.891926188333333,3.431,0.900248665,3.421
0.892230243888889,3.421,0.892204116666667,3.431,0.900526340555556,3.421
0.892508063888889,3.421,0.892481928333333,3.431,0.900804545277778,3.421
0.892786000833333,3.421,0.892759780277778,3.431,0.901082618611111,3.421
0.893063816944444,3.431,0.893037455277778,3.431,0.901360613333333,3.421
0.893341341666667,3.421,0.893315322777778,3.431,0.901638197777778,3.421
0.893619290555556,3.421,0.893593059166667,3.431,0.901916053055556,3.421
0.893897088611111,3.421,0.893871204722222,3.431,0.902193638611111,3.431
0.894175278055556,3.421,0.894148958611111,3.431,0.902471904166667,3.421
0.894452807222222,3.421,0.8944268575,3.431,0.902750108333333,3.421
0.894730938611111,3.421,0.894704730277778,3.431,0.903027564166667,3.421
0.895008478888889,3.421,0.894982807222222,3.431,0.903305420833333,3.431
0.895286216111111,3.421,0.895261051388889,3.431,0.903583281944444,3.421
0.895564311666667,3.421,0.895538486388889,3.431,0.903861384722222,3.431
0.895842374722222,3.421,0.895816853611111,3.431,0.904139128333333,3.421
0.896119665555556,3.421,0.896094514166667,3.431,0.904416980277778,3.421
0.8963978025,3.421,0.896372364444444,3.431,0.904694678888889,3.421
0.896675773888889,3.421,0.896650505833333,3.431,0.904972495555555,3.431
0.896953175277778,3.421,0.896928234166667,3.431,0.905250550277778,3.421
0.8972311975,3.421,0.897206185,3.431,0.905528545833333,3.421
0.897508826944444,3.421,0.897484214722222,3.431,0.905806370555556,3.431
0.897787051944444,3.421,0.897762129166667,3.431,0.906084731666667,3.421
0.898064754722222,3.421,0.898039798055556,3.431,0.906362196111111,3.421
0.898342571111111,3.421,0.898318031111111,3.431,0.906640346666667,3.431
0.898620415833333,3.421,0.8985957475,3.431,0.906918142777778,3.431
0.898898442777778,3.421,0.898873466111111,3.431,0.907195811111111,3.431
0.899176264166667,3.421,0.899151215555556,3.431,0.907473230277778,3.431
0.899454153611111,3.421,0.899429219166667,3.431,0.907751722777778,3.431
0.899731840555556,3.421,0.899707138055556,3.431,0.9080290525,3.431
0.900009947777778,3.421,0.899985057777778,3.431,0.908307280833333,3.421
0.900287895277778,3.421,0.900262811388889,3.431,0.90858538,3.431
0.900565980277778,3.421,0.900540817777778,3.421,0.908862941111111,3.431
0.900843808888889,3.421,0.900818345277778,3.431,0.909141089166667,3.421
0.901121123611111,3.421,0.901096007222222,3.431,0.909418834722222,3.431
0.901398862222222,3.431,0.901374094444444,3.431,0.909696601111111,3.431
0.901677045555556,3.421,0.901652096944444,3.431,0.909974418333333,3.431
0.901954601111111,3.421,0.901929704444444,3.431,0.910252142222222,3.431
0.902232392777778,3.421,0.902207393888889,3.431,0.9105304025,3.431
0.902510095277778,3.421,0.902485303611111,3.431,0.910808200555556,3.431
0.902787826111111,3.421,0.902763427222222,3.431,0.911085980555556,3.421
0.903066160555555,3.421,0.903040965,3.431,0.911363948888889,3.421
0.903344168611111,3.421,0.903319303333333,3.431,0.911641276944445,3.431
0.903622226111111,3.431,0.903597235,3.431,0.911919379444444,3.421
0.903900196388889,3.431,0.903874845833333,3.431,0.912197239444444,3.431
0.904177885,3.421,0.9041528625,3.431,0.912474913611111,3.431
0.904456003055556,3.421,0.904430873888889,3.431,0.912753083333333,3.421
0.904733637777778,3.431,0.904709275555556,3.431,0.913030856388889,3.431
0.905011380277778,3.421,0.904986970833333,3.431,0.913308813888889,3.421
0.905289346111111,3.421,0.905264729166667,3.431,0.913586967222222,3.421
0.905566962777778,3.431,0.905542655,3.431,0.913864506388889,3.431
0.905844830555556,3.421,0.9058204475,3.431,0.914142192777778,3.431
0.906122574444444,3.431,0.906098483055556,3.431,0.914420142222222,3.431
0.906400219444444,3.421,0.906376221388889,3.431,0.914698320833333,3.421
0.906677984444444,3.421,0.906653953055556,3.431,0.914975791666667,3.431
0.906955905,3.421,0.906931963888889,3.431,0.915253786666667,3.431
0.907233925555556,3.421,0.907209579722222,3.431,0.915531679722222,3.431
0.907511620277778,3.421,0.907487530833333,3.431,0.915809543888889,3.431
0.907789527777778,3.421,0.9077651925,3.431,0.916087665555556,3.431
0.908067624166667,3.421,0.908043209166667,3.431,0.916365644166667,3.421
0.908345371666667,3.421,0.908321034166667,3.431,0.916642984444444,3.431
0.908623142222222,3.421,0.908599216111111,3.431,0.916921104444444,3.421
0.908901480833333,3.421,0.908876886388889,3.431,0.917198887222222,3.431
0.909179381111111,3.421,0.909154688611111,3.431,0.917476526944444,3.431
0.909457239722222,3.421,0.909432460833333,3.431,0.917754368055556,3.431
0.909735224722222,3.421,0.909710348611111,3.431,0.918032086944444,3.431
0.910013348055556,3.421,0.909988279166667,3.431,0.918310449166667,3.431
0.910291215833333,3.431,0.910266426666667,3.431,0.918588423055556,3.431
0.910569073055556,3.421,0.910544490555556,3.431,0.918865938888889,3.431
0.910846395,3.431,0.910822141666667,3.431,0.919144028611111,3.421
0.911124383333333,3.431,0.911100077777778,3.431,0.919421249722222,3.431
0.911402189444444,3.421,0.911377849722222,3.431,0.919699403055556,3.431
0.911680113611111,3.421,0.911655993888889,3.431,0.919977201388889,3.431
0.911958502222222,3.421,0.91193368,3.431,0.920255370277778,3.431
0.912236148333333,3.421,0.912211440277778,3.431,0.920533065555555,3.431
0.912513831111111,3.431,0.912489201111111,3.431,0.920810781666667,3.431
0.912791769722222,3.421,0.912767048888889,3.431,0.921088917222222,3.431
0.913069621111111,3.431,0.913045015277778,3.431,0.921366658055556,3.431
0.913347506666667,3.421,0.913323056944444,3.431,0.921644313611111,3.431
0.913625596666667,3.421,0.913600777777778,3.431,0.921922525555556,3.421
0.913903060277778,3.421,0.913878273611111,3.431,0.92220018,3.431
0.914181461111111,3.421,0.914155976111111,3.431,0.922477962777778,3.421
0.914458926666667,3.431,0.914434236388889,3.431,0.9227555425,3.431
0.914737107777778,3.421,0.9147119275,3.431,0.923033678611111,3.431
0.915014824166667,3.421,0.914990286666667,3.431,0.923311295,3.431
0.915292500555556,3.421,0.915267860833333,3.431,0.923589489722222,3.431
0.915570294722222,3.421,0.915545393611111,3.431,0.923867105833333,3.431
0.915848614722222,3.421,0.915823939444445,3.431,0.924145312222222,3.431
0.9161262,3.431,0.9161020275,3.431,0.924422857222222,3.431
0.916404248888889,3.421,0.916379552777778,3.431,0.9247008225,3.421
0.916681826388889,3.421,0.916657740555555,3.431,0.924978638333333,3.431
0.916959581111111,3.431,0.916935422777778,3.431,0.925256418888889,3.431
0.917237326111111,3.431,0.917213308333333,3.431,0.925534098055556,3.431
0.917515446944444,3.431,0.917491088888889,3.431,0.9258118075,3.431
0.917792991666667,3.421,0.917768528888889,3.431,0.926090011388889,3.431
0.918070866666667,3.431,0.9180466025,3.431,0.926368113888889,3.431
0.918348773055556,3.431,0.918324399166667,3.431,0.9266459725,3.431
0.918626519722222,3.421,0.918602486388889,3.431,0.926923762777778,3.431
0.918904115833333,3.421,0.918880299166667,3.431,0.927201816111111,3.431
0.919182332222222,3.431,0.919158248055556,3.431,0.927479822222222,3.431
0.919459822222222,3.421,0.9194360925,3.431,0.927757866111111,3.431
0.919737866666667,3.431,0.919713956666667,3.431,0.928036105833333,3.431
0.920015870833333,3.431,0.919991913888889,3.431,0.928313885,3.431
0.920293890555556,3.431,0.920269730277778,3.431,0.928591749722222,3.431
0.920571939722222,3.431,0.920547738888889,3.431,0.928869632222222,3.431
0.9208498275,3.421,0.920825402222222,3.431,0.929147500555556,3.431
0.9211273575,3.431,0.921103260277778,3.431,0.929424957777778,3.431
0.921405178888889,3.431,0.921381573611111,3.431,0.929702758611111,3.431
0.921683220833333,3.431,0.921659313333333,3.431,0.9299806325,3.431
0.921961213611111,3.421,0.921937256388889,3.431,0.930258881388889,3.431
0.922238850833333,3.421,0.92221493,3.431,0.930536637222222,3.431
0.922516668611111,3.431,0.922492864444444,3.431,0.930814344166667,3.431
0.9227949,3.431,0.922770741666667,3.431,0.931092201388889,3.421
0.923072834166667,3.421,0.923048480833333,3.431,0.931370018055556,3.431
0.9233504875,3.431,0.923326486944444,3.431,0.931647616666667,3.431
0.923628358055556,3.431,0.923604222777778,3.431,0.931925408055556,3.431
0.923906318888889,3.431,0.923882151666667,3.431,0.932203477222222,3.431
0.924184194722222,3.431,0.924160128333333,3.431,0.932481308055556,3.431
0.924462129166667,3.431,0.9244379225,3.431,0.932759258333333,3.431
0.924740045833333,3.421,0.924716052222222,3.431,0.933037040277778,3.431
0.925018150555555,3.431,0.9249938975,3.431,0.93331512,3.431
0.925295949722222,3.431,0.925271339166667,3.431,0.933592686111111,3.431
0.925573761944445,3.431,0.925549202777778,3.431,0.933871066944444,3.431
0.925851827222222,3.431,0.925827167222222,3.431,0.934148850555556,3.431
0.926129613888889,3.431,0.926105348055556,3.431,0.934426939444444,3.431
0.926407201666667,3.431,0.926383173055556,3.431,0.934704680555556,3.431
0.926685516944444,3.431,0.926661024166667,3.431,0.934982783611111,3.431
0.926963266666667,3.431,0.926939203055556,3.431,0.935260313611111,3.431
0.927240771944445,3.421,0.92721711,3.431,0.935538388888889,3.431
0.927519041666667,3.431,0.9274949,3.431,0.935816350555556,3.431
0.927796653055556,3.421,0.927772365,3.441,0.936093910555556,3.431
0.92807441,3.421,0.928050348333333,3.431,0.936372068333333,3.431
0.928352654722222,3.431,0.928328565277778,3.431,0.936649928333333,3.431
0.928630045555556,3.421,0.928606173055556,3.431,0.936927834444444,3.431
0.928908131666667,3.431,0.928884158055556,3.431,0.937205893333333,3.431
0.929186253055556,3.431,0.929162013888889,3.431,0.937483481666667,3.431
0.929463915833333,3.431,0.9294399325,3.431,0.937761036666667,3.431
0.929742009722222,3.421,0.929717835277778,3.431,0.938039240555556,3.431
0.930020016944444,3.431,0.929995395555556,3.431,0.938317388333333,3.431
0.930297612222222,3.431,0.930273366111111,3.431,0.938595020833333,3.431
0.930575825,3.431,0.930550901111111,3.431,0.938873016944444,3.431
0.930853411944444,3.431,0.930828961666667,3.431,0.939150473611111,3.431
0.931131497222222,3.431,0.931106445833333,3.431,0.939428560555556,3.431
0.931408962777778,3.431,0.931384690277778,3.431,0.939706373055556,3.431
0.931687350555556,3.431,0.931662181388889,3.431,0.939984143055556,3.431
0.931964973611111,3.431,0.931940398611111,3.431,0.940261753333333,3.431
0.932243226388889,3.431,0.932218145555556,3.431,0.940539651388889,3.431
0.932520809444444,3.421,0.932495915555556,3.431,0.9408172075,3.431
0.932798508055556,3.431,0.932773704166667,3.441,0.941095188611111,3.431
0.933076350833333,3.431,0.933051484444445,3.431,0.941373667777778,3.431
0.933354069444444,3.431,0.933329436944444,3.431,0.941651532777778,3.431
0.933631755555556,3.421,0.933607096111111,3.431,0.941929445,3.431
0.933909707222222,3.431,0.933885229166667,3.431,0.942207217222222,3.431
0.934187479722222,3.431,0.934163332777778,3.431,0.9424846125,3.431
0.934465769444444,3.431,0.934440955555556,3.431,0.942762800833333,3.431
0.934743630555556,3.431,0.934718839722222,3.431,0.943040865,3.431
0.935021382777778,3.431,0.934996658611111,3.431,0.943318736666667,3.431
0.935299491666667,3.431,0.935274258055556,3.431,0.943596695,3.431
0.935577103055556,3.431,0.935552245833333,3.431,0.9438745625,3.431
0.935855035277778,3.431,0.935829877777778,3.431,0.944152408888889,3.431
0.936132944722222,3.431,0.936107567222222,3.431,0.944430264166667,3.431
0.936410879444444,3.431,0.936385508611111,3.431,0.944708140833333,3.431
0.93668847,3.431,0.936663578888889,3.431,0.944985960833333,3.431
0.9369664175,3.431,0.936941443611111,3.431,0.945263869166667,3.431
0.937244176944444,3.431,0.937219428888889,3.441,0.945541918055556,3.431
0.937522419444444,3.431,0.937497466666667,3.441,0.945819734166667,3.431
0.937800484444444,3.431,0.937775166388889,3.431,0.946097696944444,3.431
0.938078194166667,3.431,0.938052678333333,3.431,0.946375791111111,3.431
0.938355892222222,3.431,0.938330908055556,3.431,0.946653999166667,3.431
0.938633729722222,3.431,0.938609065555556,3.441,0.946931367777778,3.431
0.938911348055556,3.431,0.938886853333333,3.431,0.947209307222222,3.431
0.939189664722222,3.431,0.939164673611111,3.441,0.947487427222222,3.431
0.939467528611111,3.431,0.939442553055556,3.431,0.947765138055556,3.431
0.939745619722222,3.431,0.939720359722222,3.431,0.948042906666667,3.431
0.940023483888889,3.431,0.939998158611111,3.431,0.948321006666667,3.431
0.940301162222222,3.431,0.940276105,3.431,0.948598688333333,3.431
0.940579433888889,3.431,0.940553683611111,3.441,0.948876686111111,3.431
0.940857421111111,3.431,0.940831532777778,3.441,0.949155103055556,3.431
0.941135008611111,3.431,0.941109595555556,3.431,0.949432893888889,3.431
0.941413081944444,3.431,0.941387341666667,3.431,0.9497105775,3.431
0.941690886111111,3.431,0.9416653375,3.441,0.949987943611111,3.431
0.941969091111111,3.431,0.941942989166667,3.431,0.950266181111111,3.431
0.942246335277778,3.431,0.942220965555556,3.431,0.950543836666667,3.431
0.942524828611111,3.431,0.942499226944444,3.431,0.950821894444444,3.431
0.942802715555556,3.431,0.942777075555556,3.431,0.951099645277778,3.431
0.943080647222222,3.431,0.943055266111111,3.431,0.951377471944445,3.431
0.943358823333333,3.431,0.943332821944444,3.431,0.951655411944444,3.431
0.943636278055555,3.431,0.94361053,3.431,0.951933446111111,3.431
0.943914041111111,3.431,0.943888166944444,3.441,0.952211134722222,3.431
0.944191703611111,3.431,0.944166457777778,3.431,0.952488745277778,3.431
0.944469440833333,3.431,0.9444444675,3.431,0.952766792777778,3.431
0.944747205277778,3.431,0.944722105277778,3.431,0.953044498888889,3.431
0.945025483055556,3.431,0.945000053333333,3.441,0.953322339444444,3.431
0.945303319166667,3.431,0.9452780125,3.441,0.953600233888889,3.431
0.945581422777778,3.431,0.945556035555556,3.431,0.953878041666667,3.431
0.9458592425,3.431,0.945833676666667,3.431,0.95415617,3.431
0.946137285833333,3.431,0.946111253055556,3.431,0.954434199722222,3.431
0.946414977222222,3.431,0.946389523611111,3.431,0.954711879444444,3.431
0.946693035833333,3.431,0.946667488333333,3.441,0.954989808611111,3.431
0.946971129166667,3.431,0.94694552,3.431,0.9552676775,3.431
0.947248568611111,3.431,0.947223355833333,3.431,0.955545570555556,3.431
0.947526744166667,3.431,0.947501350555556,3.441,0.955823267222222,3.431
0.947804756666667,3.431,0.947779123055556,3.441,0.956101411388889,3.431
0.948082196666667,3.431,0.948056534722222,3.431,0.956379294166667,3.431
0.948360202777778,3.431,0.948334605833333,3.441,0.956657106666667,3.431
0.948638292222222,3.431,0.948612826944444,3.441,0.9569351825,3.431
0.948916088611111,3.431,0.9488905575,3.441,0.957213078611111,3.431
0.949193910555556,3.431,0.949168871111111,3.441,0.957490772777778,3.431
0.949471632777778,3.431,0.949446717777778,3.431,0.957768656111111,3.431
0.949749482222222,3.431,0.949724358055556,3.441,0.958046518055556,3.431
0.950027207222222,3.431,0.950002529166667,3.441,0.958324536944444,3.431
0.950305055833333,3.431,0.950280596944444,3.441,0.958602434722222,3.431
0.950582971111111,3.431,0.950558532222222,3.441,0.958880143611111,3.431
0.950861184444444,3.431,0.950836611944444,3.441,0.959158021666667,3.431
0.951139164722222,3.431,0.951114427777778,3.441,0.959435508611111,3.431
0.951416964166667,3.431,0.951392089722222,3.441,0.959713667777778,3.431
0.951694503888889,3.431,0.951669831666667,3.431,0.959991468055556,3.431
0.951972518055555,3.431,0.951947678888889,3.441,0.960269235833333,3.431
0.952250305,3.431,0.952225774444444,3.431,0.960547058333333,3.431
0.952528030833333,3.431,0.952503568888889,3.431,0.960824761388889,3.431
0.952805556944444,3.431,0.952781532222222,3.441,0.961102476666667,3.431
0.953083773888889,3.431,0.953059756666667,3.431,0.961380163888889,3.431
0.953361404166667,3.431,0.953337626944444,3.431,0.961657912777778,3.431
0.953639598333333,3.431,0.953616004444444,3.441,0.961936089444445,3.431
0.953917588888889,3.431,0.953893752777778,3.431,0.962214249722222,3.431
0.954195433888889,3.431,0.954171614166667,3.431,0.962492026666667,3.431
0.954473775,3.431,0.954449017222222,3.441,0.962769961111111,3.431
0.954751336388889,3.431,0.954727117222222,3.441,0.963048056944444,3.431
0.955029167222222,3.431,0.955005238055556,3.441,0.963326173888889,3.431
0.955307574166667,3.431,0.9552830875,3.441,0.9636042,3.431
0.955585421944445,3.431,0.955560705833333,3.441,0.963881811388889,3.431
0.955863299444444,3.431,0.955838471388889,3.441,0.96415935,3.431
0.9561412125,3.431,0.956116291944444,3.441,0.964437254444444,3.431
0.956419185,3.431,0.956394229722222,3.441,0.964715153888889,3.431
0.956697033333333,3.431,0.956671832777778,3.441,0.964993122777778,3.431
0.956974879166667,3.431,0.956949964722222,3.441,0.965270596944445,3.431
0.957252835833333,3.431,0.957227750277778,3.441,0.965548546388889,3.431
0.957530369166667,3.431,0.957505543888889,3.441,0.965826370555556,3.431
0.957808321666667,3.431,0.957783054166667,3.441,0.966104394166667,3.431
0.958086114722222,3.431,0.958061094444444,3.431,0.9663819225,3.431
0.958363888888889,3.431,0.958338503333333,3.441,0.966659921388889,3.431
0.958641601666667,3.431,0.95861669,3.431,0.966937744166667,3.431
0.958919431111111,3.431,0.958895011388889,3.441,0.967215517222222,3.431
0.959197270277778,3.431,0.959173054722222,3.441,0.967493748611111,3.431
0.959474992777778,3.431,0.959450931944444,3.431,0.967771426388889,3.431
0.959752518055556,3.431,0.9597291225,3.441,0.968049048333333,3.431
0.960030555277778,3.431,0.960006784166667,3.441,0.968327284722222,3.431
0.960308367777778,3.431,0.960284633888889,3.441,0.968605327222222,3.431
0.960586130277778,3.431,0.960562363888889,3.441,0.968883118611111,3.431
0.960863928611111,3.431,0.960840603611111,3.441,0.969161191388889,3.431
0.961141858611111,3.431,0.961118493611111,3.441,0.969438746944444,3.431
0.961419480555556,3.431,0.961396320555556,3.441,0.969716761388889,3.431
0.961697256666667,3.431,0.961674195,3.441,0.969994571944444,3.431
0.961975162777778,3.431,0.961952118611111,3.441,0.970272318611111,3.431
0.96225303,3.431,0.9622298475,3.441,0.970549866111111,3.431
0.962531133888889,3.431,0.962507695833333,3.441,0.970828043888889,3.431
0.962809188888889,3.431,0.962785755277778,3.441,0.971105754722222,3.431
0.963087095555555,3.431,0.963063314166667,3.441,0.971384283888889,3.441
0.963364675555555,3.431,0.963341238333333,3.441,0.9716616475,3.431
0.963643047222222,3.431,0.963619049722222,3.441,0.971939391111111,3.431
0.963920955,3.431,0.963897048333333,3.441,0.972217826388889,3.431
0.964198916666667,3.431,0.964174982777778,3.441,0.972495349166667,3.431
0.964476624166667,3.431,0.964452646111111,3.441,0.972773172222222,3.431
0.964754689444444,3.431,0.964730771111111,3.441,0.973051092222222,3.441
0.965032554444444,3.431,0.965008513888889,3.441,0.973328873333333,3.431
0.965309941666667,3.431,0.965286254166667,3.441,0.9736070075,3.431
0.965587750277778,3.431,0.965564116666667,3.441,0.973884656388889,3.431
0.965865835,3.431,0.965841763055556,3.441,0.974162296944444,3.441
0.966143524722222,3.431,0.966120099166667,3.441,0.974440116944444,3.431
0.966421374722222,3.431,0.96639803,3.441,0.974718380277778,3.431
0.966699353611111,3.431,0.966675674166667,3.441,0.974996436944444,3.431
0.9669771675,3.431,0.966953242222222,3.441,0.975274368333333,3.431
0.967254960555556,3.431,0.967231682777778,3.441,0.9755518925,3.431
0.967532878333333,3.431,0.967509282777778,3.441,0.975830089166667,3.431
0.967810231944444,3.431,0.967787271111111,3.441,0.976108121388889,3.431
0.968088591666667,3.431,0.968065048333333,3.441,0.976386200555556,3.431
0.968366438611111,3.431,0.968343138888889,3.441,0.976664061666667,3.431
0.968644055277778,3.431,0.96862079,3.441,0.976941818888889,3.431
0.968922151944445,3.431,0.968898454444444,3.441,0.977219874722222,3.431
0.969200718055556,3.431,0.969176699722222,3.441,0.977497616666667,3.431
0.969478810833333,3.431,0.969454333055556,3.441,0.977775470833333,3.431
0.969756523333333,3.431,0.969732497222222,3.441,0.978053579444444,3.441
0.970034008333333,3.431,0.970010581666667,3.441,0.978331331111111,3.431
0.970312033055555,3.441,0.970288058611111,3.441,0.978608784722222,3.441
0.970589410833333,3.441,0.9705658225,3.441,0.978886565833333,3.441
0.970867634166667,3.431,0.970843984722222,3.441,0.9791646275,3.431
0.971145065555556,3.441,0.971121918888889,3.441,0.979442896111111,3.441
0.971423133333333,3.441,0.971399566388889,3.441,0.979720586111111,3.431
0.971700816388889,3.431,0.97167742,3.441,0.979998420277778,3.431
0.971978855277778,3.431,0.971955128333333,3.441,0.980276358888889,3.431
0.972257035277778,3.441,0.972233197222222,3.441,0.980554276666667,3.431
0.972534903055555,3.441,0.97251113,3.441,0.980832106666667,3.441
0.972812732777778,3.431,0.972789165,3.431,0.98110962,3.431
0.973091020833333,3.441,0.973067087222222,3.441,0.981388103888889,3.431
0.973368490833333,3.431,0.973344875555556,3.441,0.981665960555556,3.431
0.9736464575,3.441,0.973622918888889,3.441,0.981943826388889,3.441
0.973924851388889,3.441,0.973900928888889,3.441,0.982221605555556,3.431
0.974202481388889,3.441,0.974178685277778,3.441,0.982499425833333,3.431
0.974480563055556,3.431,0.974456668333333,3.441,0.982777148888889,3.441
0.974758320555556,3.441,0.974734639166667,3.441,0.983055071666667,3.431
0.975036058888889,3.441,0.975012333611111,3.441,0.983332641944444,3.431
0.975313744166667,3.441,0.975290155555556,3.441,0.983610851388889,3.431
0.975591751388889,3.431,0.975567964722222,3.441,0.9838890325,3.441
0.975869482222222,3.431,0.975845680555556,3.441,0.984167085833333,3.441
0.976147285,3.431,0.976123410833333,3.441,0.984444663888889,3.431
0.976424921666667,3.431,0.976401259166667,3.441,0.984722481666667,3.441
0.97670282,3.441,0.976679323888889,3.441,0.985000235555556,3.431
0.976980594444445,3.441,0.976957177777778,3.441,0.985277920555556,3.441
0.977258848888889,3.441,0.97723482,3.441,0.985555751666667,3.441
0.977537068611111,3.431,0.977513068888889,3.441,0.985833503333333,3.431
0.977814693611111,3.441,0.977790613055555,3.441,0.9861116525,3.431
0.978092618611111,3.441,0.978068442777778,3.441,0.986389542222222,3.441
0.978370626666667,3.441,0.978346468055556,3.441,0.986667683888889,3.441
0.978648302222222,3.441,0.978624109722222,3.441,0.9869454825,3.431
0.9789258625,3.431,0.978902323888889,3.441,0.987223005277778,3.441
0.979203893055556,3.441,0.979179974722222,3.441,0.987501186666667,3.441
0.979481548888889,3.441,0.979457775277778,3.441,0.987778775555556,3.441
0.979759392777778,3.441,0.979735615277778,3.441,0.988056706666667,3.431
0.980037670555555,3.441,0.980013554444444,3.441,0.988334556111111,3.441
0.980315791944445,3.441,0.980291468611111,3.441,0.988612460555556,3.431
0.980593591111111,3.441,0.980569366111111,3.441,0.988890022777778,3.431
0.980871399722222,3.441,0.980847509722222,3.441,0.989167772222222,3.441
0.981149216944444,3.441,0.981125388055556,3.441,0.989445525833333,3.431
0.981427209722222,3.431,0.981403188333333,3.441,0.989723693055556,3.441
0.981705014444444,3.441,0.981681018055556,3.441,0.990002012777778,3.441
0.981983096111111,3.441,0.981959244722222,3.441,0.990279797222222,3.431
0.982261064166667,3.441,0.9822367875,3.441,0.990557545555556,3.441
0.982538568055556,3.441,0.982514706944444,3.441,0.990835360555556,3.441
0.982816738333333,3.441,0.982792436944444,3.441,0.991112990277778,3.441
0.983094585,3.441,0.983070549166667,3.441,0.991391243888889,3.441
0.983372547222222,3.441,0.983348251111111,3.441,0.991669228333333,3.441
0.983650274722222,3.441,0.983626144444444,3.441,0.991946703333333,3.431
0.983928449722222,3.441,0.983903943055556,3.441,0.992224618333333,3.441
0.9842061375,3.441,0.984181811111111,3.441,0.992502593333333,3.431
0.984483622222222,3.441,0.9844596825,3.441,0.992780489166667,3.441
0.984761825833333,3.441,0.984737434166667,3.441,0.993058413611111,3.441
0.985039683888889,3.441,0.985015631666667,3.441,0.993336443611111,3.431
0.985317590555556,3.441,0.985293305833333,3.441,0.993613746388889,3.441
0.985595355555555,3.441,0.985570978055556,3.441,0.993891540555556,3.431
0.985873065,3.441,0.985848827222222,3.441,0.994169719444445,3.431
0.986150716666667,3.441,0.986126483333333,3.441,0.994447573611111,3.441
0.986428741111111,3.441,0.986404459444444,3.441,0.994725256944444,3.441
0.986706420833333,3.441,0.986682361666667,3.441,0.995003321666667,3.431
0.986984665,3.441,0.986960884722222,3.441,0.995281045,3.441
0.987262396944444,3.441,0.987238355555556,3.441,0.995559017222222,3.441
0.9875402325,3.441,0.987516288055556,3.441,0.995836705833333,3.441
0.987817947777778,3.441,0.987794153055556,3.441,0.996114349166667,3.441
0.988095975,3.441,0.988071891111111,3.441,0.996392586666667,3.441
0.988373502222222,3.441,0.988349775833333,3.441,0.996670405,3.441
0.988651491111111,3.441,0.98862738,3.441,0.996948000277778,3.441
0.988929278055556,3.441,0.988905324444444,3.441,0.997226448611111,3.441
0.989206834444444,3.441,0.989182975,3.441,0.997504012222222,3.441
0.989484701666667,3.441,0.989460706666667,3.441,0.9977819825,3.441
0.989762777222222,3.441,0.989738468611111,3.441,0.998059606666667,3.441
0.990040603055556,3.441,0.990016444444444,3.441,0.998337431111111,3.441
0.990318368611111,3.441,0.990294288333333,3.441,0.998615677222222,3.441
0.990596584722222,3.441,0.990572451666667,3.441,0.998893429444444,3.441
0.990874383055556,3.441,0.990850322777778,3.441,0.999171166388889,3.431
0.991152229166667,3.441,0.9911281125,3.441,0.9994492325,3.441
0.991430152777778,3.441,0.9914058875,3.441,0.999726926388889,3.441
0.991708351666667,3.441,0.991684230555556,3.441,1.00000463722222,3.441
0.991986503611111,3.441,0.991961624444444,3.441,1.00028288444444,3.441
0.992264461666667,3.441,0.99223954,3.441,1.00056075861111,3.441
0.992542405,3.441,0.992517341111111,3.451,1.00083869111111,3.441
0.992819983888889,3.441,0.992795121111111,3.441,1.00111648333333,3.441
0.993097519722222,3.441,0.993073011666667,3.441,1.00139474527778,3.441
0.993375689722222,3.441,0.993350678611111,3.441,1.00167218722222,3.441
0.993653405555555,3.441,0.993628686111111,3.441,1.00195021444444,3.441
0.993931401111111,3.441,0.9939066225,3.441,1.00222808555556,3.441
0.994209017222222,3.441,0.994184695,3.451,1.00250601222222,3.441
0.994486963611111,3.441,0.994462621388889,3.441,1.0027842575,3.441
0.994764703055556,3.441,0.994740611388889,3.451,1.003061805,3.441
0.995042594444444,3.441,0.99501825,3.441,1.00333964666667,3.441
0.995320508333333,3.441,0.995295946666667,3.451,1.00361735,3.441
0.995598292777778,3.441,0.995574335,3.441,1.00389521694444,3.441
0.995876089166667,3.441,0.9958521275,3.441,1.00417271361111,3.441
0.996154433055556,3.441,0.996129873611111,3.441,1.00445047722222,3.441
0.996432343888889,3.441,0.996407626944445,3.441,1.00472847416667,3.441
0.996709729444444,3.441,0.996685537222222,3.441,1.00500662833333,3.441
0.996987967777778,3.441,0.996963189166667,3.441,1.0052842325,3.441
0.997265519166667,3.441,0.997240989444445,3.441,1.005562395,3.441
0.9975438825,3.441,0.997519468333333,3.441,1.00584002611111,3.441
0.997821365277778,3.441,0.997797537777778,3.441,1.00611814916667,3.441
0.998099695277778,3.441,0.998075289444444,3.451,1.00639579666667,3.441
0.998377709166667,3.441,0.998353205,3.441,1.00667326583333,3.441
0.998655346388889,3.441,0.998631305833333,3.451,1.00695109944444,3.441
0.998933368611111,3.441,0.998909511388889,3.441,1.00722921722222,3.441
0.999211155833333,3.441,0.999187261666667,3.451,1.00750688333333,3.441
0.999488958055556,3.441,0.999465160555556,3.451,1.00778510138889,3.441
0.999766426944445,3.451,0.99974316,3.451,1.00806284777778,3.441
1.00004454972222,3.441,1.00002117083333,3.441,1.00834078055556,3.441
1.00032231222222,3.441,1.00029877638889,3.441,1.00861845277778,3.441
1.00060029611111,3.441,1.00057664361111,3.441,1.00889620833333,3.441
1.00087834972222,3.441,1.00085431472222,3.451,1.00917374833333,3.441
1.00115594861111,3.441,1.00113227222222,3.451,1.0094515825,3.441
1.00143391277778,3.441,1.0014098325,3.441,1.00972978472222,3.441
1.00171169861111,3.441,1.00168785972222,3.451,1.01000749944444,3.441
1.00198945416667,3.441,1.00196612416667,3.441,1.01028519361111,3.441
1.00226719194444,3.441,1.00224361666667,3.441,1.01056351972222,3.441
1.00254518833333,3.441,1.0025215125,3.451,1.01084119527778,3.441
1.00282316972222,3.441,1.00279966694444,3.451,1.01111909277778,3.441
1.00310057527778,3.441,1.00307760555556,3.441,1.01139681583333,3.441
1.00337905416667,3.441,1.00335544916667,3.451,1.01167480861111,3.441
1.00365670416667,3.441,1.00363291361111,3.451,1.01195255777778,3.441
1.00393456444444,3.441,1.00391117166667,3.441,1.01223060833333,3.441
1.00421230416667,3.441,1.0041891725,3.451,1.01250856277778,3.441
1.00449037722222,3.441,1.00446692611111,3.451,1.01278606222222,3.441
1.00476774583333,3.441,1.00474473555556,3.451,1.01306402555556,3.441
1.00504596333333,3.441,1.00502266888889,3.451,1.01334185055556,3.451
1.00532355138889,3.441,1.0053003325,3.451,1.01361934083333,3.441
1.00560155388889,3.441,1.00557837583333,3.451,1.01389718055556,3.441
1.00587950027778,3.441,1.00585595611111,3.441,1.01417530833333,3.441
1.00615752111111,3.451,1.00613374083333,3.441,1.01445297611111,3.441
1.00643503305556,3.451,1.00641176888889,3.451,1.01473121666667,3.441
1.00671307055556,3.441,1.00668937916667,3.451,1.01500854083333,3.441
1.0069911475,3.441,1.00696730527778,3.451,1.01528654138889,3.441
1.00726893944444,3.441,1.00724486944444,3.451,1.01556436166667,3.441
1.00754686388889,3.441,1.00752299722222,3.451,1.01584246833333,3.441
1.0078244975,3.451,1.00780086138889,3.451,1.016120545,3.441
1.00810217472222,3.441,1.00807847305556,3.451,1.01639893944444,3.441
1.0083797975,3.451,1.00835656055556,3.451,1.016676345,3.441
1.00865797527778,3.441,1.00863436583333,3.451,1.01695433944444,3.441
1.00893586388889,3.441,1.00891203805556,3.451,1.01723222055556,3.441
1.00921406305556,3.451,1.00918995638889,3.451,1.01751021388889,3.441
1.00949178638889,3.451,1.0094675675,3.451,1.01778809583333,3.441
1.00976949805556,3.451,1.00974534694444,3.441,1.01806554944444,3.441
1.01004725972222,3.441,1.01002366361111,3.451,1.01834364888889,3.441
1.01032521277778,3.441,1.01030185833333,3.451,1.01862124222222,3.441
1.01060328833333,3.441,1.01057948138889,3.451,1.01889956,3.441
1.01088118583333,3.441,1.0108571,3.441,1.01917685111111,3.441
1.01115886944444,3.451,1.01113511083333,3.451,1.01945505944444,3.441
1.01143698361111,3.451,1.01141363166667,3.451,1.01973236944444,3.441
1.01171473388889,3.441,1.01169110611111,3.451,1.02001064583333,3.441
1.01199249944444,3.451,1.01196901694444,3.451,1.02028891444444,3.441
1.01227046944444,3.451,1.012246805,3.451,1.02056659972222,3.441
1.01254850666667,3.451,1.01252459777778,3.451,1.02084428083333,3.441
1.01282683055556,3.451,1.01280246166667,3.451,1.02112215055556,3.441
1.01310464722222,3.451,1.01308018027778,3.451,1.02140005027778,3.441
1.01338231416667,3.451,1.01335762833333,3.451,1.02167767722222,3.441
1.01366013055556,3.451,1.0136357575,3.451,1.02195559916667,3.441
1.01393796611111,3.451,1.01391358027778,3.451,1.02223320083333,3.441
1.01421587583333,3.451,1.01419125194444,3.451,1.02251120388889,3.441
1.01449352527778,3.441,1.01446912333333,3.451,1.02278912833333,3.441
1.01477142333333,3.451,1.01474723583333,3.451,1.02306682111111,3.441
1.01504908138889,3.451,1.01502456083333,3.451,1.02334450666667,3.441
1.01532720027778,3.451,1.01530278361111,3.451,1.02362215555556,3.441
1.01560511388889,3.451,1.01558034305556,3.451,1.02390033805556,3.441
1.01588306722222,3.451,1.01585833361111,3.451,1.02417801722222,3.441
1.01616079277778,3.451,1.01613608472222,3.451,1.02445617194444,3.441
1.01643892111111,3.451,1.01641352333333,3.451,1.02473379111111,3.441
1.01671666138889,3.451,1.01669160055556,3.451,1.02501156888889,3.441
1.01699446944444,3.451,1.01696977833333,3.451,1.0252897,3.441
1.01727226916667,3.451,1.01724792416667,3.451,1.02556784416667,3.441
1.01755033666667,3.451,1.0175254625,3.451,1.02584519638889,3.441
1.01782824,3.451,1.01780338666667,3.451,1.02612340277778,3.441
1.01810585916667,3.451,1.01808139055556,3.451,1.02640101944444,3.441
1.01838397638889,3.451,1.01835904611111,3.451,1.02667927194444,3.451
1.01866203166667,3.451,1.018637095,3.451,1.02695706916667,3.441
1.0189395775,3.451,1.01891496027778,3.451,1.02723534194444,3.441
1.01921736,3.451,1.01919285388889,3.451,1.02751304277778,3.441
1.01949552833333,3.451,1.01947054722222,3.451,1.02779070555556,3.451
1.01977371861111,3.451,1.01974788611111,3.451,1.02806824166667,3.441
1.0200513075,3.451,1.02002593888889,3.451,1.02834597472222,3.441
1.02032950027778,3.451,1.0203034575,3.451,1.02862405805556,3.441
1.02060691222222,3.451,1.02058138527778,3.451,1.02890201722222,3.441
1.02088496611111,3.451,1.02085905583333,3.451,1.02918006166667,3.441
1.02116297777778,3.451,1.02113702388889,3.451,1.02945808722222,3.451
1.02144050111111,3.451,1.02141534916667,3.451,1.02973587055556,3.441
1.0217182925,3.451,1.0216928525,3.451,1.03001362,3.441
1.0219959,3.451,1.02197076138889,3.451,1.03029148,3.441
1.02227410027778,3.451,1.02224844555556,3.451,1.03056935027778,3.441
1.02255211166667,3.451,1.02252646555556,3.451,1.03084718333333,3.441
1.02282946055556,3.451,1.02280423416667,3.451,1.03112483166667,3.441
1.02310718305556,3.451,1.02308197194444,3.451,1.0314029175,3.441
1.02338528777778,3.451,1.02335982805556,3.451,1.03168028666667,3.451
1.02366277638889,3.451,1.02363740055556,3.451,1.03195846083333,3.441
1.02394112611111,3.451,1.02391554055556,3.451,1.03223604055556,3.441
1.02421913527778,3.451,1.02419320805556,3.451,1.03251425,3.451
1.02449716388889,3.451,1.02447103777778,3.451,1.03279213111111,3.441
1.02477471416667,3.451,1.02474885194444,3.451,1.03307006611111,3.441
1.02505259388889,3.451,1.0250265075,3.451,1.03334809305556,3.441
1.02533025305556,3.451,1.025304405,3.451,1.03362609361111,3.441
1.02560801916667,3.451,1.02558215888889,3.451,1.03390375444444,3.451
1.02588588138889,3.451,1.02585984611111,3.451,1.03418131611111,3.451
1.02616386611111,3.451,1.02613777861111,3.451,1.03445969416667,3.451
1.02644244111111,3.451,1.02641535944444,3.451,1.03473760277778,3.441
1.02672023138889,3.451,1.02669319027778,3.451,1.03501529166667,3.441
1.02699825972222,3.451,1.02697119583333,3.451,1.03529300055556,3.441
1.02727595944444,3.451,1.02724915333333,3.451,1.03557097083333,3.441
1.02755397388889,3.451,1.02752673888889,3.451,1.03584892166667,3.451
1.02783215583333,3.451,1.02780431055556,3.451,1.03612659972222,3.451
1.02811003194444,3.451,1.02808232833333,3.451,1.03640447,3.441
1.02838772,3.451,1.02836057305556,3.451,1.03668205888889,3.451
1.028665925,3.451,1.02863863166667,3.451,1.03696003888889,3.451
1.02894388055556,3.451,1.02891610305556,3.451,1.03723810083333,3.451
1.02922168,3.451,1.02919419722222,3.451,1.03751574527778,3.441
1.0294991175,3.451,1.02947203638889,3.451,1.03779380972222,3.451
1.02977696861111,3.451,1.02974957111111,3.451,1.03807159833333,3.441
1.03005518194444,3.451,1.03002799944444,3.451,1.03834965888889,3.441
1.03033310444444,3.451,1.03030591722222,3.451,1.03862760944444,3.441
1.03061073527778,3.451,1.03058391472222,3.451,1.0389051375,3.441
1.03088875583333,3.451,1.03086145722222,3.451,1.03918355444444,3.451
1.03116681083333,3.451,1.031139,3.451,1.03946101972222,3.451
1.03144489722222,3.451,1.03141717333333,3.451,1.03973874444444,3.451
1.03172217833333,3.451,1.03169485472222,3.451,1.04001674777778,3.451
1.03200030777778,3.451,1.03197263055556,3.451,1.04029440611111,3.441
1.03227846527778,3.451,1.0322511175,3.451,1.04057259527778,3.441
1.03255629805556,3.451,1.03252888638889,3.451,1.040850305,3.451
1.03283417194444,3.451,1.0328066975,3.451,1.04112807805556,3.451
1.0331117675,3.451,1.03308429861111,3.451,1.04140590833333,3.451
1.03339004861111,3.451,1.03336242666667,3.451,1.0416836225,3.451
1.03366790694444,3.451,1.03363981305556,3.451,1.04196155166667,3.451
1.03394570666667,3.451,1.03391829527778,3.451,1.04223914305556,3.441
1.03422410027778,3.451,1.03419613944444,3.451,1.04251733722222,3.441
1.03450151944444,3.451,1.03447436833333,3.451,1.042794995,3.451
1.03477922527778,3.451,1.03475210527778,3.451,1.04307303527778,3.451
1.03505721611111,3.451,1.03503000222222,3.451,1.04335083527778,3.441
1.03533516388889,3.451,1.03530759694444,3.451,1.04362857888889,3.441
1.03561324305556,3.451,1.03558577944444,3.451,1.04390651694444,3.441
1.03589151277778,3.451,1.0358636325,3.451,1.04418445527778,3.451
1.03616918277778,3.451,1.03614154805556,3.451,1.04446227722222,3.451
1.03644690027778,3.451,1.0364194625,3.451,1.04473971222222,3.451
1.03672464694444,3.451,1.03669728916667,3.451,1.04501763722222,3.441
1.03700270416667,3.451,1.03697533861111,3.451,1.04529538833333,3.451
1.03728056527778,3.451,1.03725293888889,3.451,1.04557330388889,3.451
1.03755839722222,3.451,1.03753075166667,3.451,1.04585084916667,3.451
1.037836115,3.451,1.03780869472222,3.451,1.04612855638889,3.441
1.03811415777778,3.451,1.03808692305556,3.451,1.0464068425,3.451
1.03839186833333,3.451,1.03836462138889,3.451,1.04668479277778,3.451
1.03866967194444,3.451,1.03864305805556,3.451,1.04696316944444,3.451
1.03894722694444,3.451,1.03892089055556,3.451,1.04724118166667,3.441
1.03922521722222,3.451,1.03919889472222,3.451,1.04751871694444,3.451
1.03950341277778,3.451,1.03947649194444,3.451,1.04779678222222,3.451
1.03978156361111,3.451,1.03975444166667,3.451,1.04807510888889,3.451
1.040059425,3.451,1.04003218,3.451,1.04835240111111,3.451
1.04033718944444,3.451,1.04031016222222,3.451,1.04863013611111,3.451
1.04061492111111,3.451,1.04058810722222,3.451,1.04890791388889,3.451
1.040892965,3.451,1.04086581555556,3.451,1.04918590666667,3.441
1.04117071861111,3.451,1.04114321027778,3.451,1.04946379194444,3.451
1.04144870638889,3.451,1.04142124805556,3.451,1.04974179694444,3.451
1.041726225,3.451,1.04169898111111,3.451,1.05001974194444,3.451
1.04200414111111,3.451,1.04197650361111,3.451,1.05029787527778,3.451
1.04228220055556,3.451,1.04225469083333,3.451,1.05057553638889,3.451
1.04256016361111,3.451,1.04253234166667,3.451,1.05085357722222,3.451
1.04283827277778,3.451,1.04281012583333,3.451,1.05113170083333,3.451
1.04311614222222,3.451,1.04308815277778,3.451,1.05140977861111,3.451
1.04339408388889,3.451,1.04336625138889,3.451,1.05168750888889,3.451
1.04367226694444,3.451,1.04364400611111,3.451,1.05196522416667,3.451
1.04395044333333,3.451,1.04392187333333,3.451,1.0522429925,3.451
1.04422791861111,3.451,1.04419971833333,3.451,1.05252071777778,3.451
1.04450557833333,3.451,1.04447728,3.451,1.05279890722222,3.451
1.04478364583333,3.451,1.04475504611111,3.451,1.05307697666667,3.451
1.04506122166667,3.451,1.04503306055556,3.451,1.05335511861111,3.451
1.04533909944444,3.451,1.04531092888889,3.451,1.05363272611111,3.451
1.04561703638889,3.451,1.04558849222222,3.461,1.05391086916667,3.451
1.04589466472222,3.451,1.0458667375,3.451,1.05418854194444,3.451
1.04617216305556,3.451,1.04614444583333,3.451,1.05446663944444,3.451
1.04645034972222,3.451,1.04642207944444,3.451,1.05474449444444,3.451
1.04672802416667,3.451,1.04669998888889,3.451,1.05502259611111,3.451
1.04700553194444,3.451,1.04697781416667,3.451,1.05530034416667,3.451
1.04728374333333,3.451,1.04725578555556,3.451,1.05557819861111,3.451
1.04756111611111,3.451,1.04753378611111,3.451,1.05585602305556,3.451
1.04783924083333,3.451,1.04781167111111,3.451,1.05613416944444,3.451
1.04811697083333,3.451,1.04808936222222,3.451,1.05641181444444,3.451
1.04839532972222,3.451,1.04836701583333,3.451,1.05668945166667,3.451
1.04867304166667,3.461,1.04864505611111,3.451,1.05696760444444,3.451
1.04895093388889,3.461,1.04892282527778,3.451,1.05724529472222,3.451
1.04922865833333,3.461,1.04920062027778,3.451,1.05752309333333,3.451
1.04950650527778,3.461,1.04947856444444,3.451,1.05780115555556,3.451
1.04978437277778,3.461,1.04975618388889,3.451,1.05807926611111,3.451
1.05006233333333,3.461,1.05003418055556,3.451,1.05835717055556,3.451
1.05033982361111,3.461,1.05031197611111,3.451,1.05863468916667,3.451
1.05061762527778,3.461,1.05058995222222,3.451,1.05891282194444,3.451
1.05089564027778,3.461,1.05086775583333,3.451,1.05919068805556,3.451
1.05117342027778,3.461,1.05114564305556,3.461,1.05946860111111,3.451
1.05145136166667,3.451,1.05142361388889,3.451,1.05974652333333,3.451
1.05172941555556,3.461,1.05170171277778,3.451,1.06002454805556,3.451
1.05200746361111,3.461,1.05197959111111,3.451,1.06030216694444,3.451
1.05228551444444,3.461,1.05225750277778,3.451,1.06058015666667,3.451
1.05256306222222,3.451,1.05253522611111,3.451,1.06085772194444,3.451
1.05284103694444,3.461,1.05281325222222,3.451,1.06113543833333,3.451
1.05311877944444,3.461,1.05309117416667,3.451,1.06141356388889,3.451
1.05339655833333,3.461,1.05336888583333,3.451,1.06169162944444,3.451
1.05367426027778,3.461,1.05364690194444,3.451,1.061969745,3.451
1.05395248416667,3.461,1.05392457722222,3.451,1.06224808666667,3.451
1.05423035555556,3.461,1.05420251083333,3.451,1.06252544416667,3.451
1.05450800388889,3.461,1.05448038444444,3.461,1.06280342722222,3.451
1.05478600361111,3.461,1.05475822638889,3.461,1.06308163111111,3.451
1.05506361333333,3.461,1.05503607472222,3.451,1.06335931472222,3.451
1.0553418175,3.461,1.05531371555556,3.451,1.06363763638889,3.451
1.05561940138889,3.461,1.05559154472222,3.451,1.06391534527778,3.451
1.05589714055556,3.461,1.05586945805556,3.461,1.06419302583333,3.451
1.05617490555556,3.461,1.05614720861111,3.461,1.06447091027778,3.451
1.05645277305556,3.461,1.05642480972222,3.451,1.06474879416667,3.451
1.05673036944444,3.461,1.0567029325,3.451,1.06502663444444,3.451
1.0570080775,3.461,1.05698125305556,3.451,1.06530475583333,3.451
1.05728620194444,3.461,1.05725936472222,3.461,1.06558269333333,3.451
1.05756394333333,3.461,1.0575375575,3.451,1.06586018388889,3.451
1.05784207611111,3.461,1.05781526888889,3.451,1.06613876527778,3.451
1.05811974694444,3.461,1.05809352972222,3.451,1.06641677222222,3.451
1.05839774972222,3.461,1.05837146361111,3.461,1.06669439,3.451
1.05867554472222,3.461,1.05864952638889,3.461,1.06697240333333,3.451
1.05895328416667,3.461,1.05892739972222,3.461,1.06725040916667,3.451
1.05923120916667,3.461,1.05920537777778,3.461,1.06752827305556,3.451
1.05950933083333,3.461,1.05948337638889,3.461,1.06780610305556,3.451
1.05978692416667,3.461,1.05976077083333,3.451,1.06808417777778,3.451
1.060065085,3.461,1.06003923861111,3.461,1.06836234361111,3.451
1.06034293388889,3.461,1.06031683333333,3.461,1.06863998416667,3.451
1.06062061722222,3.461,1.06059496333333,3.451,1.06891788805556,3.451
1.06089833,3.461,1.0608729425,3.451,1.06919595916667,3.451
1.06117617638889,3.461,1.06115106805556,3.461,1.06947349194444,3.451
1.06145389666667,3.461,1.06142880055556,3.461,1.06975147416667,3.451
1.061731955,3.461,1.06170646222222,3.451,1.07002951777778,3.451
1.06200998916667,3.461,1.06198427222222,3.451,1.07030723277778,3.451
1.06228817333333,3.461,1.06226200555556,3.461,1.0705854075,3.451
1.06256609166667,3.461,1.0625401675,3.451,1.07086332527778,3.451
1.06284388111111,3.461,1.06281792472222,3.461,1.07114091888889,3.451
1.06312178222222,3.461,1.06309605527778,3.461,1.07141881527778,3.451
1.06339957611111,3.461,1.0633737625,3.461,1.0716962625,3.451
1.06367734833333,3.461,1.06365202472222,3.451,1.0719743425,3.451
1.06395514638889,3.461,1.06392950305556,3.461,1.07225219777778,3.451
1.06423272833333,3.461,1.06420781055556,3.461,1.07253025277778,3.451
1.06451061888889,3.461,1.06448526527778,3.461,1.07280786138889,3.451
1.06478836666667,3.461,1.06476347444444,3.461,1.07308572583333,3.451
1.06506606222222,3.461,1.06504145777778,3.461,1.07336346694444,3.451
1.06534393666667,3.461,1.06531896611111,3.461,1.07364132611111,3.451
1.06562190083333,3.461,1.06559668722222,3.461,1.073919045,3.451
1.06590002833333,3.461,1.065874715,3.461,1.07419701527778,3.451
1.06617782277778,3.461,1.06615243,3.461,1.07447489027778,3.451
1.06645551305556,3.461,1.06643031138889,3.461,1.07475259722222,3.451
1.0667331775,3.461,1.06670841611111,3.461,1.07503055888889,3.451
1.0670111525,3.461,1.0669864425,3.461,1.07530819444444,3.451
1.06728892194444,3.461,1.06726420444444,3.461,1.07558617277778,3.451
1.06756665166667,3.461,1.06754215222222,3.461,1.07586382833333,3.451
1.06784454888889,3.461,1.06782038388889,3.461,1.07614181527778,3.451
1.06812227972222,3.461,1.06809804722222,3.461,1.07641968555556,3.451
1.06840007222222,3.461,1.06837588027778,3.461,1.07669798666667,3.451
1.06867748027778,3.461,1.06865392555556,3.461,1.07697579416667,3.451
1.06895550333333,3.461,1.06893152944444,3.461,1.07725366888889,3.451
1.06923335583333,3.461,1.06920959166667,3.461,1.07753133,3.451
1.06951149,3.461,1.06948753416667,3.461,1.07780950333333,3.451
1.06978884027778,3.461,1.0697655625,3.461,1.07808721472222,3.451
1.0700674075,3.461,1.07004337027778,3.461,1.07836509138889,3.451
1.07034529666667,3.461,1.07032130361111,3.461,1.07864312277778,3.451
1.07062272055556,3.461,1.07059922388889,3.461,1.07892071277778,3.451
1.07090089583333,3.461,1.07087714027778,3.461,1.07919855361111,3.451
1.07117845972222,3.461,1.07115505611111,3.461,1.07947661416667,3.451
1.07145648722222,3.472,1.07143314111111,3.461,1.07975473,3.451
1.07173429666667,3.461,1.07171095666667,3.461,1.08003258138889,3.451
1.07201201555556,3.461,1.07198905805556,3.461,1.08031047277778,3.451
1.07228995277778,3.461,1.07226709333333,3.461,1.08058825861111,3.451
1.07256751333333,3.461,1.072544595,3.461,1.08086570805556,3.451
1.0728451875,3.461,1.07282231666667,3.461,1.08114413694444,3.451
1.07312307777778,3.461,1.07310040166667,3.461,1.08142160805556,3.451
1.07340103944444,3.461,1.07337820861111,3.461,1.08169972944444,3.451
1.07367891833333,3.472,1.073655935,3.461,1.08197775444444,3.451
1.07395691333333,3.461,1.07393429472222,3.461,1.08225547333333,3.451
1.0742344625,3.472,1.07421228888889,3.461,1.08253346388889,3.451
1.07451268666667,3.472,1.07449024861111,3.461,1.08281123666667,3.451
1.07479048861111,3.461,1.07476811944444,3.461,1.08308902166667,3.451
1.07506820833333,3.472,1.07504613277778,3.461,1.08336703027778,3.451
1.07534615277778,3.461,1.07532374944444,3.461,1.08364516611111,3.451
1.07562380194444,3.472,1.07560158694444,3.461,1.08392277694444,3.451
1.07590173305556,3.461,1.07587932638889,3.461,1.08420076388889,3.451
1.07617978583333,3.461,1.07615737055556,3.461,1.084478775,3.451
1.07645791444444,3.472,1.07643548972222,3.461,1.08475660805556,3.451
1.07673553444444,3.472,1.07671323805556,3.461,1.08503442777778,3.451
1.07701345055556,3.472,1.07699111027778,3.461,1.08531216138889,3.451
1.07729097611111,3.472,1.07726844138889,3.461,1.08558967805556,3.451
1.07756867472222,3.472,1.07754655111111,3.461,1.08586740277778,3.451
1.07784660833333,3.472,1.07782469555556,3.461,1.08614562777778,3.451
1.07812415083333,3.472,1.07810244611111,3.461,1.08642326972222,3.451
1.07840245416667,3.472,1.07838027444444,3.461,1.08670122083333,3.451
1.07868046944444,3.472,1.07865804666667,3.461,1.08697929027778,3.451
1.07895828,3.472,1.07893570361111,3.461,1.08725722472222,3.451
1.07923615777778,3.472,1.07921389972222,3.461,1.08753473138889,3.451
1.07951390416667,3.472,1.07949172055556,3.461,1.08781285055556,3.451
1.07979208638889,3.472,1.07976932472222,3.461,1.08809090861111,3.451
1.08006996861111,3.472,1.08004707972222,3.461,1.08836872944444,3.451
1.08034814861111,3.472,1.08032507111111,3.461,1.0886470625,3.451
1.08062582972222,3.472,1.08060266666667,3.461,1.08892485277778,3.461
1.08090386,3.472,1.08088072,3.461,1.0892026725,3.451
1.0811818275,3.472,1.08115851222222,3.461,1.08948066722222,3.451
1.08145986722222,3.472,1.08143646277778,3.461,1.08975835277778,3.451
1.08173811388889,3.472,1.08171426944444,3.461,1.09003616666667,3.451
1.08201590333333,3.472,1.08199208694444,3.461,1.09031405722222,3.451
1.0822932725,3.472,1.08226969861111,3.461,1.09059176777778,3.451
1.08257143416667,3.472,1.08254761027778,3.461,1.09086963222222,3.451
1.08284937611111,3.472,1.08282553305556,3.461,1.09114750777778,3.451
1.08312745666667,3.472,1.08310321166667,3.461,1.09142566944444,3.451
1.08340524611111,3.472,1.08338098083333,3.461,1.0917031825,3.461
1.08368315805556,3.472,1.08365889666667,3.461,1.09198138194444,3.451
1.08396052888889,3.472,1.08393657027778,3.461,1.09225904388889,3.451
1.08423840166667,3.472,1.08421432666667,3.461,1.09253679805556,3.451
1.08451652916667,3.472,1.08449201555556,3.461,1.09281465277778,3.461
1.08479429583333,3.472,1.0847697975,3.461,1.09309256944444,3.451
1.08507250277778,3.472,1.08504731555556,3.461,1.09337022,3.451
1.08535040027778,3.472,1.08532510138889,3.461,1.09364795055556,3.451
1.08562800083333,3.472,1.08560320888889,3.461,1.09392542027778,3.461
1.08590613638889,3.472,1.08588084305556,3.461,1.09420371361111,3.451
1.08618389638889,3.472,1.08615842361111,3.461,1.09448138027778,3.461
1.08646212583333,3.472,1.08643632722222,3.461,1.094759535,3.461
1.08673969472222,3.472,1.08671469805556,3.461,1.09503730111111,3.461
1.08701750861111,3.472,1.08699230083333,3.461,1.09531500333333,3.451
1.08729554805556,3.472,1.08726986833333,3.461,1.09559313166667,3.461
1.08757330166667,3.472,1.08754815944444,3.461,1.09587103222222,3.451
1.08785128111111,3.472,1.08782628472222,3.461,1.09614877388889,3.461
1.08812915833333,3.472,1.08810402027778,3.461,1.09642712111111,3.461
1.08840713222222,3.472,1.08838195833333,3.461,1.0967049925,3.461
1.08868508083333,3.472,1.08865956138889,3.461,1.09698291416667,3.461
1.08896324861111,3.472,1.08893759805556,3.461,1.09726070166667,3.451
1.08924083138889,3.472,1.08921552111111,3.461,1.09753854416667,3.451
1.08951882472222,3.472,1.08949317027778,3.461,1.09781647,3.451
1.08979667361111,3.472,1.08977137388889,3.461,1.09809472888889,3.451
1.09007451944444,3.472,1.0900490625,3.461,1.09837225083333,3.461
1.09035271194444,3.472,1.09032677472222,3.461,1.09865019861111,3.461
1.09063060194444,3.482,1.09060484861111,3.461,1.09892809444444,3.461
1.09090808194444,3.482,1.09088308305556,3.461,1.09920556277778,3.461
1.09118604416667,3.472,1.09116076027778,3.461,1.0994832725,3.451
1.09146397722222,3.482,1.09143866472222,3.461,1.09976114444444,3.461
1.09174174305556,3.482,1.0917166975,3.461,1.10003897055556,3.461
1.09201943,3.472,1.09199422083333,3.472,1.10031727361111,3.461
1.09229722083333,3.482,1.09227213555556,3.461,1.10059503944444,3.461
1.09257501361111,3.482,1.09254985611111,3.461,1.10087262472222,3.461
1.09285312027778,3.482,1.09282785027778,3.472,1.101150505,3.461
1.09313143722222,3.472,1.09310590138889,3.461,1.10142862638889,3.461
1.09340949694444,3.482,1.09338385805556,3.461,1.10170645888889,3.461
1.093687435,3.472,1.09366173833333,3.461,1.10198414305556,3.461
1.09396522833333,3.482,1.09393975027778,3.472,1.10226200416667,3.461
1.09424321,3.482,1.09421731833333,3.472,1.10253938222222,3.461
1.09452061416667,3.482,1.09449527583333,3.461,1.10281762888889,3.461
1.094798775,3.482,1.09477307166667,3.461,1.10309595888889,3.461
1.09507665277778,3.482,1.09505090361111,3.461,1.10337373416667,3.461
1.0953542225,3.482,1.09532886277778,3.461,1.10365149277778,3.461
1.09563216277778,3.482,1.09560628861111,3.461,1.10392914361111,3.461
1.09590966277778,3.482,1.09588428,3.472,1.10420705416667,3.461
1.09618795472222,3.482,1.09616232138889,3.461,1.10448510555556,3.461
1.09646579361111,3.482,1.09644023194444,3.461,1.10476289805556,3.461
1.09674396111111,3.482,1.09671783361111,3.461,1.10504079944444,3.461
1.09702171194444,3.482,1.09699600388889,3.461,1.10531867666667,3.461
1.09729963722222,3.482,1.09727372027778,3.472,1.10559673111111,3.461
1.09757712222222,3.482,1.09755187027778,3.461,1.1058744125,3.461
1.09785526027778,3.482,1.097829545,3.472,1.106152095,3.461
1.09813301666667,3.482,1.09810734138889,3.472,1.10643022444444,3.461
1.09841124972222,3.482,1.09838511944444,3.472,1.10670795277778,3.461
1.09868892694444,3.482,1.09866314666667,3.472,1.10698597055556,3.461
1.09896667305556,3.482,1.09894091527778,3.472,1.10726402611111,3.461
1.0992445475,3.482,1.09921854611111,3.461,1.10754167722222,3.461
1.0995221675,3.482,1.09949619305556,3.472,1.10781946833333,3.451
1.09980035416667,3.482,1.09977424083333,3.472,1.10809739416667,3.461
1.100078165,3.482,1.10005198333333,3.472,1.10837522055556,3.461
1.10035631,3.482,1.10032960583333,3.461,1.10865296527778,3.461
1.10063417055556,3.482,1.10060742694444,3.472,1.10893074916667,3.461
1.10091208638889,3.482,1.10088576416667,3.472,1.10920849555556,3.461
1.10118999666667,3.482,1.10116361361111,3.472,1.10948610833333,3.461
1.10146778305556,3.482,1.10144155666667,3.472,1.10976438444444,3.461
1.10174543388889,3.482,1.10171919916667,3.472,1.11004255666667,3.461
1.102023415,3.482,1.10199724583333,3.472,1.11032066138889,3.461
1.10230136527778,3.482,1.10227530833333,3.472,1.1105988225,3.461
1.10257934916667,3.482,1.10255333333333,3.472,1.1108765875,3.461
1.10285697083333,3.482,1.10283141611111,3.461,1.11115478527778,3.461
1.10313492833333,3.482,1.10310945583333,3.472,1.11143286138889,3.461
1.10341263527778,3.482,1.10338722277778,3.472,1.11171060027778,3.461
1.10369026111111,3.482,1.10366461972222,3.472,1.1119883525,3.461
1.10396851805556,3.482,1.103943015,3.472,1.11226678194444,3.461
1.1042465525,3.482,1.10422067833333,3.472,1.11254438416667,3.461
1.10452418638889,3.482,1.10449851722222,3.472,1.11282224361111,3.461
1.10480241805556,3.482,1.10477638805556,3.472,1.11310018916667,3.461
1.10508064555556,3.482,1.10505412888889,3.472,1.11337779138889,3.461
1.10535831111111,3.482,1.10533181472222,3.472,1.11365596583333,3.461
1.10563608527778,3.482,1.10560975111111,3.472,1.11393387361111,3.461
1.10591395083333,3.482,1.10588736388889,3.472,1.11421179055556,3.461
1.10619160527778,3.482,1.10616592027778,3.472,1.11448943888889,3.461
1.10646951833333,3.482,1.10644352611111,3.472,1.11476719472222,3.461
1.10674699611111,3.482,1.10672146694444,3.472,1.11504537805556,3.461
1.10702499722222,3.482,1.10699905222222,3.472,1.11532301388889,3.461
1.10730252777778,3.482,1.107277255,3.472,1.11560116555556,3.461
1.10758082833333,3.482,1.10755497388889,3.472,1.11587853166667,3.461
1.10785828638889,3.482,1.10783297861111,3.472,1.11615653916667,3.461
1.10813673638889,3.482,1.108110815,3.472,1.11643447833333,3.461
1.10841447777778,3.482,1.10838880722222,3.472,1.116712155,3.461
1.10869224861111,3.492,1.10866669055556,3.472,1.11698969194444,3.461
1.10896996,3.492,1.10894403194444,3.472,1.11726805833333,3.461
1.10924788527778,3.492,1.10922228138889,3.472,1.11754545972222,3.461
1.10952528305556,3.482,1.10950007527778,3.472,1.11782363,3.461
1.1098035175,3.492,1.10977802666667,3.472,1.11810125805556,3.461
1.11008132472222,3.492,1.11005570333333,3.472,1.1183791275,3.461
1.11035929361111,3.482,1.11033360361111,3.472,1.11865711111111,3.461
1.11063693166667,3.482,1.11061107277778,3.472,1.11893483472222,3.461
1.11091475944444,3.482,1.11088900444444,3.472,1.11921277222222,3.461
1.11119240166667,3.492,1.11116704611111,3.472,1.11949056916667,3.461
1.11147029833333,3.482,1.11144453222222,3.472,1.11976832333333,3.461
1.11174828472222,3.482,1.11172290583333,3.472,1.1200459925,3.461
1.11202620805556,3.492,1.11200052361111,3.472,1.12032410444444,3.461
1.11230396583333,3.492,1.11227889833333,3.472,1.12060188305556,3.461
1.1125820225,3.492,1.11255676194444,3.472,1.12087953194444,3.461
1.11285989111111,3.492,1.11283449833333,3.472,1.12115737583333,3.461
1.11313752055556,3.492,1.11311241888889,3.472,1.12143539666667,3.461
1.11341534722222,3.482,1.11339054388889,3.472,1.12171302277778,3.461
1.11369374194444,3.492,1.11366812972222,3.472,1.12199075777778,3.461
1.11397133805556,3.492,1.113945855,3.472,1.12226852055556,3.461
1.11424928305556,3.492,1.11422359555556,3.472,1.12254664583333,3.461
1.11452687944444,3.492,1.11450163527778,3.472,1.12282470277778,3.461
1.11480461333333,3.492,1.11477959138889,3.472,1.12310236861111,3.461
1.11508241527778,3.492,1.11505731861111,3.472,1.12338071472222,3.461
1.11536035972222,3.492,1.11533497388889,3.482,1.12365860861111,3.461
1.11563782388889,3.492,1.11561319472222,3.472,1.12393601305556,3.461
1.11591572,3.492,1.11589110611111,3.482,1.12421397444444,3.461
1.11619347055556,3.492,1.11616922722222,3.482,1.12449175555556,3.461
1.11647111472222,3.492,1.11644700138889,3.472,1.12476962361111,3.461
1.11674920944444,3.492,1.11672488777778,3.472,1.12504724333333,3.461
1.11702713472222,3.492,1.11700266444444,3.472,1.125325395,3.461
1.11730481666667,3.492,1.11728079388889,3.482,1.12560331916667,3.472
1.11758239444444,3.492,1.11755884777778,3.472,1.12588137527778,3.461
1.11786027472222,3.492,1.11783672472222,3.472,1.12615926888889,3.461
1.11813812833333,3.492,1.11811498555556,3.482,1.12643688361111,3.461
1.11841600527778,3.492,1.11839233138889,3.472,1.12671499083333,3.461
1.11869394638889,3.492,1.11867073388889,3.472,1.12699269527778,3.461
1.11897187638889,3.492,1.11894852333333,3.472,1.12727049138889,3.461
1.11924982833333,3.492,1.119226495,3.472,1.12754861416667,3.461
1.11952727138889,3.492,1.11950434305556,3.472,1.12782666722222,3.461
1.11980526666667,3.492,1.11978254694444,3.472,1.12810455555556,3.461
1.12008307916667,3.492,1.12006060944444,3.472,1.12838244583333,3.461
1.12036087333333,3.492,1.12033828805556,3.482,1.12866044333333,3.461
1.12063880694444,3.492,1.12061611277778,3.472,1.12893811694444,3.461
1.12091636277778,3.492,1.12089407888889,3.472,1.12921603138889,3.461
1.12119437138889,3.492,1.12117220666667,3.482,1.12949388472222,3.461
1.1214722575,3.492,1.12144993138889,3.472,1.12977136916667,3.461
1.121749695,3.492,1.12172778555556,3.482,1.13004973972222,3.461
1.12202818833333,3.492,1.12200540194444,3.482,1.13032757361111,3.461
1.12230628027778,3.492,1.12228357888889,3.482,1.13060529305556,3.461
1.12258408777778,3.492,1.12256120444444,3.472,1.13088315361111,3.461
1.12286206111111,3.492,1.12283917305556,3.472,1.13116157138889,3.461
1.12313972416667,3.492,1.12311702527778,3.482,1.13143950916667,3.461
1.12341748944444,3.492,1.12339499333333,3.482,1.13171716888889,3.461
1.12369534277778,3.492,1.12367264611111,3.482,1.13199512972222,3.472
1.12397274916667,3.492,1.1239505825,3.482,1.13227248972222,3.472
1.12425082166667,3.492,1.12422869722222,3.482,1.13255046583333,3.461
1.12452862694444,3.492,1.12450676638889,3.482,1.13282829055556,3.461
1.12480671194444,3.492,1.12478440388889,3.472,1.13310580138889,3.461
1.12508469083333,3.492,1.12506242916667,3.482,1.13338381833333,3.472
1.12536246083333,3.492,1.12534048777778,3.482,1.13366160194444,3.461
1.12564017166667,3.492,1.12561824361111,3.482,1.13393936722222,3.461
1.12591810527778,3.492,1.12589605194444,3.482,1.13421719666667,3.472
1.12619593305556,3.492,1.12617383111111,3.482,1.13449490944444,3.472
1.12647351888889,3.492,1.1264515975,3.482,1.13477305194444,3.461
1.12675137,3.492,1.12672907583333,3.482,1.13505077861111,3.461
1.12702918527778,3.492,1.1270069775,3.482,1.13532880277778,3.472
1.12730702333333,3.492,1.127284885,3.482,1.13560675888889,3.461
1.12758512138889,3.502,1.12756256694444,3.482,1.13588450055556,3.472
1.12786329555556,3.492,1.12784068583333,3.482,1.13616200055556,3.472
1.12814083666667,3.492,1.12811858416667,3.482,1.13644007944444,3.461
1.12841854111111,3.492,1.12839648722222,3.482,1.1367181625,3.461
1.12869626694444,3.492,1.12867434694444,3.482,1.136995805,3.461
1.12897433666667,3.492,1.12895207111111,3.482,1.13727395027778,3.461
1.12925210055556,3.492,1.12922996805556,3.482,1.13755215416667,3.472
1.12953021416667,3.492,1.12950812305556,3.482,1.13782983333333,3.461
1.12980819527778,3.492,1.12978584388889,3.482,1.13810756944444,3.461
1.13008557888889,3.502,1.13006369138889,3.482,1.13838543527778,3.472
1.13036358194444,3.502,1.13034135055556,3.482,1.13866308583333,3.461
1.1306414525,3.502,1.13061910138889,3.482,1.13894105972222,3.472
1.13091886944444,3.502,1.13089705166667,3.482,1.13921895361111,3.472
1.13119697388889,3.502,1.13117484527778,3.482,1.13949667777778,3.461
1.1314747875,3.502,1.13145237222222,3.482,1.13977456694444,3.472
1.13175280944444,3.492,1.13173057,3.482,1.14005283833333,3.472
1.13203086083333,3.502,1.13200804388889,3.482,1.14033025944444,3.461
1.1323085675,3.502,1.1322864425,3.482,1.14060838361111,3.472
1.13258631888889,3.502,1.13256375944444,3.482,1.14088599944444,3.472
1.13286419472222,3.502,1.13284173222222,3.482,1.14116411166667,3.472
1.13314230277778,3.502,1.13311978833333,3.482,1.14144214805556,3.461
1.133420045,3.502,1.13339742916667,3.482,1.14171991944444,3.472
1.13369804444444,3.502,1.13367525138889,3.482,1.14199770361111,3.472
1.1339759375,3.502,1.13395288416667,3.482,1.14227535666667,3.472
1.13425334638889,3.502,1.13423098972222,3.482,1.14255367944444,3.472
1.1345316025,3.502,1.13450915527778,3.482,1.14283116916667,3.472
1.13480981805556,3.502,1.13478724333333,3.482,1.14310912972222,3.472
1.13508748472222,3.502,1.13506489166667,3.482,1.14338684833333,3.472
1.1353653475,3.502,1.13534265388889,3.482,1.14366474666667,3.472
1.13564273416667,3.502,1.13562034472222,3.482,1.14394242166667,3.472
1.13592119166667,3.502,1.13589787777778,3.482,1.14422020861111,3.472
1.13619881555556,3.502,1.13617637361111,3.482,1.1444979375,3.472
1.13647666055556,3.502,1.13645403722222,3.482,1.14477551138889,3.472
1.13675468277778,3.502,1.13673172805556,3.482,1.14505354888889,3.472
1.13703275666667,3.502,1.13700926805556,3.482,1.14533103833333,3.472
1.13731094638889,3.502,1.13728748833333,3.482,1.14560879611111,3.472
1.13758853694444,3.502,1.13756509111111,3.482,1.14588694083333,3.472
1.13786659638889,3.502,1.13784320527778,3.482,1.1461645825,3.472
1.13814439,3.502,1.13812089861111,3.482,1.14644246305556,3.472
1.13842202777778,3.502,1.13839849027778,3.482,1.14672037638889,3.472
1.138700005,3.502,1.13867680666667,3.482,1.14699826555556,3.472
1.13897807194444,3.502,1.13895455083333,3.482,1.14727610944444,3.472
1.13925612916667,3.502,1.1392325925,3.482,1.14755435388889,3.472
1.13953388694444,3.502,1.13950983861111,3.482,1.14783201388889,3.472
1.13981183277778,3.502,1.13978820972222,3.482,1.14810991722222,3.472
1.14008970083333,3.502,1.14006620527778,3.482,1.14838812083333,3.472
1.14036791638889,3.502,1.14034421138889,3.482,1.14866570333333,3.472
1.14064607916667,3.502,1.14062197166667,3.482,1.14894390138889,3.472
1.14092415277778,3.502,1.14090003833333,3.482,1.14922187111111,3.472
1.14120169,3.502,1.141177625,3.482,1.14949975888889,3.472
1.14147977138889,3.502,1.14145561361111,3.482,1.14977752555556,3.472
1.1417574725,3.502,1.14173345361111,3.482,1.150055675,3.472
1.1420351325,3.502,1.14201127194444,3.482,1.15033355916667,3.472
1.14231281305556,3.502,1.14228918361111,3.482,1.15061169333333,3.472
1.14259051388889,3.502,1.14256709111111,3.482,1.15088971916667,3.472
1.142868395,3.502,1.14284508472222,3.482,1.15116746055556,3.472
1.14314648111111,3.502,1.143123295,3.482,1.15144506555556,3.472
1.14342420777778,3.502,1.14340116388889,3.482,1.15172304694444,3.472
1.14370201527778,3.502,1.14367901805556,3.482,1.15200080333333,3.472
1.14398004388889,3.502,1.14395686222222,3.482,1.15227852,3.472
1.14425772805556,3.502,1.14423458666667,3.482,1.152556715,3.472
1.14453557944444,3.502,1.14451256166667,3.482,1.15283452305556,3.472
1.14481337861111,3.512,1.14479050722222,3.482,1.15311231277778,3.472
1.1450912875,3.512,1.14506840916667,3.482,1.15339021416667,3.472
1.14536960611111,3.502,1.1453461125,3.482,1.15366839083333,3.472
1.14564733305556,3.502,1.14562416055556,3.482,1.15394622083333,3.472
1.14592479444444,3.502,1.14590229444444,3.482,1.15422399055556,3.482
1.14620251416667,3.512,1.14618030277778,3.482,1.15450166638889,3.472
1.14648041888889,3.512,1.14645784361111,3.482,1.15477972527778,3.472
1.14675826416667,3.502,1.14673545222222,3.492,1.15505787805556,3.472
1.14703581194444,3.512,1.14701361888889,3.492,1.15533549611111,3.472
1.14731396916667,3.502,1.14729109833333,3.492,1.15561333361111,3.472
1.14759242166667,3.512,1.14756929111111,3.482,1.15589166972222,3.472
1.14787039333333,3.512,1.14784684111111,3.482,1.15616928777778,3.472
1.14814809388889,3.512,1.14812493583333,3.482,1.15644716111111,3.472
1.14842597083333,3.512,1.14840279916667,3.482,1.15672500305556,3.472
1.14870380583333,3.512,1.14868040972222,3.482,1.15700291833333,3.482
1.14898153666667,3.512,1.14895853472222,3.482,1.1572806125,3.482
1.14925899944444,3.512,1.14923645222222,3.492,1.15755891888889,3.482
1.149536875,3.512,1.14951461722222,3.492,1.15783665027778,3.482
1.14981456611111,3.512,1.14979242611111,3.482,1.15811446472222,3.472
1.15009259472222,3.512,1.15007009722222,3.492,1.15839227638889,3.472
1.15037041166667,3.512,1.15034804888889,3.492,1.15867022527778,3.472
1.15064788555556,3.512,1.15062586083333,3.492,1.15894833861111,3.472
1.15092578055556,3.512,1.15090377,3.492,1.15922619861111,3.472
1.15120367111111,3.512,1.15118164527778,3.492,1.15950400166667,3.482
1.15148141388889,3.512,1.15145934333333,3.482,1.15978176777778,3.482
1.15175934805556,3.512,1.151737335,3.492,1.16006009444444,3.472
1.15203753972222,3.512,1.15201503166667,3.482,1.16033784916667,3.472
1.1523156625,3.512,1.15229309472222,3.492,1.16061594583333,3.472
1.15259304305556,3.512,1.15257088305556,3.492,1.1608939525,3.482
1.15287104388889,3.512,1.15284900722222,3.492,1.1611716,3.482
1.15314912333333,3.512,1.15312696638889,3.492,1.16144958194444,3.472
1.15342723666667,3.512,1.15340469666667,3.492,1.16172736666667,3.482
1.15370497277778,3.512,1.15368267555556,3.492,1.16200508361111,3.482
1.15398309444444,3.512,1.15396081305556,3.492,1.1622828225,3.482
1.15426071777778,3.512,1.15423896527778,3.492,1.16256062333333,3.482
1.15453878111111,3.512,1.15451674916667,3.492,1.16283870777778,3.482
1.15481615833333,3.512,1.15479470166667,3.492,1.16311649916667,3.482
1.15509435333333,3.512,1.15507285111111,3.492,1.16339451166667,3.472
1.15537210666667,3.512,1.15535071138889,3.492,1.16367257916667,3.482
1.15564985333333,3.512,1.15562857944444,3.492,1.16395059722222,3.482
1.15592750861111,3.512,1.15590619888889,3.492,1.16422843611111,3.482
1.15620543,3.512,1.15618400722222,3.492,1.16450632916667,3.482
1.15648332444444,3.512,1.15646176972222,3.492,1.16478406222222,3.482
1.15676123722222,3.512,1.15673952083333,3.492,1.16506196055556,3.482
1.15703889055556,3.512,1.15701730861111,3.492,1.16533968777778,3.482
1.15731665805556,3.512,1.15729528277778,3.492,1.16561777388889,3.472
1.1575947075,3.512,1.15757281138889,3.492,1.165895745,3.472
1.15787259305556,3.512,1.15785118083333,3.492,1.16617361166667,3.482
1.15815064444444,3.512,1.15812859611111,3.492,1.16645152194444,3.482
1.15842828777778,3.512,1.158406705,3.492,1.16672943916667,3.482
1.1587060725,3.512,1.15868454888889,3.492,1.16700753583333,3.472
1.15898421611111,3.512,1.15896204861111,3.492,1.16728524527778,3.482
1.159262125,3.512,1.15924020222222,3.492,1.16756308833333,3.482
1.15953984666667,3.523,1.15951814277778,3.492,1.16784097222222,3.482
1.15981746166667,3.512,1.15979635777778,3.492,1.16811911861111,3.482
1.16009508972222,3.512,1.16007423916667,3.492,1.16839693138889,3.482
1.16037315611111,3.512,1.1603523175,3.492,1.16867483972222,3.482
1.16065083944444,3.523,1.16063024388889,3.492,1.16895237166667,3.482
1.16092853611111,3.512,1.16090807166667,3.492,1.16923025416667,3.482
1.16120662972222,3.523,1.16118581555556,3.492,1.16950802611111,3.482
1.16148475083333,3.512,1.16146394,3.492,1.16978574222222,3.482
1.16176245305556,3.523,1.16174190722222,3.492,1.17006351055556,3.482
1.16204041944444,3.523,1.16201975916667,3.492,1.17034160944444,3.482
1.16231807027778,3.512,1.16229723611111,3.492,1.17061980583333,3.482
1.16259567027778,3.512,1.1625754175,3.492,1.17089785361111,3.482
1.16287352555556,3.523,1.16285356333333,3.492,1.17117589222222,3.482
1.1631511875,3.523,1.16313120388889,3.492,1.17145373138889,3.482
1.16342955638889,3.523,1.16340882916667,3.492,1.17173130805556,3.482
1.16370696083333,3.523,1.16368663166667,3.492,1.17200946,3.482
1.16398508388889,3.523,1.16396440833333,3.492,1.17228753694444,3.482
1.1642627825,3.523,1.16424231305556,3.492,1.17256532916667,3.482
1.16454053972222,3.523,1.16452058944444,3.492,1.172843265,3.482
1.16481906416667,3.523,1.16479803222222,3.492,1.17312121333333,3.482
1.16509694805556,3.523,1.16507589944444,3.492,1.17339877444444,3.482
1.16537479472222,3.523,1.16535381916667,3.492,1.17367694722222,3.482
1.16565226194444,3.523,1.16563194611111,3.492,1.17395506555556,3.482
1.16593038472222,3.523,1.16590966666667,3.492,1.17423296694444,3.482
1.16620818694444,3.523,1.16618753916667,3.492,1.17451073527778,3.482
1.16648551583333,3.523,1.16646491166667,3.492,1.1747884075,3.482
1.16676378194444,3.523,1.16674290444444,3.492,1.17506606916667,3.482
1.16704209611111,3.523,1.16702093527778,3.492,1.17534378333333,3.482
1.16731995,3.523,1.16729895388889,3.492,1.17562192527778,3.482
1.16759805277778,3.523,1.16757705638889,3.492,1.17589987,3.482
1.16787601138889,3.523,1.1678547,3.492,1.17617784222222,3.482
1.16815339305556,3.523,1.16813260138889,3.492,1.17645516194444,3.482
1.16843110305556,3.523,1.16841054111111,3.492,1.17673359222222,3.482
1.16870898833333,3.523,1.1686881125,3.492,1.17701097111111,3.482
1.1689870775,3.523,1.16896579222222,3.492,1.17728877694444,3.482
1.16926481444444,3.523,1.16924383944444,3.492,1.17756700138889,3.482
1.16954293638889,3.523,1.16952123388889,3.492,1.17784463666667,3.482
1.16982063305556,3.523,1.16979942944444,3.492,1.17812276916667,3.482
1.17009835277778,3.523,1.17007697222222,3.492,1.17840075888889,3.482
1.17037637722222,3.523,1.17035472555556,3.492,1.17867830361111,3.482
1.17065434888889,3.523,1.17063272361111,3.492,1.17895606888889,3.482
1.17093164111111,3.523,1.17091063944444,3.492,1.17923404083333,3.482
1.17120982333333,3.523,1.17118815805556,3.492,1.17951157777778,3.482
1.17148787305556,3.523,1.17146669333333,3.492,1.17978967777778,3.482
1.17176565666667,3.523,1.17174429583333,3.492,1.18006746138889,3.482
1.17204319388889,3.523,1.17202256,3.492,1.18034560472222,3.482
1.17232122972222,3.533,1.17230034444444,3.492,1.18062329888889,3.482
1.17259914111111,3.523,1.17257786,3.492,1.18090128305556,3.482
1.17287687083333,3.523,1.17285579138889,3.492,1.18117916916667,3.482
1.17315447055556,3.523,1.17313358055556,3.492,1.18145699027778,3.482
1.17343225138889,3.523,1.17341172638889,3.492,1.18173487333333,3.482
1.17371036027778,3.523,1.17368923111111,3.492,1.18201305111111,3.482
1.17398805944444,3.533,1.17396725861111,3.492,1.18229049055556,3.482
1.17426584638889,3.523,1.17424473444444,3.492,1.18256858805556,3.482
1.17454382083333,3.533,1.17452305,3.492,1.18284675277778,3.482
1.17482196833333,3.533,1.17480089722222,3.492,1.18312464083333,3.482
1.175099755,3.523,1.17507864166667,3.492,1.18340233805556,3.482
1.17537787777778,3.533,1.17535681111111,3.502,1.1836803225,3.482
1.17565597916667,3.523,1.17563492444444,3.492,1.18395841138889,3.482
1.17593383555556,3.533,1.17591262277778,3.492,1.18423621611111,3.482
1.17621140527778,3.533,1.17619044111111,3.492,1.1845139575,3.492
1.17648950861111,3.533,1.17646820055556,3.492,1.18479169166667,3.482
1.17676742222222,3.523,1.17674597972222,3.492,1.18506936361111,3.482
1.177045635,3.533,1.17702377861111,3.502,1.18534749027778,3.492
1.17732334111111,3.533,1.17730147722222,3.492,1.18562539638889,3.482
1.17760109638889,3.533,1.17757924527778,3.502,1.18590344805556,3.482
1.17787886055556,3.533,1.17785709583333,3.502,1.18618115694444,3.482
1.17815722333333,3.523,1.17813508361111,3.502,1.18645875333333,3.482
1.17843524555556,3.533,1.17841288666667,3.502,1.18673658194444,3.482
1.1787134475,3.533,1.17869076972222,3.502,1.18701463472222,3.492
1.17899109083333,3.533,1.17896845777778,3.502,1.18729248388889,3.482
1.17926917777778,3.533,1.17924627222222,3.502,1.18757061611111,3.482
1.1795470275,3.533,1.17952400833333,3.502,1.18784844694444,3.482
1.17982499944444,3.533,1.17980198416667,3.502,1.18812626888889,3.482
1.18010287888889,3.533,1.18007980166667,3.502,1.18840409,3.492
1.18038047638889,3.533,1.18035812666667,3.492,1.18868176361111,3.482
1.18065835416667,3.533,1.18063592083333,3.502,1.18895997027778,3.492
1.18093653555556,3.533,1.18091379722222,3.502,1.18923771416667,3.492
1.18121454694444,3.533,1.18119150277778,3.502,1.1895156875,3.482
1.18149231027778,3.533,1.18146946527778,3.502,1.18979362722222,3.492
1.18177001,3.533,1.18174752805556,3.502,1.19007153944444,3.492
1.18204766638889,3.533,1.18202519055556,3.502,1.19034945138889,3.492
1.18232570722222,3.533,1.18230321972222,3.502,1.19062701138889,3.492
1.18260351805556,3.533,1.18258072666667,3.502,1.1909049875,3.492
1.18288113972222,3.533,1.18285868944444,3.502,1.19118280277778,3.482
1.18315903611111,3.533,1.18313625611111,3.502,1.1914604875,3.482
1.18343685777778,3.533,1.18341440277778,3.502,1.19173857694444,3.482
1.18371428916667,3.533,1.18369209166667,3.502,1.1920166575,3.492
1.18399226305556,3.533,1.18396984194444,3.502,1.19229440527778,3.492
1.18427018,3.533,1.18424740222222,3.502,1.19257203833333,3.492
1.18454832583333,3.533,1.18452533083333,3.502,1.19284961527778,3.482
1.18482574277778,3.533,1.18480337444444,3.502,1.19312757611111,3.492
1.18510400888889,3.533,1.18508103194444,3.502,1.19340563944444,3.492
1.18538177333333,3.533,1.18535869472222,3.502,1.19368369,3.492
1.18565947527778,3.533,1.18563675305556,3.502,1.1939613625,3.492
1.18593757694444,3.533,1.18591450055556,3.502,1.19423941722222,3.482
1.18621536083333,3.533,1.18619207777778,3.502,1.19451722666667,3.492
1.1864929625,3.533,1.18647006472222,3.502,1.19479540361111,3.482
1.18677085166667,3.533,1.18674772333333,3.502,1.19507306444444,3.492
1.18704871527778,3.533,1.18702558277778,3.502,1.19535124388889,3.492
1.18732645083333,3.533,1.18730319444444,3.502,1.19562884527778,3.492
1.18760429972222,3.533,1.18758094555556,3.502,1.19590688361111,3.492
1.18788183583333,3.543,1.18785851277778,3.502,1.19618455527778,3.492
1.18815996472222,3.533,1.18813645611111,3.502,1.19646256638889,3.492
1.18843764833333,3.533,1.18841428027778,3.502,1.19674016805556,3.492
1.18871542,3.533,1.18869211305556,3.502,1.19701830638889,3.492
1.18899323277778,3.533,1.18897023138889,3.502,1.19729614444444,3.492
1.18927091277778,3.543,1.18924778277778,3.502,1.19757423055556,3.492
1.18954888694444,3.543,1.1895257725,3.502,1.19785187416667,3.492
1.18982690722222,3.543,1.18980364027778,3.502,1.19812995694444,3.492
1.19010485,3.533,1.19008151888889,3.502,1.19840782722222,3.492
1.19038264194444,3.543,1.19035911833333,3.502,1.19868553833333,3.492
1.19066066111111,3.543,1.19063741833333,3.502,1.198963335,3.492
1.19093857361111,3.533,1.19091559305556,3.502,1.19924139944444,3.492
1.19121661222222,3.533,1.19119345333333,3.502,1.19951950805556,3.492
1.19149405833333,3.533,1.1914714075,3.502,1.19979719888889,3.492
1.19177197583333,3.543,1.19174942805556,3.502,1.20007504305556,3.492
1.19205009694444,3.533,1.19202717361111,3.502,1.20035290305556,3.492
1.19232761027778,3.543,1.19230475722222,3.502,1.20063072861111,3.492
1.1926053775,3.543,1.19258271555556,3.502,1.20090886583333,3.492
1.19288347666667,3.543,1.19286049472222,3.502,1.20118691444444,3.492
1.193161095,3.543,1.19313832138889,3.502,1.20146430055556,3.492
1.19343911833333,3.543,1.193416675,3.502,1.20174214666667,3.492
1.19371749555556,3.543,1.19369428638889,3.502,1.20202030416667,3.492
1.19399542333333,3.543,1.193972265,3.502,1.202297955,3.492
1.19427312722222,3.543,1.19425003222222,3.502,1.20257622472222,3.492
1.19455122972222,3.543,1.19452771472222,3.502,1.20285402138889,3.492
1.19482891555556,3.543,1.19480550027778,3.502,1.20313189416667,3.492
1.19510674333333,3.543,1.19508335305556,3.502,1.20340932333333,3.492
1.195384695,3.543,1.19536093361111,3.502,1.20368736861111,3.492
1.1956626675,3.543,1.19563923861111,3.502,1.20396525194444,3.492
1.19594043444444,3.543,1.19591703666667,3.502,1.20424318888889,3.492
1.19621809861111,3.543,1.19619496333333,3.502,1.20452121583333,3.492
1.19649596555556,3.543,1.19647303694444,3.502,1.2047992875,3.492
1.19677386777778,3.543,1.19675047305556,3.502,1.20507702916667,3.492
1.1970514475,3.543,1.19702873888889,3.502,1.20535489,3.492
1.19732928694444,3.543,1.19730673472222,3.502,1.20563290583333,3.492
1.19760745,3.543,1.19758430611111,3.512,1.20591066722222,3.492
1.19788602416667,3.543,1.19786203444444,3.502,1.20618850361111,3.492
1.19816366277778,3.543,1.19814007111111,3.502,1.20646638333333,3.492
1.198441515,3.543,1.19841806138889,3.512,1.20674394777778,3.492
1.19871915833333,3.543,1.19869609111111,3.502,1.20702194722222,3.492
1.1989969025,3.543,1.19897351111111,3.502,1.20729970527778,3.492
1.19927496138889,3.543,1.19925161805556,3.502,1.20757770305556,3.492
1.19955275416667,3.543,1.19952936833333,3.512,1.207855445,3.492
1.19983058694444,3.543,1.19980678388889,3.512,1.20813331722222,3.492
1.20010825194444,3.543,1.20008480694444,3.502,1.20841109222222,3.492
1.2003858925,3.543,1.20036237555556,3.502,1.20868924527778,3.492
1.20066392972222,3.543,1.20064020555556,3.502,1.20896660388889,3.492
1.20094162194444,3.543,1.20091810972222,3.512,1.20924457666667,3.492
1.20121976166667,3.543,1.2011959075,3.512,1.20952249277778,3.492
1.20149751638889,3.543,1.20147371694444,3.502,1.20979986972222,3.492
1.20177541027778,3.543,1.20175153944444,3.502,1.21007780416667,3.492
1.20205325222222,3.543,1.20202920527778,3.502,1.21035545555556,3.492
1.20233110944444,3.543,1.20230741027778,3.502,1.2106336375,3.492
1.20260873111111,3.543,1.20258534305556,3.512,1.21091137777778,3.492
1.20288636472222,3.543,1.20286317361111,3.502,1.21118902833333,3.492
1.20316449444444,3.543,1.2031411375,3.512,1.21146688222222,3.492
1.20344251222222,3.543,1.20341870611111,3.502,1.21174477722222,3.492
1.20372033472222,3.543,1.20369676694444,3.512,1.21202300583333,3.492
1.20399831666667,3.543,1.20397449527778,3.502,1.2123008025,3.492
1.20427643555556,3.543,1.20425252694444,3.512,1.21257860972222,3.492
1.20455429555556,3.543,1.20453000666667,3.512,1.21285703388889,3.492
1.20483225222222,3.543,1.20480789166667,3.512,1.21313460388889,3.492
1.20510987944444,3.543,1.20508548472222,3.502,1.21341238611111,3.492
1.20538778944444,3.543,1.20536360722222,3.512,1.21369060166667,3.492
1.20566550472222,3.543,1.20564137361111,3.512,1.21396794277778,3.492
1.20594359777778,3.543,1.20591948416667,3.512,1.21424569388889,3.492
1.206221365,3.543,1.20619721833333,3.502,1.21452367833333,3.492
1.2064992475,3.543,1.20647521055556,3.512,1.21480161527778,3.492
1.2067771075,3.543,1.20675324611111,3.512,1.2150795775,3.492
1.20705495,3.543,1.20703078916667,3.512,1.21535749055556,3.492
1.20733275194444,3.543,1.20730869888889,3.512,1.21563567277778,3.502
1.20761092111111,3.543,1.20758630777778,3.512,1.21591395194444,3.492
1.20788882305556,3.543,1.20786466527778,3.502,1.21619176666667,3.502
1.2081665875,3.543,1.20814266888889,3.512,1.216469485,3.492
1.20844437277778,3.543,1.20842012805556,3.512,1.21674728166667,3.502
1.20872188333333,3.543,1.20869824972222,3.512,1.21702484972222,3.492
1.20899997055556,3.543,1.20897669055556,3.512,1.21730256472222,3.502
1.20927770111111,3.553,1.20925437888889,3.512,1.2175805025,3.502
1.20955546666667,3.543,1.20953203916667,3.512,1.21785825027778,3.502
1.20983324194444,3.543,1.20981020027778,3.512,1.21813604555556,3.492
1.21011103305556,3.553,1.21008808416667,3.512,1.21841386416667,3.502
1.21038889611111,3.543,1.21036541472222,3.502,1.21869200111111,3.492
1.21066670416667,3.543,1.21064343916667,3.512,1.21896964055556,3.502
1.21094487666667,3.543,1.21092172277778,3.502,1.21924737777778,3.492
1.21122277416667,3.543,1.2111996425,3.512,1.21952565388889,3.502
1.21150070027778,3.553,1.21147755222222,3.512,1.21980338388889,3.502
1.21177863222222,3.543,1.21175537333333,3.512,1.22008107944444,3.502
1.212056125,3.553,1.21203338444444,3.512,1.22035923638889,3.492
1.2123343375,3.543,1.21231109555556,3.512,1.22063684,3.502
1.21261201222222,3.543,1.21258914972222,3.512,1.22091517277778,3.502
1.21288946972222,3.553,1.21286675638889,3.512,1.2211930025,3.502
1.21316717861111,3.543,1.21314473083333,3.512,1.22147085944444,3.502
1.21344536472222,3.543,1.21342243,3.512,1.22174874861111,3.502
1.21372301944444,3.543,1.21369989972222,3.512,1.22202625777778,3.502
1.21400093,3.553,1.21397812055556,3.512,1.22230467361111,3.502
1.21427907805556,3.543,1.21425590777778,3.512,1.22258242472222,3.502
1.2145569025,3.543,1.21453399472222,3.512,1.22286012055556,3.492
1.21483485972222,3.553,1.21481186166667,3.512,1.22313789333333,3.492
1.21511256222222,3.553,1.21508964388889,3.512,1.22341558222222,3.502
1.21539019666667,3.553,1.21536765694444,3.512,1.22369394277778,3.502
1.2156681375,3.553,1.21564549277778,3.512,1.22397182138889,3.502
1.21594617194444,3.553,1.21592348555556,3.512,1.22424953111111,3.502
1.21622403611111,3.553,1.2162014575,3.512,1.2245275675,3.502
1.21650183888889,3.543,1.21647912027778,3.512,1.224805355,3.502
1.21677979694444,3.553,1.21675662722222,3.512,1.22508302444444,3.502
1.21705769305556,3.553,1.21703467222222,3.512,1.22536113472222,3.502
1.21733561805556,3.553,1.21731262666667,3.512,1.22563881611111,3.492
1.21761330777778,3.543,1.2175903525,3.512,1.22591634194444,3.502
1.21789091416667,3.553,1.21786834555556,3.512,1.2261946375,3.502
1.21816907888889,3.553,1.21814595083333,3.512,1.22647236472222,3.502
1.21844711055556,3.553,1.21842363027778,3.512,1.22675023138889,3.502
1.21872521444444,3.553,1.21870149055556,3.512,1.22702799694444,3.502
1.21900285333333,3.553,1.21897931444444,3.512,1.22730590722222,3.502
1.21928071694444,3.553,1.21925742777778,3.512,1.22758351583333,3.502
1.21955881416667,3.553,1.21953540138889,3.512,1.2278613225,3.502
1.21983652972222,3.553,1.21981330333333,3.512,1.22813946944444,3.502
1.22011436805556,3.553,1.22009101111111,3.512,1.2284171225,3.502
1.22039222638889,3.553,1.22036846611111,3.512,1.22869487416667,3.502
1.22067021027778,3.553,1.22064672444444,3.512,1.22897311833333,3.502
1.22094812916667,3.553,1.22092444527778,3.512,1.22925080138889,3.502
1.22122559194444,3.553,1.22120220388889,3.512,1.22952894277778,3.502
1.22150332472222,3.553,1.22148021611111,3.512,1.22980700277778,3.502
1.22178145444444,3.553,1.22175804833333,3.512,1.23008482972222,3.502
1.22205922027778,3.553,1.22203574305556,3.512,1.23036276722222,3.502
1.2223368875,3.553,1.22231359333333,3.512,1.2306405075,3.502
1.22261519416667,3.553,1.2225911025,3.512,1.23091813027778,3.502
1.22289277277778,3.553,1.22286898166667,3.512,1.2311960225,3.502
1.22317053805556,3.553,1.22314722,3.512,1.23147422361111,3.502
1.22344824472222,3.553,1.22342490027778,3.512,1.23175167111111,3.502
1.22372602944444,3.553,1.22370258805556,3.512,1.2320301125,3.502
1.22400437111111,3.553,1.22398058,3.512,1.23230767861111,3.502
1.22428188944444,3.553,1.22425791833333,3.512,1.23258562444444,3.502
1.22455980194444,3.553,1.22453598916667,3.512,1.23286312722222,3.502
1.22483755972222,3.553,1.22481391055556,3.512,1.23314121472222,3.502
1.22511494388889,3.553,1.2250919925,3.523,1.23341905888889,3.502
1.22539277055556,3.553,1.22537004361111,3.523,1.2336972925,3.502
1.22567122194444,3.553,1.22564815472222,3.523,1.23397497472222,3.502
1.2259491925,3.553,1.22592646166667,3.523,1.23425266388889,3.502
1.22622661972222,3.553,1.22620446333333,3.512,1.23453025027778,3.502
1.22650485611111,3.553,1.22648217361111,3.512,1.23480823972222,3.502
1.22678290277778,3.553,1.22675997694444,3.523,1.23508607777778,3.502
1.22706053638889,3.553,1.22703824,3.523,1.23536391388889,3.502
1.22733833555556,3.553,1.22731596444444,3.523,1.23564127222222,3.502
1.22761641888889,3.553,1.2275941325,3.512,1.23591956388889,3.502
1.22789440472222,3.553,1.22787218277778,3.512,1.23619716638889,3.502
1.22817232472222,3.553,1.22814958055556,3.523,1.23647536138889,3.502
1.22845008722222,3.563,1.22842774444444,3.523,1.23675301055556,3.502
1.22872772333333,3.553,1.22870513111111,3.523,1.23703070416667,3.502
1.22900559416667,3.563,1.22898338277778,3.523,1.23730880361111,3.502
1.22928352361111,3.553,1.22926127916667,3.523,1.23758683916667,3.502
1.22956121611111,3.553,1.22953905361111,3.512,1.23786460388889,3.502
1.22983892444444,3.563,1.22981708583333,3.523,1.23814282388889,3.502
1.23011695527778,3.553,1.23009511361111,3.523,1.23842029777778,3.502
1.23039477861111,3.553,1.23037311888889,3.523,1.23869825694444,3.502
1.23067288027778,3.563,1.23065095944444,3.523,1.23897607916667,3.502
1.23095086944444,3.553,1.23092907888889,3.523,1.2392542025,3.502
1.23122842333333,3.563,1.23120680888889,3.523,1.23953202888889,3.502
1.23150613777778,3.563,1.23148477527778,3.523,1.23980944361111,3.502
1.23178392111111,3.563,1.23176216444444,3.523,1.2400874,3.502
1.23206202,3.553,1.23203997083333,3.523,1.24036502777778,3.502
1.23233978472222,3.563,1.23231772916667,3.523,1.24064291666667,3.502
1.2326175925,3.563,1.23259588583333,3.523,1.24092085694444,3.512
1.23289531388889,3.563,1.23287402805556,3.523,1.24119852833333,3.502
1.23317289583333,3.563,1.233151595,3.523,1.24147643,3.512
1.23345049583333,3.563,1.23342974027778,3.523,1.24175408805556,3.512
1.23372832666667,3.563,1.23370754944444,3.523,1.24203231,3.502
1.23400654611111,3.563,1.23398516611111,3.523,1.242310195,3.502
1.23428428694444,3.563,1.23426320416667,3.523,1.2425883625,3.512
1.23456198722222,3.563,1.23454116388889,3.523,1.24286671916667,3.502
1.23483938805556,3.563,1.23481885638889,3.523,1.24314470722222,3.512
1.23511783361111,3.563,1.235096755,3.523,1.24342283527778,3.502
1.23539574,3.563,1.23537465277778,3.523,1.24370068166667,3.512
1.23567338611111,3.563,1.23565262666667,3.523,1.24397890916667,3.512
1.23595162111111,3.563,1.23593031777778,3.523,1.24425666416667,3.502
1.23622921972222,3.563,1.23620830111111,3.523,1.24453444472222,3.502
1.23650735527778,3.553,1.23648623111111,3.523,1.24481228166667,3.512
1.23678552083333,3.563,1.2367639675,3.523,1.2450899175,3.502
1.23706340111111,3.563,1.23704183138889,3.523,1.24536812527778,3.502
1.23734156416667,3.563,1.23731969888889,3.523,1.24564646027778,3.502
1.23761947083333,3.563,1.23759736666667,3.523,1.24592381083333,3.512
1.23789727277778,3.563,1.23787523194444,3.523,1.246201755,3.512
1.23817508972222,3.563,1.23815280388889,3.523,1.24647969861111,3.512
1.23845277138889,3.563,1.23843073777778,3.523,1.24675766805556,3.502
1.23873063555556,3.563,1.23870842305556,3.523,1.24703548944444,3.512
1.23900806027778,3.563,1.23898662916667,3.523,1.24731365333333,3.512
1.23928605055556,3.563,1.23926422277778,3.523,1.2475915725,3.512
1.23956409138889,3.563,1.23954200583333,3.523,1.24786980083333,3.502
1.23984228277778,3.563,1.23981994,3.523,1.24814737972222,3.502
1.24011973611111,3.563,1.24009774305556,3.523,1.24842571361111,3.512
1.24039821527778,3.563,1.24037591861111,3.523,1.24870393416667,3.512
1.24067588166667,3.563,1.24065409361111,3.523,1.24898148583333,3.512
1.24095374305556,3.563,1.24093217972222,3.533,1.24925945861111,3.512
1.24123155,3.563,1.24120983194444,3.533,1.2495372,3.512
1.24150896277778,3.563,1.241487345,3.523,1.24981511055556,3.512
1.24178702277778,3.563,1.24176587305556,3.523,1.25009311583333,3.502
1.24206481944444,3.563,1.24204351611111,3.523,1.25037075111111,3.512
1.24234248694444,3.563,1.24232122305556,3.523,1.25064894305556,3.512
1.24262029388889,3.563,1.24259881583333,3.523,1.2509270575,3.512
1.24289819444444,3.563,1.24287719,3.533,1.25120434805556,3.512
1.24317587111111,3.563,1.24315482833333,3.523,1.25148280138889,3.512
1.24345392305556,3.563,1.2434326775,3.523,1.25176061444444,3.512
1.24373183111111,3.563,1.2437106275,3.523,1.25203819388889,3.512
1.24400911666667,3.563,1.24398823972222,3.523,1.25231579805556,3.512
1.24428728166667,3.563,1.2442661125,3.533,1.25259387666667,3.512
1.24456521055556,3.563,1.24454417555556,3.523,1.25287154361111,3.512
1.2448430725,3.563,1.24482202583333,3.523,1.25314933166667,3.512
1.24512100416667,3.563,1.245099945,3.533,1.25342732722222,3.512
1.24539881833333,3.563,1.24537810944444,3.533,1.25370540472222,3.512
1.24567684777778,3.563,1.24565582833333,3.523,1.25398326,3.512
1.24595479222222,3.563,1.24593353222222,3.533,1.25426131583333,3.512
1.24623277111111,3.563,1.24621144888889,3.523,1.25453926,3.512
1.24651068777778,3.563,1.24648923944444,3.523,1.25481696805556,3.512
1.24678883027778,3.563,1.24676699777778,3.533,1.25509483666667,3.512
1.24706669194444,3.563,1.24704493611111,3.523,1.25537236611111,3.512
1.24734417472222,3.563,1.24732285361111,3.523,1.25565043777778,3.512
1.24762222388889,3.563,1.24760096583333,3.533,1.25592837833333,3.512
1.24789997,3.563,1.24787918,3.523,1.25620632861111,3.512
1.24817784361111,3.563,1.24815662805556,3.533,1.25648410472222,3.512
1.24845578222222,3.563,1.24843465,3.523,1.25676183194444,3.512
1.24873363861111,3.563,1.24871255555556,3.533,1.25704020944444,3.512
1.24901149,3.563,1.24899045722222,3.533,1.257318235,3.512
1.24928986638889,3.563,1.24926819055556,3.533,1.25759584111111,3.512
1.24956726972222,3.563,1.24954645611111,3.523,1.25787368277778,3.512
1.2498454225,3.563,1.24982441333333,3.533,1.25815158222222,3.512
1.25012318777778,3.563,1.25010213138889,3.533,1.25842924138889,3.512
1.25040107666667,3.563,1.25038039916667,3.533,1.25870687777778,3.512
1.25067879472222,3.563,1.25065814666667,3.533,1.25898430805556,3.512
1.25095661166667,3.563,1.25093589055556,3.533,1.25926249333333,3.512
1.25123447472222,3.563,1.25121376916667,3.533,1.25954033833333,3.512
1.25151222527778,3.563,1.25149150388889,3.533,1.25981818527778,3.512
1.25178999,3.563,1.25176914138889,3.533,1.26009595361111,3.512
1.2520681675,3.563,1.25204705277778,3.533,1.26037348333333,3.512
1.25234587055556,3.563,1.25232508722222,3.533,1.26065167138889,3.512
1.25262377277778,3.563,1.2526026075,3.533,1.26092935916667,3.512
1.25290150083333,3.563,1.25288091944444,3.533,1.26120748916667,3.512
1.25317896833333,3.563,1.253158785,3.533,1.26148566444444,3.512
1.25345682611111,3.563,1.25343666388889,3.533,1.26176339805556,3.512
1.2537350225,3.563,1.25371426138889,3.533,1.26204122,3.512
1.25401273611111,3.574,1.25399231,3.533,1.26231933111111,3.512
1.25429080777778,3.563,1.25427025833333,3.533,1.26259731888889,3.512
1.25456861305556,3.563,1.25454810916667,3.533,1.2628751825,3.512
1.25484673277778,3.563,1.25482568305556,3.533,1.26315289027778,3.512
1.25512486944444,3.563,1.25510383277778,3.533,1.26343069055556,3.523
1.25540295388889,3.563,1.25538155027778,3.533,1.26370834666667,3.512
1.25568075722222,3.563,1.25565935194444,3.533,1.26398617111111,3.512
1.25595849,3.563,1.25593741833333,3.533,1.26426377694444,3.523
1.25623641916667,3.563,1.25621516138889,3.533,1.26454228,3.512
1.25651411166667,3.574,1.25649292305556,3.533,1.26481984222222,3.512
1.25679214388889,3.563,1.25677087472222,3.533,1.26509776888889,3.523
1.25706976388889,3.563,1.25704889861111,3.533,1.26537551972222,3.512
1.2573477975,3.574,1.2573266275,3.533,1.26565340138889,3.512
1.25762552277778,3.563,1.25760453027778,3.533,1.26593136055556,3.523
1.25790350388889,3.563,1.25788254555556,3.533,1.26620922833333,3.523
1.25818123416667,3.574,1.2581602675,3.533,1.26648681555556,3.512
1.25845942555556,3.563,1.25843799166667,3.533,1.26676445722222,3.512
1.25873704555556,3.574,1.25871583638889,3.533,1.26704245444444,3.523
1.25901525555556,3.563,1.25899368416667,3.533,1.26732015027778,3.523
1.25929328305556,3.563,1.25927148027778,3.533,1.267597895,3.523
1.25957094638889,3.574,1.25954932861111,3.533,1.26787562388889,3.523
1.25984881611111,3.574,1.25982720361111,3.533,1.26815373583333,3.512
1.26012681444444,3.574,1.26010498666667,3.533,1.26843140138889,3.523
1.26040449111111,3.563,1.26038289666667,3.533,1.26870956666667,3.512
1.26068232861111,3.574,1.26066110194444,3.533,1.26898730361111,3.523
1.26096005638889,3.574,1.26093894361111,3.533,1.26926533416667,3.523
1.2612380175,3.574,1.26121651583333,3.533,1.26954305666667,3.523
1.26151597972222,3.563,1.26149463666667,3.533,1.26982087138889,3.523
1.26179434666667,3.563,1.26177257555556,3.533,1.27009860777778,3.523
1.26207205361111,3.574,1.26205054666667,3.533,1.2703763125,3.512
1.2623498775,3.563,1.26232812444444,3.533,1.27065454083333,3.523
1.26262757083333,3.574,1.26260606972222,3.533,1.27093226638889,3.512
1.26290549611111,3.574,1.26288382333333,3.533,1.27121042527778,3.523
1.2631834575,3.574,1.263162215,3.533,1.27148831777778,3.523
1.26346170083333,3.574,1.2634400825,3.543,1.27176611944444,3.523
1.26373948138889,3.563,1.26371753583333,3.533,1.27204376944444,3.523
1.264017225,3.563,1.26399559444444,3.533,1.27232159416667,3.523
1.26429535111111,3.574,1.26427303972222,3.533,1.27259936,3.523
1.26457304583333,3.574,1.26455145055556,3.533,1.27287725361111,3.523
1.26485053777778,3.574,1.26482971111111,3.533,1.27315507694444,3.523
1.26512857555556,3.574,1.26510761166667,3.533,1.27343247805556,3.523
1.26540642888889,3.574,1.26538555027778,3.533,1.2737105575,3.523
1.26568442944444,3.574,1.26566341194444,3.543,1.27398831611111,3.523
1.26596241555556,3.574,1.26594141138889,3.533,1.27426650027778,3.523
1.26624026638889,3.574,1.26621928805556,3.533,1.27454452166667,3.523
1.26651809888889,3.574,1.26649722666667,3.533,1.27482194111111,3.523
1.26679585027778,3.574,1.26677484027778,3.533,1.275100055,3.523
1.26707380944444,3.574,1.26705258388889,3.533,1.27537793611111,3.523
1.2673515575,3.574,1.26733022305556,3.543,1.2756557875,3.523
1.2676291125,3.574,1.26760835222222,3.533,1.27593353805556,3.523
1.26790724027778,3.574,1.26788615361111,3.543,1.27621161222222,3.523
1.26818511555556,3.574,1.26816380972222,3.533,1.27648933805556,3.523
1.26846304916667,3.574,1.26844155583333,3.543,1.27676745361111,3.523
1.2687413225,3.563,1.26871958861111,3.533,1.27704513416667,3.523
1.26901884444444,3.574,1.26899749861111,3.533,1.27732303166667,3.523
1.26929664388889,3.574,1.26927534722222,3.543,1.27760094055556,3.523
1.26957467222222,3.574,1.26955328277778,3.533,1.27787859444444,3.523
1.26985258694444,3.574,1.26983096277778,3.543,1.27815702138889,3.523
1.27013036027778,3.574,1.27010870166667,3.543,1.27843459944444,3.523
1.27040837583333,3.574,1.27038681472222,3.543,1.27871238861111,3.523
1.27068607944444,3.574,1.2706646475,3.533,1.27899041277778,3.523
1.2709637675,3.574,1.27094231166667,3.543,1.27926795444444,3.523
1.271241675,3.574,1.27122017,3.533,1.27954591083333,3.523
1.27151938611111,3.574,1.27149818583333,3.533,1.27982386805556,3.523
1.27179728027778,3.574,1.27177604222222,3.533,1.28010191666667,3.523
1.2720750675,3.574,1.27205380944444,3.543,1.28037978277778,3.523
1.27235295638889,3.574,1.27233196388889,3.533,1.28065756666667,3.523
1.27263101638889,3.574,1.27261007111111,3.543,1.28093520611111,3.523
1.2729086175,3.574,1.27288779388889,3.543,1.28121311444444,3.523
1.27318645833333,3.574,1.27316559944444,3.543,1.28149074555556,3.523
1.27346420833333,3.574,1.27344304638889,3.543,1.28176919361111,3.523
1.27374212388889,3.574,1.27372119916667,3.543,1.28204673166667,3.523
1.27401973555556,3.574,1.2739988725,3.543,1.28232443694444,3.523
1.27429761722222,3.574,1.27427727666667,3.543,1.28260238388889,3.523
1.27457530361111,3.574,1.27455484611111,3.543,1.2828804125,3.523
1.27485314833333,3.574,1.27483302138889,3.543,1.28315826583333,3.523
1.27513093666667,3.574,1.27511110027778,3.543,1.28343626583333,3.523
1.27540827666667,3.574,1.27538899194444,3.543,1.28371418805556,3.523
1.27568639194444,3.574,1.27566700805556,3.543,1.28399203638889,3.523
1.27596429611111,3.574,1.27594433833333,3.533,1.28426974944444,3.523
1.27624212,3.574,1.27622232166667,3.543,1.28454784916667,3.523
1.27652011555556,3.574,1.27650002277778,3.543,1.28482546722222,3.523
1.27679784055556,3.574,1.2767778975,3.543,1.28510370472222,3.523
1.27707580166667,3.574,1.27705575388889,3.543,1.28538125416667,3.523
1.27735401,3.574,1.27733395555556,3.543,1.28565954361111,3.523
1.27763180777778,3.574,1.27761126472222,3.543,1.28593763333333,3.523
1.27790969833333,3.574,1.27788938916667,3.543,1.28621539416667,3.523
1.27818770527778,3.574,1.27816717861111,3.543,1.28649340166667,3.523
1.27846526472222,3.574,1.2784448175,3.543,1.2867708575,3.523
1.27874343444444,3.574,1.27872265388889,3.543,1.28704881694444,3.523
1.27902130555556,3.574,1.27900049611111,3.543,1.28732670944444,3.533
1.27929909944444,3.574,1.27927814666667,3.543,1.28760479694444,3.523
1.27957670083333,3.574,1.27955637333333,3.543,1.28788248333333,3.533
1.27985460916667,3.574,1.2798342425,3.543,1.28816031361111,3.533
1.28013216666667,3.574,1.28011182388889,3.543,1.28843813944444,3.523
1.28041040777778,3.574,1.28038957888889,3.543,1.2887158525,3.533
1.2806880725,3.574,1.28066737722222,3.543,1.28899368416667,3.533
1.28096612527778,3.574,1.28094486388889,3.543,1.28927145277778,3.533
1.28124410583333,3.574,1.2812234075,3.543,1.28954909444444,3.523
1.2815216775,3.574,1.28150117444444,3.543,1.28982748527778,3.523
1.28179952444444,3.574,1.28177895666667,3.543,1.29010518388889,3.523
1.28207753861111,3.574,1.28205665305556,3.543,1.29038325388889,3.533
1.28235576166667,3.574,1.28233415833333,3.543,1.29066095194444,3.533
1.282633145,3.574,1.28261232,3.543,1.2909389725,3.533
1.2829111925,3.574,1.28289048444444,3.543,1.29121676722222,3.533
1.28318882694444,3.574,1.28316838666667,3.543,1.29149433361111,3.533
1.28346663027778,3.574,1.28344647555556,3.543,1.29177253722222,3.523
1.28374495277778,3.574,1.28372432722222,3.543,1.29205035166667,3.523
1.28402311638889,3.574,1.28400218972222,3.543,1.29232813,3.533
1.28430077083333,3.574,1.28427991861111,3.543,1.292605805,3.533
1.28457871,3.574,1.28455777722222,3.543,1.29288353722222,3.533
1.28485626722222,3.574,1.28483572472222,3.543,1.29316138388889,3.523
1.28513426388889,3.574,1.28511369861111,3.543,1.29343950805556,3.533
1.28541210055556,3.574,1.28539195166667,3.543,1.29371685333333,3.533
1.2856898525,3.574,1.285669955,3.543,1.29399497472222,3.533
1.28596766138889,3.574,1.28594756166667,3.543,1.29427270444444,3.533
1.28624508361111,3.574,1.28622538583333,3.543,1.29455013555556,3.533
1.28652309305556,3.574,1.28650318222222,3.543,1.29482822694444,3.533
1.28680086972222,3.574,1.28678117027778,3.543,1.2951062075,3.533
1.287079025,3.574,1.28705903833333,3.543,1.29538410222222,3.533
1.28735694361111,3.574,1.28733673833333,3.543,1.29566188388889,3.533
1.28763476777778,3.574,1.28761480972222,3.543,1.29593992416667,3.533
1.28791266,3.574,1.28789307194444,3.543,1.29621810083333,3.533
1.28819028527778,3.574,1.28817074888889,3.543,1.29649576194444,3.533
1.28846801555556,3.574,1.28844838972222,3.543,1.29677352416667,3.533
1.28874604138889,3.574,1.28872616583333,3.543,1.29705160694444,3.533
1.28902372583333,3.574,1.28900419083333,3.543,1.29732933833333,3.533
1.28930170861111,3.574,1.28928185555556,3.543,1.29760709666667,3.533
1.28957955444444,3.574,1.28955957,3.543,1.297885135,3.533
1.28985722611111,3.574,1.28983736,3.543,1.29816277361111,3.533
1.29013498805556,3.574,1.29011511444444,3.543,1.298440735,3.533
1.29041301805556,3.574,1.2903928725,3.543,1.29871874805556,3.533
1.29069116027778,3.574,1.29067099277778,3.543,1.29899634638889,3.533
1.2909690425,3.574,1.29094883083333,3.543,1.29927414805556,3.533
1.29124672027778,3.574,1.2912264325,3.543,1.29955196888889,3.533
1.29152455944444,3.574,1.29150431694444,3.543,1.29982968055556,3.533
1.29180242333333,3.574,1.2917824125,3.543,1.30010754944444,3.533
1.29208036027778,3.574,1.29206020472222,3.543,1.30038528583333,3.533
1.29235833361111,3.574,1.29233794333333,3.543,1.30066292944444,3.533
1.292636305,3.574,1.29261560333333,3.543,1.30094116805556,3.533
1.29291427166667,3.574,1.29289357833333,3.543,1.30121928972222,3.533
1.29319222916667,3.574,1.29317156111111,3.543,1.30149696472222,3.533
1.293470275,3.574,1.29344924277778,3.543,1.30177494972222,3.533
1.2937483525,3.574,1.293726865,3.543,1.30205263194444,3.533
1.29402596277778,3.574,1.29400471916667,3.543,1.30233042527778,3.533
1.29430381722222,3.574,1.29428258055556,3.543,1.30260844833333,3.533
1.29458189555556,3.574,1.29456038277778,3.543,1.30288644583333,3.533
1.2948599,3.574,1.29483816972222,3.543,1.30316427305556,3.533
1.29513765694444,3.574,1.29511574055556,3.543,1.3034419375,3.533
1.29541567166667,3.574,1.295394175,3.543,1.30371964611111,3.533
1.2956933525,3.574,1.29567153611111,3.543,1.30399756333333,3.533
1.29597142722222,3.574,1.29594965944444,3.543,1.30427562166667,3.533
1.29624901583333,3.574,1.29622735166667,3.543,1.30455318305556,3.533
1.296526895,3.574,1.29650540805556,3.543,1.30483107333333,3.533
1.296804505,3.574,1.29678314444444,3.543,1.30510937333333,3.533
1.29708294277778,3.574,1.29706080055556,3.543,1.30538726527778,3.533
1.29736059916667,3.574,1.29733846166667,3.543,1.30566522888889,3.533
1.29763861444444,3.574,1.29761663277778,3.543,1.30594300388889,3.533
1.297916365,3.574,1.2978941,3.543,1.3062207525,3.533
1.29819443694444,3.584,1.29817224611111,3.543,1.30649848583333,3.533
1.298471885,3.574,1.29844996444444,3.543,1.306776345,3.533
1.29875027055556,3.574,1.29872775194444,3.543,1.30705424305556,3.533
1.29902813416667,3.574,1.299005965,3.543,1.30733158694444,3.533
1.29930604472222,3.584,1.29928389694444,3.543,1.307609745,3.533
1.29958374166667,3.574,1.29956185916667,3.543,1.30788770611111,3.533
1.29986172388889,3.584,1.29983970388889,3.543,1.30816552305556,3.533
1.30013977194444,3.574,1.300117775,3.543,1.30844323444444,3.533
1.30041757972222,3.574,1.30039551888889,3.543,1.30872130222222,3.533
1.30069529583333,3.574,1.30067329722222,3.543,1.30899950861111,3.533
1.30097278583333,3.574,1.30095131833333,3.543,1.30927722277778,3.533
1.30125060888889,3.584,1.30122893055556,3.543,1.30955497666667,3.533
1.30152873638889,3.574,1.30150679861111,3.543,1.30983295027778,3.533
1.30180638777778,3.574,1.30178493527778,3.543,1.31011058722222,3.533
1.3020839,3.574,1.30206270388889,3.543,1.31038852666667,3.533
1.30236198916667,3.574,1.30234078222222,3.543,1.31066667361111,3.533
1.30263989555556,3.574,1.30261879444444,3.543,1.31094452361111,3.533
1.30291814833333,3.574,1.30289662416667,3.543,1.31122239444444,3.533
1.30319597694444,3.574,1.30317416388889,3.543,1.31150068777778,3.543
1.30347379638889,3.574,1.30345216777778,3.543,1.31177848444444,3.543
1.30375141777778,3.574,1.30372969277778,3.543,1.31205632388889,3.543
1.30402925472222,3.584,1.30400750833333,3.543,1.31233414861111,3.533
1.30430745027778,3.574,1.30428548055556,3.543,1.31261157333333,3.543
1.30458541,3.574,1.30456342,3.543,1.31288977583333,3.543
1.30486303638889,3.584,1.30484127277778,3.543,1.31316742583333,3.533
1.30514099777778,3.574,1.30511899388889,3.543,1.31344526277778,3.543
1.30541866194444,3.574,1.30539684222222,3.543,1.313723025,3.543
1.30569679388889,3.574,1.30567476,3.543,1.31400053333333,3.543
1.30597470944444,3.584,1.30595239055556,3.543,1.31427900583333,3.533
1.30625244333333,3.574,1.30623014388889,3.553,1.31455686138889,3.543
1.30653041583333,3.574,1.30650812888889,3.553,1.31483480916667,3.543
1.30680834694444,3.574,1.30678600083333,3.553,1.31511260972222,3.543
1.30708653,3.584,1.30706411444444,3.543,1.31539049611111,3.543
1.30736415944444,3.584,1.30734198305556,3.543,1.31566826361111,3.543
1.3076421475,3.584,1.30761966055556,3.543,1.31594643944444,3.543
1.30791938833333,3.574,1.30789793472222,3.543,1.31622391694444,3.543
1.30819765972222,3.584,1.30817567805556,3.543,1.31650201277778,3.543
1.30847524444444,3.574,1.30845362833333,3.553,1.31677971166667,3.533
1.30875338416667,3.574,1.30873177916667,3.553,1.31705781666667,3.543
1.30903130166667,3.574,1.30900961027778,3.543,1.31733554472222,3.543
1.30930892361111,3.584,1.30928744055556,3.543,1.31761363805556,3.543
1.30958671111111,3.574,1.30956507277778,3.553,1.31789102916667,3.543
1.30986417611111,3.584,1.30984316361111,3.553,1.31816947333333,3.543
1.31014228555556,3.584,1.31012053416667,3.553,1.31844685833333,3.543
1.31041989194444,3.584,1.31039858027778,3.553,1.31872500583333,3.543
1.31069819666667,3.574,1.31067630166667,3.543,1.31900282444444,3.543
1.310975945,3.584,1.31095372361111,3.543,1.31928028,3.543
1.3112535825,3.584,1.31123182388889,3.553,1.31955838055556,3.543
1.31153156638889,3.584,1.311510365,3.543,1.31983657555556,3.543
1.3118091975,3.574,1.31178803555556,3.553,1.32011442277778,3.543
1.31208704944444,3.584,1.31206576388889,3.543,1.32039199583333,3.543
1.31236461527778,3.574,1.31234382666667,3.553,1.32066981194444,3.543
1.31264234833333,3.584,1.31262154444444,3.543,1.32094740388889,3.543
1.31291996166667,3.584,1.31289972611111,3.553,1.32122539694444,3.543
1.31319771972222,3.584,1.31317734916667,3.553,1.32150334888889,3.543
1.31347589888889,3.584,1.31345518972222,3.553,1.32178077888889,3.543
1.31375348972222,3.584,1.31373311111111,3.553,1.3220588525,3.543
1.31403137916667,3.574,1.31401098277778,3.553,1.32233663194444,3.543
1.31430913416667,3.574,1.31428883361111,3.553,1.32261448694444,3.543
1.31458703972222,3.574,1.31456667694444,3.553,1.32289279944444,3.543
1.31486504916667,3.574,1.31484446472222,3.553,1.32317088138889,3.543
1.31514327055556,3.584,1.31512176527778,3.553,1.32344827444444,3.543
1.3154214375,3.584,1.31539956083333,3.553,1.32372663083333,3.543
1.31569951555556,3.584,1.31567761,3.553,1.32400421416667,3.543
1.31597691361111,3.574,1.31595560388889,3.553,1.32428218166667,3.543
1.31625509583333,3.574,1.31623314027778,3.553,1.32455967611111,3.543
1.31653288972222,3.574,1.31651106694444,3.543,1.32483737166667,3.543
1.31681062416667,3.574,1.31678875194444,3.553,1.32511543972222,3.543
1.31708849222222,3.584,1.31706669611111,3.553,1.3253935825,3.543
1.31736640805556,3.584,1.31734472972222,3.553,1.32567131944444,3.543
1.31764384166667,3.584,1.31762249611111,3.553,1.32594905444444,3.543
1.31792167361111,3.584,1.3179006025,3.553,1.32622699777778,3.543
1.31819990388889,3.584,1.31817844138889,3.553,1.32650482111111,3.543
1.31847751111111,3.584,1.31845660722222,3.553,1.32678280583333,3.543
1.31875523638889,3.584,1.31873440861111,3.553,1.32706061277778,3.543
1.31903341944444,3.584,1.31901212666667,3.553,1.32733870277778,3.543
1.31931109805556,3.584,1.31928982972222,3.553,1.32761650805556,3.543
1.31958895583333,3.584,1.31956786944444,3.553,1.32789414555556,3.543
1.31986700888889,3.584,1.31984559055556,3.553,1.32817208388889,3.543
1.32014473583333,3.584,1.32012342333333,3.553,1.32844962416667,3.543
1.32042269472222,3.584,1.32040125638889,3.553,1.32872765166667,3.543
1.32070041583333,3.584,1.32067915666667,3.553,1.32900531444444,3.543
1.32097814888889,3.584,1.32095701388889,3.553,1.32928341888889,3.543
1.32125573361111,3.584,1.32123503861111,3.553,1.32956099027778,3.543
1.32153370972222,3.584,1.32151282,3.553,1.32983914,3.543
1.32181186305556,3.584,1.32179060333333,3.553,1.33011701138889,3.543
1.32208954444444,3.584,1.32206868305556,3.553,1.33039459527778,3.543
1.32236742861111,3.584,1.32234667472222,3.553,1.33067260527778,3.543
1.3226452825,3.584,1.3226244425,3.553,1.33094999166667,3.543
1.32292326416667,3.584,1.32290224472222,3.553,1.3312278525,3.543
1.32320055583333,3.584,1.32318023861111,3.553,1.33150589083333,3.543
1.32347876972222,3.584,1.32345784444444,3.553,1.33178402166667,3.543
1.32375643833333,3.584,1.32373538361111,3.553,1.33206184722222,3.543
1.32403425166667,3.584,1.32401343805556,3.553,1.33233937194444,3.543
1.32431195305556,3.584,1.32429139777778,3.553,1.332617615,3.543
1.32458986083333,3.584,1.32456913722222,3.563,1.33289532166667,3.543
1.32486758527778,3.584,1.32484696527778,3.553,1.33317345055556,3.543
1.32514544055556,3.584,1.32512506916667,3.553,1.33345099527778,3.543
1.32542316805556,3.584,1.32540278194444,3.553,1.33372920055556,3.543
1.32570131722222,3.584,1.32568062777778,3.553,1.33400731888889,3.543
1.32597890416667,3.584,1.3259585025,3.553,1.33428527166667,3.543
1.32625702722222,3.584,1.32623621111111,3.553,1.33456320333333,3.543
1.32653468888889,3.584,1.32651392305556,3.553,1.33484149055556,3.543
1.3268126325,3.584,1.32679181388889,3.553,1.33511910583333,3.543
1.32709099861111,3.584,1.32706999111111,3.553,1.33539714611111,3.543
1.32736858555556,3.584,1.32734772694444,3.553,1.335674775,3.543
1.32764624555556,3.584,1.32762539777778,3.553,1.33595294666667,3.543
1.327924235,3.584,1.32790321222222,3.553,1.33623073027778,3.543
1.32820216972222,3.584,1.32818145833333,3.563,1.33650871111111,3.543
1.32848029222222,3.584,1.328459155,3.553,1.33678635861111,3.543
1.328757975,3.584,1.32873673583333,3.553,1.33706383277778,3.543
1.32903571111111,3.584,1.32901473805556,3.553,1.33734179416667,3.543
1.329313575,3.584,1.32929288305556,3.553,1.33761932,3.543
1.32959168888889,3.584,1.32957096277778,3.553,1.33789774361111,3.543
1.32986946444444,3.584,1.32984925472222,3.553,1.33817555666667,3.543
1.33014709666667,3.584,1.33012743194444,3.553,1.33845339638889,3.543
1.33042492805556,3.584,1.3304052775,3.553,1.33873147055556,3.543
1.33070252388889,3.584,1.33068322611111,3.553,1.33900892694444,3.543
1.33098046055556,3.584,1.33096098361111,3.563,1.33928693277778,3.543
1.33125822166667,3.584,1.33123912666667,3.553,1.3395643275,3.543
1.33153592472222,3.584,1.33151711138889,3.553,1.33984213444444,3.543
1.33181385305556,3.584,1.33179487666667,3.553,1.340120205,3.543
1.33209158527778,3.584,1.33207256861111,3.553,1.34039763583333,3.543
1.33236946194444,3.584,1.33235035472222,3.553,1.34067581944444,3.543
1.33264723805556,3.584,1.332628255,3.563,1.34095344055556,3.543
1.33292510833333,3.584,1.33290582083333,3.563,1.34123123388889,3.543
1.33320287861111,3.584,1.33318364444444,3.553,1.34150880166667,3.543
1.33348089611111,3.584,1.33346149027778,3.553,1.34178695888889,3.543
1.33375896638889,3.584,1.33373922333333,3.553,1.34206510388889,3.543
1.33403700861111,3.584,1.334017035,3.553,1.34234275805556,3.543
1.33431487055556,3.584,1.33429483805556,3.553,1.34262041555556,3.543
1.33459236166667,3.584,1.33457283777778,3.553,1.342898545,3.543
1.33487037694444,3.584,1.33485048916667,3.563,1.34317649972222,3.543
1.33514814888889,3.584,1.33512887416667,3.553,1.34345432305556,3.543
1.33542620055556,3.584,1.33540644416667,3.553,1.34373266527778,3.543
1.33570402555556,3.584,1.33568426805556,3.553,1.34401065111111,3.543
1.33598165222222,3.584,1.33596205916667,3.563,1.34428820111111,3.543
1.33625933138889,3.584,1.33623981527778,3.563,1.34456639,3.543
1.3365372675,3.584,1.33651795472222,3.563,1.34484437305556,3.543
1.33681524944444,3.584,1.33679588638889,3.563,1.34512228555556,3.543
1.33709296444444,3.584,1.33707370277778,3.553,1.34540015305556,3.543
1.33737078861111,3.584,1.33735140944444,3.553,1.3456779425,3.543
1.33764853444444,3.584,1.33762944166667,3.563,1.34595570916667,3.543
1.33792632916667,3.584,1.33790704805556,3.563,1.34623348138889,3.543
1.33820452611111,3.584,1.33818502138889,3.553,1.34651159388889,3.543
1.33848220444444,3.584,1.33846261166667,3.563,1.34678951638889,3.543
1.33875992083333,3.584,1.33874087861111,3.553,1.34706717111111,3.543
1.33903781638889,3.584,1.33901849083333,3.563,1.34734482194444,3.543
1.33931574,3.584,1.3392960375,3.563,1.34762273277778,3.543
1.33959323638889,3.584,1.33957440944444,3.553,1.34790059111111,3.543
1.33987119805556,3.584,1.33985218222222,3.563,1.34817820472222,3.543
1.34014874527778,3.584,1.34012992694444,3.563,1.34845606722222,3.543
1.34042691638889,3.584,1.34040783722222,3.553,1.34873387833333,3.543
1.34070461861111,3.584,1.34068552,3.563,1.34901164138889,3.543
1.34098244083333,3.584,1.34096318722222,3.563,1.34928968944444,3.543
1.34126020861111,3.584,1.34124092777778,3.563,1.34956747777778,3.543
1.3415380325,3.584,1.34151861,3.563,1.34984529611111,3.543
1.34181609722222,3.584,1.34179627194444,3.563,1.35012280583333,3.543
1.34209395416667,3.584,1.34207425166667,3.563,1.35040095416667,3.553
1.34237159416667,3.584,1.34235220055556,3.563,1.35067846638889,3.543
1.34264952527778,3.584,1.34263008833333,3.563,1.35095630916667,3.543
1.34292734833333,3.584,1.34290761444444,3.563,1.35123410527778,3.543
1.34320530861111,3.584,1.34318592083333,3.563,1.35151218777778,3.543
1.34348352083333,3.584,1.34346419277778,3.563,1.35179026388889,3.553
1.34376113583333,3.584,1.34374173722222,3.563,1.35206834138889,3.553
1.34403910305556,3.584,1.34401964916667,3.563,1.3523460975,3.543
1.34431664416667,3.584,1.34429781361111,3.563,1.35262422055556,3.543
1.34459479944444,3.584,1.34457562916667,3.563,1.3529019025,3.553
1.34487256444444,3.584,1.3448536125,3.563,1.3531796425,3.553
1.34515023861111,3.584,1.34513124916667,3.563,1.35345775527778,3.543
1.3454281575,3.584,1.34540903638889,3.563,1.35373571777778,3.553
1.34570601,3.584,1.34568712277778,3.563,1.35401350138889,3.543
1.34598434222222,3.584,1.34596496972222,3.563,1.35429146138889,3.553
1.34626245388889,3.584,1.34624248805556,3.563,1.35456950027778,3.543
1.34653998361111,3.584,1.34652085944444,3.563,1.3548473825,3.543
1.3468181125,3.584,1.34679841305556,3.563,1.355125265,3.543
1.34709600888889,3.584,1.34707627055556,3.563,1.35540317611111,3.543
1.34737398166667,3.584,1.3473542425,3.563,1.35568077638889,3.553
1.34765202055556,3.584,1.34763208472222,3.563,1.35595858611111,3.553
1.34792966194444,3.584,1.34790986972222,3.563,1.35623622833333,3.553
1.34820767694444,3.584,1.34818786916667,3.563,1.35651423333333,3.553
1.34848530861111,3.584,1.34846547388889,3.563,1.3567922575,3.543
1.34876291416667,3.584,1.34874314388889,3.563,1.35706969361111,3.543
1.34904110888889,3.584,1.34902136166667,3.563,1.3573477775,3.553
1.34931904555556,3.584,1.34929884055556,3.563,1.35762584527778,3.543
1.34959705,3.584,1.34957700861111,3.563,1.35790357111111,3.553
1.34987523944444,3.584,1.34985501027778,3.563,1.35818132916667,3.543
1.3501532925,3.584,1.35013274444444,3.563,1.3584595475,3.553
1.35043117083333,3.584,1.35041059083333,3.563,1.35873709666667,3.553
1.35070920611111,3.584,1.35068833222222,3.563,1.35901502222222,3.553
1.35098697888889,3.584,1.35096640833333,3.563,1.35929309055556,3.553
1.35126504361111,3.584,1.3512443625,3.563,1.35957070583333,3.553
1.3515428525,3.584,1.35152222555556,3.563,1.35984887055556,3.553
1.35182059861111,3.584,1.35179977472222,3.563,1.36012698888889,3.553
1.35209854055556,3.584,1.35207757333333,3.563,1.36040509277778,3.553
1.35237661666667,3.584,1.35235597861111,3.563,1.36068267583333,3.553
1.35265433027778,3.584,1.35263373472222,3.563,1.36096072277778,3.553
1.35293195916667,3.584,1.35291152583333,3.563,1.3612385875,3.553
1.35320983944444,3.584,1.35318933722222,3.563,1.36151637,3.553
1.35348756777778,3.584,1.35346704833333,3.563,1.36179448944444,3.553
1.35376588944444,3.584,1.35374486222222,3.563,1.36207231222222,3.553
1.35404348861111,3.584,1.35402277305556,3.563,1.36235040583333,3.553
1.35432155083333,3.584,1.35430017305556,3.563,1.36262809027778,3.553
1.35459933861111,3.584,1.35457787111111,3.563,1.36290614361111,3.553
1.354877265,3.584,1.35485590916667,3.563,1.36318393694444,3.553
1.35515501083333,3.584,1.355133965,3.563,1.36346187416667,3.553
1.35543273833333,3.584,1.35541162416667,3.563,1.36374010222222,3.553
1.35571095638889,3.584,1.35568951222222,3.563,1.36401811361111,3.543
1.35598870388889,3.584,1.35596743888889,3.563,1.36429615416667,3.553
1.35626656944444,3.584,1.35624499277778,3.563,1.36457397305556,3.553
1.35654457555556,3.584,1.35652296305556,3.563,1.364851715,3.553
1.35682225166667,3.584,1.35680071694444,3.563,1.36512964083333,3.553
1.35709993888889,3.584,1.35707859277778,3.563,1.36540733666667,3.553
1.35737808055556,3.584,1.35735649833333,3.563,1.36568534305556,3.553
1.35765554666667,3.584,1.35763423611111,3.563,1.36596317111111,3.553
1.35793346305556,3.584,1.35791210805556,3.563,1.36624110722222,3.553
1.35821139583333,3.584,1.35818990666667,3.563,1.36651886555556,3.553
1.35848932444444,3.584,1.35846768861111,3.563,1.36679653833333,3.553
1.35876676166667,3.584,1.35874565805556,3.563,1.36707440111111,3.553
1.35904488972222,3.584,1.35902348083333,3.563,1.36735221888889,3.553
1.35932236333333,3.584,1.35930107638889,3.563,1.36763033166667,3.553
1.35960035638889,3.584,1.35957880361111,3.563,1.36790792972222,3.553
1.35987799638889,3.584,1.35985698166667,3.563,1.36818600138889,3.553
1.36015617222222,3.584,1.36013455111111,3.563,1.36846416666667,3.543
1.36043396805556,3.584,1.36041248805556,3.563,1.36874220722222,3.553
1.36071159,3.584,1.36069034611111,3.563,1.36901975444444,3.553
1.36098952388889,3.584,1.36096810194444,3.563,1.36929756472222,3.553
1.36126732611111,3.584,1.36124544805556,3.563,1.36957545611111,3.553
1.36154502388889,3.584,1.36152376138889,3.563,1.36985327388889,3.553
1.36182287166667,3.584,1.36180159722222,3.563,1.37013146222222,3.553
1.36210090194444,3.584,1.36207925722222,3.563,1.37040910388889,3.553
1.36237905583333,3.584,1.36235719111111,3.563,1.37068728361111,3.553
1.36265669527778,3.584,1.36263540972222,3.563,1.37096460805556,3.553
1.36293501055556,3.584,1.36291346138889,3.563,1.37124286194444,3.553
1.36321291083333,3.584,1.36319143361111,3.563,1.37152097444444,3.553
1.36349045416667,3.584,1.36346905916667,3.563,1.37179872833333,3.553
1.36376858833333,3.584,1.36374700611111,3.563,1.37207644111111,3.553
1.36404643583333,3.584,1.36402473777778,3.563,1.37235407305556,3.553
1.36432429527778,3.584,1.36430215888889,3.563,1.37263189,3.553
1.36460240222222,3.584,1.36458027472222,3.563,1.37290976944444,3.553
1.36488001222222,3.584,1.36485767388889,3.563,1.37318714972222,3.553
1.36515779055556,3.584,1.36513567027778,3.563,1.37346502277778,3.553
1.36543575277778,3.584,1.365413495,3.563,1.37374324833333,3.553
1.36571342638889,3.584,1.36569144138889,3.563,1.37402123833333,3.553
1.36599131388889,3.584,1.36596902,3.563,1.37429891194444,3.553
1.36626927027778,3.584,1.36624676,3.563,1.3745764575,3.553
1.36654716416667,3.584,1.36652476277778,3.563,1.37485424888889,3.553
1.36682530111111,3.584,1.36680272638889,3.563,1.37513208361111,3.553
1.36710294333333,3.584,1.36708043944444,3.563,1.37540982666667,3.553
1.36738093833333,3.584,1.3673580325,3.563,1.37568790444444,3.553
1.36765883388889,3.584,1.36763609833333,3.563,1.37596554305556,3.553
1.36793668638889,3.584,1.36791378055556,3.563,1.376243435,3.563
1.36821448972222,3.584,1.36819168,3.563,1.37652114888889,3.553
1.36849193444444,3.584,1.36846942805556,3.563,1.37679901472222,3.553
1.36877021361111,3.584,1.36874708638889,3.563,1.37707673388889,3.553
1.36904783138889,3.584,1.36902498388889,3.563,1.37735456583333,3.553
1.36932575888889,3.584,1.36930275777778,3.563,1.37763232694444,3.563
1.36960373527778,3.584,1.36958039583333,3.563,1.37791062638889,3.553
1.36988151833333,3.584,1.36985827,3.563,1.37818852055556,3.553
1.37015913666667,3.584,1.37013613861111,3.563,1.378466335,3.553
1.37043682944444,3.584,1.37041410638889,3.563,1.37874407916667,3.563
1.3707146375,3.584,1.37069199611111,3.563,1.37902196027778,3.553
1.37099259805556,3.584,1.37096994916667,3.563,1.379299925,3.553
1.37127050333333,3.584,1.37124768694444,3.563,1.3795776525,3.553
1.37154842666667,3.584,1.3715253625,3.563,1.37985547666667,3.553
1.37182592583333,3.584,1.37180322777778,3.563,1.38013332194444,3.553
1.37210384722222,3.584,1.37208141111111,3.574,1.38041174,3.553
1.37238171277778,3.584,1.37235951805556,3.563,1.38068937305556,3.553
1.37265982361111,3.584,1.37263732972222,3.563,1.38096711722222,3.563
1.37293753027778,3.584,1.37291497777778,3.563,1.38124522722222,3.553
1.37321581611111,3.584,1.3731931275,3.563,1.38152298444444,3.563
1.37349382527778,3.584,1.37347111722222,3.563,1.38180072583333,3.563
1.3737714525,3.584,1.37374916138889,3.563,1.38207853972222,3.553
1.3740492125,3.584,1.37402682111111,3.563,1.38235610611111,3.553
1.37432684888889,3.584,1.37430454583333,3.563,1.38263429305556,3.563
1.37460470777778,3.584,1.37458306916667,3.563,1.38291243722222,3.553
1.37488261027778,3.584,1.37486089444444,3.563,1.38319006833333,3.553
1.37516047555556,3.584,1.37513920166667,3.563,1.38346806722222,3.563
1.37543772777778,3.584,1.37541670194444,3.563,1.38374575388889,3.563
1.37571598055556,3.584,1.37569461722222,3.563,1.38402386055556,3.553
1.37599363805556,3.584,1.37597235027778,3.563,1.38430152916667,3.553
1.37627172666667,3.584,1.37625025166667,3.563,1.3845793025,3.563
1.37654967166667,3.584,1.37652828472222,3.563,1.38485720805556,3.563
1.376827495,3.584,1.37680646388889,3.563,1.38513510722222,3.563
1.37710546972222,3.584,1.37708412555556,3.563,1.38541278722222,3.563
1.37738275777778,3.584,1.37736193722222,3.563,1.38569043777778,3.553
1.37766105638889,3.584,1.37763999694444,3.563,1.38596863833333,3.563
1.37793856916667,3.584,1.37791779611111,3.563,1.38624652027778,3.553
1.37821630055556,3.584,1.37819578111111,3.574,1.38652465638889,3.563
1.37849456583333,3.584,1.37847340138889,3.563,1.38680243527778,3.563
1.37877224416667,3.584,1.37875107416667,3.563,1.38708030361111,3.553
1.37904991972222,3.584,1.37902900444444,3.563,1.3873579725,3.563
1.37932817583333,3.584,1.37930685111111,3.563,1.38763564055556,3.553
1.37960607833333,3.584,1.37958460805556,3.563,1.38791371611111,3.553
1.37988366388889,3.584,1.37986230777778,3.563,1.38819135777778,3.563
1.38016173861111,3.584,1.38014039,3.563,1.38846910333333,3.563
1.38043933944444,3.584,1.38041814916667,3.574,1.38874681583333,3.563
1.38071727722222,3.584,1.38069632083333,3.563,1.389025365,3.563
1.38099499861111,3.584,1.38097429388889,3.563,1.38930311277778,3.563
1.38127327833333,3.584,1.381252065,3.563,1.3895808675,3.563
1.38155061388889,3.584,1.38153022666667,3.563,1.389858595,3.563
1.38182856138889,3.584,1.38180777055556,3.563,1.39013615388889,3.563
1.38210637333333,3.584,1.38208544583333,3.563,1.39041386666667,3.563
1.38238426277778,3.584,1.38236350666667,3.574,1.39069197611111,3.563
1.38266181527778,3.584,1.38264152222222,3.563,1.39096976333333,3.563
1.382939555,3.584,1.3829193525,3.563,1.39124761916667,3.563
1.3832175075,3.584,1.38319724888889,3.574,1.39152547361111,3.563
1.38349522,3.584,1.38347527694444,3.574,1.39180362833333,3.563
1.38377335333333,3.584,1.38375305388889,3.574,1.39208175416667,3.563
1.38405166305556,3.584,1.38403102083333,3.563,1.39235949833333,3.563
1.38432943055556,3.584,1.3843085525,3.563,1.39263757666667,3.553
1.38460738666667,3.584,1.38458674138889,3.574,1.39291531833333,3.563
1.38488527222222,3.584,1.38486461416667,3.574,1.39319354277778,3.553
1.38516294527778,3.584,1.38514246111111,3.574,1.39347125083333,3.563
1.38544083333333,3.584,1.38542060583333,3.574,1.39374912194444,3.563
1.38571853583333,3.584,1.38569818694444,3.574,1.39402682027778,3.563
1.38599660888889,3.584,1.38597642305556,3.574,1.39430465333333,3.563
1.38627468638889,3.584,1.38625452277778,3.574,1.3945828425,3.563
1.38655256694444,3.584,1.38653229361111,3.563,1.39486075388889,3.563
1.38683074305556,3.584,1.38681014972222,3.574,1.39513858694444,3.563
1.38710833944444,3.584,1.38708800805556,3.563,1.39541631888889,3.563
1.38738614805556,3.584,1.38736597527778,3.563,1.39569450083333,3.563
1.38766403694444,3.584,1.38764399694444,3.574,1.39597205138889,3.563
1.3879421625,3.584,1.38792190027778,3.563,1.39624979111111,3.563
1.38821977638889,3.584,1.38819961527778,3.574,1.39652755638889,3.563
1.38849734305556,3.584,1.388477495,3.563,1.39680540388889,3.563
1.38877578277778,3.584,1.38875528305556,3.574,1.39708314472222,3.563
1.38905379166667,3.584,1.389032895,3.574,1.39736103638889,3.563
1.38933156166667,3.584,1.38931099277778,3.574,1.39763906138889,3.553
1.38960942527778,3.584,1.38958923666667,3.574,1.39791703694444,3.563
1.3898875325,3.584,1.38986723222222,3.574,1.39819506166667,3.563
1.39016506083333,3.584,1.39014524972222,3.574,1.39847274972222,3.563
1.39044300555556,3.584,1.39042292083333,3.574,1.39875072611111,3.563
1.39072082611111,3.584,1.39070074,3.574,1.39902832972222,3.563
1.39099888944444,3.584,1.39097852194444,3.563,1.3993063175,3.563
1.39127661833333,3.584,1.39125645,3.574,1.39958410194444,3.563
1.39155445027778,3.584,1.3915343825,3.574,1.39986191833333,3.563
1.39183252638889,3.584,1.39181194527778,3.574,1.4001401025,3.563
1.39211049583333,3.584,1.39208975944444,3.563,1.40041778166667,3.563
1.39238839805556,3.584,1.39236764444444,3.574,1.40069548888889,3.563
1.39266626861111,3.584,1.39264561138889,3.574,1.40097357694444,3.563
1.39294425277778,3.584,1.39292382333333,3.574,1.40125191,3.563
1.39322167166667,3.584,1.39320125277778,3.574,1.40152930527778,3.563
1.39349942111111,3.584,1.39347914388889,3.574,1.40180709722222,3.563
1.39377765666667,3.584,1.39375741111111,3.574,1.40208520777778,3.563
1.39405502611111,3.584,1.39403519583333,3.574,1.40236284611111,3.563
1.39433314861111,3.584,1.39431327888889,3.563,1.40264042722222,3.563
1.39461101722222,3.584,1.39459105555556,3.574,1.40291846805556,3.563
1.39488830916667,3.584,1.39486894666667,3.574,1.40319649388889,3.563
1.39516662194444,3.584,1.39514695194444,3.574,1.40347480222222,3.563
1.39544448333333,3.584,1.39542480944444,3.574,1.4037524025,3.563
1.39572231944444,3.584,1.39570287888889,3.574,1.40403016722222,3.563
1.39600007888889,3.584,1.39598115388889,3.574,1.40430788388889,3.563
1.39627805277778,3.584,1.39625869555556,3.574,1.40458570666667,3.563
1.39655588416667,3.584,1.39653645833333,3.574,1.40486355138889,3.563
1.39683371111111,3.584,1.39681415305556,3.574,1.40514171833333,3.563
1.39711185388889,3.584,1.39709267055556,3.574,1.40541942305556,3.563
1.39738911722222,3.584,1.39737061111111,3.574,1.40569702305556,3.563
1.39766716722222,3.584,1.39764828666667,3.574,1.40597472444444,3.563
1.39794524527778,3.584,1.39792618972222,3.574,1.40625255916667,3.563
1.39822304833333,3.584,1.39820409444444,3.574,1.40653074888889,3.563
1.39850077361111,3.584,1.39848151388889,3.563,1.4068083925,3.563
1.39877881277778,3.584,1.39875933194444,3.563,1.40708579388889,3.563
1.39905660805556,3.584,1.3990376375,3.574,1.40736391111111,3.563
1.39933411027778,3.584,1.39931584916667,3.574,1.40764175472222,3.563
1.39961224944444,3.584,1.39959343222222,3.574,1.40791983277778,3.563
1.39989050777778,3.584,1.39987146416667,3.574,1.40819750027778,3.563
1.400168195,3.584,1.40014896277778,3.574,1.40847563111111,3.563
1.40044601388889,3.584,1.400426525,3.574,1.40875324361111,3.563
1.40072427416667,3.584,1.40070473861111,3.574,1.40903098972222,3.563
1.40100200055556,3.584,1.40098237472222,3.563,1.40930923444444,3.563
1.40127957916667,3.584,1.40126006472222,3.574,1.40958735277778,3.563
1.40155770972222,3.584,1.40153803638889,3.574,1.40986517805556,3.563
1.4018353725,3.584,1.40181589555556,3.574,1.41014334916667,3.563
1.40211344944444,3.584,1.4020937425,3.574,1.4104207975,3.563
1.40239108111111,3.584,1.40237153166667,3.574,1.41069897361111,3.563
1.40266867,3.584,1.40264963722222,3.574,1.41097680138889,3.563
1.40294656333333,3.584,1.40292738583333,3.574,1.41125445444444,3.563
1.40322445361111,3.584,1.40320533805556,3.574,1.41153239833333,3.563
1.40350231694444,3.584,1.40348295083333,3.574,1.41181004166667,3.563
1.40377996777778,3.584,1.40376105472222,3.574,1.41208800944444,3.563
1.40405789305556,3.584,1.40403887361111,3.574,1.41236600333333,3.563
1.40433570888889,3.584,1.40431664083333,3.574,1.41264397194444,3.563
1.40461334972222,3.584,1.40459445416667,3.574,1.41292162722222,3.563
1.40489141972222,3.584,1.40487231277778,3.574,1.41319939138889,3.563
1.40516952722222,3.584,1.40515004083333,3.574,1.4134768525,3.563
1.40544723972222,3.584,1.40542806055556,3.574,1.41375502333333,3.563
1.40572493833333,3.584,1.40570591361111,3.574,1.41403272388889,3.563
1.40600281944444,3.584,1.40598375,3.574,1.41431089277778,3.563
1.40628058277778,3.584,1.40626144416667,3.574,1.41458870611111,3.563
1.40655836777778,3.584,1.40653923888889,3.574,1.41486682222222,3.563
1.40683604805556,3.584,1.40681699055556,3.574,1.41514451472222,3.563
1.4071139225,3.584,1.40709479583333,3.574,1.41542217833333,3.563
1.40739159166667,3.584,1.407372805,3.574,1.41570033583333,3.563
1.40766956472222,3.584,1.40765042083333,3.574,1.41597790833333,3.563
1.40794765444444,3.584,1.40792852444444,3.574,1.41625594972222,3.563
1.40822499333333,3.584,1.40820674027778,3.574,1.41653364916667,3.563
1.40850338305556,3.584,1.40848429305556,3.574,1.41681125222222,3.563
1.40878077638889,3.584,1.40876250138889,3.574,1.4170894175,3.563
1.4090590475,3.584,1.40904064083333,3.574,1.41736729111111,3.563
1.40933688805556,3.584,1.40931838777778,3.574,1.41764496277778,3.563
1.40961497638889,3.584,1.40959647055556,3.574,1.4179230675,3.563
1.40989302,3.584,1.40987416916667,3.574,1.41820057472222,3.563
1.41017096083333,3.584,1.41015207722222,3.574,1.4184782975,3.563
1.41044847888889,3.584,1.41042989138889,3.574,1.41875666416667,3.563
1.41072643194444,3.584,1.41070766916667,3.574,1.41903437111111,3.563
1.41100412805556,3.584,1.41098558083333,3.574,1.41931210888889,3.563
1.41128200388889,3.584,1.41126320777778,3.574,1.41959012388889,3.563
1.41156014972222,3.584,1.41154110555556,3.574,1.41986787444444,3.563
1.41183789194444,3.584,1.41181920666667,3.574,1.42014575944444,3.563
1.41211553722222,3.584,1.41209663944444,3.574,1.420423475,3.563
1.41239327416667,3.584,1.41237432972222,3.574,1.42070132972222,3.563
1.41267108111111,3.584,1.41265216638889,3.574,1.42097941027778,3.563
1.41294898805556,3.584,1.41293059777778,3.574,1.42125724555556,3.563
1.41322712972222,3.584,1.413208355,3.574,1.42153493111111,3.563
1.41350451111111,3.584,1.41348612333333,3.574,1.42181282944444,3.563
1.41378246388889,3.584,1.41376410888889,3.574,1.42209067611111,3.563
1.41406066583333,3.584,1.41404179416667,3.574,1.42236839611111,3.563
1.41433817222222,3.584,1.414319665,3.574,1.422646165,3.563
1.41461619444444,3.584,1.41459799388889,3.574,1.42292431583333,3.563
1.41489396333333,3.584,1.41487570583333,3.574,1.42320264527778,3.563
1.41517192472222,3.584,1.41515394555556,3.574,1.42348013611111,3.563
1.4154498275,3.584,1.41543189027778,3.574,1.42375792944444,3.574
1.41572719222222,3.584,1.41570966166667,3.574,1.42403562777778,3.563
1.41600552527778,3.584,1.41598779861111,3.574,1.42431345694444,3.563
1.41628339611111,3.584,1.41626572833333,3.574,1.42459115,3.574
1.41656186055556,3.584,1.41654355361111,3.574,1.424869225,3.563
1.41683949805556,3.584,1.41682106055556,3.574,1.42514699305556,3.563
1.41711773916667,3.584,1.41709912027778,3.574,1.42542508888889,3.563
1.41739550333333,3.584,1.417376965,3.574,1.42570269027778,3.563
1.41767353722222,3.584,1.41765470527778,3.574,1.42598087444444,3.574
1.41795160833333,3.584,1.41793237,3.574,1.42625849416667,3.563
1.4182295475,3.584,1.41821042861111,3.574,1.42653670472222,3.563
1.41850716138889,3.584,1.41848829805556,3.574,1.42681438888889,3.563
1.41878543638889,3.584,1.41876565083333,3.574,1.42709264138889,3.574
1.41906310555556,3.584,1.41904378277778,3.574,1.42737074944444,3.563
1.41934158166667,3.584,1.41932169333333,3.574,1.42764900833333,3.563
1.41961894555556,3.584,1.41959937055556,3.574,1.42792701333333,3.563
1.41989662194444,3.584,1.41987686611111,3.574,1.42820445222222,3.563
1.42017496166667,3.584,1.42015484694444,3.574,1.42848291833333,3.563
1.42045285944444,3.584,1.42043278,3.574,1.42876085861111,3.574
1.42073055166667,3.584,1.42071068638889,3.574,1.42903821277778,3.563
1.4210083225,3.584,1.42098862694444,3.574,1.42931637166667,3.563
1.42128613388889,3.584,1.42126674833333,3.574,1.42959431833333,3.563
1.42156396055556,3.584,1.42154475805556,3.574,1.42987192916667,3.563
1.42184165305556,3.584,1.42182250444444,3.574,1.430149815,3.563
1.42211943805556,3.584,1.42210017722222,3.574,1.43042765,3.563
1.42239758,3.584,1.42237832861111,3.574,1.43070587888889,3.563
1.4226754775,3.584,1.42265617888889,3.574,1.4309835725,3.563
1.42295276333333,3.584,1.42293414111111,3.574,1.43126141722222,3.563
1.42323113944444,3.584,1.42321178277778,3.574,1.43153884472222,3.563
1.42350884527778,3.584,1.42348997222222,3.574,1.43181705166667,3.563
1.42378675527778,3.584,1.42376758833333,3.574,1.43209495888889,3.574
1.42406464083333,3.584,1.42404590944444,3.574,1.43237287111111,3.574
1.42434231722222,3.584,1.4243238125,3.574,1.43265077444444,3.574
1.424620185,3.584,1.42460205694444,3.574,1.43292871333333,3.563
1.42489828583333,3.584,1.4248799675,3.574,1.43320641277778,3.563
1.42517591805556,3.584,1.42515810555556,3.574,1.43348409416667,3.563
1.42545359583333,3.584,1.42543594638889,3.574,1.4337622025,3.574
1.42573168777778,3.584,1.42571405833333,3.574,1.43403991055556,3.563
1.42600956722222,3.584,1.42599209805556,3.574,1.43431769694444,3.563
1.42628729638889,3.584,1.42627016222222,3.574,1.43459553361111,3.563
1.42656516916667,3.584,1.42654817638889,3.574,1.43487358388889,3.563
1.42684312,3.584,1.42682604527778,3.574,1.43515162972222,3.574
1.42712079861111,3.584,1.42710368638889,3.574,1.43542940055556,3.563
1.42739876861111,3.584,1.42738171944444,3.574,1.43570714916667,3.574
1.42767649138889,3.584,1.42765987111111,3.574,1.43598469166667,3.574
1.4279543,3.584,1.42793763416667,3.574,1.43626298694444,3.563
1.42823204416667,3.584,1.42821553666667,3.574,1.43654117138889,3.563
1.42850997444444,3.584,1.42849322555556,3.574,1.43681879777778,3.574
1.4287878725,3.584,1.42877137305556,3.574,1.4370963275,3.563
1.42906559805556,3.584,1.42904922194444,3.574,1.43737410111111,3.563
1.42934342611111,3.584,1.42932734694444,3.574,1.4376521625,3.574
1.42962122166667,3.584,1.42960496055556,3.574,1.43793035472222,3.574
1.42989933944444,3.584,1.42988267805556,3.574,1.43820794916667,3.574
1.43017680944444,3.584,1.43016085833333,3.574,1.43848580277778,3.563
1.43045486916667,3.584,1.43043849444444,3.574,1.43876372944444,3.574
1.43073257416667,3.584,1.43071631944444,3.574,1.43904162722222,3.563
1.43101025833333,3.584,1.43099448472222,3.574,1.43931949055556,3.563
1.43128819611111,3.584,1.43127211138889,3.574,1.43959732916667,3.574
1.43156577638889,3.584,1.43155027555556,3.574,1.43987514166667,3.574
1.43184384027778,3.584,1.43182840722222,3.574,1.44015293666667,3.563
1.43212159055556,3.584,1.43210605777778,3.574,1.44043103722222,3.574
1.43239924555556,3.584,1.43238373222222,3.574,1.44070897833333,3.574
1.43267702555556,3.584,1.4326617175,3.574,1.44098657111111,3.574
1.4329548425,3.584,1.43294015694444,3.574,1.44126437333333,3.574
1.43323268055556,3.584,1.43321787833333,3.574,1.4415421725,3.574
1.43351057861111,3.584,1.43349545777778,3.574,1.44181993083333,3.574
1.43378834222222,3.584,1.43377375722222,3.574,1.44209807361111,3.563
1.43406638416667,3.584,1.43405181916667,3.574,1.44237612638889,3.574
1.43434442555556,3.584,1.43432979527778,3.574,1.44265418777778,3.563
1.43462222305556,3.584,1.43460742888889,3.574,1.44293197777778,3.574
1.43490049388889,3.584,1.43488525444444,3.574,1.44320975166667,3.574
1.43517875833333,3.584,1.43516308388889,3.574,1.44348731833333,3.574
1.43545681611111,3.584,1.43544108083333,3.574,1.44376536416667,3.563
1.43573444555556,3.584,1.43571892055556,3.574,1.44404332833333,3.563
1.43601190388889,3.584,1.43599661555556,3.574,1.44432070583333,3.574
1.43628995416667,3.584,1.43627466638889,3.574,1.44459885055556,3.574
1.43656772194444,3.584,1.43655300166667,3.574,1.44487680722222,3.574
1.43684564638889,3.584,1.43683064194444,3.574,1.44515476583333,3.574
1.43712340277778,3.584,1.43710837,3.574,1.44543263444444,3.574
1.43740113138889,3.584,1.43738644083333,3.574,1.44571062944444,3.574
1.43767907111111,3.584,1.4376642525,3.574,1.44598830472222,3.563
1.43795654666667,3.584,1.43794233833333,3.574,1.44626619805556,3.574
1.43823440972222,3.584,1.43822029944444,3.574,1.44654429833333,3.574
1.43851227861111,3.584,1.43849816083333,3.574,1.44682262611111,3.574
1.43879038527778,3.584,1.43877627861111,3.574,1.44710023638889,3.574
1.43906808166667,3.584,1.43905426166667,3.574,1.44737806083333,3.574
1.43934584472222,3.584,1.43933202027778,3.574,1.44765618472222,3.563
1.43962384416667,3.584,1.439610085,3.574,1.44793386916667,3.574
1.43990156527778,3.584,1.43988818916667,3.574,1.44821191694444,3.574
1.44017956805556,3.584,1.44016596972222,3.574,1.44848974777778,3.574
1.44045755944444,3.584,1.44044388916667,3.574,1.4487671475,3.574
1.4407354225,3.584,1.44072178805556,3.574,1.44904538361111,3.574
1.44101349638889,3.584,1.44099978722222,3.574,1.4493230025,3.574
1.4412908375,3.584,1.44127731805556,3.574,1.44960106611111,3.574
1.44156891527778,3.584,1.44155532138889,3.574,1.44987882666667,3.574
1.44184660472222,3.584,1.4418331125,3.574,1.4501565825,3.574
1.44212428888889,3.584,1.44211092805556,3.574,1.45043436222222,3.574
1.44240225055556,3.584,1.44238907194444,3.574,1.45071261972222,3.574
1.44268017638889,3.584,1.44266689722222,3.574,1.450990535,3.574
1.44295782722222,3.584,1.44294466805556,3.574,1.45126833333333,3.574
1.44323546194444,3.584,1.44322281583333,3.574,1.45154606138889,3.574
1.44351335638889,3.584,1.44350038444444,3.574,1.45182372416667,3.574
1.44379125277778,3.584,1.44377815472222,3.574,1.452101705,3.574
1.44406876527778,3.584,1.44405591472222,3.574,1.45237930388889,3.574
1.44434674305556,3.584,1.44433369333333,3.574,1.45265689444444,3.574
1.44462468083333,3.584,1.44461152888889,3.574,1.45293538027778,3.574
1.44490272916667,3.584,1.44488970694444,3.574,1.4532129075,3.563
1.44518059277778,3.584,1.44516779722222,3.574,1.45349097416667,3.574
1.44545841916667,3.584,1.44544546972222,3.574,1.45376898555556,3.574
1.445736175,3.584,1.44572290055556,3.574,1.45404654305556,3.574
1.44601384916667,3.584,1.44600141083333,3.574,1.45432468611111,3.574
1.44629169861111,3.584,1.4462790325,3.574,1.45460257555556,3.574
1.44656917583333,3.584,1.44655697416667,3.574,1.45488022444444,3.574
1.44684715138889,3.584,1.44683496305556,3.574,1.45515767472222,3.574
1.44712520027778,3.584,1.44711263083333,3.574,1.45543585583333,3.574
1.44740281722222,3.584,1.44739017694444,3.574,1.45571397277778,3.574
1.4476807275,3.584,1.44766790833333,3.574,1.45599223638889,3.574
1.44795881972222,3.584,1.44794610166667,3.574,1.45627010305556,3.574
1.44823676166667,3.584,1.44822423527778,3.574,1.45654822694444,3.574
1.44851439166667,3.584,1.44850192777778,3.574,1.45682626388889,3.574
1.44879255944444,3.584,1.44878006805556,3.574,1.45710352138889,3.574
1.449070655,3.584,1.44905774611111,3.574,1.45738165388889,3.574
1.44934807277778,3.584,1.44933607194444,3.574,1.45765939166667,3.574
1.44962665944444,3.584,1.44961370083333,3.574,1.45793710611111,3.574
1.44990426694444,3.584,1.44989157138889,3.574,1.45821521055556,3.574
1.45018224805556,3.584,1.4501693425,3.574,1.45849326694444,3.574
1.45046030972222,3.584,1.45044682194444,3.584,1.45877151777778,3.574
1.45073807388889,3.584,1.45072519277778,3.574,1.45904939638889,3.574
1.45101574472222,3.584,1.45100288444444,3.574,1.45932701527778,3.574
1.45129354527778,3.584,1.45128072916667,3.574,1.45960460944444,3.574
1.45157133388889,3.584,1.45155863833333,3.574,1.45988282777778,3.574
1.45184940194444,3.584,1.45183659861111,3.574,1.46016076722222,3.574
1.45212739472222,3.584,1.45211448166667,3.574,1.46043854583333,3.574
1.45240525861111,3.584,1.45239224972222,3.584,1.46071627388889,3.574
1.45268322305556,3.584,1.45266965027778,3.584,1.46099408888889,3.574
1.45296081611111,3.584,1.45294791805556,3.574,1.46127184666667,3.574
1.45323863805556,3.584,1.4532257,3.574,1.46154997805556,3.574
1.45351640444444,3.584,1.45350393638889,3.574,1.46182786333333,3.574
1.45379442166667,3.584,1.45378169888889,3.574,1.46210564916667,3.574
1.45407250611111,3.584,1.45405954611111,3.574,1.46238393472222,3.574
1.45435027055556,3.584,1.45433691833333,3.574,1.46266196972222,3.574
1.45462866472222,3.584,1.45461495333333,3.574,1.46293964888889,3.574
1.45490647833333,3.584,1.45489294694444,3.574,1.46321741166667,3.574
1.45518415,3.584,1.4551706875,3.574,1.46349552388889,3.574
1.45546181722222,3.584,1.45544862611111,3.574,1.46377329111111,3.574
1.45574004305556,3.584,1.45572673305556,3.574,1.46405106388889,3.574
1.45601751944444,3.584,1.45600483166667,3.574,1.46432920277778,3.574
1.45629590361111,3.584,1.45628299805556,3.574,1.46460714444444,3.574
1.45657330305556,3.584,1.45656075083333,3.574,1.46488506166667,3.574
1.45685134694444,3.584,1.45683860222222,3.584,1.46516315138889,3.574
1.45712920166667,3.584,1.45711650277778,3.574,1.46544076027778,3.574
1.45740712055556,3.584,1.45739444388889,3.584,1.46571848388889,3.574
1.4576846925,3.584,1.45767204666667,3.584,1.46599634916667,3.574
1.45796251194444,3.584,1.45795034888889,3.574,1.46627449583333,3.574
1.45824031972222,3.584,1.45822813194444,3.574,1.46655218111111,3.574
1.4585181025,3.584,1.4585060175,3.584,1.4668303925,3.574
1.45879575527778,3.584,1.45878401361111,3.574,1.46710796833333,3.574
1.45907364555556,3.584,1.45906186138889,3.574,1.46738580083333,3.574
1.45935173277778,3.584,1.45933981388889,3.574,1.46766397333333,3.574
1.45962952944444,3.584,1.45961800027778,3.574,1.46794159222222,3.574
1.45990762277778,3.584,1.45989573138889,3.574,1.46821960666667,3.574
1.4601852075,3.584,1.4601735625,3.574,1.46849761416667,3.574
1.46046303638889,3.584,1.46045131611111,3.584,1.468775215,3.574
1.460741005,3.584,1.46072902277778,3.574,1.46905331527778,3.574
1.46101851111111,3.584,1.46100653416667,3.574,1.46933144222222,3.574
1.46129645805556,3.584,1.46128492027778,3.574,1.46960909527778,3.574
1.46157436666667,3.584,1.46156286666667,3.574,1.46988688944444,3.574
1.46185197722222,3.584,1.46184042805556,3.584,1.47016464583333,3.574
1.46213010388889,3.584,1.46211852166667,3.574,1.47044243722222,3.574
1.46240779333333,3.584,1.46239668916667,3.574,1.47072032805556,3.574
1.46268536222222,3.584,1.4626745775,3.584,1.47099864027778,3.574
1.46296320944444,3.584,1.4629523325,3.574,1.47127652777778,3.574
1.46324100666667,3.584,1.46323054972222,3.574,1.47155437388889,3.574
1.46351909805556,3.584,1.46350864277778,3.574,1.4718321625,3.574
1.46379674694444,3.584,1.46378646666667,3.584,1.47210984833333,3.574
1.46407475277778,3.584,1.46406431055556,3.574,1.4723878125,3.574
1.46435267972222,3.584,1.46434219583333,3.574,1.47266543611111,3.574
1.46463001916667,3.584,1.46461983916667,3.574,1.47294319194444,3.574
1.46490806472222,3.584,1.46489778222222,3.574,1.47322115611111,3.574
1.46518582222222,3.584,1.46517540888889,3.584,1.47349875333333,3.574
1.46546383333333,3.584,1.4654530975,3.574,1.47377642111111,3.574
1.46574184638889,3.584,1.46573100833333,3.574,1.47405412555556,3.574
1.46602003944444,3.584,1.466009155,3.574,1.47433183861111,3.574
1.46629806055556,3.584,1.46628702277778,3.574,1.47461007333333,3.574
1.46657596861111,3.584,1.46656449638889,3.574,1.47488770388889,3.574
,,1.46684257694444,3.574,1.475165875,3.574
,,1.46712029027778,3.574,1.47544363611111,3.574
,,1.46739833805556,3.584,1.47572152611111,3.574
,,1.46767622972222,3.584,1.47599927611111,3.574
,,1.46795391111111,3.574,1.47627706138889,3.574
,,1.46823170194444,3.574,1.4765549025,3.574
,,1.46850956472222,3.574,1.4768328725,3.574
,,1.46878763666667,3.584,1.47711084583333,3.574
,,1.46906528444444,3.574,1.47738819444444,3.574
,,1.46934331444444,3.574,1.47766645361111,3.574
,,1.469621095,3.584,1.47794415166667,3.574
,,1.46989895666667,3.574,1.47822252611111,3.574
,,1.47017671861111,3.584,1.47850046944444,3.574
,,1.47045482166667,3.574,1.47877836722222,3.574
,,1.47073238833333,3.584,1.47905642805556,3.574
,,1.47101012472222,3.574,1.47933391888889,3.574
,,1.47128840916667,3.584,1.479611875,3.574
,,1.47156611416667,3.584,1.4798900625,3.574
,,1.47184419277778,3.574,1.48016809527778,3.574
,,1.47212198277778,3.584,1.48044569333333,3.574
,,1.47239991277778,3.574,1.480723905,3.574
,,1.47267806222222,3.574,1.48100182444444,3.574
,,1.47295566888889,3.574,1.4812798725,3.574
,,1.47323357111111,3.574,1.48155763138889,3.574
,,1.473511465,3.584,1.48183563055556,3.574
,,1.47378908,3.584,1.48211357722222,3.574
,,1.47406706333333,3.584,1.48239098027778,3.574
,,1.4743450525,3.584,1.48266909833333,3.574
,,1.47462255333333,3.574,1.4829471725,3.574
,,1.47490035361111,3.584,1.48322538805556,3.574
,,1.47517831388889,3.584,1.48350302583333,3.574
,,1.47545592555556,3.574,1.48378072888889,3.574
,,1.47573378916667,3.584,1.48405859333333,3.574
,,1.47601156361111,3.584,1.48433675555556,3.574
,,1.47628949027778,3.584,1.48461445694444,3.574
,,1.47656740361111,3.584,1.48489219472222,3.574
,,1.47684508805556,3.584,1.48517037333333,3.574
,,1.47712315805556,3.574,1.48544836,3.574
,,1.47740127722222,3.584,1.48572599861111,3.574
,,1.47767946944444,3.584,1.48600419472222,3.574
,,1.47795715944444,3.584,1.48628200138889,3.574
,,1.47823496833333,3.584,1.48655977861111,3.574
,,1.47851264722222,3.574,1.48683749611111,3.574
,,1.47879061305556,3.574,1.48711564222222,3.574
,,1.47906807,3.574,1.48739326305556,3.574
,,1.47934593277778,3.574,1.4876710325,3.574
,,1.47962373027778,3.584,1.48794850222222,3.574
,,1.47990153166667,3.584,1.48822702444444,3.574
,,1.48017919944444,3.584,1.48850434833333,3.574
,,1.48045709972222,3.574,1.48878264833333,3.574
,,1.48073498638889,3.584,1.48906069416667,3.574
,,1.48101296388889,3.574,1.48933867055556,3.574
,,1.48129090527778,3.584,1.48961674972222,3.574
,,1.48156881138889,3.574,1.48989437361111,3.574
,,1.48184677277778,3.574,1.49017215416667,3.574
,,1.48212483638889,3.584,1.49044999722222,3.574
,,1.48240279916667,3.584,1.49072807638889,3.574
,,1.48268038222222,3.584,1.49100578583333,3.574
,,1.48295787777778,3.584,1.49128350361111,3.574
,,1.483235645,3.584,1.49156166138889,3.574
,,1.48351389361111,3.584,1.49183932833333,3.574
,,1.48379182416667,3.584,1.49211751583333,3.574
,,1.48406959055556,3.574,1.49239527083333,3.574
,,1.48434737777778,3.584,1.492672925,3.574
,,1.48462552027778,3.584,1.49295099333333,3.574
,,1.48490288,3.584,1.49322910138889,3.574
,,1.48518102527778,3.584,1.49350700305556,3.574
,,1.485458945,3.584,1.49378477722222,3.574
,,1.48573653194444,3.584,1.49406262277778,3.574
,,1.486014585,3.584,1.49434048055556,3.574
,,1.48629263194444,3.584,1.49461836166667,3.574
,,1.48657055777778,3.584,1.49489666305556,3.574
,,1.48684805916667,3.584,1.49517405722222,3.574
,,1.48712594638889,3.584,1.4954521475,3.574
,,1.48740384083333,3.584,1.49572968611111,3.574
,,1.48768173472222,3.584,1.49600748916667,3.574
,,1.48795926472222,3.584,1.49628529472222,3.574
,,1.48823710111111,3.584,1.49656304777778,3.574
,,1.48851476305556,3.584,1.49684101833333,3.574
,,1.48879307611111,3.584,1.49711887055556,3.574
,,1.48907080416667,3.584,1.4973967875,3.574
,,1.48934851166667,3.574,1.49767437027778,3.574
,,1.48962627583333,3.584,1.49795212805556,3.574
,,1.4899040675,3.584,1.49823029361111,3.574
,,1.49018203888889,3.574,1.49850794777778,3.574
,,1.49046013111111,3.584,1.49878577722222,3.574
,,1.49073788222222,3.584,1.4990636225,3.574
,,1.49101618694444,3.584,1.49934147638889,3.574
,,1.49129406222222,3.584,1.49961933194444,3.574
,,1.49157196694444,3.584,1.49989711361111,3.574
,,1.49184981805556,3.584,1.50017522083333,3.574
,,1.49212766888889,3.584,1.50045335694444,3.574
,,1.49240563916667,3.584,1.50073137694444,3.574
,,1.49268393833333,3.584,1.50100919138889,3.574
,,1.49296164388889,3.584,1.50128715777778,3.574
,,1.49323967861111,3.574,1.50156490694444,3.574
,,1.49351746611111,3.584,1.50184298222222,3.574
,,1.49379531055556,3.584,1.50212062277778,3.574
,,1.49407261083333,3.584,1.50239902805556,3.574
,,1.49435115861111,3.584,1.50267645833333,3.574
,,1.49462943083333,3.584,1.50295439805556,3.574
,,1.49490715055556,3.584,1.50323213722222,3.574
,,1.49518508638889,3.584,1.50351003916667,3.574
,,1.49546296833333,3.584,1.50378774555556,3.574
,,1.49574076111111,3.574,1.5040659525,3.574
,,1.49601880666667,3.584,1.50434357527778,3.574
,,1.49629655333333,3.584,1.50462175611111,3.574
,,1.49657446777778,3.584,1.50489938833333,3.574
,,1.4968523975,3.584,1.50517718222222,3.584
,,1.49713021805556,3.584,1.50545490888889,3.574
,,1.49740801111111,3.584,1.50573318083333,3.574
,,1.49768545472222,3.584,1.50601116777778,3.574
,,1.497963435,3.584,1.50628847194444,3.574
,,1.49824142027778,3.584,1.50656633555556,3.574
,,1.49851913138889,3.584,1.506844215,3.574
,,1.49879651555556,3.584,1.50712232722222,3.574
,,1.49907477361111,3.584,1.50740041388889,3.574
,,1.49935252527778,3.584,1.50767829333333,3.574
,,1.49963026944444,3.574,1.507956355,3.574
,,1.49990806,3.584,1.50823416305556,3.574
,,1.5001857125,3.584,1.50851187333333,3.574
,,1.50046414361111,3.584,1.50878971305556,3.574
,,1.5007417875,3.584,1.50906790694444,3.574
,,1.50101972861111,3.584,1.50934566361111,3.574
,,1.50129759277778,3.584,1.50962364611111,3.574
,,1.50157572888889,3.584,1.50990165777778,3.584
,,1.50185397055556,3.584,1.51017953194444,3.574
,,1.5021315625,3.584,1.51045722305556,3.574
,,1.50240969916667,3.584,1.51073530777778,3.574
,,1.50268738805556,3.584,1.51101304694444,3.574
,,1.50296522194444,3.584,1.51129054222222,3.574
,,1.50324263527778,3.584,1.51156860833333,3.574
,,1.50352069472222,3.584,1.51184632916667,3.574
,,1.50379880111111,3.584,1.51212451055556,3.574
,,1.50407652861111,3.584,1.51240216972222,3.574
,,1.50435432138889,3.584,1.51267991583333,3.574
,,1.5046321025,3.584,1.51295763638889,3.574
,,1.50490993472222,3.584,1.51323581583333,3.574
,,1.50518759138889,3.584,1.51351360638889,3.574
,,1.50546540027778,3.584,1.51379134916667,3.574
,,1.50574318444444,3.584,1.51406931305556,3.574
,,1.50602108583333,3.584,1.51434707055556,3.574
,,1.50629869222222,3.584,1.51462499055556,3.574
,,1.506576525,3.584,1.51490287277778,3.574
,,1.50685456222222,3.584,1.51518042055556,3.574
,,1.50713261333333,3.584,1.5154585675,3.574
,,1.50741081638889,3.584,1.51573651027778,3.574
,,1.50768862277778,3.574,1.51601442694444,3.574
,,1.50796629472222,3.584,1.51629224833333,3.574
,,1.50824384472222,3.584,1.51657035833333,3.574
,,1.50852185916667,3.584,1.51684804722222,3.574
,,1.50879962722222,3.584,1.51712586472222,3.574
,,1.50907735,3.584,1.51740377138889,3.574
,,1.50935529527778,3.584,1.51768152555556,3.574
,,1.509632655,3.584,1.51795970361111,3.574
,,1.50991067611111,3.584,1.51823747277778,3.574
,,1.51018866138889,3.584,1.51851526583333,3.574
,,1.5104662275,3.584,1.51879302861111,3.584
,,1.51074438694444,3.584,1.51907081972222,3.574
,,1.51102188277778,3.584,1.51934868,3.574
,,1.51129964611111,3.584,1.51962632722222,3.574
,,1.51157781555556,3.584,1.51990455944444,3.574
,,1.51185590305556,3.584,1.52018221722222,3.574
,,1.51213397555556,3.584,1.52045988833333,3.574
,,1.51241172861111,3.584,1.52073812666667,3.584
,,1.51268944888889,3.584,1.52101589611111,3.574
,,1.51296760888889,3.584,1.52129368277778,3.574
,,1.51324563527778,3.584,1.52157140833333,3.584
,,1.51352357055556,3.584,1.52184957027778,3.574
,,1.513801215,3.584,1.52212763055556,3.574
,,1.51407898555556,3.584,1.52240550472222,3.574
,,1.51435671916667,3.584,1.52268350666667,3.574
,,1.51463488777778,3.584,1.52296142638889,3.574
,,1.514912715,3.584,1.52323923861111,3.574
,,1.515190825,3.584,1.52351703416667,3.584
,,1.51546852944444,3.584,1.52379437388889,3.584
,,1.51574633861111,3.584,1.52407257555556,3.574
,,1.51602407972222,3.584,1.52435022805556,3.574
,,1.51630200611111,3.584,1.52462812944444,3.584
,,1.5165799625,3.584,1.52490589888889,3.574
,,1.51685763222222,3.584,1.52518348138889,3.584
,,1.51713557083333,3.584,1.52546147833333,3.574
,,1.51741323388889,3.584,1.52573911916667,3.574
,,1.51769138611111,3.584,1.52601701194444,3.574
,,1.51796915055556,3.584,1.52629513388889,3.574
,,1.51824700472222,3.584,1.52657344388889,3.584
,,1.5185250325,3.584,1.52685104555556,3.574
,,1.5188031825,3.584,1.52712913166667,3.574
,,1.51908111666667,3.584,1.52740696027778,3.584
,,1.51935876361111,3.584,1.52768506527778,3.584
,,1.51963654083333,3.584,1.52796266222222,3.574
,,1.51991434833333,3.584,1.52824094861111,3.574
,,1.5201922425,3.584,1.52851854638889,3.584
,,1.52047026388889,3.584,1.52879631027778,3.574
,,1.52074793833333,3.584,1.5290741475,3.574
,,1.52102611527778,3.584,1.52935225388889,3.574
,,1.52130393777778,3.584,1.52962977583333,3.584
,,1.52158148166667,3.584,1.52990784583333,3.574
,,1.52185955694444,3.584,1.53018591694444,3.574
,,1.52213728944444,3.584,1.53046396027778,3.584
,,1.52241505666667,3.584,1.53074153777778,3.574
,,1.52269292,3.584,1.53101938777778,3.574
,,1.52297086861111,3.584,1.53129708388889,3.574
,,1.52324844166667,3.584,1.53157497,3.584
,,1.52352683888889,3.584,1.531852655,3.584
,,1.52380451916667,3.584,1.53213022694444,3.574
,,1.52408258055556,3.584,1.53240794472222,3.574
,,1.52436063138889,3.584,1.53268624472222,3.584
,,1.52463851277778,3.584,1.53296433055556,3.574
,,1.52491596555556,3.584,1.53324225472222,3.584
,,1.525193785,3.584,1.5335201025,3.574
,,1.52547186138889,3.584,1.53379769083333,3.584
,,1.52575012055556,3.584,1.53407541416667,3.584
,,1.52602807972222,3.584,1.53435334472222,3.574
,,1.52630593472222,3.584,1.53463077833333,3.574
,,1.52658373,3.584,1.53490853472222,3.584
,,1.52686168416667,3.584,1.53518658555556,3.584
,,1.52713936333333,3.584,1.53546467444444,3.574
,,1.52741725055556,3.584,1.53574249083333,3.584
,,1.52769564055556,3.584,1.53602053361111,3.584
,,1.52797324916667,3.584,1.53629833583333,3.584
,,1.52825141694444,3.584,1.53657596638889,3.584
,,1.52852878861111,3.584,1.53685400166667,3.584
,,1.52880696083333,3.584,1.53713193833333,3.584
,,1.52908504027778,3.584,1.53741,3.584
,,1.52936270138889,3.584,1.53768751833333,3.574
,,1.52964040583333,3.584,1.53796561277778,3.584
,,1.52991814194444,3.584,1.53824329416667,3.574
,,1.53019634194444,3.584,1.53852112888889,3.584
,,1.53047433277778,3.584,1.538799125,3.584
,,1.53075187694444,3.584,1.53907687361111,3.584
,,1.53102972583333,3.584,1.53935454805556,3.574
,,1.53130762527778,3.584,1.53963251,3.574
,,1.531585555,3.584,1.53991014638889,3.574
,,1.53186329444444,3.584,1.54018839444444,3.574
,,1.53214095166667,3.584,1.54046569277778,3.584
,,1.53241888666667,3.584,1.54074381972222,3.584
,,1.53269681361111,3.584,1.54102156277778,3.584
,,1.53297432361111,3.584,1.54129948555556,3.584
,,1.53325231222222,3.584,1.54157721972222,3.584
,,1.53353013722222,3.584,1.54185506333333,3.574
,,1.53380794916667,3.584,1.54213313916667,3.584
,,1.53408586083333,3.584,1.54241072444444,3.584
,,1.53436393194444,3.584,1.54268852222222,3.584
,,1.53464168972222,3.584,1.54296637472222,3.584
,,1.53491948916667,3.584,1.5432438175,3.584
,,1.53519727666667,3.584,1.54352196333333,3.584
,,1.53547508944444,3.584,1.54379969805556,3.584
,,1.53575289527778,3.584,1.54407784638889,3.584
,,1.53603070638889,3.584,1.54435549777778,3.584
,,1.53630870611111,3.584,1.54463358861111,3.574
,,1.53658647777778,3.584,1.54491114361111,3.584
,,1.53686436083333,3.584,1.54518900861111,3.584
,,1.5371418025,3.584,1.54546675916667,3.584
,,1.537419885,3.584,1.54574459416667,3.584
,,1.53769759333333,3.584,1.54602300111111,3.584
,,1.53797536444444,3.584,1.54630104666667,3.584
,,1.53825332805556,3.584,1.54657889166667,3.584
,,1.53853139527778,3.584,1.54685676027778,3.584
,,1.53880902361111,3.584,1.54713402944444,3.584
,,1.53908650111111,3.584,1.54741204833333,3.584
,,1.53936446166667,3.584,1.54769028388889,3.574
,,1.53964256222222,3.584,1.54796807194444,3.584
,,1.5399202275,3.584,1.54824583777778,3.584
,,1.5401985975,3.584,1.54852349472222,3.584
,,1.54047632944444,3.584,1.5488013375,3.584
,,1.54075432305556,3.584,1.54907924222222,3.584
,,1.54103230611111,3.584,1.54935695083333,3.584
,,1.54130981472222,3.584,1.54963451861111,3.584
,,1.54158838444444,3.584,1.54991264916667,3.574
,,1.54186590722222,3.584,1.55019084611111,3.584
,,1.54214394166667,3.584,1.55046844416667,3.584
,,1.54242184972222,3.584,1.55074601388889,3.574
,,1.54269969166667,3.584,1.5510242325,3.584
,,1.54297740388889,3.584,1.55130199722222,3.584
,,1.54325533277778,3.584,1.551580105,3.584
,,1.5435329025,3.584,1.55185818361111,3.584
,,1.54381085805556,3.584,1.55213569472222,3.584
,,1.54408870833333,3.584,1.55241374805556,3.584
,,1.54436697361111,3.584,1.55269134861111,3.584
,,1.54464454277778,3.584,1.55296957166667,3.584
,,1.54492266722222,3.584,1.553247425,3.584
,,1.54520072333333,3.584,1.55352521222222,3.584
,,1.54547846222222,3.584,1.55380313361111,3.584
,,1.54575638777778,3.584,1.55408072888889,3.584
,,1.54603411722222,3.584,1.55435858472222,3.584
,,1.54631207888889,3.584,1.55463638638889,3.584
,,1.54658989472222,3.584,1.55491425333333,3.584
,,1.54686790694444,3.584,1.55519181361111,3.584
,,1.547145415,3.584,1.55547004888889,3.584
,,1.54742388666667,3.584,1.55574771472222,3.584
,,1.54770144027778,3.584,1.5560257325,3.584
,,1.54797925944444,3.584,1.55630379722222,3.584
,,1.5482572,3.584,1.55658177277778,3.584
,,1.54853470388889,3.584,1.5568597875,3.574
,,1.54881275972222,3.584,1.55713781527778,3.584
,,1.54909057222222,3.584,1.55741587027778,3.584
,,1.54936861555556,3.584,1.55769354583333,3.584
,,1.54964622222222,3.584,1.55797149861111,3.584
,,1.54992419111111,3.584,1.55824942805556,3.584
,,1.55020206666667,3.584,1.55852681888889,3.584
,,1.55048000055556,3.584,1.55880514194444,3.584
,,1.55075764833333,3.584,1.55908270444444,3.584
,,1.5510354675,3.584,1.55936093583333,3.584
,,1.55131328027778,3.584,1.55963858777778,3.584
,,1.55159102027778,3.584,1.55991628888889,3.584
,,1.55186892694444,3.584,1.56019444222222,3.584
,,1.55214658361111,3.584,1.56047239694444,3.584
,,1.55242427416667,3.584,1.56075028722222,3.584
,,1.55270237555556,3.584,1.56102817027778,3.584
,,1.55298055083333,3.584,1.56130571416667,3.584
,,1.553258195,3.584,1.56158401666667,3.584
,,1.553536055,3.584,1.56186177361111,3.584
,,1.55381355333333,3.584,1.56213950833333,3.584
,,1.55409146138889,3.584,1.56241708305556,3.584
,,1.55436943027778,3.584,1.56269494777778,3.584
,,1.554647145,3.584,1.56297266888889,3.584
,,1.55492500472222,3.584,1.56325110416667,3.574
,,1.55520262666667,3.584,1.5635289725,3.584
,,1.55548073583333,3.584,1.56380682833333,3.584
,,1.55575879416667,3.584,1.56408470027778,3.584
,,1.55603620638889,3.584,1.56436248944444,3.584
,,1.55631450194444,3.584,1.56464051305556,3.584
,,1.5565922025,3.584,1.56491835638889,3.584
,,1.55687018777778,3.584,1.56519590944444,3.584
,,1.55714797944444,3.584,1.56547384444444,3.584
,,1.55742565777778,3.584,1.56575203861111,3.584
,,1.557703795,3.584,1.56602986666667,3.584
,,1.55798175,3.584,1.56630780472222,3.584
,,1.55825964,3.584,1.56658548333333,3.584
,,1.55853799055556,3.584,1.56686335638889,3.584
,,1.55881573138889,3.584,1.56714115333333,3.584
,,1.559093845,3.584,1.56741880527778,3.584
,,1.55937174888889,3.584,1.56769703777778,3.584
,,1.55964973555556,3.584,1.5679747275,3.584
,,1.55992752305556,3.584,1.56825243722222,3.584
,,1.56020577805556,3.584,1.56853032833333,3.584
,,1.56048341777778,3.584,1.56880797055556,3.584
,,1.56076140583333,3.584,1.56908614833333,3.584
,,1.56103890555556,3.584,1.56936410277778,3.584
,,1.56131721361111,3.584,1.56964185138889,3.584
,,1.56159511666667,3.584,1.56991962833333,3.584
,,1.56187292944444,3.584,1.57019750638889,3.584
,,1.56215144472222,3.584,1.57047554805556,3.584
,,1.56242908388889,3.584,1.57075309361111,3.584
,,1.56270689916667,3.584,1.57103073166667,3.584
,,1.56298457583333,3.584,1.5713092725,3.584
,,1.56326270611111,3.584,1.57158654277778,3.584
,,1.5635402125,3.584,1.57186496888889,3.584
,,1.56381830111111,3.584,1.57214270277778,3.584
,,1.56409606805556,3.584,1.57242019055556,3.584
,,1.56437417305556,3.584,1.57269815527778,3.584
,,1.56465224444444,3.584,1.57297643361111,3.584
,,1.56492980916667,3.584,1.57325402722222,3.584
,,1.56520774833333,3.584,1.57353194305556,3.584
,,1.56548548972222,3.584,1.57380983027778,3.584
,,1.56576352527778,3.584,1.57408744555556,3.584
,,1.56604139777778,3.584,1.57436536027778,3.584
,,1.56631872611111,3.584,1.57464301611111,3.584
,,1.56659679138889,3.584,1.57492108027778,3.584
,,1.56687501916667,3.584,1.57519878833333,3.584
,,1.56715264111111,3.584,1.57547705277778,3.584
,,1.56743011583333,3.584,1.57575469666667,3.584
,,1.56770799777778,3.584,1.57603284694444,3.584
,,1.56798635138889,3.584,1.57631054583333,3.584
,,1.56826379777778,3.584,1.57658863777778,3.584
,,1.56854222,3.584,1.57686666194444,3.584
,,1.56881981777778,3.584,1.57714477194444,3.584
,,1.56909769083333,3.584,1.57742225333333,3.584
,,1.56937553805556,3.584,1.57770043722222,3.584
,,1.56965317472222,3.584,1.57797835194444,3.584
,,1.56993108361111,3.584,1.57825619277778,3.584
,,1.57020880194444,3.584,1.57853403111111,3.584
,,1.57048694222222,3.584,1.57881188166667,3.584
,,1.57076465027778,3.584,1.57908976138889,3.584
,,1.57104279888889,3.584,1.57936762944444,3.584
,,1.57132052916667,3.584,1.57964552305556,3.584
,,1.5715984125,3.584,1.57992330111111,3.584
,,1.57187618055556,3.584,1.58020119111111,3.584
,,1.57215405805556,3.584,1.58047886194444,3.584
,,1.57243181194444,3.584,1.58075663722222,3.584
,,1.57270966361111,3.584,1.58103456166667,3.584
,,1.57298742888889,3.584,1.5813126125,3.584
,,1.57326531333333,3.584,1.58159026527778,3.584
,,1.57354288888889,3.584,1.58186836027778,3.584
,,1.57382099194444,3.584,1.58214606055556,3.584
,,1.57409851944444,3.584,1.58242451583333,3.584
,,1.57437667111111,3.584,1.58270231,3.584
,,1.57465409777778,3.584,1.58298005722222,3.584
,,1.57493213833333,3.584,1.58325740222222,3.584
,,1.57521017222222,3.584,1.58353562611111,3.584
,,1.57548827111111,3.584,1.58381322555556,3.584
,,1.57576581277778,3.584,1.58409133222222,3.584
,,1.57604374361111,3.584,1.58436903083333,3.584
,,1.57632172361111,3.584,1.58464706111111,3.584
,,1.57659899527778,3.584,1.58492466277778,3.584
,,1.57687706055556,3.584,1.58520303055556,3.584
,,1.57715496694444,3.584,1.58548071805556,3.584
,,1.57743287916667,3.584,1.58575886333333,3.584
,,1.57771064472222,3.584,1.58603665638889,3.584
,,1.57798859277778,3.584,1.58631471166667,3.584
,,1.57826610583333,3.584,1.58659243861111,3.584
,,1.57854420972222,3.584,1.58687027555556,3.584
,,1.57882219611111,3.584,1.58714823805556,3.584
,,1.57910000083333,3.584,1.58742649944444,3.584
,,1.57937817611111,3.584,1.58770423138889,3.584
,,1.57965569583333,3.584,1.5879818775,3.584
,,1.57993397722222,3.584,1.58825975,3.584
,,1.58021157694444,3.584,1.58853745555556,3.584
,,1.58048973138889,3.584,1.58881551916667,3.584
,,1.58076771111111,3.584,1.58909325777778,3.584
,,1.58104542111111,3.584,1.58937094833333,3.584
,,1.58132341527778,3.584,1.58964924055556,3.584
,,1.58160121944444,3.584,1.58992676138889,3.584
,,1.58187879333333,3.584,1.590204985,3.584
,,1.58215681194444,3.584,1.59048312888889,3.584
,,1.5824343975,3.584,1.59076050472222,3.584
,,1.58271273361111,3.584,1.59103868861111,3.584
,,1.58299012972222,3.584,1.59131637277778,3.584
,,1.58326838222222,3.584,1.5915940475,3.584
,,1.58354618111111,3.584,1.59187222388889,3.584
,,1.5838240025,3.584,1.59214995888889,3.584
,,1.58410184083333,3.584,1.59242803666667,3.584
,,1.58437957583333,3.584,1.59270613472222,3.584
,,1.58465760694444,3.584,1.59298367527778,3.584
,,1.58493517138889,3.584,1.59326171638889,3.584
,,1.58521329388889,3.584,1.59353929555556,3.584
,,1.58549105555556,3.584,1.59381713555556,3.584
,,1.58576888472222,3.584,1.59409485722222,3.584
,,1.58604690861111,3.584,1.59437263194444,3.584
,,1.58632471722222,3.584,1.59465023333333,3.584
,,1.58660237388889,3.584,1.59492840638889,3.584
,,1.58688061166667,3.584,1.59520646694444,3.584
,,1.58715840388889,3.594,1.59548414555556,3.584
,,1.58743595361111,3.584,1.59576188555556,3.584
,,1.58771391944444,3.584,1.59603952555556,3.584
,,1.58799175055556,3.584,1.59631743833333,3.584
,,1.58826938722222,3.584,1.59659520666667,3.584
,,1.58854723555556,3.584,1.59687303888889,3.584
,,1.58882512083333,3.584,1.59715081722222,3.584
,,1.58910329555556,3.584,1.59742859055556,3.584
,,1.58938109944444,3.584,1.59770674583333,3.584
,,1.5896588075,3.584,1.59798470722222,3.584
,,1.58993674583333,3.584,1.59826240083333,3.584
,,1.590214515,3.584,1.59854030361111,3.584
,,1.59049236055556,3.584,1.59881802666667,3.584
,,1.59076988833333,3.584,1.59909574305556,3.584
,,1.59104797,3.584,1.59937373222222,3.584
,,1.59132581194444,3.584,1.59965163194444,3.584
,,1.59160388055556,3.584,1.59992932583333,3.584
,,1.5918814825,3.584,1.60020722138889,3.584
,,1.59215948861111,3.584,1.60048540916667,3.584
,,1.59243717027778,3.584,1.60076325666667,3.584
,,1.59271518444444,3.584,1.60104119194444,3.584
,,1.59299288527778,3.584,1.60131886138889,3.584
,,1.59327088777778,3.584,1.60159679472222,3.584
,,1.59354859138889,3.584,1.60187448972222,3.584
,,1.59382698555556,3.584,1.60215263861111,3.584
,,1.59410496972222,3.584,1.60243023027778,3.584
,,1.59438290805556,3.584,1.60270790027778,3.584
,,1.59466092,3.584,1.6029858825,3.584
,,1.59493892388889,3.584,1.60326354138889,3.584
,,1.59521659777778,3.584,1.60354179583333,3.584
,,1.59549448083333,3.584,1.60381956194444,3.584
,,1.59577237194444,3.584,1.60409752666667,3.584
,,1.59605011861111,3.584,1.60437527,3.584
,,1.59632808916667,3.584,1.60465318111111,3.584
,,1.59660588166667,3.584,1.60493147333333,3.584
,,1.5968838525,3.584,1.60520899138889,3.584
,,1.59716146583333,3.584,1.60548656777778,3.584
,,1.5974394925,3.584,1.60576450944444,3.584
,,1.59771702611111,3.584,1.60604211888889,3.584
,,1.59799481166667,3.584,1.606320395,3.584
,,1.59827259416667,3.584,1.60659811638889,3.584
,,1.59855033222222,3.584,1.60687620805556,3.584
,,1.59882813277778,3.584,1.60715386805556,3.584
,,1.59910579916667,3.584,1.60743162055556,3.584
,,1.59938393222222,3.584,1.60770955916667,3.584
,,1.59966159277778,3.584,1.60798725083333,3.584
,,1.59993932444444,3.584,1.60826559138889,3.584
,,1.60021709416667,3.584,1.60854307,3.584
,,1.60049479555556,3.584,1.60882146416667,3.584
,,1.60077254972222,3.584,1.60909950472222,3.584
,,1.60105032527778,3.584,1.60937747055556,3.584
,,1.60132841361111,3.584,1.609655365,3.584
,,1.60160598083333,3.584,1.60993295611111,3.584
,,1.60188420611111,3.584,1.61021096611111,3.584
,,1.60216212333333,3.584,1.61048899,3.584
,,1.60243991638889,3.584,1.61076683666667,3.584
,,1.60271755083333,3.584,1.61104462138889,3.584
,,1.60299563138889,3.584,1.61132267194444,3.584
,,1.60327323805556,3.584,1.61160043194444,3.584
,,1.60355099472222,3.584,1.61187853305556,3.584
,,1.60382909138889,3.584,1.6121560175,3.584
,,1.60410746055556,3.584,1.61243418916667,3.584
,,1.60438534027778,3.584,1.61271182027778,3.584
,,1.60466328194444,3.584,1.61298937555556,3.584
,,1.60494103027778,3.594,1.61326751666667,3.584
,,1.60521925083333,3.584,1.61354525138889,3.584
,,1.60549665361111,3.584,1.61382298666667,3.584
,,1.60577457555556,3.584,1.61410058027778,3.584
,,1.60605255444444,3.584,1.61437824277778,3.584
,,1.60633054472222,3.584,1.61465599805556,3.584
,,1.60660788166667,3.584,1.61493406888889,3.584
,,1.60688621638889,3.584,1.61521225527778,3.584
,,1.60716420972222,3.584,1.61548993,3.584
,,1.60744203083333,3.584,1.61576818138889,3.584
,,1.60771999611111,3.584,1.61604571638889,3.584
,,1.60799767805556,3.584,1.61632404583333,3.584
,,1.608275315,3.584,1.61660199944444,3.584
,,1.60855316111111,3.584,1.61687984472222,3.584
,,1.60883117861111,3.584,1.61715795527778,3.584
,,1.60910917277778,3.584,1.61743596027778,3.584
,,1.60938698888889,3.584,1.61771386194444,3.584
,,1.60966451527778,3.584,1.61799156333333,3.584
,,1.60994231361111,3.584,1.61826948833333,3.584
,,1.61022017694444,3.584,1.61854733055556,3.584
,,1.61049828222222,3.584,1.618825395,3.584
,,1.61077620361111,3.584,1.61910267333333,3.584
,,1.61105411,3.584,1.61938077444444,3.584
,,1.61133175472222,3.584,1.61965864777778,3.584
,,1.61160961472222,3.594,1.61993645333333,3.584
,,1.61188758083333,3.594,1.62021375388889,3.584
,,1.61216551444444,3.584,1.620492195,3.584
,,1.61244322138889,3.584,1.62076963027778,3.584
,,1.61272089055556,3.584,1.62104766833333,3.584
,,1.61299929055556,3.584,1.62132528694444,3.584
,,1.61327713638889,3.584,1.62160330777778,3.584
,,1.61355522194444,3.584,1.62188111833333,3.584
,,1.6138326125,3.584,1.62215853916667,3.584
,,1.61411085666667,3.584,1.62243624444444,3.584
,,1.61438860666667,3.584,1.62271413611111,3.584
,,1.61466635361111,3.584,1.62299223027778,3.584
,,1.61494405916667,3.584,1.62327038194444,3.584
,,1.61522176916667,3.584,1.62354771694444,3.584
,,1.615499945,3.584,1.62382546527778,3.584
,,1.6157778275,3.594,1.62410351305556,3.584
,,1.61605573472222,3.584,1.62438138972222,3.584
,,1.61633388305556,3.584,1.62465915333333,3.584
,,1.61661199222222,3.584,1.62493693444444,3.584
,,1.61689005972222,3.584,1.62521472194444,3.584
,,1.61716808694444,3.584,1.62549267694444,3.584
,,1.61744630638889,3.584,1.62577082333333,3.584
,,1.61772426388889,3.594,1.62604867166667,3.584
,,1.61800226805556,3.584,1.62632631777778,3.584
,,1.61828022277778,3.584,1.62660415611111,3.584
,,1.6185579075,3.584,1.62688185888889,3.584
,,1.61883543277778,3.584,1.62715999444444,3.584
,,1.61911367361111,3.584,1.62743760527778,3.584
,,1.61939169972222,3.584,1.62771573972222,3.584
,,1.61966950222222,3.584,1.62799379888889,3.584
,,1.61994697138889,3.584,1.62827204305556,3.584
,,1.62022466555556,3.584,1.628549835,3.584
,,1.62050278833333,3.584,1.628827325,3.584
,,1.62078039666667,3.584,1.629105125,3.584
,,1.62105844666667,3.584,1.62938280277778,3.584
,,1.62133628583333,3.584,1.62966068277778,3.584
,,1.62161403388889,3.584,1.62993841666667,3.584
,,1.62189195611111,3.584,1.63021648277778,3.584
,,1.62216977861111,3.584,1.63049457138889,3.584
,,1.62244783194444,3.584,1.63077251222222,3.584
,,1.62272524694444,3.584,1.63105005527778,3.584
,,1.62300314277778,3.594,1.63132801277778,3.584
,,1.62328081944444,3.584,1.63160542333333,3.584
,,1.62355880722222,3.584,1.63188361333333,3.584
,,1.62383643944444,3.584,1.63216145638889,3.584
,,1.62411457722222,3.584,1.63243905027778,3.584
,,1.62439176916667,3.584,1.63271703472222,3.584
,,1.62466987777778,3.584,1.63299465833333,3.584
,,1.62494761027778,3.584,1.63327245944444,3.584
,,1.62522532055556,3.594,1.63355086222222,3.584
,,1.62550339166667,3.584,1.63382895027778,3.584
,,1.62578105277778,3.584,1.63410658027778,3.584
,,1.62605908166667,3.584,1.63438450166667,3.584
,,1.62633675444444,3.584,1.63466208055556,3.584
,,1.62661461777778,3.584,1.63494022416667,3.584
,,1.62689227027778,3.594,1.63521807777778,3.584
,,1.62717018333333,3.584,1.63549594916667,3.584
,,1.62744797333333,3.584,1.63577400222222,3.584
,,1.62772597277778,3.584,1.63605195055556,3.584
,,1.62800440777778,3.584,1.63632965944444,3.584
,,1.62828220861111,3.584,1.636607085,3.584
,,1.62856011555556,3.594,1.63688526166667,3.584
,,1.62883798555556,3.584,1.63716296277778,3.584
,,1.62911573555556,3.584,1.63744070138889,3.584
,,1.62939372555556,3.584,1.63771860194444,3.584
,,1.629671865,3.584,1.63799630416667,3.584
,,1.62994992916667,3.584,1.63827449722222,3.584
,,1.63022737277778,3.584,1.63855241527778,3.584
,,1.63050583805556,3.584,1.63883040527778,3.584
,,1.63078357416667,3.594,1.6391079275,3.584
,,1.63106172444444,3.594,1.63938603861111,3.584
,,1.63133926222222,3.594,1.63966415861111,3.584
,,1.63161699916667,3.584,1.63994152916667,3.584
,,1.6318951025,3.584,1.64022005583333,3.584
,,1.63217323305556,3.584,1.64049768583333,3.584
,,1.63245105361111,3.594,1.64077552527778,3.584
,,1.63272877222222,3.584,1.64105330277778,3.584
,,1.63300653222222,3.584,1.64133171027778,3.584
,,1.63328449166667,3.584,1.6416096425,3.584
,,1.63356187361111,3.594,1.64188770083333,3.584
,,1.63383994722222,3.584,1.64216582194444,3.584
,,1.63411768666667,3.584,1.64244363833333,3.584
,,1.63439555305556,3.594,1.64272147777778,3.584
,,1.63467326611111,3.584,1.64299909222222,3.584
,,1.63495089027778,3.584,1.64327687777778,3.584
,,1.63522844527778,3.584,1.64355471888889,3.584
,,1.63550623861111,3.584,1.64383274861111,3.584
,,1.63578438472222,3.584,1.64411033555556,3.584
,,1.63606198305556,3.584,1.64438826944444,3.584
,,1.63634014972222,3.584,1.64466611861111,3.584
,,1.63661785166667,3.584,1.64494379805556,3.584
,,1.63689564027778,3.584,1.64522195611111,3.584
,,1.63717348138889,3.584,1.64550007611111,3.584
,,1.63745156583333,3.584,1.64577816361111,3.584
,,1.63772958111111,3.584,1.64605591,3.584
,,1.63800750361111,3.584,1.64633374555556,3.584
,,1.63828530611111,3.584,1.64661186805556,3.584
,,1.63856313166667,3.584,1.64688988138889,3.584
,,1.63884074583333,3.584,1.64716737472222,3.584
,,1.63911842833333,3.584,1.64744547888889,3.584
,,1.6393964075,3.584,1.64772333972222,3.584
,,1.63967390805556,3.584,1.64800117305556,3.584
,,1.63995178805556,3.584,1.64827875777778,3.584
,,1.64023003638889,3.584,1.64855667722222,3.584
,,1.64050753361111,3.584,1.64883431416667,3.584
,,1.64078522944444,3.584,1.64911188777778,3.584
,,1.64106344555556,3.584,1.64939029444444,3.584
,,1.64134097722222,3.594,1.64966791972222,3.584
,,1.64161894388889,3.584,1.64994604777778,3.584
,,1.64189666805556,3.584,1.65022423861111,3.584
,,1.64217453777778,3.584,1.65050206583333,3.584
,,1.64245259444444,3.584,1.65077985166667,3.584
,,1.64273048527778,3.584,1.65105799777778,3.584
,,1.64300826305556,3.584,1.65133547472222,3.584
,,1.64328611138889,3.584,1.65161299277778,3.584
,,1.643563725,3.584,1.651891405,3.584
,,1.64384168138889,3.584,1.65216936944444,3.594
,,1.64411959694444,3.584,1.65244722111111,3.584
,,1.64439747777778,3.584,1.65272488527778,3.584
,,1.64467512694444,3.594,1.65300329027778,3.584
,,1.64495306333333,3.584,1.65328075111111,3.584
,,1.64523072444444,3.584,1.65355885833333,3.594
,,1.64550867138889,3.584,1.653836565,3.584
,,1.64578652666667,3.584,1.65411468277778,3.584
,,1.64606450111111,3.594,1.6543927625,3.584
,,1.64634205527778,3.584,1.65467082583333,3.584
,,1.64661984444444,3.584,1.654948995,3.584
,,1.64689795,3.594,1.65522705833333,3.584
,,1.64717598611111,3.584,1.65550470361111,3.584
,,1.64745361583333,3.584,1.6557828075,3.584
,,1.64773126166667,3.584,1.65606080222222,3.584
,,1.64800954972222,3.584,1.6563385,3.584
,,1.64828741222222,3.594,1.65661651055556,3.584
,,1.64856485138889,3.584,1.65689478166667,3.584
,,1.64884307138889,3.584,1.65717247138889,3.584
,,1.64912110027778,3.584,1.65745040444444,3.584
,,1.6493988575,3.584,1.65772763333333,3.584
,,1.64967695388889,3.584,1.65800566916667,3.584
,,1.64995465833333,3.584,1.65828355888889,3.584
,,1.65023235638889,3.584,1.65856150972222,3.584
,,1.65051033,3.584,1.65883936805556,3.584
,,1.65078791777778,3.584,1.65911710916667,3.584
,,1.65106598722222,3.584,1.65939499388889,3.584
,,1.65134380444444,3.584,1.65967273083333,3.584
,,1.65162169944444,3.584,1.65995051861111,3.584
,,1.65189948611111,3.594,1.660228545,3.584
,,1.6521770375,3.584,1.66050609611111,3.584
,,1.65245506055556,3.584,1.66078383388889,3.584
,,1.65273307694444,3.594,1.66106228555556,3.584
,,1.65301082333333,3.594,1.66133974972222,3.584
,,1.65328866611111,3.594,1.66161751138889,3.584
,,1.6535665225,3.594,1.66189520305556,3.584
,,1.65384488888889,3.584
,,1.65412246694444,3.594
,,1.65440044222222,3.584
,,1.65467802083333,3.584
,,1.65495643888889,3.594
,,1.65523399888889,3.584
,,1.65551224166667,3.594
,,1.65579003222222,3.594
,,1.65606779861111,3.594
,,1.65634512333333,3.584
,,1.65662316138889,3.584
,,1.65690123194444,3.584
,,1.6571792175,3.584
,,1.65745718,3.584
,,1.65773490944444,3.584
,,1.65801309055556,3.584
,,1.65829073361111,3.584
,,1.658568505,3.584
,,1.65884637638889,3.584
,,1.65912425888889,3.594
,,1.65940249277778,3.594
,,1.65968021194444,3.584
,,1.65995794305556,3.584
,,1.66023585333333,3.584
,,1.66051327,3.594
,,1.66079141694444,3.594
,,1.66106927111111,3.584
,,1.66134737972222,3.594
,,1.66162487138889,3.584
,,1.66190309888889,3.594
,,1.66218091861111,3.584
,,1.66245870083333,3.584
,,1.66273652444444,3.584
,,1.66301418333333,3.584
,,1.66329216138889,3.594
,,1.66356986555556,3.584
,,1.66384745361111,3.584
,,1.664125695,3.594
,,1.66440399805556,3.584
,,1.66468216722222,3.594
,,1.66496004527778,3.584
,,1.66523764694444,3.584
,,1.66551579861111,3.584
,,1.66579341944444,3.594
,,1.66607162861111,3.584
,,1.66634951638889,3.594
,,1.66662712861111,3.594
,,1.66690507638889,3.594
,,1.66718314027778,3.584
,,1.66746111694444,3.594
,,1.66773897777778,3.584
,,1.668017305,3.584
,,1.66829525416667,3.594
,,1.6685732475,3.594
,,1.66885091888889,3.584
,,1.66912915333333,3.584
,,1.66940676833333,3.584
,,1.66968440166667,3.584
,,1.66996249888889,3.594
,,1.67024003638889,3.594
,,1.67051823805556,3.584
,,1.67079613611111,3.594
,,1.67107372083333,3.584
,,1.67135153305556,3.584
,,1.67162921055556,3.584
,,1.67190677027778,3.584
,,1.67218506222222,3.584
,,1.67246310583333,3.584
,,1.67274120222222,3.594
,,1.67301932472222,3.584
,,1.6732971175,3.594
,,1.6735750175,3.584
,,1.67385294833333,3.594
,,1.67413106472222,3.584
,,1.67440870194444,3.584
,,1.674686735,3.584
,,1.67496432111111,3.584
,,1.67524208111111,3.594
,,1.67552006638889,3.594
,,1.67579756083333,3.584
,,1.67607554138889,3.594
,,1.67635327166667,3.594
,,1.67663090722222,3.584
,,1.67690865361111,3.594
,,1.67718667527778,3.584
,,1.67746432722222,3.584
,,1.67774183388889,3.584
,,1.67802030611111,3.584
,,1.67829769027778,3.584
,,1.6785761,3.594
,,1.67885419388889,3.584
,,1.67913189527778,3.594
,,1.67940927861111,3.594
,,1.67968705361111,3.594
,,1.67996536555556,3.584
,,1.68024314527778,3.584
,,1.68052165944444,3.584
,,1.68079957388889,3.594
,,1.68107723638889,3.584
,,1.68135515833333,3.584
,,1.68163358694444,3.584
,,1.68191144055556,3.584
,,1.68218910888889,3.594
,,1.68246678027778,3.594
,,1.682744545,3.584
,,1.68302204111111,3.584
,,1.68330009722222,3.594
,,1.68357837194444,3.594
,,1.683856185,3.594
,,1.68413414027778,3.584
,,1.68441221888889,3.584
,,1.68469002555556,3.584
,,1.68496733611111,3.594
,,1.68524541583333,3.594
,,1.68552300111111,3.594
,,1.68580120944444,3.594
,,1.68607915055556,3.584
,,1.68635705027778,3.594
,,1.68663483305556,3.584
,,1.68691240194444,3.584
,,1.68719079361111,3.584
,,1.68746853083333,3.594
,,1.68774640972222,3.594
,,1.68802414027778,3.584
,,1.6883023175,3.594
,,1.68857999944444,3.594
,,1.68885801805556,3.594
,,1.68913570666667,3.594
,,1.68941360388889,3.584
,,1.68969127305556,3.594
,,1.68996874833333,3.594
,,1.690247055,3.584
,,1.69052483722222,3.584
,,1.69080263055556,3.594
,,1.69108050888889,3.584
,,1.6913585375,3.584
,,1.6916361875,3.584
,,1.69191448888889,3.584
,,1.692192,3.594
,,1.69246962444444,3.584
,,1.69274783472222,3.594
,,1.69302550027778,3.584
,,1.69330322722222,3.594
,,1.69358075583333,3.584
,,1.69385848583333,3.584
,,1.69413699027778,3.594
,,1.69441500027778,3.594
,,1.69469265083333,3.594
,,1.69497064222222,3.584
,,1.69524855388889,3.584
,,1.69552649472222,3.584
,,1.69580439583333,3.594
,,1.6960823175,3.594
,,1.69636018166667,3.584
,,1.69663792555556,3.584
,,1.69691594388889,3.594
,,1.69719369638889,3.594
,,1.69747163694444,3.594
,,1.69774910555556,3.584
,,1.69802732277778,3.584
,,1.69830513472222,3.594
,,1.69858329305556,3.584
,,1.69886082666667,3.584
,,1.69913875388889,3.594
,,1.69941650388889,3.594
,,1.69969425138889,3.594
,,1.69997214111111,3.594
,,1.70024960472222,3.594
,,1.70052782222222,3.584
,,1.70080574222222,3.584
,,1.70108367027778,3.594
,,1.70136125388889,3.584
,,1.70163910861111,3.594
,,1.70191700444444,3.594
,,1.70219533944444,3.584
,,1.70247336055556,3.594
,,1.70275082972222,3.594
,,1.70302889916667,3.594
,,1.70330698,3.584
,,1.70358496916667,3.594
,,1.70386234166667,3.594
,,1.70414042611111,3.594
,,1.70441845611111,3.594
,,1.70469640111111,3.594
,,1.70497421833333,3.594
,,1.70525221972222,3.594
,,1.70552972916667,3.594
,,1.70580769555556,3.584
,,1.70608540694444,3.594
,,1.70636320972222,3.594
,,1.70664136694444,3.584
,,1.70691909111111,3.594
,,1.707196795,3.584
,,1.70747500833333,3.594
,,1.7077526275,3.594
,,1.70803021111111,3.594
,,1.70830838388889,3.594
,,1.70858601444444,3.594
,,1.70886392888889,3.584
,,1.70914142694444,3.594
,,1.70941936777778,3.584
,,1.70969753833333,3.594
,,1.70997567166667,3.584
,,1.71025380916667,3.584
,,1.71053199277778,3.594
,,1.71080925472222,3.594
,,1.71108732694444,3.594
,,1.71136508027778,3.584
,,1.71164296861111,3.594
,,1.7119204275,3.584
,,1.71219836916667,3.594
,,1.71247609833333,3.594
,,1.71275379083333,3.594
,,1.71303217527778,3.594
,,1.71330963277778,3.584
,,1.71358770472222,3.594
,,1.71386577777778,3.594
,,1.71414355305556,3.594
,,1.71442143944444,3.584
,,1.71469901555556,3.594
,,1.71497682611111,3.594
,,1.715254555,3.584
,,1.71553265611111,3.594
,,1.71581037027778,3.594
,,1.71608853472222,3.584
,,1.71636622777778,3.594
,,1.71664452833333,3.594
,,1.71692220222222,3.594
,,1.71719999527778,3.584
,,1.7174779325,3.594
,,1.71775586555556,3.584
,,1.71803387694444,3.594
,,1.71831142305556,3.594
,,1.71858977527778,3.584
,,1.71886755361111,3.594
,,1.71914558333333,3.594
,,1.71942331166667,3.594
,,1.71970118,3.594
,,1.7199788,3.584
,,1.72025677305556,3.584
,,1.72053468138889,3.584
,,1.72081280416667,3.594
,,1.72109068444444,3.594
,,1.72136864305556,3.594
,,1.72164629027778,3.584
,,1.72192404416667,3.594
,,1.72220211222222,3.594
,,1.72248006444444,3.584
,,1.72275780416667,3.594
,,1.72303577722222,3.594
,,1.72331381611111,3.594
,,1.72359189583333,3.594
,,1.72387002666667,3.584
,,1.72414780444444,3.594
,,1.72442596833333,3.594
,,1.7247036525,3.594
,,1.72498163361111,3.594
,,1.72525963916667,3.594
,,1.72553729666667,3.584
,,1.72581534666667,3.584
,,1.72609350944444,3.584
,,1.72637176166667,3.584
,,1.72664961805556,3.594
,,1.72692750111111,3.584
,,1.7272055425,3.594
,,1.72748288305556,3.594
,,1.72776096888889,3.594
,,1.72803885666667,3.584
,,1.7283169975,3.584
,,1.72859449333333,3.584
,,1.72887276722222,3.594
,,1.72915032833333,3.584
,,1.72942805416667,3.594
,,1.72970608222222,3.594
,,1.72998378833333,3.584
,,1.7302613625,3.584
,,1.73053929916667,3.594
,,1.73081702694444,3.594
,,1.73109487166667,3.584
,,1.73137255444444,3.584
,,1.73165019222222,3.584
,,1.73192826444444,3.584
,,1.73220588388889,3.594
,,1.73248373944444,3.594
,,1.73276169222222,3.584
,,1.73303973888889,3.594
,,1.73331734027778,3.594
,,1.733595665,3.594
,,1.73387357055556,3.594
,,1.73415124527778,3.594
,,1.73442923805556,3.594
,,1.73470740722222,3.584
,,1.73498488472222,3.584
,,1.73526302527778,3.594
,,1.73554102388889,3.594
,,1.73581897,3.584
,,1.73609716027778,3.594
,,1.73637486416667,3.594
,,1.73665258722222,3.584
,,1.73693027388889,3.594
,,1.73720817194444,3.594
,,1.73748641,3.594
,,1.73776409972222,3.594
,,1.73804199944444,3.594
,,1.73831975944444,3.584
,,1.73859815388889,3.594
,,1.73887586583333,3.594
,,1.73915377583333,3.594
,,1.73943139555556,3.594
,,1.73970898833333,3.584
,,1.73998707111111,3.594
,,1.74026503861111,3.594
,,1.74054289305556,3.584
,,1.74082082194444,3.594
,,1.74109844444444,3.594
,,1.74137692611111,3.584
,,1.74165496833333,3.594
,,1.74193260805556,3.594
,,1.74221055222222,3.594
,,1.74248844666667,3.594
,,1.74276616722222,3.594
,,1.743043875,3.594
,,1.743321965,3.594
,,1.74360032777778,3.594
,,1.74387811277778,3.594
,,1.74415578777778,3.594
,,1.74443373972222,3.584
,,1.74471173388889,3.584
,,1.74498948305556,3.594
,,1.74526708194444,3.594
,,1.74554515583333,3.584
,,1.74582262222222,3.584
,,1.74610074055556,3.594
,,1.74637863694444,3.584
,,1.74665644472222,3.594
,,1.74693437138889,3.594
,,1.74721226166667,3.594
,,1.74748985083333,3.584
,,1.74776783916667,3.594
,,1.74804584138889,3.594
,,1.74832369722222,3.584
,,1.74860122194444,3.594
,,1.7488797,3.594
,,1.7491570775,3.584
,,1.74943545972222,3.584
,,1.74971364666667,3.594
,,1.74999142027778,3.594
,,1.75026900361111,3.594
,,1.75054698944444,3.584
,,1.75082465,3.594
,,1.75110254861111,3.594
,,1.751380225,3.594
,,1.75165790472222,3.594
,,1.75193571194444,3.594
,,1.752213485,3.594
,,1.752491325,3.594
,,1.75276923777778,3.584
,,1.75304675722222,3.584
,,1.753324665,3.594
,,1.75360276555556,3.594
,,1.75388066083333,3.594
,,1.75415842055556,3.594
,,1.75443655555556,3.594
,,1.75471480444444,3.594
,,1.75499232027778,3.594
,,1.75527062388889,3.594
,,1.75554864527778,3.594
,,1.75582622166667,3.594
,,1.75610399416667,3.594
,,1.75638181722222,3.594
,,1.75665928222222,3.594
,,1.756937345,3.594
,,1.75721551833333,3.594
,,1.75749320055556,3.594
,,1.75777111277778,3.594
,,1.75804894166667,3.584
,,1.75832687416667,3.594
,,1.75860463611111,3.594
,,1.75888284083333,3.594
,,1.75916055472222,3.594
,,1.75943833388889,3.594
,,1.759716105,3.594
,,1.75999413694444,3.594
,,1.76027198555556,3.594
,,1.76054985777778,3.594
,,1.76082772472222,3.594
,,1.76110590472222,3.594
,,1.7613838475,3.594
,,1.76166129444444,3.594
,,1.76193943722222,3.594
,,1.76221706694444,3.594
,,1.76249487083333,3.594
,,1.76277237444444,3.594
,,1.76305031472222,3.594
,,1.7633283625,3.594
,,1.76360615388889,3.594
,,1.76388352527778,3.594
,,1.76416184611111,3.594
,,1.76443953777778,3.594
,,1.76471758444444,3.594
,,1.76499496777778,3.594
,,1.76527290027778,3.594
,,1.76555044388889,3.594
,,1.76582868305556,3.594
,,1.76610644583333,3.594
,,1.76638414583333,3.594
,,1.76666208638889,3.584
,,1.76693987722222,3.594
,,1.76721759138889,3.594
,,1.76749534527778,3.594
,,1.76777331777778,3.584
,,1.76805129194444,3.594
,,1.76832934166667,3.594
,,1.76860728,3.594
,,1.76888522777778,3.594
,,1.76916332305556,3.594
,,1.76944109472222,3.594
,,1.76971912416667,3.594
,,1.7699969775,3.594
,,1.77027483194444,3.594
,,1.77055299361111,3.594
,,1.77083086083333,3.584
,,1.77110883888889,3.594
,,1.77138645388889,3.594
,,1.77166401777778,3.594
,,1.771942055,3.594
,,1.77222046944444,3.594
,,1.77249821166667,3.594
,,1.77277587333333,3.594
,,1.7730537525,3.594
,,1.77333204277778,3.594
,,1.77360963638889,3.584
,,1.77388744388889,3.594
,,1.77416534888889,3.594
,,1.77444325361111,3.594
,,1.77472094722222,3.594
,,1.77499877861111,3.584
,,1.77527648888889,3.594
,,1.77555444333333,3.594
,,1.77583217944444,3.594
,,1.7761100075,3.594
,,1.77638792722222,3.594
,,1.77666538361111,3.594
,,1.77694334388889,3.594
,,1.77722093583333,3.594
,,1.77749870583333,3.594
,,1.77777678833333,3.594
,,1.77805452888889,3.594
,,1.77833206138889,3.584
,,1.77861007416667,3.594
,,1.77888771472222,3.594
,,1.77916575972222,3.594
,,1.779443295,3.594
,,1.77972121333333,3.594
,,1.77999915472222,3.594
,,1.78027684833333,3.594
,,1.78055466583333,3.594
,,1.78083229861111,3.594
,,1.78111037027778,3.594
,,1.78138823583333,3.594
,,1.78166625111111,3.584
,,1.78194415805556,3.594
,,1.78222202722222,3.594
,,1.78249998888889,3.594
,,1.78277760472222,3.594
,,1.78305559,3.594
,,1.7833339125,3.594
,,1.78361160055556,3.594
,,1.78388977444444,3.594
,,1.78416744583333,3.594
,,1.78444535472222,3.594
,,1.78472307777778,3.594
,,1.78500099361111,3.594
,,1.78527898388889,3.594
,,1.78555686055556,3.594
,,1.78583489,3.594
,,1.78611311194444,3.594
,,1.78639094222222,3.594
,,1.78666906694444,3.594
,,1.78694688805556,3.594
,,1.78722500527778,3.584
,,1.78750264388889,3.594
,,1.78778056444444,3.594
,,1.78805857777778,3.594
,,1.7883362425,3.594
,,1.78861415111111,3.594
,,1.78889224416667,3.594
,,1.78917002027778,3.594
,,1.78944761361111,3.594
,,1.78972537833333,3.594
,,1.79000317027778,3.594
,,1.79028137722222,3.594
,,1.79055944527778,3.594
,,1.790836925,3.594
,,1.79111513277778,3.594
,,1.79139341333333,3.594
,,1.7916708225,3.584
,,1.79194897055556,3.594
,,1.79222664277778,3.594
,,1.79250456888889,3.594
,,1.79278235,3.594
,,1.79306022944444,3.594
,,1.793337625,3.594
,,1.79361586138889,3.594
,,1.7938937525,3.594
,,1.79417151027778,3.594
,,1.79444967694444,3.594
,,1.79472761388889,3.594
,,1.79500549333333,3.594
,,1.79528288138889,3.594
,,1.79556103444444,3.584
,,1.79583886944444,3.594
,,1.79611695,3.594
,,1.79639487583333,3.584
,,1.79667309638889,3.594
,,1.79695061083333,3.594
,,1.79722868416667,3.594
,,1.79750657388889,3.594
,,1.7977847925,3.584
,,1.7980628,3.594
,,1.79834060305556,3.594
,,1.79861873583333,3.594
,,1.79889649388889,3.594
,,1.79917430222222,3.594
,,1.79945220722222,3.594
,,1.79973019277778,3.594
,,1.80000813444444,3.594
,,1.80028573972222,3.594
,,1.80056317833333,3.594
,,1.80084112444444,3.594
,,1.80111887888889,3.594
,,1.80139667472222,3.594
,,1.80167447861111,3.594
,,1.80195251333333,3.594
,,1.80223029861111,3.594
,,1.80250835944444,3.594
,,1.8027862225,3.594
,,1.80306433333333,3.584
,,1.80334249805556,3.594
,,1.80362020916667,3.594
,,1.8038981775,3.594
,,1.80417628777778,3.594
,,1.80445399083333,3.594
,,1.80473169972222,3.594
,,1.80500959388889,3.594
,,1.80528730555556,3.594
,,1.80556514833333,3.594
,,1.80584310277778,3.594
,,1.80612051222222,3.594
,,1.80639824,3.594
,,1.80667610694444,3.594
,,1.80695424055556,3.594
,,1.80723177916667,3.594
,,1.80751005888889,3.594
,,1.80778830361111,3.594
,,1.80806614666667,3.594
,,1.80834410388889,3.594
,,1.8086217675,3.584
,,1.80890005611111,3.594
,,1.8091778175,3.594
,,1.80945571166667,3.594
,,1.80973375888889,3.594
,,1.81001181055556,3.594
,,1.81028968055556,3.584
,,1.81056756805556,3.594
,,1.81084586694444,3.594
,,1.81112381916667,3.594
,,1.81140192916667,3.594
,,1.81167936333333,3.594
,,1.81195752333333,3.594
,,1.81223541944444,3.594
,,1.81251332083333,3.594
,,1.81279112138889,3.594
,,1.81306880361111,3.584
,,1.81334666083333,3.594
,,1.81362472027778,3.584
,,1.81390230638889,3.594
,,1.81417984972222,3.594
,,1.81445814194444,3.594
,,1.81473600166667,3.594
,,1.81501346611111,3.594
,,1.81529190527778,3.594
,,1.81556975555556,3.594
,,1.81584803166667,3.594
,,1.81612558083333,3.594
,,1.81640389111111,3.594
,,1.81668178333333,3.594
,,1.81696017694444,3.594
,,1.81723792777778,3.594
,,1.81751559638889,3.594
,,1.81779374944444,3.594
,,1.818071235,3.594
,,1.81834920222222,3.594
,,1.81862710055556,3.594
,,1.81890515861111,3.594
,,1.81918332333333,3.594
,,1.81946114444444,3.594
,,1.81973893055556,3.594
,,1.82001681444444,3.594
,,1.82029507,3.594
,,1.82057296416667,3.594
,,1.82085133305556,3.594
,,1.82112896305556,3.594
,,1.82140675611111,3.594
,,1.82168480916667,3.594
,,1.82196261138889,3.594
,,1.82224045111111,3.594
,,1.8225183325,3.594
,,1.82279593388889,3.594
,,1.823073685,3.594
,,1.82335179277778,3.594
,,1.82362929027778,3.584
,,1.82390737611111,3.594
,,1.82418519666667,3.594
,,1.82446308444444,3.594
,,1.8247409675,3.594
,,1.82501889555556,3.594
,,1.82529709444444,3.594
,,1.8255748475,3.594
,,1.82585268666667,3.594
,,1.82613056666667,3.594
,,1.82640829527778,3.594
,,1.82668619055556,3.594
,,1.82696390638889,3.594
,,1.82724163777778,3.594
,,1.82751980138889,3.594
,,1.82779756833333,3.594
,,1.82807533333333,3.594
,,1.8283528825,3.594
,,1.82863085694444,3.594
,,1.82890862194444,3.594
,,1.82918659166667,3.594
,,1.82946465777778,3.594
,,1.82974235111111,3.594
,,1.83002023666667,3.594
,,1.83029783222222,3.594
