Timestamp_1 [h],BATT_007_CC1 [V],Timestamp_2 [h],BATT_007_CC2 [V],Timestamp_3 [h],BATT_007_CC3 [V]
0,2.799,0,3.084,0,2.932
0.000203871666666667,2.799,0.000234904166666667,3.084,0.000206341111111111,2.932
0.000481567777777778,2.799,0.000512919166666667,3.084,0.000483685,2.932
0.000759409444444445,2.799,0.000790511388888889,3.084,0.000761843333333333,2.932
0.00103736861111111,2.799,0.00106857055555556,3.084,0.00103948833333333,2.932
0.0013152575,2.799,0.00134685416666667,3.084,0.00131782888888889,3.033
0.00159318055555556,2.799,0.00162484777777778,3.084,0.00159566055555556,3.044
0.00187097277777778,2.799,0.00190279055555556,3.084,0.00187374111111111,3.054
0.00214898722222222,2.799,0.00218082388888889,3.084,0.00215134194444444,3.064
0.00242636305555556,2.799,0.00245849555555556,3.084,0.00242929583333333,3.074
0.00270439916666667,2.799,0.00273630583333333,3.084,0.00270708416666667,3.074
0.00298234083333333,2.799,0.00301455027777778,3.084,0.00298470638888889,3.074
0.00326022166666667,2.799,0.00329211166666667,3.084,0.00326279944444444,3.084
0.00353826166666667,2.799,0.00357020138888889,3.084,0.00354052333333333,3.084
0.0038162075,2.891,0.00384798027777778,3.084,0.00381806944444444,3.084
0.00409399361111111,2.911,0.00412573777777778,3.084,0.00409617916666667,3.095
0.00437230861111111,2.921,0.00440325472222222,3.084,0.00437392972222222,3.095
0.00465022305555556,2.932,0.00468103083333333,3.074,0.00465198,3.105
0.0049281975,2.942,0.00495922388888889,3.084,0.0049298375,3.105
0.0052058775,2.952,0.00523723611111111,3.074,0.00520774083333333,3.105
0.00548351611111111,2.962,0.00551509555555556,3.084,0.00548528583333333,3.115
0.00576108722222222,2.972,0.00579291916666667,3.084,0.00576348388888889,3.115
0.00603898444444444,2.972,0.00607042638888889,3.084,0.00604119611111111,3.125
0.0063170125,2.972,0.00634869638888889,3.084,0.006319405,3.125
0.00659469611111111,2.983,0.00662626277777778,3.084,0.006597465,3.125
0.00687271638888889,2.993,0.00690429027777778,3.084,0.00687547944444445,3.125
0.00715065555555556,2.993,0.007182095,3.074,0.00715355444444444,3.125
0.00742846055555556,3.003,0.00745985694444444,3.166,0.00743180583333333,3.135
0.00770635333333333,3.003,0.00773777472222222,3.176,0.00770946388888889,3.135
0.00798432805555556,3.013,0.0080155725,3.186,0.00798780805555556,3.135
0.00826172805555556,3.013,0.0082932475,3.186,0.00826573388888889,3.135
0.00853989166666667,3.013,0.00857098916666667,3.197,0.00854360611111111,3.135
0.00881761861111111,3.023,0.0088485125,3.197,0.0088213675,3.146
0.00909524333333333,3.023,0.00912677222222222,3.207,0.00909918027777778,3.146
0.00937339777777778,3.033,0.00940452138888889,3.207,0.00937707444444445,3.146
0.00965121333333333,3.033,0.009682435,3.217,0.00965451222222222,3.156
0.00992887611111111,3.033,0.00996024361111111,3.217,0.00993290861111111,3.156
0.0102067919444444,3.033,0.0102383044444444,3.217,0.0102104694444444,3.156
0.0104848052777778,3.044,0.0105159683333333,3.217,0.0104882125,3.156
0.0107625911111111,3.054,0.0107940758333333,3.217,0.0107663497222222,3.166
0.0110403013888889,3.054,0.0110719719444444,3.227,0.0110441091666667,3.156
0.0113178233333333,3.054,0.0113500719444444,3.227,0.0113221755555556,3.166
0.0115958766666667,3.054,0.0116278063888889,3.227,0.0115998041666667,3.166
0.0118737577777778,3.064,0.01190541,3.237,0.0118775619444444,3.166
0.0121516358333333,3.064,0.0121837336111111,3.237,0.0121556655555556,3.166
0.0124291822222222,3.074,0.0124614844444444,3.237,0.0124337291666667,3.166
0.0127070063888889,3.074,0.0127393358333333,3.237,0.0127117480555556,3.176
0.0129847641666667,3.074,0.0130168941666667,3.247,0.0129891744444444,3.176
0.0132628961111111,3.074,0.0132953241666667,3.247,0.0132674055555556,3.176
0.0135404002777778,3.084,0.0135731911111111,3.247,0.0135451583333333,3.176
0.0138180863888889,3.084,0.0138507191666667,3.247,0.0138232902777778,3.186
0.0140957844444444,3.084,0.0141288547222222,3.247,0.0141008813888889,3.186
0.0143738286111111,3.084,0.0144067775,3.247,0.0143790263888889,3.186
0.0146514666666667,3.095,0.0146844958333333,3.258,0.0146567405555556,3.186
0.0149298538888889,3.095,0.0149622930555556,3.247,0.0149349427777778,3.186
0.0152077652777778,3.095,0.0152402438888889,3.258,0.0152124780555556,3.197
0.0154856680555556,3.095,0.0155176694444444,3.258,0.0154910183333333,3.186
0.0157631113888889,3.105,0.0157958238888889,3.258,0.0157687244444444,3.197
0.0160412236111111,3.105,0.0160735583333333,3.258,0.0160467416666667,3.197
0.0163190936111111,3.105,0.0163513316666667,3.258,0.0163243061111111,3.197
0.0165973172222222,3.105,0.0166293288888889,3.258,0.0166021297222222,3.197
0.0168754702777778,3.115,0.0169071375,3.258,0.0168804725,3.207
0.0171535005555556,3.115,0.0171845866666667,3.268,0.0171579152777778,3.197
0.0174314755555556,3.115,0.01746307,3.268,0.0174361158333333,3.207
0.0177091919444444,3.115,0.0177407427777778,3.268,0.0177137891666667,3.207
0.0179870805555556,3.125,0.0180184491666667,3.268,0.0179915361111111,3.207
0.0182644305555556,3.125,0.0182960838888889,3.268,0.0182694983333333,3.207
0.018542935,3.125,0.0185740286111111,3.268,0.0185474458333333,3.207
0.0188204688888889,3.125,0.0188517936111111,3.278,0.0188253633333333,3.217
0.0190985622222222,3.125,0.0191296461111111,3.268,0.0191036233333333,3.217
0.0193762736111111,3.135,0.0194078780555556,3.278,0.0193814072222222,3.217
0.0196539838888889,3.135,0.0196858327777778,3.278,0.0196591919444444,3.217
0.0199317255555556,3.135,0.0199639452777778,3.278,0.01993727,3.217
0.0202094225,3.135,0.02024178,3.278,0.0202154883333333,3.217
0.0204872302777778,3.146,0.0205196744444444,3.278,0.0204934555555556,3.217
0.0207650366666667,3.146,0.0207977961111111,3.278,0.0207712522222222,3.217
0.0210425938888889,3.146,0.0210754280555556,3.278,0.0210491722222222,3.217
0.0213205786111111,3.146,0.021353435,3.288,0.0213269780555556,3.217
0.0215990527777778,3.146,0.0216310211111111,3.288,0.0216048522222222,3.227
0.0218770686111111,3.156,0.0219089552777778,3.288,0.0218826130555556,3.227
0.0221547616666667,3.156,0.0221868569444444,3.278,0.0221606291666667,3.227
0.0224324555555556,3.156,0.0224651066666667,3.288,0.0224382111111111,3.227
0.0227103219444444,3.156,0.0227427941666667,3.288,0.0227161263888889,3.237
0.0229887577777778,3.156,0.0230205391666667,3.288,0.0229940294444444,3.237
0.0232664680555556,3.166,0.02329839,3.288,0.0232717708333333,3.237
0.0235445530555556,3.166,0.0235757494444444,3.288,0.0235494330555556,3.237
0.0238221783333333,3.166,0.0238538702777778,3.288,0.0238271794444444,3.237
0.0241002708333333,3.166,0.0241313458333333,3.288,0.024105025,3.237
0.0243785169444444,3.166,0.0244091894444444,3.288,0.0243831361111111,3.237
0.0246566663888889,3.176,0.0246875772222222,3.288,0.0246608447222222,3.247
0.02493445,3.176,0.0249651555555556,3.288,0.0249385669444444,3.247
0.0252128758333333,3.176,0.0252431716666667,3.288,0.0252168652777778,3.247
0.0254903522222222,3.176,0.0255207333333333,3.298,0.0254946744444444,3.247
0.0257683177777778,3.176,0.0257991244444444,3.288,0.0257721166666667,3.247
0.0260464138888889,3.176,0.0260768975,3.298,0.0260505780555556,3.247
0.0263244080555556,3.176,0.0263549244444444,3.298,0.0263284691666667,3.247
0.0266025797222222,3.176,0.0266327805555556,3.298,0.0266065094444444,3.258
0.0268802663888889,3.186,0.0269106141666667,3.298,0.0268843094444444,3.258
0.0271580669444444,3.186,0.0271884505555556,3.298,0.0271620116666667,3.258
0.0274358980555556,3.186,0.0274663441666667,3.298,0.0274397316666667,3.258
0.027713925,3.186,0.0277445072222222,3.298,0.0277173652777778,3.258
0.0279919002777778,3.197,0.0280222258333333,3.298,0.0279958044444444,3.258
0.0282697230555556,3.186,0.0282999538888889,3.298,0.0282740416666667,3.258
0.0285474805555556,3.197,0.0285773933333333,3.298,0.0285515641666667,3.258
0.0288252788888889,3.197,0.0288553444444444,3.298,0.0288294647222222,3.258
0.0291030269444444,3.207,0.0291332569444444,3.298,0.0291074405555556,3.258
0.0293813138888889,3.207,0.0294114475,3.298,0.0293851538888889,3.258
0.0296592158333333,3.197,0.0296891236111111,3.298,0.0296632958333333,3.268
0.0299369155555556,3.207,0.0299668761111111,3.298,0.0299411597222222,3.268
0.0302150027777778,3.207,0.0302446569444444,3.309,0.0302190891666667,3.268
0.0304928022222222,3.207,0.0305227563888889,3.309,0.0304971808333333,3.268
0.0307705033333333,3.207,0.0308009094444444,3.309,0.0307749677777778,3.268
0.0310482786111111,3.207,0.0310785388888889,3.309,0.0310530977777778,3.268
0.0313263058333333,3.217,0.0313565333333333,3.309,0.0313312755555556,3.268
0.0316036783333333,3.217,0.0316344216666667,3.309,0.0316086252777778,3.268
0.0318816094444444,3.217,0.0319123019444444,3.309,0.0318867641666667,3.268
0.0321596108333333,3.217,0.032190175,3.309,0.0321645127777778,3.268
0.0324371061111111,3.217,0.0324682405555556,3.319,0.0324424183333333,3.278
0.0327149616666667,3.217,0.0327456822222222,3.309,0.03272023,3.278
0.0329930447222222,3.217,0.0330238436111111,3.309,0.0329982225,3.278
0.0332705405555556,3.217,0.0333017591666667,3.309,0.0332757586111111,3.278
0.0335487061111111,3.217,0.0335792552777778,3.309,0.0335537966666667,3.278
0.0338264119444444,3.227,0.0338571805555556,3.309,0.0338318586111111,3.278
0.0341041611111111,3.227,0.0341349358333333,3.319,0.0341094172222222,3.278
0.0343820441666667,3.227,0.0344125097222222,3.319,0.0343877108333333,3.288
0.0346599130555556,3.227,0.0346905983333333,3.319,0.0346651936111111,3.278
0.0349377205555556,3.227,0.0349679727777778,3.319,0.0349433188888889,3.288
0.0352157033333333,3.227,0.0352458636111111,3.319,0.0352212222222222,3.288
0.0354937461111111,3.227,0.0355238411111111,3.319,0.0354993294444444,3.288
0.0357713780555556,3.227,0.0358019002777778,3.319,0.0357769955555556,3.288
0.0360491952777778,3.237,0.0360799255555556,3.319,0.0360548483333333,3.288
0.0363270747222222,3.237,0.0363579019444445,3.319,0.0363326647222222,3.288
0.0366047752777778,3.237,0.0366355355555555,3.319,0.0366106747222222,3.288
0.0368822094444444,3.237,0.0369139255555556,3.319,0.0368883322222222,3.288
0.0371604569444444,3.237,0.0371916747222222,3.319,0.0371663347222222,3.288
0.0374377702777778,3.237,0.0374695158333333,3.319,0.0374441311111111,3.288
0.0377159816666667,3.237,0.0377478591666667,3.319,0.0377221838888889,3.288
0.0379937611111111,3.247,0.0380254286111111,3.319,0.0380004825,3.288
0.0382712497222222,3.247,0.0383033097222222,3.319,0.0382782172222222,3.288
0.0385489486111111,3.247,0.0385808111111111,3.329,0.0385558330555556,3.298
0.0388269708333333,3.247,0.0388592888888889,3.319,0.0388337230555556,3.298
0.0391047327777778,3.247,0.0391372347222222,3.319,0.0391115047222222,3.298
0.0393825225,3.247,0.0394149175,3.319,0.0393889444444444,3.298
0.0396600013888889,3.247,0.0396927475,3.329,0.0396671391666667,3.298
0.0399378375,3.247,0.0399703152777778,3.319,0.0399447669444444,3.298
0.0402159752777778,3.258,0.0402484669444444,3.319,0.0402224633333333,3.298
0.0404936186111111,3.258,0.0405263302777778,3.329,0.0405004125,3.298
0.0407713147222222,3.258,0.0408042272222222,3.329,0.0407782241666667,3.298
0.0410492230555555,3.258,0.0410820897222222,3.329,0.0410560688888889,3.298
0.04132702,3.258,0.0413599602777778,3.319,0.0413339269444444,3.298
0.0416048927777778,3.258,0.0416377577777778,3.329,0.041611845,3.298
0.0418832963888889,3.258,0.0419157002777778,3.329,0.0418896391666667,3.309
0.0421609030555556,3.258,0.0421936641666667,3.329,0.0421674211111111,3.298
0.0424389661111111,3.258,0.04247154,3.329,0.0424452141666667,3.309
0.0427171330555556,3.268,0.0427494627777778,3.329,0.0427230372222222,3.298
0.0429946975,3.268,0.0430271186111111,3.329,0.0430008783333333,3.309
0.0432730169444444,3.268,0.0433050186111111,3.329,0.0432788352777778,3.309
0.043550995,3.268,0.0435828216666667,3.329,0.0435565811111111,3.309
0.0438292375,3.268,0.043860305,3.329,0.0438349202777778,3.309
0.0441071633333333,3.268,0.0441383477777778,3.329,0.0441127013888889,3.309
0.0443847975,3.268,0.0444164538888889,3.329,0.044390595,3.309
0.0446626583333333,3.268,0.0446938952777778,3.329,0.0446684788888889,3.309
0.0449404591666667,3.278,0.0449719061111111,3.329,0.0449466330555556,3.309
0.0452185088888889,3.268,0.0452497869444444,3.329,0.0452245536111111,3.309
0.0454964097222222,3.278,0.0455274752777778,3.329,0.0455023405555556,3.309
0.0457741672222222,3.278,0.0458052702777778,3.329,0.0457798658333333,3.319
0.0460522388888889,3.278,0.0460830186111111,3.329,0.0460577483333333,3.309
0.0463299575,3.278,0.0463606636111111,3.329,0.0463353047222222,3.319
0.0466079847222222,3.278,0.0466386369444444,3.329,0.0466130677777778,3.309
0.0468858116666667,3.278,0.0469163563888889,3.329,0.0468912894444444,3.319
0.0471640552777778,3.278,0.0471944375,3.329,0.0471690830555556,3.319
0.0474416486111111,3.278,0.0474723455555556,3.329,0.0474470227777778,3.319
0.0477196580555556,3.278,0.0477502683333333,3.329,0.0477245908333333,3.319
0.0479974852777778,3.288,0.0480281866666667,3.329,0.0480027938888889,3.319
0.0482755530555556,3.288,0.0483059713888889,3.329,0.0482806188888889,3.319
0.0485534977777778,3.288,0.0485840925,3.329,0.0485589238888889,3.319
0.0488310663888889,3.288,0.04886218,3.329,0.0488365052777778,3.319
0.0491088280555556,3.288,0.0491398841666667,3.329,0.0491141391666667,3.319
0.0493868144444444,3.288,0.0494181291666667,3.339,0.0493923788888889,3.319
0.04966466,3.288,0.0496959547222222,3.329,0.0496704738888889,3.319
0.0499419727777778,3.288,0.049973825,3.339,0.0499482930555556,3.319
0.0502201358333333,3.288,0.0502515455555556,3.329,0.0502261447222222,3.319
0.0504983902777778,3.288,0.0505296963888889,3.339,0.0505040111111111,3.319
0.0507760127777778,3.288,0.0508071191666667,3.339,0.0507818097222222,3.319
0.0510540488888889,3.288,0.0510854655555556,3.329,0.0510599433333333,3.319
0.0513318875,3.288,0.0513631861111111,3.329,0.0513379672222222,3.329
0.0516096861111111,3.288,0.0516411941666667,3.329,0.0516156830555556,3.319
0.0518877080555556,3.288,0.0519192525,3.329,0.0518935458333333,3.329
0.0521652886111111,3.298,0.0521972147222222,3.329,0.0521712938888889,3.329
0.0524432836111111,3.298,0.0524748280555556,3.329,0.0524491127777778,3.329
0.0527208944444444,3.298,0.0527525344444444,3.329,0.0527269902777778,3.319
0.0529989188888889,3.298,0.0530305625,3.329,0.0530051113888889,3.329
0.0532767438888889,3.298,0.0533083847222222,3.329,0.0532831363888889,3.329
0.0535544508333333,3.298,0.0535861516666667,3.339,0.0535607619444444,3.329
0.0538319269444444,3.298,0.0538636497222222,3.329,0.0538387230555556,3.329
0.0541101094444444,3.298,0.0541418283333333,3.339,0.0541167908333333,3.329
0.0543880511111111,3.298,0.0544197172222222,3.329,0.0543943919444444,3.329
0.0546655766666667,3.298,0.0546973680555556,3.339,0.0546724658333333,3.329
0.0549436722222222,3.298,0.0549752680555556,3.339,0.0549501830555556,3.329
0.0552214997222222,3.298,0.0552530072222222,3.329,0.0552280197222222,3.329
0.0554988475,3.298,0.0555309319444444,3.339,0.0555064472222222,3.329
0.0557771958333333,3.298,0.0558082066666667,3.339,0.0557841680555556,3.329
0.0560552519444444,3.298,0.0560866983333333,3.339,0.0560620269444444,3.329
0.0563330661111111,3.309,0.056364345,3.339,0.0563396711111111,3.329
0.0566108275,3.298,0.056642165,3.339,0.0566176786111111,3.329
0.056888835,3.298,0.0569200536111111,3.339,0.0568955891666667,3.329
0.0571667761111111,3.309,0.0571973486111111,3.339,0.0571737383333333,3.329
0.0574444691666667,3.309,0.0574755216666667,3.329,0.0574517844444444,3.329
0.0577223383333333,3.298,0.0577532916666667,3.339,0.0577296436111111,3.329
0.0580004430555556,3.309,0.0580311594444444,3.339,0.058007335,3.329
0.058278095,3.309,0.0583087736111111,3.339,0.0582853591666667,3.329
0.0585558491666667,3.309,0.0585866080555556,3.339,0.0585632880555556,3.329
0.0588339975,3.309,0.0588642316666667,3.339,0.0588410908333333,3.329
0.0591121644444444,3.309,0.0591418716666667,3.339,0.0591190336111111,3.329
0.0593901033333333,3.309,0.0594199508333333,3.339,0.0593967305555556,3.329
0.0596680016666667,3.309,0.05969758,3.339,0.0596749166666667,3.329
0.0599458905555556,3.319,0.0599752680555556,3.339,0.0599527833333333,3.329
0.0602239994444444,3.309,0.0602532491666667,3.339,0.0602305202777778,3.339
0.0605013738888889,3.319,0.0605312566666667,3.339,0.0605080566666667,3.339
0.0607795711111111,3.309,0.0608090069444444,3.329,0.0607860455555556,3.329
0.0610572961111111,3.319,0.0610870036111111,3.339,0.0610638727777778,3.329
0.0613354786111111,3.319,0.0613651747222222,3.339,0.0613421636111111,3.339
0.0616135994444444,3.319,0.0616431394444444,3.339,0.0616201730555556,3.339
0.0618914666666667,3.319,0.0619204422222222,3.339,0.0618974819444445,3.339
0.06216908,3.319,0.06219852,3.339,0.0621756930555556,3.329
0.0624471736111111,3.319,0.0624764361111111,3.339,0.0624533602777778,3.339
0.0627250219444444,3.319,0.0627542772222222,3.339,0.0627312941666667,3.339
0.0630029836111111,3.319,0.0630321183333333,3.339,0.0630091102777778,3.339
0.0632812116666667,3.319,0.0633101963888889,3.339,0.0632869602777778,3.339
0.0635590969444444,3.319,0.0635878569444444,3.339,0.0635648694444444,3.339
0.0638366983333333,3.319,0.0638657369444444,3.339,0.0638423552777778,3.339
0.0641147105555556,3.319,0.0641440025,3.339,0.0641203713888889,3.339
0.0643927344444444,3.319,0.0644215125,3.339,0.0643982919444444,3.339
0.0646707475,3.319,0.0646993363888889,3.339,0.0646762427777778,3.339
0.06494858,3.319,0.0649770927777778,3.339,0.0649540588888889,3.339
0.0652262108333333,3.319,0.0652551061111111,3.339,0.0652316152777778,3.339
0.0655042869444444,3.319,0.0655330077777778,3.339,0.0655092844444444,3.339
0.0657819152777778,3.319,0.0658107027777778,3.339,0.0657870458333333,3.339
0.0660600572222222,3.319,0.0660887869444444,3.339,0.0660650583333333,3.339
0.0663380147222222,3.319,0.0663667372222222,3.339,0.0663428738888889,3.339
0.0666159477777778,3.319,0.0666443419444444,3.339,0.0666207827777778,3.339
0.0668933663888889,3.319,0.0669220916666667,3.339,0.0668985875,3.339
0.0671717458333333,3.319,0.0671997516666667,3.339,0.0671768566666667,3.339
0.0674492008333333,3.329,0.06747754,3.339,0.0674542377777778,3.339
0.0677272913888889,3.329,0.0677555152777778,3.339,0.0677322652777778,3.339
0.0680052125,3.329,0.0680330138888889,3.339,0.0680104302777778,3.339
0.0682830686111111,3.329,0.0683111972222222,3.339,0.06828813,3.339
0.0685608116666667,3.329,0.0685892127777778,3.339,0.0685660375,3.339
0.0688386608333333,3.329,0.0688667352777778,3.339,0.0688440966666667,3.339
0.0691165430555556,3.329,0.0691445083333333,3.339,0.0691220475,3.339
0.0693944183333333,3.319,0.069422705,3.339,0.0693996686111111,3.339
0.0696722036111111,3.329,0.0697006772222222,3.339,0.0696774861111111,3.339
0.0699502347222222,3.329,0.069978795,3.339,0.0699554513888889,3.339
0.0702279641666667,3.329,0.0702562811111111,3.339,0.0702330844444444,3.339
0.0705060233333333,3.329,0.0705345175,3.339,0.0705113544444445,3.339
0.0707838916666667,3.329,0.0708126008333333,3.339,0.0707893288888889,3.339
0.0710617502777778,3.329,0.0710898569444444,3.339,0.0710669936111111,3.339
0.0713399108333333,3.329,0.0713682325,3.339,0.0713449455555556,3.339
0.0716175758333333,3.329,0.0716462525,3.339,0.0716229722222222,3.339
0.0718953388888889,3.329,0.0719243680555556,3.339,0.0719007105555556,3.339
0.0721736127777778,3.329,0.0722022769444444,3.339,0.0721783594444444,3.339
0.0724515283333333,3.329,0.0724799969444445,3.339,0.0724561916666667,3.339
0.0727292605555555,3.329,0.0727579705555556,3.339,0.0727339238888889,3.339
0.0730069072222222,3.329,0.0730361044444444,3.339,0.0730116347222222,3.339
0.0732851280555556,3.329,0.0733135963888889,3.339,0.0732897733333333,3.339
0.0735628066666667,3.329,0.0735913969444444,3.339,0.0735675636111111,3.339
0.0738405819444444,3.329,0.0738691280555556,3.339,0.0738453436111111,3.339
0.0741186825,3.329,0.0741467952777778,3.339,0.0741233544444444,3.339
0.0743964952777778,3.329,0.0744251408333333,3.339,0.0744012191666667,3.339
0.0746746227777778,3.329,0.0747031788888889,3.339,0.0746787047222222,3.339
0.0749523566666667,3.329,0.0749809525,3.339,0.0749566916666667,3.339
0.0752305072222222,3.329,0.0752590013888889,3.339,0.0752346113888889,3.339
0.0755084913888889,3.329,0.0755368494444444,3.339,0.075512525,3.339
0.0757863083333333,3.329,0.0758143369444444,3.339,0.075790355,3.339
0.0760646669444445,3.329,0.0760923027777778,3.339,0.07606779,3.339
0.0763427530555556,3.329,0.0763706558333333,3.339,0.0763460788888889,3.339
0.0766203666666667,3.329,0.0766484713888889,3.339,0.0766241161111111,3.339
0.0768984375,3.339,0.0769264088888889,3.339,0.0769022313888889,3.339
0.0771764561111111,3.329,0.0772040013888889,3.339,0.0771798322222222,3.339
0.0774541258333333,3.329,0.0774819827777778,3.339,0.0774577433333333,3.339
0.0777321522222222,3.339,0.0777596911111111,3.339,0.0777353566666667,3.339
0.0780099283333333,3.329,0.0780376583333333,3.339,0.0780134058333333,3.339
0.0782878238888889,3.329,0.0783156197222222,3.339,0.0782909975,3.339
0.0785659386111111,3.329,0.0785937247222222,3.339,0.0785688580555556,3.339
0.0788437733333333,3.329,0.0788717127777778,3.339,0.0788464286111111,3.339
0.0791213744444444,3.329,0.0791499491666667,3.339,0.0791244169444444,3.339
0.0793988675,3.329,0.0794278694444445,3.339,0.0794027361111111,3.339
0.0796773,3.329,0.0797054283333333,3.339,0.079680275,3.339
0.0799549372222222,3.339,0.0799834991666667,3.339,0.0799581727777778,3.339
0.0802329983333333,3.339,0.0802616836111111,3.339,0.0802359019444444,3.339
0.0805111525,3.339,0.0805397536111111,3.339,0.0805136205555556,3.339
0.0807888861111111,3.339,0.0808175938888889,3.339,0.0807915452777778,3.339
0.0810669033333333,3.339,0.0810955361111111,3.339,0.0810688955555556,3.339
0.0813446705555556,3.329,0.0813733436111111,3.339,0.0813469408333333,3.339
0.0816224611111111,3.329,0.0816510894444444,3.339,0.0816251025,3.339
0.0819002563888889,3.339,0.0819289313888889,3.339,0.0819024927777778,3.339
0.0821783002777778,3.339,0.08220653,3.339,0.0821808997222222,3.339
0.0824566469444444,3.339,0.0824846375,3.339,0.0824590775,3.339
0.0827342647222222,3.339,0.0827621161111111,3.339,0.0827364894444444,3.339
0.0830122011111111,3.339,0.0830403327777778,3.339,0.0830145913888889,3.339
0.0832899138888889,3.339,0.0833180416666667,3.339,0.0832926230555556,3.339
0.0835679,3.339,0.0835956908333333,3.339,0.0835707758333333,3.339
0.0838457541666667,3.339,0.0838733513888889,3.339,0.0838487875,3.339
0.0841233161111111,3.339,0.0841512833333333,3.339,0.0841261636111111,3.339
0.0844012925,3.339,0.0844291888888889,3.339,0.0844039019444444,3.339
0.0846793827777778,3.339,0.0847072394444444,3.339,0.0846817052777778,3.339
0.0849576663888889,3.339,0.0849848,3.339,0.0849599105555556,3.339
0.0852354636111111,3.339,0.0852629241666667,3.339,0.0852374730555556,3.339
0.0855130366666667,3.339,0.0855408680555556,3.339,0.0855155888888889,3.339
0.0857911844444444,3.339,0.0858189941666667,3.339,0.0857934297222222,3.339
0.086068855,3.339,0.0860971658333333,3.339,0.0860710708333333,3.339
0.0863465175,3.339,0.0863751005555556,3.339,0.0863486805555556,3.339
0.0866243630555556,3.339,0.0866529419444444,3.339,0.0866267927777778,3.339
0.086902325,3.339,0.0869308505555555,3.339,0.086904755,3.339
0.0871802044444444,3.339,0.0872084261111111,3.339,0.0871827011111111,3.339
0.0874584422222222,3.339,0.0874865344444444,3.339,0.0874608652777778,3.339
0.0877361602777778,3.339,0.0877644908333333,3.339,0.0877387266666667,3.339
0.0880139452777778,3.339,0.0880425775,3.339,0.0880165247222222,3.339
0.0882920208333333,3.339,0.0883204913888889,3.339,0.0882944455555556,3.339
0.0885697005555556,3.339,0.0885984388888889,3.339,0.0885723913888889,3.339
0.0888473830555555,3.339,0.0888765486111111,3.339,0.0888499616666667,3.339
0.0891252025,3.339,0.0891547477777778,3.339,0.0891274894444444,3.339
0.0894030361111111,3.339,0.0894328005555556,3.339,0.0894053322222222,3.339
0.0896811808333333,3.339,0.0897106091666667,3.339,0.0896833286111111,3.339
0.0899593963888889,3.339,0.0899883972222222,3.339,0.0899613688888889,3.349
0.0902370675,3.339,0.0902664122222222,3.339,0.0902393225,3.339
0.0905147077777778,3.339,0.0905439594444444,3.339,0.0905170325,3.339
0.0907927097222222,3.339,0.0908222255555556,3.339,0.0907949438888889,3.339
0.0910709688888889,3.339,0.0911003725,3.339,0.0910727738888889,3.339
0.09134867,3.339,0.0913776994444444,3.339,0.09135099,3.339
0.0916264327777778,3.339,0.0916561075,3.339,0.0916291638888889,3.339
0.0919045627777778,3.339,0.0919339636111111,3.339,0.0919070077777778,3.339
0.0921821261111111,3.339,0.09221159,3.349,0.0921847905555556,3.339
0.0924600597222222,3.339,0.09248902,3.339,0.0924628227777778,3.349
0.0927380383333333,3.339,0.0927671680555556,3.339,0.09274097,3.339
0.0930159105555556,3.339,0.0930447336111111,3.339,0.0930187163888889,3.339
0.0932937602777778,3.339,0.0933227277777778,3.339,0.0932960997222222,3.339
0.0935714144444444,3.339,0.0936004105555556,3.339,0.0935741541666667,3.349
0.093849325,3.339,0.0938783594444444,3.339,0.0938518086111111,3.349
0.0941274713888889,3.339,0.094156435,3.339,0.0941295697222222,3.339
0.0944049697222222,3.339,0.0944342486111111,3.339,0.0944079158333333,3.349
0.0946831533333333,3.339,0.094711805,3.349,0.0946857772222222,3.349
0.0949614108333333,3.339,0.0949899436111111,3.339,0.0949635130555556,3.339
0.0952393383333333,3.339,0.0952676977777778,3.339,0.0952411569444444,3.339
0.0955168086111111,3.339,0.0955455858333333,3.339,0.0955192063888889,3.339
0.0957947930555556,3.339,0.0958232983333333,3.349,0.0957970211111111,3.339
0.0960726030555556,3.339,0.0961010847222222,3.349,0.0960749858333333,3.339
0.0963503475,3.339,0.0963786755555556,3.349,0.096352855,3.339
0.09662855,3.339,0.0966563888888889,3.349,0.0966305461111111,3.349
0.0969062061111111,3.339,0.0969345197222222,3.339,0.0969090461111111,3.339
0.0971839486111111,3.339,0.0972118622222222,3.339,0.0971868419444444,3.339
0.0974617047222222,3.339,0.0974903252777778,3.339,0.0974648230555556,3.349
0.0977402166666667,3.339,0.0977677219444444,3.349,0.0977426236111111,3.339
0.0980177908333333,3.339,0.0980456822222222,3.349,0.0980204913888889,3.339
0.098295725,3.339,0.0983237375,3.339,0.0982983705555556,3.339
0.0985738316666667,3.339,0.0986015183333333,3.349,0.09857608,3.349
0.0988515152777778,3.339,0.0988793038888889,3.349,0.0988536525,3.339
0.0991291619444444,3.339,0.0991570747222222,3.349,0.0991318516666667,3.349
0.0994072972222222,3.339,0.0994352236111111,3.339,0.0994096566666667,3.349
0.0996851433333333,3.339,0.0997131927777778,3.349,0.0996872247222222,3.349
0.099962895,3.339,0.0999907,3.349,0.0999651361111111,3.339
0.100240554444444,3.339,0.100268800277778,3.339,0.100243006388889,3.339
0.1005186375,3.339,0.100546440277778,3.339,0.100520557222222,3.349
0.100796695,3.339,0.100824549722222,3.339,0.100798544444444,3.349
0.101074968888889,3.339,0.101102346666667,3.349,0.101076755277778,3.349
0.101352365555556,3.339,0.101380236111111,3.349,0.101354856944444,3.349
0.101630380555556,3.339,0.101658133055556,3.349,0.101632771666667,3.349
0.10190823,3.339,0.101935597222222,3.349,0.101910930277778,3.349
0.1021859675,3.339,0.102213500555556,3.349,0.102188689444444,3.349
0.102464113055556,3.339,0.102491403611111,3.349,0.102466395555556,3.349
0.102742146944444,3.339,0.102769019166667,3.349,0.102744929166667,3.349
0.103020108333333,3.339,0.103046933888889,3.349,0.103022971944444,3.349
0.103297803888889,3.339,0.103325080277778,3.349,0.103300600277778,3.349
0.103575949444444,3.339,0.103602705833333,3.349,0.103578378611111,3.349
0.103853639444444,3.339,0.1038807275,3.349,0.103856198611111,3.349
0.104131785,3.339,0.104158919722222,3.349,0.104133790833333,3.349
0.104409956388889,3.339,0.104436743888889,3.349,0.104411589444444,3.349
0.104687865277778,3.339,0.104714033055556,3.349,0.104689195833333,3.349
0.104965660555556,3.339,0.104992015833333,3.349,0.104967057222222,3.339
0.105243142777778,3.339,0.105269623611111,3.349,0.105245406944444,3.349
0.105521199444444,3.339,0.105547849166667,3.349,0.105523160833333,3.349
0.105799365,3.339,0.105825750833333,3.349,0.105800853333333,3.349
0.106077071944444,3.339,0.106103674166667,3.349,0.106078401111111,3.349
0.106354758611111,3.339,0.106381718611111,3.349,0.106356391111111,3.349
0.106632925277778,3.339,0.106659073333333,3.349,0.106634143333333,3.349
0.106910782777778,3.339,0.106937306666667,3.349,0.106911835277778,3.349
0.107188940833333,3.339,0.107214779722222,3.349,0.10718983,3.349
0.107466390833333,3.339,0.107492399444444,3.349,0.10746746,3.349
0.107744534722222,3.339,0.107770411111111,3.349,0.107745303611111,3.349
0.108022345,3.339,0.108048112777778,3.349,0.108023136666667,3.349
0.108300030277778,3.339,0.108326069444444,3.349,0.108301189444444,3.349
0.108577728333333,3.339,0.108603896111111,3.349,0.108579039444444,3.349
0.108855786388889,3.339,0.108881643333333,3.349,0.108856771944444,3.349
0.109133742777778,3.339,0.109159449444444,3.349,0.109134845,3.349
0.109411815833333,3.339,0.109437830833333,3.349,0.109412404166667,3.349
0.109689516944444,3.339,0.109715695555556,3.349,0.109690424722222,3.349
0.109967309722222,3.339,0.1099934775,3.349,0.1099682,3.349
0.110244985277778,3.339,0.110271320555556,3.349,0.110246017222222,3.349
0.110522735,3.339,0.110549433888889,3.349,0.110523773055556,3.349
0.110801115,3.339,0.110827279166667,3.349,0.110801404722222,3.349
0.111079145555556,3.339,0.111105094722222,3.349,0.111079360555556,3.349
0.111357141388889,3.339,0.111383380555556,3.349,0.111357003888889,3.349
0.111634831388889,3.339,0.111661362222222,3.349,0.1116345425,3.349
0.111912691666667,3.339,0.111939035555556,3.349,0.111912605277778,3.349
0.112190238611111,3.339,0.112217167222222,3.349,0.112190320277778,3.349
0.112468127777778,3.339,0.112495050833333,3.349,0.112468045555556,3.349
0.112746073333333,3.339,0.112772850277778,3.349,0.11274617,3.349
0.113024085555556,3.339,0.113050713333333,3.349,0.113023786666667,3.349
0.1133020275,3.339,0.113328769722222,3.349,0.113301675555556,3.349
0.113580111666667,3.339,0.113606704166667,3.349,0.113579650555556,3.349
0.113857991944444,3.339,0.113884695277778,3.349,0.113857609166667,3.349
0.1141355575,3.339,0.114162815833333,3.349,0.1141351425,3.349
0.114413440555556,3.339,0.114440593333333,3.349,0.114412953611111,3.349
0.114690922222222,3.339,0.1147180575,3.349,0.114690815833333,3.349
0.114968588333333,3.339,0.114996449166667,3.349,0.114968509722222,3.349
0.115246398333333,3.339,0.115274347777778,3.349,0.115246607222222,3.349
0.115524465277778,3.339,0.115552487222222,3.349,0.115524529722222,3.349
0.115802523611111,3.339,0.115830372777778,3.349,0.115802444166667,3.349
0.116080731944444,3.339,0.1161081775,3.349,0.116080688611111,3.349
0.116358633888889,3.339,0.116386198611111,3.349,0.116358124166667,3.349
0.116636567222222,3.339,0.116663905,3.349,0.116636375,3.349
0.116914257222222,3.339,0.116942044166667,3.349,0.116913951111111,3.349
0.117191903888889,3.339,0.117220114166667,3.349,0.117191740277778,3.349
0.117469684722222,3.339,0.117498085833333,3.349,0.117469773611111,3.349
0.117747629722222,3.339,0.117775655,3.349,0.117747266388889,3.349
0.118025029444444,3.339,0.118053658055556,3.349,0.118025429444444,3.349
0.118303267222222,3.339,0.118331731944444,3.349,0.118303281944444,3.349
0.118581178055556,3.349,0.118609256388889,3.349,0.118581230555556,3.349
0.118859131666667,3.339,0.118887092777778,3.349,0.118859322777778,3.349
0.119137177222222,3.349,0.119165260277778,3.349,0.119137099722222,3.349
0.119415125277778,3.349,0.119443431388889,3.349,0.119414633611111,3.349
0.119692772777778,3.339,0.119721029722222,3.349,0.1196925575,3.349
0.1199709775,3.339,0.1199991675,3.349,0.119970227222222,3.349
0.120248629722222,3.339,0.120276880277778,3.349,0.120248073055556,3.349
0.120526389722222,3.339,0.120554595833333,3.349,0.120526221666667,3.349
0.120804094166667,3.339,0.120832671666667,3.349,0.120804158055556,3.349
0.121081983055556,3.349,0.121110948055556,3.349,0.121081767222222,3.349
0.121359755,3.349,0.121388598888889,3.349,0.121359912777778,3.349
0.1216373225,3.339,0.121666250277778,3.349,0.121637715555556,3.349
0.121915240555556,3.349,0.121944212777778,3.349,0.121915512222222,3.349
0.122193278333333,3.349,0.1222221875,3.349,0.122193489444444,3.349
0.122471174166667,3.349,0.122499941111111,3.349,0.122471152222222,3.36
0.122749035555556,3.339,0.122777611388889,3.349,0.12274904,3.349
0.123026875555556,3.349,0.123055501388889,3.349,0.123027185555556,3.349
0.123304849722222,3.349,0.1233331175,3.349,0.123305112222222,3.349
0.123582616944444,3.349,0.123611110833333,3.36,0.123582811944444,3.349
0.123860341944444,3.349,0.123888660277778,3.349,0.123860985277778,3.349
0.124138221111111,3.349,0.124166468333333,3.349,0.1241389225,3.349
0.124416156944444,3.339,0.124444796944444,3.349,0.1244170475,3.349
0.124694077222222,3.349,0.124722458611111,3.349,0.124694511666667,3.349
0.124971650277778,3.349,0.125000297222222,3.36,0.124972933611111,3.36
0.125249839166667,3.349,0.125277941944444,3.349,0.1252504625,3.349
0.125527505277778,3.339,0.125555677222222,3.349,0.125528318611111,3.349
0.125805585277778,3.349,0.125834025277778,3.349,0.125806109722222,3.349
0.126083499166667,3.349,0.126111996111111,3.349,0.126083737777778,3.349
0.126360925277778,3.339,0.126389755277778,3.349,0.126361678611111,3.349
0.126639113055556,3.339,0.126667891666667,3.36,0.126639823888889,3.349
0.126916629722222,3.349,0.126945743611111,3.349,0.126917319166667,3.349
0.127194449722222,3.349,0.127223314166667,3.349,0.127195503333333,3.349
0.127472239722222,3.349,0.127501251666667,3.349,0.127473341944444,3.36
0.127750021944444,3.349,0.127779251111111,3.349,0.127751113888889,3.36
0.128027971388889,3.349,0.128056935,3.349,0.128029203055556,3.36
0.128305904166667,3.339,0.128334687222222,3.349,0.128306860277778,3.349
0.128583713611111,3.349,0.128612380555556,3.349,0.128584550833333,3.36
0.12886142,3.349,0.1288903275,3.349,0.128862740277778,3.349
0.129139130277778,3.349,0.129168225,3.36,0.129140439444444,3.349
0.129417347777778,3.349,0.129446349722222,3.36,0.129418655555556,3.349
0.129694973055556,3.349,0.129724150555556,3.349,0.129696610555556,3.349
0.129973033611111,3.349,0.130002233055556,3.349,0.129974678888889,3.349
0.130251146388889,3.339,0.130279865833333,3.349,0.130252225277778,3.349
0.1305288675,3.349,0.130557718055556,3.349,0.13053041,3.349
0.130807110833333,3.339,0.130835473333333,3.349,0.130808563333333,3.349
0.131084533055556,3.349,0.131113039166667,3.36,0.131086154722222,3.349
0.131362491111111,3.349,0.131391156944444,3.36,0.131364299722222,3.349
0.131640263333333,3.349,0.131668977777778,3.349,0.131642444444444,3.349
0.131917849166667,3.349,0.131946271944444,3.349,0.131920026944444,3.36
0.132196028333333,3.349,0.132224455,3.36,0.132198182222222,3.36
0.132474136388889,3.349,0.132502317777778,3.349,0.132475840555556,3.349
0.132752003888889,3.349,0.132779959722222,3.36,0.132754102777778,3.36
0.133029831666667,3.349,0.13305786,3.36,0.133032306111111,3.36
0.133307579166667,3.349,0.133335669166667,3.36,0.1333103625,3.36
0.133585437777778,3.349,0.133613750555556,3.349,0.133588255,3.36
0.133863317777778,3.349,0.133891715277778,3.349,0.133865985,3.36
0.134141067222222,3.349,0.134169553611111,3.349,0.134143334444444,3.36
0.134419109166667,3.349,0.134447138055556,3.349,0.134421240555556,3.36
0.134697201111111,3.349,0.134725337222222,3.36,0.134699255555556,3.36
0.134974681388889,3.349,0.135003123611111,3.36,0.134977119722222,3.36
0.135252976944444,3.349,0.135280740277778,3.36,0.135254776111111,3.36
0.135531016666667,3.349,0.135558661111111,3.36,0.135532321111111,3.36
0.135808904166667,3.349,0.1358365975,3.36,0.135810206111111,3.36
0.136086770555556,3.349,0.136114618055556,3.36,0.136088247222222,3.36
0.136364361388889,3.349,0.136392554444444,3.36,0.136365890555556,3.36
0.136642281666667,3.349,0.136669919444444,3.36,0.136643743055556,3.36
0.136919980833333,3.349,0.136947799444444,3.349,0.1369212425,3.36
0.137198144444444,3.349,0.137225692777778,3.36,0.137199185555556,3.36
0.137475896388889,3.349,0.137503471666667,3.36,0.137477315833333,3.36
0.137753848611111,3.349,0.137781588611111,3.36,0.137755448333333,3.36
0.138032123611111,3.349,0.138059364722222,3.36,0.138033016944444,3.36
0.138309881944444,3.349,0.138337605833333,3.36,0.138310886944444,3.36
0.138587610833333,3.349,0.138615375833333,3.36,0.138588557222222,3.349
0.138865399722222,3.349,0.138893241388889,3.36,0.138866450555556,3.36
0.139143216666667,3.349,0.1391711075,3.36,0.1391440875,3.36
0.139421081944444,3.349,0.139449139444444,3.36,0.139422151666667,3.36
0.139698921944444,3.349,0.139726767222222,3.36,0.1396997625,3.36
0.139977098888889,3.349,0.140004624444444,3.36,0.139977766944444,3.36
0.140254679722222,3.349,0.140282097222222,3.36,0.140255528333333,3.36
0.140532609166667,3.349,0.140560291388889,3.36,0.140533118611111,3.36
0.140810011944444,3.349,0.140838219722222,3.36,0.140811128888889,3.36
0.1410883675,3.349,0.141116197222222,3.36,0.141088851944444,3.36
0.141365672777778,3.349,0.141394098888889,3.36,0.141366639444444,3.36
0.141643463888889,3.349,0.141671910277778,3.36,0.141644832777778,3.36
0.141921411944444,3.349,0.141949590833333,3.36,0.141922672222222,3.36
0.142199350277778,3.349,0.142227429166667,3.36,0.142199984166667,3.36
0.142476945555556,3.349,0.142505098055556,3.36,0.142478215833333,3.36
0.142755158611111,3.349,0.142782940833333,3.36,0.1427560425,3.36
0.143032886111111,3.349,0.143061041666667,3.36,0.143033316111111,3.36
0.143310575555556,3.349,0.143339213333333,3.36,0.143311395,3.36
0.143588824444444,3.349,0.1436171425,3.36,0.143589201944444,3.36
0.14386686,3.349,0.143895147222222,3.36,0.143866794166667,3.36
0.144144783055556,3.349,0.144172989166667,3.36,0.144144723333333,3.36
0.144422516111111,3.349,0.144450750277778,3.36,0.144422343055556,3.36
0.144700686666667,3.349,0.144728506388889,3.36,0.144699987222222,3.36
0.144978666388889,3.349,0.145006688611111,3.36,0.144978176944444,3.36
0.145256350277778,3.349,0.145284281944444,3.36,0.145255798333333,3.36
0.145534476111111,3.349,0.145561998611111,3.36,0.145533826111111,3.36
0.1458123725,3.349,0.145839874166667,3.36,0.145811505277778,3.36
0.146090427222222,3.349,0.146118121388889,3.36,0.1460891375,3.36
0.1463680825,3.349,0.146395687777778,3.36,0.146367188333333,3.36
0.146645981944444,3.349,0.146673580833333,3.36,0.146645248333333,3.36
0.146923348055556,3.349,0.146951424166667,3.36,0.146923363888889,3.36
0.147201153888889,3.349,0.147229181388889,3.36,0.147201551666667,3.36
0.147478952777778,3.349,0.1475068075,3.36,0.147479071111111,3.36
0.147757166666667,3.349,0.147785098333333,3.36,0.147756766111111,3.36
0.148035168611111,3.349,0.1480631725,3.36,0.148034681111111,3.36
0.148312885,3.349,0.148341330555556,3.36,0.148312381111111,3.36
0.148590635555556,3.349,0.148619208333333,3.36,0.148590488333333,3.36
0.148868528333333,3.349,0.148897107777778,3.36,0.148868200277778,3.36
0.149146506388889,3.349,0.149175214166667,3.36,0.149146091388889,3.36
0.1494240075,3.349,0.149453081388889,3.36,0.149424065555556,3.36
0.149702054444444,3.349,0.149731157222222,3.36,0.149701949166667,3.36
0.149979855833333,3.349,0.150008924166667,3.36,0.149979670833333,3.36
0.150257719722222,3.349,0.150286659444444,3.36,0.150257475,3.36
0.150535638333333,3.349,0.150564281388889,3.36,0.150535267222222,3.36
0.150813480277778,3.349,0.150842203055556,3.36,0.150813480555556,3.36
0.151091262222222,3.349,0.151119931111111,3.36,0.151091190833333,3.36
0.151369396111111,3.349,0.151397564444444,3.36,0.1513690275,3.36
0.151647309166667,3.349,0.1516756525,3.36,0.15164696,3.36
0.151925035277778,3.349,0.151953598055556,3.36,0.151925019444444,3.36
0.152202629444444,3.36,0.152231406944444,3.36,0.1522031625,3.36
0.152480664166667,3.349,0.152509269444444,3.36,0.152481103055556,3.36
0.1527584275,3.349,0.152787083055556,3.36,0.152759060555556,3.36
0.153036383333333,3.36,0.153064932777778,3.36,0.153036882777778,3.36
0.153314600555556,3.349,0.153342525833333,3.36,0.153314986388889,3.37
0.153592151666667,3.349,0.153620610833333,3.36,0.153592750833333,3.36
0.153870371388889,3.36,0.153898477777778,3.36,0.153870692777778,3.36
0.154147750555556,3.349,0.154176403333333,3.36,0.154148510833333,3.36
0.154426051666667,3.349,0.154454033611111,3.36,0.154425986111111,3.36
0.154703828055556,3.349,0.154732086944444,3.36,0.154704021666667,3.36
0.15498158,3.349,0.1550100175,3.36,0.154981911944444,3.36
0.155259528888889,3.36,0.155287879444444,3.36,0.155259490277778,3.36
0.155537171388889,3.349,0.155565764444444,3.37,0.155537721111111,3.36
0.155815351111111,3.349,0.155843210555556,3.36,0.155815637777778,3.36
0.156093386388889,3.36,0.156121290555556,3.36,0.156093367222222,3.36
0.156371513888889,3.349,0.156399743888889,3.36,0.156371206388889,3.36
0.156649282777778,3.349,0.156677414444444,3.36,0.156649055,3.37
0.156927196944444,3.36,0.156955301388889,3.36,0.156926833333333,3.36
0.157205135277778,3.349,0.157233137222222,3.37,0.157204423055556,3.36
0.157483176666667,3.349,0.157510458333333,3.36,0.157482485277778,3.37
0.157761289166667,3.36,0.157788511388889,3.37,0.157760375277778,3.37
0.158038576111111,3.36,0.158066405,3.36,0.158038049722222,3.36
0.158316960833333,3.349,0.158344102777778,3.36,0.158316226666667,3.37
0.158594636944444,3.349,0.158621793888889,3.37,0.158593938333333,3.36
0.158872373888889,3.349,0.1588996275,3.36,0.1588719225,3.36
0.159150314166667,3.349,0.159177816388889,3.36,0.159149438888889,3.36
0.159428023055556,3.36,0.159455658611111,3.36,0.159427742777778,3.36
0.159706252222222,3.36,0.159733715,3.36,0.159705527222222,3.36
0.159983928611111,3.349,0.160011682777778,3.36,0.159983533888889,3.37
0.160261791666667,3.36,0.160289728333333,3.37,0.160261410833333,3.37
0.160539239166667,3.36,0.160567513055556,3.36,0.160539175833333,3.36
0.160817263611111,3.36,0.160845359444444,3.36,0.1608172425,3.36
0.161095162777778,3.349,0.161123328611111,3.37,0.16109516,3.36
0.161373021111111,3.36,0.161401005277778,3.37,0.1613731775,3.37
0.1616513325,3.36,0.161678536388889,3.37,0.161650813055556,3.37
0.1619289625,3.36,0.161956356944444,3.36,0.161928705,3.37
0.162206839722222,3.36,0.162234461666667,3.36,0.162206180833333,3.36
0.162484419166667,3.36,0.162512829444444,3.37,0.162484441111111,3.37
0.162762497777778,3.36,0.162790713888889,3.37,0.162762298055556,3.37
0.163040701944444,3.36,0.163068924444444,3.36,0.163039948888889,3.37
0.16331803,3.36,0.163346938611111,3.36,0.163317957222222,3.36
0.163596231666667,3.349,0.163624608333333,3.37,0.1635956525,3.37
0.163874023611111,3.36,0.163902131111111,3.36,0.163873841111111,3.37
0.164151756388889,3.36,0.164180605555556,3.36,0.164151405833333,3.37
0.164429668055556,3.36,0.164458443055556,3.37,0.164429531111111,3.37
0.164707609444444,3.36,0.164736288888889,3.36,0.164707472222222,3.37
0.164985443611111,3.36,0.165014210277778,3.37,0.164985309166667,3.37
0.165263455277778,3.36,0.1652915225,3.37,0.165263055277778,3.37
0.165541120833333,3.36,0.165569795277778,3.37,0.165541178611111,3.37
0.165819114722222,3.36,0.165847488055556,3.37,0.165819016388889,3.36
0.166097095555556,3.36,0.166125461111111,3.37,0.166096840833333,3.37
0.166374551388889,3.36,0.166403281388889,3.37,0.166374499444444,3.37
0.166652484444444,3.36,0.16668108,3.36,0.166652852222222,3.37
0.166930681111111,3.36,0.166958879722222,3.37,0.166930548055556,3.36
0.167208574166667,3.36,0.167236930277778,3.37,0.167208511111111,3.37
0.167486386111111,3.36,0.167514595277778,3.37,0.167486381944444,3.37
0.167764205833333,3.36,0.167792466666667,3.37,0.167764155,3.37
0.168041942777778,3.36,0.168070126111111,3.37,0.168042345277778,3.37
0.168319930555556,3.36,0.168347979166667,3.37,0.16832033,3.37
0.168598139166667,3.36,0.168625851666667,3.37,0.168598033888889,3.37
0.168875829444444,3.36,0.168903439444444,3.37,0.168876288055556,3.37
0.169153785277778,3.36,0.169181756944444,3.37,0.169153697777778,3.37
0.169431477777778,3.36,0.169459204722222,3.37,0.169431404444444,3.37
0.169709341111111,3.36,0.169737385277778,3.37,0.169709133611111,3.37
0.169987111944444,3.36,0.170015418888889,3.37,0.169987391388889,3.37
0.17026521,3.36,0.170293250555556,3.37,0.170265341111111,3.37
0.170542981388889,3.36,0.170571365833333,3.37,0.17054326,3.37
0.170820788333333,3.36,0.170849163888889,3.37,0.170821303888889,3.37
0.171098690277778,3.36,0.171127227222222,3.37,0.171098975,3.37
0.171376544722222,3.36,0.171404890555556,3.36,0.171376973611111,3.37
0.171654155555556,3.36,0.171682875277778,3.37,0.171654911944444,3.37
0.171931924722222,3.36,0.171960718333333,3.37,0.171932729722222,3.37
0.172209411111111,3.36,0.172238536388889,3.36,0.172210546944444,3.37
0.172487661944444,3.36,0.172516325277778,3.37,0.172488416388889,3.37
0.172765396388889,3.36,0.172794029722222,3.37,0.172766536111111,3.37
0.173043223611111,3.36,0.173072231944444,3.37,0.173044530555556,3.37
0.173320985555556,3.36,0.173349750833333,3.37,0.173322625,3.37
0.173598863055556,3.36,0.173628086944444,3.37,0.173600425277778,3.37
0.173876636666667,3.36,0.173905755555556,3.37,0.173878076111111,3.37
0.174154732777778,3.36,0.1741839175,3.37,0.174155848611111,3.37
0.174432719166667,3.36,0.174461555,3.37,0.174433556111111,3.37
0.174710321111111,3.36,0.174739062222222,3.37,0.174711595,3.37
0.174988228611111,3.36,0.175017498333333,3.37,0.174989314722222,3.37
0.175265812777778,3.36,0.175295179166667,3.37,0.175267644444444,3.37
0.175544084722222,3.36,0.1755730275,3.37,0.175545149722222,3.37
0.175821654444444,3.36,0.175850952777778,3.37,0.175823674166667,3.37
0.176099153055556,3.36,0.176128668333333,3.37,0.176101300277778,3.37
0.176377292777778,3.36,0.176406951944444,3.37,0.176379050277778,3.37
0.176655333888889,3.36,0.176684738888889,3.37,0.1766568825,3.37
0.176933338611111,3.36,0.176962821388889,3.37,0.176934703888889,3.37
0.177211249444444,3.36,0.177240430277778,3.37,0.177212681666667,3.37
0.177488716944444,3.36,0.177518592222222,3.37,0.1774904125,3.37
0.177767110277778,3.36,0.177796822222222,3.37,0.177768141666667,3.37
0.178045147222222,3.36,0.178074249722222,3.37,0.178045800555556,3.37
0.178323228055556,3.36,0.178351901666667,3.37,0.178323380277778,3.37
0.178600973333333,3.36,0.178630196944444,3.37,0.17860156,3.37
0.178878771111111,3.36,0.178908056111111,3.37,0.178879203333333,3.38
0.179156972222222,3.37,0.179185951111111,3.37,0.1791572075,3.37
0.179434783888889,3.36,0.179463830833333,3.37,0.179435157777778,3.37
0.179712736944444,3.36,0.179741626111111,3.37,0.179713056111111,3.37
0.179990255833333,3.36,0.180019561388889,3.37,0.179991027222222,3.37
0.180268279444444,3.36,0.180297758611111,3.37,0.180269449166667,3.37
0.180546190833333,3.36,0.180575690277778,3.37,0.180547127222222,3.37
0.180824086388889,3.36,0.180853516111111,3.37,0.180825225,3.37
0.181101646944444,3.36,0.181131485277778,3.37,0.181102475277778,3.37
0.181379216111111,3.36,0.181409188888889,3.37,0.181380515277778,3.37
0.181657395,3.36,0.181687085,3.37,0.181658361944444,3.37
0.181934955,3.36,0.181964607777778,3.37,0.181936470277778,3.37
0.182213134722222,3.37,0.182242924722222,3.37,0.182214275277778,3.37
0.182490849166667,3.36,0.182520875833333,3.37,0.182492432777778,3.37
0.182768452777778,3.36,0.182798675555556,3.37,0.182769716666667,3.37
0.183046325277778,3.36,0.183076435555556,3.37,0.183047844166667,3.37
0.183324021666667,3.36,0.183354518055556,3.37,0.183325635,3.37
0.183601746111111,3.37,0.1836318325,3.37,0.183603786388889,3.37
0.183879893888889,3.36,0.183909593888889,3.37,0.183881878333333,3.37
0.184157491111111,3.36,0.184187615833333,3.37,0.184159463611111,3.37
0.184435619444444,3.36,0.184465510277778,3.37,0.184437309444444,3.37
0.1847137675,3.36,0.184743230277778,3.37,0.1847151675,3.37
0.184991350277778,3.37,0.185021208333333,3.37,0.184993270555556,3.37
0.185269581666667,3.36,0.185299088055556,3.37,0.185271151944444,3.37
0.185547533055556,3.37,0.185577195277778,3.37,0.185549175277778,3.37
0.185825313333333,3.36,0.185855032777778,3.37,0.18582691,3.37
0.186103101111111,3.36,0.186132623888889,3.37,0.186104501666667,3.37
0.186380965,3.37,0.186410574166667,3.37,0.186382458333333,3.37
0.18665859,3.37,0.186688273333333,3.37,0.186660625277778,3.37
0.186936475555556,3.36,0.186965837222222,3.37,0.186938049444444,3.37
0.187214188888889,3.36,0.1872436275,3.37,0.187216383333333,3.37
0.187491923888889,3.37,0.187521677777778,3.37,0.187494664722222,3.37
0.18777012,3.37,0.187799291388889,3.37,0.187772484166667,3.37
0.188047793888889,3.36,0.188076810833333,3.37,0.188050214166667,3.37
0.188325951666667,3.37,0.1883549525,3.37,0.188328110555556,3.37
0.188603588333333,3.36,0.188632982777778,3.37,0.188606082777778,3.37
0.188881491944444,3.36,0.188911073333333,3.37,0.188883966388889,3.37
0.189159581111111,3.37,0.189188859722222,3.38,0.18916181,3.37
0.189436917777778,3.37,0.189466806111111,3.37,0.189439507222222,3.37
0.189714795277778,3.37,0.189744961666667,3.38,0.189717103055556,3.37
0.189992966388889,3.37,0.190023103055556,3.37,0.189995108333333,3.37
0.190270823611111,3.37,0.190300777777778,3.37,0.190272513888889,3.37
0.190548850833333,3.37,0.190578675833333,3.37,0.190550788888889,3.37
0.190826804722222,3.37,0.190856301388889,3.37,0.190828846388889,3.37
0.191104251666667,3.36,0.191134163611111,3.37,0.191106680277778,3.37
0.191381899722222,3.37,0.191411866666667,3.38,0.191384733611111,3.38
0.191660164722222,3.37,0.1916900125,3.37,0.191662546666667,3.37
0.191938131111111,3.36,0.191967688333333,3.37,0.191940429722222,3.37
0.1922158175,3.37,0.192245400555556,3.37,0.192218026944444,3.38
0.192493499444444,3.36,0.192523711111111,3.37,0.192496135,3.37
0.192771450833333,3.37,0.192801589444444,3.37,0.192773994722222,3.37
0.1930492075,3.37,0.193079506111111,3.37,0.193051685555556,3.37
0.193327070555556,3.37,0.193357608611111,3.37,0.193329518055556,3.37
0.1936049275,3.37,0.193635149722222,3.38,0.193607730833333,3.38
0.193883159444444,3.37,0.193913422777778,3.38,0.193885300833333,3.38
0.194160994444444,3.36,0.194190923055556,3.37,0.194163295833333,3.38
0.194438718611111,3.37,0.194468743611111,3.37,0.194441158611111,3.37
0.194716378888889,3.37,0.194746833888889,3.37,0.194719061944444,3.37
0.194994311388889,3.37,0.195025030555556,3.37,0.194996624166667,3.38
0.1952722975,3.37,0.195303178055556,3.37,0.19527459,3.37
0.195550019722222,3.37,0.195580928888889,3.38,0.195552168888889,3.38
0.195827869444444,3.37,0.195858828611111,3.37,0.195830093333333,3.37
0.196105530555556,3.37,0.196136813611111,3.38,0.196107876111111,3.38
0.196383444722222,3.37,0.196414808333333,3.37,0.196385605833333,3.38
0.1966612125,3.37,0.196692974722222,3.38,0.1966638225,3.38
0.196939185,3.37,0.196970966388889,3.38,0.196941410277778,3.38
0.197216886944444,3.37,0.197248721388889,3.37,0.197219152777778,3.38
0.197494601944444,3.37,0.197526719166667,3.37,0.197497024444444,3.37
0.197772610833333,3.37,0.197804313055556,3.37,0.197774411388889,3.38
0.198050265277778,3.37,0.198082623611111,3.37,0.198052548333333,3.37
0.198327760555556,3.37,0.19836051,3.37,0.198330668611111,3.38
0.198605873611111,3.37,0.198638211666667,3.37,0.198608402222222,3.37
0.198883955833333,3.37,0.198916168611111,3.38,0.198886120833333,3.38
0.199161923888889,3.37,0.199193724166667,3.37,0.199163881388889,3.38
0.199439998611111,3.37,0.199471620833333,3.37,0.199442103333333,3.38
0.1997178175,3.37,0.199749410555556,3.37,0.199720230555556,3.38
0.199995293333333,3.37,0.200027160277778,3.38,0.199997906111111,3.38
0.200273419166667,3.37,0.200304579166667,3.37,0.2002757525,3.38
0.200551111944444,3.37,0.200582806111111,3.38,0.200553503333333,3.38
0.200828993888889,3.37,0.200860573611111,3.37,0.200831244166667,3.37
0.201106348333333,3.37,0.201138525277778,3.37,0.201108951944444,3.38
0.201384621388889,3.37,0.201416721666667,3.38,0.201387155,3.38
0.201662701944444,3.37,0.201694295,3.38,0.201665258611111,3.38
0.201940224444444,3.37,0.2019723675,3.38,0.201943038055556,3.38
0.202218308888889,3.37,0.202250173888889,3.38,0.202221312777778,3.37
0.202496256388889,3.37,0.202527932222222,3.37,0.2024991775,3.38
0.202774057222222,3.37,0.202805625,3.38,0.202776921111111,3.37
0.203052011111111,3.37,0.203084133055556,3.38,0.2030548,3.38
0.203329865,3.37,0.203361548055556,3.37,0.203332503333333,3.38
0.203607708333333,3.37,0.203639586944444,3.37,0.203610225555556,3.38
0.203885705833333,3.37,0.203917286111111,3.38,0.203888138333333,3.38
0.204163560555556,3.37,0.204195085555556,3.38,0.204165528611111,3.38
0.204441437222222,3.37,0.204473104722222,3.38,0.204443488888889,3.38
0.204719317222222,3.37,0.204750761388889,3.37,0.204721624166667,3.38
0.204996806388889,3.37,0.205028825,3.38,0.204999368888889,3.38
0.205274843333333,3.37,0.205306326111111,3.38,0.205277251944444,3.37
0.205552625277778,3.37,0.205584439722222,3.38,0.2055553175,3.37
0.205830432222222,3.37,0.205862685555556,3.37,0.205833265833333,3.38
0.206108012777778,3.37,0.206140434444444,3.38,0.206110940833333,3.38
0.206386096111111,3.37,0.206418029444444,3.38,0.20638836,3.38
0.206663866944444,3.37,0.206695980277778,3.38,0.206666663888889,3.38
0.206941693055556,3.37,0.206974194722222,3.38,0.206944723333333,3.38
0.207219746944444,3.37,0.2072516,3.38,0.207222505277778,3.38
0.207497821111111,3.37,0.207529678333333,3.38,0.207500279444444,3.38
0.207775586944444,3.37,0.207807371944444,3.37,0.207777815555556,3.38
0.208053641111111,3.37,0.208085585555556,3.38,0.208055918611111,3.38
0.208331498888889,3.37,0.208363333333333,3.38,0.208333650833333,3.38
0.208609685,3.37,0.208640946388889,3.38,0.208611704722222,3.38
0.208887670555556,3.37,0.208919029444444,3.38,0.208889495555556,3.38
0.209165099722222,3.37,0.209196518333333,3.38,0.2091676175,3.38
0.209443073888889,3.37,0.209474705277778,3.38,0.209445230833333,3.38
0.209720907222222,3.37,0.209752513055556,3.38,0.209723198888889,3.38
0.209998826388889,3.37,0.210030476666667,3.38,0.210001341388889,3.38
0.210276540833333,3.37,0.210308456111111,3.38,0.210279031944444,3.38
0.210554468611111,3.37,0.210586503611111,3.37,0.2105569025,3.38
0.210832198333333,3.37,0.210864016111111,3.37,0.210834656666667,3.38
0.21111046,3.37,0.2111422575,3.38,0.211112390833333,3.38
0.2113880875,3.37,0.2114206575,3.38,0.211389973055556,3.38
0.211665929166667,3.37,0.211698314166667,3.38,0.211668395555556,3.38
0.211943689722222,3.37,0.211976219444444,3.38,0.211946182777778,3.38
0.2122214375,3.37,0.212254293333333,3.38,0.2122240425,3.38
0.212499251111111,3.37,0.212532284722222,3.38,0.2125018925,3.38
0.2127771575,3.37,0.212809573333333,3.38,0.212779768333333,3.38
0.213055047222222,3.37,0.213087769722222,3.38,0.213057556944444,3.38
0.213332813888889,3.37,0.213366147222222,3.38,0.213335458888889,3.38
0.2136110525,3.37,0.213643803055556,3.38,0.213612825555556,3.38
0.213888826388889,3.37,0.213922050277778,3.38,0.213890947777778,3.38
0.214166605,3.37,0.214199640833333,3.38,0.214168599444444,3.38
0.214444906666667,3.37,0.214477426388889,3.38,0.214446361944444,3.38
0.214722414166667,3.37,0.21475572,3.38,0.214724578333333,3.38
0.215000315555556,3.37,0.215033505555556,3.38,0.2150023975,3.38
0.215278296666667,3.37,0.215311276388889,3.38,0.2152803525,3.38
0.215556478888889,3.37,0.215588795833333,3.38,0.215558132222222,3.38
0.215834296944444,3.37,0.215866596388889,3.38,0.215835821111111,3.38
0.216111947222222,3.37,0.216144509444444,3.38,0.216113480833333,3.38
0.216389545277778,3.37,0.216422354722222,3.38,0.216391253888889,3.38
0.216667608333333,3.37,0.216700023611111,3.38,0.216669429444444,3.38
0.216945393055556,3.38,0.216978021666667,3.38,0.216947020555556,3.38
0.217222776388889,3.38,0.217255945277778,3.38,0.217225206111111,3.38
0.217501179166667,3.37,0.2175338425,3.38,0.217502975277778,3.38
0.217779126388889,3.37,0.217811573333333,3.38,0.217780565555556,3.38
0.218056878888889,3.38,0.218089178055556,3.38,0.2180583275,3.38
0.218334808888889,3.37,0.218367089722222,3.38,0.218336556111111,3.38
0.218612714444444,3.37,0.218645082222222,3.38,0.218614229722222,3.38
0.218890695833333,3.38,0.218923163888889,3.38,0.218891955833333,3.38
0.219168384166667,3.37,0.219201136111111,3.38,0.219170088611111,3.38
0.219446076944444,3.37,0.219478764722222,3.38,0.219447850833333,3.38
0.219723962222222,3.37,0.219756655833333,3.38,0.219725527777778,3.38
0.220001808611111,3.37,0.220034545833333,3.38,0.220003671944444,3.38
0.220279458333333,3.38,0.220312083333333,3.38,0.220281489722222,3.38
0.220557810833333,3.37,0.220590284166667,3.38,0.220559531111111,3.38
0.220835676944444,3.38,0.220867636944444,3.38,0.220837432777778,3.38
0.221113448333333,3.38,0.221145801388889,3.38,0.221115012777778,3.38
0.221391130555556,3.37,0.221423877222222,3.38,0.221393094166667,3.38
0.221669009722222,3.37,0.221701782777778,3.38,0.221671272777778,3.38
0.221946538333333,3.37,0.221979566111111,3.38,0.221948973611111,3.38
0.222224486388889,3.37,0.222257320555556,3.38,0.222227223333333,3.38
0.222502231666667,3.38,0.222535093611111,3.38,0.222505167777778,3.38
0.222780218611111,3.37,0.222813260833333,3.38,0.222782766944444,3.38
0.223057855,3.38,0.223091291666667,3.38,0.223061026944444,3.38
0.223335531388889,3.37,0.223369368055556,3.38,0.223338529444444,3.38
0.223613491944444,3.38,0.223647208333333,3.38,0.223616126388889,3.38
0.223891094722222,3.38,0.2239251425,3.38,0.223894346666667,3.38
0.224168935555556,3.37,0.224203308333333,3.38,0.224171980833333,3.38
0.224446827222222,3.38,0.224481110555556,3.38,0.224450205833333,3.38
0.224724299444444,3.37,0.224759341111111,3.38,0.224727935555556,3.38
0.225002044722222,3.38,0.225036933888889,3.38,0.225006019722222,3.38
0.225279750555556,3.38,0.225314867777778,3.38,0.225283661388889,3.38
0.225557989722222,3.38,0.225592431111111,3.38,0.225561372222222,3.38
0.225835675555556,3.38,0.225870081666667,3.38,0.225839463055556,3.38
0.226113708055556,3.38,0.2261483,3.38,0.226117801111111,3.38
0.226391369166667,3.38,0.226426449444444,3.38,0.226395465,3.38
0.226669505,3.38,0.226703940277778,3.38,0.226673643611111,3.38
0.226947181666667,3.38,0.226981797222222,3.38,0.2269518325,3.38
0.227225248611111,3.38,0.227259775555556,3.38,0.227229384444444,3.38
0.227502989166667,3.38,0.227537581388889,3.38,0.227507241388889,3.38
0.2277808275,3.38,0.227815441944444,3.38,0.2277851975,3.38
0.228058580277778,3.37,0.228093376111111,3.38,0.228062790555556,3.38
0.228336698888889,3.38,0.228371275555556,3.38,0.228340854444444,3.38
0.228614585555556,3.38,0.22864908,3.38,0.228618630277778,3.38
0.228892480277778,3.38,0.228927063611111,3.38,0.228896814444444,3.38
0.229170259722222,3.38,0.229205243055556,3.38,0.229174576111111,3.38
0.229447763333333,3.38,0.229482989166667,3.38,0.229452208333333,3.38
0.229726228888889,3.38,0.229760808611111,3.38,0.229730141666667,3.38
0.230003846111111,3.38,0.230038626111111,3.38,0.230008016388889,3.38
0.230281616944444,3.38,0.230316250555556,3.38,0.230285574722222,3.38
0.230559382777778,3.38,0.230594577777778,3.38,0.230563812777778,3.38
0.230837429722222,3.38,0.230872485833333,3.38,0.230841848055556,3.38
0.231115399444444,3.38,0.231150187777778,3.38,0.231119218611111,3.38
0.231392888333333,3.38,0.231427898611111,3.38,0.231397201388889,3.38
0.231670890833333,3.38,0.231705896666667,3.38,0.231675231944444,3.38
0.231948933055556,3.38,0.2319834775,3.38,0.231952753888889,3.38
0.232226916944444,3.38,0.232261206944444,3.38,0.232231070833333,3.38
0.232504440555556,3.38,0.232539073888889,3.38,0.232509198611111,3.38
0.232782668611111,3.38,0.23281702,3.38,0.232787270277778,3.38
0.233060299722222,3.38,0.233094618888889,3.38,0.233064845833333,3.38
0.233338013888889,3.38,0.233372356944444,3.38,0.233342755,3.38
0.233615903333333,3.38,0.233650095833333,3.38,0.233620570833333,3.38
0.233893658055556,3.38,0.2339283425,3.38,0.233898365,3.38
0.234171764166667,3.38,0.234206393055556,3.38,0.234176488888889,3.38
0.234449328333333,3.38,0.2344840075,3.38,0.2344546375,3.38
0.234727289444444,3.38,0.234761855277778,3.38,0.234732643055556,3.38
0.235005446944444,3.38,0.235039810833333,3.38,0.235010385833333,3.38
0.235283421388889,3.38,0.235317793055556,3.38,0.235287896666667,3.38
0.235561203333333,3.38,0.235595346666667,3.38,0.235565691666667,3.38
0.235839236944444,3.38,0.235873240277778,3.38,0.235843670277778,3.38
0.236116956111111,3.38,0.236151236944444,3.38,0.236121735833333,3.38
0.236394426944444,3.38,0.2364291775,3.38,0.236399408888889,3.38
0.236672498888889,3.38,0.236707045277778,3.38,0.236677713888889,3.38
0.236950350833333,3.38,0.236984865,3.38,0.236955381666667,3.38
0.237228530555556,3.38,0.23726244,3.38,0.237233238888889,3.38
0.23750612,3.38,0.237540649444444,3.38,0.237511082777778,3.38
0.237784099166667,3.38,0.237818249444444,3.38,0.2377889075,3.38
0.238061963611111,3.38,0.238096236388889,3.38,0.238067075277778,3.38
0.238340075277778,3.38,0.238373954166667,3.38,0.238344753611111,3.38
0.238617839166667,3.38,0.238651884166667,3.38,0.238622409722222,3.38
0.238895560277778,3.38,0.238929295,3.38,0.238900390833333,3.38
0.2391734525,3.38,0.2392077825,3.38,0.239178286666667,3.39
0.239451025833333,3.38,0.239485649166667,3.38,0.239456347222222,3.38
0.239728583888889,3.38,0.239763751666667,3.38,0.239734106388889,3.38
0.2400069275,3.38,0.240041668888889,3.38,0.240011957222222,3.38
0.240284815833333,3.38,0.240319476388889,3.38,0.240290070555556,3.38
0.240562698333333,3.38,0.240597194722222,3.38,0.240567926111111,3.38
0.240840755833333,3.38,0.240874816388889,3.38,0.240845681944444,3.38
0.241118642777778,3.38,0.241152722777778,3.38,0.241123415555556,3.38
0.241396414166667,3.38,0.2414305075,3.38,0.241400915,3.38
0.24167412,3.38,0.241707931388889,3.38,0.241679093333333,3.38
0.241952380555556,3.38,0.241986022777778,3.38,0.241956630555556,3.38
0.242229765277778,3.38,0.242263753888889,3.38,0.242234832222222,3.38
0.242507695,3.38,0.242541810833333,3.38,0.242512372777778,3.38
0.242785544444444,3.38,0.242820059722222,3.38,0.242790047222222,3.38
0.243063010555556,3.38,0.243097644166667,3.38,0.243068145277778,3.38
0.243341212777778,3.38,0.243375453611111,3.38,0.243345984166667,3.38
0.243619038888889,3.38,0.243653334722222,3.38,0.243623683611111,3.38
0.243896816944444,3.38,0.243931154722222,3.38,0.243901546111111,3.38
0.244174633888889,3.38,0.244209278888889,3.38,0.244179221944444,3.39
0.244452500833333,3.38,0.244487154166667,3.38,0.244457105833333,3.38
0.244730746388889,3.38,0.244765012222222,3.38,0.244734841666667,3.38
0.245008605277778,3.38,0.245042917777778,3.38,0.245012967222222,3.38
0.245286381388889,3.38,0.245320670555556,3.38,0.245290830277778,3.38
0.245564208055556,3.38,0.245598779444444,3.38,0.2455689525,3.38
0.245841890833333,3.38,0.2458770025,3.38,0.245846816944444,3.38
0.246119928611111,3.38,0.246154650555556,3.38,0.246124692777778,3.38
0.2463980325,3.38,0.246432714166667,3.39,0.246402885555556,3.38
0.246676297222222,3.38,0.246710359166667,3.39,0.24668068,3.38
0.2469538375,3.38,0.246988151111111,3.38,0.246958498333333,3.38
0.247231796388889,3.38,0.2472662675,3.38,0.2472363475,3.38
0.247509423055556,3.38,0.2475442,3.38,0.247514269722222,3.38
0.247787399444444,3.38,0.247822174444444,3.38,0.247791965277778,3.39
0.248065231944444,3.38,0.248100271944444,3.38,0.248069774444444,3.38
0.248343113333333,3.38,0.248377972222222,3.38,0.248347436111111,3.38
0.248620961111111,3.38,0.248655852222222,3.38,0.248625289444444,3.38
0.248898824166667,3.38,0.248933951111111,3.38,0.248903156944444,3.39
0.249176709444444,3.38,0.24921199,3.38,0.249181005833333,3.39
0.2494545425,3.38,0.249489310277778,3.38,0.249459024166667,3.38
0.249732229444444,3.38,0.249767794722222,3.38,0.249736581111111,3.38
0.250010273055556,3.38,0.250045878888889,3.38,0.250014498888889,3.38
0.250288533888889,3.38,0.250323930833333,3.38,0.250292431388889,3.38
0.250565808611111,3.38,0.250602015555556,3.38,0.2505700825,3.39
0.250844029722222,3.38,0.250880140555556,3.38,0.250848117222222,3.38
0.25112143,3.38,0.251158185,3.38,0.251125843055556,3.39
0.251399729444444,3.38,0.251436039444444,3.38,0.251404171111111,3.38
0.251677936388889,3.38,0.251713789166667,3.38,0.251682328055556,3.39
0.251955468888889,3.38,0.251991964444444,3.38,0.25196013,3.39
0.252233536388889,3.38,0.252269783055556,3.38,0.252237845,3.38
0.2525111175,3.38,0.252547636111111,3.38,0.252515574166667,3.38
0.252789589444444,3.38,0.2528256,3.38,0.252793480277778,3.39
0.253067685555556,3.38,0.253103534444444,3.38,0.253071535277778,3.39
0.253345667222222,3.38,0.253381270833333,3.38,0.253349191111111,3.39
0.253623425277778,3.38,0.253659275,3.38,0.25362691,3.39
0.253901296388889,3.38,0.253937243055556,3.38,0.253905154166667,3.39
0.254179495833333,3.38,0.254214629444444,3.38,0.254182578611111,3.39
0.254457100555556,3.38,0.254492683888889,3.38,0.254460479444444,3.38
0.254734679444444,3.38,0.254771083055556,3.38,0.2547385025,3.39
0.255012876111111,3.38,0.25504859,3.38,0.255016380277778,3.39
0.255290573888889,3.38,0.255326550555556,3.38,0.255293877222222,3.39
0.255568519444444,3.38,0.2556047025,3.39,0.255571879722222,3.39
0.255846426388889,3.38,0.25588216,3.38,0.255849804166667,3.39
0.256124237777778,3.38,0.256160278611111,3.38,0.256127741944444,3.39
0.256402255277778,3.38,0.2564381725,3.38,0.2564053325,3.38
0.256680239166667,3.38,0.256716331944444,3.39,0.256683310833333,3.38
0.25695852,3.38,0.256994214166667,3.38,0.256961098888889,3.39
0.257236274444444,3.38,0.257272149722222,3.39,0.257238901388889,3.39
0.257513593055556,3.38,0.257549917777778,3.38,0.257516416944444,3.39
0.257791378611111,3.38,0.257827446388889,3.38,0.257794475277778,3.39
0.258069576388889,3.38,0.258105740277778,3.39,0.258071978611111,3.39
0.258347530833333,3.38,0.258383517777778,3.38,0.258349948055556,3.39
0.258625650277778,3.38,0.258661195277778,3.39,0.2586278875,3.39
0.258903916944444,3.38,0.258939366388889,3.38,0.258905967222222,3.39
0.259182096666667,3.38,0.259217011944444,3.39,0.259183717777778,3.39
0.259459408055556,3.38,0.259494945277778,3.39,0.259461574444444,3.38
0.259737511666667,3.38,0.259773095,3.38,0.259739291944444,3.39
0.260015545277778,3.38,0.260050937777778,3.39,0.260017173888889,3.39
0.2602933475,3.38,0.260328465,3.38,0.260295029166667,3.39
0.260571166388889,3.38,0.260606509722222,3.38,0.260573153333333,3.39
0.260849113055556,3.38,0.260884539444444,3.38,0.260850649722222,3.39
0.261127132222222,3.38,0.261162190833333,3.38,0.2611285575,3.39
0.261404707777778,3.38,0.261439731944444,3.38,0.261406770833333,3.39
0.261682847222222,3.38,0.261718075277778,3.39,0.261684795555556,3.39
0.261960592777778,3.38,0.261995574166667,3.38,0.261962694722222,3.39
0.262238471111111,3.38,0.262273480555556,3.38,0.262240671944444,3.38
0.262515807777778,3.38,0.262551496666667,3.38,0.262518686111111,3.39
0.262794057777778,3.38,0.262829380555556,3.39,0.262796554166667,3.39
0.263071704166667,3.38,0.263107220833333,3.39,0.263074153333333,3.39
0.263349650833333,3.38,0.2633850975,3.38,0.263351687777778,3.39
0.263627508611111,3.38,0.263662708333333,3.38,0.263630048611111,3.39
0.263905605277778,3.38,0.263940641666667,3.39,0.263907879722222,3.39
0.264183484444444,3.38,0.264218202777778,3.38,0.264185369166667,3.39
0.264461546666667,3.38,0.264496336944444,3.38,0.264463303888889,3.39
0.264739403055556,3.38,0.26477403,3.39,0.264741195277778,3.39
0.265017558333333,3.38,0.265051997777778,3.39,0.265018949722222,3.39
0.265295380833333,3.38,0.265329854166667,3.39,0.265297144166667,3.39
0.26557339,3.38,0.265607515555556,3.38,0.265574965555556,3.39
0.265851087222222,3.38,0.265885449444444,3.39,0.265852808611111,3.39
0.266128868055556,3.38,0.266163416111111,3.39,0.266130548055556,3.39
0.266406845555556,3.38,0.266441329722222,3.38,0.266408668055556,3.39
0.266684708055556,3.38,0.266719142222222,3.38,0.266686288333333,3.39
0.266962489722222,3.38,0.266997345277778,3.39,0.266963870555556,3.39
0.267240251388889,3.38,0.267275105,3.39,0.267242080555556,3.39
0.267518201666667,3.38,0.267552798611111,3.39,0.267519881944444,3.39
0.267795734166667,3.39,0.267830493055556,3.39,0.267797500277778,3.39
0.268073598611111,3.38,0.268108449166667,3.39,0.268075784444444,3.39
0.268351545,3.38,0.268386502222222,3.39,0.268353575833333,3.39
0.268629307222222,3.38,0.268664181388889,3.39,0.26863168,3.39
0.268907091944444,3.38,0.268941999166667,3.39,0.268909569722222,3.39
0.269185297222222,3.38,0.269219863055556,3.39,0.269187221388889,3.39
0.269463130833333,3.38,0.2694978025,3.39,0.269465409722222,3.39
0.26974127,3.38,0.269775614166667,3.39,0.269743150277778,3.39
0.270019412777778,3.38,0.270053220555556,3.39,0.270020767777778,3.39
0.270297251944444,3.38,0.270331095555556,3.39,0.270298443055556,3.39
0.270575243055556,3.38,0.270609040277778,3.39,0.270576486111111,3.39
0.270853173611111,3.38,0.270886862777778,3.39,0.270854198611111,3.39
0.271131087777778,3.38,0.271164955555556,3.39,0.271132071944444,3.39
0.271408984722222,3.38,0.271442595,3.39,0.271409828055556,3.39
0.271687078055556,3.38,0.271720394444444,3.39,0.271688026944444,3.39
0.271964960555556,3.38,0.271998388333333,3.39,0.271965552777778,3.39
0.272243219166667,3.38,0.272275953333333,3.38,0.272243917777778,3.39
0.272521054444444,3.38,0.272554003055556,3.39,0.272521834722222,3.39
0.272798859722222,3.38,0.272831930277778,3.39,0.272799456388889,3.39
0.273076428055556,3.38,0.2731095375,3.39,0.273077210555556,3.39
0.273354653333333,3.38,0.273387461388889,3.39,0.273355478333333,3.39
0.273632246944444,3.38,0.273665596111111,3.39,0.273633305,3.39
0.273910360833333,3.38,0.273943169444444,3.39,0.273911060277778,3.39
0.274188494166667,3.38,0.274221022777778,3.39,0.274188900833333,3.39
0.274466156388889,3.38,0.274499019166667,3.39,0.274467118611111,3.39
0.274743772777778,3.38,0.274776925277778,3.39,0.274745041944444,3.39
0.275021894722222,3.38,0.275054401944444,3.39,0.275022985555556,3.4
0.275300145277778,3.38,0.275332368333333,3.39,0.275300381944444,3.39
0.275577756111111,3.38,0.2756104375,3.39,0.275578692777778,3.39
0.275855783333333,3.38,0.275888536944444,3.39,0.275856387222222,3.39
0.276133610277778,3.39,0.276166353888889,3.39,0.276134053888889,3.39
0.276411395555556,3.39,0.276444076111111,3.39,0.276411819444444,3.39
0.276689098333333,3.39,0.276721611944444,3.39,0.276689701111111,3.39
0.276966930555556,3.38,0.276999835555556,3.39,0.276967859722222,3.39
0.277244920277778,3.38,0.277277551388889,3.4,0.277245730833333,3.39
0.277522521111111,3.38,0.277555169444444,3.39,0.277523301111111,3.39
0.277800248888889,3.38,0.277833039722222,3.39,0.277801585277778,3.39
0.278078521388889,3.39,0.278110880555556,3.39,0.27807907,3.39
0.278356174166667,3.39,0.278388923888889,3.39,0.278356955,3.39
0.2786343025,3.39,0.278666593888889,3.39,0.278634568055556,3.39
0.278911968611111,3.38,0.278944308611111,3.39,0.278912910277778,3.39
0.279189724444444,3.38,0.279222555833333,3.39,0.279190717777778,3.39
0.279467745277778,3.38,0.279500248333333,3.39,0.279468453888889,3.39
0.279745373055556,3.39,0.279778154444444,3.39,0.279746561111111,3.39
0.280023065,3.38,0.280056034444444,3.39,0.280024139722222,3.4
0.280301065833333,3.39,0.280333979444444,3.39,0.280301913611111,3.39
0.280579138333333,3.39,0.280611433611111,3.39,0.280580059444444,3.39
0.280857157777778,3.39,0.280889328888889,3.39,0.280857849444444,3.39
0.281135097222222,3.38,0.281167158055556,3.39,0.281135542222222,3.39
0.281412796388889,3.39,0.281445338055556,3.39,0.2814133525,3.39
0.281690612777778,3.39,0.281723129444444,3.39,0.281691776111111,3.39
0.281968855555556,3.38,0.282001110833333,3.39,0.281969616388889,3.39
0.28224686,3.39,0.282278849166667,3.39,0.282247114444444,3.39
0.282524389444444,3.39,0.282556555555556,3.39,0.282525040277778,3.4
0.282802366388889,3.39,0.282834561666667,3.39,0.282802790833333,3.39
0.283080354722222,3.38,0.283111877222222,3.39,0.283080483333333,3.39
0.283357770833333,3.38,0.283390046944444,3.39,0.283358591944444,3.39
0.283635721388889,3.38,0.283667858888889,3.39,0.283636391944444,3.39
0.283913491666667,3.38,0.283945722222222,3.39,0.283914253611111,3.39
0.284191233888889,3.38,0.284223868333333,3.39,0.284192114166667,3.39
0.284469315555556,3.38,0.284501967777778,3.39,0.284469698611111,3.39
0.284747520277778,3.39,0.284779841666667,3.39,0.284747806944444,3.39
0.285025057222222,3.38,0.285057740833333,3.39,0.285026027777778,3.39
0.285302834444444,3.38,0.285335331111111,3.39,0.285304323055556,3.39
0.2855809275,3.39,0.285613220555556,3.39,0.285581872777778,3.39
0.2858587675,3.38,0.285891170833333,3.39,0.285859604722222,3.39
0.286136671388889,3.39,0.286168761944444,3.39,0.286137505277778,3.39
0.286414625555556,3.39,0.286447092777778,3.39,0.2864155275,3.4
0.286692291944444,3.38,0.286724982222222,3.39,0.286693599444444,3.39
0.286970050555556,3.38,0.287002835277778,3.39,0.286971415277778,3.4
0.287248042222222,3.39,0.287281202777778,3.39,0.287249192222222,3.39
0.287525810555556,3.39,0.287558973055556,3.39,0.287526897222222,3.39
0.287803783611111,3.39,0.287836823611111,3.39,0.287804836388889,3.4
0.288081376666667,3.39,0.288114426666667,3.39,0.288082585277778,3.39
0.288359328611111,3.39,0.288392330277778,3.39,0.288360413611111,3.39
0.288637260555556,3.39,0.288669883611111,3.39,0.288638263055556,3.39
0.288915474444444,3.38,0.288947945,3.39,0.288916144166667,3.39
0.289193350833333,3.39,0.289225807777778,3.39,0.289194007222222,3.39
0.289471200277778,3.39,0.289503467777778,3.39,0.289471773888889,3.39
0.289749121388889,3.39,0.289781705833333,3.39,0.289749565277778,3.39
0.290027061944444,3.39,0.290059503055556,3.39,0.290027468055556,3.39
0.290304766111111,3.38,0.290337518333333,3.39,0.2903055,3.4
0.290582836944444,3.39,0.290614874444444,3.39,0.290583651388889,3.39
0.290860818611111,3.39,0.290893108611111,3.39,0.290861369722222,3.39
0.291138641944444,3.39,0.291170423055556,3.39,0.291139256944444,3.39
0.291416446666667,3.39,0.291448749444444,3.39,0.291416897222222,3.39
0.291694321388889,3.39,0.291726635555556,3.39,0.291694744166667,3.4
0.291972178611111,3.39,0.292004375,3.39,0.291972854166667,3.4
0.292250240555556,3.39,0.292282120277778,3.39,0.292250636944444,3.39
0.292528228055556,3.39,0.292559759444444,3.39,0.292528514166667,3.4
0.292805975277778,3.39,0.292837677777778,3.39,0.292806071944444,3.4
0.293083491944444,3.39,0.293115476388889,3.39,0.293084360833333,3.39
0.293361411388889,3.39,0.293393463888889,3.39,0.293362719444444,3.4
0.293639266944444,3.39,0.29367168,3.39,0.293640486111111,3.39
0.293917378611111,3.39,0.293949491388889,3.39,0.293918346388889,3.4
0.294195033333333,3.39,0.294227086944444,3.39,0.294196371666667,3.4
0.294473323611111,3.39,0.294505449722222,3.39,0.294474120555556,3.4
0.294751238888889,3.39,0.294783084722222,3.39,0.294752108888889,3.4
0.295029417777778,3.39,0.295061179444444,3.39,0.295029755555556,3.39
0.295307671666667,3.39,0.295339057222222,3.39,0.295307791944444,3.39
0.295585522222222,3.39,0.295616808888889,3.39,0.295585649722222,3.4
0.295863216111111,3.39,0.295894939166667,3.39,0.295864160833333,3.4
0.296140573611111,3.39,0.296172804166667,3.39,0.296141748333333,3.4
0.296418624166667,3.39,0.296450489722222,3.39,0.296419744166667,3.4
0.296696586388889,3.39,0.296728501111111,3.39,0.296697503333333,3.4
0.296974520277778,3.39,0.297006548333333,3.39,0.296975409722222,3.39
0.297252356666667,3.39,0.297284343333333,3.39,0.297253429166667,3.39
0.297529790277778,3.39,0.297562226944444,3.39,0.297531175833333,3.4
0.2978076175,3.39,0.297840148611111,3.39,0.29780862,3.4
0.298086041666667,3.39,0.298117933888889,3.39,0.298086379722222,3.4
0.298363675277778,3.39,0.298395765555556,3.39,0.298364581944444,3.39
0.298641175833333,3.39,0.298673439166667,3.39,0.298642215,3.4
0.298918923611111,3.39,0.298951026111111,3.39,0.298920509166667,3.4
0.299196881388889,3.39,0.299229548333333,3.39,0.299198168611111,3.4
0.299474731666667,3.39,0.299507271666667,3.39,0.299475871388889,3.4
0.299752531944444,3.39,0.299784869722222,3.39,0.299753615277778,3.4
0.300030468611111,3.39,0.300062830555556,3.39,0.300032128888889,3.4
0.300308098333333,3.39,0.300340321111111,3.39,0.30030998,3.4
0.300585873333333,3.39,0.300618279166667,3.39,0.300587957777778,3.4
0.30086376,3.39,0.300896313611111,3.39,0.300866111388889,3.4
0.301141413611111,3.39,0.301174296666667,3.39,0.301144159166667,3.4
0.301419313055556,3.39,0.301451883055556,3.4,0.30142187,3.4
0.301696958333333,3.39,0.301729412777778,3.39,0.301699833611111,3.4
0.301975356944444,3.39,0.302007557222222,3.39,0.301977589166667,3.4
0.302253081944444,3.39,0.302285148611111,3.4,0.302255462777778,3.4
0.302530799166667,3.39,0.302562906666667,3.39,0.302533300833333,3.4
0.302808600555556,3.39,0.302840904166667,3.39,0.302811323611111,3.4
0.303086448888889,3.39,0.303118944722222,3.39,0.3030888225,3.39
0.303364108333333,3.39,0.303396941944444,3.39,0.303366394722222,3.4
0.303642376388889,3.39,0.303674762777778,3.39,0.303644576111111,3.4
0.3039201325,3.39,0.303952485,3.39,0.303921950555556,3.4
0.304198243055556,3.39,0.304230345833333,3.39,0.304199925,3.39
0.304475968888889,3.39,0.304508268333333,3.39,0.304477500555556,3.4
0.304753705,3.39,0.304785985,3.39,0.304755308888889,3.4
0.305031379444444,3.39,0.305064190555556,3.39,0.305033800833333,3.4
0.3053094375,3.39,0.305342302222222,3.39,0.305311821111111,3.39
0.305587198888889,3.39,0.305620349444444,3.39,0.305589441666667,3.4
0.305865301111111,3.39,0.305898241666667,3.39,0.305867521111111,3.39
0.306143412222222,3.39,0.306176171666667,3.39,0.306145471388889,3.4
0.306420793611111,3.39,0.306454039166667,3.39,0.306423189444444,3.4
0.306699164166667,3.39,0.306732178333333,3.39,0.306700918333333,3.4
0.306976880555556,3.39,0.307009708611111,3.39,0.306978835833333,3.39
0.307254624166667,3.39,0.307287635277778,3.39,0.307256600555556,3.4
0.307532574166667,3.39,0.307565810833333,3.39,0.307534811666667,3.4
0.307810259444444,3.39,0.307843573888889,3.39,0.307812588333333,3.4
0.308088141111111,3.39,0.308121560277778,3.39,0.308090517222222,3.4
0.308365538611111,3.39,0.30839934,3.4,0.308368164444444,3.4
0.308643902222222,3.39,0.308677075277778,3.4,0.308646053333333,3.4
0.308921840555556,3.39,0.308954958888889,3.39,0.30892404,3.4
0.309199206388889,3.39,0.309233129166667,3.39,0.309201850555556,3.4
0.309477287222222,3.39,0.3095104,3.39,0.309479620277778,3.39
0.309755208611111,3.39,0.309788192777778,3.39,0.309757308055556,3.4
0.310033063888889,3.39,0.310066529444444,3.4,0.310035175,3.4
0.310310828333333,3.39,0.310344756111111,3.4,0.3103129,3.4
0.310589262777778,3.39,0.310622878888889,3.39,0.310590670555556,3.39
0.310866906666667,3.39,0.310900363055556,3.39,0.310868665555556,3.4
0.311145057222222,3.39,0.311178345833333,3.4,0.311146675,3.4
0.311422473055556,3.39,0.311456245,3.39,0.3114245425,3.4
0.311701002777778,3.39,0.311734129722222,3.39,0.311703015833333,3.4
0.311978879166667,3.39,0.312012068611111,3.39,0.311980278888889,3.4
0.312256913333333,3.39,0.312289835555556,3.4,0.3122583425,3.4
0.312534749444444,3.39,0.312567975833333,3.39,0.312536097777778,3.4
0.312812868888889,3.39,0.312845534166667,3.4,0.312813987222222,3.4
0.313090925,3.39,0.313123497777778,3.39,0.313091959444444,3.4
0.313368716944444,3.39,0.313401242222222,3.4,0.313369624166667,3.4
0.313646123888889,3.39,0.313679168611111,3.39,0.313647580833333,3.4
0.313924165833333,3.39,0.313957240833333,3.39,0.313925705277778,3.4
0.314202050277778,3.39,0.314234848333333,3.4,0.314203497222222,3.4
0.314479609722222,3.39,0.314513118055556,3.39,0.31448117,3.4
0.314757578333333,3.39,0.314790974722222,3.39,0.314759277222222,3.4
0.315035583055556,3.39,0.315069377777778,3.39,0.315036909166667,3.4
0.315313603055556,3.39,0.3153468225,3.39,0.315314965,3.4
0.315591499166667,3.39,0.315625071666667,3.39,0.315592418055556,3.4
0.315869099166667,3.39,0.315902959444444,3.39,0.315870683333333,3.4
0.316146824444444,3.39,0.316180906111111,3.39,0.316148478611111,3.4
0.316424788055556,3.39,0.316458435833333,3.39,0.316426285555556,3.4
0.316702605,3.39,0.3167362775,3.39,0.316704357777778,3.4
0.316979964444444,3.39,0.317014064166667,3.39,0.316981899166667,3.4
0.317257944166667,3.39,0.317292006388889,3.39,0.317260268611111,3.4
0.317536200833333,3.39,0.317569809444444,3.4,0.317537712777778,3.4
0.3178138925,3.39,0.317847086388889,3.39,0.317815789722222,3.4
0.318091814722222,3.39,0.318125451111111,3.39,0.318093426388889,3.4
0.318369544722222,3.39,0.318403411666667,3.39,0.318371187222222,3.4
0.318646980277778,3.39,0.318681304722222,3.39,0.318649309166667,3.4
0.318924675277778,3.39,0.318959136944444,3.4,0.318926884166667,3.4
0.319202986388889,3.39,0.319237002222222,3.4,0.3192048825,3.4
0.319480806388889,3.4,0.319514949166667,3.4,0.319482645277778,3.4
0.319759053055556,3.4,0.319792701111111,3.39,0.319760343611111,3.4
0.320036502222222,3.39,0.320070702777778,3.39,0.320037918611111,3.4
0.320314506388889,3.39,0.320348946666667,3.4,0.320315739722222,3.4
0.320592981944444,3.39,0.320627168888889,3.4,0.320593340277778,3.4
0.320870468611111,3.39,0.320905175555556,3.39,0.320871483055556,3.4
0.321148436944444,3.4,0.321183085,3.4,0.321149340555556,3.4
0.321426395,3.39,0.321461304166667,3.4,0.321426656111111,3.4
0.321704076111111,3.39,0.321739180833333,3.39,0.321704779166667,3.4
0.321981660833333,3.39,0.322016517777778,3.39,0.321982730833333,3.4
0.322259902222222,3.39,0.322294815833333,3.4,0.322260543611111,3.4
0.322537777777778,3.39,0.322572668611111,3.39,0.322538567777778,3.4
0.322815376388889,3.39,0.3228505125,3.39,0.322816459444444,3.4
0.323093291388889,3.39,0.323128581944444,3.4,0.323094073611111,3.4
0.323371210555556,3.39,0.323406435277778,3.4,0.323372030555556,3.4
0.323649063333333,3.4,0.323683735833333,3.39,0.323649855555556,3.4
0.323926964444444,3.39,0.323962019722222,3.39,0.323927762222222,3.4
0.324204816388889,3.39,0.324239508888889,3.4,0.324205492777778,3.4
0.324482572777778,3.39,0.324517731111111,3.4,0.324483305555556,3.4
0.324760269444444,3.39,0.324795299444444,3.4,0.324761594444444,3.4
0.325037991944444,3.4,0.3250733875,3.4,0.3250395,3.4
0.325316116944444,3.39,0.325351610555556,3.39,0.325316992777778,3.4
0.325593934166667,3.39,0.325629359722222,3.4,0.325595069722222,3.4
0.325871940833333,3.39,0.325907334722222,3.39,0.325872991666667,3.4
0.326149783333333,3.4,0.326184859166667,3.4,0.326151149444444,3.4
0.326427283611111,3.4,0.326462901666667,3.39,0.326428969722222,3.4
0.326705346666667,3.39,0.326740621666667,3.4,0.326706645277778,3.4
0.326982831944444,3.4,0.327018502777778,3.4,0.326984882777778,3.4
0.327260668333333,3.39,0.327296498611111,3.39,0.3272626775,3.4
0.327538873333333,3.4,0.327573924166667,3.39,0.327540365833333,3.4
0.3278169975,3.39,0.327851962777778,3.39,0.327818033333333,3.4
0.328095175277778,3.4,0.328129827777778,3.4,0.328096235277778,3.4
0.3283732825,3.39,0.328407121666667,3.4,0.328374115,3.4
0.328650958611111,3.39,0.328685391111111,3.4,0.328651949166667,3.4
0.328928708333333,3.39,0.32896338,3.4,0.328929865833333,3.4
0.329206802222222,3.4,0.329241110833333,3.4,0.329207875555556,3.4
0.329484464722222,3.39,0.329518837777778,3.39,0.329485288611111,3.4
0.329762188333333,3.39,0.329796670555556,3.4,0.329763303888889,3.4
0.330040151388889,3.39,0.330074182222222,3.39,0.3300410325,3.4
0.330317494444444,3.4,0.330351910555556,3.4,0.330319021666667,3.4
0.330595671111111,3.39,0.330629750277778,3.39,0.330596791111111,3.4
0.330873313055556,3.4,0.330907814444444,3.4,0.330874738611111,3.4
0.331151377777778,3.39,0.331185153611111,3.4,0.331152485,3.4
0.331429339722222,3.39,0.331463028611111,3.4,0.331430295277778,3.4
0.331706901666667,3.39,0.3317408075,3.39,0.331707982222222,3.4
0.331985085555556,3.39,0.332019255833333,3.4,0.331985960555556,3.4
0.332262890555556,3.39,0.332297148333333,3.4,0.332263805555556,3.4
0.332540866111111,3.39,0.332574946666667,3.39,0.332541518333333,3.4
0.332818697222222,3.39,0.332852874444444,3.4,0.332819559166667,3.4
0.33309626,3.4,0.333130665833333,3.4,0.333097235277778,3.4
0.333374376666667,3.39,0.333408712777778,3.39,0.3333752875,3.4
0.333651995,3.39,0.333686268333333,3.4,0.33365332,3.4
0.333929881388889,3.39,0.333964141388889,3.4,0.333931159444444,3.4
0.334207743333333,3.39,0.3342420875,3.4,0.334209058055556,3.4
0.334485816944444,3.4,0.334519896944444,3.4,0.334486539722222,3.4
0.334763487222222,3.4,0.334797498611111,3.4,0.334764217222222,3.4
0.335041369166667,3.39,0.335075626944444,3.4,0.335042282777778,3.4
0.335319263611111,3.4,0.335353565277778,3.4,0.3353201375,3.4
0.335596996944444,3.39,0.335631017222222,3.4,0.335597949444444,3.4
0.335874871944444,3.4,0.335909479722222,3.4,0.335875977777778,3.4
0.336152839444444,3.39,0.336187236944444,3.4,0.336153774166667,3.4
0.336430495277778,3.39,0.336465056666667,3.4,0.336431684444444,3.4
0.336708550277778,3.4,0.336743171666667,3.4,0.336709830555556,3.4
0.336986106944444,3.4,0.337021213055556,3.4,0.336987721666667,3.4
0.337263863611111,3.4,0.337298803888889,3.4,0.337265911388889,3.4
0.337541981666667,3.39,0.337576615833333,3.4,0.337543680277778,3.4
0.337820041111111,3.39,0.337854768611111,3.4,0.337821741944444,3.4
0.338098060277778,3.4,0.338132860277778,3.4,0.338099988055556,3.4
0.338375760277778,3.4,0.338410920555556,3.4,0.3383779575,3.4
0.338653705,3.39,0.3386889025,3.39,0.33865577,3.4
0.338931433333333,3.4,0.338966953888889,3.4,0.338933251944444,3.4
0.339208905277778,3.4,0.339244764166667,3.4,0.339211189166667,3.4
0.339486872222222,3.4,0.339522571388889,3.4,0.339489351111111,3.4
0.339764828888889,3.39,0.339800665277778,3.4,0.339766930833333,3.4
0.340042719444444,3.4,0.340078182222222,3.39,0.340044807222222,3.4
0.340320541944444,3.39,0.3403559675,3.4,0.340322266111111,3.4
0.340598481388889,3.4,0.340633929444444,3.4,0.340600293055556,3.4
0.340876215833333,3.39,0.340911688055556,3.4,0.340878181944444,3.4
0.341153857777778,3.4,0.341189673611111,3.4,0.341155896111111,3.4
0.341431791944444,3.4,0.341467533888889,3.4,0.341433355555556,3.4
0.34170967,3.4,0.3417452925,3.4,0.341711394722222,3.4
0.341987254444444,3.4,0.342022921388889,3.4,0.341989193055556,3.4
0.342265420555556,3.4,0.342300882222222,3.4,0.342267171111111,3.4
0.342542753611111,3.39,0.342578893333333,3.4,0.342544840277778,3.4
0.3428210575,3.4,0.342857096111111,3.4,0.342822798888889,3.4
0.343099009166667,3.4,0.343135242777778,3.4,0.343100815833333,3.4
0.343376605277778,3.4,0.343413458888889,3.4,0.343378724722222,3.4
0.343654575,3.39,0.343691478055556,3.4,0.343656750833333,3.4
0.343931989722222,3.39,0.343969485,3.4,0.343934434444444,3.4
0.344210050277778,3.4,0.344247189444444,3.4,0.344212382777778,3.4
0.344488085277778,3.4,0.3445248725,3.39,0.344490393333333,3.4
0.344765879444444,3.39,0.344803117222222,3.4,0.344767944722222,3.4
0.345043953055556,3.4,0.345080966111111,3.4,0.345045879722222,3.4
0.345321981666667,3.4,0.3453589125,3.4,0.345323588333333,3.4
0.345599866111111,3.39,0.345636533055556,3.4,0.345601363888889,3.4
0.345877908333333,3.4,0.345914546666667,3.4,0.345879035277778,3.4
0.346155888888889,3.4,0.346192607222222,3.4,0.346156951388889,3.4
0.346433767777778,3.39,0.346470555277778,3.4,0.346434874166667,3.4
0.346711370555556,3.4,0.346748293055556,3.4,0.346713002222222,3.4
0.346988903611111,3.4,0.347025963055556,3.4,0.346990388333333,3.4
0.347267100833333,3.4,0.347304225,3.4,0.347268603055556,3.4
0.3475449575,3.4,0.347581996666667,3.4,0.347546539722222,3.4
0.347822940833333,3.4,0.347859842777778,3.4,0.347824251388889,3.4
0.348100645,3.39,0.348137758055556,3.4,0.3481019625,3.4
0.348378565833333,3.4,0.348415399722222,3.4,0.348379659444444,3.4
0.348656120277778,3.39,0.348693190277778,3.4,0.348657434444444,3.4
0.348934564166667,3.4,0.348971096944444,3.4,0.348935336111111,3.4
0.349211966388889,3.4,0.349248795555556,3.4,0.349213125277778,3.4
0.349490158611111,3.4,0.349526253611111,3.4,0.349490925833333,3.4
0.349767926388889,3.4,0.349804368888889,3.4,0.349768690277778,3.4
0.350045593888889,3.4,0.350082181388889,3.4,0.350046620555556,3.4
0.350323354444444,3.4,0.350359856944444,3.4,0.350324215,3.4
0.350601516666667,3.4,0.35063805,3.4,0.350602415,3.4
0.350879296944444,3.4,0.350915736388889,3.4,0.350880363333333,3.4
0.351156756388889,3.4,0.351193560277778,3.4,0.351157931388889,3.4
0.351434424166667,3.4,0.351471569166667,3.4,0.35143591,3.4
0.351712572222222,3.4,0.351749655,3.4,0.351713716666667,3.4
0.351990438611111,3.4,0.352027775277778,3.4,0.351991980833333,3.4
0.35226787,3.4,0.352305124722222,3.4,0.352269966111111,3.4
0.352545593333333,3.4,0.352583259444444,3.4,0.352547891666667,3.4
0.352823822777778,3.4,0.352861485833333,3.4,0.352825771944444,3.4
0.35310165,3.4,0.353139244722222,3.4,0.353103746666667,3.4
0.353379417222222,3.4,0.353417305,3.4,0.353381358611111,3.4
0.353656940277778,3.4,0.353694930555556,3.4,0.353659121388889,3.4
0.353934898055556,3.4,0.353972693888889,3.4,0.353937153888889,3.4
0.354212794722222,3.4,0.354250921666667,3.4,0.354214823055556,3.4
0.354490641388889,3.4,0.354528969166667,3.4,0.354492331944444,3.4
0.354768426666667,3.4,0.354806527777778,3.4,0.354770274722222,3.4
0.355046214166667,3.4,0.355084528055556,3.4,0.355048366111111,3.4
0.355324311388889,3.4,0.355362237777778,3.4,0.3553265975,3.4
0.355602051944444,3.4,0.355640290555556,3.4,0.355604222222222,3.4
0.355879415277778,3.4,0.355918006388889,3.4,0.355882244166667,3.4
0.356157470277778,3.4,0.356195735833333,3.4,0.356159776666667,3.4
0.356435343611111,3.4,0.356473695277778,3.4,0.356437668333333,3.4
0.356713291944444,3.4,0.356751578888889,3.4,0.356715333333333,3.4
0.356991314166667,3.4,0.3570295725,3.4,0.3569934725,3.4
0.357269045277778,3.4,0.357307823888889,3.4,0.357271263333333,3.4
0.357547140555556,3.4,0.357585414444444,3.4,0.357548992777778,3.4
0.357824768611111,3.4,0.357863450833333,3.4,0.357826820555556,3.4
0.358102464166667,3.4,0.358141269722222,3.4,0.358104473333333,3.4
0.358380553888889,3.4,0.358419378888889,3.4,0.358382576388889,3.4
0.358658208055556,3.4,0.358696790277778,3.4,0.358660291388889,3.4
0.358935788611111,3.4,0.358974862777778,3.4,0.358938487777778,3.4
0.359213935,3.4,0.359252374722222,3.4,0.359216088333333,3.4
0.359491821111111,3.4,0.359530576388889,3.4,0.359493944166667,3.4
0.359769908333333,3.4,0.359808445555556,3.4,0.359771990555556,3.4
0.360047665,3.4,0.360086101388889,3.4,0.360049721666667,3.4
0.360325063888889,3.4,0.360364061388889,3.4,0.3603278225,3.4
0.360603046944444,3.4,0.360641796111111,3.4,0.360606008333333,3.4
0.360881254722222,3.4,0.360919655,3.4,0.360883581111111,3.4
0.3611589925,3.4,0.361197791944444,3.4,0.361161469166667,3.4
0.361436935555556,3.4,0.361475454444444,3.4,0.361439185833333,3.4
0.361714583055556,3.4,0.361753266944444,3.4,0.361717029722222,3.4
0.361992500555556,3.4,0.362031058055556,3.4,0.361994728888889,3.4
0.3622703225,3.4,0.362309012777778,3.4,0.362272751111111,3.4
0.3625480175,3.4,0.362587034166667,3.4,0.362550997777778,3.4
0.362826068333333,3.4,0.362864794166667,3.4,0.362828753333333,3.4
0.363103698333333,3.4,0.363142995833333,3.4,0.363106616111111,3.4
0.363381639166667,3.4,0.363421019166667,3.4,0.363384246944444,3.4
0.363659668055556,3.4,0.363698923611111,3.4,0.363662311111111,3.4
0.363937673611111,3.4,0.363976631111111,3.4,0.363940095,3.4
0.364215431666667,3.4,0.364254344722222,3.4,0.364218215277778,3.4
0.364493198888889,3.4,0.364531825,3.4,0.364495870555556,3.4
0.364771339722222,3.4,0.364809902222222,3.4,0.364773625555556,3.4
0.365049417777778,3.4,0.365087460277778,3.4,0.365051671666667,3.4
0.365327391666667,3.4,0.365365526111111,3.4,0.365329632777778,3.4
0.365605004166667,3.4,0.365643460833333,3.4,0.365607263611111,3.4
0.365882696111111,3.4,0.365921265277778,3.4,0.365885480277778,3.4
0.3661603125,3.4,0.366199100277778,3.4,0.366163094444444,3.4
0.366438296944444,3.4,0.366476763888889,3.4,0.366441214722222,3.4
0.366716020277778,3.4,0.366754661388889,3.4,0.366718967222222,3.4
0.366993959166667,3.4,0.367032574166667,3.4,0.366997110555556,3.4
0.367271803888889,3.4,0.367310423888889,3.4,0.367275057222222,3.4
0.367549936111111,3.4,0.367588480833333,3.4,0.36755347,3.4
0.367827751944444,3.4,0.367866397222222,3.4,0.367831386111111,3.4
0.368105721388889,3.4,0.368144093333333,3.4,0.368109290555556,3.4
0.368383463888889,3.4,0.368421996666667,3.4,0.368387092777778,3.4
0.368660896388889,3.4,0.368699719166667,3.4,0.368664710555556,3.4
0.368939063888889,3.4,0.3689776925,3.4,0.368942919722222,3.4
0.369216794166667,3.4,0.369255911666667,3.4,0.369220305,3.4
0.3694946275,3.4,0.369533673888889,3.4,0.369498223055556,3.4
0.369772804444444,3.39,0.369811611944444,3.4,0.369775873888889,3.4
0.370050356944444,3.4,0.370089546388889,3.4,0.370053776111111,3.4
0.370328329444444,3.4,0.370367238333333,3.4,0.370331753888889,3.4
0.370606155833333,3.4,0.370645078888889,3.4,0.370609585277778,3.4
0.370884231111111,3.4,0.370922551111111,3.4,0.370887063333333,3.4
0.371162258611111,3.4,0.371201016666667,3.4,0.371164752777778,3.4
0.371439998333333,3.4,0.371478815833333,3.4,0.371442483888889,3.4
0.371717796111111,3.4,0.371756680277778,3.4,0.3717204575,3.4
0.371995865833333,3.4,0.372034139722222,3.4,0.371998394166667,3.4
0.37227372,3.4,0.372312258611111,3.4,0.372276208888889,3.4
0.372551766111111,3.4,0.372589842222222,3.4,0.372554050833333,3.4
0.372829452777778,3.4,0.372867569444444,3.4,0.372832049444444,3.4
0.373107449444444,3.4,0.373145401111111,3.4,0.373109536666667,3.4
0.373385166111111,3.4,0.373423275,3.4,0.373387625,3.4
0.373663174722222,3.4,0.373701184722222,3.4,0.373665571944444,3.4
0.373941048611111,3.4,0.373979018333333,3.4,0.373943456388889,3.4
0.3742188475,3.4,0.374256943333333,3.4,0.374221025833333,3.4
0.374496925833333,3.4,0.374534596388889,3.4,0.374499053888889,3.4
0.374774673055556,3.4,0.374812078888889,3.4,0.374776400833333,3.4
0.375052649444444,3.4,0.375090501388889,3.4,0.375054733055556,3.4
0.375330524722222,3.4,0.375368325,3.4,0.375332596666667,3.4
0.375608325,3.4,0.3756463525,3.4,0.375610172777778,3.4
0.375886518611111,3.4,0.375924516944444,3.4,0.375887935833333,3.4
0.3761641875,3.4,0.376202545833333,3.4,0.376166291666667,3.4
0.376442319166667,3.4,0.376480622777778,3.4,0.376443619166667,3.4
0.376719969166667,3.4,0.376758456944444,3.4,0.376721609444444,3.4
0.376998240555556,3.4,0.377036304722222,3.4,0.376999178333333,3.4
0.377275860277778,3.4,0.377314149722222,3.4,0.377277652777778,3.4
0.377553754444444,3.4,0.37759154,3.4,0.377555414444444,3.4
0.377831482222222,3.4,0.377869797777778,3.4,0.377833431111111,3.4
0.378109270833333,3.4,0.378147923888889,3.4,0.378111196111111,3.4
0.378387143055556,3.4,0.378425906388889,3.4,0.3783891275,3.4
0.378665177222222,3.4,0.378703781388889,3.4,0.3786671925,3.4
0.378943288611111,3.4,0.378981798333333,3.4,0.378944752777778,3.4
0.379221023055556,3.4,0.379259885277778,3.4,0.379222901388889,3.4
0.379498973333333,3.4,0.379537726944444,3.4,0.379500771666667,3.4
0.379776578333333,3.4,0.379815189166667,3.4,0.3797785425,3.4
0.380054441666667,3.4,0.380093350277778,3.4,0.380056482777778,3.411
0.380331996666667,3.4,0.380371394166667,3.4,0.380334196944444,3.4
0.380609863611111,3.4,0.380649312222222,3.4,0.380611676666667,3.4
0.380887835833333,3.4,0.380927168333333,3.4,0.380889821944444,3.4
0.381165786111111,3.4,0.381205266944444,3.4,0.381167573611111,3.4
0.381444094722222,3.4,0.381483103888889,3.4,0.3814453525,3.4
0.381721525555556,3.4,0.381760576388889,3.4,0.381723101388889,3.4
0.381999691666667,3.4,0.382038330277778,3.4,0.382000997222222,3.4
0.38227773,3.4,0.382316474166667,3.4,0.382278788333333,3.4
0.382555203888889,3.4,0.382594670833333,3.4,0.382556815833333,3.4
0.382833196944444,3.4,0.382872768888889,3.4,0.382834467222222,3.4
0.383110848333333,3.4,0.383150578055556,3.4,0.3831125525,3.4
0.383388908055556,3.4,0.383428501111111,3.4,0.383390523333333,3.4
0.3836667725,3.4,0.383706336666667,3.4,0.383668308333333,3.4
0.383944190833333,3.4,0.383984245277778,3.4,0.383946609166667,3.4
0.384222320277778,3.4,0.384261958055556,3.4,0.384224237777778,3.4
0.384500351666667,3.4,0.384539644722222,3.4,0.384502000555556,3.4
0.3847777325,3.4,0.384817798333333,3.4,0.384779861666667,3.4
0.385055955,3.4,0.385095480277778,3.4,0.385057278611111,3.4
0.385333289444444,3.4,0.385373463055556,3.4,0.385334994444444,3.4
0.385611851666667,3.4,0.385651316111111,3.4,0.385613131666667,3.4
0.385889605833333,3.4,0.3859290075,3.4,0.385891091666667,3.4
0.386166981944444,3.4,0.386206937222222,3.4,0.386169029722222,3.4
0.386445246944444,3.4,0.386484883888889,3.4,0.38644702,3.4
0.386723213055556,3.4,0.386762679166667,3.4,0.386724707777778,3.4
0.387001278333333,3.4,0.38704033,3.4,0.387002975277778,3.4
0.38727898,3.4,0.387317923611111,3.4,0.387280555277778,3.4
0.387556704722222,3.4,0.387595959166667,3.4,0.387558325,3.4
0.387834586111111,3.4,0.387873996111111,3.4,0.3878358275,3.4
0.388112234166667,3.4,0.388151803888889,3.4,0.388114083888889,3.411
0.388390121111111,3.4,0.388429316111111,3.4,0.3883916525,3.4
0.388667763611111,3.4,0.388707421666667,3.4,0.388669673333333,3.411
0.388945695,3.4,0.388985156666667,3.4,0.388947593611111,3.4
0.389223871388889,3.4,0.389263253333333,3.4,0.3892254675,3.4
0.389501658611111,3.4,0.3895414175,3.4,0.389503773611111,3.4
0.389779316944444,3.4,0.389819230555556,3.4,0.389781893888889,3.4
0.390057699722222,3.4,0.390097165,3.4,0.390059463333333,3.4
0.390335386111111,3.4,0.390375362777778,3.4,0.390337284722222,3.4
0.390612878333333,3.4,0.390653057222222,3.4,0.390615554722222,3.4
0.390890711666667,3.4,0.390930911944444,3.4,0.390893823611111,3.4
0.39116884,3.4,0.391208737222222,3.4,0.391171624722222,3.4
0.391446646944444,3.4,0.391487030555556,3.4,0.391449115277778,3.4
0.391724139722222,3.4,0.391764589166667,3.4,0.391727031111111,3.4
0.392002319722222,3.4,0.392042527777778,3.4,0.392004493888889,3.4
0.392280412777778,3.4,0.392319979166667,3.4,0.392282440833333,3.4
0.392558011388889,3.4,0.392598036388889,3.4,0.392560465277778,3.4
0.392836115833333,3.4,0.392875774722222,3.4,0.392838555277778,3.4
0.393113935555556,3.4,0.393153667777778,3.4,0.393116641111111,3.4
0.393391565,3.4,0.393431529166667,3.4,0.393394427777778,3.4
0.393669491388889,3.4,0.393709253611111,3.4,0.3936722575,3.4
0.393947523333333,3.4,0.393987179166667,3.4,0.393949936388889,3.4
0.394225242222222,3.4,0.394265134166667,3.4,0.394227784722222,3.4
0.3945031125,3.4,0.394543711388889,3.4,0.394505519444444,3.4
0.394780923611111,3.4,0.394821551666667,3.4,0.394783520277778,3.4
0.395058898333333,3.4,0.395099526111111,3.4,0.395061560833333,3.4
0.395336831666667,3.4,0.395377088888889,3.4,0.395339232777778,3.4
0.3956147775,3.4,0.395655453888889,3.4,0.395616637777778,3.4
0.395892835833333,3.4,0.395933030833333,3.4,0.395894806111111,3.4
0.396170822777778,3.4,0.396211146111111,3.4,0.396172491944444,3.4
0.396448738333333,3.4,0.396488819722222,3.4,0.396450450833333,3.411
0.396726326944444,3.4,0.396766815555556,3.4,0.396728313333333,3.4
0.397004230277778,3.4,0.397044460833333,3.4,0.397006305555556,3.4
0.397282209444444,3.4,0.397322586944445,3.4,0.397284138055556,3.4
0.3975603175,3.4,0.397599908611111,3.4,0.397561919722222,3.4
0.397838031944444,3.4,0.397877893888889,3.4,0.39784007,3.4
0.398115956111111,3.4,0.398155763055556,3.4,0.398117532777778,3.4
0.398394240277778,3.4,0.398433412222222,3.4,0.398395874166667,3.4
0.398672091944444,3.4,0.398711278611111,3.4,0.398673646111111,3.4
0.398949942222222,3.4,0.398988964166667,3.4,0.398951153888889,3.4
0.3992275075,3.4,0.399266913611111,3.4,0.399229664166667,3.4
0.399505487222222,3.4,0.399545036944444,3.4,0.399507156111111,3.4
0.399783772777778,3.4,0.399822835833333,3.4,0.399785185555556,3.4
0.400061685277778,3.4,0.400100480555556,3.4,0.400062786666667,3.4
0.400339649166667,3.4,0.400378634722222,3.4,0.400340573611111,3.411
0.400617797777778,3.4,0.400656378333333,3.4,0.400618464444444,3.4
0.400895311111111,3.4,0.400934056388889,3.4,0.400896546388889,3.4
0.401173371944444,3.4,0.401211676666667,3.4,0.401174241111111,3.4
0.401451422777778,3.4,0.401489816388889,3.4,0.401452023888889,3.411
0.401729513611111,3.4,0.401767411111111,3.4,0.401729957222222,3.4
0.402007200277778,3.4,0.402045260555556,3.4,0.402007807777778,3.4
0.402285292777778,3.4,0.40232285,3.4,0.402285271666667,3.4
0.4025630825,3.4,0.402600983611111,3.4,0.402563883611111,3.411
0.402840923055556,3.4,0.402878741388889,3.4,0.402841984166667,3.411
0.403118826388889,3.4,0.403156771944444,3.4,0.403120088888889,3.411
0.403396470277778,3.4,0.403434681388889,3.4,0.403398253333333,3.4
0.403674198888889,3.4,0.403712144722222,3.4,0.403675829166667,3.4
0.4039519125,3.4,0.403990124166667,3.4,0.403953663333333,3.411
0.404229721666667,3.4,0.404268135833333,3.4,0.404231397222222,3.4
0.404507691944444,3.4,0.404545958055556,3.4,0.404509485833333,3.4
0.404785232222222,3.4,0.404824148888889,3.4,0.404787015277778,3.4
0.405063285833333,3.4,0.405101806111111,3.4,0.405065084166667,3.4
0.405341041944444,3.4,0.405379849722222,3.4,0.405342886111111,3.4
0.405618978611111,3.4,0.4056576575,3.4,0.40562059,3.4
0.405896876111111,3.4,0.405936171388889,3.4,0.405898355277778,3.4
0.406174639722222,3.4,0.406213636388889,3.4,0.406176105,3.4
0.406452383611111,3.4,0.406491890833333,3.4,0.406453659444444,3.4
0.406730053333333,3.4,0.406769729722222,3.4,0.406731453055556,3.411
0.407008009722222,3.4,0.407047599166667,3.4,0.407009557777778,3.4
0.407285828333333,3.4,0.407325494722222,3.4,0.407287260555556,3.4
0.407564029722222,3.4,0.407603250555556,3.4,0.407565405555556,3.411
0.407841360833333,3.4,0.407881109444444,3.4,0.407843063055556,3.4
0.408119724722222,3.4,0.408158831666667,3.4,0.408120834444444,3.411
0.4083975175,3.4,0.408437061666667,3.4,0.408399134166667,3.4
0.408675308333333,3.4,0.408714916666667,3.4,0.408676656111111,3.4
0.408953323055556,3.4,0.408992553611111,3.4,0.408954185555556,3.411
0.409231401111111,3.4,0.409270408333333,3.4,0.409232457777778,3.4
0.409509176388889,3.4,0.40954828,3.4,0.409510159444444,3.4
0.409786945277778,3.4,0.409826216388889,3.4,0.409788143888889,3.4
0.410064841111111,3.4,0.410104051944444,3.4,0.410065794166667,3.4
0.410342675555556,3.4,0.410381840833333,3.4,0.410343594166667,3.4
0.410620188333333,3.4,0.410659745833333,3.4,0.410621269444444,3.4
0.410897794166667,3.4,0.410937894722222,3.4,0.410899383888889,3.4
0.411176309166667,3.4,0.411215971666667,3.4,0.411177179444444,3.4
0.411454166666667,3.4,0.411494032222222,3.4,0.411455215833333,3.4
0.411732096388889,3.4,0.411771947777778,3.4,0.411733070277778,3.4
0.412009779444444,3.4,0.412049692777778,3.4,0.412010858888889,3.4
0.4122878275,3.4,0.412327849722222,3.4,0.412288500277778,3.4
0.412565241111111,3.4,0.412605800555556,3.4,0.412566525555556,3.4
0.412843720555556,3.4,0.412883741666667,3.4,0.412844709166667,3.4
0.413121262222222,3.4,0.413161536111111,3.4,0.413122563888889,3.4
0.41339909,3.4,0.413439596111111,3.4,0.4134003875,3.4
0.413676954166667,3.4,0.413717398055556,3.4,0.413678576666667,3.4
0.413954948611111,3.4,0.413995158333333,3.4,0.413956525,3.4
0.414232827222222,3.4,0.414273187777778,3.4,0.414234307777778,3.4
0.414510976111111,3.4,0.414550777222222,3.4,0.414512668055556,3.4
0.4147886475,3.4,0.414828564166667,3.4,0.414790274166667,3.411
0.415066372777778,3.4,0.4151062825,3.4,0.415068068333333,3.4
0.415344066111111,3.4,0.415384210555556,3.4,0.415345880833333,3.4
0.415621921944444,3.4,0.415662394166667,3.4,0.415623635,3.411
0.415899748333333,3.4,0.415940548055556,3.4,0.415901388333333,3.4
0.416177644444444,3.4,0.416217911944444,3.4,0.416179418333333,3.4
0.416455528888889,3.4,0.416495975555556,3.4,0.416457264444444,3.4
0.416733368611111,3.4,0.416773815,3.4,0.4167352475,3.411
0.417011391111111,3.4,0.417051606388889,3.4,0.417013236388889,3.411
0.417289080555556,3.4,0.417329661666667,3.4,0.417291049444444,3.4
0.417566663611111,3.4,0.417607584444444,3.4,0.417568989444444,3.4
0.417845320833333,3.4,0.417885486111111,3.4,0.417846773333333,3.4
0.418123444166667,3.4,0.4181633175,3.4,0.418124366388889,3.4
0.418401200277778,3.4,0.418441188888889,3.4,0.418402223611111,3.4
0.418679241666667,3.4,0.418718862777778,3.4,0.418680399722222,3.411
0.4189571475,3.4,0.418996521111111,3.4,0.418958145555556,3.4
0.419235171666667,3.4,0.419274344166667,3.4,0.419236083888889,3.4
0.419513063333333,3.4,0.419552478333333,3.4,0.419513878333333,3.4
0.419790929722222,3.4,0.419829935555556,3.4,0.419792165,3.4
0.420069032777778,3.4,0.4201079425,3.4,0.420069850277778,3.4
0.4203468675,3.4,0.420385660555556,3.4,0.420347475833333,3.411
0.420624988611111,3.4,0.420663588055556,3.4,0.420625278611111,3.4
0.420903015277778,3.4,0.420941489444444,3.4,0.420902895,3.411
0.421180253888889,3.4,0.421219061666667,3.4,0.421181040833333,3.411
0.421458791111111,3.4,0.421496875555556,3.4,0.421458491666667,3.4
0.421736828611111,3.4,0.421774923611111,3.4,0.421736356666667,3.4
0.422014198333333,3.4,0.422052635277778,3.4,0.422014291388889,3.411
0.422292185,3.4,0.422330449166667,3.4,0.422292047222222,3.4
0.4225696875,3.4,0.422608578055556,3.4,0.422569954722222,3.4
0.422848023055556,3.4,0.422886416666667,3.4,0.422847586944444,3.4
0.423125999166667,3.4,0.423164238055556,3.4,0.423125629444444,3.411
0.423403987777778,3.4,0.423442126666667,3.4,0.423403307222222,3.4
0.423681898888889,3.4,0.423720030555556,3.4,0.423681464444444,3.411
0.4239599275,3.4,0.423997488333333,3.4,0.423959166388889,3.4
0.424237334722222,3.4,0.424275189444444,3.4,0.424237494166667,3.4
0.4245153575,3.4,0.424553178611111,3.4,0.424514969722222,3.411
0.42479309,3.4,0.424830680555556,3.4,0.424792550833333,3.4
0.425071182777778,3.4,0.425108886111111,3.4,0.425070830277778,3.411
0.425348586111111,3.4,0.42538666,3.4,0.425348338611111,3.411
0.425626704722222,3.4,0.425664382777778,3.4,0.425626896666667,3.4
0.425904723333333,3.4,0.425941918333333,3.4,0.425904270277778,3.411
0.426182578333333,3.4,0.426219860555556,3.4,0.426181933333333,3.4
0.4264602225,3.4,0.426497372777778,3.4,0.426460014722222,3.411
0.426738126666667,3.4,0.426775388333333,3.4,0.426737845833333,3.4
0.427016014722222,3.4,0.427053291666667,3.4,0.427015791666667,3.411
0.427293819166667,3.4,0.42733144,3.4,0.427293308611111,3.411
0.427571751111111,3.4,0.427609559166667,3.4,0.427571508888889,3.4
0.427850097222222,3.4,0.427887273888889,3.4,0.427849129722222,3.4
0.428127957777778,3.4,0.428165266388889,3.4,0.428127051944444,3.411
0.428405738055556,3.4,0.428442982777778,3.4,0.428404594166667,3.411
0.428683545833333,3.4,0.428720484444444,3.4,0.428682515833333,3.4
0.428961359444444,3.4,0.428998234444444,3.4,0.428960338888889,3.4
0.429239143888889,3.4,0.429276411388889,3.4,0.429238187777778,3.4
0.429516896388889,3.4,0.429554763888889,3.4,0.429515755833333,3.411
0.429794685833333,3.4,0.429832565277778,3.4,0.429794023333333,3.411
0.430072709444444,3.4,0.430110635,3.4,0.430071644722222,3.411
0.430350543333333,3.4,0.430388385833333,3.4,0.430349214444444,3.411
0.430628398333333,3.4,0.430666354444444,3.4,0.430627487777778,3.411
0.430905892222222,3.4,0.4309440675,3.4,0.430905004166667,3.4
0.431183805555556,3.4,0.431221796944444,3.4,0.431183033611111,3.4
0.431461492777778,3.4,0.431499601388889,3.4,0.431461080555556,3.4
0.431739160833333,3.4,0.431777474722222,3.4,0.431738799166667,3.411
0.432017408611111,3.4,0.432055575277778,3.4,0.432017136666667,3.411
0.432295446666667,3.4,0.432333522222222,3.4,0.432295021388889,3.411
0.432573071666667,3.4,0.432610988055556,3.4,0.432572863333333,3.411
0.432850797777778,3.4,0.432889121111111,3.4,0.432850901944444,3.4
0.433128930555556,3.4,0.433167161944444,3.4,0.433128679722222,3.411
0.4334069775,3.4,0.433444723888889,3.4,0.433406473611111,3.4
0.433684938611111,3.4,0.433722681944444,3.4,0.433684238888889,3.411
0.433962873055556,3.4,0.434000651666667,3.4,0.433961910555556,3.4
0.434240741111111,3.4,0.434278189166667,3.4,0.434239850833333,3.4
0.434518581111111,3.4,0.434555964166667,3.4,0.434517856666667,3.4
0.434796405,3.4,0.434834028888889,3.4,0.434795732222222,3.4
0.435074361944444,3.4,0.435112533611111,3.4,0.435073409166667,3.411
0.435351841944444,3.4,0.435390598333333,3.4,0.435351629722222,3.411
0.435629883055556,3.4,0.435668241944444,3.4,0.435629588055556,3.411
0.435908106666667,3.4,0.435946188333333,3.4,0.435907269722222,3.411
0.436185962222222,3.4,0.436223795277778,3.4,0.436185269166667,3.411
0.436463773055556,3.4,0.436501878333333,3.4,0.436463244444444,3.4
0.436741679444444,3.4,0.436779986666667,3.4,0.436740990277778,3.4
0.437019242777778,3.4,0.437057626944444,3.411,0.437018538611111,3.411
0.437297333055556,3.4,0.437335410277778,3.4,0.437296546666667,3.411
0.437574974166667,3.4,0.437613681944444,3.4,0.437574016944444,3.411
0.437853263611111,3.4,0.437891490555556,3.4,0.437851984722222,3.411
0.438131475277778,3.4,0.438169491111111,3.4,0.438129943611111,3.411
0.438409153055556,3.4,0.4384472225,3.4,0.438407575277778,3.411
0.438686935833333,3.4,0.438724913611111,3.4,0.438685458611111,3.411
0.438965005,3.4,0.439002726666667,3.4,0.438963266666667,3.411
0.439242972222222,3.4,0.439281000277778,3.4,0.439241400277778,3.4
0.439520913333333,3.4,0.439558840555556,3.4,0.439518999166667,3.411
0.439798316944444,3.4,0.439837049722222,3.4,0.439797369722222,3.411
0.440076568888889,3.4,0.440114650833333,3.4,0.440075355277778,3.4
0.440354617222222,3.4,0.440392491944444,3.4,0.440353432777778,3.4
0.440632158611111,3.4,0.440670625277778,3.4,0.440631482777778,3.4
0.440910439722222,3.4,0.4409487625,3.4,0.440909314166667,3.411
0.441188016944444,3.4,0.441226826111111,3.4,0.441187454444444,3.411
0.441466195,3.4,0.441505194166667,3.4,0.441465373888889,3.411
0.441743713888889,3.4,0.441782752777778,3.4,0.441743473611111,3.411
0.442021861944444,3.4,0.44206077,3.4,0.442021376666667,3.411
0.442299446388889,3.4,0.4423387575,3.4,0.442299235,3.411
0.442577664722222,3.4,0.442616290277778,3.4,0.442576700833333,3.411
0.442855351944444,3.4,0.442894451666667,3.4,0.442854839166667,3.4
0.443133015,3.4,0.443172275833333,3.4,0.443132796111111,3.411
0.443410787222222,3.4,0.443450338888889,3.4,0.443410609722222,3.411
0.443689021111111,3.4,0.443727906111111,3.4,0.443688595,3.411
0.443966925277778,3.4,0.4440055775,3.4,0.443966305833333,3.411
0.4442447425,3.4,0.444283183611111,3.4,0.444244114166667,3.411
0.444522881388889,3.4,0.4445616125,3.4,0.444521930555556,3.411
0.444800676666667,3.4,0.444839103888889,3.4,0.444799986944444,3.411
0.445078658888889,3.4,0.445117099722222,3.4,0.4450778975,3.411
0.445356535,3.4,0.445395033611111,3.4,0.445355621944444,3.4
0.445634526944444,3.4,0.445672497777778,3.4,0.445633235277778,3.411
0.445912075555556,3.4,0.445950497777778,3.4,0.445911236944444,3.411
0.446190271388889,3.4,0.446228598333333,3.4,0.446189154444444,3.411
0.446468090277778,3.4,0.4465060725,3.4,0.446467308055556,3.411
0.446745769444444,3.4,0.446784163055556,3.4,0.446745163888889,3.411
0.447023620277778,3.4,0.447062091388889,3.4,0.447022961111111,3.411
0.447301348888889,3.4,0.447339950277778,3.4,0.447300893888889,3.411
0.447579207777778,3.4,0.447617834444444,3.4,0.447578761388889,3.411
0.447856933333333,3.4,0.447895152222222,3.4,0.447856875555556,3.4
0.448134704166667,3.4,0.448173294722222,3.4,0.448134561388889,3.4
0.448412998333333,3.4,0.44845115,3.4,0.448412488333333,3.411
0.448690838888889,3.4,0.448729067222222,3.4,0.448690515,3.4
0.448968714722222,3.4,0.449006862222222,3.4,0.448968303888889,3.4
0.449246388333333,3.4,0.449284572222222,3.4,0.449246539444444,3.411
0.449524137222222,3.4,0.449562416388889,3.4,0.449524148611111,3.411
0.449802061388889,3.4,0.449840490555556,3.4,0.449801818055556,3.411
0.450079794722222,3.4,0.450118549722222,3.4,0.4500798375,3.411
0.450357454722222,3.4,0.450396192222222,3.4,0.450357655555556,3.4
0.450634973333333,3.4,0.450674277222222,3.4,0.450635295277778,3.4
0.450913008611111,3.4,0.450951879166667,3.4,0.450913143333333,3.4
0.451190881944444,3.4,0.451229523333333,3.4,0.451191146388889,3.411
0.451468679166667,3.4,0.451507434722222,3.4,0.451469001111111,3.411
0.451746495,3.4,0.4517852325,3.4,0.451747021111111,3.4
0.452024205277778,3.4,0.452063057222222,3.4,0.452024946111111,3.411
0.452301891111111,3.4,0.452340438333333,3.4,0.452303007222222,3.4
0.452579504166667,3.4,0.452618836944444,3.4,0.4525809175,3.411
0.452857561388889,3.411,0.452896780833333,3.4,0.452858810555556,3.411
0.453135388611111,3.4,0.453174719444444,3.4,0.453136345833333,3.4
0.453413027222222,3.4,0.453452886111111,3.4,0.453414114166667,3.411
0.453690911944444,3.4,0.453730543055556,3.4,0.453691915277778,3.411
0.453969003611111,3.4,0.454008252222222,3.4,0.453969868611111,3.411
0.454246561944444,3.4,0.454286137222222,3.4,0.4542476475,3.411
0.454524739444444,3.4,0.454564047222222,3.4,0.454525614444444,3.411
0.454802494722222,3.4,0.4548420175,3.4,0.454803067222222,3.411
0.455080430833333,3.4,0.455119479722222,3.4,0.455081341944444,3.411
0.455358070555556,3.4,0.455397323611111,3.4,0.455359219444444,3.411
0.455636220555556,3.4,0.455675156944444,3.4,0.455636925555556,3.411
0.455914350555556,3.4,0.455953269444444,3.4,0.455914775555556,3.411
0.456191922222222,3.4,0.456231035,3.4,0.456192513055556,3.411
0.456470181944444,3.4,0.456508926666667,3.4,0.456470425555556,3.411
0.456747553055556,3.4,0.456787305555556,3.4,0.456748083333333,3.411
0.457025543055556,3.4,0.457065416944444,3.4,0.457025865555556,3.411
0.457303294722222,3.4,0.457343251666667,3.4,0.457303596111111,3.4
0.457581213333333,3.4,0.457621253055556,3.4,0.457581400833333,3.411
0.457859168611111,3.4,0.457899156944444,3.4,0.457858972222222,3.411
0.458137114166667,3.4,0.4581775225,3.4,0.458136845555556,3.4
0.4584149325,3.4,0.458455106111111,3.4,0.458414718611111,3.411
0.458692938611111,3.4,0.458733133611111,3.4,0.458692467777778,3.411
0.458970648333333,3.4,0.459011004444444,3.4,0.458970413888889,3.411
0.459248690555556,3.4,0.459288991944444,3.4,0.459248225277778,3.411
0.459526356666667,3.4,0.459566882777778,3.4,0.45952595,3.411
0.459804564444444,3.4,0.459844654444444,3.4,0.459803690555556,3.411
0.460082416944444,3.4,0.460122490833333,3.4,0.460081856388889,3.411
0.460360305833333,3.4,0.460400505277778,3.411,0.460359645833333,3.411
0.460637923611111,3.4,0.460678268055556,3.4,0.460637415,3.411
0.460915511944444,3.4,0.460956195277778,3.411,0.460915404166667,3.4
0.461193992777778,3.4,0.461233918333333,3.4,0.461193224166667,3.411
0.461471428888889,3.4,0.461511532777778,3.4,0.461470988055556,3.411
0.461749157777778,3.4,0.461789286944444,3.4,0.461748924444444,3.411
0.462027380277778,3.4,0.46206714,3.4,0.462026781944444,3.411
0.462304984722222,3.4,0.462345002222222,3.4,0.462304836666667,3.411
0.462582800555556,3.4,0.462622881944444,3.4,0.462582486666667,3.411
0.462860471944444,3.4,0.462900476388889,3.4,0.462860160555556,3.4
0.463138895,3.4,0.463177951666667,3.4,0.463138207777778,3.411
0.463416691111111,3.4,0.463455705555556,3.4,0.463415980833333,3.411
0.4636943475,3.4,0.463733699166667,3.4,0.46369384,3.411
0.463972194166667,3.4,0.464011783888889,3.4,0.4639714975,3.411
0.464250043888889,3.4,0.464289793611111,3.4,0.464249628888889,3.411
0.464528044722222,3.4,0.464567400277778,3.4,0.464527373055556,3.411
0.464806108611111,3.4,0.464845333055556,3.4,0.464805409166667,3.411
0.4650843225,3.4,0.465123442222222,3.4,0.465083146111111,3.411
0.465362095833333,3.4,0.465401396111111,3.4,0.465360827777778,3.411
0.465640068055556,3.4,0.465679046666667,3.4,0.465638766944444,3.411
0.465917853611111,3.4,0.465956871388889,3.4,0.4659161425,3.411
0.466195248888889,3.4,0.466234751944444,3.4,0.466194013888889,3.411
0.466473518611111,3.4,0.466512479166667,3.4,0.466471751111111,3.411
0.466751299444444,3.4,0.466790105833333,3.411,0.4667498525,3.411
0.467029369444444,3.4,0.467068078055556,3.411,0.467027648333333,3.411
0.467307410277778,3.4,0.467345653333333,3.4,0.467305445277778,3.4
0.467584970833333,3.4,0.467623198888889,3.4,0.467583583888889,3.411
0.467862908055556,3.4,0.467901457222222,3.4,0.467861588611111,3.411
0.468140602777778,3.4,0.468179063611111,3.4,0.468139441666667,3.411
0.468418394722222,3.4,0.468457161111111,3.4,0.468417288611111,3.411
0.468696321944444,3.4,0.468734889444444,3.4,0.468694961666667,3.411
0.468974253055556,3.4,0.469012801388889,3.4,0.468972839722222,3.411
0.469252113611111,3.4,0.469290516388889,3.4,0.469250739166667,3.411
0.469530389444444,3.4,0.469568631666667,3.4,0.469528761388889,3.411
0.469808158611111,3.4,0.469846513888889,3.4,0.469806085833333,3.411
0.470085835277778,3.4,0.470124128888889,3.4,0.470084265,3.411
0.470364045833333,3.4,0.470402224444444,3.4,0.470362208888889,3.411
0.470641827222222,3.4,0.470679999444444,3.4,0.4706397875,3.411
0.470919361666667,3.4,0.470958235555556,3.4,0.470917717222222,3.411
0.471197124444444,3.4,0.471236171666667,3.4,0.471195307777778,3.411
0.471474880555556,3.4,0.471514231944444,3.4,0.471473445,3.411
0.471753131111111,3.4,0.471791613055556,3.4,0.471751135,3.411
0.472030791944444,3.4,0.472069529444444,3.4,0.472028668055556,3.411
0.472308989444444,3.4,0.472347863333333,3.4,0.472306928333333,3.411
0.472586678888889,3.4,0.47262566,3.4,0.472584539722222,3.411
0.472864495833333,3.4,0.472903625277778,3.411,0.472862601666667,3.411
0.473142374444444,3.4,0.4731812325,3.4,0.473140763333333,3.411
0.473420067777778,3.4,0.473459326111111,3.4,0.4734184175,3.411
0.473698221944444,3.4,0.473736815,3.411,0.473696196388889,3.411
0.473975903055556,3.4,0.474015055277778,3.4,0.473974079444444,3.411
0.474253614166667,3.4,0.474292362222222,3.4,0.474251773611111,3.411
0.474531818055556,3.4,0.474570527222222,3.4,0.474529621944444,3.411
0.474809696388889,3.4,0.474848357777778,3.4,0.474807492777778,3.411
0.475087429722222,3.4,0.475125978611111,3.4,0.475085497222222,3.411
0.475365135277778,3.4,0.475404295833333,3.4,0.475363258611111,3.411
0.475642791666667,3.4,0.475682445,3.411,0.475641165277778,3.411
0.475920804444444,3.411,0.47596027,3.4,0.475918888611111,3.411
0.476198702222222,3.4,0.476238198055556,3.4,0.476196752777778,3.411
0.476476483055556,3.4,0.476516344722222,3.4,0.476474616388889,3.411
0.476754262222222,3.4,0.476794215555556,3.4,0.476752477222222,3.411
0.477032626666667,3.4,0.47707174,3.4,0.477030321944444,3.411
0.477310674166667,3.4,0.477349554722222,3.4,0.477307962777778,3.411
0.477588525833333,3.4,0.477627490277778,3.4,0.477585871388889,3.411
0.477866186944444,3.4,0.477905395,3.4,0.477863680833333,3.411
0.478144071666667,3.4,0.478183168055556,3.4,0.4781413975,3.411
0.478422000277778,3.4,0.478461139444444,3.411,0.478419329444444,3.411
0.478699767222222,3.4,0.478738491666667,3.4,0.478697141944444,3.411
0.478977206666667,3.4,0.4790168425,3.4,0.478974960555556,3.411
0.479255376388889,3.411,0.479294471666667,3.4,0.479253316111111,3.411
0.479533444444444,3.4,0.479572681666667,3.4,0.479531240833333,3.411
0.479811461388889,3.411,0.479850723611111,3.4,0.479808999166667,3.411
0.480089075,3.4,0.480128544444444,3.4,0.480086611944444,3.411
0.480367040555556,3.4,0.480406504722222,3.411,0.480364453333333,3.411
0.480645126666667,3.4,0.480684270277778,3.4,0.480642180277778,3.411
0.480922491944444,3.4,0.480962090555556,3.411,0.480920405833333,3.411
0.481200288611111,3.4,0.481239764444444,3.4,0.481198478333333,3.411
0.481478263611111,3.411,0.4815178125,3.4,0.481476610555556,3.411
0.48175587,3.4,0.481795646111111,3.4,0.481754069166667,3.411
0.482034112777778,3.4,0.4820732375,3.4,0.482032156388889,3.411
0.482311913333333,3.4,0.482351395555556,3.4,0.482310033055556,3.411
0.482589924444444,3.4,0.482629279166667,3.4,0.482587971944444,3.411
0.482867574166667,3.4,0.482907300277778,3.4,0.482865348055556,3.411
0.483145576111111,3.4,0.483184855833333,3.4,0.48314337,3.411
0.483423553333333,3.4,0.483462715833333,3.4,0.483421328888889,3.411
0.483701547222222,3.411,0.483740802222222,3.4,0.483699417222222,3.411
0.483979424722222,3.4,0.484018692222222,3.4,0.483977336666667,3.411
0.484257270555556,3.411,0.484296246944444,3.4,0.484255459722222,3.411
0.484534751666667,3.4,0.484574297222222,3.411,0.484532876944444,3.411
0.484812735,3.4,0.484852115833333,3.411,0.4848108225,3.411
0.485091034166667,3.4,0.485129973611111,3.411,0.485088615277778,3.411
0.485368684166667,3.4,0.485407889444444,3.4,0.4853664925,3.411
0.485646741944444,3.411,0.485685802222222,3.4,0.485644391388889,3.411
0.485924368611111,3.4,0.485963979722222,3.411,0.485922436944444,3.411
0.486202195833333,3.4,0.486241641666667,3.4,0.486199987777778,3.411
0.486479992777778,3.4,0.486519436111111,3.4,0.486478336666667,3.411
0.486757632222222,3.4,0.486797319166667,3.411,0.486756337222222,3.411
0.487035782222222,3.4,0.487075045833333,3.4,0.487034286111111,3.411
0.487313420833333,3.411,0.487352805833333,3.4,0.487312095277778,3.411
0.487591483055556,3.4,0.487630747222222,3.4,0.487589909444444,3.411
0.487869160833333,3.411,0.487908225,3.4,0.487867678888889,3.411
0.4881470175,3.4,0.488186750833333,3.4,0.4881454475,3.411
0.488425038611111,3.4,0.488464466111111,3.4,0.488423119166667,3.411
0.488702929166667,3.4,0.488742010555556,3.4,0.488700918611111,3.411
0.488980860833333,3.4,0.489020339166667,3.411,0.488978705555556,3.411
0.489259063055556,3.4,0.489297773055556,3.4,0.489256523055556,3.411
0.489536728333333,3.411,0.4895760075,3.4,0.489534497222222,3.411
0.489814636388889,3.4,0.489853861111111,3.411,0.489811939444444,3.411
0.490092260555556,3.4,0.490131691666667,3.4,0.490090253055556,3.4
0.490370011944444,3.411,0.490409549722222,3.4,0.490367906944444,3.411
0.490648139722222,3.411,0.490687816666667,3.4,0.490646209444444,3.411
0.490925860555556,3.4,0.490965235555556,3.4,0.490924174444444,3.411
0.491204286388889,3.4,0.491243337777778,3.411,0.491201945555556,3.411
0.491482415,3.411,0.491521251666667,3.4,0.491479846388889,3.411
0.491759893055556,3.4,0.491799389166667,3.4,0.491757376111111,3.411
0.492037631666667,3.4,0.492077123888889,3.4,0.492035490555556,3.411
0.492315428055556,3.4,0.492355362222222,3.4,0.492313533888889,3.411
0.492593378333333,3.4,0.492633174722222,3.4,0.492591541111111,3.411
0.4928710875,3.411,0.492911035,3.411,0.492869168333333,3.411
0.493148901111111,3.4,0.493189181388889,3.4,0.493147347777778,3.411
0.493426470277778,3.4,0.493466864444444,3.411,0.493424798888889,3.411
0.4937045425,3.4,0.493744893055556,3.411,0.493702773055556,3.411
0.493982421944444,3.4,0.494022599722222,3.4,0.493981066944444,3.411
0.494259966111111,3.411,0.494300628888889,3.411,0.494258651944444,3.411
0.494538101944444,3.4,0.494578184722222,3.4,0.494536648055556,3.411
0.49481593,3.411,0.494855944722222,3.4,0.494814429444444,3.411
0.495093443888889,3.4,0.495133716944444,3.4,0.495092453055556,3.411
0.495371282777778,3.4,0.495411355,3.4,0.495370424722222,3.411
0.495649168055556,3.4,0.495689484722222,3.4,0.495648508055556,3.411
0.495926845555556,3.4,0.495967040833333,3.4,0.495926293333333,3.411
0.496204984166667,3.411,0.496245135277778,3.4,0.496204095833333,3.411
0.496482943888889,3.4,0.496523069166667,3.4,0.496481950277778,3.411
0.496761093333333,3.411,0.496800991944444,3.411,0.496759718611111,3.411
0.497038771666667,3.4,0.497079000277778,3.411,0.497037951666667,3.411
0.497317079722222,3.411,0.497356718333333,3.4,0.497315631944444,3.411
0.497594835,3.4,0.497634373888889,3.411,0.497593377222222,3.411
0.497872784166667,3.411,0.497912404166667,3.4,0.497871254166667,3.411
0.498150748333333,3.411,0.498190055555556,3.411,0.498148858611111,3.411
0.498429116388889,3.411,0.4984679475,3.4,0.498427431666667,3.411
0.498707139722222,3.4,0.498746093055556,3.4,0.498705733055556,3.411
0.498984437777778,3.4,0.499023530833333,3.411,0.498983549722222,3.411
0.499262601666667,3.411,0.499301581944444,3.4,0.499261130555556,3.411
0.499540356111111,3.411,0.499579338611111,3.4,0.499539269444444,3.411
0.499818004444444,3.4,0.499857261388889,3.4,0.499817135277778,3.411
0.500095628611111,3.4,0.500135303333333,3.4,0.500095004722222,3.411
0.500373986388889,3.411,0.500412921388889,3.4,0.500372901944444,3.411
0.500652012777778,3.411,0.500690623055556,3.411,0.500650758333333,3.411
0.500929965277778,3.411,0.500968273611111,3.411,0.500928553888889,3.411
0.501207494166667,3.411,0.501246253611111,3.4,0.501206623888889,3.411
0.501485674722222,3.411,0.501524284722222,3.411,0.501484475,3.411
0.501763400555556,3.4,0.501802022777778,3.4,0.501762548333333,3.411
0.502040881944445,3.4,0.5020799225,3.4,0.502040430833333,3.411
0.502318831944444,3.411,0.502357748611111,3.411,0.502317843333333,3.411
0.502596670277778,3.411,0.502635669444444,3.4,0.5025959075,3.411
0.502874176111111,3.4,0.5029131925,3.4,0.502873405833333,3.411
0.503152143888889,3.4,0.503191210555556,3.4,0.503151593333333,3.411
0.503430005833333,3.4,0.503468821944444,3.411,0.503429805277778,3.411
0.503707906666667,3.4,0.503746694722222,3.411,0.503707482777778,3.411
0.503985693611111,3.411,0.504024393888889,3.411,0.503985475,3.411
0.504263601944444,3.411,0.504301835,3.4,0.504263253611111,3.411
0.504541384722222,3.4,0.504579786666667,3.411,0.504540601944444,3.411
0.504819185,3.411,0.504858036388889,3.411,0.504818591388889,3.411
0.505096945277778,3.411,0.505135768333333,3.4,0.505096458333333,3.411
0.5053746625,3.4,0.505413478888889,3.411,0.505374258888889,3.411
0.505652173333333,3.4,0.505691618333333,3.411,0.505651981944444,3.411
0.505930301111111,3.4,0.505969278055556,3.411,0.505930183333333,3.411
0.506208039722222,3.4,0.506247307777778,3.4,0.506208028333333,3.411
0.506485871111111,3.411,0.506524820277778,3.411,0.506485776666667,3.411
0.506763654166667,3.4,0.506802600555556,3.411,0.506763338333333,3.411
0.507041295277778,3.411,0.507080724444444,3.4,0.507041087222222,3.411
0.507319204722222,3.411,0.507358471666667,3.4,0.507319284166667,3.411
0.507597178055556,3.411,0.507636378055556,3.411,0.507597707222222,3.411
0.507874723888889,3.411,0.507914065277778,3.4,0.507875683888889,3.411
0.508152623333333,3.4,0.508192143055556,3.411,0.508153323333333,3.411
0.508431105833333,3.411,0.508469625833333,3.4,0.508431077777778,3.411
0.508709316944444,3.411,0.508747525555556,3.411,0.508709091111111,3.411
0.508987023888889,3.4,0.50902566,3.4,0.508986846111111,3.411
0.509264928333333,3.411,0.509303596666667,3.4,0.509264513888889,3.411
0.509543052777778,3.4,0.509581740833333,3.4,0.509542581111111,3.411
0.509820813333333,3.4,0.509859425277778,3.411,0.509820235277778,3.411
0.510098824722222,3.411,0.510137002222222,3.4,0.510098114444444,3.411
0.510376466388889,3.4,0.510415214166667,3.4,0.510375544722222,3.411
0.510654120833333,3.4,0.510693091944444,3.4,0.510653630277778,3.411
0.510931830277778,3.4,0.510971029166667,3.4,0.510931518333333,3.411
0.511209822777778,3.4,0.511248509166667,3.411,0.511209401111111,3.411
0.5114878725,3.411,0.511526985555556,3.411,0.511486659722222,3.411
0.511765984166667,3.411,0.511804737222222,3.411,0.51176465,3.4
0.512043776388889,3.4,0.512082638611111,3.411,0.512042596111111,3.411
0.512321576944444,3.4,0.512360461944445,3.411,0.512320372777778,3.411
0.512599175,3.4,0.512638318055556,3.4,0.51259815,3.411
0.512877132777778,3.411,0.512916165,3.4,0.512875932222222,3.411
0.513154960277778,3.411,0.513193870277778,3.411,0.513153925,3.411
0.51343299,3.411,0.513471686666667,3.411,0.513432092777778,3.411
0.5137109225,3.411,0.513749530833333,3.411,0.513709837222222,3.411
0.513988683055556,3.411,0.514027398333333,3.411,0.513987441388889,3.411
0.514266588055556,3.4,0.514305137777778,3.411,0.514265219166667,3.411
0.514544386111111,3.411,0.514582630277778,3.4,0.514543161388889,3.411
0.514821836388889,3.411,0.514860825833333,3.4,0.514820850555556,3.411
0.515100004444444,3.411,0.515138950555555,3.411,0.515098762777778,3.411
0.515378140555556,3.411,0.515416689722222,3.4,0.515376499722222,3.411
0.515655767222222,3.4,0.515694346666667,3.411,0.515654572777778,3.411
0.515933761666667,3.411,0.515972652222222,3.4,0.515932526944444,3.411
0.516211728611111,3.411,0.516250079444444,3.4,0.5162103075,3.411
0.516489465,3.411,0.516528043888889,3.411,0.516488028333333,3.411
0.516767613055556,3.411,0.516805977222222,3.411,0.516766239166667,3.411
0.517045307777778,3.411,0.517084002777778,3.4,0.517043897777778,3.411
0.517323140277778,3.4,0.517361809166667,3.411,0.517322036944444,3.411
0.517600961944444,3.4,0.517639395277778,3.4,0.517600089166667,3.411
0.517878706111111,3.411,0.517917244166667,3.4,0.517877616388889,3.411
0.518156330277778,3.411,0.518195149444444,3.4,0.518156032222222,3.411
0.5184341725,3.411,0.518473171111111,3.411,0.518433923888889,3.411
0.518711863888889,3.411,0.518751181388889,3.4,0.518711616666667,3.411
0.518989901111111,3.4,0.519028898888889,3.411,0.518989893611111,3.411
0.5192675275,3.411,0.519306760555556,3.411,0.519267405555556,3.411
0.5195452925,3.411,0.519584560833333,3.4,0.519545465277778,3.411
0.5198229525,3.4,0.519862610555556,3.411,0.519823063888889,3.411
0.520100911944444,3.411,0.520140144722222,3.411,0.520101395277778,3.411
0.520379013055556,3.4,0.520418173611111,3.411,0.520379388611111,3.411
0.520656665833333,3.411,0.5206958625,3.411,0.520657190555556,3.411
0.520934605,3.411,0.5209740075,3.411,0.520935116388889,3.411
0.521212560555556,3.411,0.521251931666667,3.411,0.521212679722222,3.411
0.521490496388889,3.4,0.521529300833333,3.4,0.521490528611111,3.411
0.521768200833333,3.411,0.521807153333333,3.411,0.521768062777778,3.411
0.5220462925,3.4,0.522085533055555,3.411,0.522046250555556,3.411
0.522323911666667,3.411,0.522363219166667,3.411,0.522324298888889,3.411
0.522602139722222,3.411,0.522641442222222,3.411,0.5226016825,3.411
0.522880054166667,3.4,0.522919152777778,3.4,0.522879646111111,3.411
0.523157695,3.411,0.523196783055556,3.411,0.523158083333333,3.411
0.523435311944444,3.4,0.523474935277778,3.4,0.523436234444444,3.411
0.523713514166667,3.411,0.523752467777778,3.411,0.523713898055556,3.411
0.523991732777778,3.411,0.524030439722222,3.411,0.523991893888889,3.411
0.524269285,3.411,0.524308534722222,3.411,0.524269474166667,3.411
0.524547379444444,3.411,0.524586387222222,3.411,0.5245472975,3.411
0.524825057222222,3.411,0.524864312777778,3.411,0.524825035,3.411
0.525103379444445,3.411,0.525141876666667,3.4,0.525103215,3.411
0.525381598055556,3.4,0.525419579166667,3.411,0.525380831388889,3.411
0.525659183611111,3.411,0.525697578611111,3.411,0.525658766111111,3.411
0.525937249444444,3.411,0.525975345277778,3.411,0.525936571111111,3.411
0.526215074166667,3.411,0.526252904166667,3.4,0.526213891111111,3.411
0.526492474166667,3.4,0.526530763055556,3.411,0.526492316388889,3.411
0.526770734444444,3.4,0.526808714444444,3.411,0.526769966388889,3.411
0.527049055277778,3.411,0.527086246666667,3.411,0.527047741944444,3.411
0.527326678611111,3.4,0.527364306111111,3.411,0.527325622777778,3.411
0.527604434444444,3.411,0.527642333611111,3.411,0.527603709722222,3.411
0.527882665,3.411,0.527920093333333,3.411,0.527881783055556,3.411
0.528160582777778,3.411,0.528197803888889,3.4,0.528159544166667,3.411
0.528438125833333,3.411,0.528475269444444,3.4,0.528437480555556,3.411
0.528716305,3.411,0.528753429166667,3.411,0.528715486666667,3.411
0.528994173611111,3.4,0.529031493611111,3.411,0.528993538055556,3.411
0.529272343055556,3.411,0.5293093125,3.411,0.529271603055556,3.411
0.529549989166667,3.411,0.529586956388889,3.4,0.5295493525,3.411
0.529827897222222,3.411,0.529864898333333,3.411,0.529827545,3.411
0.530105906111111,3.4,0.530142825555556,3.411,0.530105476111111,3.411
0.530383732777778,3.411,0.530421198611111,3.411,0.530383256388889,3.411
0.530661687222222,3.411,0.530698791944444,3.411,0.530661310277778,3.411
0.530939336388889,3.411,0.530976364722222,3.4,0.530939126944444,3.411
0.531217687777778,3.411,0.531254385,3.4,0.531217097222222,3.411
0.531495285833333,3.411,0.531532238055556,3.411,0.531494889444444,3.411
0.531772980555556,3.411,0.531810654722222,3.411,0.531772738333333,3.411
0.532051163888889,3.411,0.53208826,3.411,0.532050913055556,3.411
0.532329099444444,3.411,0.532366240277778,3.411,0.532329018333333,3.411
0.532606847222222,3.411,0.532644285277778,3.411,0.532606637777778,3.411
0.532884833055556,3.411,0.5329220175,3.411,0.532884583333333,3.411
0.533162673055556,3.411,0.533199919722222,3.411,0.533162454722222,3.411
0.533440258611111,3.4,0.533477691388889,3.411,0.533440362222222,3.411
0.533718573888889,3.411,0.533755597222222,3.411,0.533718595833333,3.411
0.533996516388889,3.411,0.534033628055556,3.4,0.533996606111111,3.411
0.534274331111111,3.411,0.5343116175,3.411,0.534274586388889,3.411
0.534552048055556,3.411,0.534589738611111,3.4,0.534552421944444,3.411
0.534830405277778,3.411,0.534867171944444,3.411,0.534830303333333,3.411
0.535108232222222,3.411,0.535145108055556,3.411,0.535108277222222,3.411
0.535385811111111,3.411,0.535423099166667,3.411,0.535386141666667,3.411
0.535663606666667,3.4,0.535701046388889,3.411,0.5356638275,3.411
0.535941737222222,3.4,0.535978733611111,3.4,0.535941603611111,3.411
0.536219580833333,3.411,0.536256616111111,3.411,0.536219682222222,3.411
0.536497399444444,3.411,0.536534321666667,3.411,0.536497525,3.411
0.536775009444444,3.411,0.5368117875,3.411,0.536775908611111,3.411
0.537053031388889,3.411,0.537090372777778,3.411,0.5370535575,3.411
0.537331043611111,3.411,0.537367688611111,3.411,0.537331528888889,3.411
0.537609026111111,3.411,0.537645761666667,3.411,0.537609000833333,3.411
0.537886555,3.4,0.537923875,3.411,0.537887449444444,3.411
0.538164391388889,3.411,0.538201566111111,3.411,0.538165031111111,3.411
0.538442218333333,3.411,0.53847925,3.4,0.538442711944444,3.411
0.538720225277778,3.411,0.538757066388889,3.411,0.53872069,3.411
0.538998132222222,3.411,0.5390350975,3.411,0.538998302222222,3.411
0.5392758475,3.411,0.539312994166667,3.411,0.539276240555556,3.411
0.539553391944445,3.411,0.539591127222222,3.411,0.539553793055556,3.411
0.539831443888889,3.411,0.539868820277778,3.411,0.539831853611111,3.411
0.540109433055556,3.411,0.540146353611111,3.411,0.540109730555556,3.411
0.540386989166667,3.411,0.540424058611111,3.411,0.540387442777778,3.411
0.540664943055556,3.411,0.540702280277778,3.411,0.540665621666667,3.411
0.540942676111111,3.411,0.540980275555556,3.411,0.540943299444444,3.411
0.541220448333333,3.411,0.541258311666667,3.411,0.541221185277778,3.411
0.541498521944444,3.411,0.541535974722222,3.411,0.541499122777778,3.411
0.541776189444444,3.411,0.541813734166667,3.411,0.541777010277778,3.411
0.542053696111111,3.411,0.542091745,3.411,0.542054683611111,3.411
0.542331709722222,3.411,0.542369329166667,3.411,0.542332449444444,3.411
0.542609801111111,3.411,0.542647319166667,3.411,0.542610156666667,3.411
0.542887509166667,3.411,0.5429248875,3.411,0.542887998333333,3.411
0.5431652675,3.411,0.5432028825,3.411,0.5431660425,3.411
0.543442806388889,3.411,0.543480890833333,3.411,0.543444114444444,3.411
0.543720688333333,3.411,0.543758868055556,3.411,0.543722211666667,3.411
0.543998870833333,3.411,0.544036798611111,3.411,0.544000150277778,3.411
0.544276644444444,3.411,0.544314805555556,3.411,0.544278049444444,3.411
0.544554383333333,3.411,0.544592144444444,3.411,0.544556013055556,3.411
0.5448321075,3.411,0.544870276111111,3.411,0.544833654166667,3.411
0.545109701666667,3.411,0.545147998611111,3.4,0.545111392777778,3.411
0.545388135,3.411,0.545425855277778,3.411,0.545389270555556,3.411
0.545665935555556,3.411,0.545703696944444,3.411,0.545667215,3.411
0.545943821944444,3.4,0.545981417777778,3.411,0.545945101111111,3.411
0.546221848888889,3.411,0.546259244722222,3.411,0.546223003333333,3.411
0.546499556388889,3.411,0.546536526944444,3.411,0.546500925833333,3.411
0.546777763055556,3.411,0.546814753333333,3.411,0.5467787275,3.411
0.547055698333333,3.411,0.547092221111111,3.411,0.547056615555556,3.411
0.547333244166667,3.411,0.547370396666667,3.411,0.547334143055555,3.411
0.547611532222222,3.411,0.547648163055556,3.411,0.547612549722222,3.411
0.547889126944444,3.411,0.547925919444444,3.411,0.547890279444444,3.411
0.548166984722222,3.4,0.548203902222222,3.411,0.548168241666667,3.411
0.548444758055556,3.411,0.548481270555556,3.411,0.548446160555556,3.411
0.548722423888889,3.411,0.548759455833333,3.411,0.54872395,3.411
0.549000261111111,3.411,0.549037293333333,3.411,0.549001766944444,3.411
0.5492785075,3.411,0.5493152425,3.4,0.549279740833333,3.411
0.549555882777778,3.411,0.549592913055556,3.411,0.549557492777778,3.411
0.549833859722222,3.411,0.549871081388889,3.411,0.549835265,3.411
0.550111699722222,3.411,0.550149135555556,3.411,0.55011289,3.411
0.550389495833333,3.411,0.550426983611111,3.411,0.550390756666667,3.411
0.550667595,3.411,0.550704934722222,3.411,0.550668433611111,3.411
0.550945151666667,3.411,0.550982817222222,3.411,0.550946506666667,3.411
0.551223261666667,3.411,0.551260372222222,3.411,0.551223882222222,3.411
0.551501269722222,3.411,0.551538380833333,3.411,0.551502126111111,3.411
0.551779386111111,3.411,0.551816456388889,3.411,0.551779796111111,3.411
0.552057028888889,3.411,0.552094541666667,3.411,0.552057465833333,3.411
0.552334932777778,3.411,0.552372516388889,3.411,0.552335436666667,3.411
0.552612789444444,3.411,0.552650294722222,3.411,0.552613151111111,3.411
0.552890739444444,3.411,0.552927941388889,3.411,0.552890660277778,3.411
0.553168576944444,3.411,0.553206000555556,3.411,0.553168352777778,3.411
0.553447030555556,3.411,0.553484001388889,3.411,0.553446298333333,3.411
0.5537245875,3.411,0.553761981388889,3.411,0.553724035555556,3.411
0.554002270833333,3.411,0.554039733888889,3.411,0.554001635277778,3.411
0.554280197777778,3.411,0.554317588888889,3.411,0.554279922777778,3.411
0.554558025833333,3.411,0.554595503055556,3.411,0.554557549444444,3.411
0.554836022777778,3.411,0.554873310555556,3.411,0.554835444722222,3.411
0.555113776388889,3.411,0.555151213055556,3.411,0.555113533611111,3.411
0.5553911025,3.411,0.555429091666667,3.411,0.555390868333333,3.411
0.555669419166667,3.411,0.5557069025,3.411,0.555668730555556,3.411
0.555947246666667,3.411,0.555985052222222,3.411,0.555947079166667,3.411
0.556225190277778,3.411,0.556262928055556,3.411,0.556224625555556,3.411
0.556502780833333,3.411,0.5565406775,3.411,0.556502299444445,3.411
0.556780781666667,3.411,0.556818831111111,3.411,0.556780454166667,3.411
0.557059030833333,3.411,0.557096862777778,3.411,0.557057763888889,3.411
0.557336853055556,3.411,0.557374570555556,3.411,0.557335538055556,3.411
0.557614729166667,3.411,0.557652464166667,3.411,0.557613792222222,3.411
0.557892638055556,3.411,0.557929868333333,3.411,0.557892006111111,3.411
0.558170309722222,3.411,0.558208072222222,3.411,0.558169934444444,3.411
0.558448156388889,3.411,0.5584858975,3.411,0.558447850833333,3.411
0.558726169444444,3.4,0.558764068055556,3.411,0.558726266111111,3.411
0.559003857777778,3.411,0.559041810277778,3.411,0.559003679166667,3.411
0.559281571944444,3.411,0.559320009166667,3.411,0.559281551666667,3.411
0.559559823333333,3.411,0.559597660833333,3.411,0.559559516666667,3.411
0.559837500555556,3.4,0.559875417777778,3.411,0.559837601111111,3.411
0.560115398333333,3.411,0.560153193611111,3.411,0.560115391388889,3.411
0.560392796111111,3.411,0.560431235277778,3.411,0.560393201111111,3.411
0.560671051111111,3.411,0.560708990555556,3.411,0.560670913055556,3.411
0.560948773611111,3.411,0.560986942777778,3.411,0.560949035,3.411
0.561226888888889,3.411,0.561264491944444,3.411,0.561226778333333,3.411
0.561504680277778,3.411,0.561542355555556,3.411,0.561504656944444,3.411
0.561782450277778,3.411,0.561820236111111,3.411,0.561782574444444,3.411
0.56206038,3.411,0.5620978525,3.411,0.562060644166667,3.411
0.562338238333333,3.411,0.562375706111111,3.411,0.562338480555556,3.411
0.562616079444444,3.411,0.562653549444444,3.411,0.562616496388889,3.411
0.562893975833333,3.411,0.562931063333333,3.411,0.562894695555556,3.411
0.563171665,3.411,0.563209227222222,3.411,0.563172704444444,3.411
0.5634493275,3.411,0.563486721111111,3.411,0.563450404166667,3.411
0.563727069444444,3.411,0.563764785555556,3.411,0.563728462777778,3.411
0.564004741666667,3.411,0.564042470833333,3.411,0.564006451388889,3.411
0.564282965555556,3.411,0.564320393333333,3.411,0.564284333611111,3.411
0.564560929166667,3.411,0.564598171111111,3.411,0.564562031944444,3.411
0.564838752777778,3.4,0.564875690833333,3.411,0.564840005,3.411
0.565116682777778,3.411,0.565153967222222,3.411,0.565117745833333,3.411
0.56539467,3.4,0.565431699722222,3.411,0.565395510833333,3.411
0.565672533888889,3.411,0.565709310277778,3.411,0.565673401666667,3.411
0.565950686111111,3.411,0.565987850555556,3.411,0.565951352777778,3.411
0.566228246388889,3.411,0.566265186111111,3.411,0.566229541666667,3.411
0.566506114166667,3.411,0.566543575277778,3.411,0.566507266111111,3.411
0.566783856111111,3.411,0.5668212025,3.411,0.566784807222222,3.411
0.56706173,3.411,0.567099048611111,3.411,0.567063209722222,3.411
0.567339812777778,3.411,0.5673768025,3.411,0.567341171666667,3.411
0.567617751388889,3.411,0.567654587222222,3.411,0.567619293888889,3.411
0.567895310833333,3.411,0.5679323325,3.411,0.567897163055556,3.411
0.568173012777778,3.411,0.568210237777778,3.411,0.568174849166667,3.411
0.568451312777778,3.411,0.568488009166667,3.411,0.568452811111111,3.411
0.568728918333333,3.411,0.568765893888889,3.411,0.568730923888889,3.411
0.569006723055556,3.411,0.569043875833333,3.411,0.569008804722222,3.411
0.569284582222222,3.411,0.569321502222222,3.411,0.569286748888889,3.411
0.569562268888889,3.411,0.569599662222222,3.411,0.569564548055556,3.411
0.569840400833333,3.411,0.569877112222222,3.411,0.569842229444444,3.411
0.570118366388889,3.411,0.570155028055556,3.411,0.570120124722222,3.411
0.570395784722222,3.411,0.570433384722222,3.411,0.570397915,3.411
0.570674065277778,3.411,0.570711423888889,3.411,0.570675573055556,3.411
0.570952073333333,3.411,0.570988938611111,3.411,0.570953722222222,3.411
0.5712299225,3.411,0.571266778611111,3.411,0.571231445555555,3.411
0.571507907777778,3.411,0.571544927222222,3.411,0.571509177222222,3.411
0.571785262777778,3.411,0.571822615,3.411,0.571786925,3.411
0.5720636725,3.411,0.572100763055556,3.411,0.5720648275,3.411
0.572341728611111,3.411,0.572378264444445,3.411,0.572342870555556,3.411
0.572619596666667,3.411,0.572656028333333,3.411,0.572620942222222,3.411
0.572897447777778,3.411,0.5729342875,3.411,0.572898454166667,3.411
0.573175269166667,3.411,0.573211963611111,3.411,0.573176748611111,3.411
0.573453351666667,3.411,0.573490484444444,3.411,0.573454618333333,3.411
0.573731088611111,3.411,0.573767941388889,3.411,0.573732267222222,3.411
0.574009230277778,3.411,0.574045986388889,3.411,0.574010142777778,3.411
0.574286964444444,3.411,0.574324148888889,3.411,0.574288253888889,3.411
0.574564690277778,3.411,0.574601916111111,3.411,0.574565596111111,3.411
0.574842428888889,3.411,0.57488006,3.411,0.574843561944444,3.411
0.575120175833333,3.411,0.575157816666667,3.411,0.575121354722222,3.411
0.575398495,3.411,0.575435914444445,3.411,0.575399292777778,3.411
0.575675870277778,3.411,0.575713705833333,3.411,0.575677123888889,3.411
0.575953943333333,3.411,0.575991431666667,3.411,0.5759551125,3.411
0.576231505555555,3.411,0.576269172777778,3.411,0.576232968333333,3.411
0.576509654444444,3.411,0.576547179444444,3.411,0.576510621111111,3.411
0.5767874475,3.411,0.576825218333333,3.411,0.576788392777778,3.411
0.577065383888889,3.411,0.577103093055556,3.411,0.577066174722222,3.411
0.577343301111111,3.411,0.577381428333333,3.411,0.577344194444445,3.411
0.577621256944444,3.411,0.577659090277778,3.411,0.577621725,3.411
0.577898811666667,3.411,0.577937076388889,3.411,0.577899849444444,3.411
0.578176591944444,3.411,0.578214566111111,3.411,0.578177469722222,3.411
0.578454563333333,3.411,0.5784924025,3.411,0.578455653333333,3.411
0.578732247222222,3.411,0.578770414166667,3.411,0.578733356388889,3.411
0.579010223611111,3.411,0.579048286944444,3.411,0.579011075,3.411
0.579288043055556,3.411,0.579326138055556,3.411,0.579289095555556,3.411
0.579565509166667,3.411,0.579603868888889,3.411,0.579566624444444,3.411
0.579843526944445,3.411,0.579881964166667,3.411,0.57984424,3.411
0.580121382777778,3.411,0.580159344444445,3.411,0.580121975833333,3.411
0.580399442777778,3.411,0.580437542777778,3.411,0.580400070555556,3.411
0.580677328333333,3.411,0.580715120277778,3.411,0.5806779925,3.411
0.580955249444444,3.411,0.580993158055556,3.411,0.580955825555555,3.421
0.581233196666667,3.411,0.581270825833333,3.411,0.581233563333333,3.411
0.581510939444444,3.411,0.581548217222222,3.411,0.581511369722222,3.411
0.581788743333333,3.411,0.5818263725,3.411,0.581789585,3.411
0.582066323888889,3.411,0.582104281111111,3.411,0.582067410277778,3.411
0.582344453611111,3.411,0.582382059166667,3.411,0.582345203055556,3.411
0.582622241944444,3.411,0.582660159166667,3.411,0.582623055277778,3.411
0.582900388333333,3.411,0.582937965,3.411,0.58290092,3.411
0.583178056111111,3.411,0.583215778055556,3.411,0.583179031388889,3.411
0.583456053611111,3.411,0.583493783888889,3.411,0.58345668,3.411
0.583733909166667,3.411,0.583771317222222,3.411,0.583734468611111,3.411
0.584011710277778,3.411,0.584049038333333,3.411,0.5840123075,3.411
0.584289393888889,3.411,0.584327516944444,3.411,0.584290428888889,3.411
0.584567033333333,3.411,0.584605283888889,3.411,0.584568208611111,3.411
0.5848451675,3.411,0.5848826875,3.411,0.584845554722222,3.411
0.585122852222222,3.411,0.585160679444444,3.411,0.585123648888889,3.411
0.585401055833333,3.411,0.585438869166667,3.411,0.585401373611111,3.411
0.585679150555556,3.411,0.58571658,3.411,0.585679014722222,3.411
0.585957051388889,3.411,0.585994449166667,3.411,0.585957338888889,3.411
0.586235146388889,3.411,0.586272313611111,3.411,0.586235207222222,3.411
0.586513021944444,3.411,0.586549832777778,3.411,0.586513164722222,3.411
0.586790868333333,3.411,0.586827940555556,3.411,0.586791049166667,3.411
0.587068366944444,3.411,0.58710606,3.411,0.587069015833333,3.411
0.587346509166667,3.411,0.587383977222222,3.411,0.587346883055555,3.411
0.587624399166667,3.411,0.587661743888889,3.411,0.587624659722222,3.411
0.587902361944444,3.411,0.587939134722222,3.411,0.587902448333333,3.411
0.588180436666667,3.411,0.588217539166667,3.411,0.588180685833333,3.411
0.588458068611111,3.411,0.588495370555556,3.411,0.588458566388889,3.411
0.588736154722222,3.411,0.588773096388889,3.411,0.588736490277778,3.411
0.589014224166667,3.411,0.589051101111111,3.411,0.589014317222222,3.411
0.589291956388889,3.411,0.589328729166667,3.411,0.589291733888889,3.411
0.589569761111111,3.411,0.589606968055556,3.411,0.589569796666667,3.411
0.589847876388889,3.411,0.589884706666667,3.411,0.589847545,3.411
0.590125798333333,3.411,0.590162658888889,3.411,0.590125431111111,3.421
0.590403774166667,3.411,0.590440609722222,3.411,0.590403632222222,3.411
0.590681447222222,3.411,0.590718322777778,3.411,0.590681460833333,3.411
0.590959144722222,3.411,0.590996379444444,3.411,0.5909596375,3.411
0.591236858333333,3.411,0.591274093611111,3.411,0.5912373375,3.411
0.591514795,3.411,0.591551930555556,3.411,0.591515001666667,3.411
0.591792716111111,3.411,0.5918293775,3.411,0.591793066666667,3.411
0.592070571388889,3.411,0.592107580555556,3.411,0.5920707375,3.411
0.592348708888889,3.411,0.592385614166667,3.411,0.592348569722222,3.421
0.592626630833333,3.411,0.592663290833333,3.411,0.592626200277778,3.411
0.5929044575,3.411,0.592941300277778,3.411,0.5929039725,3.411
0.593182360555556,3.411,0.593219050833333,3.411,0.593182078055556,3.411
0.593460348055556,3.411,0.593497080833333,3.411,0.593459536944445,3.411
0.593738434166667,3.411,0.593774961666667,3.411,0.593737584722222,3.411
0.5940163375,3.411,0.5940529425,3.411,0.594015125833333,3.411
0.594293907222222,3.411,0.594330830277778,3.411,0.594292928611111,3.411
0.594571960277778,3.411,0.594608558611111,3.411,0.594571004166667,3.411
0.594850118611111,3.411,0.594886165833333,3.411,0.5948486875,3.411
0.595127726388889,3.411,0.595164041388889,3.411,0.595126141944444,3.411
0.595405474166667,3.411,0.595441948333333,3.411,0.595404436666667,3.411
0.595683395,3.411,0.595720041666667,3.411,0.595682488333333,3.411
0.595961042222222,3.411,0.595997629166667,3.411,0.595960344444444,3.411
0.5962388175,3.411,0.596275728888889,3.411,0.596238215277778,3.411
0.596516629722222,3.411,0.596553928888889,3.411,0.596516196388889,3.411
0.596794506666667,3.411,0.596831443333333,3.411,0.596794045277778,3.411
0.597072040833333,3.411,0.597109299166667,3.411,0.597072162777778,3.411
0.597350100833333,3.411,0.597387482777778,3.411,0.597349536944444,3.411
0.597628033055556,3.411,0.597665138888889,3.411,0.59762755,3.421
0.597906346944444,3.411,0.597943180277778,3.411,0.597905305,3.411
0.598184346944444,3.411,0.598220971944444,3.411,0.598183284722222,3.411
0.598462079722222,3.411,0.598499198611111,3.411,0.598460907777778,3.421
0.598739808055556,3.411,0.5987769225,3.411,0.598738914722222,3.411
0.599017449722222,3.411,0.599055078055556,3.411,0.599017090555556,3.411
0.599295281388889,3.411,0.599332994166667,3.411,0.599294418888889,3.411
0.599572916388889,3.411,0.599610755,3.411,0.599572655833333,3.411
0.599850843333333,3.411,0.599888680277778,3.411,0.599850543055556,3.411
0.600128622222222,3.411,0.600166947777778,3.411,0.600128815277778,3.411
0.600406341111111,3.411,0.600444659444444,3.411,0.600406477222222,3.411
0.600684558888889,3.411,0.600722564722222,3.411,0.6006840825,3.411
0.600962601666667,3.411,0.601000333888889,3.411,0.600962209444444,3.411
0.601240256666667,3.411,0.601277923611111,3.411,0.601240206388889,3.421
0.601517989722222,3.411,0.601555783055555,3.411,0.601517715,3.411
0.601795679166667,3.411,0.601833485555555,3.411,0.601796027222222,3.411
0.602073366388889,3.411,0.602111169166667,3.411,0.602073601944444,3.411
0.602351282222222,3.411,0.602389282222222,3.411,0.602351608888889,3.421
0.602629035833333,3.411,0.602667228333333,3.411,0.602629620277778,3.421
0.602907006944444,3.411,0.602944582777778,3.411,0.602907122222222,3.411
0.6031849175,3.411,0.603222805,3.411,0.603185161666667,3.411
0.603462891944444,3.411,0.6035002075,3.411,0.603462979444444,3.411
0.603740440555556,3.411,0.603778215277778,3.411,0.603740560833333,3.411
0.604018126388889,3.411,0.604055969166667,3.411,0.604018758888889,3.411
0.604295843888889,3.411,0.604333941944444,3.411,0.6042965475,3.411
0.604573643888889,3.411,0.604612300277778,3.411,0.604574306666667,3.421
0.604851443055556,3.411,0.604890034722222,3.411,0.604852230277778,3.411
0.605129589166667,3.411,0.605167949166667,3.411,0.605130195,3.411
0.605407517222222,3.411,0.605445653611111,3.411,0.605407494166667,3.411
0.605685440555556,3.411,0.6057236,3.411,0.605685623333333,3.411
0.605963050833333,3.411,0.606001703333333,3.411,0.605963508055556,3.421
0.606240919166667,3.411,0.606279263888889,3.411,0.606241083888889,3.411
0.606518750833333,3.411,0.606557219722222,3.411,0.606519016111111,3.411
0.606796843888889,3.411,0.606835516111111,3.411,0.606796852222222,3.411
0.60707493,3.411,0.6071132475,3.411,0.607074688333333,3.411
0.607352505555556,3.411,0.607390801666667,3.411,0.607352337222222,3.411
0.607630604166667,3.411,0.607668976944444,3.411,0.607629976666667,3.411
0.607908761111111,3.411,0.6079469275,3.411,0.607908168055555,3.411
0.608186683333333,3.411,0.608224681666667,3.411,0.608186011388889,3.411
0.608464749722222,3.411,0.608502524166667,3.411,0.608463886111111,3.411
0.608742743055556,3.411,0.608780195,3.411,0.608741746388889,3.411
0.60902071,3.411,0.609057984444444,3.411,0.609019875,3.411
0.60929859,3.411,0.609336110555555,3.411,0.609297672777778,3.411
0.609576590555556,3.411,0.609613945,3.411,0.609575319722222,3.411
0.609854206666667,3.411,0.609891517777778,3.411,0.609853037222222,3.411
0.610131961944444,3.411,0.610169303055556,3.411,0.610131305,3.421
0.610409876666667,3.411,0.610447449166667,3.411,0.610408925,3.421
0.610687969444444,3.411,0.610725357777778,3.411,0.610686740555556,3.411
0.610965785277778,3.411,0.611003449722222,3.411,0.610964821944444,3.411
0.611243696111111,3.411,0.611281454444444,3.411,0.611242589166667,3.411
0.611521413055556,3.411,0.611559514166667,3.411,0.611520386666667,3.421
0.611799294722222,3.411,0.611837133611111,3.411,0.611798233055555,3.411
0.612077308055556,3.411,0.612115386666667,3.411,0.612075971944445,3.411
0.612354985277778,3.411,0.612393146944444,3.411,0.61235374,3.411
0.612632674722222,3.411,0.612670461666667,3.411,0.612631212777778,3.411
0.612910871944444,3.411,0.612948178888889,3.411,0.612909603611111,3.411
0.613189065833333,3.411,0.613226218611111,3.411,0.613187388888889,3.421
0.613466662777778,3.411,0.613504044444444,3.411,0.613465008888889,3.421
0.613744553333333,3.411,0.613782268888889,3.411,0.613743001944444,3.411
0.614022581944444,3.411,0.614060655,3.411,0.61402081,3.411
0.614300304722222,3.411,0.614338345,3.411,0.614298690555556,3.411
0.614578311666667,3.411,0.61461615,3.411,0.614576334444444,3.411
0.614856355833333,3.411,0.614893751944444,3.411,0.61485421,3.411
0.615134210833333,3.411,0.615171689166667,3.411,0.615131829444444,3.411
0.615412257777778,3.411,0.615449053611111,3.411,0.6154097875,3.411
0.615690121388889,3.411,0.615727195277778,3.411,0.615688000277778,3.421
0.6159681425,3.411,0.6160052875,3.411,0.615965657222222,3.421
0.616245950277778,3.411,0.616283709722222,3.411,0.616243510555556,3.411
0.616523540555556,3.411,0.616561752777778,3.411,0.6165209325,3.411
0.616801336666667,3.411,0.616839351944444,3.411,0.616799060555556,3.411
0.617079410277778,3.411,0.617117603888889,3.411,0.617076892222222,3.411
0.617357212222222,3.411,0.617395241666667,3.411,0.6173548525,3.421
0.617634908888889,3.411,0.617673105555556,3.411,0.61763253,3.421
0.617912629722222,3.411,0.617950702777778,3.411,0.61791048,3.421
0.618190828055556,3.411,0.618229005833333,3.411,0.618188624722222,3.411
0.618468793055556,3.411,0.618506655833333,3.411,0.618466608055556,3.421
0.618746387777778,3.411,0.618784370555555,3.411,0.618744213611111,3.411
0.61902477,3.411,0.619062488055556,3.421,0.619022352222222,3.411
0.619302640277778,3.411,0.619340448611111,3.411,0.619299951111111,3.421
0.619580256111111,3.411,0.6196184325,3.411,0.619577821111111,3.411
0.619858400833333,3.411,0.619896100555556,3.411,0.619855616944444,3.421
0.620135890555556,3.411,0.620173980277778,3.411,0.620133840555556,3.411
0.620413573888889,3.411,0.620451768333333,3.411,0.620411798055556,3.411
0.620691758611111,3.411,0.620729975,3.411,0.620689349166667,3.411
0.620969523333333,3.411,0.621007866388889,3.411,0.620967324444444,3.411
0.621247288888889,3.411,0.621285398611111,3.411,0.621244846388889,3.411
0.621525068333333,3.411,0.621564031111111,3.411,0.621522581944444,3.421
0.621802998055556,3.411,0.621841587222222,3.411,0.621800540277778,3.421
0.622081138611111,3.411,0.622119716388889,3.411,0.62207848,3.421
0.622358688333333,3.411,0.622397860277778,3.411,0.622356805555556,3.411
0.622636618611111,3.411,0.622675679166667,3.411,0.622634701111111,3.411
0.622914620555556,3.411,0.6229537375,3.411,0.622912487222222,3.411
0.623192531388889,3.411,0.623231685,3.411,0.623190358333333,3.411
0.623470704722222,3.411,0.623509311944444,3.411,0.623467833888889,3.411
0.623748765,3.411,0.623787286388889,3.411,0.623746186666667,3.411
0.624026066111111,3.411,0.624065329444444,3.411,0.624023903055556,3.411
0.624304404722222,3.411,0.624342968888889,3.411,0.624301865277778,3.411
0.624582526388889,3.411,0.624620811944444,3.411,0.624579431666667,3.411
0.624860241944444,3.411,0.624898593333333,3.411,0.624857310555556,3.411
0.625138142222222,3.411,0.625176249722222,3.411,0.625135272222222,3.411
0.625415572222222,3.411,0.625454197222222,3.411,0.625413151944444,3.411
0.625694084166667,3.411,0.625731896111111,3.411,0.625690996666667,3.411
0.625972428611111,3.411,0.626009814166667,3.411,0.625968323611111,3.421
0.626249812777778,3.411,0.626287766111111,3.411,0.626246408888889,3.411
0.626527776111111,3.411,0.626565553611111,3.411,0.626524616388889,3.421
0.626805816666667,3.411,0.626842901388889,3.411,0.626802645,3.411
0.627083805,3.411,0.627121198055556,3.411,0.627080395833333,3.411
0.627361341944444,3.411,0.627398970833333,3.411,0.627358286666667,3.411
0.6276393175,3.411,0.627677273055556,3.411,0.627636063333333,3.411
0.627917283888889,3.411,0.627954665277778,3.411,0.627913916388889,3.411
0.628195271111111,3.411,0.628232375555556,3.411,0.628191943055556,3.421
0.62847324,3.411,0.628510472777778,3.411,0.628469977222222,3.411
0.628751093055556,3.411,0.628788705277778,3.411,0.628747943055556,3.411
0.629028786944444,3.411,0.629066495555556,3.411,0.629025313333333,3.421
0.629306685833333,3.411,0.629344229444444,3.411,0.629303076388889,3.411
0.629584514166667,3.411,0.629622055833333,3.411,0.629581049444444,3.421
0.629862209166667,3.411,0.629899869166667,3.411,0.629858905277778,3.421
0.630139845833333,3.411,0.630177607222222,3.411,0.6301368325,3.411
0.630417778611111,3.411,0.630455691944445,3.411,0.630414919722222,3.411
0.630695266111111,3.411,0.630733341111111,3.411,0.630692612777778,3.411
0.630973629444444,3.411,0.631011020277778,3.411,0.630970609722222,3.411
0.631251416111111,3.411,0.631288987222222,3.411,0.631248720833333,3.411
0.631529204722222,3.411,0.631567001944444,3.411,0.631526409166667,3.411
0.631807058333333,3.411,0.631844628333333,3.411,0.631804576666667,3.421
0.632085068333333,3.411,0.632122298055556,3.411,0.632081979444444,3.411
0.632363486388889,3.411,0.632400270277778,3.411,0.632360152777778,3.421
0.632640970833333,3.411,0.632678051388889,3.411,0.632638132222222,3.421
0.632918784444444,3.411,0.632955861111111,3.411,0.632916249166667,3.421
0.633196640277778,3.411,0.633233591666667,3.411,0.63319413,3.411
0.633474529722222,3.411,0.633511376388889,3.411,0.633472065,3.421
0.633752195833333,3.411,0.633789149722222,3.411,0.633750087777778,3.411
0.6340304275,3.411,0.634067250555555,3.411,0.634027950555556,3.411
0.634308054166667,3.411,0.634345190555556,3.411,0.634305401388889,3.421
0.634585923055556,3.411,0.634623107777778,3.411,0.634583302777778,3.411
0.6348636875,3.411,0.634900744444444,3.411,0.634861064444444,3.411
0.635141863888889,3.411,0.635178663055556,3.411,0.635138959166667,3.421
0.635419654166667,3.411,0.635456194722222,3.411,0.635416955,3.421
0.635697655277778,3.411,0.635734029722222,3.411,0.635694963333333,3.411
0.635975371666667,3.411,0.636012087222222,3.411,0.63597302,3.411
0.636253341944444,3.411,0.636289877222222,3.411,0.636251065833333,3.421
0.636531439166667,3.411,0.636567723888889,3.411,0.636529076111111,3.411
0.636809558333333,3.411,0.636845411388889,3.411,0.636806944166667,3.421
0.637087166388889,3.411,0.637123688055556,3.411,0.6370850775,3.411
0.637364979166667,3.411,0.637401283055556,3.411,0.637362649722222,3.411
0.637643067222222,3.411,0.637679240555556,3.411,0.637640337777778,3.421
0.637920905,3.411,0.637957022777778,3.411,0.637918466944444,3.411
0.638198522222222,3.411,0.638234552222222,3.411,0.638196348611111,3.421
0.638476572777778,3.411,0.638512508333333,3.411,0.6384745125,3.421
0.638754114166667,3.411,0.638790228333333,3.411,0.638752382222222,3.421
0.639031998333333,3.411,0.639068108611111,3.411,0.639030646944444,3.421
0.639310193055555,3.411,0.639345633055556,3.411,0.639308420555556,3.421
0.639587951666667,3.411,0.639623491666667,3.411,0.639586263611111,3.421
0.639865805555556,3.411,0.639901688333333,3.411,0.639863995833333,3.421
0.640143702222222,3.411,0.640179751666667,3.411,0.640141646111111,3.421
0.640421495,3.411,0.640457466388889,3.411,0.640419871944444,3.421
0.640699379444444,3.411,0.640735121111111,3.411,0.640697616666667,3.411
0.640977377777778,3.411,0.641013419722222,3.411,0.640975445,3.421
0.641254772777778,3.411,0.641291134166667,3.411,0.641253248055556,3.421
0.641533085833333,3.411,0.641568916944445,3.411,0.641530960277778,3.411
0.641810841111111,3.411,0.641846591388889,3.411,0.641808699444444,3.411
0.642088783333333,3.411,0.642124489166667,3.411,0.6420868975,3.411
0.6423663575,3.411,0.642402714166667,3.411,0.642364585277778,3.421
0.642644528888889,3.411,0.642680410833333,3.411,0.6426423425,3.411
0.642922223333333,3.411,0.642958628333333,3.411,0.642920288611111,3.411
0.643199748333333,3.411,0.643236242222222,3.411,0.643198268055556,3.411
0.643477888888889,3.411,0.643513976944444,3.411,0.643475994444444,3.421
0.643755641388889,3.411,0.643791571666667,3.411,0.643753407777778,3.421
0.644033455277778,3.411,0.644069629722222,3.411,0.644031483333333,3.421
0.644310834166667,3.411,0.644347803888889,3.411,0.644309039444444,3.411
0.644588975555556,3.411,0.644625711111111,3.411,0.644587128055556,3.421
0.644866620277778,3.411,0.644903559444444,3.411,0.644864870277778,3.421
0.645144127222222,3.411,0.645181294722222,3.411,0.645142555,3.421
0.645422239166667,3.411,0.645459129166667,3.411,0.6454206275,3.411
0.645700216944444,3.411,0.645736747777778,3.411,0.645698458055555,3.421
0.645978031944444,3.411,0.646014603055556,3.411,0.645976239444444,3.421
0.646255819444444,3.411,0.646292583888889,3.411,0.646254158888889,3.421
0.646533413888889,3.411,0.646570323611111,3.411,0.646532190555556,3.421
0.646811372222222,3.411,0.64684825,3.411,0.646809666111111,3.421
0.647089279166667,3.411,0.6471258475,3.411,0.647087305555555,3.411
0.647367116111111,3.411,0.647403979722222,3.411,0.647365481666667,3.421
0.647644955555556,3.411,0.647681783611111,3.411,0.647642885277778,3.421
0.647922749166667,3.411,0.647959750555556,3.411,0.647920934166667,3.421
0.648200251388889,3.411,0.648237799166667,3.421,0.648198309166667,3.421
0.648478335555556,3.411,0.648515459166667,3.411,0.648476580555556,3.421
0.648756235833333,3.411,0.648793359722222,3.411,0.648754285,3.411
0.649033835277778,3.411,0.649071333333333,3.421,0.649031923611111,3.421
0.649311749166667,3.411,0.649349288055555,3.421,0.649309944722222,3.421
0.649590105833333,3.411,0.649627265277778,3.411,0.649587797222222,3.421
0.649867835,3.411,0.649905115555556,3.411,0.649865729444444,3.421
0.650145713055556,3.411,0.650182889722222,3.411,0.650143339444444,3.421
0.650423484166667,3.411,0.650460791944445,3.411,0.65042125,3.421
0.650701390555556,3.411,0.650739028055556,3.411,0.650698998055556,3.421
0.650979146666667,3.411,0.651016536111111,3.411,0.650976646666667,3.421
0.651257045277778,3.411,0.651294749166667,3.411,0.651254487777778,3.421
0.651534761388889,3.411,0.651572433888889,3.411,0.651531954166667,3.421
0.651812843888889,3.411,0.651850410833333,3.411,0.651810408055556,3.411
0.652090855555555,3.411,0.652128277222222,3.411,0.652088263055556,3.421
0.652368571944444,3.411,0.652406200555556,3.411,0.652366643055555,3.421
0.652646573333333,3.411,0.6526842225,3.411,0.652644059722222,3.411
0.652923879722222,3.411,0.652961520555556,3.411,0.652922152777778,3.421
0.653202120833333,3.411,0.653239801666667,3.411,0.6532001875,3.421
0.6534801025,3.411,0.653517408333333,3.411,0.653477741388889,3.421
0.653757845833333,3.411,0.653795381388889,3.411,0.653755571944444,3.421
0.654035866388889,3.421,0.654073336388889,3.411,0.65403328,3.421
0.654313732777778,3.411,0.654350955833333,3.411,0.654310973055556,3.421
0.654591608055556,3.411,0.654628808611111,3.411,0.6545888725,3.421
0.654869541666667,3.411,0.654907319722222,3.411,0.654867112777778,3.421
0.655147240555556,3.411,0.655185101944444,3.411,0.655145196944444,3.421
0.655425153333333,3.411,0.655462856111111,3.411,0.655422760555555,3.421
0.655703210833333,3.411,0.655740534444444,3.411,0.655700566111111,3.421
0.65598063,3.411,0.656018388888889,3.411,0.655978376111111,3.421
0.656258307222222,3.411,0.6562963875,3.411,0.656256245555556,3.421
0.656536088888889,3.411,0.656574067222222,3.411,0.656534041111111,3.421
0.6568142275,3.411,0.656852067777778,3.411,0.656811833611111,3.421
0.657092321666667,3.411,0.657130133888889,3.411,0.657089512222222,3.421
0.657369725555556,3.411,0.657408012777778,3.411,0.657367954166667,3.421
0.657647799166667,3.411,0.657685960833333,3.411,0.657645788611111,3.421
0.657925561388889,3.411,0.657964026388889,3.411,0.657923765277778,3.421
0.658203289166667,3.411,0.65824216,3.411,0.658201160833333,3.421
0.658481558611111,3.411,0.658519908333333,3.411,0.658479398333333,3.421
0.658759473333333,3.411,0.658797664722222,3.411,0.658756891666667,3.421
0.659037277222222,3.411,0.659075710277778,3.411,0.659034658055556,3.421
0.659314943888889,3.411,0.659353653333333,3.411,0.659312465833333,3.421
0.659592724166667,3.411,0.659631450277778,3.411,0.659590299166667,3.421
0.659870783333333,3.411,0.659909218055556,3.411,0.659868315833333,3.421
0.660148376666667,3.411,0.660187488888889,3.411,0.660145920555556,3.421
0.660426213611111,3.411,0.660464868055556,3.411,0.660423590277778,3.421
0.660704095277778,3.411,0.660742766111111,3.411,0.660701831388889,3.421
0.660981694722222,3.411,0.661020536944444,3.411,0.660979413333333,3.421
0.661259658611111,3.411,0.661298184722222,3.411,0.661257288888889,3.421
0.661537741666667,3.411,0.661576252777778,3.411,0.661535253055555,3.421
0.661815664722222,3.411,0.661853888055556,3.411,0.661813502777778,3.421
0.662093483333333,3.411,0.66213196,3.421,0.662091264444445,3.421
0.662371271111111,3.411,0.66240963,3.421,0.662369163333333,3.421
0.662648957777778,3.411,0.662687498333333,3.411,0.662647288611111,3.421
0.662926635555556,3.411,0.66296555,3.411,0.662924988333333,3.421
0.663204519722222,3.411,0.663243257222222,3.411,0.663202741944445,3.421
0.663482474444444,3.421,0.663521332777778,3.411,0.663480754722222,3.421
0.663759986388889,3.411,0.663799026111111,3.421,0.663758508888889,3.421
0.664038126111111,3.421,0.664076795555556,3.411,0.664036358611111,3.421
0.664315843611111,3.411,0.664354793888889,3.411,0.664314366666667,3.421
0.664593688888889,3.411,0.664632685833333,3.411,0.664592193888889,3.421
0.66487108,3.411,0.664910597777778,3.411,0.664870048888889,3.421
0.665149335,3.411,0.6651882125,3.411,0.665147780555556,3.421
0.665427422777778,3.411,0.665465917222222,3.411,0.665425775555556,3.421
0.665705107222222,3.411,0.665743854722222,3.411,0.665703162222222,3.421
0.665982756388889,3.411,0.666021518055556,3.411,0.665980805555556,3.421
0.666260635277778,3.411,0.666299569444444,3.411,0.666259275,3.421
0.666538442222222,3.411,0.666577576388889,3.411,0.666536825,3.421
0.666815789166667,3.411,0.666855291944444,3.411,0.6668147675,3.421
0.667093982222222,3.411,0.667133361666667,3.411,0.667092655833333,3.421
0.667371761944444,3.411,0.6674111875,3.411,0.667370439722222,3.421
0.667649684444445,3.411,0.667688874722222,3.411,0.667648001666667,3.421
0.667927591666667,3.411,0.667966908888889,3.411,0.667925998888889,3.421
0.6682052325,3.411,0.668244596111111,3.411,0.668204025,3.421
0.668483395833333,3.411,0.668522546111111,3.411,0.668481416111111,3.421
0.6687612175,3.411,0.668800168055556,3.411,0.6687597875,3.421
0.669038974722222,3.411,0.669078426388889,3.411,0.669037286388889,3.421
0.669316851111111,3.411,0.6693564125,3.411,0.669315335,3.421
0.669594501388889,3.411,0.669634052777778,3.411,0.669593069444444,3.421
0.669872408055556,3.411,0.669911988888889,3.411,0.669870841388889,3.421
0.670150183888889,3.411,0.670189698611111,3.421,0.670149055277778,3.421
0.670428034166667,3.411,0.670467820277778,3.411,0.670427148611111,3.421
0.670706240555555,3.411,0.670745735277778,3.411,0.670705169722222,3.421
0.670983825,3.421,0.671023927222222,3.411,0.670982630555556,3.421
0.671261646944444,3.411,0.671301462777778,3.411,0.6712603775,3.421
0.671539507222222,3.411,0.671579563888889,3.411,0.671538167777778,3.421
0.671816897222222,3.411,0.671857354722222,3.411,0.671815808611111,3.421
0.672095049722222,3.411,0.672135138333333,3.411,0.6720941325,3.411
0.672372969166667,3.411,0.672412997222222,3.411,0.672371639166667,3.421
0.672650787222222,3.421,0.672691041666667,3.411,0.67264951,3.411
0.672928621111111,3.411,0.672968858055556,3.411,0.672927428611111,3.421
0.673206503888889,3.411,0.673246498333333,3.411,0.673205207222222,3.421
0.673484233055556,3.411,0.673524276388889,3.411,0.673483039722222,3.421
0.673761922222222,3.411,0.673801845555556,3.411,0.673760816111111,3.421
0.674039919166667,3.411,0.674079588333333,3.411,0.674038623333333,3.421
0.674317535277778,3.411,0.674357771111111,3.411,0.674316604444444,3.421
0.674595761388889,3.411,0.6746355775,3.411,0.674594583888889,3.421
0.674873685277778,3.411,0.674913491111111,3.411,0.674872278611111,3.421
0.675151407222222,3.411,0.675191299166667,3.411,0.675150281944444,3.421
0.675429281666667,3.421,0.675469043611111,3.411,0.675428383055556,3.421
0.675707066944444,3.421,0.675746716944444,3.411,0.675706621111111,3.421
0.675984643611111,3.411,0.676024857777778,3.411,0.675984371666667,3.421
0.6762625175,3.411,0.676302951666667,3.411,0.676262109444445,3.421
0.676540661111111,3.411,0.676580796944444,3.411,0.6765397525,3.421
0.676818198611111,3.411,0.67685875,3.411,0.676817325,3.421
0.677096145277778,3.411,0.677136626666667,3.411,0.677095291388889,3.421
0.677374299722222,3.411,0.677414322222222,3.411,0.677373014722222,3.421
0.677651801944444,3.421,0.677692166944444,3.411,0.677650864722222,3.421
0.677929946388889,3.411,0.677969946666667,3.411,0.677928579722222,3.421
0.678207941944445,3.411,0.678247796111111,3.421,0.678206501111111,3.421
0.678485474166667,3.411,0.678525445,3.411,0.678484601111111,3.411
0.678763792777778,3.411,0.678803137777778,3.411,0.678762460277778,3.421
0.679041389444444,3.411,0.679081129722222,3.411,0.679040034166667,3.421
0.679318961388889,3.411,0.679358868888889,3.411,0.679318282222222,3.421
0.679597217222222,3.411,0.679636513611111,3.421,0.679596385,3.421
0.679874886388889,3.411,0.679914587777778,3.411,0.679874230555556,3.421
0.680152594722222,3.421,0.68019254,3.411,0.680151834444444,3.421
0.680430704166667,3.411,0.680470403055556,3.411,0.680429950555556,3.421
0.680708392777778,3.411,0.680748380833333,3.421,0.6807076425,3.421
0.680986500277778,3.421,0.681025915277778,3.411,0.680985147222222,3.421
0.681264046944444,3.411,0.681303696944444,3.411,0.681263154722222,3.421
0.681542141944445,3.411,0.681581453611111,3.421,0.681540687777778,3.421
0.681820149444444,3.411,0.681859800277778,3.411,0.681819084166667,3.421
0.682097889166667,3.411,0.682137253055556,3.411,0.682096633888889,3.421
0.682375910833333,3.421,0.682415475555556,3.421,0.682374326944444,3.421
0.682653834166667,3.421,0.682693323611111,3.411,0.682652225,3.421
0.682931720277778,3.421,0.682971095555556,3.421,0.682930014722222,3.421
0.683209461666667,3.411,0.683249215833333,3.411,0.683207721944444,3.421
0.683487850833333,3.411,0.683526641388889,3.411,0.683485678888889,3.421
0.683765686666667,3.411,0.683804576388889,3.421,0.683763809166667,3.421
0.684043290833333,3.411,0.684082354722222,3.421,0.684041610833333,3.421
0.684320833611111,3.411,0.684360509166667,3.411,0.684319490555556,3.421
0.684598884722222,3.411,0.684638671944444,3.421,0.684597154444444,3.421
0.684876885833333,3.411,0.684916231666667,3.421,0.684875450555556,3.421
0.685154821666667,3.411,0.685193978055555,3.421,0.685153290833333,3.421
0.685432523611111,3.411,0.685471981388889,3.421,0.685431210833333,3.421
0.6857106075,3.421,0.685750026111111,3.411,0.685708866388889,3.421
0.685988685277778,3.411,0.686027647222222,3.411,0.685986643333333,3.421
0.686266714722222,3.411,0.686305659444444,3.421,0.686264526388889,3.421
0.686544134166667,3.411,0.686583655555556,3.421,0.686541921666667,3.421
0.686822253055555,3.411,0.686861700277778,3.411,0.686819900555556,3.421
0.687099836944444,3.411,0.687139371944445,3.421,0.687097700277778,3.421
0.687377806111111,3.411,0.687417350277778,3.421,0.687376145,3.421
0.6876555325,3.421,0.687695403611111,3.411,0.687653920833333,3.421
0.687933550555556,3.411,0.687973078611111,3.411,0.687931937777778,3.421
0.688211066111111,3.411,0.688250699166667,3.411,0.688210067222222,3.421
0.688489617777778,3.411,0.688528581944444,3.411,0.688487935,3.421
0.688767523055556,3.421,0.6888062675,3.411,0.688766056111111,3.421
0.689045324166667,3.421,0.689083961944444,3.411,0.689043683888889,3.421
0.689323476388889,3.421,0.689361569444444,3.421,0.689321337777778,3.421
0.689601186944444,3.411,0.689639514722222,3.421,0.689599059166667,3.421
0.689878943888889,3.411,0.689917548333333,3.411,0.689876660833333,3.421
0.690156545555556,3.421,0.690195620555556,3.411,0.690154566388889,3.421
0.690434593055556,3.411,0.690473656944444,3.421,0.6904323925,3.421
0.690712259722222,3.411,0.690751197777778,3.411,0.690710086944444,3.421
0.690990053611111,3.411,0.691028738055556,3.411,0.690988228055555,3.421
0.691268024166667,3.421,0.691306921388889,3.411,0.691265953333333,3.421
0.691546006388889,3.421,0.691584733055556,3.421,0.691543428055556,3.421
0.691823731666667,3.421,0.691862856388889,3.411,0.691821233611111,3.421
0.692101559722222,3.411,0.692140664722222,3.411,0.692099105,3.421
0.692379396388889,3.411,0.692418031944444,3.411,0.692377041388889,3.421
0.692657375,3.411,0.692696175833333,3.421,0.692654701111111,3.421
0.692935435833333,3.411,0.692973529166667,3.411,0.692932502222222,3.421
0.6932127625,3.411,0.693251789166667,3.421,0.693210346666667,3.421
0.693491,3.421,0.693529489722222,3.411,0.6934882775,3.421
0.6937686075,3.411,0.693807918611111,3.421,0.693766197777778,3.421
0.694046501944444,3.411,0.694085433333333,3.411,0.694044079722222,3.421
0.694324378333333,3.411,0.694363263888889,3.421,0.694321964444444,3.421
0.694602224166667,3.421,0.694641455277778,3.421,0.694599911111111,3.421
0.694880062777778,3.411,0.694919543888889,3.421,0.694877534166667,3.421
0.695157823333333,3.411,0.695197384166667,3.411,0.695155208055556,3.421
0.695435417222222,3.421,0.695475384722222,3.421,0.695433093055556,3.421
0.695713518888889,3.411,0.695753035833333,3.421,0.695711023611111,3.421
0.695991395277778,3.411,0.696031227777778,3.411,0.695988941944444,3.421
0.696269313888889,3.411,0.696309041388889,3.421,0.6962668825,3.421
0.696546616944444,3.411,0.696586965,3.421,0.696544433611111,3.421
0.696825135277778,3.411,0.69686509,3.421,0.696822440277778,3.421
0.697103108888889,3.411,0.697142917777778,3.421,0.69710049,3.421
0.697380806666667,3.411,0.697421029444444,3.411,0.697378041666667,3.421
0.697658674722222,3.411,0.697698879444445,3.411,0.697656524166667,3.421
0.697936352777778,3.421,0.697976260277778,3.411,0.697934543888889,3.421
0.698214214444444,3.421,0.69825432,3.411,0.698212245555556,3.421
0.698491998055556,3.421,0.698532251944444,3.421,0.698490054166667,3.421
0.698769903611111,3.411,0.6988103,3.421,0.698768315,3.421
0.699047868055556,3.411,0.699087789722222,3.421,0.699046241666667,3.421
0.699325708333333,3.411,0.699365742777778,3.411,0.699323880833333,3.421
0.699603460277778,3.421,0.699643816388889,3.421,0.699601738888889,3.421
0.699881128055555,3.411,0.699921716388889,3.421,0.699879660833333,3.421
0.700159309444444,3.421,0.700199488333333,3.421,0.700157186666667,3.421
0.70043693,3.411,0.700476817777778,3.421,0.700434898333333,3.421
0.700714975833333,3.421,0.700754888888889,3.411,0.700713035555556,3.421
0.700992662222222,3.421,0.701032926944445,3.411,0.700990910555556,3.421
0.701270660277778,3.421,0.701311240555556,3.421,0.701268780277778,3.421
0.701549059444444,3.411,0.7015895625,3.421,0.701546561111111,3.421
0.701826450277778,3.421,0.701867160555556,3.421,0.701824426111111,3.421
0.70210438,3.421,0.702145307222222,3.411,0.702101970555556,3.421
0.702381934166667,3.421,0.702423233055556,3.421,0.702379969722222,3.421
0.702660097777778,3.411,0.702701235,3.421,0.702657921111111,3.421
0.702937748055556,3.421,0.702978894166667,3.421,0.702935642222222,3.421
0.703215711111111,3.421,0.703256549166667,3.421,0.703213506111111,3.421
0.703493424444445,3.421,0.703534448055556,3.411,0.703491668611111,3.421
0.703771011111111,3.411,0.703812218333333,3.421,0.703769471111111,3.421
0.7040489225,3.411,0.704089809166667,3.421,0.704047325833333,3.421
0.704326411111111,3.421,0.704367558611111,3.421,0.704325145833333,3.421
0.704604340555556,3.411,0.704645608333333,3.421,0.704602706666667,3.421
0.7048823,3.421,0.704923260833333,3.421,0.704880652777778,3.421
0.705160138055556,3.411,0.705201005833333,3.421,0.705158607222222,3.421
0.705437958888889,3.421,0.705479156666667,3.421,0.705436678611111,3.421
0.7057158625,3.411,0.705757128611111,3.421,0.7057141925,3.421
0.705993651944444,3.421,0.706035088055556,3.421,0.705992402777778,3.421
0.706271416111111,3.411,0.706312819722222,3.421,0.706270067777778,3.421
0.706549306666667,3.411,0.706590339166667,3.421,0.706547821944444,3.421
0.706827591388889,3.411,0.706868298888889,3.421,0.706825639722222,3.421
0.707105352777778,3.421,0.707145720833333,3.421,0.707103720555556,3.421
0.707383045277778,3.421,0.707424023333333,3.411,0.707381418055556,3.421
0.707660916666667,3.421,0.707702256111111,3.421,0.707659276944445,3.421
0.707938879722222,3.421,0.70797986,3.421,0.707936854444444,3.421
0.708216071944444,3.411,0.708257943888889,3.411,0.708214540833333,3.421
0.708494595555555,3.421,0.708535946111111,3.421,0.708492704444444,3.421
0.708772356944444,3.421,0.708813549722222,3.411,0.708770755555556,3.421
0.7090500825,3.421,0.709091304444444,3.421,0.709048325277778,3.421
0.709328499722222,3.411,0.709369238333333,3.421,0.709326743888889,3.421
0.709606057777778,3.421,0.709646817222222,3.411,0.709604631666667,3.421
0.709884225555556,3.421,0.7099250825,3.421,0.709882383888889,3.421
0.71016205,3.421,0.710202858055556,3.421,0.710160489722222,3.421
0.710439920555555,3.421,0.710480615833333,3.421,0.710437925,3.421
0.710717378888889,3.411,0.710758270555556,3.411,0.710715691111111,3.421
0.710995006388889,3.421,0.711036114722222,3.421,0.710993429444444,3.421
0.711273149444444,3.421,0.711314068333333,3.411,0.711271161944445,3.421
0.711551347222222,3.421,0.711591873055556,3.411,0.711549296666667,3.421
0.711829209722222,3.421,0.711869334166667,3.421,0.711827262777778,3.421
0.712107106666667,3.411,0.712147451666667,3.421,0.712105165277778,3.421
0.712385071944444,3.421,0.712425147777778,3.421,0.7123829025,3.421
0.712662949444444,3.421,0.712702853611111,3.421,0.712660980277778,3.421
0.712940408055556,3.421,0.712980906944444,3.421,0.712938451944444,3.421
0.713218130277778,3.421,0.7132590425,3.421,0.713216613055556,3.421
0.713495995,3.421,0.713536813055556,3.411,0.713494135555556,3.421
0.713774164166667,3.421,0.713814297222222,3.421,0.713772030555556,3.421
0.714052036111111,3.411,0.714092626666667,3.421,0.714050241666667,3.421
0.714329989444444,3.411,0.714370585,3.421,0.71432828,3.421
0.714607861388889,3.411,0.714648095555556,3.421,0.714606451944444,3.421
0.714885470277778,3.411,0.714925838055556,3.421,0.714884673888889,3.421
0.715163310555556,3.421,0.715203808888889,3.421,0.715162255277778,3.421
0.715441271666667,3.411,0.715481700277778,3.421,0.715440066388889,3.421
0.715718841388889,3.421,0.715759360833333,3.421,0.715717815555556,3.421
0.715996870833333,3.421,0.716037519166667,3.411,0.715995978888889,3.421
0.716274681388889,3.411,0.7163154525,3.421,0.716273840833333,3.421
0.716552545277778,3.421,0.716593446944444,3.421,0.716551745277778,3.421
0.716830620555555,3.421,0.716871332222222,3.421,0.716829473611111,3.421
0.717108526666667,3.421,0.717149166944444,3.421,0.717107190555555,3.421
0.717386325,3.411,0.71742688,3.411,0.717385177222222,3.421
0.717663868333333,3.421,0.717704696111111,3.411,0.717663134166667,3.421
0.7179420975,3.421,0.7179821025,3.421,0.717941046111111,3.421
0.718220281388889,3.421,0.718260478055556,3.421,0.718218641111111,3.421
0.718498163055555,3.421,0.718538111388889,3.421,0.718496335277778,3.421
0.718776156666667,3.421,0.718815815,3.421,0.718774413888889,3.421
0.719053729444444,3.421,0.719093890833333,3.421,0.719052127777778,3.421
0.719331690277778,3.411,0.719371650555556,3.421,0.719330023888889,3.421
0.719609902222222,3.411,0.719649310277778,3.421,0.719608081944444,3.421
0.719887579444444,3.421,0.719927266944445,3.421,0.719886100277778,3.421
0.720164972222222,3.421,0.720205196111111,3.421,0.720163934722222,3.421
0.720443227222222,3.421,0.720483065,3.421,0.720441839166667,3.421
0.720720521944444,3.421,0.7207610125,3.411,0.720719803333333,3.421
0.720999026388889,3.421,0.721038950833333,3.421,0.720997693055556,3.421
0.721276501388889,3.421,0.721316784722222,3.411,0.721275658055555,3.421
0.721554256944444,3.411,0.721594799166667,3.421,0.721553454444444,3.421
0.721832389722222,3.421,0.721872735555556,3.421,0.721831143611111,3.421
0.722109966944445,3.421,0.7221505,3.411,0.722109096388889,3.421
0.722388261388889,3.421,0.72242853,3.421,0.722386911944444,3.421
0.722666078055556,3.421,0.722705996111111,3.421,0.722664902777778,3.421
0.722944153888889,3.421,0.722984184444444,3.421,0.722943267777778,3.421
0.723222089722222,3.421,0.723262044722222,3.421,0.723220801666667,3.421
0.72350007,3.411,0.723539617777778,3.421,0.7234987175,3.421
0.723777819166667,3.421,0.723817578055556,3.421,0.723776415277778,3.421
0.724055764722222,3.411,0.724095556944444,3.421,0.724054498333333,3.421
0.724333764722222,3.421,0.724373301944444,3.421,0.724332245555556,3.421
0.724611428055556,3.421,0.724651021944445,3.421,0.724610193611111,3.421
0.724889244444444,3.411,0.724928941388889,3.421,0.724887929722222,3.421
0.725167360555556,3.411,0.725206728333333,3.421,0.725165975555556,3.421
0.725444946388889,3.411,0.725485070277778,3.421,0.725443781666667,3.421
0.725722799166667,3.411,0.725762687777778,3.421,0.725721419444444,3.421
0.726000509166667,3.421,0.726040478611111,3.421,0.725999331111111,3.421
0.7262783125,3.421,0.726318228333333,3.421,0.7262771625,3.421
0.726555983611111,3.421,0.726595904722222,3.421,0.726554568333333,3.421
0.726833891666667,3.421,0.7268739625,3.421,0.726832246944444,3.421
0.7271118225,3.421,0.727151994444444,3.421,0.727110398611111,3.421
0.727389706944444,3.411,0.727429640555555,3.421,0.727388101666667,3.421
0.727667632777778,3.421,0.727707575,3.421,0.727666278611111,3.421
0.727945467222222,3.421,0.727985435555556,3.421,0.727944276111111,3.421
0.728223139444444,3.421,0.728263611944444,3.421,0.728222008888889,3.421
0.7285008725,3.421,0.7285412475,3.421,0.728500020277778,3.421
0.728778679722222,3.421,0.728819133611111,3.421,0.728777968333333,3.421
0.729056787222222,3.421,0.729096943333333,3.421,0.729056058888889,3.421
0.729334486944444,3.421,0.7293750025,3.421,0.7293339425,3.421
0.729612142777778,3.421,0.729652669444444,3.421,0.729611666388889,3.421
0.729890228055555,3.421,0.729930821944444,3.421,0.729889492777778,3.421
0.7301680375,3.421,0.730208635277778,3.421,0.730167621111111,3.421
0.730445912777778,3.421,0.730486373055556,3.421,0.730445333055556,3.421
0.730723661944444,3.421,0.7307637575,3.421,0.730723125555556,3.421
0.731001652777778,3.421,0.731041940833333,3.421,0.7310013025,3.421
0.731280175277778,3.421,0.731319883055556,3.421,0.731278953888889,3.421
0.731557463055556,3.421,0.731597596944444,3.421,0.731557018333333,3.421
0.731835824166667,3.421,0.731875446666667,3.421,0.731834940555556,3.421
0.732113380277778,3.421,0.732153428333333,3.421,0.732112636111111,3.421
0.732391229722222,3.421,0.732430942222222,3.421,0.732390497777778,3.421
0.732669278611111,3.421,0.732708604166667,3.421,0.732668187777778,3.421
0.732946696111111,3.421,0.732986259722222,3.421,0.732945858888889,3.421
0.733224910277778,3.421,0.733264518055556,3.411,0.733224068611111,3.421
0.733502999722222,3.421,0.733542273611111,3.421,0.733501643888889,3.421
0.733781038055556,3.421,0.733819906666667,3.421,0.733779500555556,3.421
0.734058577222222,3.421,0.734097820555556,3.421,0.734057221666667,3.421
0.734336580277778,3.421,0.734375156111111,3.411,0.734335486111111,3.421
0.73461453,3.421,0.734652998055556,3.421,0.734613591666667,3.421
0.734892097222222,3.421,0.734931195,3.421,0.734891260277778,3.421
0.735169995555556,3.421,0.735209139722222,3.421,0.735168933888889,3.421
0.735447804722222,3.421,0.735487326388889,3.421,0.735446633055556,3.421
0.7357258775,3.411,0.735765294166667,3.421,0.735724195833333,3.421
0.736003683055556,3.421,0.736042664722222,3.421,0.736002756388889,3.421
0.736281423888889,3.421,0.736320889722222,3.421,0.736280710833333,3.421
0.736559330555556,3.421,0.736598863055556,3.421,0.736558303611111,3.421
0.736837567222222,3.421,0.736876898611111,3.421,0.736836749722222,3.421
0.737115335,3.421,0.737154837222222,3.421,0.737115014722222,3.421
0.737393231388889,3.421,0.737432834722222,3.421,0.737392662222222,3.421
0.737670596111111,3.421,0.737710685,3.421,0.737670345833333,3.421
0.737948878333333,3.421,0.737988433888889,3.421,0.737948167222222,3.421
0.738226698611111,3.421,0.738266463055556,3.421,0.738225846388889,3.421
0.738504871111111,3.421,0.738544030555556,3.421,0.738503988611111,3.421
0.738782548611111,3.421,0.738822275,3.421,0.738782143888889,3.421
0.739060657777778,3.421,0.739099853611111,3.421,0.739059726666667,3.421
0.739338324722222,3.421,0.73937773,3.421,0.739337585555556,3.421
0.739616449444444,3.421,0.739655624166667,3.421,0.739615086944444,3.421
0.739894181944444,3.421,0.739933474166667,3.421,0.739893422222222,3.421
0.740172104166667,3.421,0.740211531111111,3.421,0.740171410555556,3.421
0.740450098611111,3.421,0.740489155555556,3.421,0.740449239444445,3.421
0.740727890555556,3.421,0.740767313888889,3.421,0.740727168333333,3.421
0.741005470555556,3.421,0.741044902222222,3.421,0.741005011944444,3.421
0.741283429722222,3.421,0.7413226325,3.421,0.741282773888889,3.421
0.741561423055556,3.421,0.741600582222222,3.421,0.741561188333333,3.421
0.741839528611111,3.421,0.741877973888889,3.421,0.741838939722222,3.421
0.742117241666667,3.421,0.742155678611111,3.421,0.742116708888889,3.421
0.742394783333333,3.421,0.742433856388889,3.421,0.742394761666667,3.421
0.742673123333333,3.421,0.742711638611111,3.421,0.742672719722222,3.421
0.742950877777778,3.421,0.742989781388889,3.421,0.742950295833333,3.421
0.743229105,3.421,0.743267147777778,3.411,0.743228773611111,3.421
0.743507091111111,3.421,0.743545396388889,3.421,0.743506691111111,3.421
0.743784855833333,3.421,0.743823171666667,3.421,0.743784539722222,3.421
0.744062946944444,3.411,0.744101168333333,3.421,0.744062697222222,3.421
0.744340460555556,3.421,0.744378913333333,3.421,0.744340561666667,3.421
0.744618533055555,3.421,0.744656446666667,3.421,0.744618485,3.421
0.744896375833333,3.421,0.744934472777778,3.421,0.744896300833333,3.421
0.745174345833333,3.421,0.745212316944444,3.421,0.745174265833333,3.421
0.745452001111111,3.421,0.745490286388889,3.421,0.745452459444444,3.421
0.745729716666667,3.421,0.745768010833333,3.421,0.745730208611111,3.421
0.746007931388889,3.421,0.746045603888889,3.421,0.746007939166667,3.421
0.746285808333333,3.421,0.746323449444445,3.421,0.746285824166667,3.421
0.746564191111111,3.421,0.746601268888889,3.421,0.746563832777778,3.421
0.746841661666667,3.421,0.746879084166667,3.421,0.746841657777778,3.421
0.7471199425,3.411,0.747157303611111,3.421,0.747120180555556,3.421
0.747397813055556,3.421,0.747434995,3.421,0.747397485277778,3.421
0.747675735277778,3.421,0.747712669444444,3.421,0.747675598333333,3.421
0.747953026944444,3.421,0.747990788611111,3.421,0.747953298611111,3.421
0.748231150833333,3.421,0.748268539166667,3.421,0.748230848611111,3.421
0.748508750277778,3.421,0.748546640833333,3.421,0.748509070833333,3.421
0.748786946944444,3.421,0.748824448888889,3.421,0.748786756666667,3.421
0.749065020833333,3.421,0.749102271666667,3.421,0.749064673055556,3.421
0.749342666111111,3.421,0.7493802875,3.421,0.749342179166667,3.421
0.749620540277778,3.421,0.7496581675,3.421,0.749620035,3.421
0.749898823333333,3.421,0.749936166111111,3.421,0.749897968888889,3.421
0.750176789444444,3.421,0.750213845277778,3.421,0.750175828333333,3.421
0.750454388055556,3.421,0.750491885555555,3.421,0.750453964444444,3.421
0.750732379444444,3.421,0.750770116388889,3.421,0.750731372777778,3.421
0.75101033,3.421,0.7510473625,3.421,0.751009548055556,3.421
0.751288258611111,3.421,0.751325621388889,3.421,0.751287239444444,3.421
0.751566325833333,3.421,0.751603825555556,3.421,0.751564814444444,3.421
0.751844144444444,3.421,0.7518814425,3.421,0.751842916388889,3.421
0.752122034722222,3.411,0.752159180277778,3.421,0.752120441944444,3.421
0.752399796111111,3.421,0.752437198333333,3.421,0.752398737222222,3.421
0.7526774275,3.421,0.752714773888889,3.421,0.752676570277778,3.421
0.752955544444444,3.421,0.752992857777778,3.421,0.752954103333333,3.421
0.753233229166667,3.421,0.753270440555555,3.421,0.753232123888889,3.421
0.753511093055556,3.421,0.753548645277778,3.421,0.753510158055556,3.421
0.7537888625,3.421,0.753826105277778,3.421,0.753787518888889,3.421
0.754066816388889,3.421,0.754104081944444,3.421,0.754065838055556,3.421
0.754344423055556,3.421,0.754381993888889,3.421,0.754343627222222,3.421
0.754622525,3.421,0.754659431111111,3.421,0.7546215,3.421
0.754900310833333,3.421,0.754937123055556,3.421,0.754899418888889,3.421
0.7551782325,3.421,0.755215277222222,3.421,0.755177226666667,3.421
0.755455763055556,3.421,0.755493613888889,3.421,0.755455459166667,3.421
0.755733832222222,3.421,0.755771502222222,3.421,0.755733176111111,3.421
0.7560114325,3.421,0.756049043888889,3.421,0.756010861944444,3.421
0.756289116388889,3.421,0.756327116111111,3.421,0.756288558611111,3.421
0.756566905833333,3.421,0.756605170833333,3.421,0.756566505,3.421
0.756844696388889,3.421,0.756883117222222,3.421,0.75684438,3.421
0.757122724166667,3.421,0.757161295833333,3.421,0.757122215,3.421
0.757400631111111,3.421,0.757439165,3.421,0.757400016111111,3.421
0.757678496111111,3.421,0.757717071388889,3.421,0.757678088055556,3.421
0.757956223055556,3.421,0.757995088333333,3.421,0.757955796666667,3.421
0.758234082777778,3.421,0.758272541666667,3.421,0.758233381111111,3.421
0.758512053611111,3.421,0.758550448055556,3.421,0.758511385555556,3.421
0.758789680277778,3.421,0.758828645,3.421,0.758789299166667,3.421
0.759067861111111,3.421,0.759106265833333,3.421,0.75906703,3.421
0.759345416388889,3.421,0.759384226944445,3.421,0.759345066944444,3.421
0.759623159444444,3.421,0.759662261944444,3.421,0.759622861944445,3.421
0.759901189444445,3.421,0.759939838055556,3.421,0.759900603888889,3.421
0.760178815833333,3.421,0.760217888888889,3.421,0.7601783175,3.421
0.760456706944444,3.421,0.760495721111111,3.421,0.760456073055556,3.421
0.760734364166667,3.421,0.760773196111111,3.421,0.760733935833333,3.421
0.761012217222222,3.421,0.761051693333333,3.421,0.761012045833333,3.421
0.761290669722222,3.421,0.761329260277778,3.421,0.761289763611111,3.421
0.761568319444444,3.421,0.761607508333333,3.421,0.761567498888889,3.421
0.761845974444444,3.421,0.761885385833333,3.421,0.761845493055556,3.421
0.762123966388889,3.421,0.762163405833333,3.421,0.762123057222222,3.421
0.762402093611111,3.421,0.762441458888889,3.421,0.762400633055556,3.421
0.762679675833333,3.421,0.762718787777778,3.421,0.7626786825,3.421
0.762957608888889,3.421,0.762996987222222,3.421,0.762956427222222,3.421
0.763235308333333,3.421,0.763274984444445,3.421,0.7632342825,3.421
0.763512967222222,3.421,0.763552714722222,3.421,0.763512121666667,3.421
0.763791069444444,3.421,0.763830545,3.421,0.763790147222222,3.421
0.764068951944444,3.421,0.764108550277778,3.421,0.76406833,3.421
0.764346588055556,3.421,0.764386026111111,3.421,0.764346295,3.421
0.764624434722222,3.421,0.764664128611111,3.421,0.764623939722222,3.421
0.764902526388889,3.421,0.764941939444444,3.421,0.764901604166667,3.421
0.765180414444444,3.421,0.765219374722222,3.421,0.765179333888889,3.421
0.765458475555556,3.421,0.765497463888889,3.421,0.765457569444444,3.421
0.765736271666667,3.421,0.765775530277778,3.421,0.765735387222222,3.421
0.766013941666667,3.421,0.766053478888889,3.421,0.766012963611111,3.421
0.766291670555555,3.421,0.766331249444444,3.421,0.766291018333333,3.421
0.766570173333333,3.421,0.766609143888889,3.421,0.766569142777778,3.421
0.766847653055556,3.421,0.766886781388889,3.421,0.766846800833333,3.421
0.767125766388889,3.421,0.767164806944444,3.421,0.767124510555556,3.421
0.767403715277778,3.421,0.767442295,3.421,0.767402655,3.421
0.767681273611111,3.421,0.7677199875,3.421,0.767680353333333,3.421
0.767959179722222,3.421,0.767998040277778,3.421,0.767958147222222,3.421
0.768237131111111,3.421,0.768276101666667,3.421,0.768235970277778,3.421
0.768514952777778,3.421,0.768553894722222,3.421,0.768514032222222,3.421
0.768793045833333,3.411,0.768832283888889,3.421,0.768792236111111,3.421
0.769070983888889,3.421,0.769110101388889,3.421,0.769070086388889,3.421
0.769349072222222,3.421,0.769387710833333,3.421,0.769347979722222,3.421
0.769626785,3.421,0.769665696666667,3.421,0.769626254166667,3.421
0.769904288888889,3.421,0.769943487222222,3.421,0.769904016666667,3.421
0.770182448333333,3.421,0.770221591666667,3.421,0.770182034444444,3.421
0.770460416111111,3.421,0.770499571666667,3.421,0.770459858055556,3.421
0.770737997222222,3.421,0.770777386388889,3.421,0.770737981666667,3.421
0.771015776388889,3.421,0.771055194722222,3.421,0.771015983611111,3.421
0.771293443611111,3.421,0.771333335,3.421,0.771293821111111,3.421
0.771571076944444,3.421,0.771611020833333,3.421,0.771571641666667,3.421
0.771849249722222,3.421,0.771888970277778,3.421,0.771849525277778,3.421
0.772126894444444,3.421,0.772166837222222,3.421,0.772127269722222,3.421
0.772404705833333,3.421,0.772444705277778,3.421,0.772405208611111,3.421
0.772682634722222,3.421,0.772722387222222,3.421,0.772683349166667,3.421
0.772960233888889,3.421,0.773000046111111,3.421,0.772961328333333,3.421
0.773238373333333,3.421,0.773277896111111,3.421,0.773239408888889,3.421
0.773515836111111,3.421,0.773555851111111,3.421,0.773517443888889,3.421
0.773793779722222,3.421,0.773833483055556,3.421,0.773794753611111,3.421
0.774071529166667,3.421,0.774111153333333,3.421,0.774072995,3.421
0.774349718611111,3.421,0.774389218888889,3.421,0.774350576388889,3.421
0.7746275825,3.421,0.7746671625,3.421,0.774628318055556,3.421
0.774905080277778,3.421,0.774945077777778,3.421,0.7749062275,3.421
0.775183029444445,3.421,0.775222888611111,3.421,0.775183806666667,3.421
0.775461281111111,3.421,0.775500645277778,3.421,0.7754616175,3.421
0.775738902222222,3.421,0.775778374722222,3.421,0.77573965,3.421
0.776016755,3.421,0.776056385277778,3.421,0.776017606111111,3.421
0.776294461944444,3.421,0.776334321111111,3.421,0.776295223055556,3.421
0.776572370555556,3.421,0.776611993611111,3.421,0.776573121111111,3.421
0.776850371666667,3.421,0.776889576944444,3.421,0.776850825277778,3.421
0.777127985833333,3.421,0.777167774722222,3.421,0.777129053888889,3.421
0.777406004166667,3.421,0.777445359444444,3.421,0.777406666388889,3.421
0.777683855277778,3.421,0.777723630833333,3.421,0.777684790277778,3.421
0.777962059722222,3.421,0.778001646944445,3.421,0.777962479722222,3.421
0.778239556111111,3.421,0.778279083611111,3.421,0.778240529166667,3.421
0.778517636944444,3.421,0.778557327777778,3.421,0.778518548333333,3.421
0.778795244166667,3.421,0.778835516111111,3.421,0.778796488888889,3.421
0.779072756388889,3.421,0.779113273055556,3.421,0.779074862222222,3.421
0.7793505825,3.421,0.779391000277778,3.421,0.779352605,3.421
0.779628871944444,3.421,0.779669102222222,3.421,0.779630193888889,3.421
0.779906353611111,3.421,0.779947007222222,3.421,0.779907876388889,3.421
0.780184583055556,3.421,0.7802248975,3.421,0.780185855555556,3.421
0.780462342777778,3.421,0.780502853888889,3.421,0.780463722777778,3.421
0.7807402675,3.421,0.780780837777778,3.421,0.780741605277778,3.421
0.781018208333333,3.421,0.781058485,3.421,0.781019455555556,3.421
0.781296341944444,3.421,0.781336191944444,3.421,0.781297337777778,3.421
0.781574320277778,3.421,0.781614536111111,3.421,0.781575028333333,3.421
0.781852105277778,3.421,0.781892128333333,3.421,0.781852841666667,3.421
0.7821301425,3.421,0.782170060555556,3.421,0.782130748333333,3.421
0.782407678333333,3.421,0.782448103888889,3.421,0.7824085225,3.421
0.78268577,3.421,0.782726239166667,3.421,0.782686088888889,3.421
0.782963628611111,3.421,0.783004085,3.421,0.782963880277778,3.421
0.783241550555556,3.421,0.783281931388889,3.421,0.783241731111111,3.421
0.783519341944445,3.421,0.7835597625,3.421,0.783519486111111,3.421
0.783797440277778,3.421,0.783837395555556,3.421,0.783797615555556,3.421
0.784075259722222,3.421,0.784115516666667,3.421,0.784075583888889,3.421
0.78435301,3.421,0.784393584166667,3.421,0.784353322777778,3.421
0.784630875277778,3.421,0.784671594722222,3.421,0.784631129722222,3.421
0.784908683888889,3.421,0.784949108888889,3.421,0.784909263055556,3.421
0.785186815833333,3.421,0.785226886388889,3.421,0.785187092777778,3.421
0.785464166944445,3.421,0.785505156944444,3.421,0.7854649025,3.421
0.7857423125,3.421,0.785783178611111,3.421,0.785742599722222,3.421
0.786019929444444,3.421,0.786060735,3.421,0.786020626944445,3.421
0.786297806111111,3.421,0.786338862777778,3.421,0.786298457222222,3.421
0.786575791666667,3.421,0.786616461944444,3.421,0.786576530555556,3.421
0.786853818888889,3.421,0.786894299166667,3.421,0.786854156944444,3.421
0.787131413611111,3.421,0.787172189444444,3.421,0.787131906944444,3.421
0.787409202222222,3.421,0.787450064722222,3.421,0.787409881111111,3.421
0.7876869575,3.421,0.787728116944444,3.421,0.787688107222222,3.421
0.787964750277778,3.421,0.788005925,3.421,0.7879661775,3.421
0.788242566666667,3.421,0.788283537777778,3.421,0.788244086944444,3.421
0.788520058611111,3.421,0.788561373055556,3.421,0.788522119722222,3.421
0.788797755555556,3.421,0.788839809444445,3.421,0.788800037222222,3.421
0.789075803055556,3.421,0.789117696388889,3.421,0.789077466944444,3.421
0.789353793055556,3.421,0.789395506111111,3.421,0.789355444166667,3.421
0.789631415555556,3.421,0.789673220833333,3.421,0.7896334025,3.421
0.789909528333333,3.421,0.789951115,3.421,0.789910906111111,3.421
0.790187454166667,3.421,0.790228535277778,3.421,0.790188913055556,3.421
0.790465499444445,3.421,0.7905065475,3.421,0.790466695,3.421
0.7907434275,3.421,0.790784288888889,3.421,0.790744517222222,3.421
0.791021368055556,3.421,0.791062215,3.421,0.791022475833333,3.421
0.791298903055556,3.421,0.791340283888889,3.421,0.791300738333333,3.421
0.791576658611111,3.421,0.791618206388889,3.421,0.7915783475,3.421
0.791855094444444,3.421,0.791895883055556,3.421,0.791855994166667,3.421
0.792132676944444,3.421,0.792173878333333,3.421,0.792133891111111,3.421
0.792410765277778,3.421,0.792451600555556,3.421,0.792411793333333,3.421
0.792688553333333,3.421,0.792729493055556,3.421,0.792689814444444,3.421
0.792966681111111,3.421,0.793007105833333,3.421,0.792967706111111,3.421
0.793244566388889,3.421,0.793285197777778,3.421,0.7932454025,3.421
0.793522269444444,3.421,0.793562923888889,3.421,0.793523553611111,3.421
0.793800041944444,3.421,0.793841299444444,3.421,0.793801115833333,3.421
0.794077920555556,3.421,0.794118975,3.421,0.794079147222222,3.421
0.794355587222222,3.421,0.794396596944444,3.421,0.794357113888889,3.421
0.794633778333333,3.421,0.794674781944445,3.421,0.794635019166667,3.421
0.794911321388889,3.421,0.794952385277778,3.421,0.794912493888889,3.421
0.795189136111111,3.421,0.795230653611111,3.421,0.795190763333333,3.421
0.795467216666667,3.421,0.795508322777778,3.421,0.795468758055556,3.421
0.795745278333333,3.421,0.795786529722222,3.421,0.795746308888889,3.421
0.796023084166667,3.421,0.796064201666667,3.421,0.796024253055556,3.421
0.796300811111111,3.421,0.796342113055556,3.421,0.796301951388889,3.421
0.796578347777778,3.421,0.796619951944444,3.421,0.796579486944444,3.421
0.796856479166667,3.421,0.796897775277778,3.421,0.7968576975,3.421
0.797134188333333,3.421,0.797175625833333,3.421,0.7971352125,3.421
0.797412137222222,3.421,0.797453363888889,3.421,0.797413086666667,3.421
0.797689983055556,3.421,0.797731231944444,3.421,0.797691098888889,3.421
0.797967451944445,3.421,0.798009055555556,3.421,0.797969204722222,3.421
0.798245504444445,3.421,0.798287227222222,3.421,0.798247231944444,3.421
0.798523577777778,3.421,0.798565021666667,3.421,0.798524810555556,3.421
0.798801375,3.421,0.798842900833333,3.421,0.798802545277778,3.421
0.799078915555556,3.421,0.799120987222222,3.421,0.799080513611111,3.421
0.799356756111111,3.421,0.799399206666667,3.421,0.799358774722222,3.421
0.799634931388889,3.421,0.799676854722222,3.421,0.799636572777778,3.421
0.799912477222222,3.421,0.799954656111111,3.421,0.799914351944444,3.421
0.8001903425,3.421,0.800232407222222,3.421,0.800192317222222,3.421
0.800468257777778,3.421,0.800509865833333,3.421,0.800469893055556,3.421
0.800745958888889,3.421,0.800787890555556,3.421,0.800747982222222,3.421
0.801024025277778,3.421,0.801066156388889,3.421,0.801025686666667,3.421
0.801301705833333,3.421,0.801344193611111,3.421,0.801303309722222,3.421
0.8015794575,3.421,0.8016219,3.421,0.801581273888889,3.421
0.801857500555556,3.421,0.801899890277778,3.421,0.801859214444444,3.421
0.802135396666667,3.421,0.802177566388889,3.421,0.802137005833333,3.421
0.802413546388889,3.421,0.802455505833333,3.421,0.802415212777778,3.421
0.802691096666667,3.421,0.802733483611111,3.421,0.802692833888889,3.421
0.802969287777778,3.421,0.803011226944444,3.421,0.802970985833333,3.421
0.803246759166667,3.421,0.803288751666667,3.421,0.8032484125,3.421
0.8035247375,3.421,0.803567153611111,3.421,0.803526769166667,3.421
0.803802500833333,3.421,0.8038450075,3.421,0.803804531666667,3.421
0.804080385555555,3.421,0.804123101111111,3.421,0.804082404444444,3.421
0.804358380833333,3.421,0.80440102,3.421,0.8043599525,3.421
0.804636461666667,3.421,0.804679131944444,3.421,0.804637933055556,3.421
0.8049146875,3.421,0.8049569175,3.421,0.804915621944444,3.421
0.805192107222222,3.421,0.805234736666667,3.421,0.805193295833333,3.421
0.805470249444444,3.421,0.805512548333333,3.421,0.805471416111111,3.421
0.805748059722222,3.421,0.8057900475,3.421,0.805749332777778,3.421
0.806026108333333,3.421,0.806067928611111,3.421,0.806026929444444,3.421
0.806303731666667,3.421,0.806345506944444,3.421,0.806304581111111,3.421
0.806581404722222,3.421,0.806623711944444,3.421,0.806582665277778,3.421
0.806859719722222,3.421,0.806901070277778,3.421,0.806860531111111,3.421
0.807137219166667,3.421,0.807179006111111,3.421,0.807138310555556,3.421
0.807415437222222,3.421,0.8074570575,3.421,0.807416346666667,3.421
0.807693461944444,3.421,0.807734682777778,3.421,0.807694336388889,3.421
0.807971153055556,3.421,0.808012891388889,3.421,0.807972201666667,3.421
0.808248697777778,3.421,0.808290903055556,3.421,0.808250232222222,3.421
0.808526650833333,3.421,0.808568531388889,3.421,0.808527848611111,3.421
0.808804233055556,3.421,0.808846739166667,3.421,0.808805513888889,3.421
0.809081902222222,3.421,0.809124831388889,3.421,0.809083563333333,3.421
0.809360128333333,3.421,0.809402405833333,3.421,0.809361151388889,3.421
0.809638053611111,3.421,0.809680363888889,3.421,0.809639350833333,3.421
0.809915841666667,3.421,0.809958036944444,3.421,0.809916717222222,3.421
0.810193837222222,3.421,0.810236257777778,3.421,0.810194485833333,3.421
0.810471886944444,3.421,0.810514179722222,3.421,0.810472527222222,3.421
0.810750163333333,3.421,0.810791566111111,3.421,0.810749980833333,3.421
0.811027664166667,3.421,0.8110696425,3.421,0.811027991111111,3.421
0.811305676111111,3.421,0.811347538333333,3.421,0.811305802777778,3.421
0.81158336,3.421,0.811625628055556,3.421,0.811583855,3.421
0.811860805555556,3.421,0.811903415833333,3.421,0.811861715277778,3.421
0.812138903055555,3.421,0.812180821388889,3.421,0.812139545277778,3.421
0.812416446944444,3.421,0.812459155,3.421,0.812417294166667,3.421
0.812694710555556,3.421,0.812737073888889,3.421,0.812695293055556,3.421
0.812972584722222,3.421,0.813014846944444,3.421,0.8129733975,3.421
0.813249968055556,3.421,0.813292823611111,3.421,0.813251291944444,3.421
0.813528512777778,3.421,0.813570748055556,3.421,0.813529636666667,3.421
0.813806179722222,3.421,0.813848404444445,3.421,0.813806968055556,3.421
0.814083821388889,3.421,0.814126453055556,3.421,0.814085085,3.421
0.814361696111111,3.421,0.814404051388889,3.421,0.814362481944444,3.421
0.814639251388889,3.421,0.814681513888889,3.421,0.814640691944444,3.421
0.814916995555556,3.421,0.814959671944445,3.421,0.814918653611111,3.421
0.815194696388889,3.421,0.815237775,3.421,0.815196605,3.421
0.815473014166667,3.421,0.81551536,3.421,0.815474565555556,3.421
0.815750966666667,3.421,0.815793233333333,3.421,0.815751944166667,3.421
0.816028801111111,3.421,0.816071019166667,3.421,0.816030043333333,3.421
0.816306525,3.421,0.816348843611111,3.421,0.816307640833333,3.421
0.816584668888889,3.421,0.816626506944444,3.421,0.816585317222222,3.431
0.816862575,3.421,0.816904409722222,3.421,0.816863565,3.421
0.817140626111111,3.421,0.817182053611111,3.421,0.817141309166667,3.421
0.817418165,3.421,0.817459948055556,3.421,0.817419143333333,3.421
0.817696100833333,3.421,0.817737773055556,3.421,0.81769699,3.421
0.817974091666667,3.421,0.818015892222222,3.421,0.817974954444444,3.421
0.818251826944444,3.421,0.818293744722222,3.421,0.818253048333333,3.421
0.818529590555556,3.421,0.818571680555556,3.421,0.818530587222222,3.421
0.818807405,3.421,0.818849298055556,3.421,0.818808552777778,3.421
0.819085146666667,3.421,0.819127409444445,3.421,0.819086428888889,3.421
0.819362914166667,3.421,0.819404922222222,3.421,0.819364100833333,3.421
0.819640883055556,3.421,0.819683044722222,3.421,0.8196417725,3.421
0.819918416666667,3.421,0.819961295,3.421,0.819919648888889,3.431
0.820196505277778,3.421,0.820239191388889,3.421,0.8201974875,3.421
0.820474257777778,3.421,0.820516656944444,3.421,0.8204750375,3.421
0.820752366666667,3.421,0.820794491111111,3.421,0.8207532175,3.421
0.821029726944445,3.421,0.8210726,3.421,0.821031288888889,3.421
0.821307463333333,3.421,0.821350400555556,3.421,0.821309148333333,3.421
0.821585676388889,3.421,0.82162812,3.421,0.821587139166667,3.421
0.821864026388889,3.421,0.821906370277778,3.421,0.821864739166667,3.421
0.822141735,3.421,0.822184495555556,3.421,0.8221428525,3.421
0.822419565555556,3.421,0.822462068055556,3.421,0.822420607222222,3.431
0.822697295,3.421,0.822740028055556,3.421,0.822698496388889,3.421
0.822975055,3.421,0.823017718333333,3.421,0.822976075555556,3.421
0.823252944444444,3.421,0.823295580555556,3.421,0.823254011111111,3.431
0.823530868888889,3.421,0.823573195277778,3.421,0.823531371388889,3.421
0.823808291666667,3.421,0.823850961388889,3.421,0.823809696111111,3.421
0.824086300277778,3.421,0.824128740833333,3.421,0.824087733611111,3.421
0.824363844722222,3.421,0.824406994722222,3.421,0.824365648055556,3.421
0.824642096388889,3.421,0.824684560277778,3.421,0.824643059166667,3.421
0.824919794166667,3.421,0.824962529444444,3.421,0.824921121666667,3.421
0.825197728888889,3.421,0.825240601666667,3.421,0.825199273055556,3.421
0.825475480555556,3.421,0.8255182475,3.421,0.825477193611111,3.421
0.8257535425,3.421,0.825795989166667,3.421,0.825755049444444,3.421
0.826031571666667,3.421,0.826073868055556,3.421,0.826032705277778,3.421
0.826309151388889,3.421,0.826351245555556,3.421,0.826310668611111,3.421
0.826587073055556,3.421,0.826629444166667,3.421,0.826588525277778,3.421
0.826865183888889,3.421,0.826907135555556,3.421,0.826866048055556,3.421
0.827142753055556,3.421,0.827184662222222,3.421,0.827143851111111,3.421
0.827420814444444,3.421,0.827462698055556,3.421,0.827421409722222,3.421
0.827698871666667,3.421,0.827740262222222,3.421,0.827699510555556,3.421
0.827976756111111,3.421,0.828018470277778,3.421,0.827977099444444,3.421
0.828254613055555,3.421,0.828296284722222,3.421,0.828255123888889,3.421
0.828532964722222,3.421,0.828574058888889,3.421,0.8285332275,3.421
0.828810756944445,3.421,0.828851563055556,3.421,0.828810758333333,3.421
0.829088286388889,3.421,0.829129620277778,3.421,0.829088865555556,3.421
0.829366118611111,3.421,0.82940813,3.421,0.8293667875,3.421
0.829643886111111,3.421,0.829686189722222,3.421,0.829644735,3.421
0.829921968611111,3.421,0.829963839722222,3.421,0.829922704722222,3.421
0.830199700555556,3.421,0.830241876111111,3.421,0.830200658611111,3.431
0.830478136111111,3.421,0.830520013611111,3.421,0.830478341666667,3.421
0.830756229444444,3.421,0.830797427222222,3.421,0.8307560875,3.421
0.831034042222222,3.421,0.831075747777778,3.421,0.831033960833333,3.421
0.831311888888889,3.421,0.8313534475,3.421,0.831311818888889,3.421
0.831589847777778,3.421,0.831631408333333,3.421,0.831589700277778,3.421
0.831867175555556,3.421,0.831908980555556,3.421,0.831867603333333,3.421
0.832145715277778,3.421,0.832186566944444,3.421,0.832145139166667,3.421
0.832423402222222,3.421,0.832464369444444,3.421,0.832423218888889,3.431
0.832701394722222,3.421,0.832742782777778,3.421,0.832701047777778,3.431
0.832979245277778,3.421,0.833020915,3.421,0.832978796388889,3.431
0.833257069722222,3.421,0.833299151666667,3.421,0.833256541944444,3.421
0.833534819166667,3.421,0.833576557777778,3.421,0.8335341175,3.421
0.833812882222222,3.421,0.833854798333333,3.421,0.833812201111111,3.421
0.834090765277778,3.421,0.834132565,3.421,0.834089826944444,3.421
0.834368735,3.421,0.834410774722222,3.421,0.834367925,3.421
0.834646629444444,3.421,0.834688578611111,3.421,0.834645539444444,3.421
0.834924416111111,3.421,0.834966296666667,3.421,0.8349236475,3.421
0.835202195,3.421,0.835243813055556,3.421,0.835201729444444,3.421
0.83548043,3.421,0.835521897222222,3.421,0.835479675833333,3.431
0.835758193611111,3.421,0.835799606111111,3.421,0.835758048055556,3.431
0.836035777222222,3.421,0.836077654722222,3.421,0.836036033333333,3.421
0.836313635,3.421,0.836355496388889,3.421,0.836313541388889,3.421
0.836591196111111,3.421,0.836633666111111,3.421,0.836591194166667,3.421
0.836869270833333,3.421,0.836911625277778,3.421,0.836869225,3.421
0.837147176944444,3.421,0.837189790277778,3.421,0.837147460555556,3.421
0.83742477,3.421,0.837467626111111,3.421,0.837424890555555,3.421
0.837702712777778,3.421,0.837745638055556,3.421,0.837702698611111,3.421
0.837980530833333,3.421,0.838023503888889,3.421,0.8379806725,3.421
0.838258755555556,3.421,0.838301357222222,3.421,0.838258559444444,3.421
0.838536341111111,3.421,0.838579287777778,3.421,0.838536267222222,3.421
0.838814609444444,3.421,0.838856865277778,3.421,0.8388139425,3.421
0.839092664166667,3.421,0.839134693333333,3.421,0.839091710277778,3.421
0.839369989722222,3.421,0.839412185833333,3.421,0.839369585,3.421
0.839648002777778,3.421,0.839690338333333,3.421,0.839647458611111,3.421
0.839925703333333,3.421,0.839968399166667,3.421,0.839925189444444,3.421
0.840204053888889,3.421,0.840245989444444,3.421,0.840203541944444,3.421
0.840481376111111,3.421,0.840523846111111,3.421,0.840480816666667,3.431
0.840759519722222,3.421,0.840801719722222,3.421,0.840758924166667,3.431
0.841037194166667,3.421,0.841079719166667,3.421,0.841036530833333,3.421
0.841315773888889,3.421,0.841357326666667,3.421,0.841314692777778,3.431
0.841593360277778,3.421,0.841635280555556,3.421,0.841592600277778,3.421
0.841871000833333,3.421,0.841913198333333,3.421,0.841870323611111,3.431
0.842148658888889,3.421,0.842191510555556,3.421,0.842148240555556,3.431
0.842426697777778,3.421,0.842469334166667,3.421,0.842425959722222,3.421
0.842704456388889,3.421,0.842747067222222,3.421,0.842703698611111,3.421
0.842982230833333,3.421,0.843025290277778,3.421,0.8429814775,3.431
0.843260054166667,3.421,0.843303071944444,3.421,0.843259398333333,3.421
0.8435382275,3.421,0.843580950555556,3.421,0.843537169166667,3.421
0.843816038333333,3.421,0.843858991944444,3.421,0.843815016111111,3.421
0.844093690277778,3.421,0.844136741944444,3.421,0.844092769722222,3.431
0.844371460555556,3.421,0.844414502222222,3.421,0.844370639444444,3.421
0.844649627222222,3.421,0.844691900277778,3.421,0.844648224444444,3.431
0.844927086388889,3.421,0.844969785,3.421,0.844926168611111,3.431
0.845204919166667,3.421,0.845247849722222,3.421,0.845204230277778,3.431
0.845482886666667,3.421,0.845525438888889,3.421,0.845482038055556,3.421
0.845760911388889,3.421,0.845803319444445,3.421,0.845759731666667,3.421
0.846038818611111,3.421,0.846081329722222,3.421,0.846037805833333,3.421
0.846316351666667,3.421,0.846359047222222,3.421,0.846315363888889,3.421
0.846594865,3.421,0.846637003333333,3.421,0.846593580555556,3.431
0.846872473888889,3.421,0.846914586666667,3.421,0.846871783055556,3.431
0.847150286944444,3.421,0.847192611111111,3.421,0.847149676944444,3.421
0.847428288333333,3.421,0.847470446666667,3.421,0.847427613611111,3.431
0.847706185277778,3.421,0.847748338333333,3.421,0.847705386666667,3.431
0.847983616388889,3.421,0.848025822777778,3.421,0.847983159722222,3.431
0.848261693888889,3.421,0.848304008333333,3.421,0.848261105277778,3.431
0.848539201944444,3.421,0.848581478611111,3.421,0.848538878888889,3.431
0.848817690833333,3.421,0.848859484722222,3.421,0.848816675,3.421
0.849095263333333,3.421,0.849137337222222,3.421,0.84909456,3.431
0.849373554166667,3.421,0.849415550555556,3.421,0.849372345,3.421
0.849651665277778,3.421,0.849693308055556,3.421,0.849650379444445,3.421
0.849929568055556,3.421,0.849971178888889,3.421,0.849927878055556,3.421
0.850207298611111,3.421,0.850249166666667,3.421,0.850206234444444,3.421
0.850484779722222,3.421,0.850526935,3.421,0.850484051666667,3.431
0.850763241666667,3.421,0.850804775833333,3.421,0.850762171666667,3.431
0.8510409875,3.421,0.851083139166667,3.421,0.851039679166667,3.421
0.851318798611111,3.421,0.851360811944444,3.421,0.8513174775,3.421
0.851596079444444,3.421,0.851638775833333,3.421,0.851594968888889,3.421
0.851874129722222,3.421,0.851916606666667,3.421,0.851872783333333,3.421
0.852151931111111,3.421,0.852194109444445,3.421,0.852150969722222,3.421
0.852430006944444,3.421,0.852472484444444,3.421,0.852429044166667,3.421
0.852707529166667,3.421,0.852750116944444,3.421,0.85270685,3.431
0.852985489722222,3.421,0.853028074722222,3.421,0.852984695,3.421
0.853263098055555,3.421,0.853305697777778,3.421,0.8532629675,3.421
0.853541374166667,3.421,0.853583568055556,3.421,0.853540504166667,3.421
0.853818859166667,3.421,0.853861295555555,3.421,0.853818790833333,3.421
0.854097093055556,3.421,0.854139059166667,3.421,0.854096155555556,3.421
0.854374701111111,3.421,0.854417218333333,3.421,0.8543744725,3.421
0.854652859722222,3.421,0.854695253888889,3.421,0.854652169722222,3.431
0.85493097,3.421,0.854973170555556,3.421,0.854929953888889,3.431
0.855209096944444,3.421,0.855251051666667,3.421,0.855208094166667,3.431
0.855487406944444,3.421,0.855529005,3.421,0.855485916111111,3.421
0.855765182222222,3.421,0.855806834722222,3.421,0.855763568333333,3.431
0.856043051388889,3.421,0.856084578055556,3.421,0.856041416388889,3.431
0.856320610833333,3.421,0.856362606944444,3.421,0.85631922,3.431
0.856598804166667,3.421,0.856640735,3.421,0.856597192222222,3.421
0.856877087222222,3.421,0.856918967222222,3.421,0.856875120555556,3.421
0.857154904166667,3.421,0.857196530555556,3.421,0.857152666666667,3.431
0.857432631111111,3.421,0.857474319166667,3.421,0.857430584444445,3.421
0.857710382777778,3.421,0.857752271666667,3.421,0.857708381666667,3.431
0.857988538333333,3.421,0.858030080555556,3.421,0.857986193611111,3.431
0.858266331388889,3.421,0.858307503611111,3.421,0.858263934166667,3.431
0.85854439,3.421,0.858585121388889,3.421,0.858541651111111,3.431
0.858822460833333,3.421,0.858863236944445,3.421,0.858819411388889,3.421
0.859100195277778,3.421,0.859141394166667,3.421,0.859097187777778,3.431
0.859378335,3.421,0.859419308611111,3.421,0.859375138611111,3.431
0.859655506111111,3.421,0.859696843055555,3.421,0.859652468611111,3.431
0.859934095555556,3.421,0.859974573333333,3.421,0.859930765,3.421
0.860211715833333,3.421,0.860252866111111,3.421,0.8602090625,3.421
0.860489441666667,3.421,0.860530713333333,3.421,0.860486872222222,3.421
0.860767156666667,3.421,0.860808329166667,3.421,0.860764431388889,3.431
0.861045055555556,3.421,0.8610865075,3.421,0.861041926111111,3.431
0.861322817777778,3.421,0.861364127222222,3.421,0.861319985277778,3.421
0.861600526111111,3.421,0.861641990277778,3.421,0.861598063333333,3.431
0.861878973055555,3.421,0.861919911944444,3.421,0.861875970833333,3.421
0.862156908611111,3.421,0.86219741,3.421,0.8621540525,3.431
0.862434933333333,3.421,0.862475561666667,3.421,0.862431755,3.421
0.862712778333333,3.421,0.862753267222222,3.421,0.862709642777778,3.421
0.862990630833333,3.421,0.863031042777778,3.421,0.862987481944444,3.431
0.863268770555556,3.421,0.863309278055555,3.421,0.863265565555556,3.431
0.863546608611111,3.421,0.863586866111111,3.421,0.863543483333333,3.431
0.863824460555556,3.421,0.863864733611111,3.421,0.863821168611111,3.421
0.864102008055556,3.421,0.86414266,3.421,0.864099,3.421
0.864379923055556,3.421,0.864420608611111,3.421,0.864376868611111,3.431
0.864657744722222,3.421,0.864698551388889,3.421,0.8646547975,3.431
0.864935781944444,3.421,0.864976285833333,3.421,0.864932188333333,3.421
0.865213591944444,3.421,0.865254140833333,3.421,0.865210544722222,3.431
0.865491545277778,3.421,0.865531941944444,3.421,0.865488932777778,3.431
0.865769138611111,3.421,0.865810042777778,3.421,0.865766738888889,3.431
0.866046933333333,3.421,0.866087495555556,3.421,0.8660445675,3.431
0.866324866388889,3.421,0.866365626388889,3.421,0.866322209166667,3.421
0.866602655833333,3.421,0.8666439225,3.421,0.866600233888889,3.431
0.866880255277778,3.421,0.866921860277778,3.421,0.8668778075,3.431
0.867158408611111,3.421,0.867199577777778,3.421,0.867156025833333,3.431
0.867436743055556,3.421,0.867477376111111,3.421,0.867433727222222,3.421
0.86771458,3.421,0.867755327777778,3.421,0.867711765277778,3.431
0.867992161388889,3.421,0.868033319166667,3.421,0.867989689722222,3.431
0.868269999444444,3.421,0.868311128611111,3.421,0.868267565555556,3.421
0.868547811388889,3.421,0.868589008055556,3.421,0.868545568888889,3.431
0.868825471666667,3.421,0.868866797222222,3.421,0.868823216388889,3.431
0.869103784166667,3.421,0.869144856388889,3.421,0.869100925277778,3.431
0.869381570277778,3.421,0.869422630277778,3.421,0.869378686111111,3.431
0.869659428333333,3.421,0.869700370277778,3.421,0.869656454166667,3.431
0.869936994722222,3.421,0.869978664166667,3.421,0.869934170555556,3.421
0.870215165833333,3.421,0.870256434166667,3.421,0.870212113888889,3.431
0.870492565277778,3.421,0.870534029444444,3.421,0.8704898625,3.431
0.870770955555556,3.421,0.870811779444444,3.421,0.870767658055556,3.431
0.871048594166667,3.421,0.871089985,3.421,0.871045287777778,3.431
0.871326546388889,3.421,0.871367419166667,3.421,0.871323223333333,3.431
0.87160431,3.421,0.871645606388889,3.421,0.871601070277778,3.431
0.8718822825,3.421,0.871924004722222,3.421,0.871879339722222,3.431
0.872159915,3.421,0.872201798611111,3.421,0.872156953611111,3.431
0.872437637777778,3.421,0.872479739444444,3.431,0.872434753888889,3.421
0.872715619444444,3.421,0.872757215,3.421,0.872712763888889,3.431
0.8729935425,3.421,0.873035314166667,3.421,0.872990540555556,3.431
0.873271316388889,3.421,0.873313265833333,3.421,0.873268732222222,3.431
0.873549203611111,3.421,0.873591116944444,3.421,0.873546261944445,3.431
0.873826786388889,3.421,0.873869173888889,3.421,0.873824291388889,3.431
0.874104660833333,3.421,0.874147151666667,3.421,0.874102148333333,3.431
0.874382592777778,3.421,0.874424970555556,3.421,0.874379934166667,3.431
0.874660345277778,3.421,0.874702645555556,3.421,0.874657623055556,3.431
0.874938175277778,3.421,0.8749808825,3.421,0.874935475277778,3.431
0.875216048055556,3.421,0.875259037222222,3.421,0.875213240555556,3.431
0.875493713611111,3.421,0.875536911388889,3.421,0.875490655,3.431
0.875771568055556,3.421,0.875814682222222,3.421,0.875768819722222,3.431
0.876048865277778,3.421,0.8760926125,3.421,0.876046548611111,3.431
0.8763270975,3.421,0.876370176944444,3.421,0.876324226666667,3.431
0.876604424722222,3.421,0.876648202777778,3.421,0.876601971111111,3.431
0.8768826725,3.421,0.876926136666667,3.421,0.876880169444444,3.431
0.877160401666667,3.421,0.8772037375,3.421,0.877157795277778,3.431
0.877438123888889,3.421,0.877481621944444,3.421,0.8774360025,3.431
0.877716042777778,3.421,0.877759238611111,3.421,0.877713595,3.421
0.877993914722222,3.421,0.878037165833333,3.421,0.877991834444444,3.431
0.878271793888889,3.421,0.878314894722222,3.421,0.878269421388889,3.431
0.878549586388889,3.421,0.878592664166667,3.431,0.8785473425,3.431
0.878827646111111,3.421,0.878870316944444,3.421,0.878825335277778,3.431
0.879105335833333,3.421,0.879148202222222,3.421,0.879103154444445,3.431
0.879383080277778,3.421,0.879426051111111,3.421,0.879381086111111,3.421
0.879660743611111,3.421,0.879703966111111,3.421,0.879659029722222,3.431
0.879938601944445,3.421,0.879981700555556,3.421,0.879936629166667,3.431
0.880216819444444,3.421,0.880259298888889,3.421,0.880214487777778,3.431
0.880494623888889,3.421,0.880536829722222,3.421,0.880491956111111,3.431
0.880772477777778,3.421,0.880815032222222,3.421,0.880770447222222,3.431
0.881050686666667,3.421,0.881092907777778,3.421,0.881047979722222,3.431
0.881328269444444,3.421,0.8813707625,3.421,0.881325966666667,3.431
0.881606489444445,3.421,0.881648878333333,3.421,0.881603995277778,3.431
0.881883929444444,3.421,0.881926804444444,3.421,0.881881851944444,3.431
0.882162145277778,3.421,0.882204986944444,3.421,0.882159236666667,3.431
0.882440080555556,3.421,0.882482670277778,3.421,0.882437210277778,3.431
0.882717496388889,3.421,0.8827606675,3.421,0.882715321388889,3.431
0.882995815555556,3.421,0.883038283055556,3.431,0.882993015277778,3.431
0.883273818055556,3.421,0.883316782777778,3.421,0.883270673055556,3.431
0.883551624722222,3.421,0.883594618888889,3.421,0.883548681111111,3.431
0.883829570833333,3.421,0.883872508888889,3.421,0.883826463888889,3.431
0.884107494722222,3.421,0.884149949444444,3.421,0.884104481111111,3.431
0.884385571666667,3.421,0.884427623611111,3.421,0.884382564166667,3.431
0.884663525833333,3.421,0.884705940277778,3.421,0.884660278888889,3.431
0.88494117,3.421,0.884983650277778,3.431,0.884938166944444,3.431
0.885219326944444,3.421,0.88526111,3.421,0.885216109722222,3.431
0.885497321388889,3.421,0.885539156388889,3.421,0.885494105,3.431
0.885775491111111,3.421,0.885817104444445,3.421,0.885771743333333,3.431
0.886053114166667,3.421,0.886095143333333,3.421,0.886050216111111,3.431
0.886331039444444,3.421,0.886372915277778,3.421,0.886327866388889,3.431
0.886608676111111,3.421,0.886650682777778,3.421,0.886606157222222,3.431
0.886886656388889,3.421,0.886928372222222,3.421,0.886883986944444,3.421
0.887164309722222,3.421,0.887206550277778,3.431,0.887161567777778,3.431
0.887442129722222,3.421,0.887484271944444,3.421,0.887439297222222,3.431
0.887719700555556,3.421,0.887762069722222,3.421,0.887717236388889,3.431
0.887997839444444,3.421,0.888039829722222,3.421,0.887995407222222,3.431
0.888275586111111,3.421,0.888317378611111,3.421,0.888273155555556,3.431
0.888553446111111,3.421,0.888595618055556,3.421,0.888550810277778,3.431
0.888831035277778,3.421,0.8888730925,3.421,0.888828826944444,3.431
0.889108904166667,3.421,0.889151215555556,3.421,0.889107019166667,3.421
0.889386825833333,3.421,0.889429019166667,3.421,0.889384828611111,3.431
0.889664626388889,3.421,0.889707355,3.421,0.8896629375,3.431
0.889942337222222,3.421,0.889985120555556,3.421,0.889941068611111,3.431
0.890220065277778,3.431,0.890263054722222,3.421,0.890219149722222,3.431
0.890498146388889,3.421,0.890541085277778,3.421,0.890496849166667,3.431
0.890776341388889,3.431,0.890819328333333,3.421,0.890774892222222,3.431
0.891054380277778,3.421,0.891097036666667,3.421,0.891052623055556,3.431
0.891332186944444,3.431,0.891375062222222,3.421,0.891330559722222,3.431
0.891610075,3.421,0.8916531275,3.421,0.891608363611111,3.431
0.891887734444444,3.421,0.891930743055556,3.421,0.891886162222222,3.431
0.892165803611111,3.421,0.892208366944444,3.421,0.892163836111111,3.431
0.892443658888889,3.421,0.892486387222222,3.421,0.892441778333333,3.431
0.892721865,3.421,0.892763809444444,3.421,0.892719553055556,3.431
0.892999684444444,3.421,0.893041992222222,3.421,0.892997139444444,3.431
0.893277570277778,3.421,0.893319646388889,3.421,0.893275023055556,3.431
0.893555710833333,3.421,0.893597622222222,3.421,0.893553121666667,3.431
0.893833374444444,3.421,0.893875473611111,3.421,0.893830711944444,3.431
0.894111456111111,3.421,0.894153301666667,3.421,0.894108535277778,3.431
0.894389199722222,3.431,0.894431139444445,3.421,0.894386156388889,3.431
0.894666997222222,3.421,0.894709215555556,3.421,0.894664323888889,3.431
0.894944825,3.421,0.894986981666667,3.421,0.894941752222222,3.431
0.895222921388889,3.421,0.895264700833333,3.421,0.895219725555556,3.431
0.895501075833333,3.421,0.895542685,3.421,0.895497456111111,3.431
0.895779042777778,3.421,0.895820655833333,3.421,0.895775398611111,3.431
0.896056774166667,3.421,0.896098281944444,3.421,0.896053036944444,3.431
0.896334420277778,3.421,0.896376273055556,3.421,0.896331236944444,3.431
0.896612536944444,3.421,0.8966539775,3.421,0.896609180277778,3.431
0.896890075,3.421,0.896931823888889,3.421,0.89688679,3.431
0.897168190833333,3.421,0.897209639722222,3.421,0.897164840833333,3.431
0.897445786944444,3.421,0.897487420277778,3.421,0.897442497777778,3.431
0.897723750277778,3.421,0.897765350277778,3.421,0.897720233333333,3.431
0.898001392222222,3.421,0.898042871111111,3.421,0.8979980875,3.431
0.898278960555556,3.421,0.898320730277778,3.431,0.898275924722222,3.431
0.898557108055556,3.421,0.898598561944444,3.431,0.898553849166667,3.431
0.898834730555556,3.421,0.898876580833333,3.421,0.898831573611111,3.431
0.899112969722222,3.431,0.899154619166667,3.421,0.899108946944445,3.431
0.899390749444444,3.421,0.899432495,3.421,0.899387087777778,3.431
0.89966834,3.421,0.8997099425,3.421,0.8996648275,3.431
0.899946093333333,3.421,0.899987959166667,3.421,0.899942496666667,3.431
0.900224232777778,3.421,0.900265471111111,3.431,0.900220383611111,3.431
0.900501658611111,3.421,0.900543570833333,3.421,0.900497791111111,3.431
0.900779569722222,3.421,0.900821533611111,3.421,0.900775785277778,3.431
0.901057459166667,3.421,0.901099334722222,3.431,0.9010535775,3.431
0.901335465555556,3.421,0.901377001666667,3.421,0.901331379722222,3.431
0.90161365,3.421,0.901655006111111,3.421,0.901609308888889,3.431
0.901891374722222,3.421,0.901932563333333,3.421,0.901887028611111,3.431
0.902169202777778,3.421,0.902210291666667,3.421,0.902164826388889,3.431
0.902446995277778,3.421,0.902488402222222,3.431,0.902442644444444,3.431
0.902724691944444,3.421,0.902765975833333,3.421,0.902720828055556,3.431
0.903002233611111,3.421,0.903043760555556,3.421,0.902998765277778,3.431
0.903280299722222,3.421,0.90332153,3.421,0.903276803888889,3.431
0.903557906666667,3.421,0.903599951388889,3.421,0.903554784166667,3.431
0.903836061944444,3.431,0.903877903888889,3.421,0.903832670833333,3.431
0.904114018055556,3.421,0.904155743055555,3.421,0.904110754166667,3.431
0.904391797222222,3.431,0.904433511388889,3.421,0.904388563611111,3.431
0.904669148888889,3.421,0.904711296388889,3.431,0.904666650555556,3.431
0.904947570833333,3.421,0.904989321666667,3.421,0.904944285277778,3.431
0.905225371388889,3.421,0.9052671125,3.421,0.905222316111111,3.431
0.905503211944444,3.421,0.905544735,3.421,0.905499977777778,3.431
0.905781407222222,3.421,0.905822898055556,3.421,0.905778237222222,3.431
0.906059289444444,3.421,0.906100553055556,3.421,0.906056125277778,3.431
0.906337235555556,3.421,0.906378300833333,3.431,0.90633389,3.431
0.906615450833333,3.421,0.90665616,3.431,0.906611613888889,3.431
0.9068929425,3.421,0.906934218055556,3.421,0.9068891625,3.421
0.907170816944444,3.421,0.907212053611111,3.421,0.907167181666667,3.431
0.907449026111111,3.421,0.907490082777778,3.421,0.907445030555556,3.431
0.9077266975,3.421,0.907767827222222,3.421,0.907722506388889,3.431
0.908004854722222,3.421,0.908045421666667,3.421,0.908000687222222,3.431
0.908282326111111,3.421,0.908323579166667,3.421,0.908278725833333,3.431
0.908559959722222,3.421,0.908601271111111,3.431,0.908556415,3.431
0.908838165833333,3.421,0.908879360833333,3.421,0.908834106388889,3.431
0.909115854722222,3.421,0.909157221944444,3.421,0.909111691111111,3.431
0.909393705,3.421,0.909435091944444,3.421,0.909389684166667,3.431
0.909671785,3.421,0.909713343611111,3.421,0.909667450277778,3.431
0.909949165,3.421,0.9099910775,3.421,0.909945490833333,3.431
0.910227422777778,3.421,0.910268956666667,3.421,0.910223123888889,3.431
0.91050501,3.421,0.910546423888889,3.421,0.910501113888889,3.431
0.910782900555555,3.421,0.910824149166667,3.431,0.910779028888889,3.431
0.911060794722222,3.421,0.911102424166667,3.421,0.911056807222222,3.431
0.911338610277778,3.421,0.911380355,3.421,0.911334562222222,3.431
0.911616358611111,3.421,0.911657916666667,3.421,0.911612191111111,3.431
0.911894271666667,3.421,0.911935783611111,3.421,0.911890079444444,3.431
0.912172031944445,3.421,0.912213240555556,3.421,0.9121682225,3.431
0.912449708611111,3.421,0.912491704166667,3.421,0.912446010277778,3.431
0.912727803055556,3.421,0.912769466111111,3.421,0.9127238275,3.431
0.913005381666667,3.421,0.913047327777778,3.421,0.913001826944444,3.431
0.913283538611111,3.421,0.913325369444444,3.431,0.9132795175,3.431
0.913561126388889,3.421,0.913603395,3.431,0.91355754,3.431
0.913839276666667,3.421,0.913881459444444,3.421,0.913835507777778,3.431
0.914117662777778,3.421,0.9141591275,3.421,0.914113325277778,3.431
0.914395300277778,3.421,0.914436918611111,3.431,0.914391543055555,3.431
0.914673046666667,3.421,0.9147150475,3.421,0.914669311944444,3.431
0.914950768333333,3.421,0.914992991666667,3.421,0.914946995,3.431
0.915228485555556,3.431,0.915270980833333,3.421,0.915224706666667,3.431
0.915506450277778,3.421,0.915548950833333,3.421,0.915502665833333,3.431
0.915783935833333,3.421,0.915826544166667,3.421,0.915780107222222,3.421
0.916062146388889,3.421,0.916104398888889,3.421,0.916058415277778,3.431
0.916339928333333,3.421,0.916381806666667,3.421,0.916336326666667,3.431
0.916617986944444,3.421,0.916659643611111,3.431,0.916614005555555,3.431
0.916895780555556,3.421,0.916938095555555,3.421,0.916891743055556,3.431
0.917173369444444,3.421,0.917215894166667,3.421,0.917169671388889,3.431
0.917451704444444,3.421,0.917493803888889,3.421,0.917447200277778,3.431
0.917729451944444,3.421,0.917771571666667,3.431,0.917724961388889,3.431
0.918007184722222,3.421,0.918049407777778,3.431,0.918002777777778,3.431
0.918285051666667,3.421,0.918327396666667,3.421,0.918280438055556,3.431
0.918562925,3.431,0.918605386111111,3.431,0.918558373333333,3.431
0.918840830833333,3.431,0.918883117777778,3.421,0.918836108333333,3.431
0.919118336111111,3.421,0.9191608925,3.421,0.919113934166667,3.431
0.9193963925,3.431,0.919438614166667,3.421,0.919391914722222,3.431
0.919674531944444,3.421,0.9197165525,3.431,0.9196698275,3.431
0.919952251388889,3.421,0.919994309444444,3.421,0.919947536388889,3.431
0.920230036666667,3.421,0.920272254722222,3.431,0.920225100555556,3.431
0.920507854166667,3.421,0.920549849166667,3.431,0.920503322777778,3.431
0.920785437222222,3.421,0.920827749166667,3.421,0.920781320277778,3.431
0.921063236666667,3.421,0.921105745,3.421,0.921058804722222,3.431
0.921341279444444,3.421,0.921383400277778,3.421,0.921336721944444,3.431
0.921619108055556,3.421,0.921661274166667,3.421,0.921614434722222,3.431
0.92189696,3.421,0.921939123888889,3.431,0.921892324444444,3.431
0.922174989444444,3.421,0.922217091388889,3.421,0.922170253333333,3.431
0.922452653888889,3.421,0.922495130277778,3.421,0.922447836111111,3.431
0.922730549444445,3.421,0.922773016111111,3.431,0.922725938888889,3.431
0.923008708333333,3.431,0.923050823611111,3.421,0.923003945,3.431
0.923286101944444,3.421,0.923328606111111,3.431,0.923281646388889,3.431
0.923564290277778,3.421,0.923606358333333,3.421,0.923559528888889,3.431
0.923841936944444,3.421,0.923884093888889,3.431,0.923837426111111,3.431
0.924120386388889,3.421,0.924161928611111,3.421,0.924115220277778,3.431
0.9243985425,3.421,0.924439732777778,3.431,0.924393073611111,3.431
0.924676169444444,3.421,0.924717492777778,3.431,0.924670904166667,3.431
0.924954138333333,3.421,0.924995365277778,3.431,0.924948788055556,3.431
0.925232006111111,3.421,0.925273182777778,3.421,0.925226833055556,3.431
0.925509868888889,3.421,0.925551152777778,3.431,0.92550453,3.431
0.925788078611111,3.421,0.925828798611111,3.431,0.925782275555555,3.431
0.926066070833333,3.421,0.926106632777778,3.421,0.926060251388889,3.431
0.926343844444445,3.431,0.926384265833333,3.431,0.926338107222222,3.431
0.926621668611111,3.421,0.926661875,3.431,0.926616082222222,3.431
0.926899515833333,3.421,0.926940089722222,3.421,0.926893806944444,3.431
0.927177770277778,3.431,0.927217965277778,3.431,0.927171974166667,3.431
0.927455273611111,3.421,0.927495580277778,3.421,0.927449900277778,3.431
0.9277334,3.421,0.927773554166667,3.431,0.927727475833333,3.431
0.928011831111111,3.421,0.928051180277778,3.431,0.928005446388889,3.431
0.928289886111111,3.421,0.928329087222222,3.421,0.928283090277778,3.431
0.92856766,3.421,0.928606757222222,3.431,0.928561129444444,3.431
0.928845441388889,3.431,0.928884711111111,3.431,0.928838809722222,3.431
0.929123071944444,3.431,0.929162615277778,3.431,0.929116621666667,3.431
0.929401090277778,3.421,0.929440188611111,3.421,0.929394431666667,3.431
0.929679089444444,3.431,0.929718437777778,3.431,0.929672429444444,3.431
0.929956349444444,3.431,0.929996435555556,3.421,0.929950279722222,3.431
0.930234898055555,3.431,0.930274063611111,3.431,0.930228462777778,3.431
0.930512606944444,3.431,0.930551784444445,3.431,0.930506174444444,3.431
0.930790455,3.431,0.930829582777778,3.421,0.9307840275,3.431
0.931068338055556,3.421,0.931107763055556,3.431,0.931062046944444,3.431
0.931346118888889,3.421,0.931385439444445,3.421,0.931339472777778,3.431
0.931624357777778,3.421,0.931663170555556,3.431,0.931617431944444,3.431
0.931902261388889,3.431,0.931940935,3.421,0.931895819722222,3.431
0.932179997222222,3.421,0.932219259444444,3.431,0.932173471944444,3.431
0.932458048333333,3.431,0.932497113333333,3.431,0.932451173333333,3.431
0.932735891111111,3.421,0.932774948611111,3.421,0.932728911111111,3.431
0.933013631111111,3.421,0.933052812222222,3.421,0.933007076388889,3.431
0.933291521666667,3.421,0.933330179444444,3.431,0.9332849375,3.431
0.9335689925,3.421,0.933608480277778,3.431,0.933562638888889,3.431
0.933846947222222,3.431,0.933886315555556,3.421,0.933841060555556,3.431
0.9341245125,3.421,0.934164438611111,3.431,0.934118866944444,3.431
0.934402643333333,3.421,0.934442394722222,3.431,0.934397090277778,3.431
0.934680383611111,3.421,0.934720396666667,3.421,0.934674568055556,3.431
0.934958566111111,3.421,0.934998383888889,3.431,0.934952563333333,3.431
0.935236871388889,3.431,0.935275682777778,3.431,0.935230545,3.431
0.935514575555556,3.431,0.935554204722222,3.431,0.935508176388889,3.431
0.935792416388889,3.431,0.935831996111111,3.431,0.935785966666667,3.431
0.936070253611111,3.421,0.936109356388889,3.431,0.936063662777778,3.431
0.936348183611111,3.431,0.936387437777778,3.431,0.936341390555556,3.431
0.936625676944444,3.421,0.936665111111111,3.431,0.936619302777778,3.431
0.936903698611111,3.421,0.936942868333333,3.431,0.936896700277778,3.431
0.937181239166667,3.421,0.937220903611111,3.421,0.937174901944444,3.431
0.9374592125,3.421,0.937498460555556,3.431,0.937452562222222,3.431
0.937736927222222,3.421,0.937776259444444,3.421,0.937730664166667,3.431
0.938014759722222,3.421,0.938053979166667,3.421,0.938008311944444,3.431
0.938292764166667,3.431,0.938331663055555,3.431,0.938286337222222,3.431
0.938570374444444,3.421,0.938609833611111,3.421,0.938563950277778,3.431
0.938848346111111,3.421,0.938887286111111,3.431,0.938841630277778,3.431
0.939126252777778,3.421,0.939165557222222,3.431,0.939119409722222,3.431
0.939403831944444,3.431,0.939443420833333,3.431,0.939397895277778,3.431
0.939681642777778,3.421,0.9397213375,3.431,0.939675410833333,3.431
0.939959442777778,3.421,0.939999135555556,3.431,0.939953480555556,3.431
0.940237553055556,3.431,0.940277299444444,3.431,0.940231166388889,3.431
0.940515574166667,3.421,0.940555209444444,3.431,0.940508719444444,3.431
0.940793308055555,3.431,0.94083334,3.421,0.940786596111111,3.431
0.941071405277778,3.431,0.941110775555556,3.421,0.941064475,3.431
0.941349203611111,3.421,0.941388860555556,3.431,0.941342407777778,3.431
0.9416270125,3.431,0.941666269722222,3.431,0.941619694166667,3.431
0.941904863055556,3.431,0.941944109444445,3.431,0.941897877777778,3.431
0.942182981388889,3.421,0.942222224444444,3.431,0.942175658055556,3.431
0.942460619722222,3.431,0.942500263333333,3.431,0.942453091944444,3.431
0.942738467222222,3.421,0.942778247222222,3.421,0.942730943055556,3.431
0.943016327777778,3.421,0.943056424444444,3.431,0.943008968611111,3.431
0.943294044166667,3.431,0.943334128333333,3.431,0.943286559444445,3.431
0.943571480555556,3.431,0.943611904722222,3.421,0.943564142777778,3.431
0.943849191388889,3.431,0.943889718888889,3.431,0.9438423275,3.431
0.944127095,3.431,0.944167514444444,3.431,0.944119686666667,3.431
0.944404933333333,3.431,0.944444855,3.431,0.944397899722222,3.431
0.944682463611111,3.421,0.944723181388889,3.421,0.944675973333333,3.431
0.944960470833333,3.431,0.9450009325,3.421,0.944953817777778,3.431
0.945238585,3.431,0.945278681388889,3.431,0.945231619444444,3.431
0.945516526111111,3.421,0.945556626111111,3.431,0.945509040277778,3.431
0.945794425277778,3.421,0.945834485555556,3.431,0.945786992777778,3.431
0.946072230277778,3.421,0.946111955,3.431,0.946065108611111,3.431
0.946350052222222,3.431,0.946389855555556,3.431,0.946343126388889,3.431
0.94662765,3.431,0.946667548055556,3.431,0.946620561944444,3.431
0.946905625555556,3.431,0.946945391111111,3.431,0.946898696388889,3.431
0.94718349,3.421,0.947223327222222,3.431,0.9471765975,3.431
0.947460913055556,3.431,0.947500759444444,3.431,0.947454231944444,3.431
0.9477390575,3.421,0.94777862,3.431,0.947732590833333,3.431
0.948016826944444,3.421,0.948056816666667,3.431,0.948010621666667,3.431
0.948294687222222,3.421,0.948334580833333,3.431,0.948288428333333,3.431
0.948572210833333,3.421,0.9486124125,3.431,0.948566300555556,3.431
0.948850594444445,3.421,0.948890246388889,3.431,0.948843984166667,3.431
0.949128840555555,3.421,0.9491679425,3.431,0.949121866111111,3.431
0.949406830833333,3.431,0.949445829166667,3.431,0.9493996125,3.431
0.949684719444444,3.421,0.949723721944444,3.431,0.949677314722222,3.431
0.949962683333333,3.421,0.950001307222222,3.431,0.949954864444444,3.431
0.950240416944444,3.431,0.950279198333333,3.431,0.950232841666667,3.431
0.950518465,3.431,0.950557304444444,3.431,0.950510535,3.431
0.950795981944444,3.431,0.950834943611111,3.431,0.950788300277778,3.431
0.951073873888889,3.431,0.951113096666667,3.431,0.951065849166667,3.431
0.951352212222222,3.431,0.951390915277778,3.421,0.951344346111111,3.431
0.9516300475,3.431,0.951668476388889,3.421,0.951622063333333,3.431
0.9519078075,3.431,0.951946260833333,3.431,0.951899909722222,3.431
0.952185712777778,3.421,0.952224384444444,3.431,0.952177771944444,3.431
0.9524632875,3.431,0.952502078055556,3.431,0.952456135555556,3.431
0.952741603888889,3.431,0.952780288611111,3.431,0.952734409166667,3.431
0.953019142222222,3.431,0.953058039166667,3.431,0.953012115555556,3.431
0.953297357222222,3.431,0.95333543,3.431,0.953290198055556,3.431
0.953575010833333,3.431,0.953613583055556,3.431,0.953568329166667,3.431
0.953852752777778,3.431,0.953891693888889,3.431,0.9538463575,3.431
0.954130958888889,3.431,0.954169091111111,3.431,0.954124000833333,3.431
0.954408558611111,3.431,0.954447143611111,3.431,0.954401993888889,3.431
0.954686489722222,3.431,0.954725325,3.431,0.9546797875,3.431
0.954963916388889,3.431,0.955003115,3.431,0.954957494166667,3.431
0.955241646111111,3.431,0.955280928611111,3.431,0.955235152777778,3.431
0.955520035277778,3.431,0.955558980833333,3.431,0.955513290555556,3.431
0.955797740833333,3.421,0.955836898055555,3.431,0.955791334444445,3.431
0.956075588888889,3.431,0.956114733611111,3.431,0.956069276111111,3.431
0.956353496111111,3.431,0.956392221111111,3.431,0.956347179444444,3.431
0.9566315075,3.431,0.956670361388889,3.421,0.95662485,3.431
0.956909073888889,3.431,0.956948400277778,3.431,0.956902625555555,3.431
0.957187058333333,3.431,0.957226010555556,3.431,0.957180341388889,3.431
0.95746448,3.431,0.957504370833333,3.431,0.957458178888889,3.431
0.957742585,3.431,0.957782040277778,3.431,0.957735879444444,3.431
0.958020990555556,3.431,0.958060219444445,3.431,0.9580138375,3.431
0.958298453888889,3.431,0.9583376225,3.431,0.958291681666667,3.431
0.958576486111111,3.431,0.958615753333333,3.431,0.958569397222222,3.431
0.958854229444444,3.431,0.958893849722222,3.431,0.958847496944444,3.431
0.9591323425,3.431,0.959171776944444,3.431,0.959125332777778,3.431
0.959410051388889,3.431,0.959449580555556,3.431,0.959402964166667,3.431
0.959688023333333,3.431,0.959727264444444,3.431,0.959680939722222,3.431
0.959965620833333,3.431,0.960005120555556,3.431,0.959958760833333,3.431
0.960243856111111,3.431,0.960283088055556,3.431,0.960236344166667,3.431
0.960521633055556,3.431,0.960560708888889,3.431,0.960514006666667,3.431
0.960799910555555,3.431,0.960839002777778,3.431,0.960791987222222,3.431
0.961077667777778,3.431,0.961116561666667,3.431,0.961069437777778,3.431
0.961355739166667,3.431,0.9613946175,3.431,0.961347208333333,3.431
0.961633483611111,3.421,0.961672644166667,3.431,0.961625462777778,3.431
0.961911118888889,3.431,0.961950879166667,3.431,0.961903110555556,3.431
0.962188989722222,3.421,0.962228655833333,3.431,0.962180820833333,3.431
0.962467130555556,3.421,0.962506442777778,3.431,0.962458706666667,3.431
0.962745424166667,3.421,0.962784207777778,3.431,0.962736446111111,3.431
0.963023004444444,3.431,0.963061674722222,3.431,0.963014308611111,3.431
0.963300989166667,3.421,0.963339664444445,3.431,0.963292127777778,3.431
0.963578725277778,3.431,0.963617504166667,3.431,0.963569565555556,3.431
0.963856548888889,3.431,0.963895511111111,3.431,0.963847945,3.431
0.964134509166667,3.431,0.964173094444444,3.431,0.964125636388889,3.431
0.964412588611111,3.431,0.964450768333333,3.431,0.964403443611111,3.431
0.964690447777778,3.431,0.964728904722222,3.431,0.964681171944444,3.431
0.964968093055556,3.431,0.965006796666667,3.431,0.964959124166667,3.431
0.965245964166667,3.431,0.965284805,3.431,0.965236912777778,3.431
0.965524006388889,3.431,0.965562352222222,3.431,0.965515143611111,3.431
0.965801971666667,3.431,0.9658402575,3.431,0.965792929722222,3.431
0.966079871111111,3.431,0.966117808888889,3.431,0.966070846111111,3.431
0.966357773333333,3.421,0.966395716111111,3.431,0.966348926111111,3.431
0.966635536111111,3.431,0.96667344,3.431,0.966627098055555,3.431
0.966913333611111,3.431,0.966951383611111,3.431,0.966904662777778,3.431
0.9671911425,3.431,0.967228975277778,3.431,0.967182558888889,3.431
0.967469049166667,3.431,0.96750708,3.431,0.967460273888889,3.431
0.967746403055556,3.421,0.967785014444445,3.431,0.96773812,3.431
0.968024574722222,3.431,0.968062866388889,3.431,0.968016249166667,3.431
0.968302454722222,3.431,0.968341064166667,3.421,0.968293925833333,3.431
0.968580616666667,3.431,0.968618557222222,3.431,0.968571799722222,3.431
0.9688582925,3.421,0.968896605833333,3.431,0.968849591666667,3.431
0.969136266388889,3.431,0.969174346111111,3.421,0.969127073888889,3.431
0.96941461,3.421,0.969452089722222,3.431,0.969404690555556,3.431
0.969691920833333,3.431,0.969730077222222,3.431,0.969682831111111,3.431
0.969970422222222,3.431,0.970008368888889,3.431,0.969960839722222,3.431
0.970248161944445,3.431,0.970286011666667,3.431,0.970238782777778,3.431
0.970526221388889,3.431,0.970563771944444,3.431,0.97051684,3.431
0.970804090833333,3.431,0.970841511388889,3.431,0.970794168333333,3.431
0.971081873055555,3.431,0.971119758888889,3.431,0.971072131944445,3.431
0.971359666666667,3.431,0.9713973975,3.431,0.971349790833333,3.431
0.971637659722222,3.431,0.9716752,3.431,0.971627916666667,3.431
0.9719152825,3.421,0.971953110833333,3.431,0.971906067777778,3.431
0.972193145833333,3.431,0.972231081666667,3.431,0.972183660555556,3.431
0.972471254444444,3.431,0.972508946388889,3.431,0.972461891666667,3.431
0.972748604444444,3.431,0.972786581111111,3.431,0.972739846666667,3.431
0.973027103055556,3.431,0.973064585555556,3.431,0.973017586111111,3.431
0.9733054875,3.431,0.973342610555556,3.431,0.973295387222222,3.431
0.973582944722222,3.431,0.973620430555556,3.431,0.973573296111111,3.431
0.973860973055556,3.431,0.973898419444444,3.421,0.973851303333333,3.431
0.974139093333333,3.431,0.974175940555556,3.431,0.974129036666667,3.431
0.9744169175,3.431,0.974453741666667,3.431,0.974406910555556,3.431
0.974694810833333,3.431,0.974731870833333,3.431,0.974684787222222,3.431
0.974972769166667,3.431,0.975009766666667,3.431,0.974962984722222,3.431
0.975250578888889,3.431,0.975287383611111,3.431,0.975240799722222,3.441
0.975528354722222,3.431,0.975565234166667,3.431,0.975518485833333,3.431
0.975806638611111,3.431,0.975843243055556,3.431,0.9757965,3.431
0.976084623611111,3.431,0.976121081666667,3.431,0.976074586388889,3.431
0.976362252777778,3.431,0.976398886111111,3.431,0.976352020277778,3.431
0.976640456944444,3.431,0.976676263888889,3.431,0.976630369444444,3.431
0.976917989166667,3.431,0.976954761666667,3.431,0.976908061111111,3.431
0.9771955425,3.431,0.977232359722222,3.431,0.977185777222222,3.431
0.9774736375,3.431,0.977510387777778,3.431,0.977463953055556,3.431
0.977751271666667,3.431,0.977788018333333,3.431,0.977741846111111,3.431
0.978029216666667,3.431,0.978065952777778,3.431,0.978019746111111,3.431
0.978306906944444,3.421,0.978343941388889,3.431,0.978297619166667,3.431
0.978584614722222,3.431,0.978621975833333,3.431,0.9785753075,3.431
0.978862551388889,3.431,0.978899654444444,3.431,0.978853360277778,3.431
0.9791401825,3.431,0.979177360555555,3.431,0.979131220277778,3.431
0.97941847,3.431,0.979455281111111,3.431,0.9794091875,3.431
0.979695962222222,3.431,0.979733242222222,3.431,0.979687165277778,3.431
0.979973763888889,3.421,0.980010881944444,3.431,0.979964878333333,3.431
0.980251690833333,3.431,0.980288466388889,3.431,0.980242574444444,3.431
0.980529516666667,3.431,0.980566538055556,3.431,0.9805208275,3.441
0.980807391944444,3.431,0.980844340277778,3.431,0.980798557777778,3.431
0.981085026944444,3.431,0.9811225025,3.431,0.981076215277778,3.431
0.981362609444444,3.431,0.981400100833333,3.431,0.981353996111111,3.431
0.9816410525,3.431,0.981678095555556,3.431,0.981632197222222,3.431
0.981918568055556,3.431,0.981955677777778,3.431,0.9819101775,3.431
0.982196567777778,3.431,0.982233933611111,3.431,0.9821884975,3.431
0.982474409722222,3.431,0.982512041666667,3.431,0.982466059444444,3.431
0.982752350555556,3.431,0.982789831944444,3.431,0.982743878611111,3.431
0.983030556111111,3.431,0.983067504722222,3.431,0.983021896944445,3.441
0.983308571111111,3.431,0.983345390277778,3.431,0.983299697777778,3.431
0.983586364166667,3.431,0.983623194444444,3.431,0.983577601388889,3.431
0.983864090833333,3.431,0.983900760555556,3.431,0.983855431388889,3.431
0.984142157777778,3.431,0.984178656111111,3.431,0.984133526944444,3.441
0.984420229722222,3.431,0.984456634722222,3.431,0.98441139,3.431
0.984697846666667,3.431,0.984734349722222,3.431,0.984689396666667,3.431
0.984975564722222,3.431,0.985012129166667,3.431,0.984967708333333,3.431
0.985253641388889,3.431,0.985289901666667,3.431,0.985245665,3.431
0.9855315075,3.431,0.985567925833333,3.431,0.985523538888889,3.431
0.985809577222222,3.431,0.985846178333333,3.431,0.9858015475,3.441
0.986087257222222,3.431,0.986124273611111,3.431,0.986079247222222,3.441
0.986364692777778,3.431,0.986402162222222,3.431,0.986357310833333,3.431
0.986643011111111,3.431,0.986680148055556,3.431,0.986635171944444,3.431
0.986920800277778,3.431,0.986958008611111,3.431,0.9869130275,3.431
0.987198722777778,3.431,0.987235893888889,3.431,0.987190865277778,3.431
0.987476554722222,3.431,0.987513708055555,3.431,0.98746861,3.431
0.987754531944444,3.431,0.987791896388889,3.431,0.987746446944444,3.441
0.9880325275,3.431,0.988069581666667,3.431,0.9880243775,3.431
0.988310323333333,3.431,0.988347632777778,3.431,0.988302244166667,3.431
0.988588629166667,3.431,0.9886258275,3.431,0.988580238055556,3.431
0.988866520833333,3.431,0.988903970833333,3.431,0.988858205,3.431
0.989144050833333,3.431,0.989181853055556,3.431,0.989135806944444,3.431
0.989421917222222,3.431,0.989459978611111,3.431,0.989413858333333,3.431
0.989700176666667,3.431,0.989737825555556,3.431,0.989691345555556,3.431
0.989977511944444,3.431,0.990015515555556,3.431,0.989969135555556,3.431
0.990255245277778,3.431,0.990293187777778,3.431,0.990247450555556,3.431
0.990533545277778,3.431,0.990571154166667,3.431,0.990525566388889,3.431
0.990811088333333,3.431,0.990848995555556,3.431,0.990803459722222,3.431
0.991089613888889,3.431,0.991127026111111,3.431,0.991081323611111,3.431
0.991367220555555,3.431,0.991405036944444,3.431,0.991359307222222,3.431
0.99164498,3.431,0.991682973888889,3.431,0.991637168333333,3.431
0.991922750833333,3.431,0.991960406666667,3.431,0.991914668055556,3.441
0.992200619444444,3.431,0.992238989722222,3.431,0.992192189166667,3.431
0.992478516666667,3.431,0.9925165625,3.431,0.9924706975,3.431
0.992756404166667,3.431,0.992794455833333,3.431,0.992748402777778,3.431
0.993034758055556,3.431,0.9930719475,3.431,0.993026405,3.431
0.993312543333333,3.431,0.993350000555556,3.431,0.993304345833333,3.431
0.993590315833333,3.431,0.993628053888889,3.431,0.993582448333333,3.431
0.993868146111111,3.431,0.993905432777778,3.431,0.993859799444444,3.431
0.994145845833333,3.431,0.994183384722222,3.431,0.994138146388889,3.441
0.994423830833333,3.431,0.994461319722222,3.431,0.994416135555556,3.431
0.994701748055556,3.431,0.994739229166667,3.431,0.994693477777778,3.441
0.994979702222222,3.431,0.995016983333333,3.431,0.994971556666667,3.431
0.995257703055556,3.431,0.995294580833333,3.431,0.995249213055556,3.431
0.995535579444444,3.431,0.995572629444444,3.431,0.995527135,3.431
0.995813809722222,3.431,0.995850829444444,3.431,0.995804695555556,3.431
0.996091408333333,3.431,0.996128766111111,3.431,0.996082994444444,3.431
0.996369172222222,3.431,0.996406554444444,3.431,0.996360931388889,3.431
0.996646730555556,3.431,0.996684406388889,3.431,0.9966384225,3.441
0.996924557222222,3.431,0.9969625325,3.431,0.996916636111111,3.431
0.997202636388889,3.431,0.997240658333333,3.431,0.997194363333333,3.431
0.997480265,3.431,0.997518771388889,3.431,0.997472481388889,3.441
0.997758250277778,3.431,0.997796569722222,3.431,0.997750720277778,3.431
0.998036136388889,3.431,0.998074386944445,3.431,0.998028079444444,3.431
0.998314267777778,3.431,0.998352353888889,3.431,0.998306246944444,3.441
0.998592006388889,3.431,0.998630388888889,3.431,0.9985840125,3.431
0.998869689722222,3.431,0.998908188888889,3.431,0.998861653055556,3.441
0.999147911666667,3.431,0.999185818055556,3.431,0.999139132777778,3.431
0.999425576111111,3.431,0.999463728611111,3.431,0.999416929722222,3.431
0.999703589444444,3.431,0.999741291944444,3.431,0.999695169444444,3.431
0.999981461944444,3.431,1.00001940527778,3.431,0.99997323,3.431
1.00025925333333,3.431,1.00029724916667,3.431,1.00025087444444,3.431
1.00053693583333,3.431,1.00057529555556,3.431,1.00052878611111,3.431
1.00081470194444,3.431,1.00085300444444,3.431,1.00080634,3.431
1.00109284166667,3.431,1.00113071305556,3.431,1.00108390194444,3.431
1.00137052,3.431,1.00140868888889,3.431,1.00136215555556,3.431
1.00164846333333,3.431,1.00168635277778,3.431,1.00163956777778,3.431
1.00192637944444,3.431,1.00196407416667,3.431,1.0019174625,3.441
1.00220416055556,3.431,1.00224205722222,3.431,1.00219514694444,3.431
1.00248220083333,3.431,1.00251989972222,3.431,1.00247286972222,3.431
1.00276022277778,3.431,1.00279795027778,3.431,1.00275063611111,3.431
1.00303773833333,3.431,1.00307580055556,3.431,1.0030286775,3.431
1.0033152375,3.431,1.0033536975,3.431,1.00330636583333,3.431
1.00359307694444,3.431,1.00363186416667,3.431,1.00358470388889,3.431
1.00387135722222,3.431,1.00390974638889,3.431,1.00386254611111,3.431
1.004149275,3.431,1.00418745194444,3.431,1.00414050083333,3.441
1.00442732916667,3.431,1.00446514583333,3.431,1.00441849611111,3.431
1.00470531416667,3.431,1.00474278972222,3.431,1.00469659166667,3.431
1.00498328944444,3.431,1.00502074916667,3.431,1.00497421583333,3.431
1.00526140777778,3.431,1.00529889555556,3.431,1.00525218666667,3.431
1.00553892722222,3.431,1.00557641083333,3.431,1.00553015138889,3.441
1.00581672472222,3.431,1.00585471055556,3.431,1.00580779611111,3.431
1.00609476888889,3.431,1.00613245694444,3.431,1.00608549194444,3.431
1.00637264583333,3.431,1.00641087944444,3.431,1.00636383111111,3.431
1.0066502525,3.431,1.00668839527778,3.431,1.00664193527778,3.431
1.00692846305556,3.431,1.00696623861111,3.431,1.00691993777778,3.431
1.0072058275,3.431,1.00724424305556,3.431,1.007197465,3.441
1.00748395722222,3.431,1.0075217275,3.431,1.00747612083333,3.431
1.00776196416667,3.431,1.00779985111111,3.431,1.00775418472222,3.441
1.00803977527778,3.431,1.00807765527778,3.431,1.00803191611111,3.431
1.00831742472222,3.431,1.00835558027778,3.431,1.00830984555556,3.441
1.00859547111111,3.431,1.008632975,3.431,1.00858765638889,3.431
1.00887312416667,3.431,1.00891106555556,3.431,1.00886536,3.441
1.00915115138889,3.431,1.00918882833333,3.431,1.00914285833333,3.431
1.00942908277778,3.431,1.00946680444444,3.431,1.00942095166667,3.431
1.00970690388889,3.431,1.00974466694444,3.431,1.00969867527778,3.441
1.0099846475,3.431,1.01002235694444,3.431,1.00997681777778,3.431
1.01026241194444,3.431,1.01030024638889,3.431,1.01025462166667,3.431
1.01054016916667,3.431,1.01057796166667,3.431,1.01053247027778,3.431
1.01081822638889,3.431,1.01085573,3.431,1.01081005027778,3.441
1.01109589194444,3.431,1.0111335825,3.431,1.01108819611111,3.441
1.01137395138889,3.431,1.0114115425,3.431,1.01136607805556,3.431
1.01165170472222,3.431,1.01168941166667,3.431,1.01164414333333,3.431
1.01192942944444,3.431,1.01196714833333,3.431,1.01192199722222,3.431
1.01220716277778,3.431,1.01224512194444,3.431,1.01219944083333,3.431
1.01248532527778,3.431,1.01252298944444,3.431,1.01247752972222,3.441
1.01276311583333,3.431,1.01280071444444,3.431,1.01275541,3.431
1.01304060583333,3.431,1.01307868722222,3.431,1.01303282333333,3.441
1.01331829638889,3.431,1.01335629166667,3.431,1.01331078583333,3.431
1.01359630888889,3.431,1.01363421888889,3.431,1.01358879777778,3.431
1.01387384527778,3.431,1.01391203972222,3.431,1.01386634694444,3.431
1.01415197055556,3.431,1.01418967194444,3.431,1.01414415527778,3.441
1.01442992527778,3.431,1.01446728027778,3.431,1.01442205972222,3.441
1.01470785555556,3.431,1.01474514555556,3.431,1.01469994333333,3.431
1.01498531611111,3.431,1.01502341194444,3.431,1.01497800222222,3.441
1.01526354361111,3.431,1.01530124,3.431,1.01525549805556,3.441
1.01554126388889,3.431,1.01557884833333,3.431,1.01553308,3.441
1.01581914583333,3.431,1.01585654611111,3.431,1.01581092805556,3.441
1.01609691222222,3.431,1.01613459138889,3.431,1.01608918055556,3.431
1.01637479722222,3.431,1.01641235805556,3.431,1.01636672166667,3.441
1.01665285638889,3.431,1.01669042555556,3.431,1.01664487638889,3.431
1.01693025444444,3.431,1.01696819722222,3.431,1.01692267583333,3.431
1.01720846194444,3.431,1.01724635583333,3.431,1.01720015416667,3.431
1.01748628833333,3.431,1.01752421166667,3.431,1.01747800472222,3.441
1.01776419888889,3.431,1.01780215388889,3.431,1.01775555277778,3.431
1.01804201916667,3.431,1.01808017777778,3.431,1.01803379722222,3.431
1.0183198925,3.431,1.01835813277778,3.431,1.01831184777778,3.441
1.01859790944444,3.431,1.01863594638889,3.431,1.01858952166667,3.441
1.01887566944444,3.431,1.01891349111111,3.431,1.0188671,3.431
1.019153435,3.431,1.01919119638889,3.431,1.01914513305556,3.441
1.01943131611111,3.431,1.01946915833333,3.431,1.01942280361111,3.431
1.01970916111111,3.431,1.01974722666667,3.431,1.01970086833333,3.431
1.01998742138889,3.431,1.02002552805556,3.431,1.0199787675,3.431
1.02026478805556,3.431,1.02030294,3.431,1.02025710472222,3.441
1.02054272583333,3.431,1.02058070444444,3.431,1.02053474138889,3.431
1.02082072555556,3.431,1.02085898583333,3.431,1.02081300722222,3.441
1.02109836777778,3.431,1.02113686805556,3.431,1.02109077888889,3.431
1.021376085,3.431,1.02141466805556,3.431,1.02136873805556,3.441
1.02165414166667,3.431,1.02169220666667,3.431,1.02164664361111,3.441
1.02193172388889,3.431,1.02197043361111,3.431,1.0219245325,3.431
1.02220991222222,3.431,1.02224835555556,3.431,1.02220200611111,3.431
1.02248771638889,3.431,1.02252609916667,3.431,1.02248018777778,3.441
1.02276544916667,3.431,1.02280361277778,3.431,1.02275818527778,3.431
1.02304353694444,3.431,1.02308149888889,3.431,1.02303618472222,3.431
1.02332128138889,3.431,1.02335957583333,3.431,1.02331361055556,3.441
1.02359936222222,3.431,1.02363764611111,3.431,1.02359178527778,3.441
1.02387712888889,3.431,1.02391586027778,3.431,1.02387000111111,3.431
1.02415518638889,3.431,1.0241933175,3.431,1.02414822277778,3.441
1.02443313166667,3.431,1.02447097027778,3.431,1.02442602388889,3.431
1.02471088388889,3.431,1.02474940972222,3.431,1.02470372138889,3.431
1.02498856,3.431,1.02502707027778,3.431,1.02498141277778,3.431
1.02526680638889,3.431,1.02530504333333,3.431,1.02525896055556,3.431
1.02554465833333,3.431,1.02558262555556,3.431,1.02553705944444,3.431
1.02582231416667,3.431,1.02586042166667,3.431,1.02581525861111,3.441
1.0261001975,3.431,1.02613849388889,3.431,1.02609319972222,3.441
1.02637800555556,3.431,1.02641658805556,3.431,1.02637104972222,3.431
1.0266558875,3.431,1.02669451111111,3.431,1.02664867833333,3.431
1.02693441972222,3.431,1.02697220833333,3.431,1.02692625305556,3.441
1.02721240611111,3.431,1.02725011444444,3.431,1.02720414527778,3.441
1.02748998194444,3.431,1.02752777138889,3.431,1.02748201583333,3.441
1.02776812888889,3.431,1.02780574944444,3.431,1.02775991472222,3.431
1.02804602666667,3.431,1.02808371222222,3.431,1.02803788416667,3.431
1.02832376972222,3.431,1.02836161833333,3.431,1.02831525305556,3.441
1.02860149527778,3.431,1.028639345,3.431,1.02859341861111,3.441
1.0288796125,3.431,1.0289174875,3.431,1.02887135611111,3.431
1.02915766527778,3.431,1.02919514222222,3.431,1.02914934416667,3.441
1.02943528388889,3.431,1.02947331194444,3.431,1.02942737361111,3.441
1.02971328638889,3.431,1.02975112222222,3.431,1.02970482611111,3.431
1.02999087861111,3.431,1.030028475,3.431,1.02998328694444,3.431
1.03026849972222,3.431,1.03030657361111,3.431,1.03026109138889,3.441
1.03054636805556,3.431,1.03058469305556,3.431,1.03053868527778,3.441
1.03082413611111,3.431,1.03086239527778,3.431,1.03081690944444,3.441
1.03110213083333,3.431,1.03114051416667,3.431,1.03109422444444,3.441
1.03137972694444,3.431,1.03141846222222,3.431,1.03137212638889,3.431
1.03165786027778,3.431,1.03169647027778,3.431,1.03164997361111,3.441
1.03193610611111,3.431,1.03197403388889,3.431,1.03192775472222,3.441
1.03221378166667,3.431,1.03225204527778,3.441,1.03220566111111,3.441
1.032491655,3.431,1.03253004305556,3.431,1.032483355,3.441
1.03276942083333,3.431,1.03280788388889,3.431,1.0327611475,3.431
1.03304699166667,3.431,1.03308590361111,3.431,1.0330388225,3.431
1.03332499111111,3.431,1.03336364527778,3.431,1.03331692361111,3.441
1.03360257555556,3.431,1.03364193138889,3.431,1.03359461166667,3.431
1.03388066805556,3.431,1.03391970055556,3.431,1.03387270333333,3.431
1.03415840388889,3.431,1.03419724861111,3.431,1.03415032861111,3.441
1.0344364475,3.431,1.03447490333333,3.431,1.03442822388889,3.441
1.03471419972222,3.431,1.03475310944444,3.431,1.03470553722222,3.441
1.03499237527778,3.431,1.03503122305556,3.431,1.03498359277778,3.441
1.03526995944444,3.431,1.03530905055556,3.441,1.03526152305556,3.431
1.03554782277778,3.431,1.03558681527778,3.431,1.03553908694444,3.441
1.03582524444444,3.431,1.03586523861111,3.431,1.03581705638889,3.431
1.03610328972222,3.431,1.03614308472222,3.431,1.03609493083333,3.431
1.03638100027778,3.431,1.03642079833333,3.431,1.03637278944444,3.441
1.03665877305556,3.431,1.03669836166667,3.431,1.03665054888889,3.441
1.03693655361111,3.431,1.03697645083333,3.431,1.03692838416667,3.441
1.03721442611111,3.431,1.03725415888889,3.431,1.03720616111111,3.441
1.03749246666667,3.431,1.03753174916667,3.431,1.03748434194444,3.441
1.03777038138889,3.431,1.037809645,3.431,1.03776208638889,3.441
1.03804809527778,3.431,1.03808782138889,3.441,1.03803985583333,3.441
1.03832584611111,3.431,1.03836557527778,3.431,1.03831774638889,3.441
1.03860376305556,3.431,1.03864348361111,3.431,1.03859593138889,3.441
1.03888145055556,3.431,1.03892137972222,3.431,1.03887331305556,3.441
1.03915934305556,3.431,1.03919904222222,3.431,1.039151545,3.441
1.03943662361111,3.431,1.03947716083333,3.431,1.03942932972222,3.441
1.03971481722222,3.431,1.03975486888889,3.431,1.03970704861111,3.431
1.03999248916667,3.431,1.04003282138889,3.431,1.03998484083333,3.441
1.04027064583333,3.431,1.04031067,3.431,1.04026301055556,3.441
1.04054859583333,3.431,1.04058861111111,3.431,1.04054135666667,3.431
1.04082641027778,3.431,1.04086623666667,3.431,1.04081902916667,3.441
1.04110410194444,3.431,1.04114451388889,3.431,1.04109688027778,3.441
1.04138204638889,3.431,1.04142218055556,3.431,1.041374965,3.441
1.04165981833333,3.431,1.04169985916667,3.431,1.04165321805556,3.441
1.04193718833333,3.431,1.04197754305556,3.431,1.04193109083333,3.441
1.04221531833333,3.431,1.042255405,3.431,1.04220864361111,3.441
1.04249296722222,3.431,1.04253322944444,3.431,1.04248692416667,3.441
1.04277123222222,3.431,1.04281073027778,3.441,1.04276481972222,3.441
1.04304858527778,3.431,1.043088835,3.431,1.04304306416667,3.441
1.04332664583333,3.431,1.0433668675,3.431,1.04332098166667,3.441
1.04360423444444,3.431,1.04364453416667,3.431,1.04359873305556,3.441
1.04388199388889,3.431,1.04392243055556,3.441,1.04387643694444,3.441
1.04415991583333,3.431,1.04420049972222,3.431,1.04415425972222,3.441
1.044437555,3.431,1.04447830361111,3.431,1.04443187166667,3.441
1.04471570027778,3.431,1.04475638694444,3.431,1.044709525,3.441
1.0449934675,3.431,1.04503396444444,3.431,1.04498751305556,3.441
1.04527121583333,3.431,1.045311815,3.431,1.04526549527778,3.441
1.04554935916667,3.431,1.04558957888889,3.431,1.04554357861111,3.441
1.04582716138889,3.431,1.04586786527778,3.431,1.04582166861111,3.441
1.04610474861111,3.431,1.04614544055556,3.431,1.04609951194444,3.441
1.04638245694444,3.431,1.046423185,3.431,1.04637716944444,3.441
1.0466603275,3.431,1.04670126972222,3.431,1.04665512972222,3.441
1.04693855138889,3.431,1.04697922388889,3.431,1.04693274194444,3.441
1.04721653638889,3.431,1.04725693861111,3.431,1.04721054888889,3.441
1.04749433194444,3.431,1.04753500583333,3.431,1.04748841,3.441
1.047772335,3.431,1.04781314916667,3.431,1.04776591888889,3.441
1.04805024416667,3.431,1.048090935,3.431,1.04804410916667,3.441
1.04832826138889,3.431,1.04836894361111,3.431,1.04832172472222,3.441
1.04860578888889,3.431,1.04864640805556,3.431,1.04859971,3.441
1.04888407138889,3.431,1.04892437805556,3.441,1.04887761083333,3.441
1.0491619075,3.431,1.04920211833333,3.431,1.04915533388889,3.441
1.04943985055556,3.431,1.04948034055556,3.431,1.04943334305556,3.441
1.04971799277778,3.431,1.04975818027778,3.431,1.04971135138889,3.441
1.04999590805556,3.431,1.0500362,3.431,1.04998922916667,3.441
1.05027379805556,3.431,1.05031383694444,3.431,1.050267015,3.441
1.05055208722222,3.431,1.05059135055556,3.431,1.05054487416667,3.441
1.05082967611111,3.431,1.05086928222222,3.431,1.050822515,3.441
1.05110742777778,3.431,1.0511472575,3.431,1.05110100083333,3.441
1.05138523555556,3.431,1.05142509805556,3.431,1.05137871333333,3.441
1.05166305583333,3.431,1.05170341083333,3.431,1.05165655638889,3.441
1.05194084916667,3.431,1.05198117055556,3.431,1.05193400666667,3.441
1.05221853416667,3.431,1.05225889611111,3.431,1.05221192138889,3.441
1.05249678166667,3.431,1.05253651694444,3.431,1.05249016111111,3.441
1.05277469194444,3.431,1.05281456333333,3.431,1.05276808666667,3.441
1.0530528675,3.431,1.05309272388889,3.431,1.05304552194444,3.441
1.05333054027778,3.431,1.05337033333333,3.431,1.05332379138889,3.441
1.05360859277778,3.431,1.053647925,3.431,1.05360136111111,3.441
1.05388636027778,3.431,1.05392614583333,3.431,1.05387930222222,3.441
1.05416439166667,3.431,1.0542039025,3.441,1.05415708638889,3.441
1.05444239638889,3.431,1.05448200694444,3.431,1.05443514944444,3.441
1.05472018277778,3.431,1.05475987833333,3.431,1.05471295972222,3.441
1.05499820611111,3.431,1.05503781805556,3.431,1.05499029805556,3.441
1.05527576083333,3.431,1.05531615527778,3.431,1.05526844944444,3.441
1.05555359777778,3.431,1.0555936325,3.431,1.05554639083333,3.441
1.05583138472222,3.431,1.05587152527778,3.431,1.05582429222222,3.441
1.05610978416667,3.431,1.05614938305556,3.431,1.05610191611111,3.441
1.05638766361111,3.431,1.05642712777778,3.431,1.05637948222222,3.441
1.05666580361111,3.431,1.05670473611111,3.431,1.05665786,3.441
1.05694372777778,3.431,1.05698273027778,3.431,1.05693606361111,3.441
1.05722147333333,3.431,1.05726037777778,3.441,1.05721362,3.441
1.05749885416667,3.431,1.05753819138889,3.441,1.05749180277778,3.441
1.05777694805556,3.431,1.05781613055556,3.441,1.05776923444444,3.441
1.05805512666667,3.431,1.05809426972222,3.431,1.05804719583333,3.441
1.05833316194444,3.431,1.05837184611111,3.431,1.0583251075,3.441
1.05861101611111,3.431,1.05864979083333,3.431,1.05860308805556,3.441
1.05888860194444,3.431,1.05892753611111,3.431,1.05888083638889,3.441
1.05916665944444,3.431,1.05920484388889,3.441,1.05915908111111,3.441
1.05944453583333,3.431,1.05948297916667,3.431,1.05943706388889,3.441
1.05972211305556,3.431,1.05976121694444,3.431,1.05971486861111,3.441
1.05999988611111,3.431,1.0600389125,3.431,1.05999237833333,3.441
1.06027778194444,3.431,1.06031710111111,3.431,1.06027054277778,3.441
1.0605557125,3.431,1.06059505833333,3.431,1.06054823722222,3.441
1.06083337722222,3.431,1.06087288583333,3.431,1.06082582305556,3.431
1.06111133138889,3.431,1.06115091833333,3.431,1.06110386861111,3.441
1.06138933638889,3.431,1.06142898305556,3.431,1.06138146388889,3.441
1.06166710388889,3.431,1.06170649305556,3.441,1.06165957722222,3.441
1.06194452333333,3.431,1.06198426416667,3.441,1.06193737527778,3.441
1.06222287694444,3.431,1.06226251472222,3.431,1.06221484416667,3.441
1.062500455,3.431,1.06254031638889,3.431,1.06249291055556,3.441
1.06277823027778,3.431,1.06281822055556,3.431,1.0627708875,3.441
1.06305621083333,3.431,1.06309603805556,3.441,1.06304853194444,3.441
1.06333380638889,3.431,1.06337380833333,3.431,1.06332651083333,3.441
1.06361164361111,3.431,1.06365167527778,3.431,1.06360438972222,3.441
1.06388994638889,3.431,1.06392934277778,3.431,1.06388220861111,3.441
1.06416782972222,3.431,1.06420725555556,3.431,1.06416036083333,3.441
1.06444576138889,3.431,1.06448512527778,3.431,1.06443820888889,3.441
1.06472383611111,3.441,1.06476340888889,3.431,1.06471629388889,3.441
1.06500171138889,3.431,1.06504101833333,3.431,1.064993885,3.441
1.06527958833333,3.431,1.06531891527778,3.441,1.065271925,3.441
1.06555790222222,3.431,1.06559665583333,3.431,1.0655495475,3.441
1.06583568861111,3.431,1.06587456972222,3.431,1.06582760861111,3.441
1.06611356,3.431,1.06615248472222,3.431,1.06610512194444,3.441
1.06639155944444,3.431,1.06643057638889,3.431,1.0663830025,3.441
1.06666889611111,3.431,1.06670878111111,3.441,1.06666111138889,3.441
1.06694664888889,3.431,1.06698629944444,3.441,1.06693891638889,3.441
1.06722481277778,3.431,1.06726440222222,3.441,1.0672168875,3.441
1.06750249694444,3.431,1.0675422475,3.431,1.06749435361111,3.441
1.06778008972222,3.431,1.06782037611111,3.431,1.06777229555556,3.441
1.068058105,3.441,1.06809873138889,3.441,1.06805007944444,3.441
1.06833631805556,3.431,1.06837646305556,3.431,1.06832825027778,3.441
1.06861386611111,3.441,1.06865415,3.441,1.068605595,3.441
1.06889178083333,3.431,1.06893207277778,3.431,1.06888369916667,3.441
1.06916960583333,3.431,1.06920995694444,3.431,1.06916170194444,3.441
1.06944734388889,3.431,1.0694881175,3.441,1.06943919138889,3.441
1.06972498222222,3.431,1.06976595638889,3.431,1.06971737805556,3.441
1.07000275777778,3.431,1.07004421944444,3.441,1.06999534694444,3.441
1.07028128055556,3.431,1.07032235,3.441,1.07027308416667,3.441
1.07055900138889,3.431,1.07060025666667,3.431,1.07055088111111,3.441
1.07083673805556,3.431,1.07087768527778,3.431,1.07082900333333,3.441
1.071114715,3.431,1.07115564583333,3.441,1.07110663138889,3.441
1.07139255083333,3.431,1.07143349777778,3.431,1.0713845375,3.441
1.07167066027778,3.431,1.07171148888889,3.431,1.07166252305556,3.441
1.07194882555556,3.431,1.07198926111111,3.441,1.07194052111111,3.441
1.07222646611111,3.431,1.07226717472222,3.441,1.07221859222222,3.441
1.07250463694444,3.431,1.07254462833333,3.441,1.0724962875,3.441
1.07278232555556,3.431,1.07282259666667,3.441,1.07277396194444,3.441
1.07306007027778,3.431,1.07310012583333,3.431,1.07305175944444,3.441
1.07333815694444,3.441,1.07337853555556,3.431,1.07332955444444,3.441
1.07361573888889,3.431,1.07365650138889,3.441,1.07360770944444,3.441
1.073893725,3.431,1.07393463055556,3.431,1.07388580305556,3.441
1.07417150416667,3.431,1.07421267805556,3.431,1.07416358611111,3.441
1.0744496475,3.431,1.07449042,3.441,1.07444158611111,3.441
1.07472786361111,3.431,1.07476833277778,3.431,1.07471940888889,3.441
1.07500573888889,3.431,1.07504579194444,3.431,1.07499740694444,3.441
1.07528359444444,3.431,1.07532407333333,3.441,1.07527550611111,3.441
1.07556161777778,3.431,1.0756020325,3.431,1.07555298916667,3.441
1.07583945916667,3.431,1.07587977361111,3.441,1.07583106388889,3.441
1.07611797833333,3.431,1.07615761166667,3.431,1.076108645,3.441
1.07639558194444,3.431,1.07643548166667,3.441,1.07638672888889,3.441
1.07667329138889,3.431,1.07671290138889,3.431,1.07666483972222,3.441
1.07695110972222,3.441,1.07699112833333,3.431,1.07694275805556,3.441
1.07722896722222,3.441,1.07726912138889,3.441,1.07722047805556,3.441
1.07750687861111,3.431,1.0775467775,3.441,1.07749811055556,3.441
1.07778439611111,3.431,1.0778250125,3.431,1.07777594694444,3.441
1.07806262055556,3.431,1.07810261,3.441,1.07805405583333,3.441
1.07834041944444,3.431,1.07838042305556,3.441,1.07833142,3.441
1.07861807916667,3.431,1.07865861361111,3.431,1.07860981083333,3.441
1.07889601305556,3.441,1.07893659888889,3.441,1.07888760833333,3.441
1.07917374,3.431,1.07921433194444,3.431,1.07916530194444,3.441
1.07945174583333,3.431,1.0794922225,3.441,1.07944298888889,3.441
1.07972920361111,3.431,1.07976995777778,3.431,1.07972089611111,3.441
1.08000728138889,3.431,1.08004764277778,3.441,1.07999878472222,3.441
1.08028523472222,3.431,1.08032577777778,3.431,1.08027671166667,3.441
1.08056323833333,3.431,1.08060368,3.441,1.08055468388889,3.441
1.08084086555556,3.431,1.08088177,3.431,1.08083258555556,3.441
1.08111906722222,3.431,1.08115979,3.441,1.08111031805556,3.441
1.08139681805556,3.431,1.08143768,3.441,1.08138829194444,3.441
1.08167488638889,3.431,1.08171545361111,3.441,1.08166634888889,3.441
1.0819532125,3.431,1.08199311722222,3.441,1.08194428027778,3.441
1.08223076944444,3.431,1.08227099138889,3.441,1.08222169888889,3.441
1.08250854305556,3.441,1.08254910805556,3.441,1.0824996875,3.441
1.08278666972222,3.431,1.08282704194444,3.441,1.08277791361111,3.441
1.08306434111111,3.431,1.08310465527778,3.441,1.08305568277778,3.441
1.08334237305556,3.431,1.08338265305556,3.441,1.08333322194444,3.441
1.083619965,3.441,1.083660165,3.431,1.08361123583333,3.441
1.08389795055556,3.431,1.08393837111111,3.441,1.0838889825,3.441
1.08417576666667,3.431,1.08421652916667,3.441,1.08416668194444,3.441
1.08445390833333,3.431,1.08449450555556,3.441,1.0844445525,3.441
1.08473167583333,3.431,1.08477186305556,3.441,1.08472236083333,3.441
1.08500950638889,3.431,1.08504985361111,3.441,1.08500020611111,3.441
1.08528739444444,3.431,1.08532774472222,3.441,1.08527805305556,3.441
1.08556485611111,3.431,1.08560565472222,3.441,1.08555587444444,3.441
1.08584286861111,3.441,1.08588375722222,3.441,1.08583362416667,3.441
1.08612049611111,3.431,1.086161715,3.441,1.08611145083333,3.441
1.08639839194444,3.431,1.08643952611111,3.441,1.08638914944444,3.441
1.08667607027778,3.431,1.08671746138889,3.441,1.08666741583333,3.441
1.08695359805556,3.431,1.08699523694444,3.441,1.08694469722222,3.441
1.08723178222222,3.441,1.08727288611111,3.441,1.08722273916667,3.441
1.08750934833333,3.431,1.08755094388889,3.441,1.08750033277778,3.441
1.08778740166667,3.441,1.08782886222222,3.441,1.08777813555556,3.441
1.08806483194444,3.431,1.08810667111111,3.431,1.08805607444444,3.441
1.08834276888889,3.441,1.0883844125,3.441,1.08833361861111,3.441
1.08862070583333,3.431,1.08866197833333,3.441,1.08861176222222,3.441
1.088898405,3.441,1.08894023527778,3.441,1.08888945972222,3.441
1.08917629555556,3.431,1.08921768888889,3.441,1.08916756861111,3.441
1.08945392388889,3.431,1.08949575666667,3.431,1.08944540138889,3.441
1.0897316325,3.441,1.089773445,3.431,1.08972283166667,3.441
1.09000944305556,3.431,1.09005144166667,3.441,1.09000063888889,3.441
1.09028743055556,3.441,1.09032949055556,3.441,1.09027869805556,3.441
1.09056504277778,3.441,1.09060708916667,3.441,1.09055657861111,3.441
1.09084269666667,3.431,1.09088502833333,3.441,1.09083408805556,3.441
1.09112072444444,3.431,1.09116250722222,3.431,1.09111173583333,3.441
1.09139842,3.431,1.09144042888889,3.441,1.09139025277778,3.441
1.09167636861111,3.431,1.09171857611111,3.431,1.09166782805556,3.441
1.09195413305556,3.431,1.09199624305556,3.441,1.09194568805556,3.441
1.09223230277778,3.441,1.09227377944444,3.441,1.09222340027778,3.441
1.09250996722222,3.431,1.09255228694444,3.431,1.09250110611111,3.441
1.092787915,3.431,1.09282985944444,3.431,1.09277931388889,3.441
1.09306595361111,3.441,1.09310782972222,3.441,1.09305741,3.441
1.09334341638889,3.431,1.0933856175,3.441,1.09333523805556,3.441
1.09362161027778,3.431,1.09366302222222,3.441,1.09361323833333,3.441
1.09389941416667,3.431,1.09394140444444,3.431,1.09389068138889,3.441
1.09417721888889,3.431,1.0942190425,3.431,1.09416889361111,3.441
1.09445556944444,3.431,1.09449697194444,3.431,1.09444675916667,3.441
1.0947330475,3.431,1.09477469277778,3.441,1.09472460083333,3.441
1.09501086722222,3.431,1.09505236055556,3.441,1.09500205777778,3.441
1.09528899083333,3.431,1.09533072388889,3.441,1.09528016833333,3.441
1.095567035,3.441,1.09560867277778,3.441,1.09555789833333,3.441
1.09584484833333,3.431,1.09588632916667,3.441,1.09583577888889,3.441
1.09612299388889,3.431,1.09616453416667,3.441,1.09611373944444,3.441
1.09640052305556,3.441,1.09644206638889,3.441,1.09639165277778,3.441
1.09667862166667,3.441,1.09672019277778,3.441,1.09666963083333,3.441
1.09695653333333,3.431,1.09699804805556,3.441,1.09694739972222,3.441
1.09723456,3.431,1.09727614305556,3.441,1.09722541,3.441
1.09751201444444,3.431,1.09755378388889,3.441,1.09750307472222,3.441
1.09779002388889,3.441,1.09783189777778,3.441,1.0977810575,3.441
1.09806782305556,3.441,1.09810944361111,3.441,1.09805888861111,3.441
1.09834561944444,3.431,1.09838751388889,3.431,1.09833707805556,3.441
1.09862334694444,3.431,1.09866514222222,3.441,1.09861465111111,3.441
1.09890110583333,3.431,1.09894291583333,3.441,1.09889280833333,3.441
1.0991795125,3.431,1.09922108333333,3.441,1.09917101805556,3.441
1.09945732194444,3.431,1.09949892833333,3.441,1.09944885916667,3.441
1.09973540388889,3.431,1.09977665944444,3.441,1.09972700888889,3.441
1.100013175,3.441,1.10005412305556,3.441,1.10000517861111,3.441
1.10029096694444,3.431,1.10033245694444,3.441,1.10028275611111,3.441
1.10056941083333,3.441,1.10061003944444,3.441,1.10056078722222,3.441
1.10084742805556,3.431,1.10088766916667,3.431,1.10083841166667,3.441
1.10112511388889,3.431,1.10116604027778,3.441,1.10111628027778,3.441
1.10140314277778,3.441,1.10144396527778,3.441,1.10139421027778,3.441
1.10168087111111,3.431,1.10172205166667,3.431,1.10167191527778,3.441
1.10195872694444,3.431,1.10199981111111,3.441,1.1019499075,3.441
1.10223638166667,3.431,1.10227770416667,3.441,1.10222779166667,3.441
1.10251438944444,3.431,1.10255555277778,3.441,1.10250566388889,3.441
1.10279238916667,3.441,1.10283322055556,3.441,1.10278369166667,3.441
1.10306970944444,3.441,1.10311099194444,3.441,1.10306150722222,3.441
1.10334769555556,3.431,1.10338915083333,3.441,1.10333914777778,3.441
1.10362554972222,3.441,1.10366721361111,3.441,1.1036170825,3.441
1.10390388194444,3.431,1.10394467916667,3.441,1.10389474333333,3.441
1.10418160361111,3.441,1.10422243861111,3.441,1.10417257388889,3.441
1.10445958222222,3.441,1.10450033388889,3.441,1.10445037694444,3.441
1.10473751333333,3.431,1.10477821277778,3.441,1.10472835138889,3.441
1.10501550444444,3.441,1.10505606416667,3.441,1.10500657861111,3.441
1.10529381194444,3.441,1.10533409166667,3.441,1.10528417472222,3.441
1.10557137555556,3.431,1.10561198388889,3.441,1.10556171888889,3.451
1.10584922888889,3.441,1.10589026333333,3.441,1.10584015916667,3.451
1.1061273525,3.441,1.10616789888889,3.441,1.10611780638889,3.441
1.10640532305556,3.441,1.10644600444444,3.441,1.10639564861111,3.441
1.10668319388889,3.441,1.10672349055556,3.441,1.10667330861111,3.441
1.10696125194444,3.431,1.10700151138889,3.441,1.10695139166667,3.441
1.10723886055556,3.441,1.1072792575,3.441,1.10722932333333,3.441
1.10751710583333,3.441,1.10755689388889,3.441,1.10750683055556,3.441
1.10779483722222,3.431,1.10783516583333,3.441,1.10778463666667,3.441
1.10807271777778,3.441,1.108112835,3.441,1.10806230611111,3.441
1.10835054666667,3.431,1.10839078166667,3.441,1.10834049361111,3.441
1.10862807722222,3.431,1.10866830138889,3.441,1.10861812777778,3.441
1.10890639194444,3.431,1.10894597805556,3.441,1.10889621555556,3.441
1.10918417305556,3.431,1.10922373388889,3.441,1.10917441055556,3.441
1.10946181527778,3.441,1.10950183555556,3.441,1.10945247416667,3.441
1.10973974888889,3.441,1.10977972638889,3.441,1.10973026388889,3.441
1.11001750138889,3.441,1.11005736611111,3.441,1.11000854055556,3.441
1.11029522083333,3.441,1.11033584527778,3.441,1.11028608888889,3.441
1.11057303416667,3.431,1.11061395361111,3.441,1.11056364888889,3.441
1.11085084,3.441,1.11089143277778,3.441,1.11084168027778,3.451
1.11112877416667,3.441,1.11116950916667,3.441,1.1111195,3.441
1.11140673944444,3.441,1.11144702277778,3.441,1.111397265,3.441
1.11168435666667,3.441,1.11172488472222,3.441,1.11167522722222,3.441
1.11196241111111,3.441,1.11200273833333,3.441,1.11195310722222,3.441
1.11223974166667,3.441,1.11228087027778,3.441,1.11223162472222,3.441
1.11251745638889,3.441,1.11255847916667,3.441,1.11250935888889,3.441
1.11279556944444,3.441,1.11283691611111,3.441,1.11278706972222,3.441
1.11307366027778,3.431,1.1131147875,3.441,1.11306451916667,3.441
1.11335146916667,3.431,1.11339257833333,3.441,1.1133425675,3.441
1.11362889833333,3.441,1.11367020444444,3.431,1.11362050861111,3.441
1.11390666277778,3.441,1.11394798,3.441,1.11389848638889,3.441
1.114184835,3.431,1.11422614666667,3.441,1.1141762375,3.451
1.11446230833333,3.441,1.11450394333333,3.441,1.11445408361111,3.441
1.1147400275,3.441,1.11478180361111,3.441,1.11473201222222,3.451
1.11501821166667,3.441,1.11505965694444,3.441,1.11500956277778,3.441
1.11529590777778,3.431,1.11533747777778,3.441,1.11528795,3.441
1.11557362444444,3.441,1.11561534333333,3.441,1.11556556611111,3.441
1.11585139805556,3.441,1.11589327833333,3.441,1.11584334944444,3.441
1.11612940333333,3.431,1.11617098638889,3.441,1.11612117388889,3.441
1.11640666694444,3.441,1.1164487225,3.441,1.11639902388889,3.441
1.11668480527778,3.441,1.11672674638889,3.441,1.11667707416667,3.441
1.11696263305556,3.441,1.11700488833333,3.441,1.11695490388889,3.441
1.11724004722222,3.431,1.11728272888889,3.441,1.11723259888889,3.441
1.11751815111111,3.441,1.11756063388889,3.441,1.11751012722222,3.441
1.11779553055556,3.441,1.11783825416667,3.441,1.11778820805556,3.441
1.11807383972222,3.441,1.11811650333333,3.441,1.11806581055556,3.441
1.11835182472222,3.441,1.11839456083333,3.441,1.11834383666667,3.441
1.11863005055556,3.441,1.11867231444444,3.441,1.11862171388889,3.441
1.11890808694444,3.441,1.11895025694444,3.441,1.1188992175,3.441
1.11918597111111,3.441,1.11922835555556,3.441,1.11917750722222,3.451
1.11946359722222,3.441,1.11950616111111,3.441,1.11945545777778,3.441
1.11974127555556,3.441,1.11978381527778,3.441,1.11973303555556,3.441
1.1200189425,3.441,1.12006207722222,3.441,1.12001093527778,3.441
1.12029713444444,3.441,1.12033945277778,3.441,1.12028888583333,3.441
1.12057477666667,3.441,1.12061767222222,3.441,1.12056685166667,3.441
1.1208528725,3.441,1.12089520194444,3.441,1.12084444083333,3.441
1.12113107055556,3.441,1.12117310527778,3.441,1.12112273527778,3.441
1.121408685,3.441,1.12145084638889,3.441,1.12140083083333,3.441
1.12168613694444,3.441,1.12172869972222,3.441,1.1216790275,3.441
1.12196446722222,3.431,1.12200662361111,3.441,1.12195709583333,3.441
1.12224227,3.441,1.12228456111111,3.441,1.12223509138889,3.441
1.12252011444444,3.441,1.12256251361111,3.441,1.12251281055556,3.451
1.12279822944444,3.441,1.12284051944444,3.441,1.12279111527778,3.441
1.12307624361111,3.431,1.12311826888889,3.441,1.12306858888889,3.441
1.12335356694444,3.441,1.12339616805556,3.441,1.12334684472222,3.441
1.12363184222222,3.441,1.12367457722222,3.441,1.12362466333333,3.441
1.12390924861111,3.441,1.12395259055556,3.441,1.12390227527778,3.451
1.124186945,3.441,1.12423045083333,3.441,1.12418039166667,3.441
1.12446521833333,3.441,1.12450837305556,3.441,1.12445874055556,3.441
1.12474265777778,3.441,1.12478620916667,3.441,1.12473646916667,3.441
1.12502077166667,3.441,1.12506408361111,3.441,1.12501431666667,3.441
1.12529860083333,3.441,1.1253420575,3.441,1.1252920975,3.441
1.12557655722222,3.441,1.12562034,3.441,1.12556972388889,3.441
1.12585405833333,3.441,1.12589809722222,3.441,1.12584761555556,3.441
1.12613189277778,3.441,1.12617572416667,3.441,1.12612524388889,3.441
1.12640983111111,3.441,1.12645393666667,3.441,1.12640317833333,3.451
1.12668797555556,3.431,1.12673185388889,3.441,1.12668103611111,3.441
1.12696585277778,3.431,1.12700958361111,3.441,1.12695874166667,3.441
1.12724348444444,3.441,1.1272874375,3.441,1.12723647361111,3.451
1.12752118277778,3.441,1.12756548916667,3.441,1.12751433888889,3.441
1.12779938388889,3.441,1.12784319416667,3.441,1.12779244388889,3.451
1.12807710805556,3.441,1.128121325,3.441,1.12807008111111,3.441
1.12835485138889,3.441,1.12839904138889,3.441,1.128348195,3.441
1.12863274361111,3.441,1.12867681111111,3.441,1.12862597416667,3.441
1.12891086444444,3.441,1.12895488805556,3.441,1.12890375472222,3.451
1.12918908916667,3.441,1.12923298416667,3.441,1.12918129277778,3.441
1.12946679055556,3.441,1.12951100388889,3.441,1.12945917,3.441
1.12974475722222,3.441,1.12978896472222,3.441,1.12973715555556,3.441
1.13002286833333,3.441,1.13006679055556,3.441,1.13001508472222,3.441
1.13030064555556,3.441,1.13034474333333,3.441,1.13029305638889,3.451
1.13057832361111,3.431,1.13062255666667,3.441,1.13057131638889,3.441
1.13085602666667,3.441,1.13090041027778,3.441,1.1308488675,3.441
1.13113387972222,3.441,1.13117807388889,3.441,1.1311268375,3.441
1.131411405,3.441,1.13145613666667,3.441,1.13140486111111,3.441
1.13168948722222,3.441,1.13173390305556,3.441,1.13168246333333,3.451
1.13196726166667,3.441,1.13201153722222,3.441,1.13196056861111,3.441
1.13224477777778,3.441,1.13228974527778,3.441,1.13223857194444,3.441
1.13252253222222,3.441,1.13256775805556,3.441,1.13251637416667,3.441
1.13280027277778,3.441,1.13284580527778,3.441,1.13279411944444,3.441
1.13307828305556,3.441,1.13312384972222,3.441,1.13307196972222,3.441
1.13335592055556,3.441,1.13340177611111,3.441,1.13334985027778,3.441
1.13363389944444,3.441,1.13367976916667,3.441,1.13362764694444,3.441
1.13391163055556,3.441,1.13395761083333,3.441,1.13390542416667,3.441
1.13418940805556,3.441,1.13423549277778,3.441,1.13418288277778,3.451
1.13446701416667,3.441,1.13451331805556,3.441,1.134460615,3.441
1.13474476972222,3.441,1.13479112638889,3.441,1.13473830333333,3.441
1.1350229325,3.441,1.13506930277778,3.441,1.13501632055556,3.441
1.13530119611111,3.441,1.13534741833333,3.441,1.13529403277778,3.451
1.13557929583333,3.441,1.13562520305556,3.441,1.13557221833333,3.441
1.13585691305556,3.441,1.13590299666667,3.441,1.13584997277778,3.441
1.13613474833333,3.441,1.13618080555556,3.441,1.13612827722222,3.441
1.13641255138889,3.441,1.13645891527778,3.441,1.13640588416667,3.441
1.13669063055556,3.441,1.13673652277778,3.441,1.13668388083333,3.441
1.13696854416667,3.441,1.13701437416667,3.441,1.13696208111111,3.441
1.13724631305556,3.441,1.13729228805556,3.441,1.13723976111111,3.441
1.13752408861111,3.441,1.13756975055556,3.441,1.1375179575,3.441
1.13780192666667,3.441,1.13784740305556,3.441,1.13779559,3.451
1.13807966611111,3.441,1.13812567194444,3.441,1.13807305222222,3.441
1.13835748444444,3.441,1.13840358777778,3.441,1.13835131777778,3.441
1.13863544888889,3.441,1.1386815275,3.441,1.13862929944444,3.441
1.13891309527778,3.441,1.13895970083333,3.441,1.13890712805556,3.441
1.13919097583333,3.441,1.13923735416667,3.441,1.13918513777778,3.451
1.13946833833333,3.441,1.13951516111111,3.441,1.13946291,3.451
1.13974632027778,3.441,1.13979304611111,3.441,1.13974072416667,3.451
1.14002402527778,3.441,1.14007087888889,3.441,1.14001855638889,3.451
1.1403019175,3.441,1.14034870805556,3.441,1.14029689833333,3.451
1.14058018472222,3.441,1.14062666277778,3.441,1.14057495583333,3.441
1.14085804055556,3.441,1.14090401388889,3.441,1.14085282083333,3.451
1.14113572805556,3.441,1.14118214527778,3.441,1.14113053666667,3.451
1.14141354,3.441,1.14146018111111,3.441,1.14140877055556,3.441
1.14169157305556,3.441,1.14173828416667,3.441,1.14168638194444,3.441
1.14196883944444,3.441,1.14201608,3.441,1.141964145,3.451
1.14224698083333,3.441,1.14229373111111,3.441,1.14224186583333,3.441
1.14252509611111,3.441,1.14257151805556,3.441,1.1425195425,3.451
1.14280279944444,3.441,1.14284989166667,3.441,1.14279747722222,3.441
1.14308081083333,3.441,1.14312747305556,3.441,1.14307569916667,3.441
1.14335881583333,3.441,1.14340549805556,3.441,1.14335338972222,3.451
1.14363681833333,3.441,1.14368349861111,3.441,1.14363151833333,3.451
1.14391469305556,3.441,1.14396134916667,3.441,1.14390916055556,3.451
1.14419269305556,3.441,1.14423914888889,3.441,1.14418705805556,3.451
1.14447053694444,3.441,1.14451671944444,3.441,1.14446479583333,3.451
1.14474850166667,3.441,1.1447946125,3.441,1.1447429175,3.451
1.14502639888889,3.441,1.14507241638889,3.441,1.14502046361111,3.441
1.14530405361111,3.441,1.1453504275,3.441,1.14529813,3.451
1.14558170722222,3.441,1.14562843472222,3.441,1.14557601527778,3.441
1.14586019861111,3.441,1.145906505,3.441,1.14585384027778,3.451
1.146137735,3.441,1.14618426138889,3.441,1.14613201527778,3.451
1.14641529777778,3.441,1.14646179694444,3.441,1.14641009222222,3.441
1.14669343666667,3.441,1.14673996833333,3.441,1.14668798861111,3.451
1.1469711775,3.441,1.14701812833333,3.441,1.14696551611111,3.451
1.1472488925,3.431,1.147295665,3.441,1.14724328027778,3.441
1.14752672305556,3.441,1.14757325583333,3.441,1.14752121888889,3.441
1.14780454944444,3.441,1.14785173666667,3.441,1.14779880416667,3.451
1.14808248138889,3.441,1.14812946083333,3.441,1.14807689916667,3.441
1.14836030583333,3.441,1.14840728972222,3.441,1.14835466388889,3.441
1.14863833861111,3.441,1.14868523416667,3.441,1.14863218916667,3.451
1.14891620861111,3.441,1.14896265722222,3.441,1.14891049694444,3.451
1.14919388527778,3.441,1.14924083472222,3.441,1.14918833944444,3.451
1.14947163805556,3.441,1.14951888305556,3.441,1.14946629694444,3.451
1.149749295,3.441,1.14979682666667,3.441,1.14974399055556,3.451
1.15002750388889,3.441,1.15007463111111,3.441,1.15002163944444,3.441
1.15030495138889,3.441,1.15035242611111,3.441,1.15029990611111,3.441
1.15058326666667,3.441,1.15063023472222,3.441,1.15057734611111,3.441
1.15086088944444,3.441,1.15090811916667,3.441,1.15085529722222,3.451
1.15113853277778,3.441,1.15118619888889,3.441,1.15113338027778,3.441
1.15141670138889,3.441,1.15146402138889,3.441,1.15141133388889,3.441
1.15169442972222,3.441,1.15174151472222,3.441,1.15168904,3.441
1.15197222388889,3.441,1.15201930111111,3.441,1.15196702722222,3.441
1.152250175,3.441,1.15229777222222,3.441,1.15224550027778,3.451
1.15252813027778,3.441,1.15257570361111,3.441,1.15252285,3.441
1.15280587944444,3.441,1.15285380222222,3.441,1.15280111388889,3.451
1.15308363638889,3.441,1.15313126638889,3.441,1.15307898777778,3.441
1.15336186972222,3.441,1.15340920555556,3.441,1.15335699611111,3.441
1.15363979833333,3.441,1.15368699111111,3.441,1.15363467222222,3.451
1.15391759,3.441,1.15396439166667,3.441,1.15391285861111,3.451
1.15419516083333,3.441,1.15424247972222,3.441,1.15419069083333,3.451
1.15447315166667,3.441,1.15452037611111,3.441,1.15446860111111,3.441
1.15475057527778,3.441,1.15479805694444,3.441,1.15474627111111,3.451
1.15502841444444,3.441,1.15507596722222,3.441,1.15502414027778,3.441
1.15530652611111,3.441,1.15535389583333,3.441,1.15530191333333,3.451
1.15558453361111,3.441,1.15563156333333,3.441,1.15557960444444,3.451
1.15586207027778,3.441,1.15590939027778,3.441,1.15585741305556,3.451
1.15613971,3.441,1.15618719861111,3.441,1.15613558305556,3.451
1.15641805305556,3.441,1.15646504833333,3.441,1.15641336361111,3.451
1.15669551611111,3.441,1.15674308861111,3.441,1.15669142861111,3.441
1.15697348388889,3.441,1.15702089472222,3.441,1.15696920361111,3.441
1.15725146388889,3.441,1.15729847611111,3.441,1.15724704055556,3.441
1.15752914111111,3.441,1.15757641638889,3.441,1.15752481611111,3.451
1.15780730861111,3.441,1.157854185,3.441,1.157802705,3.441
1.15808545722222,3.441,1.15813178694444,3.441,1.15808058611111,3.451
1.158363315,3.441,1.15840994777778,3.441,1.1583581675,3.451
1.15864099472222,3.441,1.15868760055556,3.441,1.15863584694444,3.441
1.15891896472222,3.441,1.15896562611111,3.441,1.15891390138889,3.441
1.15919673194444,3.441,1.15924348305556,3.451,1.15919165111111,3.441
1.15947467722222,3.441,1.15952096833333,3.441,1.15946950722222,3.451
1.15975231388889,3.441,1.15979951638889,3.441,1.15974769083333,3.451
1.16003049638889,3.441,1.16007787861111,3.441,1.16002499388889,3.441
1.16030845611111,3.441,1.16035563083333,3.441,1.16030306388889,3.441
1.16058588083333,3.441,1.16063357222222,3.441,1.16058093583333,3.451
1.16086384333333,3.441,1.16091134861111,3.441,1.1608583025,3.451
1.16114159861111,3.441,1.16118906611111,3.441,1.16113614111111,3.451
1.16141947944444,3.441,1.16146686138889,3.441,1.16141464861111,3.451
1.16169712888889,3.441,1.16174467,3.441,1.16169233666667,3.451
1.16197535,3.441,1.16202288694444,3.441,1.16197023083333,3.441
1.16225319472222,3.441,1.16230111416667,3.441,1.16224814361111,3.451
1.16253126722222,3.441,1.162578665,3.441,1.16252565555556,3.441
1.16280903833333,3.441,1.16285643777778,3.441,1.16280366055556,3.451
1.16308647222222,3.441,1.16313431333333,3.441,1.16308150444444,3.451
1.16336449333333,3.441,1.16341189305556,3.441,1.16335899972222,3.451
1.16364224027778,3.441,1.16369005527778,3.441,1.16363684888889,3.441
1.16392050555556,3.441,1.16396779888889,3.441,1.16391474416667,3.451
1.16419846638889,3.441,1.16424520861111,3.441,1.16419282305556,3.451
1.16447648138889,3.441,1.16452309333333,3.441,1.16447065972222,3.451
1.16475426555556,3.441,1.16480068666667,3.441,1.1647484325,3.441
1.16503232666667,3.441,1.16507874666667,3.441,1.16502611583333,3.451
1.16530996444444,3.441,1.16535644166667,3.441,1.16530391083333,3.451
1.16558777805556,3.441,1.16563435805556,3.441,1.16558174416667,3.451
1.16586567527778,3.441,1.16591205694444,3.451,1.1658599475,3.451
1.16614395861111,3.441,1.16618982361111,3.441,1.166137335,3.451
1.1664216325,3.441,1.16646778083333,3.441,1.16641550611111,3.451
1.16669940361111,3.441,1.16674538,3.441,1.16669357861111,3.451
1.16697734555556,3.441,1.16702330277778,3.441,1.16697171805556,3.451
1.16725515527778,3.441,1.16730121333333,3.441,1.16724993666667,3.451
1.16753268055556,3.441,1.16757948861111,3.441,1.16752768472222,3.451
1.16781062111111,3.441,1.16785705416667,3.441,1.16780567222222,3.451
1.16808826444444,3.441,1.1681350125,3.441,1.16808301972222,3.451
1.16836618638889,3.441,1.16841287277778,3.441,1.16836129916667,3.451
1.16864418,3.441,1.16869047444444,3.441,1.16863964361111,3.451
1.16892242583333,3.441,1.16896794694444,3.441,1.16891718527778,3.451
1.16920000777778,3.441,1.16924645444444,3.441,1.16919504,3.451
1.16947789722222,3.441,1.16952411361111,3.441,1.16947301083333,3.451
1.16975580166667,3.441,1.1698017825,3.441,1.16975093833333,3.451
1.17003389944444,3.441,1.1700799575,3.441,1.17002859416667,3.451
1.17031164666667,3.441,1.17035781833333,3.441,1.17030638166667,3.451
1.17058975916667,3.441,1.17063565,3.441,1.17058410111111,3.451
1.17086771611111,3.441,1.17091364916667,3.441,1.17086204611111,3.451
1.17114546444444,3.441,1.17119129361111,3.441,1.17113985638889,3.451
1.17142345916667,3.441,1.17146912527778,3.441,1.17141748805556,3.451
1.1717011625,3.441,1.17174684944444,3.441,1.17169539888889,3.451
1.17197864166667,3.441,1.17202433416667,3.441,1.17197310111111,3.451
1.17225675472222,3.441,1.17230237222222,3.451,1.17225079138889,3.441
1.17253445638889,3.441,1.17258077138889,3.451,1.17252867611111,3.451
1.17281253138889,3.441,1.17285875916667,3.451,1.17280648861111,3.451
1.17309021194444,3.441,1.17313661333333,3.441,1.1730846275,3.451
1.17336803944444,3.441,1.17341454,3.441,1.17336261638889,3.451
1.17364617388889,3.441,1.17369209722222,3.441,1.17364036027778,3.451
1.17392435805556,3.441,1.1739698375,3.441,1.17391824194444,3.451
1.17420239805556,3.441,1.17424798305556,3.441,1.17419607388889,3.451
1.17448043777778,3.441,1.1745256325,3.441,1.17447391472222,3.451
1.17475811722222,3.441,1.17480363083333,3.441,1.17475215638889,3.451
1.17503554888889,3.441,1.17508146,3.441,1.17502955944444,3.451
1.175313365,3.441,1.17535935805556,3.441,1.17530751722222,3.451
1.17559158638889,3.441,1.1756368025,3.451,1.17558525472222,3.451
1.17586922194444,3.441,1.17591493361111,3.451,1.17586348722222,3.451
1.17614736611111,3.441,1.17619273611111,3.451,1.17614123361111,3.451
1.17642516,3.441,1.17647080138889,3.441,1.17641886944444,3.451
1.17670282138889,3.441,1.17674838972222,3.441,1.1766966625,3.451
1.17698096138889,3.441,1.17702635083333,3.441,1.17697438472222,3.451
1.17725857277778,3.441,1.17730394944444,3.441,1.17725242027778,3.451
1.17753643388889,3.441,1.17758198361111,3.441,1.17752973611111,3.451
1.17781436,3.441,1.17785937777778,3.441,1.17780821611111,3.451
1.17809261861111,3.441,1.17813741194444,3.441,1.1780857575,3.441
1.17837029583333,3.441,1.17841507277778,3.451,1.17836330083333,3.451
1.178648105,3.441,1.17869304861111,3.441,1.17864132083333,3.441
1.17892622805556,3.441,1.17897064944444,3.441,1.17891903888889,3.451
1.17920418194444,3.441,1.17924844777778,3.441,1.17919697083333,3.451
1.17948213166667,3.441,1.17952638,3.441,1.17947495388889,3.451
1.17975982388889,3.441,1.17980411194444,3.441,1.17975273777778,3.451
1.18003779583333,3.441,1.18008158055556,3.441,1.18003061722222,3.451
1.18031574305556,3.441,1.18036010194444,3.441,1.18030868138889,3.451
1.18059365,3.441,1.18063750305556,3.451,1.18058636333333,3.451
1.18087153166667,3.441,1.18091560972222,3.451,1.18086450083333,3.451
1.18114913222222,3.441,1.18119372055556,3.441,1.18114241055556,3.451
1.18142684611111,3.441,1.18147126166667,3.451,1.18141973694444,3.451
1.18170442055556,3.441,1.18174901583333,3.441,1.18169791777778,3.451
1.18198272027778,3.441,1.18202684222222,3.441,1.18197574138889,3.451
1.18226027055556,3.441,1.18230489444444,3.441,1.18225323666667,3.451
1.18253836055556,3.441,1.18258266388889,3.441,1.18253113444444,3.451
1.18281622833333,3.441,1.18286083027778,3.441,1.18280939222222,3.441
1.18309412305556,3.441,1.18313843166667,3.451,1.18308688972222,3.451
1.18337196611111,3.441,1.18341654638889,3.451,1.18336479055556,3.451
1.18364945944444,3.441,1.18369429138889,3.441,1.18364275166667,3.451
1.18392725527778,3.441,1.18397200388889,3.451,1.18392093277778,3.451
1.18420539277778,3.441,1.18424987555556,3.441,1.18419870222222,3.451
1.184483525,3.441,1.1845278025,3.441,1.18447661722222,3.451
1.18476114416667,3.441,1.18480569472222,3.441,1.18475432055556,3.451
1.18503933888889,3.441,1.18508359361111,3.451,1.18503236861111,3.451
1.18531698888889,3.451,1.18536146388889,3.441,1.18531018416667,3.451
1.18559478916667,3.441,1.18563907833333,3.441,1.18558804833333,3.451
1.18587294583333,3.441,1.18591727638889,3.451,1.18586597305556,3.451
1.18615022944444,3.441,1.1861952675,3.441,1.18614383166667,3.451
1.18642838222222,3.441,1.18647325027778,3.441,1.18642148416667,3.451
1.18670621138889,3.441,1.18675115972222,3.451,1.18669949027778,3.451
1.18698387722222,3.451,1.1870284825,3.441,1.18697731972222,3.451
1.18726240388889,3.441,1.1873068675,3.451,1.18725531,3.451
1.18754046083333,3.441,1.18758448222222,3.441,1.18753307833333,3.451
1.18781824361111,3.441,1.187862395,3.441,1.18781087972222,3.451
1.18809579527778,3.451,1.1881403875,3.451,1.18808863833333,3.451
1.18837369277778,3.441,1.18841814055556,3.441,1.18836664388889,3.451
1.18865144944444,3.441,1.18869648277778,3.451,1.18864491333333,3.451
1.18892917611111,3.441,1.18897418916667,3.441,1.18892231833333,3.451
1.18920710416667,3.441,1.18925200944444,3.451,1.18920023805556,3.451
1.18948494388889,3.441,1.18953009611111,3.441,1.18947810138889,3.451
1.18976287638889,3.451,1.18980796111111,3.451,1.18975600944444,3.451
1.19004067777778,3.441,1.19008604305556,3.441,1.19003338694444,3.451
1.19031843416667,3.441,1.19036354194444,3.451,1.19031137305556,3.451
1.19059643861111,3.441,1.19064160388889,3.451,1.19058921777778,3.451
1.19087413,3.441,1.19091918166667,3.451,1.19086718111111,3.451
1.191152215,3.441,1.19119737861111,3.451,1.19114526222222,3.451
1.19143003333333,3.441,1.19147514194444,3.441,1.19142304222222,3.451
1.191707985,3.441,1.19175304888889,3.451,1.19170096472222,3.451
1.19198576611111,3.441,1.19203073944444,3.441,1.19197872055556,3.451
1.19226378277778,3.441,1.19230895194444,3.451,1.19225653611111,3.451
1.19254214111111,3.441,1.19258703166667,3.441,1.19253421138889,3.451
1.19281981222222,3.441,1.19286467888889,3.441,1.19281175361111,3.451
1.19309755194444,3.441,1.19314288166667,3.441,1.19308972833333,3.451
1.19337548611111,3.441,1.19342032555556,3.441,1.19336803583333,3.451
1.19365348833333,3.451,1.19369828,3.441,1.19364594611111,3.451
1.19393137944444,3.441,1.19397595944444,3.451,1.1939237225,3.451
1.194209195,3.441,1.1942539475,3.451,1.19420175805556,3.451
1.19448699416667,3.441,1.19453159805556,3.451,1.19447959777778,3.451
1.19476522527778,3.441,1.19480930222222,3.451,1.19475755361111,3.451
1.19504317083333,3.441,1.1950874675,3.451,1.19503558166667,3.451
1.19532088861111,3.441,1.19536493722222,3.451,1.19531354638889,3.451
1.19559875611111,3.441,1.19564316805556,3.451,1.19559148444444,3.451
1.19587672138889,3.441,1.19592087055556,3.451,1.19586946277778,3.451
1.1961544525,3.441,1.196198365,3.451,1.19614718555556,3.451
1.196432125,3.441,1.19647634333333,3.451,1.19642537416667,3.451
1.196709995,3.441,1.19675405,3.451,1.196703305,3.451
1.19698751972222,3.441,1.19703212388889,3.451,1.1969812875,3.451
1.19726585222222,3.441,1.19730970027778,3.451,1.19725925555556,3.451
1.19754373083333,3.441,1.19758780277778,3.451,1.197537085,3.451
1.19782155277778,3.451,1.19786586305556,3.451,1.19781479416667,3.451
1.19809982472222,3.441,1.19814356833333,3.441,1.19809297083333,3.451
1.19837725527778,3.441,1.19842160527778,3.451,1.198371165,3.451
1.19865528444444,3.441,1.19869903472222,3.451,1.19864894222222,3.451
1.19893305611111,3.441,1.19897757305556,3.451,1.19892688777778,3.451
1.19921090666667,3.441,1.19925504555556,3.451,1.19920489638889,3.451
1.19948904722222,3.441,1.199533185,3.441,1.19948300944444,3.451
1.19976637083333,3.441,1.199810925,3.451,1.19976026166667,3.451
1.20004432666667,3.441,1.20008896194444,3.451,1.200038435,3.451
1.20032201333333,3.441,1.20036663388889,3.451,1.20031582583333,3.451
1.20060037222222,3.441,1.20064407416667,3.451,1.20059361861111,3.451
1.2008784925,3.441,1.20092216527778,3.441,1.20087157444444,3.451
1.20115607805556,3.441,1.20120061611111,3.451,1.20114987666667,3.451
1.20143389611111,3.441,1.20147844777778,3.451,1.20142773555556,3.451
1.20171203861111,3.441,1.20175603333333,3.441,1.20170557277778,3.451
1.20198974194444,3.441,1.20203412027778,3.451,1.20198357416667,3.451
1.20226763555556,3.441,1.20231198611111,3.451,1.20226117583333,3.451
1.20254574416667,3.451,1.20259009722222,3.451,1.20253921583333,3.451
1.20282350277778,3.441,1.20286766777778,3.441,1.20281696944444,3.451
1.20310134944444,3.441,1.20314579805556,3.451,1.20309469416667,3.451
1.20337918055556,3.441,1.20342386527778,3.451,1.20337248055556,3.451
1.20365695083333,3.441,1.20370143833333,3.451,1.20365051805556,3.451
1.20393475722222,3.441,1.20397914388889,3.451,1.20392848166667,3.451
1.20421258861111,3.441,1.20425718333333,3.451,1.20420625055556,3.451
1.20449044694444,3.441,1.20453510527778,3.451,1.20448396138889,3.451
1.20476815611111,3.441,1.20481336611111,3.451,1.20476173166667,3.451
1.20504584527778,3.441,1.20509123166667,3.451,1.20503958611111,3.451
1.20532364611111,3.451,1.20536912694444,3.451,1.20531696083333,3.451
1.20560152444444,3.441,1.20564732444444,3.451,1.2055949725,3.451
1.20587903833333,3.441,1.20592490722222,3.451,1.20587301555556,3.451
1.20615716805556,3.441,1.20620277194444,3.451,1.2061509025,3.451
1.20643509944444,3.441,1.20648074055556,3.451,1.20642868694444,3.451
1.20671256361111,3.441,1.20675841027778,3.451,1.20670675055556,3.451
1.20699035527778,3.441,1.20703644166667,3.451,1.20698442638889,3.451
1.20726812083333,3.441,1.20731438583333,3.451,1.207262155,3.451
1.20754620083333,3.441,1.20759255083333,3.451,1.20754017083333,3.451
1.20782372666667,3.441,1.20787049972222,3.451,1.2078176175,3.451
1.2081018775,3.441,1.20814833777778,3.451,1.20809590333333,3.451
1.20837958361111,3.441,1.20842613611111,3.451,1.20837383138889,3.451
1.20865756333333,3.441,1.20870377722222,3.451,1.20865157583333,3.451
1.20893555166667,3.441,1.20898196888889,3.441,1.20892962166667,3.451
1.20921376888889,3.441,1.20925955611111,3.451,1.20920746194444,3.451
1.20949146222222,3.441,1.20953716416667,3.451,1.20948501166667,3.451
1.20976965361111,3.441,1.20981531166667,3.451,1.20976341861111,3.451
1.21004711916667,3.441,1.21009316833333,3.451,1.21004137277778,3.451
1.21032495611111,3.451,1.21037074916667,3.451,1.21031909166667,3.451
1.21060322722222,3.441,1.21064854611111,3.451,1.21059712972222,3.451
1.21088082972222,3.441,1.21092634694444,3.451,1.21087479694444,3.451
1.21115888277778,3.441,1.21120422583333,3.451,1.21115244111111,3.451
1.2114367375,3.441,1.21148208944444,3.451,1.2114303375,3.451
1.21171443416667,3.441,1.21176030055556,3.451,1.21170857277778,3.451
1.21199270472222,3.441,1.21203842916667,3.451,1.21198676583333,3.451
1.21227041138889,3.441,1.21231629638889,3.441,1.21226437555556,3.451
1.21254815888889,3.451,1.21259403916667,3.451,1.21254251638889,3.451
1.21282631666667,3.441,1.21287196638889,3.451,1.21282069916667,3.451
1.21310423916667,3.441,1.21314971388889,3.451,1.21309869861111,3.451
1.21338230222222,3.441,1.2134277175,3.451,1.21337635861111,3.451
1.21366029861111,3.441,1.21370567083333,3.451,1.21365388333333,3.451
1.21393795527778,3.451,1.21398338972222,3.451,1.21393199361111,3.451
1.214216005,3.441,1.21426174055556,3.451,1.21420967666667,3.451
1.2144940175,3.451,1.21453920722222,3.451,1.21448769416667,3.451
1.21477164944444,3.441,1.21481723694444,3.451,1.21476505194444,3.451
1.21504962555556,3.441,1.21509493916667,3.451,1.21504322027778,3.451
1.2153274725,3.441,1.21537288388889,3.451,1.21532105805556,3.451
1.2156053225,3.441,1.21565088055556,3.451,1.215598785,3.451
1.21588331277778,3.451,1.21592897805556,3.451,1.21587672861111,3.451
1.21616123388889,3.441,1.21620655666667,3.451,1.21615484833333,3.451
1.21643907916667,3.451,1.2164842375,3.451,1.21643258722222,3.451
1.21671701138889,3.441,1.21676218472222,3.451,1.21671074805556,3.451
1.21699494555556,3.451,1.21704018555556,3.451,1.21698844194444,3.451
1.21727279388889,3.451,1.21731806055556,3.451,1.21726612527778,3.451
1.21755095361111,3.441,1.21759599055556,3.451,1.21754383416667,3.451
1.21782829194444,3.451,1.21787398555556,3.451,1.21782204916667,3.451
1.21810655222222,3.441,1.21815183638889,3.451,1.21809996722222,3.451
1.21838426527778,3.441,1.21842967138889,3.451,1.21837801777778,3.451
1.21866232611111,3.451,1.21870792194444,3.451,1.21865597416667,3.451
1.21893989083333,3.451,1.21898590472222,3.451,1.21893358972222,3.451
1.21921781,3.441,1.21926332805556,3.451,1.21921126944444,3.451
1.21949543305556,3.451,1.21954172305556,3.451,1.21948908833333,3.451
1.21977335861111,3.441,1.21981970222222,3.451,1.21976668277778,3.451
1.22005123277778,3.441,1.22009758666667,3.441,1.22004492833333,3.451
1.22032921583333,3.441,1.22037495777778,3.451,1.22032250444444,3.451
1.22060688611111,3.451,1.22065297444444,3.451,1.22060075194444,3.451
1.22088481166667,3.451,1.22093068166667,3.451,1.22087837277778,3.451
1.22116293,3.441,1.22120864055556,3.451,1.22115626527778,3.451
1.22144079777778,3.451,1.22148654027778,3.451,1.22143405583333,3.451
1.22171845694444,3.451,1.22176462861111,3.451,1.2217120925,3.451
1.22199682416667,3.441,1.22204249722222,3.451,1.22198969638889,3.451
1.22227462194444,3.451,1.22232014638889,3.451,1.22226763666667,3.451
1.22255199666667,3.451,1.22259844277778,3.451,1.22254538944444,3.451
1.22282997833333,3.451,1.22287597861111,3.451,1.22282323388889,3.451
1.22310788277778,3.451,1.22315428277778,3.451,1.22310098,3.451
1.22338577083333,3.441,1.22343251638889,3.451,1.22337891166667,3.451
1.22366403694444,3.441,1.22370985555556,3.451,1.22365662972222,3.451
1.22394169972222,3.451,1.22398804027778,3.451,1.22393443527778,3.451
1.22421958611111,3.441,1.22426569138889,3.451,1.22421214555556,3.451
1.22449720222222,3.451,1.22454381916667,3.451,1.22449039138889,3.451
1.22477509277778,3.441,1.22482148666667,3.451,1.22476825361111,3.451
1.22505270388889,3.451,1.22509946666667,3.451,1.22504585722222,3.451
1.22533033861111,3.441,1.22537719638889,3.451,1.22532371194444,3.451
1.22560845277778,3.451,1.22565548333333,3.451,1.22560173555556,3.451
1.22588632166667,3.441,1.22593365555556,3.451,1.22587990166667,3.451
1.22616403416667,3.451,1.22621138833333,3.451,1.22615774444444,3.451
1.22644187444444,3.441,1.22648896888889,3.451,1.22643584888889,3.451
1.22671949972222,3.441,1.22676674472222,3.451,1.22671364,3.451
1.22699778416667,3.451,1.2270447475,3.441,1.22699163138889,3.451
1.22727552833333,3.451,1.22732248611111,3.451,1.2272693725,3.451
1.22755375972222,3.441,1.22760011694444,3.451,1.22754736611111,3.451
1.22783114611111,3.451,1.227877965,3.451,1.22782505305556,3.451
1.22810929222222,3.441,1.22815608833333,3.451,1.22810276388889,3.451
1.22838713777778,3.451,1.22843401694444,3.451,1.22838087861111,3.451
1.22866475083333,3.451,1.22871190388889,3.451,1.22865906833333,3.451
1.22894294305556,3.441,1.2289898025,3.451,1.22893680277778,3.451
1.22922075527778,3.451,1.22926771055556,3.451,1.22921423055556,3.451
1.22949862722222,3.451,1.22954557027778,3.451,1.22949243194444,3.451
1.22977647638889,3.451,1.22982370472222,3.451,1.22977013611111,3.451
1.23005402333333,3.441,1.2301016275,3.451,1.23004786305556,3.451
1.23033194527778,3.451,1.23037938166667,3.451,1.23032551472222,3.451
1.23060981444444,3.451,1.23065727555556,3.451,1.23060341805556,3.451
1.23088725055556,3.451,1.23093465472222,3.451,1.23088128333333,3.451
1.23116538861111,3.451,1.23121314861111,3.451,1.23115909361111,3.451
1.23144350305556,3.451,1.23149067916667,3.451,1.23143710138889,3.451
1.23172112166667,3.451,1.23176894361111,3.451,1.23171490972222,3.451
1.23199924361111,3.451,1.23204652944444,3.451,1.23199269361111,3.451
1.23227708444444,3.451,1.23232461055556,3.451,1.23227043694444,3.451
1.23255476444444,3.441,1.23260282027778,3.451,1.23254856361111,3.451
1.23283269972222,3.451,1.23288042111111,3.451,1.2328260925,3.451
1.23311044722222,3.451,1.23315849416667,3.451,1.23310390694444,3.451
1.23338829416667,3.451,1.23343632583333,3.451,1.23338203083333,3.451
1.23366592972222,3.451,1.23371443,3.451,1.23365982333333,3.451
1.23394382527778,3.451,1.23399229527778,3.451,1.23393756305556,3.451
1.234221695,3.441,1.23426986472222,3.451,1.23421565722222,3.451
1.23449963277778,3.451,1.23454793888889,3.451,1.23449379722222,3.451
1.23477750138889,3.441,1.23482602055556,3.451,1.23477152861111,3.451
1.23505501277778,3.451,1.23510393055556,3.451,1.2350496475,3.451
1.23533295444444,3.451,1.23538178138889,3.451,1.23532722611111,3.451
1.23561054083333,3.451,1.2356593075,3.451,1.23560535305556,3.451
1.23588864361111,3.451,1.23593680166667,3.451,1.23588326305556,3.451
1.23616638416667,3.451,1.23621506861111,3.451,1.23616097916667,3.451
1.23644439277778,3.441,1.23649315055556,3.451,1.23643832027778,3.451
1.23672190638889,3.441,1.23677057694444,3.451,1.23671632527778,3.451
1.23700037638889,3.441,1.23704890527778,3.451,1.23699427694444,3.451
1.23727805388889,3.451,1.23732681388889,3.451,1.23727215888889,3.451
1.23755553888889,3.451,1.23760467916667,3.451,1.23754994055556,3.451
1.23783376777778,3.451,1.23788239583333,3.451,1.23782762555556,3.451
1.23811129916667,3.451,1.23816015138889,3.451,1.23810551638889,3.451
1.23838911388889,3.451,1.23843793277778,3.451,1.238383385,3.451
1.2386668425,3.451,1.23871587694444,3.451,1.23866111194444,3.451
1.2389446475,3.451,1.23899355805556,3.451,1.23893925583333,3.451
1.23922217944444,3.451,1.23927141194444,3.451,1.23921683277778,3.451
1.23950046222222,3.451,1.23954932638889,3.451,1.23949444305556,3.451
1.23977803444444,3.451,1.23982704888889,3.451,1.23977257611111,3.451
1.24005602194444,3.451,1.24010496444444,3.451,1.24005046277778,3.451
1.24033390972222,3.451,1.24038318055556,3.451,1.24032808166667,3.451
1.240612065,3.451,1.24066071111111,3.451,1.24060617527778,3.451
1.24088995972222,3.451,1.24093881972222,3.451,1.24088406972222,3.451
1.24116797805556,3.441,1.24121645694444,3.451,1.24116170277778,3.451
1.24144547194444,3.451,1.24149443611111,3.451,1.24143924777778,3.451
1.24172351916667,3.451,1.24177249055556,3.451,1.24171712138889,3.451
1.24200112194444,3.451,1.24205046638889,3.451,1.24199508111111,3.451
1.24227884166667,3.451,1.24232824166667,3.451,1.24227273944444,3.451
1.24255683388889,3.441,1.24260621944444,3.451,1.2425507125,3.451
1.24283412694444,3.451,1.24288413416667,3.451,1.24282860777778,3.451
1.24311265611111,3.451,1.24316184972222,3.451,1.24310633027778,3.451
1.24338998777778,3.451,1.24343981472222,3.451,1.24338414305556,3.451
1.24366816888889,3.451,1.24371711861111,3.451,1.24366197888889,3.451
1.24394620388889,3.441,1.24399516944444,3.451,1.24393976555556,3.451
1.24422363222222,3.451,1.24427339055556,3.451,1.24421750194444,3.451
1.24450175416667,3.451,1.24455107222222,3.451,1.24449531944444,3.451
1.24478019111111,3.451,1.24482879638889,3.451,1.24477332916667,3.451
1.24505850583333,3.441,1.24510652694444,3.451,1.24505152222222,3.451
1.24533611333333,3.451,1.24538406611111,3.451,1.24532920055556,3.451
1.24561429277778,3.451,1.24566253666667,3.451,1.24560688083333,3.451
1.24589201527778,3.451,1.24594036277778,3.451,1.24588495388889,3.451
1.24616982472222,3.451,1.24621806944444,3.451,1.24616289083333,3.451
1.24644771083333,3.451,1.24649585166667,3.451,1.24644130611111,3.451
1.24672518611111,3.451,1.24677370777778,3.451,1.24671870305556,3.451
1.24700282916667,3.451,1.24705154888889,3.451,1.24699669166667,3.451
1.24728088472222,3.451,1.24732931055556,3.451,1.24727475833333,3.451
1.24755877722222,3.451,1.24760729222222,3.451,1.24755271694444,3.451
1.24783645222222,3.451,1.24788515111111,3.451,1.24783045305556,3.451
1.24811422305556,3.451,1.2481633325,3.451,1.2481080325,3.451
1.24839196722222,3.451,1.24844108944444,3.451,1.24838611444444,3.451
1.24866989027778,3.451,1.24871872972222,3.451,1.24866435027778,3.451
1.24894771805556,3.451,1.248996615,3.451,1.248941945,3.451
1.24922550527778,3.451,1.24927444777778,3.451,1.24921987333333,3.451
1.24950328527778,3.451,1.24955271055556,3.451,1.24949768861111,3.451
1.24978127333333,3.451,1.24983064055556,3.451,1.24977519472222,3.451
1.25005917416667,3.451,1.25010822388889,3.451,1.25005312972222,3.451
1.25033710666667,3.451,1.25038591472222,3.451,1.25033098277778,3.451
1.25061528944444,3.451,1.25066390722222,3.451,1.25060841444444,3.451
1.25089330944444,3.451,1.25094181861111,3.451,1.25088649166667,3.451
1.25117082166667,3.451,1.25121986416667,3.451,1.25116423055556,3.451
1.25144863694444,3.451,1.25149812805556,3.451,1.25144196638889,3.451
1.25172635027778,3.451,1.25177576583333,3.451,1.25172002972222,3.451
1.25200415638889,3.451,1.25205387666667,3.451,1.25199783861111,3.451
1.25228204111111,3.451,1.25233174277778,3.451,1.25227573333333,3.451
1.25255971472222,3.451,1.252609355,3.451,1.25255344055556,3.451
1.25283789833333,3.451,1.25288752694444,3.451,1.2528311225,3.451
1.25311567777778,3.451,1.25316524083333,3.451,1.25310900833333,3.451
1.25339303444444,3.451,1.25344319833333,3.451,1.253387325,3.451
1.25367118027778,3.451,1.25372095611111,3.451,1.25366516361111,3.451
1.25394933972222,3.441,1.25399880833333,3.451,1.25394261138889,3.451
1.25422709861111,3.451,1.25427668833333,3.451,1.25422070111111,3.451
1.25450487722222,3.451,1.25455476833333,3.451,1.25449826055556,3.451
1.25478266861111,3.451,1.25483267555556,3.451,1.25477591888889,3.451
1.25506024638889,3.451,1.25511082583333,3.451,1.25505409277778,3.451
1.25533857666667,3.451,1.25538850055556,3.451,1.25533210166667,3.451
1.25561669305556,3.451,1.25566632944444,3.451,1.25560966722222,3.451
1.25589441194444,3.451,1.25594415111111,3.451,1.25588728305556,3.451
1.2561723425,3.451,1.25622220638889,3.451,1.25616530083333,3.451
1.25644991694444,3.451,1.25650012138889,3.451,1.25644333527778,3.451
1.25672774861111,3.451,1.25677812305556,3.451,1.25672163277778,3.451
1.25700551444444,3.451,1.25705603527778,3.451,1.25699922972222,3.451
1.25728307194444,3.451,1.257333805,3.451,1.25727711694444,3.451
1.25756098833333,3.451,1.25761194277778,3.451,1.25755484805556,3.451
1.25783901638889,3.451,1.25789006694444,3.451,1.2578324825,3.451
1.25811673194444,3.441,1.25816776722222,3.451,1.25811035666667,3.451
1.25839460416667,3.451,1.25844549277778,3.451,1.25838823305556,3.451
1.25867248083333,3.451,1.25872319666667,3.451,1.25866612555556,3.451
1.25895016027778,3.451,1.25900107555556,3.451,1.25894417055556,3.451
1.259228505,3.451,1.25927888083333,3.451,1.25922189666667,3.451
1.25950615222222,3.451,1.25955673527778,3.451,1.25949974166667,3.451
1.25978376916667,3.451,1.25983412694444,3.451,1.25977761166667,3.451
1.26006134444444,3.451,1.26011214166667,3.451,1.2600555025,3.451
1.26033941916667,3.451,1.2603898725,3.451,1.26033366083333,3.451
1.26061762777778,3.451,1.26066809055556,3.451,1.26061130361111,3.451
1.26089531472222,3.451,1.26094567555556,3.451,1.26088966361111,3.451
1.26117314166667,3.451,1.26122381583333,3.451,1.261167485,3.451
1.26145116083333,3.451,1.261501655,3.451,1.26144519,3.451
1.26172883638889,3.451,1.26177931083333,3.451,1.26172302472222,3.451
1.26200701805556,3.451,1.2620571725,3.451,1.26200097305556,3.451
1.26228481916667,3.441,1.26233492138889,3.451,1.26227843416667,3.451
1.2625624825,3.451,1.26261270472222,3.451,1.26255646305556,3.451
1.26284049222222,3.451,1.26289047166667,3.451,1.26283437972222,3.451
1.26311834583333,3.451,1.26316824416667,3.451,1.26311201805556,3.451
1.26339626166667,3.451,1.2634465,3.451,1.26338990972222,3.451
1.263673855,3.451,1.26372402972222,3.451,1.26366777166667,3.451
1.26395143555556,3.451,1.2640021025,3.451,1.26394579,3.451
1.26422960805556,3.451,1.26428037555556,3.451,1.2642236575,3.451
1.26450737194444,3.451,1.2645579,3.451,1.26450180888889,3.451
1.26478539638889,3.451,1.26483571972222,3.451,1.2647796375,3.451
1.26506302722222,3.451,1.26511399388889,3.451,1.26505723194444,3.461
1.26534102694444,3.451,1.26539195888889,3.451,1.26533505,3.451
1.26561869083333,3.451,1.2656693675,3.451,1.26561304388889,3.461
1.26589685722222,3.451,1.26594754638889,3.451,1.26589088611111,3.451
1.2661745675,3.451,1.26622544944444,3.451,1.2661687375,3.451
1.2664522275,3.451,1.26650308027778,3.451,1.26644631,3.461
1.26673069277778,3.451,1.26678117722222,3.451,1.2667242125,3.451
1.26700837888889,3.451,1.2670589925,3.451,1.26700213277778,3.451
1.2672860675,3.451,1.26733691,3.451,1.26728007611111,3.451
1.2675639775,3.451,1.26761452888889,3.451,1.26755751,3.451
1.26784141611111,3.451,1.26789265138889,3.451,1.26783568805556,3.451
1.26811960916667,3.451,1.26817043,3.451,1.26811327444444,3.451
1.26839775138889,3.451,1.26844826166667,3.451,1.2683908525,3.451
1.2686758525,3.451,1.26872629277778,3.451,1.26866933527778,3.461
1.26895374805556,3.451,1.26900404777778,3.451,1.268946805,3.461
1.26923169,3.451,1.26928224833333,3.451,1.26922488666667,3.451
1.26950959611111,3.451,1.26956004083333,3.451,1.26950248333333,3.451
1.26978738166667,3.451,1.26983754583333,3.451,1.26978024916667,3.451
1.27006498055556,3.451,1.27011520361111,3.451,1.27005812666667,3.451
1.27034249944444,3.451,1.27039313527778,3.451,1.27033554416667,3.451
1.2706206475,3.451,1.27067105888889,3.451,1.27061358305556,3.451
1.27089864722222,3.451,1.27094897638889,3.451,1.27089121222222,3.451
1.27117678083333,3.451,1.27122689388889,3.451,1.27116915638889,3.451
1.27145496805556,3.451,1.27150489527778,3.451,1.27144750944444,3.461
1.27173262916667,3.451,1.27178254805556,3.451,1.27172527194444,3.451
1.27201076361111,3.451,1.27206001083333,3.451,1.27200310694444,3.451
1.27228862972222,3.451,1.272337965,3.451,1.27228130222222,3.451
1.2725664275,3.451,1.27261585805556,3.451,1.27255927138889,3.451
1.27284442055556,3.451,1.27289327361111,3.451,1.27283733888889,3.451
1.27312239861111,3.451,1.27317135277778,3.451,1.27311522361111,3.461
1.27339994833333,3.451,1.27344905944444,3.451,1.27339296777778,3.451
1.27367777944444,3.451,1.27372687055556,3.451,1.27367102194444,3.451
1.27395567638889,3.451,1.27400502444444,3.451,1.27394883722222,3.451
1.27423333527778,3.451,1.27428280583333,3.451,1.27422638833333,3.461
1.27451106444444,3.451,1.27456072027778,3.451,1.27450450416667,3.451
1.27478901361111,3.451,1.27483897944444,3.451,1.27478240444444,3.451
1.27506667861111,3.451,1.27511653111111,3.451,1.27506006055556,3.451
1.27534417555556,3.451,1.27539455694444,3.451,1.27533782666667,3.461
1.27562200722222,3.451,1.27567235027778,3.451,1.27561568972222,3.451
1.27589990722222,3.451,1.27595030805556,3.451,1.27589357805556,3.461
1.27617792138889,3.451,1.27622843722222,3.451,1.276171445,3.451
1.27645592888889,3.451,1.2765063,3.451,1.27644958138889,3.451
1.27673375611111,3.451,1.27678410055556,3.451,1.27672697305556,3.451
1.2770115,3.451,1.27706175222222,3.451,1.27700521138889,3.461
1.27728948,3.451,1.277339595,3.451,1.27728268694444,3.461
1.27756715166667,3.451,1.27761756527778,3.451,1.2775605725,3.451
1.27784499972222,3.451,1.27789522972222,3.451,1.27783822194444,3.461
1.27812282027778,3.451,1.27817304083333,3.461,1.27811608361111,3.461
1.27840063055556,3.451,1.27845090333333,3.451,1.27839394694444,3.461
1.27867881388889,3.451,1.27872845388889,3.451,1.27867185861111,3.461
1.2789567625,3.451,1.27900669305556,3.451,1.27894962416667,3.451
1.27923485916667,3.451,1.27928461416667,3.451,1.27922747,3.461
1.27951288777778,3.451,1.27956208083333,3.451,1.27950540861111,3.451
1.279790555,3.451,1.27983984527778,3.451,1.27978285055556,3.461
1.28006808916667,3.451,1.28011794444444,3.451,1.28006060027778,3.461
1.28034625388889,3.451,1.28039574722222,3.451,1.280338655,3.461
1.2806243225,3.451,1.28067393722222,3.451,1.28061674388889,3.461
1.28090231944444,3.451,1.28095177611111,3.451,1.28089468111111,3.451
1.2811802775,3.451,1.28122956972222,3.451,1.28117276083333,3.451
1.28145793694444,3.451,1.28150745888889,3.451,1.281450785,3.461
1.28173551111111,3.451,1.28178520138889,3.451,1.28172835944444,3.461
1.28201398611111,3.451,1.28206292111111,3.451,1.28200655361111,3.461
1.28229178444444,3.451,1.28234116361111,3.451,1.28228406805556,3.451
1.28256978972222,3.451,1.28261864416667,3.451,1.28256215638889,3.451
1.282847785,3.451,1.28289645611111,3.461,1.28283998638889,3.451
1.28312554611111,3.451,1.28317444027778,3.451,1.28311815305556,3.461
1.28340314555556,3.451,1.28345214666667,3.451,1.28339602472222,3.451
1.28368101027778,3.451,1.28373010277778,3.451,1.28367350166667,3.461
1.28395897083333,3.451,1.28400764527778,3.451,1.28395166555556,3.451
1.28423667694444,3.451,1.284285605,3.451,1.28422947583333,3.461
1.28451491361111,3.451,1.28456334444444,3.451,1.28450754333333,3.461
1.28479261527778,3.451,1.28484097,3.451,1.28478543055556,3.451
1.285070205,3.451,1.28511881166667,3.451,1.28506305638889,3.461
1.28534790916667,3.451,1.28539699388889,3.451,1.28534065555556,3.451
1.28562600361111,3.451,1.2856747125,3.451,1.28561862833333,3.461
1.28590378777778,3.451,1.28595229138889,3.451,1.28589647611111,3.461
1.28618188083333,3.451,1.28623031055556,3.451,1.28617466611111,3.451
1.28645940472222,3.451,1.28650766222222,3.451,1.28645229416667,3.461
1.28673764611111,3.451,1.28678593805556,3.451,1.28673004611111,3.461
1.28701497694444,3.451,1.28706378916667,3.451,1.28700821722222,3.451
1.28729320805556,3.451,1.28734184,3.451,1.28728616055556,3.461
1.28757104805556,3.451,1.28761969777778,3.451,1.28756385833333,3.451
1.28784870138889,3.451,1.28789743361111,3.451,1.28784211861111,3.451
1.28812690638889,3.451,1.28817535416667,3.451,1.28812002277778,3.461
1.28840484,3.451,1.28845304194444,3.451,1.28839783166667,3.451
1.28868265916667,3.451,1.28873084083333,3.451,1.28867563027778,3.461
1.28896026888889,3.451,1.28900892888889,3.451,1.28895353361111,3.461
1.28923858,3.451,1.28928646388889,3.451,1.28923125277778,3.461
1.2895164,3.451,1.28956437611111,3.451,1.28950923666667,3.461
1.28979421416667,3.451,1.28984179805556,3.451,1.28978693472222,3.461
1.29007181361111,3.451,1.29011997305556,3.451,1.29006477861111,3.461
1.29035003027778,3.451,1.29039802638889,3.451,1.29034222222222,3.461
1.29062798111111,3.451,1.29067612222222,3.451,1.29062008972222,3.461
1.29090620777778,3.451,1.29095355222222,3.451,1.29089817944444,3.451
1.29118390805556,3.451,1.29123131944444,3.451,1.29117597277778,3.461
1.29146140083333,3.451,1.29150931555556,3.451,1.29145366722222,3.451
1.29173923722222,3.451,1.29178716722222,3.451,1.29173189055556,3.461
1.29201718833333,3.451,1.292065305,3.451,1.29200974638889,3.461
1.29229500388889,3.451,1.2923430525,3.451,1.29228774277778,3.461
1.29257272722222,3.451,1.29262135611111,3.451,1.29256561666667,3.461
1.29285093055556,3.451,1.29289920305556,3.451,1.29284343944444,3.461
1.29312895972222,3.451,1.29317665722222,3.461,1.29312123972222,3.461
1.293406955,3.451,1.29345452027778,3.461,1.29339900694444,3.461
1.29368469277778,3.451,1.29373229722222,3.461,1.29367680611111,3.461
1.29396231111111,3.451,1.29401042444444,3.451,1.29395447777778,3.461
1.29424005361111,3.451,1.29428855666667,3.451,1.29423219305556,3.461
1.29451805916667,3.451,1.2945663375,3.451,1.29451034916667,3.461
1.29479600305556,3.451,1.29484387361111,3.451,1.29478822972222,3.461
1.29507401388889,3.451,1.29512177361111,3.451,1.29506596861111,3.451
1.29535164666667,3.451,1.29539990222222,3.451,1.29534391333333,3.461
1.29562984222222,3.451,1.29567774583333,3.451,1.29562187083333,3.461
1.29590740694444,3.451,1.29595580361111,3.461,1.29590000555556,3.461
1.2961853875,3.451,1.29623360027778,3.451,1.29617778388889,3.461
1.29646318166667,3.451,1.29651188111111,3.461,1.29645554638889,3.461
1.29674100916667,3.451,1.29678975472222,3.451,1.29673350416667,3.461
1.29701863222222,3.451,1.2970674275,3.461,1.29701135361111,3.451
1.29729679305556,3.451,1.29734524777778,3.461,1.29728930083333,3.451
1.2975743075,3.451,1.29762310527778,3.461,1.29756719277778,3.461
1.29785254027778,3.451,1.29790084277778,3.451,1.29784503833333,3.451
1.29813073944444,3.451,1.29817852805556,3.451,1.29812295083333,3.461
1.29840842,3.451,1.29845632027778,3.451,1.29840085583333,3.461
1.29868612416667,3.451,1.29873447833333,3.451,1.29867838916667,3.461
1.298963635,3.451,1.29901207111111,3.451,1.29895653666667,3.461
1.299241835,3.451,1.29928969222222,3.451,1.299234285,3.461
1.29951972166667,3.451,1.29956745611111,3.451,1.29951197944444,3.461
1.2997977925,3.451,1.29984564194444,3.461,1.29978991861111,3.461
1.30007548027778,3.451,1.30012330916667,3.451,1.30006802055556,3.461
1.30035331527778,3.451,1.3004012125,3.451,1.30034577361111,3.461
1.30063149111111,3.451,1.30067886611111,3.451,1.30062390138889,3.461
1.30090914194444,3.451,1.30095673722222,3.451,1.30090155111111,3.461
1.30118718666667,3.451,1.30123463388889,3.451,1.30117943527778,3.451
1.30146518388889,3.451,1.30151254277778,3.461,1.30145765472222,3.461
1.30174313805556,3.451,1.30179014916667,3.451,1.30173540527778,3.461
1.30202107305556,3.451,1.30206786888889,3.451,1.30201322611111,3.461
1.30229906944444,3.451,1.30234548555556,3.461,1.30229115138889,3.461
1.30257647916667,3.451,1.30262353,3.451,1.30256936277778,3.461
1.30285437777778,3.451,1.30290125277778,3.451,1.30284716972222,3.461
1.30313228694444,3.451,1.30317890055556,3.451,1.30312533583333,3.461
1.30341010722222,3.451,1.30345654111111,3.461,1.30340322222222,3.461
1.30368806111111,3.451,1.30373486388889,3.461,1.30368094555556,3.461
1.30396589333333,3.451,1.30401284722222,3.451,1.30395833833333,3.461
1.30424378944444,3.451,1.30429064916667,3.461,1.30423681527778,3.461
1.30452142444444,3.451,1.30456846305556,3.451,1.30451462666667,3.461
1.30479944638889,3.451,1.30484670916667,3.451,1.30479237833333,3.461
1.3050776675,3.451,1.30512467305556,3.451,1.30507012416667,3.461
1.30535532611111,3.451,1.30540275194444,3.451,1.30534855527778,3.461
1.30563304222222,3.451,1.305680725,3.461,1.305626115,3.461
1.30591089305556,3.451,1.30595847388889,3.461,1.30590389888889,3.461
1.30618907305556,3.451,1.30623643805556,3.451,1.30618172083333,3.461
1.30646707416667,3.451,1.30651476555556,3.451,1.30645989444444,3.451
1.30674440388889,3.451,1.30679251388889,3.461,1.30673746472222,3.461
1.30702253388889,3.451,1.30707071833333,3.461,1.30701517583333,3.461
1.30730062222222,3.451,1.30734893722222,3.461,1.30729326055556,3.461
1.30757850083333,3.451,1.3076264075,3.451,1.30757086638889,3.461
1.30785606111111,3.451,1.30790447722222,3.451,1.30784881194444,3.461
1.30813407805556,3.451,1.30818205361111,3.451,1.30812632055556,3.461
1.30841219027778,3.451,1.30845989833333,3.461,1.30840438055556,3.461
1.30868999722222,3.451,1.30873790916667,3.461,1.30868222611111,3.461
1.30896825861111,3.451,1.30901579305556,3.451,1.30896077444444,3.461
1.30924610666667,3.451,1.30929404916667,3.451,1.30923890805556,3.461
1.30952364777778,3.451,1.30957205944444,3.451,1.30951679,3.461
1.30980185527778,3.451,1.30984957388889,3.461,1.30979453277778,3.461
1.31007966333333,3.451,1.31012757555556,3.461,1.31007217972222,3.461
1.31035750611111,3.451,1.31040547805556,3.451,1.31034993916667,3.461
1.31063573166667,3.451,1.31068351333333,3.451,1.31062748833333,3.461
1.31091345027778,3.451,1.31096118888889,3.461,1.31090562194444,3.461
1.31119115388889,3.451,1.31123874111111,3.461,1.31118356666667,3.461
1.31146899277778,3.451,1.31151705333333,3.451,1.31146114111111,3.461
1.31174694166667,3.451,1.31179465638889,3.461,1.31173918972222,3.461
1.31202484972222,3.451,1.31207261444444,3.451,1.31201701916667,3.461
1.31230241055556,3.451,1.31235049111111,3.461,1.31229502944444,3.461
1.31258022944444,3.451,1.31262828,3.461,1.31257325722222,3.461
1.31285814166667,3.451,1.3129061425,3.461,1.31285092277778,3.461
1.31313596222222,3.451,1.31318394444444,3.451,1.31312865861111,3.461
1.31341359694444,3.451,1.31346169777778,3.461,1.31340683722222,3.461
1.31369163416667,3.451,1.31373949527778,3.451,1.31368481666667,3.461
1.31396927638889,3.451,1.31401701611111,3.461,1.31396274305556,3.461
1.31424711277778,3.451,1.31429473027778,3.461,1.31424059194444,3.461
1.31452493972222,3.451,1.31457236,3.461,1.31451860361111,3.461
1.31480274694444,3.451,1.314850565,3.451,1.31479641888889,3.461
1.31508081027778,3.451,1.3151282325,3.461,1.31507438472222,3.461
1.31535875583333,3.451,1.31540591555556,3.461,1.31535241361111,3.461
1.31563683833333,3.451,1.31568398916667,3.461,1.31562983777778,3.461
1.31591417305556,3.451,1.31596192138889,3.451,1.31590816138889,3.461
1.31619260166667,3.451,1.31623942083333,3.461,1.31618590361111,3.461
1.31647066138889,3.451,1.31651753694444,3.461,1.31646399722222,3.461
1.31674849111111,3.451,1.31679532916667,3.461,1.31674166305556,3.461
1.31702607805556,3.451,1.31707290916667,3.451,1.31701914055556,3.461
1.31730365388889,3.451,1.31735100138889,3.461,1.31729724722222,3.461
1.31758177388889,3.451,1.31762881472222,3.461,1.31757524694444,3.461
1.31785960194444,3.451,1.31790642944444,3.461,1.31785314305556,3.461
1.31813741416667,3.451,1.31818428805556,3.461,1.318130785,3.461
1.3184153275,3.451,1.31846222638889,3.451,1.31840865527778,3.461
1.31869310027778,3.451,1.31874029277778,3.461,1.31868649972222,3.461
1.31897107638889,3.451,1.31901816805556,3.461,1.31896460305556,3.461
1.31924915555556,3.451,1.31929598111111,3.451,1.31924266972222,3.461
1.31952691916667,3.451,1.31957376833333,3.461,1.31952071527778,3.461
1.31980490666667,3.451,1.31985183388889,3.461,1.31979846111111,3.461
1.32008248416667,3.451,1.32012960666667,3.461,1.32007676888889,3.461
1.32036051416667,3.451,1.32040753805556,3.461,1.32035456638889,3.461
1.32063857916667,3.451,1.3206857625,3.451,1.3206323725,3.461
1.32091610861111,3.451,1.3209635525,3.461,1.32091019638889,3.461
1.32119431805556,3.451,1.32124121611111,3.461,1.32118816388889,3.461
1.32147230027778,3.451,1.32151903055556,3.461,1.32146601166667,3.461
1.32175003694444,3.451,1.32179716833333,3.461,1.32174413083333,3.461
1.32202816222222,3.451,1.32207513305556,3.461,1.32202215194444,3.461
1.32230551861111,3.451,1.32235317277778,3.461,1.322300365,3.461
1.32258383194444,3.451,1.32263109277778,3.461,1.32257822277778,3.461
1.32286179833333,3.451,1.32290855527778,3.461,1.322855895,3.461
1.32313947777778,3.451,1.32318685694444,3.461,1.32313423611111,3.461
1.32341759972222,3.451,1.32346439194444,3.461,1.323412305,3.461
1.32369538861111,3.451,1.32374244277778,3.451,1.32368999333333,3.461
1.323973045,3.451,1.32402041944444,3.461,1.3239679475,3.461
1.32425128916667,3.451,1.32429835,3.461,1.3242458925,3.461
1.3245288625,3.451,1.32457620083333,3.461,1.32452363861111,3.461
1.32480669416667,3.451,1.32485389027778,3.461,1.32480123527778,3.461
1.32508477805556,3.451,1.32513185833333,3.461,1.32507914527778,3.461
1.32536265666667,3.451,1.32540957416667,3.451,1.32535690583333,3.461
1.32564057944444,3.451,1.32568765861111,3.461,1.32563471027778,3.461
1.32591877194444,3.451,1.32596576166667,3.461,1.32591282583333,3.461
1.32619634222222,3.451,1.32624353,3.461,1.32619066916667,3.461
1.32647430055556,3.451,1.32652135027778,3.461,1.32646859194444,3.461
1.32675192611111,3.451,1.32679904222222,3.461,1.32674660638889,3.461
1.32702960861111,3.451,1.32707684805556,3.461,1.3270243025,3.461
1.327307665,3.451,1.32735471444444,3.461,1.32730207444444,3.461
1.32758532527778,3.451,1.32763257111111,3.461,1.32758007388889,3.461
1.32786275777778,3.451,1.32791017166667,3.461,1.32785799194444,3.461
1.32814102861111,3.451,1.328187925,3.461,1.32813573194444,3.461
1.32841883416667,3.451,1.32846552472222,3.461,1.32841344694444,3.461
1.328696855,3.451,1.32874358444444,3.461,1.32869174333333,3.461
1.32897460583333,3.451,1.32902153194444,3.451,1.32896960472222,3.461
1.32925231611111,3.451,1.32929949694444,3.461,1.32924721916667,3.461
1.32953078222222,3.451,1.32957757194444,3.461,1.32952497222222,3.461
1.32980876972222,3.451,1.32985489194444,3.461,1.32980300527778,3.461
1.33008646583333,3.451,1.33013297888889,3.461,1.33008055583333,3.461
1.33036462527778,3.451,1.33041052583333,3.461,1.3303584625,3.461
1.33064265027778,3.451,1.33068863805556,3.461,1.33063617666667,3.461
1.33092067722222,3.451,1.33096657333333,3.461,1.33091431555556,3.461
1.33119855,3.461,1.33124401111111,3.451,1.33119196361111,3.461
1.331476465,3.451,1.3315218725,3.461,1.33147021055556,3.461
1.33175465583333,3.451,1.33180017638889,3.461,1.331748455,3.461
1.33203238861111,3.451,1.33207791222222,3.461,1.33202644277778,3.461
1.33231038944444,3.451,1.33235625138889,3.461,1.33230426972222,3.461
1.33258825055556,3.451,1.33263421972222,3.461,1.33258164166667,3.461
1.33286609944444,3.451,1.3329122275,3.461,1.332859445,3.461
1.33314357111111,3.451,1.33318956833333,3.461,1.33313770944444,3.461
1.33342172638889,3.451,1.3334679025,3.461,1.33341555805556,3.461
1.33369961111111,3.451,1.33374569694444,3.461,1.33369341388889,3.461
1.33397796583333,3.451,1.33402350277778,3.461,1.33397123972222,3.461
1.33425553416667,3.451,1.33430172305556,3.461,1.33424905444444,3.461
1.33453376222222,3.451,1.33457921583333,3.461,1.33452706944444,3.461
1.33481144444444,3.451,1.33485731694444,3.461,1.33480500416667,3.461
1.33508925194444,3.451,1.33513463722222,3.461,1.33508272,3.461
1.33536705333333,3.451,1.33541285416667,3.461,1.33536057916667,3.461
1.33564493416667,3.451,1.33569046222222,3.461,1.33563851972222,3.461
1.33592245388889,3.451,1.33596803611111,3.461,1.33591614833333,3.461
1.33620037138889,3.451,1.33624617416667,3.461,1.3361943075,3.461
1.33647835444444,3.451,1.33652387555556,3.461,1.3364719525,3.461
1.33675617166667,3.451,1.33680182305556,3.461,1.3367498175,3.461
1.33703382027778,3.461,1.33707936027778,3.461,1.33702766444444,3.461
1.33731172388889,3.451,1.33735757805556,3.461,1.33730561527778,3.461
1.33758942138889,3.451,1.3376352025,3.461,1.33758318472222,3.461
1.33786712611111,3.451,1.33791321722222,3.461,1.33786111138889,3.461
1.33814496388889,3.451,1.33819109277778,3.461,1.33813923666667,3.461
1.33842254277778,3.451,1.33846914694444,3.461,1.33841716277778,3.461
1.33870039861111,3.451,1.33874709138889,3.461,1.33869521972222,3.461
1.33897808305556,3.451,1.33902504444444,3.461,1.33897311527778,3.461
1.33925661194444,3.451,1.33930311916667,3.461,1.33925063388889,3.461
1.33953413972222,3.461,1.33958081055556,3.461,1.33952884777778,3.461
1.33981219194444,3.451,1.33985852361111,3.461,1.33980675861111,3.461
1.34009007833333,3.451,1.34013629722222,3.461,1.34008440944444,3.461
1.34036812333333,3.451,1.34041407305556,3.461,1.34036205194444,3.461
1.34064602666667,3.451,1.34069176722222,3.461,1.34064020138889,3.461
1.34092359361111,3.451,1.34096978972222,3.461,1.34091789277778,3.461
1.34120173583333,3.451,1.34124760972222,3.461,1.34119557083333,3.461
1.34147939972222,3.461,1.34152537,3.461,1.34147374222222,3.461
1.34175731027778,3.451,1.34180340027778,3.461,1.34175140944444,3.461
1.34203511361111,3.451,1.34208088083333,3.461,1.34202937388889,3.461
1.34231252444444,3.461,1.34235897111111,3.461,1.34230740472222,3.461
1.34259099194444,3.451,1.34263670722222,3.461,1.34258513805556,3.461
1.34286878833333,3.451,1.34291477861111,3.461,1.34286282444444,3.461
1.34314679944444,3.451,1.34319233916667,3.461,1.34314100888889,3.461
1.34342422388889,3.461,1.34347035305556,3.461,1.34341905611111,3.461
1.34370244833333,3.461,1.34374835694444,3.461,1.34369691,3.461
1.34398029972222,3.451,1.34402612444444,3.461,1.34397499388889,3.461
1.34425846777778,3.451,1.34430399666667,3.461,1.34425248166667,3.461
1.34453602083333,3.461,1.34458197055556,3.461,1.34453058027778,3.461
1.34481357722222,3.451,1.34485968,3.461,1.34480855888889,3.461
1.34509186055556,3.461,1.34513716611111,3.461,1.34508647111111,3.461
1.34536940972222,3.451,1.34541542861111,3.461,1.34536433972222,3.461
1.3456473775,3.451,1.34569321944444,3.461,1.34564216166667,3.461
1.34592527527778,3.451,1.34597129277778,3.461,1.34591967444444,3.461
1.34620304111111,3.451,1.3462491125,3.461,1.3461972175,3.461
1.34648106361111,3.451,1.34652680361111,3.461,1.34647532416667,3.461
1.34675897166667,3.451,1.34680455388889,3.461,1.34675291388889,3.461
1.34703640611111,3.461,1.347082305,3.461,1.34703092388889,3.461
1.34731457055556,3.451,1.34736031027778,3.461,1.34730881305556,3.461
1.34759271944444,3.451,1.34763812194444,3.461,1.34758658944444,3.461
1.34787056611111,3.451,1.34791617388889,3.461,1.34786429416667,3.461
1.34814840305556,3.451,1.3481938725,3.461,1.34814267583333,3.461
1.34842622222222,3.451,1.348471595,3.461,1.34842004916667,3.461
1.34870438083333,3.451,1.34874947305556,3.461,1.3486978525,3.461
1.34898168722222,3.451,1.34902734527778,3.461,1.34897588777778,3.461
1.34925973055556,3.451,1.349305315,3.461,1.34925406277778,3.461
1.34953787861111,3.451,1.34958308833333,3.461,1.34953171361111,3.461
1.34981552972222,3.451,1.34986073416667,3.461,1.34980976583333,3.461
1.35009340638889,3.451,1.35013859027778,3.461,1.35008757305556,3.461
1.35037099361111,3.451,1.35041646833333,3.461,1.35036535305556,3.461
1.35064932638889,3.461,1.35069390305556,3.461,1.35064319444444,3.461
1.3509270375,3.451,1.3509719725,3.461,1.35092127666667,3.461
1.35120445527778,3.451,1.35124973277778,3.461,1.35119887611111,3.461
1.35148265305556,3.451,1.35152778333333,3.461,1.35147695944444,3.461
1.35176073833333,3.461,1.35180570805556,3.461,1.35175484861111,3.472
1.35203862861111,3.451,1.35208358361111,3.461,1.3520331325,3.472
1.35231636138889,3.461,1.35236132472222,3.461,1.35231061055556,3.461
1.35259444833333,3.461,1.35263922055556,3.461,1.35258872361111,3.461
1.35287227388889,3.451,1.35291710416667,3.461,1.35286611388889,3.461
1.3531499875,3.461,1.35319483361111,3.461,1.353144335,3.472
1.35342787694444,3.461,1.35347287388889,3.461,1.3534222225,3.461
1.35370566805556,3.451,1.35375021166667,3.461,1.3537002525,3.461
1.35398305694444,3.461,1.35402843833333,3.461,1.35397803972222,3.461
1.35426107472222,3.461,1.3543059675,3.461,1.35425585638889,3.461
1.35453914777778,3.461,1.35458369833333,3.461,1.35453386583333,3.461
1.354817105,3.461,1.35486159,3.461,1.35481177361111,3.461
1.35509470833333,3.451,1.35513953333333,3.461,1.35508987694444,3.461
1.35537225638889,3.451,1.35541688027778,3.461,1.3553672375,3.461
1.35565021083333,3.461,1.35569504888889,3.461,1.35564570777778,3.461
1.35592785388889,3.451,1.35597283416667,3.461,1.35592380694444,3.461
1.35620628777778,3.461,1.35625087,3.461,1.35620129305556,3.472
1.35648365972222,3.461,1.35652860111111,3.461,1.3564791875,3.472
1.35676223361111,3.461,1.35680624944444,3.461,1.35675696416667,3.461
1.35703973083333,3.451,1.35708422583333,3.461,1.35703457194444,3.472
1.35731776055556,3.451,1.35736233277778,3.461,1.35731223583333,3.461
1.35759559861111,3.451,1.35763992861111,3.461,1.357590535,3.461
1.35787331694444,3.451,1.35791785722222,3.461,1.35786853277778,3.461
1.35815122027778,3.461,1.35819569027778,3.461,1.35814622277778,3.461
1.35842895138889,3.451,1.35847370611111,3.461,1.35842422833333,3.461
1.35870672583333,3.461,1.35875118527778,3.461,1.35870203611111,3.461
1.35898450416667,3.451,1.35902906611111,3.461,1.35897992805556,3.461
1.35926254666667,3.461,1.35930666555556,3.461,1.35925783222222,3.461
1.35954039638889,3.461,1.3595846875,3.461,1.35953593388889,3.461
1.35981842527778,3.461,1.35986244361111,3.461,1.35981362527778,3.461
1.36009609972222,3.461,1.36014021861111,3.461,1.36009160916667,3.461
1.36037385722222,3.461,1.36041811555556,3.461,1.36036932611111,3.461
1.36065212444444,3.461,1.3606957425,3.461,1.36064717111111,3.461
1.36092969611111,3.451,1.36097359138889,3.461,1.36092538166667,3.461
1.36120756527778,3.451,1.36125110972222,3.461,1.36120316805556,3.461
1.3614851225,3.461,1.3615291175,3.461,1.36148116972222,3.461
1.3617631675,3.461,1.36180676055556,3.461,1.36175861083333,3.461
1.36204131166667,3.461,1.36208478194444,3.461,1.36203702805556,3.461
1.36231931416667,3.461,1.36236281333333,3.461,1.36231468472222,3.472
1.36259694444444,3.451,1.36264040555556,3.461,1.36259283277778,3.472
1.36287473,3.451,1.3629186725,3.461,1.36287029805556,3.461
1.36315260944444,3.461,1.36319633666667,3.461,1.3631485075,3.472
1.36343050444444,3.461,1.36347417777778,3.461,1.36342645611111,3.472
1.36370853277778,3.461,1.36375225777778,3.461,1.36370389305556,3.461
1.36398598805556,3.461,1.36402991638889,3.461,1.36398212916667,3.461
1.364264065,3.461,1.36430806305556,3.461,1.36425983277778,3.461
1.36454173777778,3.461,1.36458569916667,3.461,1.36453776805556,3.472
1.36481969083333,3.461,1.36486351916667,3.461,1.36481548305556,3.461
1.36509748138889,3.461,1.3651417525,3.461,1.36509328583333,3.461
1.36537542194444,3.451,1.36541939222222,3.461,1.36537148055556,3.461
1.36565286722222,3.451,1.36569680916667,3.461,1.36564941333333,3.461
1.36593093583333,3.461,1.36597496611111,3.461,1.3659271275,3.472
1.36620885416667,3.461,1.366252905,3.461,1.36620518972222,3.461
1.36648635388889,3.461,1.36653045361111,3.461,1.36648284805556,3.472
1.36676449944444,3.461,1.36680842027778,3.461,1.36676038555556,3.472
1.36704264833333,3.451,1.36708623916667,3.461,1.36703867277778,3.472
1.36732041055556,3.461,1.36736413222222,3.461,1.36731659194444,3.472
1.36759801083333,3.461,1.36764182,3.461,1.36759423305556,3.472
1.36787607277778,3.461,1.36791981444444,3.461,1.36787187444444,3.461
1.36815422305556,3.461,1.36819734361111,3.461,1.36814979416667,3.472
1.36843189388889,3.461,1.36847539583333,3.461,1.3684273625,3.472
1.36870982166667,3.451,1.36875294305556,3.461,1.36870539722222,3.461
1.3689878725,3.451,1.36903090916667,3.461,1.36898317527778,3.461
1.3692654775,3.461,1.36930913555556,3.461,1.36926085111111,3.472
1.36954386194444,3.461,1.36958651333333,3.461,1.36953885055556,3.461
1.36982142527778,3.461,1.36986456333333,3.461,1.36981607666667,3.472
1.37009915388889,3.451,1.37014248583333,3.461,1.37009466694444,3.472
1.37037769138889,3.461,1.37042018638889,3.461,1.37037231277778,3.461
1.37065540083333,3.461,1.37069762527778,3.461,1.37064991916667,3.461
1.37093310083333,3.461,1.37097549694444,3.461,1.37092809833333,3.472
1.37121063305556,3.461,1.37125353333333,3.461,1.37120587138889,3.461
1.37148867111111,3.461,1.3715314025,3.461,1.37148376305556,3.472
1.37176649416667,3.461,1.37180907972222,3.461,1.37176143722222,3.472
1.37204462305556,3.461,1.37208652055556,3.461,1.37203934805556,3.472
1.37232198,3.461,1.37236431861111,3.461,1.37231702777778,3.472
1.372599785,3.461,1.37264256527778,3.461,1.37259469583333,3.472
1.3728776925,3.461,1.37292006722222,3.461,1.372872465,3.472
1.37315544666667,3.461,1.37319802277778,3.461,1.37315027027778,3.461
1.37343342722222,3.461,1.37347562305556,3.472,1.37342820444444,3.472
1.37371137666667,3.461,1.37375362666667,3.461,1.37370634027778,3.472
1.37398923972222,3.461,1.37403206638889,3.461,1.37398388527778,3.461
1.37426692527778,3.461,1.37430982472222,3.461,1.37426207833333,3.472
1.37454495,3.461,1.37458774305556,3.472,1.37454023833333,3.461
1.37482268722222,3.461,1.37486560722222,3.461,1.37481829805556,3.472
1.37510020861111,3.461,1.37514316222222,3.461,1.37509646111111,3.472
1.37537804972222,3.461,1.37542107694444,3.461,1.37537409555556,3.472
1.37565578083333,3.461,1.37569898277778,3.461,1.37565194472222,3.472
1.3759337375,3.461,1.375976535,3.461,1.37593001416667,3.472
1.37621183694444,3.461,1.37625429555556,3.461,1.37620811194444,3.472
1.37648997833333,3.461,1.37653229638889,3.461,1.37648573305556,3.472
1.37676774944444,3.461,1.37681025138889,3.472,1.37676340666667,3.472
1.37704565888889,3.461,1.37708806055556,3.461,1.377041635,3.461
1.3773232175,3.461,1.37736571027778,3.461,1.37731940444444,3.472
1.37760083,3.461,1.37764319861111,3.461,1.37759711916667,3.472
1.37787866805556,3.461,1.37792143972222,3.461,1.37787518055556,3.472
1.37815670722222,3.461,1.37819923027778,3.461,1.3781527825,3.472
1.37843476305556,3.461,1.37847699416667,3.461,1.37843107333333,3.472
1.37871267527778,3.461,1.37875451305556,3.461,1.37870900083333,3.472
1.37899067388889,3.461,1.37903217777778,3.461,1.37898689472222,3.472
1.37926822944444,3.461,1.37931021916667,3.461,1.37926488388889,3.472
1.37954639722222,3.461,1.37958798388889,3.461,1.37954273111111,3.472
1.37982428472222,3.461,1.37986611388889,3.461,1.3798206,3.472
1.38010212138889,3.461,1.38014418972222,3.472,1.38009838583333,3.472
1.38038022444444,3.461,1.3804219325,3.461,1.38037619722222,3.472
1.38065785055556,3.461,1.38069929138889,3.461,1.38065407027778,3.472
1.38093575027778,3.461,1.38097708444444,3.461,1.38093199083333,3.472
1.38121385027778,3.461,1.38125532055556,3.461,1.38121013722222,3.472
1.38149162583333,3.461,1.38153309027778,3.461,1.38148783333333,3.472
1.381769385,3.461,1.38181070972222,3.461,1.38176581388889,3.472
1.38204727944444,3.461,1.38208852361111,3.461,1.38204359888889,3.472
1.38232516833333,3.461,1.38236660222222,3.461,1.38232141055556,3.472
1.38260323388889,3.461,1.3826447725,3.461,1.38259952611111,3.472
1.38288157055556,3.461,1.38292276666667,3.461,1.38287728416667,3.472
1.38315953972222,3.461,1.38320061444444,3.461,1.383155505,3.472
1.38343690611111,3.461,1.38347831,3.472,1.38343314555556,3.472
1.38371547972222,3.461,1.38375606805556,3.461,1.38371107277778,3.472
1.38399321555556,3.461,1.38403397083333,3.461,1.38398879972222,3.472
1.38427126361111,3.461,1.38431168305556,3.461,1.384266885,3.472
1.38454917111111,3.461,1.38458959416667,3.472,1.38454440694444,3.472
1.38482667472222,3.461,1.38486758944444,3.472,1.38482229944444,3.472
1.38510468944444,3.461,1.38514527805556,3.461,1.38510010305556,3.472
1.38538240861111,3.461,1.38542346527778,3.461,1.3853779575,3.472
1.38566029,3.461,1.38570134972222,3.461,1.38565547777778,3.472
1.38593804777778,3.461,1.38597917,3.461,1.38593330166667,3.472
1.38621579611111,3.461,1.38625728944444,3.461,1.38621154694444,3.472
1.38649351944444,3.461,1.3865351175,3.461,1.386489065,3.472
1.38677139194444,3.461,1.38681291166667,3.461,1.38676702972222,3.472
1.38704950027778,3.461,1.38709079083333,3.461,1.3870448475,3.472
1.38732722888889,3.461,1.38736871555556,3.461,1.38732264638889,3.472
1.38760498694444,3.461,1.38764679444444,3.472,1.38760040638889,3.472
1.38788250888889,3.461,1.3879245875,3.461,1.38787782916667,3.472
1.38816062416667,3.461,1.38820256888889,3.461,1.38815598777778,3.472
1.38843874916667,3.461,1.38848026388889,3.461,1.38843362361111,3.472
1.38871611472222,3.461,1.38875818444444,3.461,1.38871146666667,3.472
1.38899434333333,3.461,1.38903568833333,3.461,1.38898956444444,3.472
1.38927190305556,3.461,1.38931372916667,3.461,1.38926726222222,3.472
1.38954966027778,3.461,1.38959152055556,3.472,1.38954546388889,3.472
1.38982747222222,3.461,1.38986909722222,3.461,1.3898232775,3.472
1.39010539333333,3.461,1.39014731138889,3.472,1.3901015475,3.472
1.39038291638889,3.461,1.39042556611111,3.461,1.39037910972222,3.472
1.390660565,3.461,1.39070316222222,3.461,1.39065700333333,3.472
1.39093866138889,3.461,1.39098119305556,3.472,1.39093515722222,3.472
1.3912168,3.461,1.3912591625,3.472,1.3912128775,3.472
1.39149491388889,3.461,1.39153692972222,3.461,1.3914906675,3.472
1.39177258722222,3.461,1.39181454583333,3.472,1.39176834777778,3.472
1.39205025333333,3.461,1.39209221722222,3.461,1.39204612666667,3.472
1.39232800944444,3.461,1.39237010277778,3.461,1.39232398944444,3.472
1.39260599583333,3.461,1.39264803138889,3.472,1.39260189722222,3.472
1.39288381694444,3.461,1.39292575611111,3.461,1.39287947333333,3.472
1.39316196583333,3.461,1.39320355416667,3.472,1.39315767583333,3.472
1.39343970638889,3.461,1.39348162305556,3.472,1.39343525055556,3.472
1.39371761805556,3.461,1.39375947222222,3.472,1.39371317388889,3.472
1.39399539055556,3.461,1.394037095,3.472,1.39399113416667,3.472
1.394273555,3.461,1.39431517777778,3.461,1.39426927916667,3.472
1.39455143166667,3.461,1.39459303111111,3.472,1.39454714666667,3.472
1.39482932861111,3.461,1.39487071527778,3.472,1.39482470194444,3.472
1.39510664666667,3.461,1.39514848388889,3.461,1.39510266694444,3.472
1.39538495333333,3.461,1.395426235,3.472,1.39538049972222,3.472
1.39566294555556,3.461,1.39570380916667,3.472,1.39565873666667,3.472
1.395940995,3.461,1.39598196861111,3.461,1.39593640111111,3.472
1.39621890194444,3.461,1.39626019,3.472,1.396214375,3.472
1.39649662861111,3.461,1.39653813166667,3.472,1.39649198416667,3.472
1.39677484444444,3.461,1.39681601416667,3.472,1.39676979444444,3.472
1.39705250138889,3.461,1.397093965,3.472,1.39704782416667,3.472
1.39733036861111,3.461,1.39737158666667,3.472,1.39732599333333,3.472
1.39760844166667,3.461,1.39764963138889,3.472,1.39760368055556,3.472
1.39788614833333,3.461,1.39792808722222,3.472,1.39788179194444,3.472
1.39816397583333,3.461,1.39820590166667,3.472,1.39815940027778,3.472
1.39844197277778,3.461,1.39848387055556,3.472,1.39843727861111,3.472
1.39871995861111,3.461,1.39876157694444,3.472,1.39871543222222,3.472
1.3989975375,3.461,1.399039785,3.472,1.39899314333333,3.472
1.39927557166667,3.461,1.39931772055556,3.472,1.39927125777778,3.472
1.39955386138889,3.461,1.39959564527778,3.472,1.3995488675,3.472
1.39983166,3.461,1.39987354694444,3.472,1.39982674944444,3.472
1.40010942777778,3.461,1.40015132138889,3.472,1.40010458083333,3.472
1.40038745138889,3.461,1.40042903472222,3.472,1.40038257388889,3.472
1.40066493638889,3.461,1.40070660833333,3.472,1.40066000555556,3.472
1.40094286222222,3.461,1.40098462611111,3.472,1.40093819222222,3.482
1.40122028111111,3.461,1.40126245138889,3.472,1.40121605222222,3.472
1.40149849083333,3.461,1.40154084972222,3.472,1.40149411416667,3.472
1.40177605583333,3.461,1.40181847944444,3.472,1.40177187388889,3.472
1.402053955,3.461,1.40209628694444,3.472,1.40204970916667,3.482
1.40233164694444,3.461,1.40237413722222,3.472,1.40232757444444,3.482
1.40260969055556,3.461,1.40265185833333,3.472,1.40260543611111,3.472
1.40288755638889,3.461,1.40292975138889,3.472,1.40288341277778,3.472
1.40316498861111,3.461,1.4032076975,3.472,1.40316110138889,3.472
1.40344285083333,3.461,1.40348562416667,3.472,1.40343912555556,3.472
1.40372058194444,3.461,1.40376311777778,3.472,1.40371694055556,3.482
1.40399901833333,3.461,1.40404094861111,3.472,1.40399469055556,3.482
1.40427669888889,3.461,1.40431871277778,3.472,1.40427256111111,3.472
1.40455470583333,3.461,1.40459675944444,3.472,1.40455032333333,3.482
1.40483246222222,3.461,1.40487467916667,3.472,1.40482847611111,3.472
1.40511036638889,3.461,1.40515233611111,3.472,1.40510635583333,3.472
1.40538829055556,3.461,1.405429955,3.472,1.40538473277778,3.472
1.4056662975,3.461,1.405708095,3.472,1.40566256111111,3.482
1.40594413333333,3.461,1.4059855425,3.472,1.405940305,3.482
1.40622191833333,3.461,1.40626368361111,3.472,1.4062181425,3.472
1.40650004444444,3.461,1.40654157638889,3.472,1.40649568305556,3.472
1.40677750444444,3.461,1.40681938777778,3.472,1.40677378305556,3.482
1.40705553555556,3.461,1.40709753083333,3.472,1.40705138,3.472
1.40733373694444,3.461,1.40737536694444,3.472,1.407329855,3.472
1.40761137611111,3.461,1.40765308361111,3.472,1.40760795583333,3.472
1.40788914944444,3.461,1.40793076888889,3.472,1.40788571527778,3.472
1.40816734888889,3.461,1.40820870944444,3.472,1.40816357,3.472
1.40844485722222,3.461,1.40848669166667,3.472,1.40844142805556,3.482
1.40872281777778,3.461,1.40876440944444,3.472,1.40871887888889,3.482
1.40900026833333,3.461,1.40904249222222,3.472,1.40899706972222,3.472
1.40927849638889,3.461,1.40931993,3.472,1.40927470833333,3.472
1.40955660388889,3.461,1.40959834138889,3.472,1.40955265833333,3.472
1.40983452722222,3.461,1.40987610472222,3.472,1.40983070388889,3.482
1.41011246111111,3.461,1.41015378888889,3.472,1.41010831861111,3.482
1.41039074944444,3.461,1.41043140611111,3.472,1.41038616916667,3.472
1.41066826666667,3.461,1.41070943111111,3.472,1.4106641625,3.482
1.41094611,3.461,1.41098749777778,3.472,1.41094216694444,3.482
1.41122382694444,3.461,1.41126531666667,3.472,1.41122000472222,3.482
1.41150157333333,3.461,1.411542875,3.472,1.41149780416667,3.482
1.41177916833333,3.461,1.41182087611111,3.472,1.41177580305556,3.482
1.41205744,3.461,1.41209900944444,3.472,1.41205367222222,3.472
1.41233554027778,3.461,1.41237736277778,3.472,1.41233184611111,3.472
1.41261337111111,3.461,1.41265539444444,3.472,1.41260953861111,3.472
1.41289121277778,3.461,1.41293341611111,3.472,1.41288735083333,3.472
1.41316881722222,3.461,1.4132116,3.472,1.41316502722222,3.482
1.41344705638889,3.461,1.41348935305556,3.472,1.41344311388889,3.482
1.41372489666667,3.461,1.41376721333333,3.472,1.41372080027778,3.482
1.41400258166667,3.461,1.41404478472222,3.472,1.41399879166667,3.482
1.41428023277778,3.461,1.41432264944444,3.472,1.41427654472222,3.482
1.41455803138889,3.461,1.41460022722222,3.472,1.41455422305556,3.472
1.41483585138889,3.461,1.41487800333333,3.472,1.41483176305556,3.482
1.41511392833333,3.461,1.41515617194444,3.472,1.41510964333333,3.472
1.41539149694444,3.461,1.41543381416667,3.472,1.41538768833333,3.482
1.41566941416667,3.461,1.41571165805556,3.472,1.41566526111111,3.482
1.41594723472222,3.461,1.41598935944444,3.472,1.41594318444444,3.482
1.4162256825,3.461,1.41626734444444,3.472,1.41622127888889,3.482
1.41650313472222,3.461,1.41654505916667,3.472,1.41649886777778,3.482
1.41678106083333,3.461,1.41682292444444,3.472,1.41677733194444,3.482
1.41705895138889,3.461,1.41710057805556,3.472,1.41705523944444,3.482
1.41733714083333,3.461,1.41737844972222,3.472,1.41733279972222,3.482
1.41761474666667,3.461,1.41765625138889,3.472,1.41761064416667,3.482
1.41789245027778,3.461,1.41793414111111,3.472,1.41788837888889,3.482
1.41817055722222,3.461,1.4182119375,3.472,1.41816658305556,3.482
1.41844843027778,3.461,1.41848968472222,3.472,1.41844392388889,3.482
1.41872640222222,3.461,1.41876754138889,3.472,1.418721665,3.482
1.41900430027778,3.461,1.41904599083333,3.472,1.41900002472222,3.482
1.41928208333333,3.472,1.41932395972222,3.472,1.41927778416667,3.482
1.41956027944444,3.461,1.41960174638889,3.482,1.41955567638889,3.482
1.41983814277778,3.461,1.41987958583333,3.472,1.41983348027778,3.472
1.42011625388889,3.461,1.42015734027778,3.472,1.42011107527778,3.482
1.42039386972222,3.461,1.42043563111111,3.472,1.42038888472222,3.482
1.42067170083333,3.461,1.42071321055556,3.472,1.42066668333333,3.482
1.42094943972222,3.461,1.42099153694444,3.472,1.42094427472222,3.482
1.42122748722222,3.461,1.42126948638889,3.472,1.42122234777778,3.482
1.42150543666667,3.461,1.42154713805556,3.472,1.42150028083333,3.482
1.42178319416667,3.461,1.42182526888889,3.472,1.42177820138889,3.482
1.42206078583333,3.461,1.42210289916667,3.472,1.42205618611111,3.482
1.42233894861111,3.461,1.42238093805556,3.472,1.42233378888889,3.482
1.42261739638889,3.461,1.42265875444444,3.482,1.42261162777778,3.482
1.4228951275,3.461,1.42293705388889,3.482,1.42288950972222,3.482
1.42317274361111,3.472,1.42321458083333,3.472,1.4231673,3.482
1.42345092388889,3.472,1.42349216944444,3.472,1.42344503361111,3.482
1.42372876722222,3.461,1.42377019611111,3.472,1.42372291277778,3.482
1.424006815,3.461,1.42404834027778,3.472,1.42400090861111,3.482
1.42428412388889,3.461,1.42432614472222,3.472,1.42427876527778,3.482
1.42456191805556,3.461,1.42460398055556,3.472,1.42455690472222,3.482
1.42484019638889,3.461,1.42488176027778,3.482,1.42483456361111,3.482
1.42511794444444,3.461,1.42515964833333,3.472,1.42511242027778,3.482
1.42539585166667,3.472,1.42543758388889,3.472,1.42539005833333,3.482
1.42567375638889,3.461,1.42571536527778,3.472,1.42566795416667,3.482
1.42595131388889,3.472,1.42599317861111,3.472,1.425945895,3.482
1.42622924388889,3.472,1.42627101833333,3.482,1.42622356527778,3.482
1.42650691833333,3.461,1.42654845916667,3.472,1.4265010975,3.482
1.42678477916667,3.472,1.42682673944444,3.472,1.42677953305556,3.482
1.42706264416667,3.461,1.42710446777778,3.472,1.42705710305556,3.482
1.42734072805556,3.461,1.42738257166667,3.482,1.42733515055556,3.482
1.42761876805556,3.472,1.42766007027778,3.472,1.42761302111111,3.482
1.42789651305556,3.461,1.42793842388889,3.482,1.42789111,3.482
1.42817426611111,3.461,1.42821619333333,3.472,1.42816907944444,3.482
1.42845215722222,3.472,1.42849435166667,3.482,1.42844665861111,3.482
1.42873029111111,3.461,1.42877233638889,3.472,1.42872421111111,3.482
1.42900797833333,3.461,1.42905035555556,3.472,1.42900239277778,3.482
1.42928588361111,3.461,1.42932843666667,3.482,1.42928011833333,3.482
1.42956363666667,3.472,1.42960625722222,3.472,1.42955747138889,3.482
1.42984129611111,3.472,1.42988421361111,3.482,1.42983534083333,3.482
1.43011902027778,3.461,1.43016192138889,3.482,1.43011306444444,3.482
1.43039692111111,3.461,1.43043975861111,3.482,1.43039082861111,3.482
1.43067440972222,3.472,1.43071744861111,3.482,1.43066892972222,3.482
1.43095229472222,3.461,1.43099534222222,3.482,1.43094635972222,3.482
1.43123034472222,3.461,1.43127315194444,3.472,1.43122471388889,3.482
1.43150774083333,3.472,1.43155073555556,3.472,1.43150248527778,3.482
1.43178588277778,3.472,1.43182896388889,3.482,1.43178064694444,3.482
1.43206367583333,3.461,1.43210655305556,3.472,1.43205863527778,3.482
1.4323414425,3.461,1.4323846375,3.472,1.43233711166667,3.482
1.432618995,3.461,1.43266234583333,3.472,1.43261472055556,3.482
1.43289672055556,3.461,1.43294051611111,3.472,1.43289245305556,3.482
1.43317440138889,3.461,1.43321830416667,3.482,1.43317034555556,3.482
1.43345298972222,3.472,1.4334959725,3.482,1.43344813055556,3.482
1.43373043777778,3.472,1.43377417027778,3.482,1.43372577722222,3.482
1.43400866305556,3.461,1.43405185083333,3.482,1.43400364388889,3.482
1.43428633527778,3.472,1.43432957277778,3.472,1.43428148583333,3.482
1.43456405305556,3.461,1.43460708472222,3.482,1.43455915805556,3.482
1.43484167333333,3.461,1.43488514222222,3.482,1.43483708777778,3.482
1.43511982583333,3.472,1.435162705,3.482,1.43511481305556,3.482
1.435397505,3.472,1.43544073944444,3.482,1.43539256916667,3.482
1.43567521388889,3.472,1.43571837638889,3.482,1.43567051194444,3.482
1.43595324305556,3.472,1.43599666,3.482,1.43594816333333,3.482
1.43623102361111,3.472,1.43627416472222,3.482,1.436225835,3.482
1.43650885944444,3.472,1.43655216083333,3.482,1.43650387638889,3.482
1.43678693916667,3.472,1.436829915,3.482,1.43678211527778,3.482
1.43706513527778,3.472,1.43710784138889,3.482,1.43705989944444,3.482
1.43734245861111,3.472,1.43738559111111,3.472,1.43733791305556,3.482
1.43762060805556,3.472,1.43766319888889,3.482,1.43761554305556,3.482
1.43789820055556,3.461,1.43794117444444,3.482,1.43789330555556,3.482
1.43817620555556,3.472,1.43821884888889,3.482,1.43817156777778,3.482
1.43845398305556,3.472,1.43849688361111,3.482,1.4384494125,3.482
1.43873184833333,3.472,1.43877494361111,3.482,1.43872726305556,3.482
1.43900975722222,3.461,1.43905265222222,3.482,1.43900530722222,3.482
1.43928750472222,3.472,1.43933045916667,3.482,1.43928322472222,3.482
1.43956536666667,3.472,1.43960828444444,3.482,1.43956109611111,3.482
1.43984318222222,3.472,1.43988654972222,3.482,1.43983884138889,3.482
1.4401210475,3.472,1.440164535,3.472,1.44011665666667,3.482
1.44039884277778,3.472,1.44044209333333,3.482,1.44039467166667,3.482
1.44067667166667,3.472,1.44071964944444,3.482,1.44067222083333,3.482
1.44095468888889,3.472,1.44099799805556,3.482,1.44095041722222,3.482
1.4412325675,3.472,1.44127606555556,3.482,1.44122816361111,3.482
1.44151020944444,3.472,1.44155408777778,3.482,1.44150582083333,3.482
1.44178824194444,3.472,1.44183185416667,3.482,1.44178426638889,3.482
1.4420658125,3.472,1.4421101125,3.482,1.44206204388889,3.482
1.44234362,3.461,1.44238774361111,3.482,1.44233980833333,3.482
1.44262108583333,3.472,1.44266586111111,3.482,1.442617585,3.482
1.44289953388889,3.472,1.44294356805556,3.482,1.4428953275,3.482
1.44317758916667,3.461,1.44322129916667,3.482,1.4431731425,3.482
1.443455005,3.472,1.44349907416667,3.482,1.44345099777778,3.482
1.44373321361111,3.472,1.44377684138889,3.482,1.44372847194444,3.482
1.44401118388889,3.472,1.44405516777778,3.482,1.44400642416667,3.482
1.4442890925,3.472,1.44433275944444,3.482,1.44428411444444,3.482
1.44456679972222,3.472,1.44461085638889,3.482,1.44456199083333,3.482
1.44484485888889,3.472,1.44488892361111,3.482,1.44483995805556,3.482
1.44512234916667,3.472,1.44516668583333,3.482,1.44511810333333,3.482
1.44540023166667,3.472,1.44544463111111,3.482,1.44539615277778,3.482
1.44567822861111,3.472,1.44572243861111,3.482,1.44567412472222,3.482
1.44595581666667,3.472,1.44600032388889,3.482,1.44595164833333,3.482
1.44623402194444,3.472,1.44627867916667,3.482,1.44622977416667,3.482
1.446511375,3.472,1.44655663083333,3.482,1.44650826,3.482
1.44678940722222,3.472,1.44683456444444,3.482,1.44678599055556,3.482
1.44706754138889,3.472,1.44711212388889,3.482,1.44706394222222,3.482
1.44734534388889,3.472,1.44739027555556,3.482,1.44734190055556,3.482
1.44762324861111,3.472,1.44766832527778,3.482,1.44761952083333,3.482
1.44790099527778,3.472,1.44794614833333,3.482,1.4478976575,3.482
1.44817909916667,3.472,1.44822401777778,3.482,1.44817548944444,3.482
1.44845709194444,3.472,1.448501945,3.482,1.44845338527778,3.482
1.44873468666667,3.472,1.44877938194444,3.482,1.44873121138889,3.482
1.44901262833333,3.472,1.44905755055556,3.482,1.44900910166667,3.482
1.44929056638889,3.472,1.44933537083333,3.482,1.44928707194444,3.482
1.44956847638889,3.472,1.44961294166667,3.482,1.44956446333333,3.482
1.44984633416667,3.472,1.44989100166667,3.482,1.44984259972222,3.482
1.45012416166667,3.472,1.45016877972222,3.482,1.45012050166667,3.482
1.45040162583333,3.472,1.45044668083333,3.482,1.450398515,3.482
1.45068002055556,3.472,1.45072486916667,3.482,1.45067620027778,3.492
1.45095785138889,3.472,1.45100294361111,3.482,1.45095454222222,3.482
1.45123533222222,3.472,1.45128089361111,3.482,1.45123226555556,3.492
1.45151347694444,3.472,1.45155879972222,3.482,1.45151035527778,3.492
1.45179099722222,3.472,1.45183676805556,3.482,1.45178793555556,3.482
1.45206887083333,3.472,1.4521143475,3.482,1.45206627638889,3.492
1.45234639111111,3.472,1.45239228833333,3.482,1.45234406777778,3.482
1.45262471472222,3.472,1.45267023138889,3.482,1.45262161,3.482
1.45290235583333,3.472,1.45294774527778,3.482,1.45289944944444,3.482
1.45318028472222,3.472,1.45322581166667,3.482,1.45317742333333,3.492
1.45345821194444,3.472,1.45350368527778,3.482,1.45345549138889,3.482
1.45373603333333,3.472,1.45378164444444,3.482,1.45373341305556,3.492
1.45401401777778,3.472,1.45405923472222,3.482,1.45401148388889,3.492
1.45429163083333,3.472,1.45433727416667,3.482,1.45428943694444,3.492
1.45456948055556,3.472,1.45461495694444,3.482,1.45456723527778,3.482
1.4548471775,3.472,1.45489280833333,3.482,1.45484517388889,3.492
1.45512500305556,3.472,1.45517025472222,3.482,1.45512285722222,3.492
1.45540279083333,3.472,1.45544815138889,3.482,1.45540114083333,3.492
1.45568048722222,3.472,1.45572619361111,3.482,1.45567867666667,3.492
1.45595844638889,3.472,1.45600372277778,3.482,1.45595689722222,3.482
1.45623612222222,3.472,1.45628181527778,3.482,1.45623491305556,3.492
1.45651421944444,3.472,1.45655957194444,3.482,1.456512745,3.482
1.4567916275,3.472,1.45683712833333,3.482,1.45679102194444,3.492
1.45706971916667,3.472,1.45711539194444,3.482,1.45706883527778,3.492
1.45734783305556,3.472,1.45739298777778,3.482,1.45734688083333,3.482
1.45762594694444,3.472,1.45767118583333,3.482,1.45762456333333,3.492
1.45790378388889,3.472,1.45794894861111,3.482,1.45790217222222,3.492
1.45818169333333,3.472,1.45822673638889,3.482,1.45818012916667,3.492
1.45845915944444,3.472,1.45850460583333,3.482,1.45845791638889,3.492
1.45873738611111,3.472,1.45878230055556,3.482,1.45873607666667,3.492
1.45901499416667,3.472,1.45906029277778,3.482,1.45901412222222,3.492
1.45929305083333,3.472,1.45933824944444,3.482,1.45929200388889,3.492
1.45957104083333,3.472,1.45961641111111,3.482,1.45956995888889,3.492
1.45984832416667,3.472,1.45989462138889,3.482,1.4598479825,3.492
1.46012636833333,3.472,1.46017262888889,3.482,1.46012558527778,3.492
1.46040420722222,3.482,1.46045066472222,3.482,1.46040334333333,3.492
1.46068231944444,3.472,1.46072872722222,3.482,1.46068147833333,3.492
1.46096022472222,3.472,1.46100641888889,3.482,1.46095930916667,3.492
1.46123791083333,3.472,1.46128425472222,3.482,1.46123724277778,3.492
1.46151586222222,3.472,1.46156212055556,3.482,1.461514915,3.482
1.46179373055556,3.472,1.46183990333333,3.482,1.46179291444444,3.492
1.46207155111111,3.482,1.46211737083333,3.482,1.46207078555556,3.492
1.46234941083333,3.472,1.46239565527778,3.482,1.46234913472222,3.492
1.46262707277778,3.472,1.46267344805556,3.482,1.46262671222222,3.492
1.46290516611111,3.472,1.46295098555556,3.482,1.46290465333333,3.492
1.46318262555556,3.472,1.46322888416667,3.482,1.46318260055556,3.492
1.46346041277778,3.472,1.46350676416667,3.482,1.46346047,3.492
1.46373853666667,3.472,1.46378463916667,3.482,1.46373828416667,3.492
1.46401580138889,3.472,1.46406243444444,3.482,1.4640165575,3.492
1.46429409944444,3.482,1.46434044222222,3.492,1.46429436972222,3.492
1.464571355,3.472,1.46461813305556,3.482,1.46457184583333,3.492
1.46484957472222,3.482,1.46489618027778,3.492,1.46484983527778,3.492
1.46512722055556,3.472,1.4651738225,3.482,1.46512779277778,3.492
1.46540524472222,3.472,1.46545157611111,3.482,1.46540580833333,3.492
1.46568321722222,3.472,1.46572969583333,3.482,1.46568344722222,3.492
1.46596127222222,3.482,1.46600747638889,3.482,1.46596116777778,3.492
1.46623935805556,3.472,1.46628520111111,3.482,1.46623886055556,3.492
1.46651705972222,3.472,1.46656312305556,3.492,1.46651701138889,3.492
1.46679474916667,3.472,1.46684069333333,3.482,1.46679482527778,3.492
1.46707247555556,3.472,1.46711884,3.482,1.46707246305556,3.492
1.46735050583333,3.482,1.46739669833333,3.482,1.467350155,3.492
1.46762826194444,3.472,1.46767442861111,3.482,1.46762817694444,3.492
1.46790609555556,3.472,1.4679522925,3.482,1.46790607416667,3.492
1.46818424194444,3.472,1.46822995583333,3.482,1.46818427805556,3.492
1.46846185694444,3.472,1.46850788861111,3.492,1.46846201361111,3.492
1.46873979277778,3.482,1.46878564611111,3.482,1.46873959527778,3.492
1.46901793166667,3.482,1.46906315944444,3.482,1.46901774027778,3.492
1.46929552805556,3.482,1.46934146694444,3.482,1.46929533555556,3.492
1.46957354305556,3.482,1.46961906388889,3.492,1.46957354972222,3.492
1.46985150611111,3.482,1.46989716138889,3.482,1.46985123527778,3.492
1.47012917027778,3.482,1.47017491722222,3.482,1.470129045,3.492
1.47040719305556,3.472,1.47045303027778,3.482,1.47040715916667,3.492
1.47068495416667,3.472,1.47073082944444,3.482,1.47068505972222,3.492
1.47096274027778,3.472,1.47100852194444,3.492,1.47096307527778,3.492
1.47124094805556,3.482,1.47128636722222,3.482,1.47124094611111,3.492
1.47151864138889,3.472,1.47156374138889,3.482,1.47151858472222,3.492
1.471796635,3.472,1.47184213694444,3.492,1.47179627277778,3.492
1.47207437055556,3.482,1.47211968027778,3.482,1.47207444111111,3.492
1.47235217861111,3.482,1.47239782055556,3.482,1.47235191638889,3.492
1.47263007611111,3.482,1.47267593027778,3.492,1.47262996027778,3.492
1.47290811305556,3.482,1.47295356361111,3.482,1.47290767111111,3.492
1.47318597361111,3.482,1.47323168944444,3.492,1.47318573138889,3.492
1.47346356111111,3.482,1.47350928638889,3.482,1.47346321944444,3.492
1.47374157611111,3.482,1.47378752805556,3.492,1.47374079777778,3.492
1.47401941611111,3.482,1.47406519611111,3.482,1.47401925194444,3.492
1.47429755361111,3.482,1.47434300888889,3.492,1.47429704888889,3.492
1.47457592805556,3.472,1.47462111444444,3.492,1.47457518666667,3.492
1.47485365972222,3.482,1.47489883583333,3.492,1.47485286027778,3.492
1.47513151277778,3.482,1.47517668611111,3.492,1.47513073638889,3.492
1.4754095525,3.482,1.47545451138889,3.492,1.47540886055556,3.492
1.475687555,3.472,1.47573206833333,3.492,1.47568681361111,3.492
1.47596540777778,3.482,1.47600987166667,3.492,1.4759651,3.492
1.47624331527778,3.482,1.47628822027778,3.492,1.47624253638889,3.492
1.47652110916667,3.482,1.47656611277778,3.492,1.47652075222222,3.492
1.47679911388889,3.482,1.47684420138889,3.492,1.47679850916667,3.492
1.47707709805556,3.482,1.47712185222222,3.492,1.47707599083333,3.492
1.47735493138889,3.482,1.47739963833333,3.492,1.47735394472222,3.492
1.47763271527778,3.482,1.47767788166667,3.492,1.47763203833333,3.492
1.47791030111111,3.482,1.47795539944444,3.492,1.4779095825,3.492
1.47818875888889,3.482,1.47823361,3.492,1.47818796777778,3.492
1.47846652555556,3.482,1.47851137555556,3.492,1.47846527361111,3.492
1.47874411583333,3.482,1.47878926388889,3.492,1.47874380305556,3.492
1.47902203055556,3.482,1.47906693555556,3.492,1.479021205,3.492
1.47929947777778,3.482,1.47934481833333,3.492,1.47929907416667,3.492
1.47957745916667,3.482,1.4796224125,3.492,1.47957707305556,3.492
1.47985527861111,3.482,1.47990078527778,3.492,1.47985442583333,3.492
1.48013376583333,3.482,1.48017853416667,3.492,1.48013248638889,3.492
1.48041149111111,3.482,1.48045650083333,3.492,1.48041059055556,3.492
1.48068910111111,3.482,1.48073441833333,3.482,1.4806884175,3.492
1.48096691277778,3.482,1.48101217,3.492,1.480966045,3.502
1.48124482111111,3.482,1.48128975416667,3.492,1.48124433722222,3.492
1.48152254194444,3.482,1.48156738527778,3.492,1.48152211083333,3.492
1.48180028166667,3.482,1.48184530472222,3.492,1.48179971833333,3.492
1.482078305,3.482,1.48212321083333,3.492,1.48207799972222,3.502
1.48235602833333,3.482,1.48240130361111,3.492,1.4823556375,3.502
1.48263414388889,3.482,1.48267916083333,3.492,1.4826333175,3.492
1.48291236472222,3.482,1.48295713722222,3.492,1.4829111975,3.492
1.48319041027778,3.482,1.48323488583333,3.492,1.48318897527778,3.492
1.48346798611111,3.482,1.48351256166667,3.492,1.48346697166667,3.492
1.48374629861111,3.482,1.48379044638889,3.492,1.48374474666667,3.492
1.48402383527778,3.482,1.48406829527778,3.492,1.48402282833333,3.492
1.48430187583333,3.482,1.48434569916667,3.492,1.48430074916667,3.492
1.48457976444444,3.482,1.48462392166667,3.492,1.48457807027778,3.492
1.48485752861111,3.482,1.48490162777778,3.492,1.48485652194444,3.502
1.4851354775,3.482,1.48517977638889,3.492,1.48513415861111,3.502
1.48541355194444,3.482,1.48545749444444,3.492,1.48541207166667,3.502
1.48569110638889,3.482,1.4857355575,3.492,1.485690205,3.492
1.48596894527778,3.482,1.48601331361111,3.492,1.48596769027778,3.492
1.48624683666667,3.482,1.48629110944444,3.492,1.48624575166667,3.502
1.48652474527778,3.482,1.486568795,3.492,1.48652382888889,3.492
1.48680222083333,3.482,1.48684703111111,3.492,1.48680154638889,3.502
1.487079985,3.482,1.48712505944444,3.492,1.48707918277778,3.502
1.48735824361111,3.482,1.48740282527778,3.492,1.48735702305556,3.502
1.48763615666667,3.482,1.48768048611111,3.492,1.48763475333333,3.492
1.48791429166667,3.482,1.48795856555556,3.492,1.48791225527778,3.502
1.48819197694444,3.482,1.48823643972222,3.492,1.4881903575,3.502
1.48846985777778,3.482,1.48851426722222,3.492,1.48846809277778,3.502
1.48874787611111,3.482,1.48879189444444,3.492,1.48874600861111,3.502
1.48902552138889,3.482,1.48906974083333,3.492,1.48902341638889,3.492
1.489303295,3.482,1.4893473575,3.492,1.48930151194444,3.502
1.48958108722222,3.482,1.48962519777778,3.492,1.489579345,3.502
1.48985921611111,3.482,1.48990291361111,3.492,1.48985698611111,3.502
1.49013685027778,3.482,1.49018124944444,3.492,1.4901348025,3.502
1.49041473666667,3.482,1.49045888583333,3.492,1.49041249472222,3.502
1.49069257472222,3.482,1.49073666638889,3.492,1.49069037,3.502
1.49097033638889,3.482,1.491014835,3.492,1.49096822444444,3.502
1.49124775583333,3.482,1.49129251083333,3.492,1.49124580944444,3.502
1.49152610027778,3.482,1.49157034305556,3.492,1.49152360638889,3.502
1.49180378888889,3.482,1.49184819194444,3.492,1.49180117361111,3.502
1.4920816775,3.482,1.49212621472222,3.492,1.49207897611111,3.502
1.49235929805556,3.482,1.49240415638889,3.492,1.49235728194444,3.502
1.49263739861111,3.482,1.49268193472222,3.492,1.49263504444444,3.502
1.49291545916667,3.482,1.49295976583333,3.492,1.49291301083333,3.502
1.49319311055556,3.482,1.49323753888889,3.492,1.4931911275,3.502
1.49347084888889,3.482,1.49351513194444,3.492,1.49346883944444,3.502
1.4937487675,3.482,1.49379332638889,3.492,1.49374664722222,3.502
1.49402662861111,3.482,1.49407070111111,3.492,1.49402451888889,3.502
1.49430447777778,3.482,1.49434864,3.492,1.49430251722222,3.502
1.49458232111111,3.482,1.49462661388889,3.492,1.4945805125,3.502
1.49486021305556,3.482,1.49490454416667,3.492,1.49485860333333,3.502
1.49513820527778,3.482,1.49518180277778,3.492,1.49513603277778,3.502
1.49541620027778,3.482,1.49546013305556,3.492,1.49541439305556,3.502
1.49569407361111,3.482,1.49573785416667,3.492,1.49569196694444,3.502
1.49597194444444,3.482,1.49601573222222,3.492,1.49596987055556,3.502
1.49624985916667,3.482,1.49629387611111,3.492,1.4962475025,3.502
1.49652718388889,3.482,1.49657173222222,3.492,1.49652531972222,3.502
1.49680539388889,3.482,1.4968495525,3.492,1.49680327472222,3.502
1.49708286638889,3.482,1.49712751277778,3.492,1.49708115611111,3.502
1.49736108277778,3.482,1.49740510861111,3.492,1.49735883722222,3.502
1.49763874722222,3.482,1.49768308972222,3.492,1.49763660833333,3.502
1.49791671583333,3.482,1.49796040833333,3.492,1.49791429527778,3.502
1.49819447972222,3.482,1.4982382775,3.492,1.49819257583333,3.502
1.4984721575,3.482,1.49851622527778,3.492,1.49847034861111,3.502
1.49875014194444,3.482,1.49879400361111,3.492,1.49874846861111,3.502
1.49902806777778,3.482,1.49907206861111,3.492,1.49902656861111,3.502
1.49930603222222,3.482,1.49934998416667,3.502,1.49930438694444,3.502
1.49958362027778,3.482,1.49962788805556,3.492,1.49958205194444,3.502
1.49986204527778,3.482,1.49990621944444,3.492,1.49985975638889,3.502
1.50013974,3.482,1.50018378527778,3.492,1.50013752833333,3.502
1.50041729833333,3.482,1.50046154861111,3.492,1.50041520305556,3.502
1.50069540083333,3.482,1.50073953694444,3.502,1.50069303361111,3.502
1.50097281472222,3.482,1.50101724194444,3.492,1.50097118638889,3.502
1.50125105111111,3.482,1.50129546472222,3.502,1.50124889,3.502
1.50152889138889,3.482,1.50157345,3.492,1.50152674833333,3.502
1.50180648055556,3.482,1.50185137222222,3.502,1.50180458861111,3.502
1.50208461944444,3.482,1.5021290875,3.502,1.50208232361111,3.502
1.50236264166667,3.482,1.50240698472222,3.502,1.50236013361111,3.502
1.50264034361111,3.482,1.50268429333333,3.502,1.50263832861111,3.502
1.50291785305556,3.482,1.50296207444444,3.492,1.50291600222222,3.502
1.50319596666667,3.482,1.50324056666667,3.492,1.5031943375,3.502
1.50347373722222,3.482,1.50351795583333,3.502,1.50347218,3.502
1.50375141833333,3.482,1.503795815,3.502,1.50374998777778,3.502
1.50402932222222,3.482,1.50407354027778,3.502,1.50402811583333,3.502
1.5043074825,3.482,1.50435164611111,3.502,1.50430613194444,3.502
1.50458533194444,3.482,1.50462983944444,3.502,1.50458444,3.502
1.50486284638889,3.482,1.50490777888889,3.502,1.50486240027778,3.502
1.50514085666667,3.482,1.50518560916667,3.502,1.50514017444444,3.502
1.50541838055556,3.492,1.50546347027778,3.492,1.50541819527778,3.502
1.50569657583333,3.482,1.50574143027778,3.502,1.50569600833333,3.502
1.50597468,3.482,1.50601896416667,3.502,1.50597399861111,3.512
1.50625256944444,3.482,1.50629666083333,3.502,1.50625195305556,3.502
1.50653025083333,3.482,1.50657503055556,3.502,1.50652977777778,3.502
1.50680849027778,3.482,1.50685275527778,3.502,1.50680766972222,3.512
1.50708654638889,3.482,1.50713060472222,3.502,1.50708542972222,3.502
1.50736434972222,3.482,1.50740799888889,3.502,1.50736314666667,3.512
1.50764247111111,3.482,1.507686385,3.502,1.50764121888889,3.512
1.50792066,3.492,1.50796443694444,3.502,1.50791896916667,3.502
1.508198305,3.492,1.50824219444444,3.502,1.50819706333333,3.502
1.50847607277778,3.492,1.50852007833333,3.502,1.50847451305556,3.502
1.50875375944444,3.482,1.50879778111111,3.502,1.508752435,3.502
1.50903166361111,3.492,1.50907570611111,3.502,1.50903028388889,3.512
1.50930963777778,3.492,1.50935366472222,3.502,1.50930864527778,3.502
1.50958761138889,3.492,1.50963100611111,3.502,1.50958666333333,3.512
1.50986545333333,3.492,1.50990919944444,3.502,1.50986466972222,3.512
1.51014345416667,3.492,1.51018680805556,3.502,1.51014262305556,3.512
1.51042116666667,3.492,1.51046474666667,3.502,1.51042036166667,3.512
1.51069929388889,3.482,1.51074236472222,3.502,1.51069826388889,3.512
1.51097761444444,3.492,1.51102014944444,3.502,1.51097574194444,3.502
1.51125503666667,3.482,1.51129839111111,3.502,1.51125375805556,3.512
1.5115329475,3.492,1.51157635722222,3.502,1.5115318425,3.512
1.51181052,3.492,1.51185426583333,3.502,1.51180946083333,3.512
1.51208855833333,3.482,1.51213163861111,3.502,1.51208747222222,3.512
1.51236659166667,3.492,1.51240952027778,3.502,1.51236529361111,3.512
1.51264444972222,3.492,1.51268721277778,3.502,1.51264335111111,3.512
1.51292218972222,3.492,1.51296536361111,3.502,1.51292129861111,3.512
1.51320039944444,3.492,1.51324288888889,3.502,1.51319893777778,3.512
1.51347827916667,3.492,1.51352117944444,3.502,1.513476635,3.512
1.51375608416667,3.492,1.51379845416667,3.502,1.51375459,3.512
1.51403385111111,3.492,1.5140764025,3.502,1.51403212861111,3.512
1.51431216027778,3.492,1.51435448111111,3.502,1.51431014277778,3.512
1.51458972333333,3.492,1.51463222805556,3.502,1.51458798055556,3.512
1.51486717638889,3.492,1.51491011861111,3.502,1.51486593972222,3.512
1.51514527416667,3.492,1.51518806611111,3.502,1.51514357222222,3.512
1.51542333194444,3.492,1.51546622916667,3.502,1.51542155416667,3.512
1.51570104916667,3.482,1.51574390055556,3.502,1.51569897,3.512
1.51597899333333,3.492,1.51602163972222,3.502,1.51597681888889,3.512
1.5162573225,3.492,1.51629951472222,3.502,1.51625465,3.512
1.5165353375,3.492,1.51657729111111,3.502,1.516532665,3.512
1.51681329972222,3.492,1.51685535611111,3.502,1.51681011694444,3.512
1.5170913025,3.492,1.51713290694444,3.502,1.51708806527778,3.512
1.51736909388889,3.492,1.51741094277778,3.502,1.51736633416667,3.512
1.51764655638889,3.492,1.51768900277778,3.502,1.51764425444444,3.512
1.51792440055556,3.492,1.51796677333333,3.502,1.51792211166667,3.512
1.51820210527778,3.492,1.51824467916667,3.502,1.51820000722222,3.512
1.51847992416667,3.492,1.51852216361111,3.502,1.518477695,3.512
1.51875783138889,3.492,1.5187999425,3.502,1.51875555,3.512
1.51903551861111,3.492,1.51907787305556,3.502,1.51903342472222,3.512
1.51931366194444,3.492,1.51935568305556,3.502,1.51931087666667,3.512
1.51959134305556,3.492,1.51963365166667,3.502,1.51958862305556,3.512
1.51986906055556,3.492,1.51991162638889,3.502,1.51986679555556,3.512
1.52014730583333,3.492,1.52018967916667,3.502,1.52014492277778,3.512
1.52042510833333,3.492,1.52046716833333,3.512,1.52042298944444,3.512
1.52070288638889,3.492,1.52074540805556,3.512,1.52070052,3.512
1.52098024138889,3.492,1.52102296861111,3.512,1.52097877638889,3.512
1.52125849194444,3.492,1.52130071722222,3.502,1.52125638972222,3.512
1.52153642305556,3.492,1.52157895472222,3.502,1.52153479666667,3.512
1.52181460444444,3.492,1.52185666111111,3.512,1.52181221055556,3.512
1.52209225972222,3.492,1.52213422638889,3.512,1.52209052833333,3.512
1.52237031277778,3.492,1.52241230805556,3.512,1.52236838777778,3.512
1.52264854638889,3.492,1.52269005583333,3.512,1.5226461975,3.512
1.5229266625,3.492,1.52296775111111,3.512,1.52292418666667,3.512
1.52320444944444,3.492,1.52324610083333,3.512,1.52320207527778,3.523
1.52348221527778,3.492,1.52352374555556,3.512,1.52347965722222,3.523
1.52376027916667,3.492,1.52380181555556,3.512,1.52375719305556,3.512
1.52403785944444,3.492,1.52407998861111,3.512,1.52403563888889,3.512
1.52431598111111,3.492,1.52435736472222,3.502,1.52431350388889,3.512
1.52459382277778,3.492,1.52463562777778,3.512,1.52459115583333,3.523
1.52487168305556,3.492,1.52491328777778,3.512,1.52486935,3.523
1.52514953527778,3.492,1.5251911275,3.512,1.52514700611111,3.523
1.52542726416667,3.492,1.52546903694444,3.512,1.52542496583333,3.512
1.52570515444444,3.492,1.52574687361111,3.512,1.52570290972222,3.523
1.52598290888889,3.492,1.52602507583333,3.512,1.52598060722222,3.523
1.52626101305556,3.492,1.52630305055556,3.512,1.52625826972222,3.523
1.52653831194444,3.492,1.52658101611111,3.512,1.52653628833333,3.523
1.52681618611111,3.492,1.52685886916667,3.512,1.52681389388889,3.523
1.52709414888889,3.492,1.52713659166667,3.512,1.52709202416667,3.523
1.52737214944444,3.492,1.52741436944444,3.512,1.52736979583333,3.523
1.52765008361111,3.492,1.52769235027778,3.512,1.5276475625,3.523
1.5279275575,3.492,1.52797028138889,3.512,1.52792549972222,3.523
1.52820583861111,3.492,1.52824775472222,3.512,1.5282029575,3.523
1.52848350916667,3.492,1.52852540833333,3.512,1.52848096527778,3.523
1.52876111666667,3.492,1.52880364722222,3.512,1.52875882388889,3.523
1.52903903472222,3.492,1.52908125333333,3.512,1.52903641611111,3.523
1.52931691694444,3.492,1.52935888583333,3.512,1.52931460083333,3.523
1.52959459277778,3.492,1.52963699527778,3.512,1.5295923825,3.523
1.52987270055556,3.492,1.52991464555556,3.512,1.52987008694444,3.523
1.5301505375,3.492,1.53019239722222,3.512,1.53014818333333,3.523
1.53042833861111,3.492,1.53047063861111,3.512,1.53042606777778,3.523
1.53070680888889,3.492,1.53074839083333,3.512,1.53070385166667,3.523
1.53098481666667,3.492,1.53102628388889,3.512,1.53098191888889,3.523
1.5312624375,3.492,1.53130442305556,3.512,1.5312596625,3.523
1.53154024638889,3.492,1.5315822575,3.512,1.53153727027778,3.523
1.53181842611111,3.492,1.531859665,3.512,1.53181514583333,3.523
1.53209624805556,3.492,1.532137565,3.512,1.53209326611111,3.523
1.53237377166667,3.492,1.53241575222222,3.523,1.53237105416667,3.523
1.53265183861111,3.492,1.53269352972222,3.512,1.53264884222222,3.523
1.53292974472222,3.492,1.53297117833333,3.512,1.53292673722222,3.523
1.53320809,3.492,1.53324926388889,3.512,1.53320461083333,3.523
1.5334858125,3.492,1.53352681472222,3.512,1.53348227444444,3.523
1.53376363555556,3.492,1.53380468333333,3.512,1.53376028472222,3.523
1.53404152361111,3.492,1.53408260833333,3.512,1.53403796388889,3.523
1.5343190025,3.492,1.53436082138889,3.512,1.53431580888889,3.523
1.53459722277778,3.492,1.5346384675,3.523,1.53459396916667,3.523
1.53487501277778,3.502,1.53491641416667,3.512,1.53487164277778,3.523
1.53515289722222,3.492,1.53519413055556,3.523,1.53514968861111,3.523
1.53543056388889,3.492,1.53547194444444,3.523,1.53542747833333,3.523
1.53570847027778,3.502,1.53574972055556,3.512,1.53570531305556,3.523
1.53598621222222,3.492,1.53602746055556,3.523,1.53598382277778,3.523
1.53626403944444,3.492,1.53630523583333,3.512,1.53626154333333,3.523
1.53654136305556,3.502,1.53658294611111,3.523,1.53653932888889,3.523
1.53681984055556,3.492,1.53686090472222,3.523,1.53681715111111,3.533
1.53709719055556,3.492,1.53713864277778,3.523,1.53709479722222,3.533
1.53737526333333,3.502,1.5374162425,3.523,1.53737254777778,3.533
1.53765302694444,3.492,1.53769441388889,3.523,1.53765058638889,3.533
1.53793079527778,3.502,1.53797194861111,3.512,1.53792810611111,3.523
1.53820865361111,3.502,1.53824960527778,3.523,1.53820649944444,3.533
1.53848629555556,3.502,1.53852770861111,3.523,1.53848437944444,3.523
1.53876406666667,3.502,1.53880518666667,3.523,1.538762295,3.533
1.539041975,3.492,1.53908334083333,3.523,1.53904023305556,3.533
1.53931949833333,3.502,1.53936104305556,3.523,1.53931811527778,3.533
1.53959768583333,3.502,1.53963857305556,3.523,1.53959599444444,3.533
1.53987560027778,3.502,1.53991623333333,3.523,1.53987384472222,3.533
1.54015353861111,3.502,1.54019437166667,3.523,1.54015187666667,3.533
1.54043110527778,3.502,1.54047210833333,3.523,1.54042957305556,3.533
1.54070929611111,3.502,1.54074987055556,3.523,1.54070719361111,3.533
1.540987335,3.502,1.54102775111111,3.523,1.54098522722222,3.533
1.54126535666667,3.502,1.54130568194444,3.523,1.54126309361111,3.533
1.54154352166667,3.502,1.54158329555556,3.523,1.54154093111111,3.533
1.54182115555556,3.502,1.54186138472222,3.523,1.54181860972222,3.533
1.54209877722222,3.502,1.54213894138889,3.523,1.54209667944444,3.533
1.54237712944444,3.502,1.54241688861111,3.523,1.54237458694444,3.533
1.54265450166667,3.502,1.54269486805556,3.523,1.54265221472222,3.533
1.54293250555556,3.502,1.54297281583333,3.523,1.542929985,3.533
1.54321039444444,3.502,1.54325084638889,3.523,1.54320855611111,3.533
1.54348811861111,3.502,1.54352894833333,3.523,1.5434860825,3.533
1.54376570916667,3.502,1.54380636361111,3.523,1.54376378444444,3.533
1.54404356333333,3.502,1.54408424833333,3.523,1.54404162166667,3.533
1.54432138666667,3.502,1.54436219027778,3.533,1.54431951888889,3.533
1.54459903361111,3.502,1.54464067472222,3.533,1.54459698472222,3.533
1.54487663,3.502,1.54491823444444,3.523,1.54487496694444,3.533
1.54515483888889,3.502,1.54519628194444,3.523,1.54515287972222,3.533
1.54543256638889,3.502,1.54547393027778,3.523,1.5454310475,3.533
1.54571035833333,3.502,1.54575203611111,3.523,1.5457085825,3.533
1.54598848361111,3.502,1.54602973416667,3.523,1.54598657194444,3.533
1.54626631833333,3.502,1.54630746166667,3.523,1.546264245,3.543
1.54654427805556,3.502,1.54658508944444,3.533,1.54654204805556,3.533
1.54682201083333,3.502,1.54686332027778,3.533,1.54681996972222,3.533
1.54709973833333,3.502,1.54714105666667,3.523,1.547097865,3.533
1.54737743305556,3.502,1.54741867361111,3.533,1.5473758375,3.533
1.54765509888889,3.502,1.54769654722222,3.533,1.54765371444444,3.533
1.54793324277778,3.502,1.54797437611111,3.523,1.54793187444444,3.533
1.5482110325,3.502,1.5482520175,3.533,1.54820950916667,3.533
1.54848907722222,3.502,1.54852999833333,3.533,1.54848741222222,3.533
1.54876664361111,3.502,1.54880757805556,3.533,1.54876501277778,3.533
1.54904442472222,3.502,1.54908592027778,3.533,1.54904280333333,3.533
1.54932235222222,3.502,1.54936319972222,3.533,1.54932095583333,3.533
1.54960024583333,3.502,1.54964153305556,3.533,1.54959884166667,3.533
1.54987840527778,3.502,1.54991965694444,3.533,1.5498765925,3.533
1.55015628416667,3.502,1.55019750083333,3.533,1.55015449555556,3.543
1.55043430027778,3.502,1.55047530055556,3.533,1.55043244388889,3.543
1.55071205194444,3.502,1.55075304833333,3.533,1.55071047777778,3.533
1.55098960388889,3.512,1.55103082138889,3.533,1.55098816111111,3.543
1.55126758222222,3.502,1.55130844722222,3.533,1.55126613277778,3.533
1.55154554388889,3.502,1.55158620777778,3.533,1.55154393416667,3.543
1.55182346222222,3.502,1.55186417333333,3.533,1.55182194638889,3.543
1.55210168138889,3.502,1.55214180805556,3.533,1.55209986472222,3.543
1.55237953833333,3.502,1.55241961694444,3.533,1.55237758833333,3.533
1.55265725361111,3.502,1.55269709472222,3.533,1.55265533722222,3.543
1.55293538305556,3.502,1.55297556083333,3.533,1.55293355694444,3.543
1.55321283694444,3.502,1.55325317305556,3.533,1.55321118388889,3.543
1.55349094166667,3.502,1.55353124444444,3.533,1.55348888555556,3.543
1.55376854694444,3.502,1.55380913472222,3.533,1.55376656722222,3.543
1.55404643416667,3.512,1.55408693805556,3.533,1.55404447833333,3.543
1.55432430611111,3.512,1.55436480611111,3.533,1.55432221722222,3.543
1.55460196194444,3.512,1.55464269777778,3.533,1.55459980222222,3.543
1.55487961055556,3.512,1.55492037833333,3.533,1.55487800611111,3.543
1.55515739916667,3.502,1.55519854111111,3.533,1.55515559555556,3.543
1.55543537472222,3.512,1.555476395,3.533,1.55543330166667,3.543
1.55571331611111,3.502,1.55575419972222,3.533,1.55571137805556,3.543
1.55599161166667,3.502,1.55603207138889,3.543,1.55598931277778,3.543
1.55626913861111,3.512,1.55631014194444,3.543,1.55626742583333,3.543
1.55654681194444,3.502,1.55658833444444,3.533,1.55654527861111,3.543
1.55682494972222,3.512,1.55686594361111,3.543,1.55682319027778,3.543
1.55710249583333,3.512,1.55714400222222,3.533,1.55710059361111,3.543
1.55738004972222,3.512,1.55742165972222,3.543,1.55737874416667,3.543
1.55765819361111,3.512,1.55769906388889,3.533,1.55765663055556,3.543
1.55793577555556,3.512,1.55797705361111,3.543,1.55793453055556,3.543
1.55821386861111,3.512,1.55825520416667,3.533,1.55821207194444,3.543
1.55849186111111,3.512,1.55853291611111,3.543,1.55849016583333,3.543
1.55876937027778,3.512,1.55881092277778,3.543,1.55876817388889,3.543
1.559047325,3.512,1.55908890333333,3.543,1.55904606138889,3.543
1.55932514972222,3.512,1.55936667333333,3.543,1.55932358694444,3.543
1.55960275638889,3.512,1.55964446388889,3.543,1.55960201,3.543
1.55988086194444,3.512,1.55992214666667,3.543,1.55987978638889,3.543
1.56015862888889,3.512,1.56020012611111,3.543,1.5601579825,3.543
1.56043667527778,3.512,1.56047780805556,3.543,1.56043526916667,3.543
1.56071435194444,3.512,1.56075578666667,3.543,1.56071352166667,3.543
1.56099220611111,3.512,1.56103325555556,3.543,1.56099162833333,3.543
1.56127007166667,3.512,1.56131125972222,3.543,1.56126912861111,3.543
1.56154776388889,3.512,1.5615894525,3.543,1.56154689388889,3.543
1.56182550805556,3.512,1.56186719722222,3.543,1.56182492444444,3.543
1.56210371444444,3.512,1.5621447875,3.543,1.56210246972222,3.543
1.56238171416667,3.512,1.56242271416667,3.543,1.56238069972222,3.543
1.56265945972222,3.512,1.56270061055556,3.543,1.56265827166667,3.543
1.56293719527778,3.512,1.56297854916667,3.543,1.562936055,3.543
1.56321520027778,3.512,1.563256125,3.543,1.56321400194444,3.543
1.56349310722222,3.512,1.56353428361111,3.543,1.5634919275,3.543
1.56377081055556,3.512,1.56381255611111,3.543,1.56377022583333,3.543
1.56404872833333,3.512,1.56409027305556,3.543,1.564047475,3.543
1.56432633666667,3.512,1.56436831055556,3.543,1.5643259825,3.543
1.56460429833333,3.512,1.564646235,3.543,1.56460364555556,3.543
1.56488198611111,3.512,1.56492378027778,3.543,1.56488149944444,3.543
1.56515944055556,3.512,1.56520127694444,3.543,1.56515927361111,3.543
1.56543747416667,3.512,1.56547917944444,3.543,1.56543715861111,3.543
1.56571543222222,3.512,1.56575728416667,3.543,1.56571490861111,3.543
1.56599342222222,3.512,1.56603512805556,3.543,1.56599296027778,3.543
1.56627142027778,3.512,1.56631301138889,3.543,1.56627034472222,3.543
1.566549565,3.523,1.566590685,3.543,1.56654875666667,3.543
1.56682741444444,3.512,1.56686878333333,3.543,1.56682651305556,3.543
1.56710549583333,3.512,1.56714697611111,3.543,1.56710434527778,3.543
1.56738353944444,3.512,1.56742473805556,3.543,1.56738212916667,3.543
1.56766105166667,3.512,1.56770260111111,3.543,1.56766021861111,3.543
1.56793865694444,3.512,1.56798062222222,3.543,1.56793794722222,3.543
1.56821708361111,3.512,1.56825876722222,3.543,1.56821553861111,3.553
1.56849481027778,3.523,1.56853653944444,3.543,1.56849350416667,3.553
1.56877299861111,3.512,1.56881437944444,3.553,1.56877091611111,3.543
1.56905076027778,3.523,1.56909237083333,3.543,1.56904930777778,3.543
1.56932869027778,3.523,1.5693705725,3.543,1.56932700472222,3.553
1.56960651111111,3.523,1.56964819027778,3.543,1.56960487361111,3.543
1.5698840225,3.523,1.56992618027778,3.553,1.56988254083333,3.543
1.570162165,3.523,1.57020374361111,3.543,1.57016030138889,3.543
1.57043972527778,3.523,1.57048144888889,3.543,1.57043824,3.543
1.57071794083333,3.523,1.57075925638889,3.543,1.57071608194444,3.553
1.57099560361111,3.523,1.57103715333333,3.553,1.57099433138889,3.543
1.57127358833333,3.523,1.57131459027778,3.553,1.57127194277778,3.543
1.57155151277778,3.523,1.57159281111111,3.553,1.57154989166667,3.543
1.57182914166667,3.523,1.57187051277778,3.553,1.57182762138889,3.553
1.57210706916667,3.523,1.57214811166667,3.553,1.57210550527778,3.553
1.57238445722222,3.523,1.57242602277778,3.553,1.57238312861111,3.553
1.572662385,3.523,1.572704135,3.553,1.572661405,3.543
1.57294046055556,3.523,1.57298183638889,3.553,1.57293893666667,3.553
1.57321833916667,3.523,1.57326020555556,3.553,1.57321665416667,3.543
1.57349612666667,3.523,1.57353841805556,3.553,1.57349487444444,3.553
1.57377434722222,3.523,1.57381603805556,3.553,1.57377266333333,3.553
1.57405214333333,3.523,1.57409437,3.553,1.57404997083333,3.553
1.57433007222222,3.523,1.57437243361111,3.553,1.57432838111111,3.553
1.57460801305556,3.523,1.57465026472222,3.553,1.5746061775,3.553
1.57488566611111,3.523,1.57492844055556,3.553,1.57488388277778,3.553
1.5751631775,3.523,1.57520642777778,3.553,1.57516169444444,3.553
1.57544128944444,3.523,1.57548414138889,3.553,1.57543950416667,3.553
1.57571908416667,3.523,1.57576197388889,3.553,1.57571696972222,3.553
1.5759972875,3.523,1.57603980055556,3.553,1.57599498194444,3.553
1.57627504472222,3.523,1.57631732583333,3.553,1.57627293083333,3.553
1.57655254416667,3.533,1.57659514722222,3.563,1.57655096944444,3.553
1.57683066527778,3.523,1.57687301722222,3.553,1.57682873527778,3.553
1.57710801722222,3.523,1.57715073444444,3.553,1.57710681222222,3.553
1.57738579861111,3.523,1.57742867805556,3.563,1.57738422416667,3.553
1.57766418361111,3.523,1.57770627777778,3.553,1.57766237305556,3.553
1.57794233416667,3.523,1.57798385888889,3.553,1.57793990916667,3.553
1.57822019055556,3.523,1.57826224388889,3.563,1.57821763944444,3.553
1.57849783194444,3.533,1.57853961277778,3.553,1.57849532083333,3.553
1.57877555916667,3.533,1.57881784611111,3.563,1.57877330111111,3.553
1.57905322,3.533,1.57909517388889,3.563,1.57905109972222,3.553
1.57933153305556,3.533,1.57937342527778,3.563,1.57932914027778,3.553
1.57960920444444,3.533,1.57965116861111,3.563,1.57960663472222,3.553
1.57988716861111,3.533,1.57992890583333,3.553,1.57988483888889,3.553
1.58016544972222,3.533,1.58020703277778,3.563,1.58016268,3.553
1.58044319027778,3.533,1.580484565,3.563,1.58044021833333,3.553
1.58072084972222,3.533,1.58076232805556,3.563,1.58071837777778,3.553
1.58099892083333,3.533,1.58103985888889,3.563,1.58099627833333,3.553
1.58127697777778,3.533,1.58131777472222,3.563,1.58127403722222,3.553
1.58155548361111,3.533,1.58159599861111,3.563,1.58155189833333,3.553
1.58183315388889,3.533,1.58187402138889,3.563,1.58182979861111,3.553
1.58211121055556,3.533,1.58215204722222,3.563,1.58210800055556,3.553
1.58238913638889,3.533,1.58242948305556,3.563,1.58238597444444,3.553
1.5826666325,3.533,1.58270736972222,3.563,1.5826636275,3.563
1.58294441833333,3.533,1.58298560944444,3.563,1.58294167277778,3.563
1.583222435,3.533,1.58326333555556,3.563,1.58321917638889,3.553
1.58350039305556,3.533,1.58354147944444,3.563,1.58349717583333,3.553
1.583778035,3.533,1.5838191375,3.563,1.58377485166667,3.563
1.58405620166667,3.533,1.58409700194444,3.563,1.58405250305556,3.553
1.58433390083333,3.533,1.58437452555556,3.563,1.58433052222222,3.563
1.58461163083333,3.533,1.5846525475,3.563,1.58460831638889,3.563
1.58488987694444,3.533,1.58493055305556,3.563,1.58488604805556,3.563
1.5851675575,3.533,1.58520793166667,3.563,1.58516416166667,3.563
1.58544541583333,3.533,1.58548651472222,3.563,1.58544199,3.563
1.58572347527778,3.533,1.58576458944444,3.563,1.58571946416667,3.553
1.58600080611111,3.533,1.58604226611111,3.563,1.58599761277778,3.563
1.58627887111111,3.543,1.58632014444444,3.563,1.58627526527778,3.563
1.58655708472222,3.533,1.58659813722222,3.563,1.586553135,3.563
1.58683503611111,3.533,1.58687595611111,3.563,1.58683059666667,3.563
1.58711299083333,3.533,1.58715406555556,3.563,1.58710870805556,3.563
1.58739090555556,3.543,1.58743204555556,3.563,1.58738670972222,3.563
1.58766871583333,3.533,1.58770989944444,3.563,1.58766470166667,3.563
1.58794633,3.533,1.58798779916667,3.563,1.58794297333333,3.563
1.58822415611111,3.543,1.58826553027778,3.563,1.58822099805556,3.563
1.58850168805556,3.533,1.58854341694444,3.574,1.58849864972222,3.563
1.58877978611111,3.533,1.58882136916667,3.563,1.58877655638889,3.563
1.58905767111111,3.543,1.58909982138889,3.563,1.58905416166667,3.563
1.58933529138889,3.543,1.58937715111111,3.563,1.58933230694444,3.563
1.58961306194444,3.543,1.58965525583333,3.563,1.58961009333333,3.563
1.58989113611111,3.533,1.58993331777778,3.574,1.5898882575,3.563
1.59016901083333,3.543,1.59021122722222,3.563,1.59016607944444,3.563
1.59044678972222,3.543,1.59048906,3.563,1.59044365972222,3.563
1.5907245075,3.543,1.59076681388889,3.574,1.59072212222222,3.563
1.59100220361111,3.543,1.59104465472222,3.574,1.59099959555556,3.563
1.59128007083333,3.543,1.59132237888889,3.574,1.59127777888889,3.563
1.59155822388889,3.543,1.59160036416667,3.574,1.59155554555556,3.563
1.59183571388889,3.543,1.5918780325,3.574,1.59183329277778,3.563
1.59211369555556,3.543,1.5921554,3.574,1.59211133888889,3.563
1.59239137388889,3.543,1.59243380972222,3.563,1.59238896194444,3.563
1.59266931944444,3.543,1.59271182722222,3.574,1.59266717277778,3.563
1.59294712944444,3.543,1.59298973472222,3.563,1.59294491944444,3.563
1.59322502527778,3.543,1.59326751555556,3.574,1.59322258972222,3.563
1.59350275805556,3.543,1.59354513472222,3.574,1.59350029888889,3.563
1.5937805425,3.543,1.59382310722222,3.574,1.59377802333333,3.563
1.5940585125,3.543,1.59410119277778,3.574,1.59405617805556,3.563
1.59433645916667,3.543,1.59437905638889,3.574,1.59433442916667,3.563
1.59461423611111,3.543,1.5946570825,3.574,1.59461226944444,3.563
1.59489190111111,3.543,1.59493513638889,3.574,1.59489023722222,3.563
1.595170085,3.543,1.59521291277778,3.574,1.59516802555556,3.563
1.59544772861111,3.543,1.59549074361111,3.574,1.595446175,3.563
1.5957256875,3.543,1.59576893277778,3.574,1.59572358333333,3.563
1.59600329777778,3.543,1.59604658083333,3.574,1.59600148916667,3.563
1.59628109083333,3.543,1.59632426944444,3.574,1.59627947277778,3.563
1.59655875222222,3.543,1.59660237888889,3.574,1.59655701305556,3.563
1.59683694444444,3.543,1.59688035861111,3.574,1.59683497638889,3.563
1.59711479666667,3.543,1.59715794111111,3.574,1.59711305916667,3.563
1.59739256722222,3.543,1.59743584888889,3.574,1.59739089083333,3.563
1.59767009472222,3.543,1.59771363083333,3.574,1.59766880388889,3.563
1.5979482125,3.543,1.59799143694444,3.574,1.5979468425,3.563
1.59822624083333,3.543,1.59826924694444,3.574,1.59822495833333,3.574
1.59850423972222,3.543,1.59854737555556,3.574,1.59850284083333,3.563
1.59878188583333,3.543,1.59882499055556,3.574,1.59878056416667,3.574
1.59905941166667,3.543,1.59910238083333,3.574,1.59905847555556,3.574
1.5993371975,3.553,1.59938046472222,3.574,1.59933619472222,3.574
1.59961552777778,3.553,1.59965801,3.574,1.5996135775,3.574
1.59989333138889,3.543,1.59993592527778,3.574,1.59989163555556,3.574
1.60017162388889,3.543,1.60021417527778,3.574,1.6001694925,3.563
1.60044974472222,3.553,1.60049187611111,3.574,1.60044731583333,3.574
1.60072759555556,3.543,1.60076957194444,3.584,1.60072536111111,3.574
1.60100545944444,3.543,1.6010471925,3.574,1.60100304083333,3.574
1.60128327055556,3.543,1.6013252775,3.574,1.60128101527778,3.574
1.6015608875,3.543,1.60160312277778,3.584,1.60155881722222,3.574
1.60183894361111,3.543,1.60188047333333,3.574,1.60183674194444,3.574
1.60211694583333,3.543,1.60215841472222,3.574,1.60211447944444,3.563
1.60239479055556,3.543,1.60243629694444,3.574,1.60239224361111,3.574
1.6026724275,3.543,1.60271428944444,3.574,1.60267007111111,3.574
1.60295031638889,3.543,1.60299222194444,3.574,1.60294819916667,3.574
1.60322797416667,3.553,1.60327032611111,3.584,1.60322566416667,3.574
1.60350622055556,3.553,1.60354770388889,3.574,1.60350363916667,3.574
1.60378386666667,3.553,1.60382572777778,3.584,1.60378135333333,3.574
1.60406184972222,3.553,1.60410426361111,3.584,1.60405914638889,3.574
1.60433939944444,3.553,1.60438169305556,3.584,1.6043371125,3.574
1.60461767944444,3.543,1.60465958777778,3.584,1.6046150225,3.574
1.60489561083333,3.553,1.60493744472222,3.584,1.60489322361111,3.574
1.60517332444444,3.543,1.60521526833333,3.574,1.60517124305556,3.574
1.60545146611111,3.553,1.60549294638889,3.584,1.60544896916667,3.574
1.60572925888889,3.553,1.60577131972222,3.584,1.60572715722222,3.574
1.60600674972222,3.553,1.60604905388889,3.584,1.60600487527778,3.574
1.60628485722222,3.553,1.60632681611111,3.584,1.60628295777778,3.574
1.60656306444444,3.553,1.60660462138889,3.584,1.60656077388889,3.574
1.60684068361111,3.553,1.6068827025,3.584,1.60683858555556,3.574
1.60711868027778,3.553,1.60716020638889,3.584,1.60711632138889,3.574
1.60739664888889,3.553,1.60743868805556,3.584,1.60739390138889,3.574
1.60767413583333,3.553,1.60771596138889,3.584,1.60767219305556,3.574
1.60795210361111,3.553,1.60799437555556,3.584,1.60794994972222,3.574
1.60823012222222,3.553,1.60827197694444,3.584,1.60822752527778,3.574
1.60850794638889,3.553,1.60855023222222,3.584,1.60850580305556,3.574
1.6087856225,3.553,1.6088280525,3.584,1.60878372472222,3.574
1.60906368777778,3.553,1.60910626027778,3.584,1.60906165527778,3.574
1.6093416925,3.553,1.60938448472222,3.584,1.60933978222222,3.574
1.60961961638889,3.553,1.60966207944444,3.584,1.60961771888889,3.574
1.60989729166667,3.553,1.60994034777778,3.584,1.60989548305556,3.574
1.61017498027778,3.553,1.61021792861111,3.584,1.61017351416667,3.574
1.61045279666667,3.553,1.6104957875,3.584,1.61045125388889,3.574
1.61073105944444,3.563,1.61077396805556,3.584,1.6107291575,3.574
1.61100882305556,3.553,1.611051685,3.584,1.61100712888889,3.574
1.61128672305556,3.563,1.61132947333333,3.584,1.61128497138889,3.574
1.61156486722222,3.553,1.61160727861111,3.584,1.61156287527778,3.574
1.61184244888889,3.563,1.61188540166667,3.584,1.61184076111111,3.574
1.6121205975,3.563,1.61216335333333,3.584,1.61211879638889,3.574
1.61239835055556,3.553,1.61244073861111,3.584,1.61239644333333,3.574
1.61267616916667,3.563,1.61271854555556,3.584,1.61267440194444,3.574
1.61295394666667,3.563,1.61299663361111,3.584,1.61295200361111,3.574
1.61323191777778,3.553,1.61327450583333,3.584,1.61323000444444,3.574
1.61350977111111,3.563,1.61355207222222,3.584,1.61350798555556,3.574
1.61378777722222,3.563,1.61383014166667,3.584,1.61378557166667,3.574
1.61406569555556,3.563,1.61410794055556,3.584,1.61406304916667,3.574
1.6143433425,3.563,1.61438607944444,3.584,1.61434135388889,3.574
1.61462094777778,3.563,1.61466396972222,3.584,1.61461899305556,3.574
1.61489910527778,3.563,1.61494154777778,3.584,1.6148971175,3.584
1.61517714138889,3.563,1.61521930305556,3.594,1.61517477972222,3.574
1.61545523083333,3.563,1.61549722583333,3.584,1.61545299305556,3.574
1.61573314277778,3.563,1.6157751475,3.594,1.61573056222222,3.574
1.61601081694444,3.563,1.61605318805556,3.584,1.61600838972222,3.574
1.6162894275,3.563,1.61633124527778,3.594,1.61628615722222,3.574
1.61656725333333,3.563,1.61660918027778,3.584,1.61656438722222,3.574
1.61684503666667,3.563,1.61688705805556,3.584,1.61684171805556,3.584
1.61712274138889,3.563,1.61716514638889,3.584,1.61711998666667,3.574
1.61740064888889,3.563,1.61744296388889,3.594,1.61739790305556,3.574
1.61767819638889,3.563,1.61772082277778,3.584,1.61767535027778,3.584
1.61795653277778,3.563,1.61799877916667,3.594,1.61795315944444,3.584
1.61823412416667,3.563,1.61827665805556,3.594,1.61823121305556,3.584
1.61851195944444,3.563,1.61855436138889,3.594,1.61850907972222,3.584
1.61878998777778,3.563,1.618832165,3.594,1.61878692083333,3.584
1.61906782027778,3.563,1.61910963027778,3.594,1.61906483111111,3.584
1.61934576194444,3.563,1.61938778527778,3.594,1.61934265,3.584
1.619623395,3.563,1.6196657725,3.594,1.61962077222222,3.584
1.61990176611111,3.563,1.61994368861111,3.594,1.61989842611111,3.584
1.62017957944444,3.563,1.62022131472222,3.594,1.6201764025,3.574
1.62045691916667,3.563,1.62049875027778,3.594,1.62045404555556,3.584
1.62073504416667,3.563,1.62077718111111,3.594,1.62073174638889,3.584
1.62101279027778,3.563,1.62105496,3.594,1.62100991527778,3.584
1.621291025,3.563,1.62133265777778,3.594,1.62128799416667,3.584
1.62156905611111,3.563,1.62161013083333,3.594,1.62156563611111,3.584
1.62184685694444,3.563,1.62188845972222,3.594,1.62184345916667,3.584
1.62212468222222,3.574,1.62216646666667,3.594,1.62212107722222,3.584
1.62240251611111,3.563,1.62244403027778,3.594,1.62239895055556,3.584
1.62268007638889,3.563,1.62272214777778,3.594,1.62267669527778,3.584
1.62295822444444,3.563,1.62300043027778,3.594,1.62295467527778,3.584
1.6232367025,3.563,1.6232786825,3.594,1.62323244222222,3.584
1.62351503416667,3.563,1.62355630555556,3.594,1.62351014833333,3.584
1.62379297833333,3.574,1.62383439472222,3.594,1.62378821944444,3.584
1.62407079305556,3.563,1.6241123325,3.594,1.62406561777778,3.584
1.62434880694444,3.574,1.62439006916667,3.594,1.62434335694444,3.584
1.62462690583333,3.563,1.62466779027778,3.594,1.62462154388889,3.584
1.62490468777778,3.574,1.62494533166667,3.594,1.624899425,3.584
1.62518271972222,3.574,1.625223235,3.594,1.62517731805556,3.584
1.62546075972222,3.574,1.62550129444444,3.594,1.62545519833333,3.584
1.62573862666667,3.574,1.62577901472222,3.594,1.62573278972222,3.584
1.62601706472222,3.563,1.62605709916667,3.594,1.62601130777778,3.584
1.626294795,3.574,1.62633503694444,3.594,1.62628877722222,3.584
1.62657272333333,3.574,1.62661285611111,3.594,1.62656666722222,3.584
1.62685030194444,3.574,1.62689079722222,3.594,1.62684442472222,3.584
1.627128295,3.574,1.62716853472222,3.594,1.62712223305556,3.584
1.6274059775,3.574,1.62744625833333,3.594,1.62740014472222,3.584
1.62768358388889,3.574,1.62772436388889,3.594,1.62767778166667,3.584
1.62796207916667,3.574,1.62800219194444,3.594,1.62795630277778,3.584
1.62823943222222,3.574,1.62828020055556,3.594,1.62823409944444,3.584
1.62851791,3.574,1.62855841472222,3.604,1.628511995,3.584
1.62879548666667,3.574,1.62883611861111,3.594,1.62878990277778,3.584
1.62907347,3.574,1.62911421722222,3.594,1.62906746694444,3.584
1.62935133277778,3.574,1.62939199555556,3.594,1.62934583833333,3.584
1.62962937583333,3.574,1.62966955194444,3.604,1.6296236375,3.584
1.62990733944444,3.574,1.62994775111111,3.594,1.62990158888889,3.584
1.63018510416667,3.574,1.63022517138889,3.604,1.63017935222222,3.584
1.63046289277778,3.574,1.63050297611111,3.604,1.630457085,3.584
1.63074062222222,3.574,1.63078109055556,3.604,1.63073514277778,3.584
1.63101861333333,3.574,1.63105868166667,3.604,1.63101289972222,3.584
1.6312965825,3.574,1.63133676027778,3.604,1.63129080722222,3.584
1.63157423611111,3.574,1.63161482694444,3.604,1.63156876027778,3.584
1.6318526525,3.574,1.63189226777778,3.594,1.63184638666667,3.584
1.63213026722222,3.574,1.63217018666667,3.604,1.63212448833333,3.584
1.63240836777778,3.574,1.63244828916667,3.604,1.63240236277778,3.584
1.63268620944444,3.574,1.63272618055556,3.604,1.63267984777778,3.584
1.63296436833333,3.574,1.63300387194444,3.604,1.63295795277778,3.584
1.63324194361111,3.574,1.63328149638889,3.604,1.63323557083333,3.584
1.63352015833333,3.574,1.63355951416667,3.604,1.633513615,3.594
1.6337979125,3.574,1.63383707972222,3.604,1.63379185638889,3.584
1.63407530888889,3.574,1.63411496833333,3.594,1.6340696875,3.584
1.63435350916667,3.584,1.63439249833333,3.604,1.63434725333333,3.584
1.63463133333333,3.574,1.63467044777778,3.604,1.63462574166667,3.584
1.63490893027778,3.574,1.63494858111111,3.604,1.63490330777778,3.584
1.63518687611111,3.574,1.63522665611111,3.604,1.63518128,3.584
1.63546485277778,3.574,1.63550452305556,3.604,1.63545945361111,3.584
1.63574269027778,3.574,1.63578250888889,3.604,1.63573704722222,3.594
1.63602039055556,3.574,1.63606028166667,3.604,1.63601485638889,3.594
1.63629852361111,3.574,1.63633804194444,3.604,1.63629253888889,3.594
1.63657578638889,3.574,1.63661612472222,3.604,1.63657044444444,3.594
1.63685387277778,3.574,1.63689394,3.604,1.6368483775,3.584
1.63713162944444,3.584,1.63717160027778,3.604,1.63712625527778,3.594
1.63740978916667,3.584,1.63744956833333,3.604,1.63740370416667,3.594
1.63768769944444,3.574,1.63772749611111,3.604,1.63768166888889,3.594
1.63796559416667,3.584,1.63800558,3.604,1.63795955194444,3.594
1.638243565,3.574,1.63828320666667,3.604,1.63823771916667,3.594
1.63852108305556,3.584,1.63856105861111,3.604,1.63851541555556,3.594
1.63879924277778,3.584,1.63883904277778,3.604,1.63879308527778,3.594
1.63907688944444,3.574,1.63911678,3.604,1.63907104194444,3.594
1.63935491944444,3.584,1.63939461388889,3.604,1.63934903388889,3.594
1.63963256916667,3.584,1.63967278972222,3.604,1.63962677361111,3.594
1.63991034361111,3.584,1.63995063166667,3.604,1.63990458888889,3.594
1.64018802833333,3.584,1.64022817083333,3.604,1.64018236416667,3.594
1.64046598055556,3.584,1.64050602916667,3.604,1.64046023666667,3.594
1.64074333388889,3.584,1.64078386055556,3.604,1.64073776666667,3.594
1.64102150083333,3.584,1.6410614375,3.604,1.64101627416667,3.594
1.64129940888889,3.584,1.64133939611111,3.614,1.64129389194444,3.594
1.64157754583333,3.584,1.641617395,3.614,1.64157173277778,3.594
1.64185517444444,3.584,1.64189520944444,3.614,1.6418496125,3.594
1.64213305972222,3.584,1.64217308388889,3.614,1.64212736444444,3.594
1.64241097166667,3.584,1.64245102166667,3.614,1.64240547777778,3.594
1.64268861055556,3.584,1.6427286525,3.614,1.64268299194444,3.594
1.64296660777778,3.584,1.64300639527778,3.604,1.6429608775,3.594
1.64324466944444,3.584,1.64328440888889,3.614,1.64323859694444,3.594
1.64352217277778,3.584,1.64356247444444,3.614,1.64351683083333,3.594
1.64380032111111,3.584,1.64384033333333,3.614,1.64379443222222,3.594
1.64407822388889,3.584,1.64411810527778,3.604,1.64407221388889,3.594
1.64435589472222,3.584,1.64439601,3.604,1.64435001916667,3.594
1.64463392138889,3.584,1.644674245,3.614,1.64462821472222,3.594
1.64491151527778,3.584,1.64495228555556,3.614,1.64490584861111,3.594
1.64518936583333,3.584,1.64522992694444,3.614,1.64518385305556,3.594
1.6454671625,3.584,1.6455074675,3.614,1.64546151722222,3.594
1.64574521972222,3.584,1.645785255,3.614,1.64573960305556,3.594
1.64602301138889,3.584,1.64606337194444,3.614,1.64601732083333,3.594
1.646300835,3.584,1.64634083944444,3.614,1.64629505416667,3.594
1.64657902861111,3.584,1.64661895361111,3.614,1.64657347166667,3.594
1.64685672083333,3.584,1.64689634194444,3.614,1.64685101194444,3.594
1.64713446944444,3.584,1.64717432555556,3.614,1.64712870027778,3.594
1.64741221638889,3.584,1.64745226027778,3.614,1.64740683444444,3.594
1.64769006222222,3.584,1.64772987777778,3.614,1.64768451361111,3.594
1.64796758555556,3.584,1.64800797583333,3.614,1.64796214333333,3.594
1.64824595666667,3.584,1.64828571861111,3.614,1.64823998888889,3.594
1.64852370666667,3.584,1.64856398777778,3.614,1.64851786694444,3.594
1.64880131694444,3.584,1.648841665,3.614,1.64879568805556,3.594
1.64907931555556,3.584,1.64911948361111,3.614,1.64907337722222,3.594
1.64935691944444,3.584,1.64939728472222,3.614,1.64935109666667,3.594
1.64963487111111,3.584,1.64967532555556,3.614,1.64962907472222,3.594
1.64991284333333,3.584,1.64995304694444,3.614,1.64990681833333,3.594
1.65019075277778,3.584,1.65023117111111,3.614,1.65018460888889,3.594
1.65046828638889,3.584,1.65050885888889,3.614,1.65046217944444,3.594
1.65074607361111,3.584,1.65078683638889,3.614,1.65074019083333,3.604
1.65102428694444,3.584,1.65106471444444,3.614,1.65101828861111,3.594
1.65130191777778,3.584,1.65134245111111,3.614,1.65129627833333,3.594
1.65157986472222,3.584,1.65162002416667,3.614,1.65157413222222,3.594
1.65185806555556,3.584,1.65189789194444,3.614,1.65185197944444,3.594
1.65213593166667,3.584,1.65217591777778,3.614,1.65212974083333,3.594
1.65241376861111,3.594,1.65245365777778,3.614,1.65240758111111,3.594
1.65269174638889,3.594,1.65273151361111,3.614,1.65268545888889,3.604
1.65296940444444,3.594,1.65300946944444,3.614,1.65296306305556,3.594
1.65324753083333,3.584,1.65328731972222,3.614,1.65324130972222,3.604
1.65352538333333,3.594,1.65356572444444,3.614,1.65351898777778,3.604
1.65380310805556,3.594,1.65384378194444,3.614,1.65379653,3.604
1.65408118277778,3.594,1.65412157,3.614,1.65407494194444,3.594
1.65435887083333,3.594,1.654399045,3.614,1.65435263527778,3.604
1.65463677055556,3.594,1.65467725361111,3.614,1.65463045,3.604
1.65491438638889,3.594,1.65495512944444,3.614,1.65490793277778,3.594
1.65519220166667,3.594,1.65523290083333,3.614,1.65518562777778,3.594
1.65547009305556,3.594,1.65551060777778,3.614,1.6554636025,3.594
1.65574805472222,3.594,1.65578847611111,3.614,1.65574152083333,3.604
1.65602597638889,3.594,1.65606646555556,3.614,1.65601931444444,3.604
1.65630392027778,3.594,1.65634441611111,3.614,1.65629748833333,3.594
1.65658208222222,3.594,1.65662205944444,3.614,1.65657524694444,3.604
1.65685939472222,3.594,1.65689982083333,3.614,1.65685309888889,3.604
1.65713776083333,3.594,1.65717782472222,3.614,1.65713080527778,3.604
1.65741565361111,3.594,1.65745561611111,3.614,1.65740874777778,3.604
1.65769344138889,3.594,1.65773336944444,3.614,1.65768658194444,3.604
1.65797144861111,3.594,1.65801128972222,3.614,1.65796470361111,3.604
1.65824966694444,3.594,1.65828946055556,3.614,1.65824245166667,3.604
1.65852722277778,3.594,1.65856753138889,3.614,1.65852054861111,3.604
1.65880482805556,3.594,1.65884508805556,3.614,1.65879856944444,3.594
1.65908254583333,3.594,1.65912297638889,3.614,1.65907620472222,3.604
1.65936049805556,3.594,1.65940100611111,3.614,1.65935437027778,3.604
1.65963836027778,3.594,1.6596785075,3.614,1.65963188777778,3.604
1.65991651027778,3.594,1.65995635555556,3.614,1.65991003333333,3.604
1.66019392611111,3.594,1.66023403055556,3.614,1.6601874975,3.604
1.66047200861111,3.594,1.66051191916667,3.614,1.66046554111111,3.604
1.66074947444444,3.594,1.66078973416667,3.614,1.6607440775,3.604
1.66102792083333,3.594,1.66106758888889,3.614,1.66102142388889,3.604
1.66130578527778,3.594,1.66134554944444,3.614,1.6612991975,3.604
1.661584,3.594,1.66162290638889,3.614,1.66157741083333,3.604
1.66186154583333,3.594,1.66190096972222,3.614,1.66185520916667,3.604
1.66213965083333,3.594,1.66217856638889,3.614,1.66213333805556,3.604
1.66241754361111,3.594,1.66245663527778,3.614,1.6624111875,3.604
1.66269539,3.594,1.66273443777778,3.625,1.66268919861111,3.604
1.66297328194444,3.604,1.66301233361111,3.625,1.66296695472222,3.604
1.66325098194444,3.594,1.6632901225,3.625,1.66324445277778,3.604
1.66352879305556,3.604,1.66356833055556,3.614,1.66352225722222,3.604
1.66380655416667,3.594,1.66384623138889,3.625,1.66380045027778,3.604
1.66408452138889,3.594,1.66412376305556,3.625,1.66407820777778,3.604
1.66436226638889,3.594,1.66440182972222,3.614,1.66435603055556,3.604
1.66464015972222,3.604,1.66467951166667,3.625,1.66463385,3.604
1.66491779972222,3.604,1.66495749722222,3.625,1.66491142305556,3.604
1.66519605777778,3.604,1.66523540055556,3.625,1.66518961333333,3.604
1.66547420888889,3.594,1.66551336388889,3.625,1.66546736,3.604
1.66575222305556,3.594,1.66579113388889,3.625,1.66574520388889,3.604
1.66602988777778,3.604,1.66606863916667,3.625,1.6660228975,3.604
1.66630766277778,3.594,1.66634673055556,3.625,1.66630092194444,3.604
1.66658605861111,3.604,1.66662429944444,3.625,1.66657869666667,3.604
1.666863655,3.604,1.66690229083333,3.625,1.6668567925,3.604
1.66714135361111,3.604,1.66717994861111,3.625,1.6671343575,3.604
1.66741906722222,3.604,1.6674578675,3.625,1.66741225222222,3.604
1.66769693111111,3.604,1.66773535277778,3.614,1.66769001472222,3.604
1.66797487527778,3.604,1.66801355638889,3.625,1.66796821083333,3.604
1.66825277805556,3.604,1.66829116972222,3.625,1.66824573888889,3.604
1.66853064277778,3.604,1.66856899583333,3.625,1.6685239525,3.604
1.66880846555556,3.604,1.66884711166667,3.625,1.66880188416667,3.604
1.66908641888889,3.604,1.66912517277778,3.625,1.66908012888889,3.604
1.66936412972222,3.604,1.66940317472222,3.625,1.6693576075,3.604
1.66964229305556,3.604,1.66968138833333,3.625,1.669635755,3.604
1.66992011722222,3.604,1.66995923583333,3.625,1.66991338805556,3.604
1.6701975575,3.604,1.67023703083333,3.625,1.67019140138889,3.604
1.67047568277778,3.604,1.67051464305556,3.625,1.67046907861111,3.604
1.67075342,3.604,1.67079262083333,3.625,1.67074741083333,3.604
1.67103107083333,3.604,1.67107044888889,3.625,1.67102525944444,3.614
1.67130931416667,3.604,1.67134865222222,3.625,1.67130338416667,3.604
1.671587215,3.604,1.6716265,3.625,1.67158115138889,3.604
1.67186508055556,3.604,1.67190453416667,3.625,1.67185908,3.604
1.67214317166667,3.604,1.6721822575,3.625,1.672137135,3.604
1.67242061694444,3.604,1.67246016361111,3.625,1.67241488972222,3.604
1.67269855472222,3.604,1.6727379875,3.625,1.67269288694444,3.604
1.67297670972222,3.604,1.67301623527778,3.625,1.67297052361111,3.604
1.67325457916667,3.604,1.67329366861111,3.625,1.67324848222222,3.614
1.67353220888889,3.604,1.67357151972222,3.625,1.67352654777778,3.604
1.67381018027778,3.604,1.67384930611111,3.625,1.6738039675,3.604
1.67408810361111,3.604,1.67412736861111,3.625,1.67408192083333,3.604
1.67436566388889,3.604,1.67440529361111,3.625,1.67435943666667,3.604
1.67464365111111,3.604,1.67468292638889,3.625,1.6746376725,3.614
1.67492124583333,3.604,1.67496093833333,3.625,1.67491540305556,3.614
1.67519934305556,3.614,1.67523879333333,3.625,1.67519336472222,3.604
1.67547721611111,3.614,1.67551671916667,3.625,1.67547109083333,3.614
1.67575493305556,3.604,1.6757945025,3.625,1.675749015,3.614
1.67603286722222,3.604,1.67607251861111,3.625,1.67602672805556,3.604
1.67631033055556,3.604,1.67635036972222,3.625,1.67630478472222,3.614
1.67658817138889,3.604,1.67662777861111,3.625,1.67658267833333,3.614
1.67686610305556,3.614,1.67690554666667,3.625,1.67686002777778,3.604
1.67714358583333,3.614,1.67718339361111,3.625,1.67713774861111,3.604
1.67742193472222,3.604,1.67746111444444,3.625,1.67741607694444,3.614
1.67769971944444,3.604,1.6777391075,3.625,1.67769378416667,3.614
1.67797737666667,3.614,1.67801731833333,3.625,1.67797170527778,3.614
1.67825498777778,3.614,1.67829480722222,3.625,1.67824972583333,3.604
1.67853280138889,3.614,1.6785728925,3.625,1.67852768583333,3.614
1.67881055611111,3.614,1.67885087777778,3.625,1.67880534388889,3.614
1.6790888075,3.614,1.67912866083333,3.625,1.67908303,3.614
1.67936663694444,3.614,1.67940640888889,3.625,1.67936084861111,3.614
1.67964442222222,3.604,1.67968430444444,3.625,1.67963861888889,3.614
1.67992251611111,3.604,1.67996219694444,3.625,1.67991651222222,3.614
1.68020069,3.614,1.68024023916667,3.625,1.68019456472222,3.614
1.68047834055556,3.614,1.68051815972222,3.625,1.68047234555556,3.614
1.68075669388889,3.614,1.68079613527778,3.625,1.68075031305556,3.614
1.68103445277778,3.604,1.68107372083333,3.625,1.68102845722222,3.604
1.68131234111111,3.614,1.68135140388889,3.625,1.68130609611111,3.614
1.68158981694444,3.614,1.68162973305556,3.625,1.68158386111111,3.614
1.68186789777778,3.614,1.68190750694444,3.625,1.68186171777778,3.614
1.68214600666667,3.604,1.68218513833333,3.625,1.6821395275,3.614
1.68242360666667,3.614,1.68246324583333,3.625,1.68241745527778,3.614
1.6827016125,3.614,1.68274119416667,3.625,1.68269513388889,3.614
1.68297949583333,3.614,1.68301900361111,3.625,1.68297304444444,3.614
1.68325755694444,3.614,1.68329671888889,3.625,1.68325097666667,3.614
1.68353507388889,3.614,1.68357456194444,3.625,1.68352920805556,3.614
1.68381319083333,3.614,1.68385239138889,3.625,1.68380695194444,3.614
1.68409079611111,3.614,1.68413037722222,3.625,1.6840846625,3.614
1.68436902222222,3.614,1.68440784055556,3.625,1.68436275777778,3.614
1.68464686805556,3.614,1.68468616111111,3.625,1.68464066861111,3.614
1.68492490333333,3.614,1.68496380944444,3.625,1.68491832166667,3.614
1.68520320305556,3.614,1.68524153388889,3.625,1.68519623027778,3.614
1.68548064416667,3.614,1.68551945027778,3.625,1.68547367861111,3.614
1.68575841777778,3.614,1.68579750583333,3.625,1.68575179027778,3.614
1.68603639944444,3.614,1.68607536527778,3.625,1.68602987333333,3.614
1.68631452194444,3.614,1.68635336861111,3.625,1.68630793805556,3.614
1.68659228638889,3.614,1.68663116666667,3.625,1.68658553388889,3.614
1.68686997583333,3.614,1.68690846666667,3.625,1.68686379416667,3.614
1.68714746666667,3.614,1.68718648333333,3.625,1.68714161166667,3.614
1.68742555277778,3.614,1.68746447611111,3.625,1.68741925444444,3.614
1.68770346694444,3.614,1.68774215861111,3.625,1.68769707694444,3.614
1.68798140416667,3.614,1.68801992388889,3.625,1.68797502305556,3.614
1.68825900222222,3.614,1.68829778805556,3.625,1.68825268583333,3.614
1.68853702083333,3.614,1.68857571194444,3.625,1.68853070805556,3.614
1.68881471666667,3.614,1.68885391472222,3.635,1.68880831805556,3.614
1.68909248166667,3.614,1.68913202638889,3.625,1.68908635388889,3.614
1.68937046972222,3.614,1.68940956305556,3.625,1.68936413333333,3.614
1.68964835555556,3.614,1.68968751388889,3.625,1.68964198833333,3.614
1.68992619388889,3.614,1.68996557194444,3.625,1.689919885,3.614
1.69020405416667,3.614,1.69024292416667,3.625,1.69019769222222,3.614
1.69048206666667,3.614,1.69052132722222,3.625,1.6904757225,3.614
1.69075978527778,3.614,1.69079907388889,3.625,1.69075358416667,3.614
1.69103788055556,3.614,1.69107698277778,3.625,1.69103099333333,3.614
1.69131581527778,3.614,1.69135458972222,3.625,1.69130889166667,3.614
1.69159343861111,3.614,1.69163241,3.625,1.69158663694444,3.614
1.69187134166667,3.614,1.69191016583333,3.625,1.6918645,3.614
1.69214924777778,3.614,1.69218829805556,3.625,1.6921426475,3.614
1.69242687944444,3.614,1.69246629555556,3.625,1.69242068194444,3.614
1.69270473111111,3.614,1.69274419277778,3.625,1.69269838388889,3.614
1.69298240944444,3.614,1.69302178833333,3.625,1.69297653638889,3.614
1.69326014472222,3.614,1.69329968611111,3.625,1.69325417083333,3.614
1.69353789388889,3.614,1.69357744416667,3.625,1.69353187138889,3.614
1.69381611666667,3.614,1.69385511416667,3.625,1.69381016777778,3.614
1.69409394916667,3.614,1.6941331975,3.625,1.69408789277778,3.614
1.69437200222222,3.614,1.69441070361111,3.625,1.69436588972222,3.614
1.69464980222222,3.614,1.69468918055556,3.625,1.6946440975,3.614
1.69492758722222,3.614,1.69496734861111,3.625,1.69492225138889,3.614
1.69520501222222,3.614,1.69524519222222,3.625,1.69519996111111,3.614
1.69548342055556,3.614,1.69552280888889,3.625,1.69547781194444,3.614
1.69576083166667,3.614,1.69580063833333,3.635,1.69575641805556,3.614
1.69603886027778,3.614,1.69607889083333,3.625,1.69603401888889,3.614
1.69631673583333,3.614,1.69635663888889,3.625,1.69631189388889,3.614
1.69659473916667,3.614,1.69663443861111,3.625,1.69659008527778,3.614
1.69687246416667,3.614,1.69691206583333,3.625,1.69686776444444,3.614
1.69715025972222,3.614,1.6971902525,3.635,1.69714564694444,3.614
1.69742826166667,3.614,1.69746831472222,3.625,1.69742330861111,3.614
1.69770620055556,3.614,1.69774620444444,3.635,1.69770142888889,3.614
1.69798394861111,3.614,1.69802426333333,3.625,1.6979790175,3.614
1.69826167194444,3.614,1.69830191611111,3.625,1.69825689083333,3.614
1.6985396025,3.614,1.69857998611111,3.625,1.69853491194444,3.614
1.69881765916667,3.614,1.69885818055556,3.625,1.69881250944444,3.614
1.69909531444444,3.614,1.69913601111111,3.625,1.69909053527778,3.614
1.69937343055556,3.614,1.69941393194444,3.625,1.69936837416667,3.614
1.69965123388889,3.614,1.69969132138889,3.635,1.69964627138889,3.614
1.69992924194444,3.625,1.69996911305556,3.625,1.6999243575,3.614
1.70020708638889,3.614,1.70024680388889,3.625,1.70020187083333,3.614
1.70048484472222,3.625,1.7005249275,3.625,1.70047991861111,3.614
1.700762925,3.614,1.70080331583333,3.635,1.70075736555556,3.614
1.70104047083333,3.614,1.70108105944444,3.635,1.70103499166667,3.614
1.70131855694444,3.614,1.70135865333333,3.625,1.70131334944444,3.614
1.70159652194444,3.614,1.70163657277778,3.625,1.70159139222222,3.614
1.70187411638889,3.625,1.70191441722222,3.635,1.70186921,3.614
1.70215185722222,3.625,1.70219283972222,3.625,1.70214745972222,3.614
1.70242978916667,3.625,1.70247033583333,3.625,1.70242542333333,3.614
1.70270765611111,3.625,1.70274831388889,3.635,1.70270311388889,3.614
1.7029852625,3.614,1.70302611027778,3.635,1.70298103888889,3.614
1.70326350888889,3.625,1.70330392055556,3.635,1.70325912555556,3.614
1.70354098805556,3.625,1.70358179055556,3.625,1.70353673305556,3.614
1.70381909138889,3.614,1.70385961138889,3.625,1.70381479527778,3.614
1.70409689916667,3.625,1.70413764444444,3.625,1.70409259833333,3.625
1.70437526583333,3.614,1.70441542361111,3.625,1.70437028416667,3.614
1.70465325444444,3.614,1.70469344,3.635,1.7046480275,3.614
1.70493125916667,3.625,1.70497107638889,3.635,1.70492577777778,3.614
1.70520888638889,3.625,1.70524896583333,3.625,1.70520379,3.614
1.70548678222222,3.625,1.705526545,3.635,1.70548135944444,3.625
1.70576511583333,3.625,1.70580438944444,3.635,1.70575935583333,3.614
1.70604296611111,3.625,1.70608188416667,3.625,1.70603705805556,3.614
1.70632094666667,3.625,1.70636034833333,3.625,1.70631485388889,3.614
1.70659876472222,3.625,1.70663811222222,3.625,1.70659220666667,3.614
1.70687710944444,3.625,1.70691576083333,3.635,1.70687029444444,3.614
1.70715445027778,3.625,1.70719356527778,3.635,1.7071481075,3.614
1.70743248638889,3.625,1.70747170583333,3.635,1.70742659861111,3.614
1.707710455,3.625,1.70774914,3.635,1.70770419055556,3.614
1.70798855138889,3.625,1.70802724805556,3.635,1.70798229555556,3.614
1.7082663675,3.625,1.70830509138889,3.635,1.70826035888889,3.614
1.70854419222222,3.625,1.7085826625,3.625,1.70853798777778,3.614
1.7088219575,3.625,1.70886040805556,3.635,1.70881589888889,3.625
1.70909994083333,3.625,1.709138545,3.625,1.70909343111111,3.614
1.70937817083333,3.625,1.70941641833333,3.635,1.70937118333333,3.614
1.70965561083333,3.625,1.70969432416667,3.635,1.70964939638889,3.614
1.70993374111111,3.625,1.70997215361111,3.635,1.70992752416667,3.614
1.71021198166667,3.625,1.71025008361111,3.635,1.71020544083333,3.614
1.71048983833333,3.625,1.7105277875,3.635,1.71048302833333,3.614
1.71076773888889,3.625,1.710805925,3.625,1.71076117888889,3.614
1.71104559805556,3.625,1.71108395694444,3.625,1.71103890388889,3.614
1.71132338277778,3.625,1.71136177138889,3.625,1.71131636194444,3.625
1.71160129972222,3.625,1.71163966611111,3.635,1.71159482972222,3.614
1.71187938361111,3.625,1.71191755055556,3.635,1.71187246833333,3.614
1.71215720722222,3.625,1.71219534277778,3.625,1.71215008638889,3.614
1.71243504888889,3.625,1.71247305527778,3.635,1.71242838194444,3.625
1.71271330027778,3.625,1.71275074222222,3.635,1.71270622027778,3.614
1.712991045,3.625,1.71302888805556,3.635,1.71298411055556,3.625
1.71326877527778,3.625,1.71330667888889,3.635,1.71326181361111,3.614
1.71354642444444,3.625,1.71358428611111,3.625,1.71353980472222,3.614
1.71382441083333,3.625,1.71386226722222,3.635,1.71381740055556,3.625
1.71410214944444,3.625,1.71413966361111,3.635,1.714095635,3.614
1.71438000055556,3.625,1.71441789555556,3.625,1.71437334833333,3.625
1.71465774416667,3.614,1.71469565944444,3.635,1.71465145638889,3.614
1.71493523611111,3.625,1.7149734875,3.635,1.71492921833333,3.625
1.71521340138889,3.625,1.71525144194444,3.625,1.71520715833333,3.614
1.71549156861111,3.625,1.71552924416667,3.625,1.71548511,3.625
1.71576967,3.625,1.71580713916667,3.635,1.71576295,3.625
1.71604756805556,3.625,1.71608556388889,3.635,1.71604080194444,3.625
1.7163255575,3.625,1.71636327916667,3.635,1.716318815,3.625
1.71660331611111,3.625,1.71664098777778,3.635,1.71659643333333,3.625
1.71688114055556,3.625,1.7169194725,3.635,1.7168742075,3.625
1.7171586925,3.625,1.71719711722222,3.635,1.717152035,3.625
1.71743657888889,3.625,1.71747484805556,3.635,1.71742993694444,3.625
1.71771443055556,3.625,1.71775295861111,3.635,1.71770720388889,3.625
1.71799236444444,3.625,1.71803082805556,3.635,1.7179856675,3.625
1.7182704,3.625,1.71830898722222,3.635,1.71826347972222,3.625
1.71854773722222,3.625,1.71858669916667,3.635,1.71854124083333,3.625
1.71882590222222,3.625,1.718864235,3.635,1.718818985,3.625
1.71910367388889,3.625,1.71914214388889,3.635,1.7190967575,3.625
1.71938155916667,3.625,1.71941989527778,3.635,1.71937444111111,3.625
1.71965938055556,3.625,1.71969767944444,3.635,1.71965229083333,3.625
1.71993749805556,3.625,1.71997562444444,3.635,1.71992985972222,3.625
1.72021531277778,3.625,1.72025327527778,3.635,1.72020783138889,3.625
1.72049312972222,3.625,1.72053109583333,3.635,1.72048585138889,3.614
1.72077059111111,3.625,1.7208087625,3.625,1.72076363583333,3.625
1.72104881611111,3.625,1.7210865725,3.635,1.72104164611111,3.625
1.72132672305556,3.625,1.72136431083333,3.635,1.72131924472222,3.625
1.72160438083333,3.625,1.72164269805556,3.635,1.72159722527778,3.625
1.72188214361111,3.625,1.72192058194444,3.635,1.72187546694444,3.625
1.72215998916667,3.625,1.7221985675,3.625,1.72215310527778,3.625
1.722437945,3.625,1.72247623638889,3.635,1.72243106166667,3.625
1.72271595138889,3.625,1.72275383388889,3.635,1.72270890416667,3.625
1.72299372944444,3.625,1.72303178944444,3.635,1.72298640666667,3.625
1.72327144972222,3.625,1.72331001111111,3.635,1.72326448527778,3.625
1.72354932722222,3.625,1.72358809944444,3.635,1.72354273888889,3.625
1.72382669138889,3.625,1.72386564944444,3.635,1.72382042444444,3.625
1.72410483388889,3.625,1.72414352472222,3.635,1.72409786527778,3.614
1.72438270055556,3.625,1.72442144305556,3.635,1.72437618861111,3.625
1.72466011916667,3.625,1.72469918444444,3.635,1.72465357805556,3.625
1.72493791833333,3.625,1.72497676888889,3.635,1.72493187055556,3.625
1.72521578472222,3.625,1.72525463833333,3.635,1.725209575,3.625
1.72549365472222,3.625,1.72553236666667,3.635,1.7254876275,3.625
1.72577147638889,3.625,1.72580993666667,3.635,1.72576560166667,3.625
1.72604929166667,3.625,1.72608832694444,3.635,1.72604326944444,3.625
1.72632687722222,3.625,1.72636609472222,3.635,1.72632113138889,3.625
1.72660489361111,3.625,1.72664373944444,3.635,1.72659903222222,3.625
1.72688265416667,3.625,1.72692161305556,3.635,1.72687679222222,3.625
1.72716002055556,3.625,1.72719971916667,3.635,1.72715497027778,3.625
1.72743811944444,3.625,1.72747745388889,3.635,1.72743314777778,3.625
1.72771552027778,3.625,1.72775560388889,3.635,1.72771081805556,3.625
1.72799375916667,3.625,1.72803292888889,3.635,1.72798874055556,3.625
1.72827167111111,3.625,1.72831119638889,3.635,1.72826646583333,3.625
1.72854980305556,3.625,1.72858894833333,3.635,1.72854462944444,3.625
1.72882749,3.625,1.72886666611111,3.635,1.72882247611111,3.625
1.72910553833333,3.625,1.72914461416667,3.635,1.72910070333333,3.625
1.72938338611111,3.625,1.72942222694444,3.635,1.72937876055556,3.625
1.72966160972222,3.625,1.7297,3.635,1.72965619055556,3.625
1.72993916166667,3.625,1.72997799916667,3.635,1.72993429194444,3.625
1.73021707138889,3.625,1.73025608611111,3.635,1.73021204138889,3.625
1.73049496277778,3.625,1.73053385277778,3.635,1.73048968638889,3.625
1.73077285555556,3.625,1.73081171055556,3.635,1.73076759,3.625
1.73105082361111,3.625,1.7310890975,3.635,1.73104538944444,3.625
1.73132906,3.625,1.73136742555556,3.635,1.73132334972222,3.625
1.731607105,3.625,1.73164531194444,3.635,1.73160104444444,3.625
1.73188508361111,3.625,1.73192272305556,3.635,1.73187897583333,3.625
1.732163045,3.625,1.73220059555556,3.635,1.73215661527778,3.625
1.73244087472222,3.625,1.73247844861111,3.635,1.73243416333333,3.625
1.73271851083333,3.625,1.73275616722222,3.635,1.73271259305556,3.625
1.73299607111111,3.625,1.73303385888889,3.635,1.73299066,3.625
1.73327405833333,3.635,1.73331177472222,3.635,1.7332683225,3.625
1.73355237472222,3.625,1.73358935333333,3.635,1.73354645388889,3.625
1.73383009916667,3.625,1.73386769333333,3.635,1.7338243275,3.625
1.73410774277778,3.625,1.73414556166667,3.635,1.73410189166667,3.625
1.73438594611111,3.625,1.73442294555556,3.635,1.73437974638889,3.625
1.73466358388889,3.625,1.73470070583333,3.635,1.73465745583333,3.625
1.73494165472222,3.625,1.73497908055556,3.635,1.73493497888889,3.625
1.735219625,3.635,1.73525679055556,3.635,1.73521341138889,3.625
1.73549767083333,3.635,1.735534895,3.635,1.73549115666667,3.625
1.73577528083333,3.625,1.7358125575,3.635,1.73576901722222,3.625
1.73605380694444,3.635,1.73609064944444,3.635,1.73604663444444,3.625
1.73633159138889,3.625,1.73636792166667,3.635,1.73632448277778,3.625
1.73660907,3.625,1.73664610416667,3.635,1.73660281527778,3.625
1.736886925,3.625,1.736923865,3.635,1.73688080305556,3.625
1.737165115,3.625,1.73720133333333,3.635,1.73715911333333,3.625
1.73744309861111,3.625,1.73747953444444,3.635,1.73743679,3.625
1.73772104611111,3.635,1.7377574975,3.635,1.73771416805556,3.625
1.73799857333333,3.625,1.73803524472222,3.635,1.73799207416667,3.625
1.73827678083333,3.625,1.7383127325,3.635,1.73826979194444,3.625
1.73855457,3.625,1.73859091916667,3.635,1.73854799694444,3.625
1.73883250611111,3.625,1.73886854861111,3.635,1.73882586055556,3.625
1.73911037444444,3.635,1.73914625027778,3.635,1.73910362305556,3.625
1.73938801916667,3.625,1.73942448694444,3.635,1.73938138638889,3.625
1.73966601027778,3.635,1.73970223111111,3.635,1.7396595025,3.625
1.739943575,3.625,1.73998002222222,3.635,1.73993723083333,3.625
1.74022183472222,3.625,1.74025772111111,3.635,1.74021547861111,3.625
1.74049980972222,3.625,1.74053553833333,3.635,1.74049342,3.625
1.74077789805556,3.625,1.74081397583333,3.635,1.74077129222222,3.625
1.741055275,3.625,1.74109185611111,3.635,1.74104936138889,3.625
1.74133347861111,3.635,1.74136959638889,3.635,1.74132725083333,3.625
1.74161127222222,3.625,1.74164746027778,3.635,1.74160549305556,3.625
1.74188911277778,3.625,1.74192550805556,3.635,1.74188305138889,3.625
1.74216662111111,3.635,1.74220319666667,3.635,1.74216096083333,3.625
1.74244463888889,3.625,1.74248098944444,3.635,1.74243865305556,3.625
1.74272227694444,3.625,1.74275922277778,3.635,1.74271633722222,3.625
1.743000205,3.625,1.74303695611111,3.635,1.74299444055556,3.625
1.74327824361111,3.635,1.74331431777778,3.635,1.74327208166667,3.625
1.743555535,3.635,1.74359236055556,3.635,1.74355044972222,3.625
1.74383364611111,3.625,1.74387008111111,3.635,1.74382803222222,3.625
1.74411122277778,3.635,1.74414807138889,3.635,1.74410607,3.625
1.74438913194444,3.625,1.74442579833333,3.635,1.74438393694444,3.625
1.74466712722222,3.635,1.74470319138889,3.635,1.74466195388889,3.625
1.74494506916667,3.625,1.74498156694444,3.635,1.74493983944444,3.625
1.74522324527778,3.625,1.74525907027778,3.635,1.74521765166667,3.625
1.74550069611111,3.635,1.74553729972222,3.635,1.74549538111111,3.625
1.74577858361111,3.635,1.74581511,3.635,1.74577314166667,3.625
1.74605646138889,3.635,1.74609299916667,3.635,1.74605120583333,3.625
1.74633431388889,3.635,1.74637087833333,3.635,1.74632914055556,3.625
1.74661223833333,3.635,1.74664880055556,3.635,1.74660726472222,3.625
1.74689030388889,3.635,1.74692655805556,3.635,1.74688507138889,3.625
1.74716826222222,3.625,1.74720461333333,3.635,1.7471629825,3.625
1.74744609805556,3.635,1.74748271111111,3.635,1.74744097138889,3.625
1.74772425055556,3.635,1.74776054305556,3.635,1.74771848611111,3.625
1.74800214888889,3.635,1.74803852305556,3.635,1.74799617444444,3.625
1.74828009805556,3.635,1.74831649722222,3.635,1.74827425833333,3.625
1.7485577025,3.635,1.74859431361111,3.645,1.74855217277778,3.625
1.74883573166667,3.635,1.748872155,3.635,1.74882980388889,3.625
1.74911373083333,3.625,1.74914969277778,3.635,1.74910751611111,3.625
1.74939156277778,3.635,1.74942772888889,3.635,1.74938587277778,3.625
1.74966959916667,3.635,1.74970513583333,3.635,1.74966360027778,3.625
1.74994716277778,3.635,1.74998301277778,3.635,1.74994151194444,3.625
1.75022535861111,3.635,1.75026095,3.635,1.75021968222222,3.625
1.75050322138889,3.625,1.75053868666667,3.635,1.75049761444444,3.625
1.75078100444444,3.635,1.75081672666667,3.635,1.75077550194444,3.625
1.75105902555556,3.635,1.75109407861111,3.635,1.75105337833333,3.625
1.7513365225,3.625,1.75137241333333,3.635,1.75133106666667,3.625
1.75161462861111,3.635,1.75165024583333,3.635,1.75160896222222,3.625
1.75189266638889,3.635,1.75192841916667,3.635,1.75188683972222,3.625
1.75217030527778,3.635,1.75220621333333,3.635,1.75216444861111,3.625
1.75244832166667,3.635,1.75248374305556,3.635,1.75244224888889,3.625
1.75272581444444,3.635,1.75276184805556,3.635,1.75272027583333,3.625
1.75300430777778,3.635,1.75303941583333,3.635,1.75299806611111,3.625
1.75328197666667,3.635,1.75331753972222,3.635,1.75327598861111,3.625
1.75355943111111,3.635,1.75359486388889,3.635,1.75355392305556,3.625
1.75383764944444,3.635,1.75387288472222,3.635,1.75383198166667,3.625
1.75411519055556,3.635,1.75415076138889,3.635,1.75411002083333,3.625
1.75439330888889,3.635,1.75442853027778,3.635,1.75438800388889,3.625
1.75467147722222,3.635,1.75470606055556,3.635,1.75466582138889,3.625
1.75494939916667,3.635,1.75498413611111,3.635,1.754943865,3.625
1.7552269525,3.635,1.75526165027778,3.635,1.75522166916667,3.625
1.75550453722222,3.635,1.75553960388889,3.645,1.75549966083333,3.625
1.75578223638889,3.625,1.75581748916667,3.635,1.75577765305556,3.625
1.75606016277778,3.625,1.75609550611111,3.635,1.75605535666667,3.625
1.75633812472222,3.635,1.75637355972222,3.635,1.75633346694444,3.625
1.75661629805556,3.625,1.75665133027778,3.635,1.75661111972222,3.625
1.75689382861111,3.635,1.75692927472222,3.635,1.75688884305556,3.625
1.75717150805556,3.635,1.75720692138889,3.635,1.75716678416667,3.625
1.75744936944444,3.635,1.75748429916667,3.635,1.75744436388889,3.625
1.75772734416667,3.635,1.75776233527778,3.635,1.75772225972222,3.625
1.75800532833333,3.635,1.75804060833333,3.635,1.758000225,3.625
1.75828303638889,3.635,1.75831816194444,3.635,1.75827782138889,3.625
1.75856071138889,3.635,1.75859616194444,3.635,1.75855566611111,3.625
1.75883866138889,3.635,1.7588738075,3.635,1.75883380861111,3.625
1.75911643388889,3.635,1.7591516475,3.635,1.759111425,3.625
1.75939398694444,3.635,1.75942935833333,3.635,1.75938944416667,3.625
1.75967213805556,3.625,1.75970744,3.635,1.75966714444444,3.625
1.75994999527778,3.635,1.75998536194444,3.635,1.75994528805556,3.625
1.76022778166667,3.635,1.76026329694444,3.635,1.76022320416667,3.625
1.76050585138889,3.635,1.76054126527778,3.635,1.76050089638889,3.625
1.76078365361111,3.635,1.76081927583333,3.635,1.76077863,3.625
1.76106168305556,3.635,1.7610969225,3.635,1.76105656027778,3.625
1.76133946583333,3.635,1.76137466055556,3.635,1.76133458472222,3.625
1.76161769638889,3.635,1.76165261138889,3.635,1.76161235777778,3.625
1.76189557972222,3.635,1.76193035555556,3.635,1.76189028361111,3.625
1.76217349861111,3.635,1.76220822416667,3.635,1.76216796388889,3.625
1.76245141666667,3.635,1.76248628805556,3.635,1.76244595638889,3.625
1.76272933166667,3.635,1.76276425416667,3.645,1.76272338944444,3.625
1.7630073825,3.635,1.76304214972222,3.635,1.76300107916667,3.625
1.76328549861111,3.635,1.76332019638889,3.645,1.7632789,3.625
1.76356342611111,3.635,1.76359825694444,3.635,1.76355677888889,3.625
1.76384137666667,3.635,1.763876185,3.635,1.7638351375,3.625
1.76411925861111,3.635,1.76415417,3.635,1.76411266472222,3.625
1.7643969,3.635,1.76443184055556,3.635,1.76439027416667,3.625
1.76467476611111,3.635,1.76470988416667,3.635,1.76466853138889,3.625
1.76495246944444,3.635,1.76498780555556,3.635,1.76494629305556,3.625
1.76523048694444,3.635,1.76526588138889,3.635,1.76522434527778,3.625
1.765508285,3.635,1.76554395916667,3.635,1.76550164638889,3.625
1.765786165,3.635,1.76582181972222,3.635,1.76577983805556,3.625
1.76606429472222,3.635,1.76609938277778,3.635,1.76605749194444,3.625
1.76634225194444,3.635,1.76637717277778,3.635,1.76633566222222,3.625
1.76661970277778,3.635,1.76665496444444,3.635,1.76661364527778,3.625
1.76689782055556,3.635,1.76693235472222,3.635,1.76689185361111,3.635
1.76717566305556,3.635,1.76721057527778,3.645,1.76716947833333,3.625
1.76745345833333,3.635,1.76748819972222,3.635,1.76744717222222,3.625
1.76773134305556,3.635,1.7677662675,3.635,1.76772535361111,3.635
1.76800922416667,3.635,1.76804412666667,3.635,1.76800322166667,3.625
1.76828731777778,3.635,1.76832226277778,3.635,1.7682810275,3.625
1.76856500361111,3.635,1.76860032666667,3.635,1.76855881083333,3.625
1.76884281972222,3.635,1.76887811555556,3.635,1.76883644916667,3.625
1.7691209875,3.635,1.76915573638889,3.645,1.76911419888889,3.625
1.76939870111111,3.635,1.76943364166667,3.635,1.76939249555556,3.625
1.76967645111111,3.635,1.76971142722222,3.635,1.76967035055556,3.625
1.76995396527778,3.635,1.76998900888889,3.635,1.76994825361111,3.625
1.77023192111111,3.635,1.77026691388889,3.635,1.77022594083333,3.625
1.77050955555556,3.635,1.77054484388889,3.635,1.77050370083333,3.625
1.77078741805556,3.635,1.77082284583333,3.645,1.7707814575,3.625
1.77106526861111,3.635,1.77110069805556,3.635,1.77105950305556,3.625
1.77134297694444,3.635,1.77137840694444,3.645,1.77133722555556,3.625
1.77162109944444,3.635,1.77165640333333,3.645,1.77161510944444,3.625
1.77189936722222,3.635,1.77193420583333,3.635,1.77189282416667,3.625
1.77217745666667,3.635,1.77221227138889,3.635,1.77217090583333,3.625
1.77245534777778,3.635,1.77249025666667,3.635,1.77244868055556,3.625
1.77273332694444,3.635,1.77276808166667,3.635,1.77272656416667,3.635
1.77301094166667,3.635,1.77304576166667,3.635,1.77300413055556,3.625
1.77328881388889,3.635,1.77332369111111,3.645,1.773282145,3.635
1.77356677,3.635,1.77360138888889,3.635,1.77355976027778,3.625
1.7738446925,3.635,1.77387902472222,3.635,1.77383740388889,3.635
1.77412265916667,3.635,1.77415681388889,3.645,1.77411571194444,3.625
1.77440038805556,3.635,1.77443521138889,3.635,1.77439344722222,3.625
1.77467834388889,3.635,1.77471295972222,3.635,1.774671195,3.625
1.77495633055556,3.635,1.77499062555556,3.635,1.77494906583333,3.625
1.77523409583333,3.635,1.77526859388889,3.635,1.77522707694444,3.625
1.77551203416667,3.635,1.77554599805556,3.635,1.77550496833333,3.625
1.77578978972222,3.635,1.77582440611111,3.635,1.77578302916667,3.625
1.77606758833333,3.635,1.77610220111111,3.635,1.77606096972222,3.635
1.77634534361111,3.635,1.77638012472222,3.635,1.77633875944444,3.625
1.77662299944444,3.635,1.77665780527778,3.635,1.77661649777778,3.625
1.77690077833333,3.635,1.77693580083333,3.635,1.77689429722222,3.625
1.77717844611111,3.635,1.77721375916667,3.635,1.77717172555556,3.635
1.77745628111111,3.635,1.77749172666667,3.635,1.77744996638889,3.635
1.77773417194444,3.635,1.77776986972222,3.645,1.77772842277778,3.625
1.77801263027778,3.635,1.77804763861111,3.635,1.77800618638889,3.625
1.77829039027778,3.635,1.77832584138889,3.635,1.77828420805556,3.635
1.77856803416667,3.635,1.7786032625,3.645,1.77856209333333,3.635
1.77884614388889,3.635,1.77888125194444,3.635,1.77884005166667,3.635
1.77912408,3.635,1.779159155,3.635,1.77911773,3.625
1.77940184861111,3.635,1.77943669777778,3.645,1.77939526111111,3.625
1.77967969916667,3.635,1.77971480722222,3.645,1.77967333027778,3.625
1.77995744805556,3.635,1.77999232694444,3.645,1.77995127861111,3.625
1.78023543333333,3.635,1.78027011277778,3.645,1.78022914888889,3.625
1.78051338472222,3.635,1.78054802361111,3.645,1.78050669888889,3.625
1.78079095555556,3.635,1.78082569444444,3.635,1.780784935,3.635
1.78106875277778,3.635,1.7811038975,3.635,1.78106314222222,3.625
1.781346885,3.635,1.78138140361111,3.635,1.78134074694444,3.625
1.78162456194444,3.635,1.78165954027778,3.645,1.78161868861111,3.625
1.78190253805556,3.635,1.78193748027778,3.645,1.78189663055556,3.635
1.78218023916667,3.635,1.78221516611111,3.635,1.78217462138889,3.625
1.78245816583333,3.635,1.78249329083333,3.635,1.78245301555556,3.635
1.7827358075,3.635,1.78277120194444,3.635,1.78273062361111,3.625
1.78301338666667,3.635,1.78304891083333,3.635,1.7830086175,3.625
1.78329138222222,3.635,1.78332659555556,3.635,1.78328682166667,3.625
1.78356937388889,3.635,1.78360434833333,3.635,1.78356444222222,3.635
1.78384733611111,3.635,1.78388266166667,3.635,1.78384226583333,3.625
1.78412500027778,3.635,1.78416038277778,3.635,1.78412000527778,3.635
1.78440287222222,3.635,1.78443827527778,3.635,1.78439761416667,3.625
1.78468099277778,3.635,1.78471607583333,3.635,1.78467578666667,3.635
1.78495882972222,3.635,1.78499370583333,3.645,1.78495409833333,3.635
1.78523662,3.635,1.78527137166667,3.645,1.78523165388889,3.635
1.78551450583333,3.645,1.78554908111111,3.645,1.78550987138889,3.625
1.78579247388889,3.635,1.78582722361111,3.635,1.78578719138889,3.635
1.78607036416667,3.635,1.78610532972222,3.645,1.78606538694444,3.625
1.78634822611111,3.635,1.78638311944444,3.635,1.7863434175,3.635
1.78662600861111,3.635,1.78666118222222,3.635,1.78662129555556,3.635
1.78690371027778,3.645,1.78693854611111,3.645,1.78689919333333,3.625
1.78718127138889,3.635,1.78721628388889,3.635,1.78717723638889,3.635
1.78745916472222,3.635,1.78749406583333,3.645,1.78745507583333,3.625
1.78773695694444,3.635,1.787772215,3.645,1.78773300333333,3.635
1.78801460277778,3.635,1.78804986166667,3.635,1.78801031166667,3.635
1.78829257194444,3.635,1.78832800277778,3.635,1.78828839277778,3.635
1.78857043305556,3.635,1.78860587083333,3.635,1.78856600138889,3.635
1.78884830388889,3.635,1.78888347861111,3.635,1.78884433388889,3.635
1.7891261125,3.635,1.78916123638889,3.635,1.78912210055556,3.625
1.78940431027778,3.635,1.78943880361111,3.635,1.78939961305556,3.625
1.78968215166667,3.635,1.78971705583333,3.635,1.78967752138889,3.635
1.78996019888889,3.635,1.78999512361111,3.635,1.78995577444444,3.625
1.79023806805556,3.635,1.79027314,3.635,1.79023359166667,3.625
1.79051586555556,3.635,1.79055099,3.635,1.79051152416667,3.625
1.79079376916667,3.635,1.79082890472222,3.635
1.79107208305556,3.635,1.79110657888889,3.645
1.79134983333333,3.635,1.79138469055556,3.635
1.79162774,3.635,1.79166237388889,3.635
1.79190555861111,3.635,1.79194059916667,3.635
1.79218331222222,3.635,1.79221794472222,3.635
1.79246115472222,3.645,1.79249648083333,3.645
1.79273883833333,3.635,1.79277402277778,3.645
1.79301690611111,3.635,1.793051865,3.645
1.79329468583333,3.635,1.79332969,3.645
1.79357239166667,3.635,1.79360710888889,3.635
1.79384997972222,3.635,1.79388537138889,3.635
1.79412833305556,3.635,1.79416327027778,3.635
1.794406035,3.635,1.79444160083333,3.645
1.79468404166667,3.635,1.79471932027778,3.635
1.79496164333333,3.635,1.79499728277778,3.635
1.79523975916667,3.635,1.79527502583333,3.635
1.79551782222222,3.635,1.79555274972222,3.635
1.79579582972222,3.635,1.79583049444444,3.635
1.79607379888889,3.635,1.7961086525,3.645
1.79635138416667,3.635,1.79638662527778,3.635
1.79662938,3.635,1.79666446305556,3.635
1.796907665,3.635,1.79694263472222,3.635
1.7971857825,3.635,1.79722021361111,3.635
1.79746345555556,3.635,1.79749818722222,3.645
1.79774115194444,3.635,1.79777578666667,3.645
1.79801922888889,3.635,1.79805365694444,3.635
1.79829727527778,3.635,1.7983317725,3.635
1.79857521083333,3.645,1.79860902194444,3.635
1.79885322,3.635,1.79888720138889,3.635
1.79913085,3.635,1.79916553444444,3.635
1.79940856,3.645,1.79944322972222,3.635
1.79968641222222,3.635,1.79972136138889,3.635
1.79996399027778,3.635,1.79999904194444,3.635
1.80024202222222,3.645,1.80027708833333,3.635
1.80051975861111,3.635,1.80055495027778,3.645
1.8007975075,3.635,1.80083310138889,3.645
1.80107537305556,3.645,1.8011109025,3.635
1.80135349416667,3.635,1.80138854277778,3.635
1.80163139611111,3.635,1.80166648694444,3.645
1.80190936138889,3.635,1.80194431888889,3.635
1.80218720388889,3.635,1.8022221425,3.635
1.80246497277778,3.635,1.80250026583333,3.635
1.80274295833333,3.635,1.80277844444444,3.645
1.8030205275,3.635,1.80305605305556,3.645
1.80329863416667,3.645,1.80333370861111,3.635
1.80357651694444,3.635,1.80361157333333,3.645
1.80385415083333,3.635,1.80388927388889,3.635
1.80413242361111,3.635,1.80416715083333,3.635
1.80441029722222,3.645,1.80444483055556,3.645
1.804688455,3.635,1.80472246166667,3.635
1.80496605277778,3.635,1.80500068888889,3.635
1.80524393472222,3.635,1.80527795555556,3.635
1.80552184305556,3.645,1.80555621833333,3.635
1.8057994,3.635,1.80583374611111,3.635
1.80607740166667,3.635,1.80611204111111,3.635
1.80635527444444,3.635,1.80638963805556,3.635
1.80663277861111,3.635,1.80666738583333,3.635
1.80691075722222,3.635,1.80694493361111,3.645
1.807188725,3.635,1.80722308611111,3.635
1.8074663575,3.635,1.80750043833333,3.645
1.80774421388889,3.645,1.80777817777778,3.635
1.808022335,3.635,1.80805627916667,3.635
1.80830003055556,3.635,1.80833412444444,3.645
1.80857782444444,3.645,1.80861152583333,3.645
1.80885590611111,3.635,1.80888933194444,3.645
1.80913397166667,3.635,1.80916746638889,3.635
1.80941166166667,3.635,1.80944525111111,3.635
1.80968986055556,3.635,1.80972298805556,3.645
1.80996743388889,3.635,1.8100009575,3.635
1.81024536111111,3.635,1.81027864611111,3.635
1.810523035,3.635,1.81055682916667,3.635
1.8108010875,3.635,1.81083455194444,3.635
1.81107909472222,3.635,1.811112505,3.635
1.81135687444444,3.635,1.81139032972222,3.645
1.81163494694444,3.635,1.81166836916667,3.645
1.81191275888889,3.645,1.81194610444444,3.635
1.81219095694444,3.635,1.8122238525,3.635
1.81246834166667,3.635,1.81250168833333,3.635
1.8127468675,3.645,1.81277926555556,3.645
1.81302450166667,3.645,1.8130571675,3.645
1.81330256444444,3.635,1.81333518444444,3.645
1.81358029694444,3.635,1.81361340194444,3.635
1.81385808305556,3.635,1.81389097638889,3.645
1.81413569777778,3.645,1.81416901833333,3.635
1.81441368472222,3.635,1.81444646805556,3.645
1.81469149944444,3.635,1.81472434805556,3.645
1.81496957944444,3.645,1.81500234944444,3.635
1.815247225,3.635,1.81528001722222,3.645
1.81552544888889,3.635,1.81555797055556,3.645
1.81580296111111,3.635,1.81583598083333,3.635
1.81608092638889,3.635,1.81611422055556,3.645
1.81635865638889,3.635,1.81639178694444,3.635
1.81663615222222,3.645,1.81666970138889,3.645
1.81691430944444,3.645,1.81694760861111,3.645
1.81719173833333,3.635,1.81722543361111,3.645
1.81746978444444,3.645,1.81750334805556,3.645
1.81774748361111,3.635,1.81778081055556,3.645
1.81802525694444,3.635,1.81805901888889,3.645
1.81830307666667,3.635,1.81833660916667,3.635
1.81858116916667,3.645,1.81861434805556,3.635
1.81885924888889,3.635,1.81889257972222,3.635
1.81913739694444,3.635,1.81917012361111,3.645
1.81941497555556,3.635,1.81944835861111,3.635
1.81969293916667,3.645,1.81972648472222,3.645
1.81997102222222,3.645,1.82000418805556,3.635
1.82024864694444,3.635,1.8202824125,3.645
1.82052667194444,3.645,1.82056029361111,3.635
1.82080451444444,3.645,1.82083802527778,3.645
1.82108240277778,3.635,1.82111616722222,3.635
1.8213603825,3.635,1.82139435194444,3.645
1.821637945,3.635,1.82167212388889,3.645
1.82191574972222,3.635,1.82194986805556,3.645
1.8221937475,3.645,1.82222740416667,3.645
1.82247159305556,3.645,1.82250512361111,3.635
1.82274962833333,3.635,1.82278350666667,3.635
1.82302728027778,3.635,1.82306141277778,3.635
1.82330491222222,3.635,1.82333919916667,3.645
1.82358246444444,3.645,1.82361664944444,3.645
1.82386035555556,3.635,1.82389502305556,3.635
1.82413821277778,3.645,1.82417274833333,3.645
1.82441615388889,3.635,1.82445052388889,3.645
1.82469408611111,3.645,1.82472793777778,3.645
1.82497196111111,3.645,1.825006215,3.645
1.82524981861111,3.645,1.82528380944444,3.645
1.82552794805556,3.635,1.82556170916667,3.645
1.82580559305556,3.635,1.82583931333333,3.645
1.82608345555556,3.645,1.82611681916667,3.645
1.82636104888889,3.645,1.8263950025,3.645
1.82663857638889,3.645,1.82667273138889,3.645
1.82691664416667,3.635,1.82695061888889,3.645
1.82719473444444,3.635,1.82722846166667,3.645
1.827472475,3.635,1.82750654805556,3.645
1.8277507,3.645,1.82778452027778,3.645
1.82802843333333,3.635,1.82806252166667,3.635
1.82830591,3.645,1.82834020277778,3.635
1.82858432083333,3.645,1.82861806194444,3.635
1.82886201722222,3.645,1.82889570222222,3.645
1.82913990916667,3.645,1.82917347555556,3.645
1.82941762277778,3.645,1.82945161138889,3.645
1.82969500638889,3.645,1.82972937194444,3.645
1.829972805,3.645,1.83000722472222,3.635
1.83025132083333,3.635,1.83028498583333,3.635
1.83052890861111,3.645,1.83056274361111,3.635
1.83080670972222,3.645,1.83084088888889,3.645
1.83108456805556,3.645,1.83111847138889,3.635
1.83136224694444,3.645,1.83139630638889,3.645
1.83163998805556,3.635,1.83167380666667,3.645
1.83191770888889,3.635,1.83195232333333,3.645
1.83219528805556,3.645,1.83223008055556,3.635
1.83247343305556,3.645,1.83250807222222,3.645
1.832750785,3.635,1.83278593333333,3.635
1.83302884722222,3.635,1.83306350527778,3.645
1.83330659111111,3.635,1.83334138333333,3.645
1.83358451416667,3.635,1.833619155,3.635
1.83386243888889,3.645,1.8338971825,3.635
1.83414028083333,3.645,1.83417482333333,3.645
1.83441778138889,3.645,1.83445288694444,3.645
1.8346961925,3.635,1.83473083333333,3.635
1.83497368888889,3.645,1.83500879527778,3.635
1.83525183611111,3.635,1.83528702888889,3.635
1.83552956833333,3.645,1.83556509,3.645
1.83580728833333,3.645,1.83584288861111,3.645
1.83608529527778,3.635,1.83612059333333,3.635
1.83636306472222,3.645,1.83639861666667,3.645
1.83664105194444,3.645,1.836676685,3.645
1.83691890527778,3.645,1.8369546175,3.635
1.8371967575,3.645,1.83723271277778,3.645
1.83747432777778,3.635,1.83751068805556,3.645
1.83775232194444,3.645,1.83778852333333,3.635
1.83803022083333,3.645,1.83806628722222,3.645
1.83830829166667,3.645,1.83834402972222,3.645
1.83858618805556,3.645,1.83862199194444,3.635
1.83886387722222,3.635,1.83889989138889,3.635
1.83914175722222,3.645,1.83917795722222,3.645
1.8394197025,3.635,1.839455505,3.635
1.8396976175,3.645,1.83973372333333,3.635
1.83997562222222,3.645,1.84001144222222,3.645
1.84025337388889,3.645,1.84028892277778,3.645
1.84053129861111,3.645,1.84056690583333,3.635
1.84080926444444,3.635,1.84084495916667,3.635
1.84108720222222,3.645,1.84112315,3.645
1.84136536694444,3.645,1.84140078138889,3.645
1.84164306583333,3.635,1.84167826138889,3.645
1.84192116194444,3.635,1.84195646222222,3.645
1.84219863722222,3.635,1.84223433,3.645
1.84247678416667,3.645,1.84251256472222,3.645
1.84275468611111,3.645,1.84279014805556,3.645
1.84303286,3.645,1.84306818472222,3.645
1.84331077166667,3.645,1.84334542555556,3.635
1.84358835833333,3.635,1.84362353111111,3.635
1.84386646055556,3.635,1.84390123,3.645
1.84414462222222,3.645,1.84417894472222,3.645
1.8444222575,3.645,1.84445658277778,3.645
1.84470005,3.645,1.84473470944444,3.645
1.84497802694444,3.645,1.84501251527778,3.645
1.84525581861111,3.645,1.84529047166667,3.635
1.84553353611111,3.635,1.8455683075,3.645
1.84581113916667,3.645,1.84584616527778,3.635
1.84608912944444,3.645,1.84612392861111,3.645
1.84636735222222,3.645,1.84640169805556,3.645
1.84664497444444,3.645,1.84667938,3.645
1.84692316111111,3.645,1.84695696166667,3.635
1.84720109722222,3.645,1.84723517083333,3.645
1.84747891,3.635,1.84751274555556,3.645
1.84775664694444,3.635,1.84779116138889,3.645
1.84803474638889,3.645,1.84806908916667,3.645
1.84831305027778,3.635,1.84834757138889,3.635
1.84859075222222,3.645,1.84862519,3.645
1.84886855944444,3.645,1.84890287638889,3.645
1.8491463575,3.645,1.84918094222222,3.645
1.84942427277778,3.645,1.84945847444444,3.635
1.8497021175,3.635,1.84973643861111,3.645
1.84997979916667,3.645,1.85001427527778,3.635
1.85025765972222,3.645,1.85029222722222,3.645
1.85053576,3.635,1.85057015194444,3.645
1.85081376694444,3.645,1.85084789333333,3.635
1.85109133472222,3.645,1.85112573222222,3.645
1.85136892444444,3.635,1.85140376333333,3.645
1.85164701166667,3.635,1.85168144555556,3.645
1.85192502555556,3.635,1.85195928833333,3.645
1.8522029075,3.645,1.85223731777778,3.645
1.85248052527778,3.645,1.85251476944444,3.645
1.85275872222222,3.635,1.85279288972222,3.645
1.85303631055556,3.645,1.85307071,3.635
1.853314205,3.645,1.85334847805556,3.635
1.85359170722222,3.645,1.85362624527778,3.645
1.85386972361111,3.635,1.85390452083333,3.635
1.85414746277778,3.645,1.85418237277778,3.635
1.85442559277778,3.635,1.8544601425,3.645
1.85470368388889,3.635,1.85473813694444,3.645
1.85498172694444,3.635,1.85501605305556,3.645
1.85525985472222,3.635,1.85529387777778,3.635
1.8555375075,3.645,1.85557190833333,3.645
1.855815035,3.645,1.85584954833333,3.635
1.85609315194444,3.645,1.85612760555556,3.635
1.85637064833333,3.645,1.85640522694444,3.635
1.85664869944444,3.635,1.85668320833333,3.635
1.85692667833333,3.645,1.85696109361111,3.645
1.85720458805556,3.645,1.85723893944444,3.635
1.85748275472222,3.635,1.857516945,3.645
1.85776028638889,3.635,1.85779491805556,3.645
1.85803812555556,3.635,1.85807286138889,3.645
1.85831581138889,3.645,1.85835095666667,3.645
1.85859398694444,3.645,1.85862893083333,3.645
1.85887153055556,3.635,1.85890690694444,3.645
1.85914962305556,3.645,1.85918471444444,3.645
1.85942730638889,3.645,1.85946209444444,3.645
1.85970516638889,3.645,1.85973997805556,3.635
1.85998274777778,3.645,1.86001784805556,3.645
1.86026089472222,3.635,1.86029597944444,3.645
1.86053843,3.645,1.86057409194444,3.645
1.86081635138889,3.645,1.86085186416667,3.645
1.8610942125,3.645,1.86112982472222,3.635
1.86137180638889,3.645,1.86140755666667,3.645
1.86164973138889,3.645,1.86168522972222,3.635
1.86192799555556,3.645,1.86196343083333,3.645
1.862205405,3.645,1.86224141611111,3.645
1.86248368777778,3.645,1.86251923194444,3.645
1.86276114388889,3.645,1.86279696638889,3.635
1.86303947944444,3.635,1.86307430055556,3.645
1.86331717833333,3.645,1.86335236611111,3.645
1.86359514916667,3.645,1.86363026388889,3.635
1.86387288138889,3.645,1.86390762944444,3.645
1.86415036333333,3.635,1.86418616944444,3.645
1.86442822638889,3.645,1.86446392777778,3.645
1.86470585861111,3.645,1.86474186083333,3.635
1.86498432305556,3.635,1.86501984638889,3.645
1.8652620275,3.645,1.8652975525,3.645
1.865539995,3.645,1.86557551916667,3.645
1.86581778916667,3.645,1.86585305388889,3.645
1.86609589333333,3.645,1.86613105972222,3.645
1.86637366944444,3.635,1.86640868361111,3.635
1.86665159194444,3.645,1.86668706361111,3.645
1.8669296675,3.645,1.86696494888889,3.645
1.86720746027778,3.645,1.86724307,3.645
1.86748552166667,3.645,1.86752105888889,3.645
1.86776368916667,3.645,1.86779873583333,3.645
1.86804139333333,3.635,1.868076235,3.645
1.86831933444444,3.645,1.86835452722222,3.645
1.86859697555556,3.645,1.868631935,3.645
1.86887514416667,3.635,1.86891010611111,3.645
1.86915271361111,3.645,1.86918842583333,3.645
1.86943075333333,3.645,1.86946650138889,3.635
1.86970860388889,3.645,1.86974476777778,3.645
1.86998641305556,3.645,1.87002281555556,3.645
1.87026438083333,3.645,1.87030092138889,3.645
1.87054237416667,3.645,1.87057872333333,3.645
1.87082032972222,3.645,1.87085598833333,3.635
1.87109837083333,3.645,1.87113386361111,3.645
1.87137623416667,3.645,1.87141211416667,3.645
1.87165411583333,3.635,1.87168984638889,3.645
1.87193192138889,3.645,1.87196786861111,3.645
1.87221014638889,3.645,1.8722456125,3.645
1.87248789555556,3.645,1.87252338444444,3.645
1.87276600027778,3.645,1.87280097277778,3.645
1.87304369416667,3.645,1.87307954083333,3.645
1.87332135833333,3.635,1.87335753638889,3.645
1.87359947666667,3.645,1.87363487388889,3.645
1.8738773375,3.635,1.87391296805556,3.645
1.87415520027778,3.645,1.87419097583333,3.645
1.87443291916667,3.645,1.87446878888889,3.645
1.87471099833333,3.645,1.87474638638889,3.645
1.8749888475,3.645,1.87502442611111,3.645
1.87526699027778,3.645,1.87530224138889,3.645
1.87554475194444,3.635,1.87558051027778,3.645
1.8758224825,3.645,1.87585858805556,3.645
1.87610026944444,3.645,1.87613623777778,3.645
1.87637821833333,3.645,1.87641430611111,3.645
1.87665588416667,3.645,1.87669231972222,3.645
1.87693369888889,3.645,1.87696989277778,3.645
1.87721212694444,3.645,1.87724788861111,3.645
1.87748969083333,3.645,1.87752568083333,3.645
1.87776767444444,3.645,1.87780394805556,3.645
1.87804534027778,3.645,1.87808169194444,3.635
1.87832308916667,3.635,1.87835901055556,3.645
1.878600795,3.645,1.87863740722222,3.645
1.87887840722222,3.635,1.878915145,3.635
1.87915646111111,3.645,1.8791929875,3.645
1.87943389666667,3.645,1.87947098638889,3.645
1.87971212722222,3.635,1.87974860777778,3.645
1.87999018083333,3.645,1.88002670805556,3.645
1.88026785833333,3.645,1.8803047925,3.645
1.88054589694444,3.645,1.88058277916667,3.645
1.88082361305556,3.635,1.88086044138889,3.645
1.88110140416667,3.645,1.88113831361111,3.645
1.88137928361111,3.645,1.88141620361111,3.645
1.88165686222222,3.635,1.88169412083333,3.645
1.88193493472222,3.645,1.88197227694444,3.645
1.88221269,3.645,1.88224978527778,3.635
1.88249055916667,3.645,1.8825278525,3.645
1.88276861083333,3.645,1.88280544916667,3.645
1.88304653861111,3.645,1.88308309527778,3.645
1.88332408972222,3.645,1.88336113361111,3.645
1.88360229055556,3.645,1.88363880083333,3.635
1.88388020444444,3.645,1.88391682194444,3.645
1.88415838416667,3.635,1.88419478805556,3.645
1.88443614083333,3.645,1.88447252611111,3.645
1.88471387527778,3.645,1.88475037305556,3.645
1.88499203194444,3.645,1.88502822944444,3.645
1.88526994,3.645,1.88530574388889,3.645
1.88554773694444,3.645,1.8855834375,3.645
1.88582616,3.645,1.885861035,3.635
1.886104125,3.645,1.88613926,3.635
1.88638199027778,3.645,1.88641707888889,3.645
1.88665976972222,3.645,1.88669508777778,3.645
1.88693763055556,3.645,1.88697291638889,3.645
1.88721537444444,3.645,1.88725057194444,3.645
1.88749278388889,3.635,1.88752853805556,3.645
1.88777079944444,3.645,1.88780603805556,3.645
1.88804871416667,3.635,1.88808425194444,3.645
1.88832662555556,3.635,1.88836253638889,3.645
1.88860461472222,3.645,1.88863994305556,3.645
1.888882065,3.635,1.88891818416667,3.645
1.88916017222222,3.645,1.88919547166667,3.645
1.88943802388889,3.645,1.88947367944444,3.645
1.88971588527778,3.645,1.88975133666667,3.645
1.88999352666667,3.645,1.89002922055556,3.645
1.89027156333333,3.635,1.89030680333333,3.645
1.89054959277778,3.645,1.89058465527778,3.645
1.89082723444444,3.645,1.89086281388889,3.645
1.89110499,3.645,1.89114045277778,3.635
1.89138304083333,3.635,1.89141868055556,3.645
1.89166063944444,3.645,1.89169632388889,3.645
1.89193862416667,3.645,1.89197416972222,3.635
1.8922163275,3.645,1.89225232472222,3.635
1.89249416888889,3.645,1.89253000083333,3.645
1.89277186888889,3.635,1.89280776972222,3.645
1.893049685,3.645,1.89308561027778,3.645
1.89332780611111,3.645,1.89336319055556,3.645
1.89360598555556,3.645,1.89364106222222,3.645
1.89388356277778,3.645,1.89391888611111,3.645
1.89416137138889,3.645,1.89419688166667,3.645
1.89443892083333,3.645,1.89447482833333,3.645
1.89471695638889,3.645,1.89475267333333,3.645
1.89499491416667,3.645,1.89503113861111,3.645
1.89527258722222,3.645,1.89530890916667,3.635
1.8955509325,3.645,1.8955869725,3.635
1.89582875611111,3.645,1.89586478138889,3.645
1.89610636833333,3.645,1.89614243416667,3.645
1.89638446305556,3.645,1.89642000166667,3.645
1.89666252944444,3.635,1.8966978175,3.645
1.89694003888889,3.645,1.89697556222222,3.645
1.89721830166667,3.645,1.89725320944444,3.645
1.89749617916667,3.645,1.89753141222222,3.645
1.8977742175,3.645,1.89780977527778,3.635
1.89805213638889,3.645,1.89808706555556,3.645
1.89832964666667,3.645,1.89836519027778,3.645
1.89860778972222,3.645,1.89864280638889,3.645
1.89888542583333,3.645,1.89892088666667,3.635
1.8991633575,3.645,1.89919880083333,3.645
1.89944131194444,3.645,1.89947677833333,3.645
1.89971890361111,3.645,1.89975459055556,3.645
1.89999691972222,3.645,1.90003238611111,3.645
1.90027478833333,3.645,1.9003102025,3.645
1.90055218277778,3.645,1.90058828972222,3.645
1.90083058722222,3.645,1.90086617333333,3.635
1.90110843722222,3.645,1.90114404638889,3.645
1.90138635916667,3.635,1.90142174361111,3.645
1.90166469555556,3.645,1.90169959944444,3.645
1.90194245083333,3.645,1.90197799305556,3.645
1.90222007166667,3.645,1.90225604472222,3.635
1.90249778833333,3.645,1.90253384694444,3.635
1.90277611916667,3.645,1.90281173083333,3.645
1.90305401833333,3.645,1.90308979055556,3.645
1.90333190222222,3.645,1.90336752861111,3.645
1.9036098875,3.645,1.90364528611111,3.645
1.90388780583333,3.645,1.90392300666667,3.645
1.90416573138889,3.645,1.90420052305556,3.645
1.90444374861111,3.645,1.90447822888889,3.645
1.904721545,3.645,1.90475642555556,3.645
1.904999645,3.645,1.90503386111111,3.645
1.90527739472222,3.645,1.90531163111111,3.645
1.90555512583333,3.645,1.90558967638889,3.645
1.90583313,3.645,1.90586766833333,3.645
1.90611058583333,3.645,1.90614561222222,3.645
1.90638828472222,3.645,1.90642303944444,3.635
1.90666616861111,3.645,1.90670115722222,3.645
1.90694431777778,3.645,1.90697897861111,3.645
1.90722164083333,3.645,1.90725653416667,3.645
1.90749986527778,3.645,1.90753455666667,3.645
1.90777763055556,3.645,1.90781254416667,3.645
1.90805538527778,3.645,1.9080901875,3.645
1.90833327722222,3.645,1.90836825777778,3.645
1.90861111833333,3.645,1.90864617638889,3.645
1.90888934166667,3.645,1.90892441972222,3.645
1.90916688694444,3.645,1.90920228,3.645
1.90944496222222,3.645,1.90948000805556,3.645
1.90972266166667,3.645,1.90975754111111,3.635
1.91000024222222,3.645,1.91003538083333,3.645
1.9102780325,3.645,1.91031328805556,3.645
1.91055604833333,3.645,1.91059084583333,3.645
1.91083373944444,3.645,1.9108688075,3.645
1.91111140805556,3.645,1.91114703777778,3.645
1.91138959805556,3.645,1.91142455055556,3.645
1.91166738388889,3.645,1.91170253305556,3.645
1.91194569638889,3.645,1.91198015277778,3.645
1.91222334222222,3.645,1.91225829333333,3.645
1.91250133583333,3.645,1.91253644444444,3.645
1.91277887472222,3.645,1.91281428416667,3.645
1.91305673305556,3.645,1.91309228222222,3.645
1.91333441527778,3.635,1.91336995861111,3.645
1.91361280416667,3.645,1.91364771,3.635
1.91389048638889,3.645,1.91392546305556,3.635
1.91416836194444,3.645,1.91420323333333,3.635
1.91444591277778,3.645,1.91448105333333,3.645
1.91472390333333,3.645,1.91475885944444,3.635
1.91500216305556,3.635,1.91503669583333,3.645
1.91527968,3.645,1.91531426833333,3.645
1.91555763805556,3.645,1.91559223138889,3.645
1.91583546916667,3.645,1.91586983388889,3.645
1.91611324277778,3.645,1.91614783472222,3.645
1.91639091916667,3.645,1.91642550777778,3.645
1.91666874055556,3.645,1.91670365833333,3.645
1.9169469,3.645,1.91698129972222,3.645
1.91722479416667,3.645,1.91725908694444,3.645
1.91750298416667,3.645,1.91753702666667,3.635
1.91778064861111,3.645,1.91781455277778,3.645
1.91805867611111,3.645,1.91809255472222,3.645
1.91833644722222,3.645,1.91836998166667,3.645
1.91861415444444,3.645,1.91864798055556,3.645
1.91889191638889,3.645,1.91892590583333,3.645
1.91916987222222,3.645,1.91920360361111,3.645
1.91944739916667,3.645,1.91948166888889,3.645
1.91972520916667,3.645,1.91975934833333,3.645
1.92000339638889,3.645,1.92003718027778,3.645
1.92028096527778,3.645,1.92031520944444,3.645
1.92055862388889,3.645,1.92059299388889,3.645
1.92083664805556,3.645,1.92087055666667,3.645
1.92111453583333,3.635,1.92114841972222,3.645
1.92139200833333,3.635,1.92142595416667,3.645
1.92166999777778,3.635,1.92170445583333,3.645
1.92194807388889,3.635,1.92198214888889,3.645
1.92222577527778,3.635,1.92226040666667,3.635
1.92250378583333,3.635,1.92253820277778,3.645
,,1.92281621027778,3.645
,,1.92309350611111,3.645
,,1.92337163611111,3.645
,,1.92364981638889,3.645
,,1.92392753444444,3.645
,,1.92420516027778,3.645
,,1.92448360861111,3.645
,,1.924761415,3.645
,,1.92503933555556,3.645
,,1.92531736805556,3.645
,,1.92559542583333,3.645
,,1.92587310972222,3.645
,,1.92615087722222,3.645
,,1.92642846638889,3.645
,,1.92670654472222,3.645
,,1.92698473083333,3.645
,,1.92726225972222,3.645
,,1.92754020166667,3.645
,,1.92781796805556,3.645
,,1.92809590388889,3.645
,,1.92837356194444,3.645
,,1.9286512425,3.645
,,1.92892917583333,3.645
,,1.92920698861111,3.645
,,1.92948446333333,3.645
,,1.92976266611111,3.645
,,1.93004041944444,3.645
,,1.93031843861111,3.645
,,1.930596145,3.645
,,1.93087448611111,3.645
,,1.93115209805556,3.645
,,1.93143020416667,3.645
,,1.93170763472222,3.645
,,1.93198597611111,3.645
,,1.93226381333333,3.645
,,1.93254126277778,3.645
,,1.9328193475,3.645
,,1.93309751416667,3.645
,,1.93337515666667,3.645
,,1.93365338472222,3.645
,,1.933931225,3.645
,,1.93420884055556,3.645
,,1.93448647805556,3.645
,,1.93476445166667,3.635
,,1.93504221666667,3.645
,,1.9353202275,3.635
,,1.935597885,3.645
,,1.93587587722222,3.645
,,1.93615375555556,3.635
,,1.93643197305556,3.645
,,1.9367100375,3.645
,,1.93698745833333,3.645
,,1.93726537361111,3.645
,,1.93754297138889,3.645
,,1.93782093611111,3.645
,,1.93809886111111,3.645
,,1.93837632194444,3.645
,,1.93865444861111,3.645
,,1.93893262138889,3.645
,,1.93921083611111,3.645
,,1.93948907666667,3.645
,,1.93976691777778,3.645
,,1.94004493055556,3.645
,,1.94032283833333,3.645
,,1.94060029638889,3.645
,,1.94087840916667,3.645
,,1.94115672138889,3.645
,,1.94143429638889,3.645
,,1.94171233083333,3.645
,,1.94199007805556,3.635
,,1.94226837,3.645
,,1.94254582388889,3.645
,,1.94282379388889,3.645
,,1.94310154333333,3.645
,,1.94337944555556,3.645
,,1.94365724916667,3.645
,,1.94393511555556,3.645
,,1.94421295,3.645
,,1.94449042194444,3.645
,,1.94476847638889,3.635
,,1.94504627527778,3.645
,,1.94532408388889,3.645
,,1.94560202222222,3.645
,,1.9458800875,3.645
,,1.94615819444444,3.645
,,1.94643588111111,3.645
,,1.94671345694444,3.635
,,1.94699141972222,3.645
,,1.94726946333333,3.645
,,1.94754698388889,3.645
,,1.94782511916667,3.645
,,1.94810318166667,3.645
,,1.94838138166667,3.645
,,1.94865954333333,3.645
,,1.94893709583333,3.645
,,1.94921500833333,3.645
,,1.94949294222222,3.645
,,1.9497710775,3.645
,,1.95004882694444,3.645
,,1.95032656444444,3.645
,,1.95060452722222,3.645
,,1.95088237611111,3.645
,,1.95116029277778,3.645
,,1.951438035,3.645
,,1.95171643222222,3.645
,,1.9519940525,3.645
,,1.95227196027778,3.645
,,1.95254971333333,3.635
,,1.95282762055556,3.645
,,1.95310547111111,3.645
,,1.95338308944444,3.645
,,1.95366084277778,3.645
,,1.95393893444444,3.635
,,1.95421644,3.645
,,1.9544943,3.645
,,1.95477238583333,3.645
,,1.95505032694444,3.645
,,1.9553283075,3.645
,,1.95560616694444,3.645
,,1.95588424416667,3.645
,,1.9561620625,3.645
,,1.956439755,3.645
,,1.95671782805556,3.645
,,1.9569952775,3.645
,,1.95727340694444,3.645
,,1.95755138444444,3.645
,,1.95782905388889,3.645
,,1.95810664805556,3.635
,,1.95838493972222,3.645
,,1.95866276916667,3.645
,,1.95894016138889,3.645
,,1.95921842416667,3.645
,,1.95949606138889,3.645
,,1.95977397555556,3.645
,,1.96005184222222,3.645
,,1.96032962361111,3.645
,,1.96060741611111,3.645
,,1.96088496083333,3.645
,,1.96116334277778,3.645
,,1.96144113027778,3.645
,,1.96171910888889,3.645
,,1.96199714611111,3.645
,,1.96227531694444,3.645
,,1.96255297222222,3.645
,,1.96283080805556,3.645
,,1.96310870277778,3.645
,,1.96338603805556,3.645
,,1.96366403722222,3.645
,,1.96394217055556,3.645
,,1.96421958055556,3.645
,,1.9644975,3.645
,,1.96477541388889,3.635
,,1.96505329833333,3.645
,,1.96533122888889,3.645
,,1.96560919722222,3.645
,,1.96588697277778,3.645
,,1.96616489194444,3.645
,,1.96644254944444,3.645
,,1.96672082027778,3.645
,,1.96699827944444,3.645
,,1.96727607,3.645
,,1.96755380194444,3.645
,,1.96783173333333,3.645
,,1.96810966111111,3.635
,,1.96838753166667,3.645
,,1.96866537555556,3.645
,,1.96894341416667,3.645
,,1.96922102,3.645
,,1.96949913833333,3.635
,,1.96977686583333,3.645
,,1.97005504277778,3.645
,,1.97033315,3.645
,,1.97061040361111,3.645
,,1.97088820666667,3.645
,,1.97116603555556,3.645
,,1.97144419472222,3.645
,,1.97172220777778,3.645
,,1.97199984805556,3.645
,,1.97227787166667,3.645
,,1.97255588888889,3.645
,,1.97283362055556,3.645
,,1.97311149972222,3.645
,,1.97338920444444,3.645
,,1.97366711944444,3.645
,,1.97394513444444,3.645
,,1.97422275472222,3.645
,,1.97450065555556,3.645
,,1.97477846861111,3.645
,,1.97505642,3.645
,,1.97533428444444,3.645
,,1.97561195111111,3.645
,,1.97588977472222,3.645
,,1.97616772055556,3.635
,,1.97644583277778,3.635
,,1.97672373138889,3.645
,,1.97700128388889,3.645
,,1.97727882666667,3.645
,,1.97755692111111,3.645
,,1.97783504444444,3.645
,,1.97811290722222,3.645
,,1.97839079027778,3.645
,,1.97866862277778,3.645
,,1.9789463225,3.645
,,1.97922403388889,3.645
,,1.97950179611111,3.645
,,1.97978025416667,3.645
,,1.9800582425,3.645
,,1.98033609861111,3.645
,,1.98061347194444,3.635
,,1.98089159833333,3.645
,,1.9811694425,3.645
,,1.98144690055556,3.645
,,1.98172457055556,3.645
,,1.98200301194444,3.645
,,1.98228101055556,3.645
,,1.98255891833333,3.645
,,1.98283660333333,3.645
,,1.98311444777778,3.645
,,1.98339238805556,3.645
,,1.98367002,3.645
,,1.9839480975,3.635
,,1.98422619472222,3.645
,,1.98450377722222,3.645
,,1.98478160138889,3.635
,,1.98505939194444,3.645
,,1.98533727888889,3.645
,,1.98561457333333,3.645
,,1.98589296916667,3.645
,,1.98617034027778,3.645
,,1.98644818083333,3.645
,,1.98672608972222,3.645
,,1.98700386,3.645
,,1.98728166555556,3.645
,,1.98755949722222,3.645
,,1.98783769194444,3.645
,,1.98811512722222,3.645
,,1.98839368583333,3.645
,,1.98867135138889,3.645
,,1.98894903166667,3.645
,,1.98922676138889,3.645
,,1.989504665,3.645
,,1.98978258805556,3.645
,,1.99006050277778,3.645
,,1.99033815722222,3.645
,,1.99061592694444,3.645
,,1.99089421416667,3.645
,,1.99117155638889,3.645
,,1.99144974055556,3.645
,,1.99172736222222,3.645
,,1.99200540916667,3.645
,,1.99228340805556,3.645
,,1.99256116611111,3.645
,,1.992838745,3.645
,,1.99311662111111,3.645
,,1.99339437722222,3.645
,,1.99367267361111,3.645
,,1.99395072083333,3.645
,,1.99422844083333,3.645
,,1.99450625055556,3.645
,,1.99478422444444,3.645
,,1.99506209555556,3.645
,,1.99533981138889,3.645
,,1.99561737277778,3.645
,,1.99589559194444,3.645
,,1.99617306416667,3.645
,,1.99645114388889,3.645
,,1.9967291275,3.645
,,1.99700656888889,3.645
,,1.99728471027778,3.645
,,1.9975626575,3.645
,,1.99784078833333,3.645
,,1.99811864222222,3.645
,,1.99839597944444,3.635
,,1.99867401694444,3.645
,,1.99895218888889,3.645
,,1.99922986694444,3.645
,,1.99950798722222,3.645
,,1.99978588722222,3.645
,,2.00006375611111,3.645
,,2.00034129944444,3.645
,,2.0006189525,3.645
,,2.00089685444444,3.645
,,2.00117459916667,3.645
,,2.00145232277778,3.645
,,2.00173045138889,3.645
,,2.00200839916667,3.645
,,2.00228613555556,3.645
,,2.00256370166667,3.645
,,2.00284164083333,3.645
,,2.00311931166667,3.645
,,2.00339704472222,3.645
,,2.00367462027778,3.645
,,2.00395251388889,3.645
,,2.00423049111111,3.645
,,2.00450820972222,3.645
,,2.00478623027778,3.645
,,2.00506383222222,3.645
,,2.00534148583333,3.645
,,2.00561938694444,3.645
,,2.00589733194444,3.635
,,2.00617506277778,3.645
,,2.00645311722222,3.645
,,2.00673113083333,3.645
,,2.00700857805556,3.645
,,2.00728669833333,3.645
,,2.00756439277778,3.635
,,2.00784219416667,3.645
,,2.0081202625,3.645
,,2.008398005,3.645
,,2.00867573694444,3.645
,,2.00895368083333,3.645
,,2.00923111194444,3.645
,,2.00950893833333,3.645
,,2.00978693194444,3.645
,,2.01006510111111,3.645
,,2.010343025,3.645
,,2.01062114833333,3.645
,,2.01089852361111,3.645
,,2.01117694555556,3.645
,,2.01145436055556,3.645
,,2.01173255888889,3.645
,,2.01201068638889,3.645
,,2.0122889225,3.645
,,2.01256651805556,3.645
,,2.01284463305556,3.645
,,2.01312243388889,3.635
,,2.0134004025,3.645
,,2.01367843916667,3.645
,,2.01395600166667,3.645
,,2.01423368694444,3.645
,,2.014511275,3.645
,,2.01478939083333,3.645
,,2.01506710138889,3.645
,,2.01534546388889,3.645
,,2.01562344166667,3.645
,,2.01590140166667,3.645
,,2.01617932611111,3.645
,,2.01645726444444,3.645
,,2.01673485111111,3.645
,,2.01701270833333,3.645
,,2.01729084138889,3.645
,,2.0175686875,3.645
,,2.01784623861111,3.645
,,2.01812391138889,3.645
,,2.01840177805556,3.645
,,2.01867955805556,3.645
,,2.01895721416667,3.645
,,2.01923494611111,3.635
,,2.019513405,3.645
,,2.01979090805556,3.645
,,2.02006893361111,3.645
,,2.02034687833333,3.645
,,2.02062503055556,3.645
,,2.02090272083333,3.635
,,2.02118067,3.645
,,2.021458545,3.645
,,2.02173645722222,3.645
,,2.02201459388889,3.645
,,2.02229200833333,3.645
,,2.02257006472222,3.645
,,2.02284807083333,3.645
,,2.023125935,3.645
,,2.02340418611111,3.645
,,2.0236816025,3.645
,,2.02395948361111,3.645
,,2.02423706555556,3.645
,,2.024515205,3.645
,,2.02479320805556,3.645
,,2.02507096138889,3.645
,,2.02534896638889,3.645
,,2.02562729555556,3.645
,,2.02590514527778,3.645
,,2.02618332694444,3.645
,,2.02646106972222,3.645
,,2.02673866055556,3.645
,,2.02701652944444,3.645
,,2.02729426222222,3.645
,,2.02757218944444,3.645
,,2.02784995666667,3.645
,,2.02812816333333,3.645
,,2.02840632222222,3.645
,,2.02868394694444,3.645
,,2.02896198805556,3.645
,,2.02923955833333,3.645
,,2.02951741305556,3.645
,,2.02979571416667,3.645
,,2.03007292972222,3.645
,,2.0303510825,3.645
,,2.03062873638889,3.645
,,2.03090703388889,3.645
,,2.03118441916667,3.645
,,2.03146244611111,3.645
,,2.03174056,3.645
,,2.03201842361111,3.645
,,2.0322962825,3.645
,,2.0325742425,3.645
,,2.03285197361111,3.645
,,2.03312975416667,3.645
,,2.03340735222222,3.645
,,2.03368592666667,3.645
,,2.03396365333333,3.645
,,2.034241245,3.645
,,2.03451970972222,3.645
,,2.03479754333333,3.645
,,2.03507562611111,3.645
,,2.03535325277778,3.645
,,2.03563146194444,3.645
,,2.03590947555556,3.645
,,2.03618687944444,3.645
,,2.03646495333333,3.645
,,2.03674320638889,3.635
,,2.03702098944444,3.645
,,2.03729895166667,3.635
,,2.03757627722222,3.645
,,2.0378546825,3.645
,,2.03813259444444,3.645
,,2.03841044916667,3.645
,,2.03868825861111,3.645
,,2.03896596222222,3.645
,,2.03924406166667,3.645
,,2.03952192972222,3.645
,,2.03979996055556,3.635
,,2.04007776,3.645
,,2.04035586944444,3.635
,,2.04063397388889,3.645
,,2.04091131472222,3.645
,,2.04118925833333,3.645
,,2.04146685388889,3.645
,,2.04174493222222,3.645
,,2.04202251805556,3.645
,,2.04230020833333,3.645
,,2.04257848777778,3.645
,,2.04285638388889,3.645
,,2.04313381388889,3.645
,,2.04341164416667,3.645
,,2.04368984472222,3.645
,,2.04396765861111,3.645
,,2.04424584388889,3.645
,,2.04452367777778,3.645
,,2.04480177361111,3.645
,,2.04507963027778,3.645
,,2.04535743444444,3.645
,,2.04563529833333,3.645
,,2.04591297222222,3.645
,,2.04619065,3.645
,,2.04646891805556,3.645
,,2.04674657305556,3.645
,,2.04702458111111,3.645
,,2.04730233305556,3.645
,,2.04758029833333,3.645
,,2.04785784305556,3.645
,,2.04813595027778,3.645
,,2.04841394833333,3.645
,,2.04869179944444,3.645
,,2.04896965305556,3.645
,,2.04924725916667,3.645
,,2.04952531222222,3.645
,,2.04980327055556,3.645
,,2.05008111833333,3.645
,,2.05035897638889,3.645
,,2.05063651305556,3.645
,,2.05091440055556,3.645
,,2.05119229305556,3.645
,,2.05147002111111,3.645
,,2.05174747305556,3.645
,,2.052025415,3.645
,,2.052303285,3.645
,,2.05258114888889,3.645
,,2.05285904611111,3.645
,,2.05313647861111,3.645
,,2.05341438916667,3.645
,,2.05369184722222,3.645
,,2.05396996277778,3.645
,,2.05424819861111,3.645
,,2.05452627027778,3.645
,,2.05480409638889,3.645
,,2.05508189166667,3.645
,,2.05536007277778,3.645
,,2.05563801666667,3.645
,,2.05591563944444,3.645
,,2.05619318277778,3.645
,,2.05647123944444,3.645
,,2.05674951583333,3.645
,,2.057027275,3.645
,,2.0573048725,3.645
,,2.05758291,3.645
,,2.05786075055556,3.645
,,2.05813896833333,3.645
,,2.05841662777778,3.645
,,2.05869450166667,3.645
,,2.05897230361111,3.645
,,2.05925016888889,3.645
,,2.05952811916667,3.645
,,2.05980618333333,3.645
,,2.06008361305556,3.645
,,2.06036159888889,3.645
,,2.06063941972222,3.645
,,2.06091738361111,3.645
,,2.06119530777778,3.645
,,2.06147338833333,3.645
,,2.06175119638889,3.635
,,2.06202889138889,3.645
,,2.06230673083333,3.645
,,2.062584215,3.645
,,2.06286211805556,3.645
,,2.06314001416667,3.645
,,2.06341778083333,3.645
,,2.06369565194444,3.645
,,2.06397346166667,3.645
,,2.06425146805556,3.645
,,2.06452877472222,3.645
,,2.06480712944444,3.645
,,2.06508526805556,3.645
,,2.06536267611111,3.645
,,2.06564092722222,3.645
,,2.06591876805556,3.635
,,2.06619675583333,3.645
,,2.0664744575,3.635
,,2.06675229333333,3.645
,,2.06703018833333,3.635
,,2.06730801222222,3.645
,,2.06758575805556,3.645
,,2.06786385722222,3.645
,,2.06814177416667,3.645
,,2.06841965,3.645
,,2.06869742305556,3.645
,,2.06897552111111,3.645
,,2.06925345944444,3.645
,,2.06953120277778,3.645
,,2.06980907416667,3.645
,,2.07008674583333,3.645
,,2.07036441944444,3.645
,,2.07064236027778,3.635
,,2.07092017305556,3.645
,,2.07119788805556,3.645
,,2.07147613055556,3.645
,,2.07175390083333,3.645
,,2.07203147222222,3.645
,,2.07230981472222,3.645
,,2.07258744083333,3.645
,,2.0728652125,3.645
,,2.07314308222222,3.645
,,2.07342067083333,3.645
,,2.07369848722222,3.645
,,2.07397630694444,3.645
,,2.07425392444444,3.645
,,2.07453153027778,3.645
,,2.07480983527778,3.645
,,2.07508764666667,3.645
,,2.07536528027778,3.645
,,2.07564299555556,3.645
,,2.07592122388889,3.645
,,2.07619911472222,3.645
,,2.07647701777778,3.645
,,2.076754965,3.645
,,2.07703256944444,3.645
,,2.07731047027778,3.645
,,2.07758860277778,3.645
